id,uuid,observed_on_string,observed_on,time_observed_at,time_zone,user_id,user_login,user_name,created_at,updated_at,quality_grade,license,url,image_url,sound_url,tag_list,description,num_identification_agreements,num_identification_disagreements,captive_cultivated,oauth_application_id,place_guess,latitude,longitude,positional_accuracy,private_place_guess,private_latitude,private_longitude,public_positional_accuracy,geoprivacy,taxon_geoprivacy,coordinates_obscured,positioning_method,positioning_device,species_guess,scientific_name,common_name,iconic_taxon_name,taxon_id
176396,e90726fb-7322-4700-8ca8-f1c31f870822,2012-12-25,2012-12-25,,Beijing,10612,zieak,Ryan McFarland,2013-01-09 15:06:40 +0100,2021-01-03 01:29:18 +0100,research,CC-BY-NC,http://www.inaturalist.org/observations/176396,https://inaturalist-open-data.s3.amazonaws.com/photos/231997/medium.JPG,,"","",8,1,false,,Sri Lanka,8.0231952348,80.8545684814,,,,,,,open,false,,,Tricolored Munia,Lonchura malacca,Capuchino Tricolor de la India,Aves,979790
283508,9904cd54-4c88-40d2-a2f5-054e89726680,2013-05-30,2013-05-30,,Eastern Time (US & Canada),4358,ronsavage,Ron Savage,2013-05-31 14:15:17 +0200,2025-03-13 21:28:15 +0100,research,CC-BY-NC-SA,http://www.inaturalist.org/observations/283508,https://inaturalist-open-data.s3.amazonaws.com/photos/350800/medium.jpg,,"Bird, Haiti","Four individuals of this species were observed in a heavy brush on a vacant lot in Gonaives early in the morning. This is the first time I've observed this bird in Haiti.

Location exact.",8,3,false,,Gonaives Haiti,19.457316,-72.671744,4877,,,,4877,,open,false,,,Tricolored Munia,Lonchura malacca,Capuchino Tricolor de la India,Aves,979790
831423,b2b81cac-d21c-4532-bcf2-838d860ff0d0,2013-10-29,2013-10-29,,Central America,17327,yamaneko,Rafael Paredes Montesinos,2014-08-15 01:21:32 +0200,2022-09-01 08:06:01 +0200,research,CC-BY-NC,http://conabio.inaturalist.org/observations/831423,https://inaturalist-open-data.s3.amazonaws.com/photos/1051067/medium.jpg,,"","Registro de una parvada de esta especie por un grupo de monitoreo comunitario del Ejido San Fernando en el municipio de Huixtla, Chiapas. Se trata de una especie exótica que su primer registro en México fue reportado en 1993 en Yucatan, en 2004 en Quintana Roo y el ultimo reportado para Chiapas fue en 2010 en Octubre en el Ejido Tzinacal del mismo municipio de Huixtla.",2,0,false,,"Ejido San Fernando, Huixtla, Chiapas",15.041767,-92.52839,64,,,,64,,open,false,,,Tricolored Munia,Lonchura malacca,Capuchino Tricolor de la India,Aves,979790
855019,09c590b2-26ea-4888-98cd-690928a94774,2014-08-31 10:46:46,2014-08-31,2014-08-31 07:16:46 +0200,New Delhi,34585,subhajit_roy,Subhajit Roy,2014-08-31 08:34:15 +0200,2020-01-18 10:12:31 +0100,research,CC-BY,http://www.inaturalist.org/observations/855019,https://inaturalist-open-data.s3.amazonaws.com/photos/1083630/medium.JPG,,"","",2,2,false,,Andal,23.588959,87.222892,,,,,,,open,false,,,Tricolored Munia,Lonchura malacca,Capuchino Tricolor de la India,Aves,979790
1713803,696d5745-d8ed-4607-b838-2cd6af6dad7d,2015-06-29 09:10:42,2015-06-29,2015-06-29 05:40:42 +0200,New Delhi,34585,subhajit_roy,Subhajit Roy,2015-07-01 21:10:17 +0200,2020-02-12 06:41:47 +0100,research,CC-BY,http://www.inaturalist.org/observations/1713803,https://inaturalist-open-data.s3.amazonaws.com/photos/2075246/medium.JPG,,"","",3,2,false,,Durgapur Barrage,23.472723,87.301785,,,,,,,open,false,,,Tricolored Munia,Lonchura malacca,Capuchino Tricolor de la India,Aves,979790
1752398,40343c44-0164-4e23-bcf4-f1c28bb71fb3,2015-07-12,2015-07-12,,Mexico City,100132,angel_castillo_birdingtours,"",2015-07-13 19:13:53 +0200,2022-04-19 00:10:56 +0200,research,CC-BY-NC,http://conabio.inaturalist.org/observations/1752398,https://inaturalist-open-data.s3.amazonaws.com/photos/2127047/medium.JPG,,"",Eran 10 Individuos Alimentándose en un área abierta de pastizales.,2,0,false,,xcan Yucatán,20.859774,-87.667723,496,,,,496,,open,false,,,Capuchino Tricolor,Lonchura malacca,Capuchino Tricolor de la India,Aves,979790
2399730,c9cdb12b-d6c5-4113-8ead-64641a0a122b,2015-11-19 10:11:49,2015-11-19,2015-11-19 05:41:49 +0100,New Delhi,34585,subhajit_roy,Subhajit Roy,2015-11-19 17:43:00 +0100,2020-02-08 06:24:24 +0100,research,CC-BY,http://www.inaturalist.org/observations/2399730,https://inaturalist-open-data.s3.amazonaws.com/photos/2674781/medium.JPG,,"","",3,2,false,,Andal,23.594307,87.227141,,,,,,,open,false,,,Tricolored Munia,Lonchura malacca,Capuchino Tricolor de la India,Aves,979790
2788623,7bcc28ca-a22c-41a3-baf1-ca6beed47fff,2016-02-01 08:48:15,2016-02-01,2016-02-01 15:48:15 +0100,Mexico City,71019,reddemonitoreocomunitariomayanjays,"",2016-03-16 04:51:15 +0100,2022-07-30 00:20:43 +0200,research,CC-BY-NC,http://conabio.inaturalist.org/observations/2788623,https://inaturalist-open-data.s3.amazonaws.com/photos/3163754/medium.JPG,,"",Breve descripción de lo que observaste,2,0,false,,Malecon Tajamar cancun,21.143119,-86.816742,,,,,,,open,false,,,Tricolored Munia,Lonchura malacca,Capuchino Tricolor de la India,Aves,979790
3103347,587f71a4-ef38-4399-8611-48b86dc9a0f5,2016-05-05,2016-05-05,,Mexico City,45519,linderman,"",2016-05-05 17:55:50 +0200,2022-04-19 00:10:42 +0200,research,CC-BY-NC,http://conabio.inaturalist.org/observations/3103347,https://inaturalist-open-data.s3.amazonaws.com/photos/3585391/medium.JPG,,AVE,AVE COMIENDO SEMILLAS DE PLANTAS ANUALES,2,0,false,,"Tenosique, MX-TB, MX",17.461808,-91.499709,,,,,,,open,false,,,Tricolored Munia,Lonchura malacca,Capuchino Tricolor de la India,Aves,979790
3107116,8ec3f30d-708e-4e21-9756-7bc98f7a42dc,2016-05-05,2016-05-05,,Mexico City,65358,apff_usumacinta,"",2016-05-06 01:27:22 +0200,2024-09-20 19:11:18 +0200,research,CC-BY-NC,http://conabio.inaturalist.org/observations/3107116,https://inaturalist-open-data.s3.amazonaws.com/photos/3590411/medium.jpg,,"","Se registró avistamiento de esta ave introducida y originaria de Asia en el APFF Cañón del Usumacinta, Tenosique,Tabasco, por Linder Andrez Alejo Fósil. ",3,0,false,,APFF Cañon del Usumacinta,17.462064,-91.49994,31,,,,31,,open,false,,,Tricolored Munia,Lonchura malacca,Capuchino Tricolor de la India,Aves,979790
3594701,4eace3cf-ecbd-406b-b8cf-a6d7cdd6cdad,2016-04-15,2016-04-15,,Chennai,267380,rajkumar,Rajkumar,2016-07-02 18:57:14 +0200,2023-06-13 02:32:01 +0200,research,CC-BY-NC,http://www.inaturalist.org/observations/3594701,https://static.inaturalist.org/photos/4161548/medium.jpg,,"",Tricolored Munia (Chestnut Mannikin)    ,7,0,false,,Thattekkad,10.10398,76.70046,1174,,,,1174,,open,false,,"",Lonchura malacca,Lonchura malacca,Capuchino Tricolor de la India,Aves,979790
4118458,192c1cea-2561-4d94-b0e7-9b6e4e758322,2016/09/10 9:47 AM CDT,2016-09-10,2016-09-10 16:47:00 +0200,Central Time (US & Canada),15674,rolas101,Rolando Chavez,2016-09-16 00:22:49 +0200,2024-09-20 19:11:38 +0200,research,,http://www.inaturalist.org/observations/4118458,https://static.inaturalist.org/photos/4897437/medium.jpg,,"","",3,0,false,,"Balancán Municipality, Tabasco, Mexico",17.8801665542,-91.6787195206,122,,,,122,,open,false,,,Tricolored Munia,Lonchura malacca,Capuchino Tricolor de la India,Aves,979790
4240097,e4840612-ea5d-41fc-86dd-bbaac7566953,2016/09/07 5:09 PM CDT,2016-09-07,2016-09-08 00:09:00 +0200,Central Time (US & Canada),55867,jaguri_uriel_martinez_lizcano,JAGURIURIELMARTINEZLIZCANO,2016-10-01 00:11:09 +0200,2022-04-19 00:10:05 +0200,research,CC-BY-NC,http://conabio.inaturalist.org/observations/4240097,https://inaturalist-open-data.s3.amazonaws.com/photos/5067352/medium.jpg,,"",,2,0,false,,Nuevo Pochote,17.8781039927,-91.6796422005,15,,,,15,,open,false,,,Tricolored Munia,Lonchura malacca,Capuchino Tricolor de la India,Aves,979790
4284945,238e8735-f8c2-4cdc-b29d-021ac93b08a3,2016/10/06 4:07 PM IST,2016-10-06,2016-10-06 12:37:00 +0200,Kolkata,34585,subhajit_roy,Subhajit Roy,2016-10-06 19:20:20 +0200,2020-02-08 06:25:13 +0100,research,CC-BY,http://www.inaturalist.org/observations/4284945,https://inaturalist-open-data.s3.amazonaws.com/photos/5136059/medium.jpeg,,"",          ,3,2,false,,Andal,23.557098,87.212077,,,,,,,open,false,,,Tricolored Munia,Lonchura malacca,Capuchino Tricolor de la India,Aves,979790
6140248,f202610e-2ead-476e-85cf-1d9590254f44,2016/06/20 8:51 AM IST,2016-06-20,2016-06-20 07:51:00 +0200,Jerusalem,346436,rajibmaulick,Rajib Maulick,2017-05-08 17:54:37 +0200,2020-08-25 08:57:56 +0200,research,,https://www.inaturalist.org/observations/6140248,https://static.inaturalist.org/photos/7693329/medium.jpg,,"Lonchura malacca, Tricolored Munia, Estrildidae, Passeriformes","Tricoloured munia/Lonchura malacca (Linnaeus, 1766)//Aves/Order:Passeriformes/Family:Estrildidae/Durgapur(Deul)/(20/06/16)",6,2,false,,"Deul Road, Gourangapur, West Bengal 713152, India",23.6077884,87.4486308,203,,,,203,,open,false,,,Tricolored Munia,Lonchura malacca,Capuchino Tricolor de la India,Aves,979790
6782107,ee10464e-fa8c-44ae-9a58-646bc4122e55,2016/07/21 8:13 AM CDT,2016-07-21,2016-07-21 15:13:00 +0200,Central Time (US & Canada),77824,adorantes,Alfredo Dorantes Euan,2017-06-24 23:58:02 +0200,2022-04-19 00:10:41 +0200,research,,http://conabio.inaturalist.org/observations/6782107,https://static.inaturalist.org/photos/8622100/medium.jpeg,,Aves Campeche,,1,0,false,,"Isla Arena, Campeche",20.7024598233,-90.453427273,7,,,,7,,open,false,,,Tricolored Munia,Lonchura malacca,Capuchino Tricolor de la India,Aves,979790
6985900,bd4be01b-d762-433f-9ccc-505ff7512bf8,2013/11/23 9:28 AM SAST,2013-11-23,2013-11-23 08:28:00 +0100,Africa/Johannesburg,140956,markuslilje,markus lilje,2017-07-09 23:38:40 +0200,2020-02-11 12:18:19 +0100,research,CC-BY-NC-ND,https://www.inaturalist.org/observations/6985900,https://inaturalist-open-data.s3.amazonaws.com/photos/8942408/medium.jpeg,,"",,4,0,false,,"Nuwara Eliya, Sri Lanka",6.8307340498,80.8087771677,5708,,,,5708,,open,false,,,Tricolored Munia,Lonchura malacca,Capuchino Tricolor de la India,Aves,979790
7717546,5244a357-a2ea-40e6-9e4e-65334feb3aee,2017-06-03 6:31:00 PM IST,2017-06-03,2017-06-03 17:31:00 +0200,Jerusalem,579708,ravinaidu,Ravi Naidu,2017-08-30 22:51:29 +0200,2022-06-20 09:32:03 +0200,research,CC-BY-NC,https://www.inaturalist.org/observations/7717546,https://inaturalist-open-data.s3.amazonaws.com/photos/10122165/medium.jpg,,"",,3,0,false,2,"Milkulwada, Chhattisgarh 494001 India",18.8965656726,82.0486614481,352222,,,,352222,,open,false,gps,gps,Tricolored Munia,Lonchura malacca,Capuchino Tricolor de la India,Aves,979790
7989934,e3b668b4-fa00-4d0a-b4f7-ba6cb72f9a7a,2017/06/04 8:20 AM HST,2017-06-04,2017-06-04 20:20:00 +0200,Hawaii,634656,melvin029,Melvin Bonilla,2017-09-19 05:38:10 +0200,2022-04-19 00:10:39 +0200,research,CC-BY,https://www.inaturalist.org/observations/7989934,https://inaturalist-open-data.s3.amazonaws.com/photos/10568100/medium.jpeg,,"",Una especie introducida a El Salvador y esta ah tenido éxito reproductivo ya tiene registros en diferentes partes de El Salvador,3,0,false,,"Desembocadura de río Jiboa, La Paz, El Salvador",13.3538799571,-89.0258216858,244,,,,244,,open,false,,,Tricolored Munia,Lonchura malacca,Capuchino Tricolor de la India,Aves,979790
8102490,07862ce4-4b92-49b8-92bb-994a3141f757,2017-09-26 8:10:52 a. m. GMT-05:00,2017-09-26,2017-09-26 05:10:52 +0200,Ekaterinburg,430995,aqpeter,Peter Bonilla,2017-09-26 15:21:18 +0200,2022-04-19 00:10:39 +0200,research,,https://www.inaturalist.org/observations/8102490,https://static.inaturalist.org/photos/10747817/medium.jpeg,,"","
El capuchino tricolor ave de la familia Estrildidae del orden Passeriformes originaria de la India y Sri Lanka. La especie ha sido introducida en Australia, Cuba, Haití, Jamaica, Japón, Portugal, Puerto Rico, República Dominicana y Venezuela.Wikipedia

Apareció en el patio de mi casa en Cali, está muy pequeña y se le dificultaba volar, la lleve a suelo abierto y la libere.",2,0,false,2,"Cra. 42 #51-99, Cali, Valle del Cauca, Colombia",3.4034802914,-76.5042648315,,,,,,,open,false,gps,gps,Lonchura malacca,Lonchura malacca,Capuchino Tricolor de la India,Aves,979790
8176814,451a15e2-70c2-44bc-a523-1f66f05b5bd3,2017-09-04 09:39:28,2017-09-04,2017-09-04 16:39:28 +0200,Mexico City,55867,jaguri_uriel_martinez_lizcano,JAGURIURIELMARTINEZLIZCANO,2017-09-30 01:54:37 +0200,2022-04-19 00:10:38 +0200,research,CC-BY-NC,https://www.inaturalist.org/observations/8176814,https://static.inaturalist.org/photos/10829450/medium.jpg,,Tricoloured munia,"",2,0,false,,"Ejido Nuevo Pochote, Tabasco, Mexico",17.844303,-91.692924,,,,,,,open,false,,"",Tricolored Munia,Lonchura malacca,Capuchino Tricolor de la India,Aves,979790
8451772,c002bab4-4b10-4382-9b1e-7d8c2026baee,2014/11/28 8:18 AM -05,2014-11-28,,Bogota,60801,davidangel-v,David Ángel-Vasco,2017-10-18 15:45:12 +0200,2025-02-19 21:29:21 +0100,research,CC-BY-NC,https://www.inaturalist.org/observations/8451772,https://inaturalist-open-data.s3.amazonaws.com/photos/11251572/medium.jpeg,,"",,1,0,false,,"Barbosa, Antioquia, Colombia",6.4095679437,-75.4159551859,8,,,,8,,open,false,,,Capuchino Tricolor de la India,Lonchura malacca,Capuchino Tricolor de la India,Aves,979790
9196247,983ab644-ea11-450f-b213-8578902b80f2,2017-11-25 12:01:23 PM GMT-05:00,2017-11-25,2017-11-25 08:01:23 +0100,Ekaterinburg,737071,begiocrea,Begiocrea,2017-12-19 00:42:12 +0100,2022-04-19 00:10:14 +0200,research,CC-BY-NC,https://www.inaturalist.org/observations/9196247,https://inaturalist-open-data.s3.amazonaws.com/photos/12448952/medium.jpeg,,"","Captada en vía Alvarado, Tolima",2,0,false,2,"Cra. 5, Ibagué, Tolima, Colombia",4.4445781979,-75.1403930783,344,,,,344,,open,false,gps,gps,Lonchura malacca,Lonchura malacca,Capuchino Tricolor de la India,Aves,979790
9501348,5e9f4a8e-1156-4ea3-865a-6d881592a15a,2017/10/14 10:10 AM ADT,2017-10-14,2017-10-14 15:10:00 +0200,Atlantic Time (Canada),743851,pedrogenarorodriguez,Pedro Genaro Rodriguez,2018-01-17 00:40:40 +0100,2024-03-30 15:34:06 +0100,research,CC-BY-NC,https://www.inaturalist.org/observations/9501348,https://inaturalist-open-data.s3.amazonaws.com/photos/12943828/medium.jpg,,"",,5,2,false,,"Monte Plata Province, 92000, Dominican Republic",18.6113529241,-69.7609519958,122,,,,122,,open,false,,,Tricolored Munia,Lonchura malacca,Capuchino Tricolor de la India,Aves,979790
9714983,d8e045e1-b840-4204-aa69-214c423fb830,2017/12/24 7:50 AM IST,2017-12-24,2017-12-24 06:50:00 +0100,Jerusalem,679749,swanand,swanand kesari,2018-02-03 12:39:07 +0100,2020-01-16 06:39:23 +0100,research,CC-BY-NC,https://www.inaturalist.org/observations/9714983,https://inaturalist-open-data.s3.amazonaws.com/photos/13286838/medium.jpg,,"",,3,0,false,,"Kranti Flemingo point,Kumbhargaon Bird Sanctuary, Maharashtra, India",18.2640304846,74.8057365417,1078,,,,1078,,open,false,,,Lonchura malacca,Lonchura malacca,Capuchino Tricolor de la India,Aves,979790
9951509,91d43017-d864-4e55-8f1c-20af7048b2a1,2017/11/29 3:35 AM PST,2017-11-29,2017-11-29 12:35:00 +0100,Pacific Time (US & Canada),749752,vivienneo,,2018-02-22 01:38:38 +0100,2020-02-11 12:18:03 +0100,research,CC-BY-NC,https://www.inaturalist.org/observations/9951509,https://inaturalist-open-data.s3.amazonaws.com/photos/13662649/medium.jpg,,"",Yala,4,0,false,,Sri Lanka,7.873054,80.771797,283665,,,,283665,,open,false,,,Tricolored Munia,Lonchura malacca,Capuchino Tricolor de la India,Aves,979790
10070299,008b8f29-5a3f-472c-82a8-32d0b23d41d2,2018-03-03,2018-03-03,,Bogota,766193,recinto-de-flora-camorucos,Santiago Millan Ortega,2018-03-03 19:46:06 +0100,2020-01-20 07:16:48 +0100,research,CC-BY-NC,https://www.inaturalist.org/observations/10070299,https://inaturalist-open-data.s3.amazonaws.com/photos/13865332/medium.jpeg,,"",No se ha identificado la especie.,2,0,false,,"Granada, CO-ME, CO",3.543028,-73.742432,4242,,,,4242,,open,false,,,Lonchura malacca,Lonchura malacca,Capuchino Tricolor de la India,Aves,979790
10259898,31c48ec6-152f-4d80-86ad-ed60929d6510,2018-02-16 09:21:15,2018-02-16,2018-02-16 16:21:15 +0100,Mexico City,55867,jaguri_uriel_martinez_lizcano,JAGURIURIELMARTINEZLIZCANO,2018-03-16 17:58:45 +0100,2022-04-19 00:10:37 +0200,research,CC-BY-NC,https://www.inaturalist.org/observations/10259898,https://static.inaturalist.org/photos/14196244/medium.jpg,,Lonchura malacca,"",2,0,false,,"Ejido Nuevo Pochote, Tabasco, Mexico",17.844303,-91.692924,,,,,,,open,false,,"",Tricolored Munia,Lonchura malacca,Capuchino Tricolor de la India,Aves,979790
10259923,f726d2ad-ad18-4fc7-9b20-1c247ac4064b,2018-02-16 09:21:15,2018-02-16,2018-02-16 16:21:15 +0100,Mexico City,55867,jaguri_uriel_martinez_lizcano,JAGURIURIELMARTINEZLIZCANO,2018-03-16 17:59:31 +0100,2022-04-19 00:10:36 +0200,research,CC-BY-NC,https://www.inaturalist.org/observations/10259923,https://static.inaturalist.org/photos/14196244/medium.jpg,,Lonchura malacca,"",2,0,false,,"Ejido Nuevo Pochote, Tabasco, Mexico",17.844303,-91.692924,,,,,,,open,false,,"",Tricolored Munia,Lonchura malacca,Capuchino Tricolor de la India,Aves,979790
10793946,a13a93f0-f684-4f4e-9425-cbb41c8dc88c,2017/12/27 2:49 AM MST,2017-12-27,2017-12-27 10:49:00 +0100,Mountain Time (US & Canada),122831,chartuso,Christian Artuso,2018-04-12 04:38:52 +0200,2020-02-11 12:17:55 +0100,research,CC-BY-NC-ND,https://www.inaturalist.org/observations/10793946,https://inaturalist-open-data.s3.amazonaws.com/photos/15104909/medium.jpg,,"",,4,0,false,,"Uda Walawe National Park, Sri Lanka",6.4891,80.8658,2822,,,,2822,,open,false,,,Tricolored Munia,Lonchura malacca,Capuchino Tricolor de la India,Aves,979790
10793947,844bb046-20d0-4e19-975d-cfe1708fe6b4,2017/12/27 7:47 PM MST,2017-12-27,2017-12-28 03:47:00 +0100,Mountain Time (US & Canada),122831,chartuso,Christian Artuso,2018-04-12 04:38:53 +0200,2020-02-11 12:17:58 +0100,research,CC-BY-NC-ND,https://www.inaturalist.org/observations/10793947,https://inaturalist-open-data.s3.amazonaws.com/photos/15104916/medium.jpg,,"",,4,0,false,,"Uda Walawe National Park, Sri Lanka",6.4891,80.8658,2822,,,,2822,,open,false,,,Tricolored Munia,Lonchura malacca,Capuchino Tricolor de la India,Aves,979790
10865033,9b4e5079-89d6-41ac-8cc7-f27182baa4d5,2018-04-13,2018-04-13,,Bogota,766193,recinto-de-flora-camorucos,Santiago Millan Ortega,2018-04-13 20:24:23 +0200,2022-04-19 00:11:18 +0200,research,CC-BY-NC,https://www.inaturalist.org/observations/10865033,https://inaturalist-open-data.s3.amazonaws.com/photos/15247642/medium.jpeg,,"",Comun en la zona,2,0,false,,"Meta, CO",3.524935,-73.728149,8469,,,,8469,,open,false,,,Lonchura malacca,Lonchura malacca,Capuchino Tricolor de la India,Aves,979790
13358571,83624f28-3493-44d4-92e0-134e92bfbcf6,2017/10/18 10:38 AM IST,2017-10-18,2017-10-18 09:38:00 +0200,Jerusalem,951127,aniruddha_singhamahapatra,Aniruddha Singhamahapatra,2018-06-12 08:50:56 +0200,2021-12-13 13:10:36 +0100,research,CC-BY-NC,https://www.inaturalist.org/observations/13358571,https://static.inaturalist.org/photos/19581651/medium.jpeg,,"",,4,1,false,,"Bankura, West Bengal, India",22.9988474827,87.0078402933,31,,,,31,,open,false,,,Tricolored Munia,Lonchura malacca,Capuchino Tricolor de la India,Aves,979790
14093470,d33a7052-0334-4d70-b790-d3f3bb9dd15a,2017/12/30 8:14 AM CST,2017-12-30,2017-12-30 15:14:00 +0100,Central Time (US & Canada),1067600,ramontrinchan,Ramón Trinchan,2018-07-06 05:08:39 +0200,2022-04-19 00:10:35 +0200,research,CC-BY-NC,https://www.inaturalist.org/observations/14093470,https://inaturalist-open-data.s3.amazonaws.com/photos/20868710/medium.jpeg,,"",,1,0,false,,"Mérida, Yuc., México",21.1511630786,-89.6163920494,3342,,,,3342,,open,false,,,Capuchino Tricolor,Lonchura malacca,Capuchino Tricolor de la India,Aves,979790
14434021,4056c30a-aed2-4568-b8c9-f03c355a9f5f,2018/07/15 6:33 PM CDT,2018-07-15,2018-07-16 01:33:00 +0200,Central Time (US & Canada),347000,lsifer,Lsf,2018-07-17 04:43:25 +0200,2023-04-21 10:53:24 +0200,research,CC0,https://www.inaturalist.org/observations/14434021,https://inaturalist-open-data.s3.amazonaws.com/photos/21479119/medium.jpeg,,"","",1,0,false,,Jamaica,17.8927150665,-76.8078656412,3523,,,,30699,obscured,open,true,,"",Tricolored Munia,Lonchura malacca,Capuchino Tricolor de la India,Aves,979790
15048818,ec4b0d96-a42a-419e-af25-672f759cd5b3,2018/07/12 6:23 PM UTC,2018-07-12,,UTC,619016,viejo-del-monte,Arturo Peña,2018-08-02 19:29:10 +0200,2022-07-29 21:50:10 +0200,research,,https://www.inaturalist.org/observations/15048818,https://static.inaturalist.org/photos/22464658/medium.jpeg,,"",,2,0,false,,"Villa Comaltitlán, Chis., México",15.064986399,-92.6604637451,488,,,,488,,open,false,,,Tricolored Munia,Lonchura malacca,Capuchino Tricolor de la India,Aves,979790
15307771,ccd25171-47c6-4b8d-a5b6-12489e714a7f,2018/07/19 11:55 AM EDT,2018-07-19,2018-07-19 17:55:00 +0200,Eastern Time (US & Canada),713910,drjayf,Jerome Foster,2018-08-11 04:33:53 +0200,2022-04-19 00:10:34 +0200,research,CC-BY-NC-ND,https://www.inaturalist.org/observations/15307771,https://inaturalist-open-data.s3.amazonaws.com/photos/22917363/medium.jpg,,"Caribbean, Charlieville, Lonchura malacca, Nikon D7100, Sigma 150-600mm F5-6.3 DG OS HSM, Sumeria Trace, Tricolored munia, Trinidad and Tobago, animal, bird, nature, wildlife",,2,0,false,,"Charlieville, Trinidad and Tobago",10.5644028797,-61.4220694526,81,,,,81,,open,false,,,Tricolored Munia,Lonchura malacca,Capuchino Tricolor de la India,Aves,979790
15747511,c27a29e4-f489-4b24-8a8e-99ab87cc2be1,2018-08-18 8:45:00 am GMT+05:30,2018-08-18,2018-08-18 05:15:00 +0200,Chennai,1092902,ruchethan,Chethan Rao,2018-08-21 08:14:25 +0200,2020-01-16 06:39:44 +0100,research,CC-BY-NC,https://www.inaturalist.org/observations/15747511,https://inaturalist-open-data.s3.amazonaws.com/photos/23518954/medium.jpeg,,"",,4,0,false,2,"Bengaluru, Karnataka, India",13.0681852751,77.7659169585,526,,,,526,,open,false,gps,gps,Lonchura malacca,Lonchura malacca,Capuchino Tricolor de la India,Aves,979790
16324467,7083c941-9ca4-4283-aac2-7ab6d1ef2a87,2018/07/11 10:54 AM -05,2018-07-11,,Bogota,697809,miguelangeljimnezgarca,Miguel Angel Jiménez García,2018-09-08 19:38:03 +0200,2024-08-31 14:13:39 +0200,research,CC-BY,https://www.inaturalist.org/observations/16324467,https://inaturalist-open-data.s3.amazonaws.com/photos/24526813/medium.jpeg,,"",,2,0,false,,"Rionegro, Antioquia, Colombia",6.1451282475,-75.3802818624,31,,,,31,,open,false,,,Lonchura malacca,Lonchura malacca,Capuchino Tricolor de la India,Aves,979790
16723347,4789e109-c05d-4148-809f-23a6d15a85f4,2018-09-17 12:51:17 PM IST,2018-09-17,2018-09-17 11:51:17 +0200,Jerusalem,1196470,jageshwerverma,"",2018-09-20 19:56:18 +0200,2022-06-20 09:32:20 +0200,research,CC-BY-NC,https://www.inaturalist.org/observations/16723347,https://inaturalist-open-data.s3.amazonaws.com/photos/25232596/medium.jpeg,,"",,3,0,false,2,"Sector 8, Saddu, Chhattisgarh 492014, India",21.2781319,81.6851675,1600,,,,1600,,open,false,,,Tricolored Munia,Lonchura malacca,Capuchino Tricolor de la India,Aves,979790
16762274,df5589e0-b509-4dc8-ba4e-f0fb0e01d4f3,2017-08-19 9:02:19 pm GMT+05:30,2017-08-19,2017-08-19 17:32:19 +0200,Chennai,1001823,abhijitsatpati,Abhijit Satpati,2018-09-21 20:07:25 +0200,2020-05-05 21:52:59 +0200,research,,https://www.inaturalist.org/observations/16762274,https://static.inaturalist.org/photos/25297904/medium.jpeg,,"",,7,3,false,2,"Thakubari Rd, Lakshmisagar, West Bengal 722160, India",22.9269321873,87.0132650435,526,,,,526,,open,false,gps,gps,Tricolored Munia,Lonchura malacca,Capuchino Tricolor de la India,Aves,979790
17207031,ac4f3a88-199e-45dd-a1bd-8af43e05c4af,2018/10/01 6:07 PM HST,2018-10-01,2018-10-02 06:07:00 +0200,Hawaii,941360,edgarnoezendejashuerta,Edgar Noe Zendejas Huerta,2018-10-05 06:09:12 +0200,2022-07-28 23:31:56 +0200,research,CC-BY-NC,https://www.inaturalist.org/observations/17207031,https://inaturalist-open-data.s3.amazonaws.com/photos/26085220/medium.jpeg,,"","",3,0,false,,"Úrsulo Galván, Ver., México",19.418583,-96.352305,1719,,,,1719,,open,false,,,Capuchino Tricolor,Lonchura malacca,Capuchino Tricolor de la India,Aves,979790
17343578,6ebfa796-8e11-4e12-afdf-9413c139f69d,2018-10-07 7:29:23 am GMT+05:30,2018-10-07,2018-10-07 03:59:23 +0200,Chennai,946508,indushekhar_sharma,Indushekhar Sharma,2018-10-09 08:21:56 +0200,2025-07-31 16:27:45 +0200,research,,https://www.inaturalist.org/observations/17343578,https://static.inaturalist.org/photos/26331187/medium.jpeg,,"",,3,0,false,2,"Unnamed Road, Surajpur, Greater Noida, Uttar Pradesh 201306, India",28.5262223891,77.4881225824,5,,,,5,,open,false,gps,gps,Tricolored Munia,Lonchura malacca,Capuchino Tricolor de la India,Aves,979790
17536078,9f1473d6-af13-4141-9251-8501936d7650,2018/10/14 3:03 PM CDT,2018-10-14,2018-10-14 22:03:00 +0200,Central Time (US & Canada),65358,apff_usumacinta,"",2018-10-15 19:45:16 +0200,2022-04-19 00:11:28 +0200,research,CC-BY-NC,https://www.inaturalist.org/observations/17536078,https://inaturalist-open-data.s3.amazonaws.com/photos/26693656/medium.jpeg,,"",Tomado en un potrero en las afueras de la ciudad de Tenosique. ,2,0,false,,"Tenosique, Tab., México",17.4686094799,-91.4018221296,31,,,,31,,open,false,,,Tricolored Munia,Lonchura malacca,Capuchino Tricolor de la India,Aves,979790
17536079,64bd1678-ece1-4eaf-be8e-668238dbfad0,2018/10/14 3:04 PM CDT,2018-10-14,2018-10-14 22:04:00 +0200,Central Time (US & Canada),65358,apff_usumacinta,"",2018-10-15 19:45:18 +0200,2022-04-19 00:11:28 +0200,research,CC-BY-NC,https://www.inaturalist.org/observations/17536079,https://inaturalist-open-data.s3.amazonaws.com/photos/26693822/medium.jpeg,,"",Tomado en un potrero en las afueras de la ciudad de Tenosique. ,2,0,false,,"Tenosique, Tab., México",17.4686094799,-91.4018221296,31,,,,31,,open,false,,,Tricolored Munia,Lonchura malacca,Capuchino Tricolor de la India,Aves,979790
18100757,3bff328b-67e6-4509-837d-de27cae7c271,2018/02/28 8:36 AM PST,2018-02-28,2018-02-28 17:36:00 +0100,Pacific Time (US & Canada),949470,cgates326,Chuck Gates,2018-11-04 21:52:10 +0100,2022-10-30 23:55:57 +0100,research,CC-BY-NC,https://www.inaturalist.org/observations/18100757,https://inaturalist-open-data.s3.amazonaws.com/photos/27674981/medium.jpeg,,"",,4,0,false,,"Yoro Department, Honduras",15.4344736169,-86.8500885865,15,,,,15,,open,false,,,Tricolored Munia,Lonchura malacca,Capuchino Tricolor de la India,Aves,979790
18527137,429e3407-af55-409b-a5a3-34213bb92780,2018/11/13 9:42 AM EST,2018-11-13,2018-11-13 15:42:00 +0100,Eastern Time (US & Canada),713910,drjayf,Jerome Foster,2018-11-21 01:39:13 +0100,2022-04-19 00:10:31 +0200,research,CC-BY-NC-ND,https://www.inaturalist.org/observations/18527137,https://inaturalist-open-data.s3.amazonaws.com/photos/28340851/medium.jpg,,"Aranguez, Caribbean, Lonchura malacca, Nikon D7100, Sigma 150-600mm F5-6.3 DG OS HSM, Tricolored munia, Trinidad and Tobago, animal, nature, wildlife",,1,0,false,,"San Juan-Laventille Regional Corporation, Trinidad and Tobago",10.6256351374,-61.439887664,100,,,,100,,open,false,,,Tricolored Munia,Lonchura malacca,Capuchino Tricolor de la India,Aves,979790
18784521,6df348d1-6067-413c-ad0a-020bf31bd0f8,2018/11/27 7:48 AM -05,2018-11-27,,Bogota,412180,juan_carlos_caicedo_hdz,Juan Carlos Caicedo Hernández,2018-12-02 22:18:58 +0100,2023-07-30 04:08:57 +0200,research,CC-BY,https://www.inaturalist.org/observations/18784521,https://inaturalist-open-data.s3.amazonaws.com/photos/28770632/medium.jpeg,,"",,1,0,false,,"San Joaquín, Cundinamarca, Colombia",4.6445045132,-74.5112942137,74,,,,74,,open,false,,,Tricolored Munia,Lonchura malacca,Capuchino Tricolor de la India,Aves,979790
19436653,7d2a9e59-5a3d-44a3-bfc4-5a5064e8c4fb,2017/09/17 9:10 AM IST,2017-09-17,2017-09-17 08:10:00 +0200,Jerusalem,572465,harshithjv,"",2019-01-05 08:34:44 +0100,2025-08-21 14:19:35 +0200,research,CC-BY-NC-SA,https://www.inaturalist.org/observations/19436653,https://inaturalist-open-data.s3.amazonaws.com/photos/29901494/medium.jpeg,,"",,4,0,false,,"Hoskote Lake, Karnataka",13.0702915,77.7695255,1115,,,,1115,,open,false,,,Lonchura malacca,Lonchura malacca,Capuchino Tricolor de la India,Aves,979790
19441234,bed6ecee-2c9c-47c8-970a-84045ee3a2be,2018/12/12 8:53 AM CST,2018-12-12,2018-12-12 15:53:00 +0100,Central Time (US & Canada),386262,kinmatsu,Kinmatsu Lin,2019-01-05 14:58:44 +0100,2023-01-18 11:14:14 +0100,research,CC-BY-NC,https://www.inaturalist.org/observations/19441234,https://inaturalist-open-data.s3.amazonaws.com/photos/29908505/medium.jpg,,"munia, aves, bird, animal",,4,0,false,,斯里蘭卡漢班托特,6.1875818142,81.2194503069,218,,,,218,,open,false,,,Tricolored Munia,Lonchura malacca,Capuchino Tricolor de la India,Aves,979790
19484419,6c14498d-a810-40ce-a76c-7abf3358b303,2019/01/05 4:04 PM IST,2019-01-05,2019-01-05 15:04:00 +0100,Jerusalem,1261206,bpworld,Balamurugan Palanivelu,2019-01-07 05:43:25 +0100,2020-01-16 06:40:06 +0100,research,CC-BY-NC,https://www.inaturalist.org/observations/19484419,https://inaturalist-open-data.s3.amazonaws.com/photos/29980003/medium.jpg,,"",,6,0,false,,"Semmancheri, Chennai, Tamil Nadu, India",12.8550274919,80.2236953449,41,,,,41,,open,false,,,Lonchura malacca,Lonchura malacca,Capuchino Tricolor de la India,Aves,979790
19696470,39734484-af9f-4451-80e7-e2c788782807,2012/06/29 4:55 PM IST,2012-06-29,2012-06-29 15:55:00 +0200,Jerusalem,135656,mayuresh_kulkarni,Mayuresh Kulkarni,2019-01-17 20:19:14 +0100,2020-01-16 06:40:08 +0100,research,CC-BY-NC,https://www.inaturalist.org/observations/19696470,https://inaturalist-open-data.s3.amazonaws.com/photos/30340673/medium.jpeg,,"",,6,0,false,,"Tamhini, Maharashtra, India",18.4469032,73.4305439,2615,,,,2615,,open,false,,,Lonchura malacca,Lonchura malacca,Capuchino Tricolor de la India,Aves,979790
19978581,57362369-33d3-4b77-bd37-b72c41874981,2018-05-05,2018-05-05,,Mexico City,413119,dianadelatorrer,Diana T.,2019-01-31 02:13:29 +0100,2022-07-29 22:00:21 +0200,research,CC-BY-NC,https://www.inaturalist.org/observations/19978581,https://inaturalist-open-data.s3.amazonaws.com/photos/30832168/medium.jpg,,"","",2,0,false,2,Zoomat,16.725035,-93.093711,,,,,,,open,false,,,Tricolored Munia,Lonchura malacca,Capuchino Tricolor de la India,Aves,979790
20064694,8c1fc71f-3064-4c38-8fe5-73ee21cd719a,2019/01/28 3:59 PM PST,2019-01-28,2019-01-29 00:59:00 +0100,Pacific Time (US & Canada),459714,guyincognito,"",2019-02-03 23:14:06 +0100,2022-04-19 00:11:01 +0200,research,CC-BY-NC,https://www.inaturalist.org/observations/20064694,https://inaturalist-open-data.s3.amazonaws.com/photos/30980813/medium.jpeg,,"","",1,0,false,,"Greater Portmore, Portmore, Jamaica",17.930645,-76.9000266667,,,,,,,open,false,,,Tricolored Munia,Lonchura malacca,Capuchino Tricolor de la India,Aves,979790
20746946,d77e931f-cf37-4776-8234-3c217a003f30,2019/02/04 8:34 PM CST,2019-02-04,2019-02-05 03:34:00 +0100,Mexico City,221591,francisco20,Francisco Caloca,2019-02-25 04:27:03 +0100,2022-07-30 00:20:30 +0200,research,CC-BY-NC,https://www.inaturalist.org/observations/20746946,https://inaturalist-open-data.s3.amazonaws.com/photos/31988102/medium.jpg,,"",,2,0,false,,"Palizada, Camp., México",18.1331917448,-92.1124485674,488,,,,488,,open,false,,,Tricolored Munia,Lonchura malacca,Capuchino Tricolor de la India,Aves,979790
21427443,2c68e2b7-87e0-4789-97ee-e85b5a0062dd,2018-09-18 11:17:00 PM CDT,2018-09-18,2018-09-19 07:17:00 +0200,Central America,310038,agustin-gomez-jimenes,Agusto Gomez Jimenes,2019-03-20 20:25:14 +0100,2022-07-29 22:04:36 +0200,research,,https://www.inaturalist.org/observations/21427443,https://static.inaturalist.org/photos/33150548/medium.jpg,,"",,2,0,false,2,"Unnamed Road, Chiapas, México",15.2618105462,-92.7311603352,263,,,,263,,open,false,gps,gps,Tricolored Munia,Lonchura malacca,Capuchino Tricolor de la India,Aves,979790
22484076,199fde38-84bf-4b37-93e1-057a43221b04,2019/01/14 3:04 PM EST,2019-01-14,2019-01-14 21:04:00 +0100,Eastern Time (US & Canada),25760,jimsteamer,James Steamer,2019-04-14 23:24:13 +0200,2020-02-11 12:16:26 +0100,research,CC-BY-NC,https://www.inaturalist.org/observations/22484076,https://inaturalist-open-data.s3.amazonaws.com/photos/34830166/medium.jpeg,,"","",4,0,false,,"Dambulla, Sri Lanka",7.874217,80.6511287,25147,,,,25147,,open,false,,,Tricolored Munia,Lonchura malacca,Capuchino Tricolor de la India,Aves,979790
22503935,3954aa95-1049-40ca-8cc4-be118698c62a,2018/12/02 7:45 AM HST,2018-12-02,2018-12-02 18:45:00 +0100,Hawaii,1410926,yuvanaves,Yuvan Aves,2019-04-15 07:28:31 +0200,2021-10-20 07:15:59 +0200,research,,https://www.inaturalist.org/observations/22503935,https://static.inaturalist.org/photos/34864113/medium.jpeg,,"","",5,0,false,,Padur,10.655197,76.462093,2628,,,,2628,,open,false,,,Lonchura malacca,Lonchura malacca,Capuchino Tricolor de la India,Aves,979790
22557251,aff7fa58-87b3-4542-a8ff-47af3b406181,2018/02/10 11:51 AM IST,2018-02-10,2018-02-10 07:21:00 +0100,Chennai,688270,vikas2,Vikas Madhav Nagarajan,2019-04-16 16:16:00 +0200,2020-01-16 06:40:18 +0100,research,CC-BY-NC,https://www.inaturalist.org/observations/22557251,https://inaturalist-open-data.s3.amazonaws.com/photos/34947913/medium.jpeg,,"",,3,0,false,,"Tiruvallur, Tamil Nadu, India",13.0734243368,80.0079052183,15,,,,15,,open,false,,,Lonchura malacca,Lonchura malacca,Capuchino Tricolor de la India,Aves,979790
22602566,ffbaf567-0e23-4f1c-befc-c8d49d487fdc,2013/08/30 5:16 PM HST,2013-08-30,2013-08-31 05:16:00 +0200,Hawaii,1403882,rohithsrinivasan,Rohith Srinivasan,2019-04-17 14:38:56 +0200,2021-07-02 10:35:40 +0200,research,CC-BY-NC,https://www.inaturalist.org/observations/22602566,https://inaturalist-open-data.s3.amazonaws.com/photos/35020554/medium.jpeg,,Pallikaranai,"",4,0,false,,"Pallikaranai Marshland, Pallikaranai, Chennai, Tamil Nadu, India",12.9465761,80.223766,2673,,,,2673,,open,false,,,Lonchura malacca,Lonchura malacca,Capuchino Tricolor de la India,Aves,979790
22642081,5f67607e-5a3d-44ae-a27c-517d3d24efaf,2019/04/17 4:17 PM CDT,2019-04-17,2019-04-17 23:17:00 +0200,Mexico City,54220,aplomadobirdy,Big Birdy,2019-04-18 05:16:17 +0200,2022-07-28 17:39:43 +0200,research,CC-BY-NC-ND,https://www.inaturalist.org/observations/22642081,https://static.inaturalist.org/photos/35083096/medium.jpeg,,"",,2,1,false,,"Delfino Victoria, Ver., México",19.2044262242,-96.2689922963,1049,,,,1049,,open,false,,,Tricolored Munia,Lonchura malacca,Capuchino Tricolor de la India,Aves,979790
22642610,53fba93a-8ade-468a-ae55-192c062f0acd,2019/04/17 4:21 PM CDT,2019-04-17,2019-04-17 23:21:00 +0200,Mexico City,54220,aplomadobirdy,Big Birdy,2019-04-18 05:32:39 +0200,2022-07-28 17:39:54 +0200,research,CC-BY-NC-ND,https://www.inaturalist.org/observations/22642610,https://static.inaturalist.org/photos/35083609/medium.jpeg,,"",,2,1,false,,"Delfino Victoria, Ver., México",19.2072631,-96.273198,1049,,,,1049,,open,false,,,Tricolored Munia,Lonchura malacca,Capuchino Tricolor de la India,Aves,979790
22706800,ac54cd4f-021d-4b8b-843f-02f7324c9c43,2013/11/30 10:53 AM HST,2013-11-30,2013-11-30 21:53:00 +0100,Hawaii,1403882,rohithsrinivasan,Rohith Srinivasan,2019-04-19 17:04:17 +0200,2021-07-02 10:35:40 +0200,research,CC-BY-NC,https://www.inaturalist.org/observations/22706800,https://inaturalist-open-data.s3.amazonaws.com/photos/35185988/medium.jpeg,,Vedanthangal,Juvenile,3,0,false,,"Vedanthangal Bird Sanctuary Rd, Tamil Nadu, India",12.5647529,79.8547115,4283,,,,4283,,open,false,,,Lonchura malacca,Lonchura malacca,Capuchino Tricolor de la India,Aves,979790
23914677,108aed84-6b1b-41ce-98f5-fbdc4a28ff32,2014/09/29 7:44 PM +06,2014-09-29,2014-09-29 15:44:00 +0200,Dhaka,1652128,sriramsn,Sriram Sn,2019-04-29 15:51:23 +0200,2020-01-16 06:40:24 +0100,research,CC-BY-NC,https://www.inaturalist.org/observations/23914677,https://inaturalist-open-data.s3.amazonaws.com/photos/36998004/medium.jpeg,,"",,3,0,false,,"Suthamalli Vilakku, Tamil Nadu 627604, India",8.6996977,77.63132,2389,,,,2389,,open,false,,,Lonchura malacca,Lonchura malacca,Capuchino Tricolor de la India,Aves,979790
25131954,328176d5-8c87-4726-bfef-56d2d2904473,2015/07/20 5:02 PM CDT,2015-07-20,2015-07-21 00:02:00 +0200,Mexico City,157314,jalinage00,José Antonio Linage Espinosa,2019-05-15 00:05:36 +0200,2022-04-19 00:11:08 +0200,research,CC-BY-NC,https://www.inaturalist.org/observations/25131954,https://inaturalist-open-data.s3.amazonaws.com/photos/38898053/medium.jpg,,"",,3,0,false,,"Cozumel, Q.R., México",20.465075051,-86.9772132751,15,,,,15,,open,false,,,Tricolored Munia,Lonchura malacca,Capuchino Tricolor de la India,Aves,979790
25542517,b533720d-d000-47a9-b0ee-5de21fa15223,2019-02-03 9:12:12 AM GMT+05:30,2019-02-03,2019-02-03 04:42:12 +0100,Chennai,1625647,sagarika_chen,Sagarika Gupta,2019-05-22 05:50:18 +0200,2022-04-19 13:18:15 +0200,research,CC-BY-NC,https://www.inaturalist.org/observations/25542517,https://inaturalist-open-data.s3.amazonaws.com/photos/39577374/medium.jpeg,,"",,6,0,false,2,"Kailash Nagar, Perumbakkam, Chennai, Tamil Nadu 600100, India",12.9040035509,80.2068056166,132,,,,132,,open,false,,,Lonchura malacca,Lonchura malacca,Capuchino Tricolor de la India,Aves,979790
26074120,4edbd5ff-4e60-4508-ac78-a10688985214,2017/05/19 9:34 AM -05,2017-05-19,,Bogota,60801,davidangel-v,David Ángel-Vasco,2019-05-30 21:06:35 +0200,2025-02-19 21:30:21 +0100,research,CC-BY-NC,https://www.inaturalist.org/observations/26074120,https://inaturalist-open-data.s3.amazonaws.com/photos/40452171/medium.jpeg,,"","",1,0,false,,"PTAR Aguas Claras, Bello, Antioquia, Colombia",6.338545,-75.535149,8,,,,8,,open,false,,"",Capuchino Tricolor de la India,Lonchura malacca,Capuchino Tricolor de la India,Aves,979790
26381175,264dcae7-f0bc-4dec-8480-badfe4fff27a,2019-04-04 1:50:50 p. m. GMT-05:00,2019-04-04,2019-04-04 20:50:50 +0200,Bogota,1490499,cristianduque,Cristian Duque,2019-06-04 14:41:54 +0200,2021-05-01 15:18:47 +0200,research,,https://www.inaturalist.org/observations/26381175,https://static.inaturalist.org/photos/40961995/medium.jpeg,,"",,2,0,false,2,"Cantagallo, Bolívar, Colombia",7.3417093259,-73.9354395121,66,,,,66,,open,false,gps,gps,Tricolored Munia,Lonchura malacca,Capuchino Tricolor de la India,Aves,979790
26520573,fa551a1c-539a-40f0-a33c-739d7a8916f1,Thu Jun 06 2019 15:39:46 GMT-0500 (GMT-5),2019-06-06,2019-06-06 22:39:46 +0200,Bogota,834121,viviangel,Angelica,2019-06-07 00:52:25 +0200,2022-04-19 00:11:03 +0200,research,CC-BY-NC-SA,https://www.inaturalist.org/observations/26520573,https://inaturalist-open-data.s3.amazonaws.com/photos/41187316/medium.jpg,,"","PEDH El Burro 
",5,0,false,3,"Carrera 83 7D-02, Bogotá, DC, CO",4.6441423585,-74.1504228672,22,,,,22,,open,false,,,Tricolored Munia,Lonchura malacca,Capuchino Tricolor de la India,Aves,979790
27164516,7ca611a9-bb61-411d-9f66-96f34f7436a6,2019/03/30 11:17 AM CST,2019-03-30,2019-03-30 18:17:00 +0100,Central America,1492378,hv001,"",2019-06-17 19:56:36 +0200,2024-01-15 23:49:05 +0100,research,CC-BY-NC,https://www.inaturalist.org/observations/27164516,https://inaturalist-open-data.s3.amazonaws.com/photos/42234818/medium.jpeg,,"",Fue encontrado muerto en una malla,5,2,false,,"Hato Mayor Province, 25000, Dominican Republic",18.7635799,-69.2557637,39863,,,,39863,,open,false,,,Capuchino Tricolor,Lonchura malacca,Capuchino Tricolor de la India,Aves,979790
27604388,76b7dedd-5305-4381-a7cb-1a45c7ef11fd,2017/12/14 9:31 AM HST,2017-12-14,2017-12-14 20:31:00 +0100,Hawaii,81833,ichi_wildlife_mx,J. Ismael Arellano Ciau,2019-06-25 03:00:56 +0200,2022-04-19 00:11:04 +0200,research,CC-BY-NC,https://www.inaturalist.org/observations/27604388,https://inaturalist-open-data.s3.amazonaws.com/photos/42967727/medium.jpeg,,"",,1,0,false,,"Yucatán, MX",21.152280893,-89.4315617834,2023,,,,30415,obscured,open,true,,,Capuchino Tricolor,Lonchura malacca,Capuchino Tricolor de la India,Aves,979790
27749422,6e49b687-e9e9-41cb-9df7-2869baf217a4,Thu Jun 27 2019 15:46:44 GMT+0530 (GMT+5:30),2019-06-27,2019-06-27 12:16:44 +0200,Chennai,1907205,chinmayjoshi1,"",2019-06-27 13:59:26 +0200,2020-01-16 06:40:37 +0100,research,CC-BY-NC,https://www.inaturalist.org/observations/27749422,https://inaturalist-open-data.s3.amazonaws.com/photos/43208746/medium.jpg,,"",,4,0,false,3,"Mulund East, Mumbai, Maharashtra, IN",19.1378724233,72.9613981317,120,,,,120,,open,false,,,Lonchura malacca,Lonchura malacca,Capuchino Tricolor de la India,Aves,979790
28470231,ea512d7a-fedd-44a5-8f20-a648c568bce5,2019/07/05 12:59 PM EDT,2019-07-05,2019-07-05 18:59:00 +0200,Eastern Time (US & Canada),153589,juanbou,Juan Bou Riquer,2019-07-09 02:30:51 +0200,2022-04-19 00:11:09 +0200,research,CC-BY-NC,https://www.inaturalist.org/observations/28470231,https://inaturalist-open-data.s3.amazonaws.com/photos/44382704/medium.jpg,,"",,1,0,false,,"Othón P. Blanco, Q.R., México",18.1934376085,-88.9826489541,545,,,,545,,open,false,,,Tricolored Munia,Lonchura malacca,Capuchino Tricolor de la India,Aves,979790
28539062,f21a1260-eddd-464e-9199-7af4c5c3876f,2019-06-22 11:15:00 a. m. COT,2019-06-22,2019-06-22 18:15:00 +0200,Bogota,1136191,jhonvelasquez,Jhon Velasquez,2019-07-10 06:18:25 +0200,2023-03-09 03:37:22 +0100,research,CC-BY-NC,https://www.inaturalist.org/observations/28539062,https://inaturalist-open-data.s3.amazonaws.com/photos/44495717/medium.jpeg,,"",,2,0,false,2,"San Carlos de Guaroa, Meta, Colombia",3.8607676358,-73.2617963478,1052,,,,1052,,open,false,gps,gps,Tricolored Munia,Lonchura malacca,Capuchino Tricolor de la India,Aves,979790
28837110,a7110d8a-c304-455c-b23f-1776fe1905cf,2019-06-22 7:26:58 AM GMT+05:30,2019-06-22,2019-06-22 03:56:58 +0200,Chennai,1625647,sagarika_chen,Sagarika Gupta,2019-07-15 02:39:46 +0200,2021-12-26 13:23:42 +0100,research,CC-BY-NC,https://www.inaturalist.org/observations/28837110,https://inaturalist-open-data.s3.amazonaws.com/photos/44978131/medium.jpeg,,"",,6,0,false,2,"Karappakam, Chennai, Tamil Nadu, India",12.9187327221,80.2258161083,66,,,,66,,open,false,,,Lonchura malacca,Lonchura malacca,Capuchino Tricolor de la India,Aves,979790
29242956,e415f448-7677-4383-a172-0ab00fe97941,2019-07-21 8:12:39 PM GMT+05:30,2019-07-21,2019-07-21 16:42:39 +0200,Chennai,1625647,sagarika_chen,Sagarika Gupta,2019-07-21 16:44:13 +0200,2020-01-16 06:40:41 +0100,research,CC-BY-NC,https://www.inaturalist.org/observations/29242956,https://inaturalist-open-data.s3.amazonaws.com/photos/45629146/medium.jpg,,"",,4,0,false,2,"Ramnagar South, Madipakkam, Chennai, Tamil Nadu, India",12.9602871038,80.2104748785,132,,,,132,,open,false,gps,gps,Lonchura malacca,Lonchura malacca,Capuchino Tricolor de la India,Aves,979790
29956744,322aa4fb-4d6b-44bb-b01a-3d0f1b49eb81,2019/07/23 1:47 PM CST,2019-07-23,2019-07-23 21:47:00 +0200,Central America,423832,rolandopasosprez,Rolando Pasos Pérez,2019-08-01 04:27:37 +0200,2022-07-30 00:20:24 +0200,research,CC-BY-NC,https://www.inaturalist.org/observations/29956744,https://inaturalist-open-data.s3.amazonaws.com/photos/46780499/medium.jpg,,"",,2,0,false,,"Palizada, Camp., México",18.0555181313,-91.9375995178,1953,,,,1953,,open,false,,,Tricolored Munia,Lonchura malacca,Capuchino Tricolor de la India,Aves,979790
29983531,61a97070-a0a6-437f-b3b1-93446d769129,2017/10/05 6:03 PM CST,2017-10-05,2017-10-06 02:03:00 +0200,Central America,423832,rolandopasosprez,Rolando Pasos Pérez,2019-08-01 17:34:36 +0200,2022-04-19 00:11:26 +0200,research,CC-BY-NC,https://www.inaturalist.org/observations/29983531,https://inaturalist-open-data.s3.amazonaws.com/photos/46821396/medium.jpeg,,"",,2,0,false,,"Mérida, Yuc., México",21.1482451576,-89.6043295047,488,,,,488,,open,false,,,Capuchino Tricolor,Lonchura malacca,Capuchino Tricolor de la India,Aves,979790
30145759,4b00176a-1708-40d2-ac3f-0fddbc036ce0,2019/07/23 1:55 PM HST,2019-07-23,2019-07-24 01:55:00 +0200,Hawaii,81833,ichi_wildlife_mx,J. Ismael Arellano Ciau,2019-08-04 03:49:12 +0200,2022-07-30 00:20:16 +0200,research,CC-BY-NC,https://www.inaturalist.org/observations/30145759,https://inaturalist-open-data.s3.amazonaws.com/photos/47080513/medium.jpeg,,"",,1,0,false,,Mexico,17.8921999024,-91.7099331705,122,,,,30699,obscured,open,true,,,Tricolored Munia,Lonchura malacca,Capuchino Tricolor de la India,Aves,979790
30260478,edebd3ae-92a9-466e-8f6f-67f032120d58,2014-05-14T00:00:00,2014-05-14,2014-05-13 20:30:00 +0200,Chennai,6490,manojkmohan,Manoj Karingamadathil,2019-08-05 20:59:52 +0200,2021-07-19 00:38:24 +0200,research,CC-BY,https://www.inaturalist.org/observations/30260478,https://inaturalist-open-data.s3.amazonaws.com/photos/50739167/medium.jpeg,,"IBP_Import_Manojk, class-bulkobservationfile-user_id-6490-filename-manoj-ibp-import-csv-project_id-2019-08-05 11:58:53 -0700.csv",Birds. This Observation is Imported from India Biodiversity Portal. Here is the Ref Image https://indiabiodiversity.org/biodiv/observations//90fafb9a-6817-41ac-9523-89b5bd9c36db/913.JPG,2,0,false,,"Kerala, IN",10.5858191066,76.1503491031,,,,,31189,obscured,open,true,,,Lonchura malacca,Lonchura malacca,Capuchino Tricolor de la India,Aves,979790
30527163,7bd47bb8-196b-492e-bef2-b619ec7babad,2012/12/31 9:15 AM +0100,2012-12-31,2012-12-31 09:15:00 +0100,Amsterdam,427689,neomorphus,Mikael Bauer,2019-08-10 09:59:45 +0200,2020-01-16 06:40:49 +0100,research,CC-BY-NC,https://www.inaturalist.org/observations/30527163,https://inaturalist-open-data.s3.amazonaws.com/photos/47698571/medium.jpg,,"",,3,0,false,,"Hambantota District, Sri Lanka",6.2913473432,81.2863399079,642,,,,642,,open,false,,,Lonchura malacca,Lonchura malacca,Capuchino Tricolor de la India,Aves,979790
30877920,ea10db7a-1080-4d8d-bd65-5d1b0caa3270,2018/09/22 7:38 AM IST,2018-09-22,2018-09-22 04:08:00 +0200,New Delhi,2016818,sid9611,Sidharth Srinivasan,2019-08-15 17:52:51 +0200,2025-06-26 09:03:59 +0200,research,CC-BY-NC,https://www.inaturalist.org/observations/30877920,https://inaturalist-open-data.s3.amazonaws.com/photos/48263747/medium.jpg,,"",,4,0,false,,"Sholinganallur, Chennai, Tamil Nadu, India",12.9005429473,80.2184128761,31,,,,31,,open,false,,,Lonchura malacca,Lonchura malacca,Capuchino Tricolor de la India,Aves,979790
32269831,07d9f3df-1ed1-44f6-801f-b25d13a3c713,2019-08-27 3:09:54 pm GMT+05:30,2019-08-27,2019-08-27 11:39:54 +0200,Chennai,2217091,avith,Avith Welmore,2019-09-07 16:54:08 +0200,2022-04-19 00:09:33 +0200,research,,https://www.inaturalist.org/observations/32269831,https://static.inaturalist.org/photos/50599297/medium.jpeg,,"",,4,0,false,2,"Karnataka 571117, India",11.9992693108,77.1353778988,5577,,,,5577,,open,false,gps,gps,Lonchura malacca,Lonchura malacca,Capuchino Tricolor de la India,Aves,979790
32274095,d3ed1dc0-cb1b-49fd-bb92-931e735aa9ce,2019-09-07 9:23:51 pm GMT+05:30,2019-09-07,2019-09-07 17:53:51 +0200,Chennai,2217091,avith,Avith Welmore,2019-09-07 17:57:20 +0200,2020-01-16 06:40:54 +0100,research,,https://www.inaturalist.org/observations/32274095,https://static.inaturalist.org/photos/50604655/medium.jpg,,"",,3,0,false,2,"Balanapalli, Tamil Nadu 635121, India",12.7808470875,78.1051188335,1427673,,,,1427673,,open,false,gps,gps,Lonchura malacca,Lonchura malacca,Capuchino Tricolor de la India,Aves,979790
32583555,8e511b6e-92c5-47cd-8242-ca48ac166fde,2019/08/01 9:18 AM IST,2019-08-01,2019-08-01 05:48:00 +0200,Chennai,2015881,arajush_payra,"",2019-09-12 15:51:17 +0200,2020-04-06 22:34:40 +0200,research,CC-BY-NC,https://www.inaturalist.org/observations/32583555,https://static.inaturalist.org/photos/51116739/medium.jpg,,"","",5,2,false,,"Talga Chhari, West Bengal 721441, India",21.6696853525,87.5584536267,244,,,,244,,open,false,,,Tricolored Munia,Lonchura malacca,Capuchino Tricolor de la India,Aves,979790
33349944,8a820a21-3347-40e0-b947-d7277b7f1b07,2018/05/14 12:11 PM -0500,2018-05-14,2018-05-14 19:11:00 +0200,Bogota,2298135,alejandrolema,Alejandro Lema,2019-09-25 03:47:07 +0200,2022-04-19 00:11:15 +0200,research,,https://www.inaturalist.org/observations/33349944,https://static.inaturalist.org/photos/52368937/medium.jpeg,,"",,2,0,false,,"Montenegro, Quindío, Colombia",4.5628733128,-75.7886201162,8,,,,8,,open,false,,,Lonchura malacca,Lonchura malacca,Capuchino Tricolor de la India,Aves,979790
33358502,13e30e93-edee-4a3b-8076-0772e80dd473,2019/04/25 6:53 AM UTC,2019-04-25,,UTC,1853449,libinabraham,Libin abraham,2019-09-25 08:10:24 +0200,2020-01-16 06:40:59 +0100,research,,https://www.inaturalist.org/observations/33358502,https://static.inaturalist.org/photos/52389530/medium.jpg,,"",Tricolured munia,5,0,false,,"Kerala 689501, India",9.2101593229,76.6555887088,1395,,,,1395,,open,false,gps,gps,Lonchura malacca,Lonchura malacca,Capuchino Tricolor de la India,Aves,979790
33358915,2fa5f295-c5f2-46e1-bc83-5e1203adb032,2019/04/14 5:51 PM UTC,2019-04-14,,UTC,1853449,libinabraham,Libin abraham,2019-09-25 08:17:57 +0200,2020-01-16 06:41:00 +0100,research,,https://www.inaturalist.org/observations/33358915,https://static.inaturalist.org/photos/52389849/medium.jpg,,"",,4,0,false,,"Pathanamthitta, Kerala, India",9.2112290313,76.6564437606,122,,,,122,,open,false,,,Lonchura malacca,Lonchura malacca,Capuchino Tricolor de la India,Aves,979790
33358917,b4f67800-558f-4fa9-b8dd-f8eb0291c004,2019/04/14 5:53 PM UTC,2019-04-14,,UTC,1853449,libinabraham,Libin abraham,2019-09-25 08:17:58 +0200,2020-01-16 06:41:01 +0100,research,,https://www.inaturalist.org/observations/33358917,https://static.inaturalist.org/photos/52389850/medium.jpg,,"",,4,0,false,,"Pathanamthitta, Kerala, India",9.2112290313,76.6564437606,122,,,,122,,open,false,,,Lonchura malacca,Lonchura malacca,Capuchino Tricolor de la India,Aves,979790
33358920,721669ef-6685-4c44-8834-d7fb4dc89aae,2019/04/14 5:54 PM UTC,2019-04-14,,UTC,1853449,libinabraham,Libin abraham,2019-09-25 08:17:58 +0200,2020-04-07 22:02:35 +0200,research,,https://www.inaturalist.org/observations/33358920,https://static.inaturalist.org/photos/52389853/medium.jpg,,"",,2,1,false,,"Pathanamthitta, Kerala, India",9.2112290313,76.6564437606,122,,,,122,,open,false,,,Tricolored Munia,Lonchura malacca,Capuchino Tricolor de la India,Aves,979790
33358990,39080e95-018a-4903-b217-6da2b1be1614,2019/04/17 5:20 PM UTC,2019-04-17,,UTC,1853449,libinabraham,Libin abraham,2019-09-25 08:20:13 +0200,2020-01-16 06:41:03 +0100,research,,https://www.inaturalist.org/observations/33358990,https://static.inaturalist.org/photos/52389935/medium.jpg,,"",,1,0,false,,"Pathanamthitta, Kerala, India",9.2163274339,76.6584454123,488,,,,488,,open,false,,,Lonchura malacca,Lonchura malacca,Capuchino Tricolor de la India,Aves,979790
33779738,a9a3d315-1a9f-4e8e-8ba7-9fbe218b5403,2019/09/29 3:21 PM HST,2019-09-29,2019-09-30 03:21:00 +0200,Hawaii,472938,jan35,Jan Axel Cubilla Rodríguez,2019-10-03 03:25:52 +0200,2022-04-19 00:11:25 +0200,research,CC-BY,https://www.inaturalist.org/observations/33779738,https://static.inaturalist.org/photos/53090414/medium.jpg,,"",,1,0,false,,"Los Positos, Guarumal, Panamá",8.3431624849,-82.5712932836,2002,,,,2002,,open,false,,,Tricolored Munia,Lonchura malacca,Capuchino Tricolor de la India,Aves,979790
33847119,31f81bc1-600d-4f86-a607-bb78ea3dbb38,2016/09/24 8:57 AM IST,2016-09-24,2016-09-24 05:27:00 +0200,Chennai,2175069,mayukh_dey,Mayukh Dey,2019-10-04 18:35:08 +0200,2020-01-16 06:41:05 +0100,research,CC-BY-NC-SA,https://www.inaturalist.org/observations/33847119,https://inaturalist-open-data.s3.amazonaws.com/photos/53204822/medium.jpeg,,"",,4,0,false,,"Bellary, Karnataka, India",15.337951692,76.4604531285,800,,,,800,,open,false,,,Lonchura malacca,Lonchura malacca,Capuchino Tricolor de la India,Aves,979790
34316531,e08d6ed1-d3fc-45a6-9e52-9c9d0c61f95e,2019/07/17 9:34 AM EDT,2019-07-17,2019-07-17 15:34:00 +0200,Eastern Time (US & Canada),713910,drjayf,Jerome Foster,2019-10-13 20:49:45 +0200,2022-09-01 05:13:40 +0200,research,CC-BY-NC-ND,https://www.inaturalist.org/observations/34316531,https://inaturalist-open-data.s3.amazonaws.com/photos/53957011/medium.jpg,,"Caribbean, Charlieville, Lonchura malacca, Nikon D7100, Sigma 150-600mm F5-6.3 DG OS HSM, Sumeria Trace, Tricolored munia, Trinidad and Tobago, animal, bird, nature, wildlife",,2,0,false,,"Caroni Rice Fields - Bejucal, Trinidad and Tobago",10.5930762463,-61.40154779,817,,,,817,,open,false,,,Tricolored Munia,Lonchura malacca,Capuchino Tricolor de la India,Aves,979790
34900020,e6ab9c84-8d40-4ce1-af08-b1b6c0296d2c,2019/09/04 4:31 PM CDT,2019-09-04,2019-09-04 23:31:00 +0200,Mexico City,55867,jaguri_uriel_martinez_lizcano,JAGURIURIELMARTINEZLIZCANO,2019-10-26 06:32:13 +0200,2022-04-19 00:11:20 +0200,research,CC-BY-NC,https://www.inaturalist.org/observations/34900020,https://inaturalist-open-data.s3.amazonaws.com/photos/54987241/medium.jpg,,"",,2,0,false,,"Emiliano Zapata, Tab., México",17.8609775875,-91.6924928703,156,,,,156,,open,false,,,Tricolored Munia,Lonchura malacca,Capuchino Tricolor de la India,Aves,979790
34950272,66cf9f67-37d5-4f2b-aec8-4f75aa7da7d9,2019/10/12 9:49 AM IST,2019-10-12,2019-10-12 06:19:00 +0200,New Delhi,572465,harshithjv,"",2019-10-27 09:04:48 +0100,2025-08-21 14:19:35 +0200,research,CC-BY-NC-SA,https://www.inaturalist.org/observations/34950272,https://inaturalist-open-data.s3.amazonaws.com/photos/55072555/medium.jpeg,,"",,4,0,false,,"Aagara Lake, Near Valley School, Bengaluru, Karnataka, India",12.8505626227,77.4909026966,464,,,,464,,open,false,,,Lonchura malacca,Lonchura malacca,Capuchino Tricolor de la India,Aves,979790
35163337,2fb0a4da-219c-4dd7-aab1-c0b85409994a,2015-01-21 04:52:17,2015-01-21,2015-01-21 10:52:17 +0100,Eastern Time (US & Canada),273707,dbeadle,"",2019-11-01 14:54:42 +0100,2020-02-07 13:10:57 +0100,research,CC-BY-NC,https://www.inaturalist.org/observations/35163337,https://static.inaturalist.org/photos/55417316/medium.jpg,,"Tricolored Munia - Udawalawe National Park, Sri Lanka","Tricolored Munia. Photographed at Udawalawe National Park, Sri Lanka on 21 January 2015. Nominate subspecies Malacca. ",4,0,false,,"Udawalawe National Park, Sri Lanka",6.443275,80.893221,4,,,,4,,open,false,,manual,Tricolored Munia,Lonchura malacca,Capuchino Tricolor de la India,Aves,979790
35358310,7c45942a-4cab-4316-802c-5b34cf269b68,2019/11/03 10:40 AM -0500,2019-11-03,2019-11-03 16:40:00 +0100,Bogota,1136191,jhonvelasquez,Jhon Velasquez,2019-11-06 05:56:29 +0100,2022-04-19 00:11:23 +0200,research,CC-BY-NC,https://www.inaturalist.org/observations/35358310,https://inaturalist-open-data.s3.amazonaws.com/photos/55746125/medium.jpg,,"","",2,0,false,,"Villavicencio, Meta, Colombia",3.9722366667,-73.272035,,,,,,,open,false,,,Capuchino Tricolor,Lonchura malacca,Capuchino Tricolor de la India,Aves,979790
35485753,1bf9f878-4000-4268-824b-b30f9b977826,2019/01/28 3:59 PM PST,2019-01-28,2019-01-29 00:59:00 +0100,Pacific Time (US & Canada),2426657,mkdwoodruff,Michael Woodruff,2019-11-09 13:53:46 +0100,2022-04-19 00:11:22 +0200,research,CC-BY-NC,https://www.inaturalist.org/observations/35485753,https://static.inaturalist.org/photos/55958180/medium.jpeg,,"",,2,0,false,,"Greater Portmore, Portmore, Jamaica",17.9282726,-76.898632,,,,,,,open,false,,,Tricolored Munia,Lonchura malacca,Capuchino Tricolor de la India,Aves,979790
35898408,f07be13f-f92d-4388-9ba7-35f7ecbf7cdd,2019/11/20 11:35 AM CST,2019-11-20,2019-11-20 18:35:00 +0100,Mexico City,1359152,vicentezamora,"",2019-11-20 22:59:47 +0100,2022-07-28 18:13:57 +0200,research,CC-BY-NC,https://www.inaturalist.org/observations/35898408,https://inaturalist-open-data.s3.amazonaws.com/photos/56667050/medium.jpg,,"",tres individuos forrajeando junto a lagunas artificiales de aguas negras.,2,0,false,,"Coatepec, Ver., México",19.420615,-96.9295613889,,,,,,,open,false,,,Tricolored Munia,Lonchura malacca,Capuchino Tricolor de la India,Aves,979790
35905710,37b30537-f97f-4d91-8b67-46c903f44d07,2019/11/20 10:33 AM HST,2019-11-20,2019-11-20 21:33:00 +0100,Hawaii,162328,adrianh-m-orozco,Adrianh M. Orozco,2019-11-21 03:23:20 +0100,2022-04-19 00:11:23 +0200,research,CC-BY,https://www.inaturalist.org/observations/35905710,https://inaturalist-open-data.s3.amazonaws.com/photos/56679568/medium.jpeg,,"",,1,0,false,,"Coatepec, Ver., México",19.4198573045,-96.9291182791,4,,,,4,,open,false,,,Tricolored Munia,Lonchura malacca,Capuchino Tricolor de la India,Aves,979790
36309033,49417bc3-d2b8-4d2a-a605-51812875c63d,2019-09-19 9:53:43 AM GMT+05:30,2019-09-19,2019-09-19 06:23:43 +0200,Chennai,2304517,supratimdeb,Supratim Deb,2019-12-03 05:03:06 +0100,2024-02-20 08:55:45 +0100,research,,https://www.inaturalist.org/observations/36309033,https://inaturalist-open-data.s3.amazonaws.com/photos/57380935/medium.jpeg,,"",,4,0,false,2,Rajarhat,22.6236288332,88.4409800917,8415,,,,8415,,open,false,gps,gps,Tricolored Munia,Lonchura malacca,Capuchino Tricolor de la India,Aves,979790
36320776,6d3294db-778f-4e14-b962-4de1f1f443f0,2019/09/20 11:11 AM IST,2019-09-20,2019-09-20 07:41:00 +0200,Kolkata,951127,aniruddha_singhamahapatra,Aniruddha Singhamahapatra,2019-12-03 17:38:35 +0100,2024-02-20 08:55:46 +0100,research,CC-BY-NC,https://www.inaturalist.org/observations/36320776,https://inaturalist-open-data.s3.amazonaws.com/photos/57400377/medium.jpeg,,"",,5,2,false,,"Kadma, Bankura, West Bengal 722151, India",22.988771,87.0105681,454,,,,454,,open,false,,,Tricolored Munia,Lonchura malacca,Capuchino Tricolor de la India,Aves,979790
36320777,0ea13f5b-8404-4388-bd54-c5d4fcf41a76,2019/09/20 11:11 AM IST,2019-09-20,2019-09-20 07:41:00 +0200,Kolkata,951127,aniruddha_singhamahapatra,Aniruddha Singhamahapatra,2019-12-03 17:38:35 +0100,2024-02-20 08:55:47 +0100,research,CC-BY-NC,https://www.inaturalist.org/observations/36320777,https://inaturalist-open-data.s3.amazonaws.com/photos/57400382/medium.jpeg,,"",,5,1,false,,"Kadma, Bankura, West Bengal 722151, India",22.988771,87.0105681,454,,,,454,,open,false,,,Tricolored Munia,Lonchura malacca,Capuchino Tricolor de la India,Aves,979790
36320781,e766ca2d-1945-4e76-bd4e-89603aac0e99,2019/09/20 11:12 AM IST,2019-09-20,2019-09-20 07:42:00 +0200,Kolkata,951127,aniruddha_singhamahapatra,Aniruddha Singhamahapatra,2019-12-03 17:38:39 +0100,2024-02-20 08:55:48 +0100,research,CC-BY-NC,https://www.inaturalist.org/observations/36320781,https://inaturalist-open-data.s3.amazonaws.com/photos/57400385/medium.jpeg,,"",,5,1,false,,"Kadma, Bankura, West Bengal 722151, India",22.988771,87.0105681,454,,,,454,,open,false,,,Tricolored Munia,Lonchura malacca,Capuchino Tricolor de la India,Aves,979790
36755460,91d383dd-f179-40f1-8f83-71556ba15061,2017/10/18 10:39 AM IST,2017-10-18,2017-10-18 07:09:00 +0200,Kolkata,951127,aniruddha_singhamahapatra,Aniruddha Singhamahapatra,2019-12-18 18:39:00 +0100,2024-02-20 08:55:50 +0100,research,CC-BY-NC,https://www.inaturalist.org/observations/36755460,https://inaturalist-open-data.s3.amazonaws.com/photos/58151195/medium.jpeg,,"",,7,2,false,,"Harmasra, West Bengal 722151, India",23.0044118681,87.0094523019,887,,,,887,,open,false,,,Tricolored Munia,Lonchura malacca,Capuchino Tricolor de la India,Aves,979790
36877276,6cbf59bc-2b5e-46cf-9372-c87158d4063d,2019/11/29 11:25 AM -0500,2019-11-29,2019-11-29 17:25:00 +0100,Bogota,86081,camilojotage,Gabriel Camilo Jaramillo Giraldo,2019-12-23 08:53:16 +0100,2024-02-20 08:55:51 +0100,research,CC-BY-NC-SA,https://www.inaturalist.org/observations/36877276,https://inaturalist-open-data.s3.amazonaws.com/photos/58367089/medium.jpeg,,"","",2,0,false,,"Santo Domingo, Antioquia, Colombia",6.5478846007,-75.2114648997,8,,,,8,,open,false,,,Lonchura malacca,Lonchura malacca,Capuchino Tricolor de la India,Aves,979790
37121537,8b0cb764-6a81-4985-9d60-e9705ce8428d,2019-09-19 7:34:39 AM GMT+05:30,2019-09-19,2019-09-19 04:04:39 +0200,Kolkata,2304517,supratimdeb,Supratim Deb,2019-12-31 06:20:00 +0100,2022-04-19 00:11:42 +0200,research,"",https://www.inaturalist.org/observations/37121537,https://inaturalist-open-data.s3.amazonaws.com/photos/58796708/medium.jpeg,,"",,1,0,false,2,Rajarhat,22.6236288332,88.4409800917,8415,,,,8415,,open,false,gps,gps,Tricolored Munia,Lonchura malacca,Capuchino Tricolor de la India,Aves,979790
37122845,37cfc2e6-6463-4a9d-a8b0-4ce4427282b0,2019-08-31 8:50:12 AM GMT+05:30,2019-08-31,2019-08-31 05:20:12 +0200,Chennai,2509244,awayk3n,awayk3n,2019-12-31 07:54:25 +0100,2024-02-20 08:55:43 +0100,research,,https://www.inaturalist.org/observations/37122845,https://static.inaturalist.org/photos/58799057/medium.jpg,,"",,3,0,false,2,"Vellode, Tamil Nadu 638112, India",11.2340910979,77.6586235687,1052,,,,1052,,open,false,gps,gps,Lonchura malacca,Lonchura malacca,Capuchino Tricolor de la India,Aves,979790
37641305,a45de31c-48ed-4fa3-b96b-4a0224dce334,2019-12-01 1:45:03 PM GMT+05:30,2019-12-01,2019-12-01 09:15:03 +0100,Chennai,2528420,gopi1,Gopi Krishan Sahu,2020-01-16 06:14:51 +0100,2024-05-02 16:45:22 +0200,research,,https://www.inaturalist.org/observations/37641305,https://static.inaturalist.org/photos/59710719/medium.jpeg,,"",Gopi sahu,4,0,false,2,"Parsuli, Chhattisgarh 493773, India",20.6769781016,81.6170283034,901,,,,901,,open,false,,,Tricolored Munia,Lonchura malacca,Capuchino Tricolor de la India,Aves,979790
38155292,84870a61-e8db-47b0-bb7e-f53e6d3a2215,2012/06/12 6:04 PM IST,2012-06-12,2012-06-12 14:34:00 +0200,Mumbai,23043,sushantmore,S.MORE,2020-01-31 21:30:23 +0100,2024-03-11 16:51:08 +0100,research,CC0,https://www.inaturalist.org/observations/38155292,https://inaturalist-open-data.s3.amazonaws.com/photos/60601136/medium.jpeg,,"","",5,0,false,,"Dombivli, Maharashtra, India",19.2094006,73.0939483,5362,,,,5362,,open,false,,,Tricolored Munia,Lonchura malacca,Capuchino Tricolor de la India,Aves,979790
38793652,b6e8618c-55da-4e79-a41c-14b24e914463,2020/02/10 10:27 AM -0500,2020-02-10,2020-02-10 16:27:00 +0100,Quito,780896,rudygelis,Rudy Gelis,2020-02-18 14:18:35 +0100,2025-04-03 16:15:25 +0200,research,,https://www.inaturalist.org/observations/38793652,https://static.inaturalist.org/photos/61710398/medium.jpeg,,"","",1,0,false,,"Naranjal, Ecuador",-2.4441371517,-79.6346920599,5924,,,,5924,,open,false,,,Lonchura malacca,Lonchura malacca,Capuchino Tricolor de la India,Aves,979790
38804710,41538c23-a66b-4919-a376-6768537efa43,2017/10/14 9:52 AM -0300,2017-10-14,2017-10-14 13:52:00 +0200,Brasilia,751143,jsangiovanni,Juan Sangiovanni,2020-02-18 20:22:29 +0100,2024-02-20 08:56:01 +0100,research,CC-BY-NC,https://www.inaturalist.org/observations/38804710,https://static.inaturalist.org/photos/61728777/medium.jpg,,"monjita tricolor, Lonchura malacca",,4,0,false,,"Monte Plata, República Dominicana",18.6241288244,-69.7570126614,2,,,,2,,open,false,,,Tricolored Munia,Lonchura malacca,Capuchino Tricolor de la India,Aves,979790
38836410,0ed6c30f-bd4d-4623-ba20-ce463d20333c,2020/02/16 8:31 AM SST,2020-02-16,2020-02-15 19:31:00 +0100,Samoa,2442491,lenoragz,Lenora Gutierrez-Zamora M.,2020-02-19 16:58:42 +0100,2025-04-03 17:18:09 +0200,research,CC-BY-NC,https://www.inaturalist.org/observations/38836410,https://inaturalist-open-data.s3.amazonaws.com/photos/61776596/medium.jpg,,"",,1,0,false,,"Othón P. Blanco, Q.R., México",18.495040343,-88.5707662039,10075,,,,10075,,open,false,,,Lonchura malacca,Lonchura malacca,Capuchino Tricolor de la India,Aves,979790
39206338,c81ff39a-ae49-422a-9167-0b2b307838b7,2020/02/04 10:43 AM GMT,2020-02-04,2020-02-04 11:43:00 +0100,London,2401694,william_stephens,William Stephens,2020-02-25 15:45:46 +0100,2024-02-20 12:55:34 +0100,research,CC-BY,https://www.inaturalist.org/observations/39206338,https://inaturalist-open-data.s3.amazonaws.com/photos/62168998/medium.jpg,,"2020, Birds, Lonchura malacca, Sri Lanka, Tricoloured Munia, Waxbills and Allies",,4,0,false,,"Anuradhapura, Sri Lanka",8.3757766667,80.0745183333,,,,,,,open,false,,,Tricolored Munia,Lonchura malacca,Capuchino Tricolor de la India,Aves,979790
39435457,432fcbd6-b946-4e38-96d6-76f9ff729b86,2020/03/01 9:01 AM CST,2020-03-01,2020-03-01 16:01:00 +0100,Mexico City,536291,trinchan,Luis Trinchan,2020-03-02 03:55:11 +0100,2024-02-20 12:55:33 +0100,research,CC-BY-NC,https://www.inaturalist.org/observations/39435457,https://inaturalist-open-data.s3.amazonaws.com/photos/62566448/medium.jpeg,,"",,2,0,false,,"Yucatán, MX",21.0639895444,-89.7848291153,2023,,,,30415,obscured,open,true,,,Capuchino Tricolor,Lonchura malacca,Capuchino Tricolor de la India,Aves,979790
39503540,9cc1e3c6-17e0-407f-abc2-d6d6d99e89ba,2020/03/01 7:13 AM CST,2020-03-01,2020-03-01 14:13:00 +0100,Central Time (US & Canada),1067600,ramontrinchan,Ramón Trinchan,2020-03-03 22:10:59 +0100,2025-04-04 04:14:40 +0200,research,CC-BY-NC,https://www.inaturalist.org/observations/39503540,https://inaturalist-open-data.s3.amazonaws.com/photos/62683133/medium.jpeg,,"","",1,0,false,,"Mérida, Yuc., México",21.1497222,-89.5952777,2023,,,,2023,,open,false,,,Lonchura malacca,Lonchura malacca,Capuchino Tricolor de la India,Aves,979790
39631212,27a5d4a2-c898-4c24-bbed-900fe9211aa6,2020/02/16 12:10 PM -0500,2020-02-16,2020-02-16 18:10:00 +0100,Bogota,2231676,jumabita,"",2020-03-07 02:12:34 +0100,2024-02-20 12:55:30 +0100,research,CC-BY-NC,https://www.inaturalist.org/observations/39631212,https://inaturalist-open-data.s3.amazonaws.com/photos/62893322/medium.jpeg,,"",,2,0,false,,Embalse Abreo-Mal Paso Rionegro,6.1565763299,-75.4016781695,244,,,,244,,open,false,,,Capuchino Tricolor,Lonchura malacca,Capuchino Tricolor de la India,Aves,979790
39731303,4482964e-75d8-4450-ad31-bed8667c94b0,2020/03/08 12:55 PM -0500,2020-03-08,2020-03-08 18:55:00 +0100,Bogota,2231676,jumabita,"",2020-03-09 01:39:45 +0100,2025-04-04 07:08:14 +0200,research,CC-BY-NC,https://www.inaturalist.org/observations/39731303,https://inaturalist-open-data.s3.amazonaws.com/photos/63062262/medium.jpg,,"",En bandada mixta junto con Lonchura atricapilla,1,0,false,,Embalse Abreo-Mal Paso Rionegro,6.1565763299,-75.4016781695,244,,,,244,,open,false,,,Tricolored Munia,Lonchura malacca,Capuchino Tricolor de la India,Aves,979790
39740906,308104d1-c691-4fe5-874a-1fce169bfe7d,2020/03/07 11:18 AM CST,2020-03-07,2020-03-07 18:18:00 +0100,Mexico City,536291,trinchan,Luis Trinchan,2020-03-09 05:21:10 +0100,2024-02-20 12:55:31 +0100,research,CC-BY-NC,https://www.inaturalist.org/observations/39740906,https://inaturalist-open-data.s3.amazonaws.com/photos/63080630/medium.jpeg,,"",,2,0,false,,"Yucatán, MX",21.0050054082,-89.736121635,2023,,,,30415,obscured,open,true,,,Lonchura malacca,Lonchura malacca,Capuchino Tricolor de la India,Aves,979790
39741125,1f2aa670-d1d3-4689-910e-7e27564f56c7,2020/03/06 9:58 AM CST,2020-03-06,2020-03-06 16:58:00 +0100,Mexico City,536291,trinchan,Luis Trinchan,2020-03-09 05:26:53 +0100,2025-04-04 07:17:39 +0200,research,CC-BY-NC,https://www.inaturalist.org/observations/39741125,https://inaturalist-open-data.s3.amazonaws.com/photos/63081031/medium.jpeg,,"",,1,0,false,,"Mérida, Yuc., México",21.1538046529,-89.6302966209,2023,,,,2023,,open,false,,,Capuchino Tricolor,Lonchura malacca,Capuchino Tricolor de la India,Aves,979790
40095540,6b9b9963-dbe7-4465-9cc6-0a77b82edca9,2020/03/14 3:38 PM CST,2020-03-14,2020-03-14 22:38:00 +0100,Mexico City,386519,paleo,Obed Palagot Echavarria,2020-03-16 21:12:26 +0100,2020-03-16 22:12:45 +0100,research,CC-BY-SA,https://www.inaturalist.org/observations/40095540,https://inaturalist-open-data.s3.amazonaws.com/photos/63662389/medium.jpeg,,"",,1,0,false,,"Nuevo, Ángel R. Cabada, Ver., México",18.596443152,-95.4341026233,4,,,,4,,open,false,,,Capuchino Tricolor,Lonchura malacca,Capuchino Tricolor de la India,Aves,979790
40557713,4e7ab8fd-f841-4c45-a4a1-264ec049a69b,2019/03/10 6:48 AM CST,2019-03-10,2019-03-10 13:48:00 +0100,Central America,737498,fcodubon,Francisco Dubón,2020-03-23 00:30:11 +0100,2024-02-20 12:55:23 +0100,research,CC-BY-NC,https://www.inaturalist.org/observations/40557713,https://inaturalist-open-data.s3.amazonaws.com/photos/64277063/medium.jpeg,,"","",2,0,false,,"Aeropuerto Ramon Villeda Morales, La Lima, Honduras",15.452686173,-87.930858386,61,,,,61,,open,false,,,Tricolored Munia,Lonchura malacca,Capuchino Tricolor de la India,Aves,979790
40613527,80ac29bc-9600-47dc-9a28-e8bf888e07b7,2018/01/26 3:00 PM CST,2018-01-26,2018-01-26 22:00:00 +0100,Central America,737498,fcodubon,Francisco Dubón,2020-03-24 01:11:29 +0100,2024-02-20 12:55:22 +0100,research,CC-BY-NC,https://www.inaturalist.org/observations/40613527,https://inaturalist-open-data.s3.amazonaws.com/photos/64370550/medium.jpeg,,"","",2,0,false,,"El Crique, La Lima, Honduras",15.4051613747,-87.9479429617,31,,,,31,,open,false,,,Tricolored Munia,Lonchura malacca,Capuchino Tricolor de la India,Aves,979790
40675476,04415e99-7fe2-4c17-a30f-2fe06acdf0a3,2017/10/30 10:12 AM CST,2017-10-30,2017-10-30 17:12:00 +0100,Central America,737498,fcodubon,Francisco Dubón,2020-03-25 03:42:32 +0100,2024-02-20 12:55:24 +0100,research,CC-BY-NC,https://www.inaturalist.org/observations/40675476,https://inaturalist-open-data.s3.amazonaws.com/photos/64477558/medium.jpeg,,"","",2,0,false,,"La Lima, Honduras",15.4605565823,-87.9272687885,61,,,,61,,open,false,,,Tricolored Munia,Lonchura malacca,Capuchino Tricolor de la India,Aves,979790
40716389,0e9e08ce-bd6b-4154-964f-1675b5728d03,2017/01/29 9:02 AM CST,2017-01-29,2017-01-29 16:02:00 +0100,Central America,737498,fcodubon,Francisco Dubón,2020-03-25 22:28:22 +0100,2024-02-20 12:55:25 +0100,research,CC-BY-NC,https://www.inaturalist.org/observations/40716389,https://inaturalist-open-data.s3.amazonaws.com/photos/64545213/medium.jpeg,,"","",2,0,false,,"Lagunas de Oxidacion de El Progreso, Honduras",15.4176604583,-87.8155450366,122,,,,122,,open,false,,,Tricolored Munia,Lonchura malacca,Capuchino Tricolor de la India,Aves,979790
40726530,1fb09144-a0ce-4309-a62d-5e0c4e08acd9,2016/10/01 4:02 PM CST,2016-10-01,2016-10-02 00:02:00 +0200,Central America,737498,fcodubon,Francisco Dubón,2020-03-26 01:33:57 +0100,2024-02-20 12:55:27 +0100,research,CC-BY-NC,https://www.inaturalist.org/observations/40726530,https://inaturalist-open-data.s3.amazonaws.com/photos/64561412/medium.jpeg,,"","",2,0,false,,"Quimistán, Honduras",15.3209153095,-88.4354803974,15,,,,15,,open,false,,,Tricolored Munia,Lonchura malacca,Capuchino Tricolor de la India,Aves,979790
40730089,1d4659f4-25a0-4d1d-b6b4-851fc9babce3,2016/07/31 9:23 AM CST,2016-07-31,2016-07-31 17:23:00 +0200,Central America,737498,fcodubon,Francisco Dubón,2020-03-26 02:47:07 +0100,2024-02-20 12:55:28 +0100,research,CC-BY-NC,https://www.inaturalist.org/observations/40730089,https://inaturalist-open-data.s3.amazonaws.com/photos/64566834/medium.jpeg,,"","",2,0,false,,"Potrerillos, Honduras",15.2291725647,-87.957191971,31,,,,31,,open,false,,,Tricolored Munia,Lonchura malacca,Capuchino Tricolor de la India,Aves,979790
40758638,5bd770f4-6e57-4386-97b5-c00829583522,2015/09/06 9:02 AM CST,2015-09-06,2015-09-06 17:02:00 +0200,Central America,737498,fcodubon,Francisco Dubón,2020-03-26 16:54:46 +0100,2024-02-20 12:55:19 +0100,research,CC-BY-NC,https://www.inaturalist.org/observations/40758638,https://inaturalist-open-data.s3.amazonaws.com/photos/64609315/medium.jpeg,,"","",2,0,false,,"El Progreso, Honduras",15.4173759158,-87.8158726844,31,,,,31,,open,false,,,Tricolored Munia,Lonchura malacca,Capuchino Tricolor de la India,Aves,979790
40768670,79338095-0cc9-40d0-906a-bdfd368b68bb,2015/07/18 5:04 PM CST,2015-07-18,2015-07-19 01:04:00 +0200,Central America,737498,fcodubon,Francisco Dubón,2020-03-26 19:40:28 +0100,2024-02-20 12:55:18 +0100,research,CC-BY-NC,https://www.inaturalist.org/observations/40768670,https://inaturalist-open-data.s3.amazonaws.com/photos/64624612/medium.jpeg,,"","",2,0,false,,"LA GUAMA, Honduras",14.9030278166,-87.9539104245,15,,,,15,,open,false,,,Tricolored Munia,Lonchura malacca,Capuchino Tricolor de la India,Aves,979790
40804798,4598b6b4-12dc-4b2f-90be-402312f65803,2019/09/19 9:48 AM IST,2019-09-19,2019-09-19 06:18:00 +0200,Kolkata,2304517,supratimdeb,Supratim Deb,2020-03-27 08:22:00 +0100,2024-02-20 12:55:17 +0100,research,,https://www.inaturalist.org/observations/40804798,https://inaturalist-open-data.s3.amazonaws.com/photos/64686269/medium.jpeg,,"",,4,0,false,,"Rajarhat, Kolkata, West Bengal, India",22.6236287,88.44098,6216,,,,6216,,open,false,,,Tricolored Munia,Lonchura malacca,Capuchino Tricolor de la India,Aves,979790
40833749,0fccd560-c693-443e-9eae-37a5c40bec85,2020/03/27 7:58 AM CDT,2020-03-27,2020-03-27 13:58:00 +0100,Central Time (US & Canada),1067600,ramontrinchan,Ramón Trinchan,2020-03-27 20:29:33 +0100,2020-03-28 05:27:42 +0100,research,CC-BY-NC,https://www.inaturalist.org/observations/40833749,https://inaturalist-open-data.s3.amazonaws.com/photos/64734125/medium.jpeg,,"","",2,0,false,,"Mérida, Yuc., México",21.1566311505,-89.6145882638,1206,,,,1206,,open,false,,,Capuchino Tricolor,Lonchura malacca,Capuchino Tricolor de la India,Aves,979790
40834195,4f3e7f56-cb9c-4593-989d-fb3d1b47f39e,2014/12/21 9:24 AM CST,2014-12-21,2014-12-21 16:24:00 +0100,Central America,737498,fcodubon,Francisco Dubón,2020-03-27 20:36:12 +0100,2020-04-16 20:54:05 +0200,research,CC-BY-NC,https://www.inaturalist.org/observations/40834195,https://inaturalist-open-data.s3.amazonaws.com/photos/64733219/medium.jpeg,,"","",1,0,false,,"El Progreso, Honduras",15.417046133,-87.8162272477,122,,,,122,,open,false,,,Tricolored Munia,Lonchura malacca,Capuchino Tricolor de la India,Aves,979790
40835845,0991a9de-e791-4534-8889-76b24601e1d4,2018/06/02 7:29 AM -0500,2018-06-02,2018-06-02 14:29:00 +0200,Lima,2627643,monroyfotografo,David Monroy R,2020-03-27 20:59:11 +0100,2024-02-20 12:55:13 +0100,research,CC-BY-NC,https://www.inaturalist.org/observations/40835845,https://inaturalist-open-data.s3.amazonaws.com/photos/64735863/medium.jpg,,"",,2,0,false,,"Bosque Reserva Cauquitá, Pereira, Risaralda, Colombia",4.8434404623,-75.8183240891,61,,,,61,,open,false,,,Tricolored Munia,Lonchura malacca,Capuchino Tricolor de la India,Aves,979790
41014292,78bd55d1-2e40-46d6-989d-133f1398845b,2020/03/27 8:32 AM CST,2020-03-27,2020-03-27 15:32:00 +0100,Mexico City,536291,trinchan,Luis Trinchan,2020-03-30 05:11:10 +0200,2024-02-20 12:55:14 +0100,research,CC-BY-NC,https://www.inaturalist.org/observations/41014292,https://inaturalist-open-data.s3.amazonaws.com/photos/65035840/medium.jpeg,,"",,2,0,false,,"Mérida, Yuc., México",21.1526958384,-89.6178505005,2920,,,,2920,,open,false,,,Capuchino Tricolor,Lonchura malacca,Capuchino Tricolor de la India,Aves,979790
41014295,578c383b-097b-4bbe-ba10-89319bedfcba,2020/03/27 8:38 AM CST,2020-03-27,2020-03-27 15:38:00 +0100,Mexico City,536291,trinchan,Luis Trinchan,2020-03-30 05:11:10 +0200,2024-02-20 12:55:15 +0100,research,CC-BY-NC,https://www.inaturalist.org/observations/41014295,https://inaturalist-open-data.s3.amazonaws.com/photos/65035871/medium.jpeg,,"",,2,0,false,,"Mérida, Yuc., México",21.1526958384,-89.6178505005,2920,,,,2920,,open,false,,,Capuchino Tricolor,Lonchura malacca,Capuchino Tricolor de la India,Aves,979790
41030367,f3154061-d4f5-4557-96f2-ec4e07048fe4,2019-01-20 10:25:22 AM GMT+05:30,2019-01-20,2019-01-20 05:55:22 +0100,Chennai,2050487,christojo,Christopher,2020-03-30 15:08:27 +0200,2020-04-16 09:28:41 +0200,research,CC-BY,https://www.inaturalist.org/observations/41030367,https://inaturalist-open-data.s3.amazonaws.com/photos/65065013/medium.jpeg,,"",,2,0,false,2,"Kumarakom, Kerala, India",9.5668240952,76.4416661114,163,,,,163,,open,false,gps,gps,Tricolored Munia,Lonchura malacca,Capuchino Tricolor de la India,Aves,979790
41108754,89cdab04-59d9-4523-ba66-2194ac458b98,2020/03/30 5:50 PM CDT,2020-03-30,2020-03-31 00:50:00 +0200,Central Time (US & Canada),1067600,ramontrinchan,Ramón Trinchan,2020-03-31 17:51:50 +0200,2020-04-01 07:49:06 +0200,research,CC-BY-NC,https://www.inaturalist.org/observations/41108754,https://inaturalist-open-data.s3.amazonaws.com/photos/65184849/medium.jpeg,,"","",1,0,false,,"Mérida, Yuc., México",21.1573266452,-89.6251467973,2023,,,,2023,,open,false,,,Capuchino Tricolor,Lonchura malacca,Capuchino Tricolor de la India,Aves,979790
41569553,dbbda31d-57f5-493e-8902-a3c4cd4d99f2,2019-11-28 7:42am,2019-11-28,2019-11-28 13:42:00 +0100,Eastern Time (US & Canada),70841,conuropsis,Andrew Block,2020-04-07 01:44:13 +0200,2024-11-15 16:38:12 +0100,research,CC-BY-NC,https://www.inaturalist.org/observations/41569553,https://inaturalist-open-data.s3.amazonaws.com/photos/65953730/medium.jpeg,,"","Seen just south of Lucky Hammock in the tall grasses.  This was not a captive escapee, it was a wild bird.",4,0,false,,"Frog Pond W.M.A., Aerojet Rd., Florida City, Miami-Dade Co., FL",25.395764,-80.566222,,,,,,,open,false,,,Tricolored Munia,Lonchura malacca,Capuchino Tricolor de la India,Aves,979790
41676342,5f4c1243-afae-4ec0-8cf7-560357ee959b,2020/01/01 4:03 AM CET,2020-01-01,2020-01-01 04:03:00 +0100,Paris,2629936,rajuvarghese,,2020-04-08 13:02:39 +0200,2024-02-20 12:55:09 +0100,research,CC-BY-NC,https://www.inaturalist.org/observations/41676342,https://inaturalist-open-data.s3.amazonaws.com/photos/66115761/medium.jpeg,,"",,2,0,false,,"Paddy fields near Pullur, Irinjalakuda",10.351648033,76.2631639,1868,,,,1868,,open,false,,,Tricolored Munia,Lonchura malacca,Capuchino Tricolor de la India,Aves,979790
42098171,aaeaae35-89b0-4ed3-af63-f7a05c985b28,2019/07/05 12:18 PM UTC,2019-07-05,2019-07-05 14:18:00 +0200,UTC,1957220,arturoriquer,Arturo Riquer,2020-04-13 18:32:01 +0200,2024-08-12 16:13:50 +0200,research,,https://www.inaturalist.org/observations/42098171,https://static.inaturalist.org/photos/66819655/medium.jpg,,"",,3,0,false,,"Tres Garantías, Q.R., México",18.1924999,-88.9827777,2061,,,,2061,,open,false,,,Capuchino Tricolor,Lonchura malacca,Capuchino Tricolor de la India,Aves,979790
42166371,60b05db9-6259-43b0-a1aa-5d78296e5aaa,2019/12/15 12:05 PM IST,2019-12-15,2019-12-15 07:35:00 +0100,Chennai,735021,anilamanalil,"",2020-04-14 17:46:34 +0200,2020-08-16 08:01:24 +0200,research,CC-BY-NC,https://www.inaturalist.org/observations/42166371,https://inaturalist-open-data.s3.amazonaws.com/photos/66936619/medium.jpeg,,"",,5,0,false,,"Kerala, India",10.8505159,76.2710833,247803,,,,247803,,open,false,,,Tricolored Munia,Lonchura malacca,Capuchino Tricolor de la India,Aves,979790
42317129,e361c924-9b57-4b23-a8db-6fddcbb8e076,1999/11/28 4:52 PM EST,1999-11-28,1999-11-28 22:52:00 +0100,Eastern Time (US & Canada),792295,md-in-ns15,Mark Dennis,2020-04-16 17:54:28 +0200,2024-02-20 12:55:11 +0100,research,CC-BY-NC,https://www.inaturalist.org/observations/42317129,https://inaturalist-open-data.s3.amazonaws.com/photos/67187296/medium.jpg,,"",,3,0,false,,"Baga Hill Anjuna, Goa 403519, India",15.5682492911,73.7496152118,230,,,,230,,open,false,,,Tricolored Munia,Lonchura malacca,Capuchino Tricolor de la India,Aves,979790
43051202,031eadbd-9ab6-4a24-aff1-41639625294a,2019/12/14 8:57 AM UTC,2019-12-14,,UTC,2050487,christojo,Christopher,2020-04-24 12:30:16 +0200,2024-02-20 08:51:22 +0100,research,CC-BY,https://www.inaturalist.org/observations/43051202,https://inaturalist-open-data.s3.amazonaws.com/photos/68355530/medium.jpeg,,"",,4,0,false,,"Kodimatha, Kottayam, Kerala, India",9.5781991571,76.5285245739,61,,,,61,,open,false,,,Tricolored Munia,Lonchura malacca,Capuchino Tricolor de la India,Aves,979790
43663531,3be7e5a8-c453-40b3-be82-8b6869d38fe0,2019-12-22 1:24:13 PM GMT-05:00,2019-12-22,2019-12-22 19:24:13 +0100,Bogota,2678375,eduartobando,Eduart Obando,2020-04-26 19:06:55 +0200,2024-02-20 08:51:21 +0100,research,,https://www.inaturalist.org/observations/43663531,https://static.inaturalist.org/photos/69262110/medium.jpeg,,"",,2,0,false,2,"Popayán, Cauca, Colombia",2.4524370542,-76.6429622099,138,,,,138,,open,false,gps,gps,Capuchino Tricolor,Lonchura malacca,Capuchino Tricolor de la India,Aves,979790
44552415,8479d17b-c7c6-424f-a1d6-3569dbefa50c,2016/09/03 9:31 AM CDT,2016-09-03,2016-09-03 16:31:00 +0200,Mexico City,30050,e_gomez,Ernesto Gómez,2020-05-02 05:23:06 +0200,2024-02-20 08:51:20 +0100,research,CC-BY-NC-ND,https://www.inaturalist.org/observations/44552415,https://static.inaturalist.org/photos/70636553/medium.jpeg,,"","",2,0,false,,"Champotón, Camp., México",19.2473631686,-90.603292995,3284,,,,3284,,open,false,,,Tricolored Munia,Lonchura malacca,Capuchino Tricolor de la India,Aves,979790
44664691,a062b8e0-4cc5-4ab3-b85a-2df92e4c0f7c,2019/06/22 10:47 AM CST,2019-06-22,2019-06-22 18:47:00 +0200,Central America,1438699,jmeerman,Jan Meerman,2020-05-03 01:53:34 +0200,2024-02-20 08:51:19 +0100,research,CC-BY-NC,https://www.inaturalist.org/observations/44664691,https://inaturalist-open-data.s3.amazonaws.com/photos/70811796/medium.jpeg,,"","",3,0,false,,"Spanish Lookout, Belize",17.2429333056,-88.9657666667,,,,,,,open,false,,,Tricolored Munia,Lonchura malacca,Capuchino Tricolor de la India,Aves,979790
45745496,6127172d-3b66-4894-a655-89baff1a65ee,2019/07/29 7:20 AM -0500,2019-07-29,2019-07-29 14:20:00 +0200,Bogota,110319,gustavopisso,,2020-05-13 04:25:36 +0200,2024-02-20 08:51:18 +0100,research,CC-BY-NC,https://www.inaturalist.org/observations/45745496,https://inaturalist-open-data.s3.amazonaws.com/photos/72549781/medium.jpg,,"",,3,0,false,,"Pitalito, CO-HU, CO",1.8470384529,-76.072823676,31,,,,31,,open,false,,,Tricolored Munia,Lonchura malacca,Capuchino Tricolor de la India,Aves,979790
45850115,4243c666-1923-490c-a3cd-665fd0b20742,2017/11/05 4:04 PM IST,2017-11-05,2017-11-05 11:34:00 +0100,Chennai,2909641,mjmelvin,Melvin Jaison,2020-05-14 07:59:54 +0200,2024-02-20 08:51:17 +0100,research,CC-BY-NC,https://www.inaturalist.org/observations/45850115,https://inaturalist-open-data.s3.amazonaws.com/photos/72720009/medium.jpg,,"",,2,0,false,,"Nemam, Tamil Nadu 600124, India",13.0683005,80.0183999,1128,,,,1128,,open,false,,,Tricolored Munia,Lonchura malacca,Capuchino Tricolor de la India,Aves,979790
46666810,0588f5c8-27b0-4343-9406-2d8cf0c9354f,2017/09/26 8:33 AM -0500,2017-09-26,2017-09-26 15:33:00 +0200,Lima,2627643,monroyfotografo,David Monroy R,2020-05-21 01:57:57 +0200,2024-02-20 08:51:10 +0100,research,CC-BY-NC,https://www.inaturalist.org/observations/46666810,https://inaturalist-open-data.s3.amazonaws.com/photos/74012222/medium.jpg,,"",,4,0,false,,"Corredor Ecológico La Dulcera, Pereira, Risaralda, Colombia",4.8100095079,-75.7103408479,375,,,,375,,open,false,,,Capuchino Tricolor,Lonchura malacca,Capuchino Tricolor de la India,Aves,979790
47271829,773ce204-ea54-44be-abcf-b5715a4ee817,2020-01-27 9:48:49 AM GMT-05:00,2020-01-27,2020-01-27 15:48:49 +0100,Bogota,1118973,julianavillaberrio,Juliana M. Villa Berrio,2020-05-25 17:06:25 +0200,2024-02-20 08:51:11 +0100,research,CC-BY-NC,https://www.inaturalist.org/observations/47271829,https://static.inaturalist.org/photos/74971700/medium.jpeg,,"",,3,0,false,2,University of Antioquia Sectional East,6.1056069648,-75.3875794262,263,,,,263,,open,false,gps,gps,Tricolored Munia,Lonchura malacca,Capuchino Tricolor de la India,Aves,979790
47966474,e7ef69d1-a772-4efa-bf59-612ded14bb7a,2020-05-24 7:31:04 AM GMT+05:30,2020-05-24,2020-05-24 04:01:04 +0200,Chennai,1347051,regimani,"",2020-05-31 13:53:32 +0200,2024-02-20 08:51:12 +0100,research,CC-BY-NC,https://www.inaturalist.org/observations/47966474,https://inaturalist-open-data.s3.amazonaws.com/photos/76091857/medium.jpeg,,"",,5,0,false,2,"Kaduppassery, Kerala, India",10.3306247309,76.2542561442,2789,,,,2789,,open,false,gps,gps,Tricolored Munia,Lonchura malacca,Capuchino Tricolor de la India,Aves,979790
48192946,935e7142-e7be-4125-85c8-3671bbbd54b6,Tue Jun 02 2020 06:53:02 GMT+0530 (GMT+5:30),2020-06-02,2020-06-02 03:23:02 +0200,Chennai,3071678,ravikav,,2020-06-02 04:02:20 +0200,2020-07-02 10:33:13 +0200,research,CC-BY-NC,https://www.inaturalist.org/observations/48192946,https://inaturalist-open-data.s3.amazonaws.com/photos/76454562/medium.jpg,,"","Munia like bird, black head and top, neck and under side pure white.",2,0,false,3,"Sastha Road, Palakkad, Kerala, IN",10.79145833,76.654175,5,,,,5,,open,false,,,Tricolored Munia,Lonchura malacca,Capuchino Tricolor de la India,Aves,979790
48249027,6c05e423-e779-4786-87c0-f890029efdbf,2020-05-11,2020-05-11,,Mexico City,381189,marcheloi,"",2020-06-02 18:59:36 +0200,2024-02-20 08:51:13 +0100,research,CC-BY-NC,https://www.inaturalist.org/observations/48249027,https://inaturalist-open-data.s3.amazonaws.com/photos/76546925/medium.jpeg,,"","",3,0,false,,"Benito Juárez, MX-QR, MX",20.98229,-86.832719,124,,,,124,,open,false,,,Tricolored Munia,Lonchura malacca,Capuchino Tricolor de la India,Aves,979790
48679179,072f6d61-85cf-4f0a-8c75-37de09094940,2019/10/17 5:08 PM IST,2019-10-17,2019-10-17 13:38:00 +0200,Chennai,1167634,samraj,Sam raj,2020-06-06 20:10:27 +0200,2024-02-20 08:51:14 +0100,research,CC-BY-NC,https://www.inaturalist.org/observations/48679179,https://inaturalist-open-data.s3.amazonaws.com/photos/77249871/medium.jpg,,"",,2,0,false,,"District - Udham Singh Nagar, Pantnagar, Uttarakhand 263153, India",29.0228626,79.4879412,192,,,,192,,open,false,,,Tricolored Munia,Lonchura malacca,Capuchino Tricolor de la India,Aves,979790
48695968,060ea6fb-fdff-478b-9692-9138f8fe1710,2018-09-05 4:14:02 PM CDT,2018-09-05,2018-09-05 23:14:02 +0200,Central Time (US & Canada),2869854,santanadnl,Luis Daniel Santana Moreno,2020-06-06 22:14:41 +0200,2024-03-14 01:07:18 +0100,research,CC-BY-NC-SA,https://www.inaturalist.org/observations/48695968,https://static.inaturalist.org/photos/77279256/medium.jpeg,,"",,3,0,false,2,"Hopelchén, MX-CM, MX",19.583536712,-89.9964212626,17,,,,17,,open,false,gps,gps,Capuchino Tricolor,Lonchura malacca,Capuchino Tricolor de la India,Aves,979790
48899139,21f96353-6a96-4c91-9dc8-0276a60b7db9,2020/06/07 6:48 AM IST,2020-06-07,2020-06-07 03:18:00 +0200,Mumbai,2955404,rameshdesai,Ramesh Desai,2020-06-08 13:50:23 +0200,2024-02-20 08:51:57 +0100,research,,https://www.inaturalist.org/observations/48899139,https://static.inaturalist.org/photos/77609226/medium.jpeg,,"",,2,0,false,,"Bhutnal Lake, Bijapur, Karnataka, India",16.8865018516,75.7099055128,122,,,,122,,open,false,,,Tricolored Munia,Lonchura malacca,Capuchino Tricolor de la India,Aves,979790
49199803,82b51540-1721-4ae7-a848-3dcf12eeb5e9,2020-06-07 2:28:20 PM GMT+05:30,2020-06-07,2020-06-07 10:58:20 +0200,Chennai,668311,afsarnayakkan,Afsar Nayakkan,2020-06-11 07:41:37 +0200,2024-05-20 19:17:40 +0200,research,CC-BY,https://www.inaturalist.org/observations/49199803,https://inaturalist-open-data.s3.amazonaws.com/photos/78098079/medium.jpeg,,"",,4,0,false,2,Kattampally,11.9446846435,75.3849381208,2104,,,,2104,,open,false,gps,gps,Tricolored Munia,Lonchura malacca,Capuchino Tricolor de la India,Aves,979790
49683138,9bdd57b0-0c2d-4dbe-89ca-12635314a2c3,2020-05-29 9:41:31 AM GMT-05:00,2020-05-29,2020-05-29 16:41:31 +0200,Lima,2585635,davidgomez2327,,2020-06-15 06:09:54 +0200,2024-02-20 08:51:35 +0100,research,CC-BY-NC,https://www.inaturalist.org/observations/49683138,https://inaturalist-open-data.s3.amazonaws.com/photos/78875374/medium.jpeg,,"",,3,0,false,2,Viterbo,5.06064286,-75.8723558486,2104,,,,2104,,open,false,gps,gps,Capuchino Tricolor,Lonchura malacca,Capuchino Tricolor de la India,Aves,979790
50223275,3f57fd58-b609-47a2-8919-aef7ea863a9a,2018/09/10 4:52 PM CDT,2018-09-10,2018-09-10 23:52:00 +0200,Mexico City,271372,aguilargm,"",2020-06-20 05:04:12 +0200,2024-02-20 08:50:56 +0100,research,CC-BY-NC,https://www.inaturalist.org/observations/50223275,https://inaturalist-open-data.s3.amazonaws.com/photos/79751961/medium.jpg,,Comiendo,,2,0,false,,"Emiliano Zapata, Tab., México",17.9250646854,-91.7838501654,16,,,,16,,open,false,,,Tricolored Munia,Lonchura malacca,Capuchino Tricolor de la India,Aves,979790
50513376,7e5ec791-b04e-416b-9bd0-cfb8ecbc68a5,2020/06/22 6:11 AM IST,2020-06-22,2020-06-22 02:41:00 +0200,Mumbai,2955404,rameshdesai,Ramesh Desai,2020-06-22 05:52:30 +0200,2024-02-20 08:51:08 +0100,research,,https://www.inaturalist.org/observations/50513376,https://static.inaturalist.org/photos/80207535/medium.jpeg,,"",,2,0,false,,"Bhutnal Lake, Bijapur, Karnataka, India",16.8865018516,75.7099055128,122,,,,122,,open,false,,,Tricolored Munia,Lonchura malacca,Capuchino Tricolor de la India,Aves,979790
50569137,e461df08-3399-4f47-9f42-fd497f2ae657,2018/07/21 IST,2018-07-21,,Chennai,1139134,sharmabc,Sharma BC,2020-06-22 19:05:44 +0200,2024-02-20 08:50:55 +0100,research,CC-BY-NC,https://www.inaturalist.org/observations/50569137,https://inaturalist-open-data.s3.amazonaws.com/photos/80296671/medium.jpg,,"",,2,0,false,,"459, 8th Main Rd, MS Ramaiah City Layout, 8th Phase, Arekere, Bengaluru, Karnataka 560076, India",12.8799685,77.5870438,220,,,,220,,open,false,,,Tricolored Munia,Lonchura malacca,Capuchino Tricolor de la India,Aves,979790
50625431,a719e932-e376-43ec-93f0-a07c7103e3f6,2016/09/24 7:51 AM -0500,2016-09-24,2016-09-24 14:51:00 +0200,Bogota,708723,dodo_colombia,Fundación Dodo Colombia,2020-06-23 04:03:13 +0200,2024-08-31 14:13:46 +0200,research,CC-BY-NC,https://www.inaturalist.org/observations/50625431,https://inaturalist-open-data.s3.amazonaws.com/photos/80394363/medium.jpg,,"",,1,0,false,,Humedal Capellanía,4.6749827603,-74.1306393549,50,,,,50,,open,false,,,Capuchino Tricolor,Lonchura malacca,Capuchino Tricolor de la India,Aves,979790
50876202,5883685b-ed71-485c-847a-73f34d97466c,2017/12/25 8:54 AM IST,2017-12-25,2017-12-25 04:24:00 +0100,Mumbai,1360894,aditya_gadkari,Aditya Gadkari,2020-06-25 14:33:15 +0200,2024-02-20 08:51:25 +0100,research,CC-BY-NC,https://www.inaturalist.org/observations/50876202,https://inaturalist-open-data.s3.amazonaws.com/photos/80807954/medium.jpeg,,"",,2,0,false,,"Betwade Gaon, Thane, Maharashtra 400612, India",19.1945550819,73.0696235958,2,,,,2,,open,false,,,Tricolored Munia,Lonchura malacca,Capuchino Tricolor de la India,Aves,979790
51467477,aad477fb-eb5e-4602-9e22-1ef41943577c,2016/12/20 6:41 AM +0300,2016-12-20,2016-12-20 04:41:00 +0100,Istanbul,2941588,titi-uu,"",2020-06-30 15:41:19 +0200,2024-02-20 08:51:47 +0100,research,CC-BY-NC,https://www.inaturalist.org/observations/51467477,https://inaturalist-open-data.s3.amazonaws.com/photos/81774530/medium.jpeg,,"",,3,0,false,,"Bachhauli, Ratnanagar 44200, Nepal",27.5842404447,84.4889312556,1832,,,,1832,,open,false,,,Tricolored Munia,Lonchura malacca,Capuchino Tricolor de la India,Aves,979790
52077146,64dad2f9-2361-47f8-9bce-fc8c162c936b,2007/09/23 3:25 PM HST,2007-09-23,2007-09-24 03:25:00 +0200,Hawaii,690395,carlosfunes,Carlos Funes,2020-07-05 23:55:53 +0200,2024-02-20 08:51:41 +0100,research,CC-BY,https://www.inaturalist.org/observations/52077146,https://inaturalist-open-data.s3.amazonaws.com/photos/82764679/medium.jpg,,"",,2,0,false,,ANP Santa Rita,13.8017975167,-90.0684627134,617,,,,617,,open,false,,,Capuchino Tricolor,Lonchura malacca,Capuchino Tricolor de la India,Aves,979790
52166160,9f1808c6-20b4-4fba-9971-d8d6f5b674dc,2020-07-06 5:41:04 PM GMT+05:30,2020-07-06,2020-07-06 14:11:04 +0200,Chennai,728921,lakshmikant,Lakshmikant Rajaram Neve,2020-07-06 19:14:27 +0200,2024-02-20 08:50:57 +0100,research,,https://www.inaturalist.org/observations/52166160,https://static.inaturalist.org/photos/82910140/medium.jpeg,,"",,4,0,false,2,"Pimprisekam, Maharashtra 425307, India",21.04898,75.8652666667,,,,,,,open,false,gps,gps,Tricolored Munia,Lonchura malacca,Capuchino Tricolor de la India,Aves,979790
53274424,6d0ca5ab-1d3a-43e6-bdf6-05c24efb22d7,2020/07/15 8:22 AM IST,2020-07-15,2020-07-15 04:52:00 +0200,Kolkata,951127,aniruddha_singhamahapatra,Aniruddha Singhamahapatra,2020-07-16 19:08:52 +0200,2024-02-20 08:50:58 +0100,research,CC-BY-NC,https://www.inaturalist.org/observations/53274424,https://inaturalist-open-data.s3.amazonaws.com/photos/84721688/medium.jpeg,,"",,3,0,false,,"Ghagar, West Bengal 722151, India",22.9756823364,86.9991295822,55,,,,55,,open,false,,,Tricolored Munia,Lonchura malacca,Capuchino Tricolor de la India,Aves,979790
53274449,fd131817-cdba-4e1f-b324-9c455e07fdd4,2020/07/15 8:29 AM IST,2020-07-15,2020-07-15 04:59:00 +0200,Kolkata,951127,aniruddha_singhamahapatra,Aniruddha Singhamahapatra,2020-07-16 19:08:59 +0200,2024-02-20 08:50:59 +0100,research,CC-BY-NC,https://www.inaturalist.org/observations/53274449,https://inaturalist-open-data.s3.amazonaws.com/photos/84721778/medium.jpeg,,"",,3,0,false,,"Ghagar, West Bengal 722151, India",22.9756823364,86.9991295822,55,,,,55,,open,false,,,Tricolored Munia,Lonchura malacca,Capuchino Tricolor de la India,Aves,979790
53274456,d16e6936-656d-45d7-ae75-5044f72bb641,2020/07/15 8:30 AM IST,2020-07-15,2020-07-15 05:00:00 +0200,Kolkata,951127,aniruddha_singhamahapatra,Aniruddha Singhamahapatra,2020-07-16 19:09:01 +0200,2024-02-20 08:51:00 +0100,research,CC-BY-NC,https://www.inaturalist.org/observations/53274456,https://inaturalist-open-data.s3.amazonaws.com/photos/84721815/medium.jpeg,,"",,3,0,false,,"Ghagar, West Bengal 722151, India",22.9756823364,86.9991295822,55,,,,55,,open,false,,,Tricolored Munia,Lonchura malacca,Capuchino Tricolor de la India,Aves,979790
53274464,c543426b-5bad-4ad7-9fef-e5119f0842d2,2020/07/15 8:32 AM IST,2020-07-15,2020-07-15 05:02:00 +0200,Kolkata,951127,aniruddha_singhamahapatra,Aniruddha Singhamahapatra,2020-07-16 19:09:05 +0200,2024-02-20 08:51:01 +0100,research,CC-BY-NC,https://www.inaturalist.org/observations/53274464,https://inaturalist-open-data.s3.amazonaws.com/photos/84721839/medium.jpeg,,"",,3,0,false,,"Ghagar, West Bengal 722151, India",22.9756823364,86.9991295822,55,,,,55,,open,false,,,Tricolored Munia,Lonchura malacca,Capuchino Tricolor de la India,Aves,979790
53789365,79269336-eb35-4323-bebb-6e0e6122dfe7,2019-05-04 8:24:59 AM GMT-05:00,2019-05-04,2019-05-04 15:24:59 +0200,Bogota,2452846,tatiana156,Tatiana Velasquez,2020-07-21 02:11:41 +0200,2024-02-20 08:51:02 +0100,research,CC-BY-NC,https://www.inaturalist.org/observations/53789365,https://inaturalist-open-data.s3.amazonaws.com/photos/85563431/medium.jpeg,,"",,3,0,false,2,"Rancho California,Calarcá, Quindío, Colombia",4.366662949,-75.7808948681,526,,,,526,,open,false,gps,gps,Capuchino Tricolor,Lonchura malacca,Capuchino Tricolor de la India,Aves,979790
54041083,1bfad32e-6908-40ba-803e-ad6441ecca0d,2020-07-23 4:50:33 PM GMT+05:30,2020-07-23,2020-07-23 13:20:33 +0200,Chennai,2543766,avinashbhoi,Avinash Bhoi,2020-07-23 13:26:39 +0200,2024-02-20 08:51:03 +0100,research,,https://www.inaturalist.org/observations/54041083,https://static.inaturalist.org/photos/85970674/medium.jpeg,,"",,2,0,false,2,"Chhattisgarh 491557, India",21.0858865382,80.6676195189,184,,,,184,,open,false,gps,gps,Tricolored Munia,Lonchura malacca,Capuchino Tricolor de la India,Aves,979790
54102474,9262543b-cef6-4291-99e4-ceb5812aafbe,2020-07-10 10:29:57 AM GMT-05:00,2020-07-10,2020-07-10 17:29:57 +0200,Bogota,3304130,santiago294,Santiago Toro Salas,2020-07-24 00:22:27 +0200,2024-02-21 00:30:28 +0100,research,,https://www.inaturalist.org/observations/54102474,https://static.inaturalist.org/photos/86068006/medium.jpeg,,"",,3,0,false,2,Monte Jazmin,4.8607899589,-75.7297159731,263,,,,263,,open,false,gps,gps,Capuchino Tricolor,Lonchura malacca,Capuchino Tricolor de la India,Aves,979790
54253830,62930ffb-c701-46e2-b5da-8197a530cc98,2018/09/25 1:49 PM IST,2018-09-25,2018-09-25 10:19:00 +0200,Chennai,1423584,rujutavinod,Rujuta Vinod,2020-07-25 13:21:00 +0200,2024-11-28 18:06:22 +0100,research,CC-BY-NC,https://www.inaturalist.org/observations/54253830,https://inaturalist-open-data.s3.amazonaws.com/photos/86319197/medium.jpeg,,"","",1,0,false,,"Kalewadi, Maharashtra, India",18.2203480556,74.8430313889,,,,,,,open,false,,,Tricolored Munia,Lonchura malacca,Capuchino Tricolor de la India,Aves,979790
54253868,3f672c2e-e50c-444a-bd56-a27f27405489,2018/09/26 9:18 AM IST,2018-09-26,2018-09-26 05:48:00 +0200,Chennai,1423584,rujutavinod,Rujuta Vinod,2020-07-25 13:21:19 +0200,2024-11-28 18:06:22 +0100,research,CC-BY-NC,https://www.inaturalist.org/observations/54253868,https://inaturalist-open-data.s3.amazonaws.com/photos/86320448/medium.jpeg,,"","",2,0,false,,"Pune, Maharashtra, India",18.2106263889,74.8365080556,,,,,,,open,false,,,Tricolored Munia,Lonchura malacca,Capuchino Tricolor de la India,Aves,979790
54253869,2109ab4f-9515-40f9-a88c-7e586f959fe5,2018/09/26 9:12 AM IST,2018-09-26,2018-09-26 05:42:00 +0200,Chennai,1423584,rujutavinod,Rujuta Vinod,2020-07-25 13:21:19 +0200,2024-11-28 18:06:22 +0100,research,CC-BY-NC,https://www.inaturalist.org/observations/54253869,https://inaturalist-open-data.s3.amazonaws.com/photos/86320479/medium.jpeg,,"","",3,0,false,,"Pune, Maharashtra, India",18.21061,74.8364930556,,,,,,,open,false,,,Tricolored Munia,Lonchura malacca,Capuchino Tricolor de la India,Aves,979790
54457770,25ad593e-73f2-4a25-a6a8-942041db56c7,2020/07/26 7:42 AM -0500,2020-07-26,2020-07-26 14:42:00 +0200,Bogota,2466177,yemaytoro,Yemay Toro López,2020-07-27 00:27:00 +0200,2020-07-27 00:34:33 +0200,research,CC-BY-NC,https://www.inaturalist.org/observations/54457770,https://inaturalist-open-data.s3.amazonaws.com/photos/86644397/medium.jpeg,,"","",1,0,false,,"La Tebaida, Quindío, Colombia",4.4194970156,-75.811987307,15,,,,15,,open,false,,,Capuchino Tricolor,Lonchura malacca,Capuchino Tricolor de la India,Aves,979790
54519761,313b9118-4403-404c-80e5-be911ab038bd,2020/07/26 5:10 PM -0500,2020-07-26,2020-07-27 00:10:00 +0200,Bogota,3283415,patriciasalazars,Patricia Salazar,2020-07-27 15:57:00 +0200,2020-07-27 21:20:01 +0200,research,CC-BY-NC,https://www.inaturalist.org/observations/54519761,https://inaturalist-open-data.s3.amazonaws.com/photos/86754433/medium.jpg,,"",,3,0,false,," Reserva Natural SoñArteñoSórdoba, Quindío, Colombia",4.3890975511,-75.6892564597,122,,,,122,,open,false,,,Capuchino Tricolor,Lonchura malacca,Capuchino Tricolor de la India,Aves,979790
54544237,17bb128b-6e67-4345-9465-2bbd9e0c2fa3,2018-11-18 9:14:05 AM GMT+05:30,2018-11-18,2018-11-18 04:44:05 +0100,Chennai,2852333,elavarasan_mm,Elavarasan M,2020-07-27 19:40:02 +0200,2020-07-27 19:43:04 +0200,research,CC-BY-NC,https://www.inaturalist.org/observations/54544237,https://inaturalist-open-data.s3.amazonaws.com/photos/86794549/medium.jpeg,,"",,1,0,false,2,Salem district,11.7344603369,78.2020387799,134627,,,,134627,,open,false,gps,gps,Tricolored Munia,Lonchura malacca,Capuchino Tricolor de la India,Aves,979790
54757587,9710f1be-1a86-48e9-998a-eb13d3b3680d,2017/07/28 2:48 AM CEST,2017-07-28,2017-07-28 02:48:00 +0200,Rome,88202,alfonsomastrantonio,Alfonso Mastrantonio,2020-07-29 20:16:26 +0200,2021-01-03 07:48:28 +0100,research,CC-BY-NC,https://www.inaturalist.org/observations/54757587,https://inaturalist-open-data.s3.amazonaws.com/photos/87147501/medium.jpeg,,"",,4,0,false,,"Distretto di Moneragala, Sri Lanka",6.4691893545,80.8898448796,488,,,,488,,open,false,,,Tricolored Munia,Lonchura malacca,Capuchino Tricolor de la India,Aves,979790
55149081,38c4c9a9-8873-4d71-baee-cfd0c1a822c7,2020/08/01 6:52 AM +0600,2020-08-01,2020-08-01 02:52:00 +0200,Dhaka,1463753,sethmiller,Seth Miller,2020-08-02 15:34:29 +0200,2020-08-21 16:54:26 +0200,research,CC-BY-NC,https://www.inaturalist.org/observations/55149081,https://inaturalist-open-data.s3.amazonaws.com/photos/87795622/medium.jpg,,"",,3,0,false,,"Dhaka, BD",23.860237888,90.5254053765,244,,,,30133,obscured,open,true,,,Tricolored Munia,Lonchura malacca,Capuchino Tricolor de la India,Aves,979790
55805510,979c780c-07a6-42e8-bc7d-366a8899dbe3,2019/01/27 9:02 AM IST,2019-01-27,2019-01-27 04:32:00 +0100,Chennai,791326,suyashsawant,Suyash Sawant,2020-08-08 17:59:12 +0200,2020-08-08 19:29:33 +0200,research,CC-BY-NC,https://www.inaturalist.org/observations/55805510,https://inaturalist-open-data.s3.amazonaws.com/photos/88883613/medium.jpeg,,"","",2,0,false,,"Tirupati, Andhra Pradesh, India",13.6591163466,79.4809776291,1804,,,,1804,,open,false,,,Tricolored Munia,Lonchura malacca,Capuchino Tricolor de la India,Aves,979790
56299986,ed608c6e-d569-4c7f-8a5d-91db7eef3d08,2018/09/29 9:29 AM IST,2018-09-29,2018-09-29 05:59:00 +0200,Mumbai,2119456,udayagashe,Uday Agashe,2020-08-13 09:49:00 +0200,2020-08-13 12:48:41 +0200,research,CC-BY-NC,https://www.inaturalist.org/observations/56299986,https://inaturalist-open-data.s3.amazonaws.com/photos/89710660/medium.jpg,,"BPS, Birds, Common Indian Birds, Location, Maharashtra, Munia, Tri coloured Munia",,2,0,false,,"Mulund East, Mumbai, Maharashtra, India",19.1419248263,72.9646253586,31,,,,31,,open,false,,,Tricolored Munia,Lonchura malacca,Capuchino Tricolor de la India,Aves,979790
56299988,cb608b22-86ae-4fab-83e2-14ee31f80b80,2018/09/29 9:29 AM IST,2018-09-29,2018-09-29 05:59:00 +0200,Mumbai,2119456,udayagashe,Uday Agashe,2020-08-13 09:49:00 +0200,2020-08-13 12:49:13 +0200,research,CC-BY-NC,https://www.inaturalist.org/observations/56299988,https://inaturalist-open-data.s3.amazonaws.com/photos/89710679/medium.jpg,,"BPS, Birds, Common Indian Birds, Location, Maharashtra, Munia, Tri coloured Munia",,2,0,false,,"Mulund East, Mumbai, Maharashtra, India",19.1419248263,72.9646253586,31,,,,31,,open,false,,,Tricolored Munia,Lonchura malacca,Capuchino Tricolor de la India,Aves,979790
56336670,ae4acd96-a277-4ede-9a8b-b1cea74248d6,2019/07/26 9:37 AM +0600,2019-07-26,2019-07-26 05:37:00 +0200,Astana,2649889,zaberansary,Md. Zaber Ansary,2020-08-13 19:14:29 +0200,2020-08-13 19:18:18 +0200,research,CC-BY-NC,https://www.inaturalist.org/observations/56336670,https://inaturalist-open-data.s3.amazonaws.com/photos/89770423/medium.jpg,,"",,1,0,false,,"Dhaka District, Bangladesh",23.809016714,90.3369306222,2,,,,2,,open,false,,,Tricolored Munia,Lonchura malacca,Capuchino Tricolor de la India,Aves,979790
56511093,e9595b7d-0487-482e-84e2-9544150f9044,2019/11/15 11:55 AM IST,2019-11-15,2019-11-15 07:25:00 +0100,Mumbai,2119456,udayagashe,Uday Agashe,2020-08-15 15:51:44 +0200,2020-08-15 19:05:03 +0200,research,CC-BY-NC,https://www.inaturalist.org/observations/56511093,https://inaturalist-open-data.s3.amazonaws.com/photos/90063094/medium.jpg,,"Bird Family, Estrildidae (Waxbills- grass finches- munias and allies), Gujarat, Location, Nal Sarovar, Tri-coloured Munia",,2,0,false,,"Nal Sarovar Region, Gujarat 382170, India",22.8318645604,72.0595885956,2013,,,,2013,,open,false,,,Tricolored Munia,Lonchura malacca,Capuchino Tricolor de la India,Aves,979790
56517317,5f0d9d0d-f397-4e61-bdef-e6e61dffd1cb,2019/10/19 9:00 AM IST,2019-10-19,2019-10-19 05:30:00 +0200,Mumbai,2119456,udayagashe,Uday Agashe,2020-08-15 16:54:02 +0200,2020-08-15 18:23:13 +0200,research,CC-BY-NC,https://www.inaturalist.org/observations/56517317,https://inaturalist-open-data.s3.amazonaws.com/photos/90073210/medium.jpg,,"Bird Family, Estrildidae (Waxbills- grass finches- munias and allies), Location, Maharashtra, Seawoods, Tri-coloured Munia",,2,0,false,,"Seawoods, Navi Mumbai, Maharashtra, India",19.0171035,73.0175089,1917,,,,1917,,open,false,,,Tricolored Munia,Lonchura malacca,Capuchino Tricolor de la India,Aves,979790
56529431,005dce06-f6bf-41be-b213-04c9d6adeb10,2020/08/15 12:06 PM IST,2020-08-15,2020-08-15 08:36:00 +0200,Mumbai,1131461,anil_kumar_verma,Anil Kumar Verma,2020-08-15 18:40:14 +0200,2020-08-15 21:28:21 +0200,research,CC-BY-NC,https://www.inaturalist.org/observations/56529431,https://inaturalist-open-data.s3.amazonaws.com/photos/90091615/medium.jpg,,"",,1,0,false,,"Balkum Pipeline Rd, Kolshet Gaon, Kolshet, Thane West, Thane, Maharashtra, India",19.2416142,72.9965124,1739,,,,1739,,open,false,,,Tricolored Munia,Lonchura malacca,Capuchino Tricolor de la India,Aves,979790
57309806,654755dc-31f9-40f5-a2af-94cea43dbe3c,2020-08-23 8:45:00 AM GMT+05:30,2020-08-23,2020-08-23 05:15:00 +0200,Chennai,1734365,sundarapandian,Sundara Pandiyan,2020-08-23 10:38:54 +0200,2020-08-23 19:18:03 +0200,research,,https://www.inaturalist.org/observations/57309806,https://static.inaturalist.org/photos/91402816/medium.jpg,,"",,3,0,false,2,"Saduperi, Vellore, Tamil Nadu, India",12.9074654139,79.1011286527,258,,,,258,,open,false,gps,gps,Tricolored Munia,Lonchura malacca,Capuchino Tricolor de la India,Aves,979790
57326375,51cad496-b0d0-4d44-8b87-b53d273e9e3d,2020/08/23 7:03 AM HST,2020-08-23,2020-08-23 19:03:00 +0200,Hawaii,886680,markhulme,Mark Hulme,2020-08-23 15:25:02 +0200,2020-08-23 18:14:34 +0200,research,CC-BY-NC,https://www.inaturalist.org/observations/57326375,https://inaturalist-open-data.s3.amazonaws.com/photos/91429512/medium.jpeg,,"",,1,0,false,,"Warren, Trinidad and Tobago",10.5859746652,-61.3958551456,84,,,,84,,open,false,,,Tricolored Munia,Lonchura malacca,Capuchino Tricolor de la India,Aves,979790
57736765,a3be10b2-5fec-4430-8dfc-f3f1b4797823,2018/06/25 10:13 AM HST,2018-06-25,2018-06-25 22:13:00 +0200,Hawaii,628658,civinsolomon,Civin Solomon,2020-08-27 16:57:50 +0200,2020-08-28 05:14:37 +0200,research,CC-BY-NC,https://www.inaturalist.org/observations/57736765,https://inaturalist-open-data.s3.amazonaws.com/photos/92123047/medium.jpg,,"","",3,0,false,,"Thamaraikulam, Tamil Nadu, India",8.1163691989,77.4830641292,31,,,,31,,open,false,,,Tricolored Munia,Lonchura malacca,Capuchino Tricolor de la India,Aves,979790
57908078,af5a5e88-65f2-427b-aecc-cffc644f7f2a,2011/01/20 3:43 PM CET,2011-01-20,2011-01-20 15:43:00 +0100,Paris,2533480,christoph_moning,Christoph Moning,2020-08-29 13:16:23 +0200,2024-09-30 16:28:10 +0200,research,CC-BY,https://www.inaturalist.org/observations/57908078,https://inaturalist-open-data.s3.amazonaws.com/photos/92407729/medium.jpeg,,"",,3,0,false,,"Moneragala, Sri Lanka",6.4652052274,80.9032714847,263,,,,263,,open,false,,,Tricolored Munia,Lonchura malacca,Capuchino Tricolor de la India,Aves,979790
58149282,2f89b980-8050-4c07-af65-6057bf7eff1b,2020/06/10 7:27 AM IST,2020-06-10,2020-06-10 03:57:00 +0200,Chennai,3531660,ketananklesaria,,2020-08-31 16:58:41 +0200,2020-12-29 10:28:26 +0100,research,CC-BY-NC,https://www.inaturalist.org/observations/58149282,https://inaturalist-open-data.s3.amazonaws.com/photos/92812813/medium.jpg,,"Birds, Charkop",,4,0,false,,"Kandivali, Sector 8, Kandivali West, Mumbai, Maharashtra 400067, India",19.218282,72.8145065,171,,,,171,,open,false,,,Tricolored Munia,Lonchura malacca,Capuchino Tricolor de la India,Aves,979790
58154403,35e70e9a-92d9-4b6f-9146-070c728eef22,2020/02/22 8:32 AM IST,2020-02-22,2020-02-22 04:02:00 +0100,Chennai,3531660,ketananklesaria,,2020-08-31 18:00:25 +0200,2020-12-29 10:38:37 +0100,research,CC-BY-NC,https://www.inaturalist.org/observations/58154403,https://inaturalist-open-data.s3.amazonaws.com/photos/92821093/medium.jpg,,"Birds, Tricoloured Munia, Viva Wetland",,2,0,false,,"Virar West, Virar, Maharashtra, India",19.4605979602,72.7943956839,31,,,,31,,open,false,,,Tricolored Munia,Lonchura malacca,Capuchino Tricolor de la India,Aves,979790
58176390,f39c517f-06ba-47d1-af0c-6a75abd84698,2016/04/08 11:09 AM MST,2016-04-08,2016-04-08 20:09:00 +0200,Arizona,17378,geichhorn,Guenther Eichhorn,2020-08-31 21:44:32 +0200,2024-02-20 08:49:16 +0100,research,CC-BY-NC,https://www.inaturalist.org/observations/58176390,https://inaturalist-open-data.s3.amazonaws.com/photos/92856566/medium.jpg,,"","",5,0,false,,Sri Lanka,8.4563723,80.0476383,38930,,,,38930,,open,false,,"",Tricolored Munia,Lonchura malacca,Capuchino Tricolor de la India,Aves,979790
58314452,9a72215b-62bd-4cb0-8f34-0e8e5dc17fc5,2018/07/30 7:04 PM +0530,2018-07-30,2018-07-30 15:34:00 +0200,Sri Jayawardenepura,2297114,ravisara_jayamanna,Ravisara Jayamanna,2020-09-02 09:51:22 +0200,2024-02-20 08:49:17 +0100,research,CC-BY-NC,https://www.inaturalist.org/observations/58314452,https://inaturalist-open-data.s3.amazonaws.com/photos/93090458/medium.jpg,,"",,9,0,false,,"Japan Sri Lanka Friendship Rd, Sri Jayawardenepura Kotte, Sri Lanka",6.879479,79.9293734,176,,,,176,,open,false,,,Tricolored Munia,Lonchura malacca,Capuchino Tricolor de la India,Aves,979790
58691437,6b6c367c-7f43-480e-b29e-2a8fa66a7617,2016/02/04 2:43 PM IST,2016-02-04,2016-02-04 10:13:00 +0100,Chennai,2015881,arajush_payra,"",2020-09-06 09:49:13 +0200,2020-12-29 11:27:19 +0100,research,CC-BY-NC,https://www.inaturalist.org/observations/58691437,https://static.inaturalist.org/photos/93722692/medium.jpeg,,"","",3,0,false,,"Bara Solemanpur, West Bengal, India",21.6730233333,87.576695,,,,,,,open,false,,,Tricolored Munia,Lonchura malacca,Capuchino Tricolor de la India,Aves,979790
58818702,40d45963-c5ae-4a48-a5de-d83030d88e05,2020/09/07 10:45 AM IST,2020-09-07,2020-09-07 07:15:00 +0200,Kolkata,951127,aniruddha_singhamahapatra,Aniruddha Singhamahapatra,2020-09-07 11:09:38 +0200,2024-02-20 08:49:21 +0100,research,CC-BY-NC,https://www.inaturalist.org/observations/58818702,https://inaturalist-open-data.s3.amazonaws.com/photos/93932375/medium.jpeg,,"",,3,0,false,,"Jharia, West Bengal 722151, India",22.9886054752,87.0169339152,4,,,,4,,open,false,,,Tricolored Munia,Lonchura malacca,Capuchino Tricolor de la India,Aves,979790
58818703,6e4d59a2-2592-481a-9d99-e15ab168c8b5,2020/09/07 10:46 AM IST,2020-09-07,2020-09-07 07:16:00 +0200,Kolkata,951127,aniruddha_singhamahapatra,Aniruddha Singhamahapatra,2020-09-07 11:09:38 +0200,2020-12-29 13:17:13 +0100,research,CC-BY-NC,https://www.inaturalist.org/observations/58818703,https://inaturalist-open-data.s3.amazonaws.com/photos/93932512/medium.jpeg,,"",,2,0,false,,"Jharia, West Bengal 722151, India",22.9885546724,87.016900722,,,,,,,open,false,,,Tricolored Munia,Lonchura malacca,Capuchino Tricolor de la India,Aves,979790
58818704,76e0a22e-5ba6-418a-a005-617e3816a1fc,2020/09/07 10:47 AM IST,2020-09-07,2020-09-07 07:17:00 +0200,Kolkata,951127,aniruddha_singhamahapatra,Aniruddha Singhamahapatra,2020-09-07 11:09:39 +0200,2024-02-20 08:49:22 +0100,research,CC-BY-NC,https://www.inaturalist.org/observations/58818704,https://inaturalist-open-data.s3.amazonaws.com/photos/93932530/medium.jpeg,,"",,3,0,false,,"Jharia, West Bengal 722151, India",22.988545214,87.0168989011,4,,,,4,,open,false,,,Tricolored Munia,Lonchura malacca,Capuchino Tricolor de la India,Aves,979790
58818708,93cbd1c0-3993-4211-9249-fbb5e296ff74,2020/09/07 10:48 AM IST,2020-09-07,2020-09-07 07:18:00 +0200,Kolkata,951127,aniruddha_singhamahapatra,Aniruddha Singhamahapatra,2020-09-07 11:09:42 +0200,2024-02-20 08:49:15 +0100,research,CC-BY-NC,https://www.inaturalist.org/observations/58818708,https://inaturalist-open-data.s3.amazonaws.com/photos/93932547/medium.jpeg,,"",,3,0,false,,"Jharia, West Bengal 722151, India",22.9885925968,87.0169039748,4,,,,4,,open,false,,,Tricolored Munia,Lonchura malacca,Capuchino Tricolor de la India,Aves,979790
58818716,a3db95e4-2394-4126-a892-bc10465e18ba,2020/09/07 11:06 AM IST,2020-09-07,2020-09-07 07:36:00 +0200,Kolkata,951127,aniruddha_singhamahapatra,Aniruddha Singhamahapatra,2020-09-07 11:09:43 +0200,2024-02-20 08:49:14 +0100,research,CC-BY-NC,https://www.inaturalist.org/observations/58818716,https://inaturalist-open-data.s3.amazonaws.com/photos/93932750/medium.jpeg,,"",,3,0,false,,"Bankura, West Bengal, India",22.9908357329,87.0177636863,4,,,,4,,open,false,,,Tricolored Munia,Lonchura malacca,Capuchino Tricolor de la India,Aves,979790
58818718,5e46c808-c467-49d9-b632-e438bdcccdc1,2020/09/07 11:06 AM IST,2020-09-07,2020-09-07 07:36:00 +0200,Kolkata,951127,aniruddha_singhamahapatra,Aniruddha Singhamahapatra,2020-09-07 11:09:43 +0200,2020-12-29 13:17:10 +0100,research,CC-BY-NC,https://www.inaturalist.org/observations/58818718,https://inaturalist-open-data.s3.amazonaws.com/photos/93932984/medium.jpeg,,"",,2,0,false,,"Bankura, IN-WB, IN",22.9908323282,87.0177754632,4,,,,4,,open,false,,,Tricolored Munia,Lonchura malacca,Capuchino Tricolor de la India,Aves,979790
59412536,9a0435e9-182f-4c05-8685-2c34f49164db,2020/09/12 9:37 AM IST,2020-09-12,2020-09-12 06:07:00 +0200,Kolkata,951127,aniruddha_singhamahapatra,Aniruddha Singhamahapatra,2020-09-13 06:45:00 +0200,2024-02-20 08:49:12 +0100,research,CC-BY-NC,https://www.inaturalist.org/observations/59412536,https://inaturalist-open-data.s3.amazonaws.com/photos/94928670/medium.jpeg,,"",,4,0,false,,"Bankura, West Bengal, India",22.9947505945,87.0069965053,4,,,,4,,open,false,,,Tricolored Munia,Lonchura malacca,Capuchino Tricolor de la India,Aves,979790
59412537,4fc437c1-b84b-4a72-8a9b-d2ce5374ebf3,2020/09/12 9:37 AM IST,2020-09-12,2020-09-12 06:07:00 +0200,Kolkata,951127,aniruddha_singhamahapatra,Aniruddha Singhamahapatra,2020-09-13 06:45:00 +0200,2020-12-06 16:22:53 +0100,research,CC-BY-NC,https://www.inaturalist.org/observations/59412537,https://inaturalist-open-data.s3.amazonaws.com/photos/94928695/medium.jpeg,,"",,3,0,false,,"Bankura, West Bengal, India",22.994726058,87.0070745864,4,,,,4,,open,false,,,Tricolored Munia,Lonchura malacca,Capuchino Tricolor de la India,Aves,979790
59512574,191942f9-2a71-4a0a-b232-a3982d3b7c67,2020/09/12 2:10 PM -0500,2020-09-12,2020-09-12 21:10:00 +0200,Bogota,3283415,patriciasalazars,Patricia Salazar,2020-09-14 00:38:25 +0200,2024-02-20 08:49:10 +0100,research,CC-BY-NC,https://www.inaturalist.org/observations/59512574,https://inaturalist-open-data.s3.amazonaws.com/photos/95095141/medium.jpg,,"",,4,0,false,,"caicedonia, valle del Cauca, Colombia",4.3792423487,-75.8927818316,977,,,,977,,open,false,,,Capuchino Tricolor,Lonchura malacca,Capuchino Tricolor de la India,Aves,979790
59661166,21a9a483-6cfc-4ff2-a6bd-ed1d704100e4,2020-08-18 2:09:00 PM GMT+05:30,2020-08-18,2020-08-18 10:39:00 +0200,Mumbai,2127981,chinmay77,Chinmay Prakash Sawant,2020-09-15 10:40:05 +0200,2025-07-13 10:32:35 +0200,research,,https://www.inaturalist.org/observations/59661166,https://static.inaturalist.org/photos/95344792/medium.jpeg,,"",,5,0,false,2,kiraksal Biodiversity Region,17.6355648756,74.5568295568,349,,,,349,,open,false,gps,gps,Lonchura malacca,Lonchura malacca,Capuchino Tricolor de la India,Aves,979790
59870848,261b2a01-1d4b-4779-8441-1a2e98dc16e8,2020-09-17 5:40:52 PM GMT+05:30,2020-09-17,2020-09-17 14:10:52 +0200,Chennai,728921,lakshmikant,Lakshmikant Rajaram Neve,2020-09-17 15:47:06 +0200,2020-09-24 08:50:59 +0200,research,,https://www.inaturalist.org/observations/59870848,https://static.inaturalist.org/photos/95698099/medium.jpeg,,"",,3,0,false,2,"Jalgaon, IN-MH, IN",21.048735,75.8652233333,,,,,,,open,false,gps,gps,Tricolored Munia,Lonchura malacca,Capuchino Tricolor de la India,Aves,979790
60224858,3ee956a8-fe7a-45c6-8a92-956ba7322645,2020/09/20 11:09 AM IST,2020-09-20,2020-09-20 07:39:00 +0200,Kolkata,34585,subhajit_roy,Subhajit Roy,2020-09-20 21:01:02 +0200,2024-02-20 08:49:01 +0100,research,CC-BY,https://www.inaturalist.org/observations/60224858,https://inaturalist-open-data.s3.amazonaws.com/photos/96278860/medium.jpeg,,"","",3,0,false,,Bazari,23.695862,87.209012,,,,,,,open,false,,,Tricolored Munia,Lonchura malacca,Capuchino Tricolor de la India,Aves,979790
60423968,adff0f89-5042-469e-ab20-7917f46910da,2020/09/15 3:47 PM IST,2020-09-15,2020-09-15 12:17:00 +0200,Chennai,3583982,satyaprakashpandey,"",2020-09-22 17:28:41 +0200,2024-02-20 08:49:00 +0100,research,CC-BY-NC,https://www.inaturalist.org/observations/60423968,https://inaturalist-open-data.s3.amazonaws.com/photos/96618915/medium.jpg,,"",,5,0,false,,"Mohanbhatha, Chhattisgarh 495112, India",22.2466646,82.0230032,1932,,,,1932,,open,false,,,Tricolored Munia,Lonchura malacca,Capuchino Tricolor de la India,Aves,979790
60457925,b444ea60-f36e-4cad-b128-2c7d897aaa8e,2020/09/20 11:49 AM -0500,2020-09-20,2020-09-20 18:49:00 +0200,Bogota,2231676,jumabita,"",2020-09-22 23:09:13 +0200,2024-02-20 08:49:04 +0100,research,CC-BY-NC,https://www.inaturalist.org/observations/60457925,https://inaturalist-open-data.s3.amazonaws.com/photos/96645775/medium.jpeg,,"","",3,0,false,,Embalse Abreo-Mal Paso Rionegro,6.1565763299,-75.4016781695,244,,,,244,,open,false,,,Tricolored Munia,Lonchura malacca,Capuchino Tricolor de la India,Aves,979790
60806810,3e1352fd-b92c-4201-b62e-888ecc598e52,2020-09-26 12:56:25 PM GMT+05:30,2020-09-26,2020-09-26 09:26:25 +0200,Chennai,728921,lakshmikant,Lakshmikant Rajaram Neve,2020-09-26 12:42:10 +0200,2024-02-20 08:49:04 +0100,research,,https://www.inaturalist.org/observations/60806810,https://static.inaturalist.org/photos/97254695/medium.jpeg,,"",,4,0,false,2,"Jalgaon, IN-MH, IN",21.0487433333,75.86432,,,,,,,open,false,gps,gps,Tricolored Munia,Lonchura malacca,Capuchino Tricolor de la India,Aves,979790
60819495,d51faf5c-6ae9-4e0c-b4c9-db54b5637309,2020/09/26 6:54 AM UTC,2020-09-26,2020-09-26 08:54:00 +0200,UTC,3433576,mukesh_raman,Mukesh Raman,2020-09-26 15:49:57 +0200,2024-02-20 08:49:05 +0100,research,,https://www.inaturalist.org/observations/60819495,https://static.inaturalist.org/photos/97274713/medium.jpg,,"",,5,0,false,,"Sholinganallur, Chennai, Tamil Nadu, India",12.9008026997,80.2164456826,8,,,,8,,open,false,,,Tricolored Munia,Lonchura malacca,Capuchino Tricolor de la India,Aves,979790
61004627,edeba6d3-4e7e-4691-aeb5-8cabdd42c431,2020-09-27 5:24:24 PM GMT+05:30,2020-09-27,2020-09-27 13:54:24 +0200,Chennai,560768,s_shashank_s,,2020-09-27 21:31:48 +0200,2024-02-20 08:49:06 +0100,research,CC-BY-NC,https://www.inaturalist.org/observations/61004627,https://inaturalist-open-data.s3.amazonaws.com/photos/97579285/medium.jpg,,"",,4,0,false,2,"Navelim, Goa, India",15.513489117,73.8839508221,4208,,,,4208,,open,false,gps,gps,Tricolored Munia,Lonchura malacca,Capuchino Tricolor de la India,Aves,979790
61081472,9e68f4bb-d291-4eef-8ce7-68fd77df844b,2020-09-27 7:45:20 AM GMT+05:30,2020-09-27,2020-09-27 04:15:20 +0200,Chennai,780404,kartiksundar,Kartik Sundar,2020-09-28 11:22:39 +0200,2024-02-20 08:49:07 +0100,research,CC-BY-NC,https://www.inaturalist.org/observations/61081472,https://inaturalist-open-data.s3.amazonaws.com/photos/97710101/medium.jpeg,,"",,5,0,false,2,"Jharkhand 831004, India",22.7997709266,86.2826044858,209,,,,209,,open,false,gps,gps,Tricolored Munia,Lonchura malacca,Capuchino Tricolor de la India,Aves,979790
61207292,2edc7755-15d0-4e6c-95b2-f1e9f5740412,2015/12/31 1:22 PM IST,2015-12-31,2015-12-31 08:52:00 +0100,Chennai,2015881,arajush_payra,"",2020-09-29 15:23:33 +0200,2020-12-05 17:16:48 +0100,research,CC-BY-NC-ND,https://www.inaturalist.org/observations/61207292,https://static.inaturalist.org/photos/97917292/medium.jpg,,"",,4,0,false,,"Bara Solemanpur, West Bengal, India",21.673270196,87.576864576,15,,,,15,,open,false,,,Tricolored Munia,Lonchura malacca,Capuchino Tricolor de la India,Aves,979790
61524788,a55661eb-93f0-429e-98c8-ae703dee25e5,2020-09-17 12:51:00 PM GMT-05:00,2020-09-17,2020-09-17 19:51:00 +0200,Bogota,1384317,angelicamariabatistamorales,Angelica María Batista Morales,2020-10-03 02:51:55 +0200,2023-07-08 02:02:59 +0200,research,CC0,https://www.inaturalist.org/observations/61524788,https://inaturalist-open-data.s3.amazonaws.com/photos/98467023/medium.jpeg,,"",Se chocó con una ventana,2,0,false,2,Cazuca,4.5875643092,-74.184913449,612,,,,612,,open,false,gps,gps,Tricolored Munia,Lonchura malacca,Capuchino Tricolor de la India,Aves,979790
61921489,09beb925-cd59-4839-a1af-db68cb1d6ebd,2020-08-08 3:19:40 PM GMT+05:30,2020-08-08,2020-08-08 11:49:40 +0200,Mumbai,849623,saswatmishra14,Saswat Mishra,2020-10-07 05:23:18 +0200,2024-02-20 08:48:59 +0100,research,,https://www.inaturalist.org/observations/61921489,https://static.inaturalist.org/photos/99146347/medium.jpeg,,"",,4,0,false,2,Dr. Babasaheb Bhimrao Ambedkar Government Polytechnic College,20.2158557688,73.0380531773,221,,,,221,,open,false,gps,gps,Tricolored Munia,Lonchura malacca,Capuchino Tricolor de la India,Aves,979790
61946516,80db1674-6d23-434c-a7fd-8aa9587cc9cf,2020/09/20 4:35 PM -0500,2020-09-20,2020-09-20 23:35:00 +0200,Bogota,86081,camilojotage,Gabriel Camilo Jaramillo Giraldo,2020-10-07 16:21:25 +0200,2020-10-07 21:28:26 +0200,research,CC-BY-NC-SA,https://www.inaturalist.org/observations/61946516,https://inaturalist-open-data.s3.amazonaws.com/photos/99185596/medium.jpeg,,"","",2,0,false,,"Llanogrande, Rionegro, Antioquia, Colombia",6.132546748,-75.4108576754,4,,,,4,,open,false,,,Capuchino Tricolor,Lonchura malacca,Capuchino Tricolor de la India,Aves,979790
61946519,f4013545-1602-46c0-baf3-3baf2aef13b5,2020/09/21 10:44 AM -0500,2020-09-21,2020-09-21 17:44:00 +0200,Bogota,86081,camilojotage,Gabriel Camilo Jaramillo Giraldo,2020-10-07 16:21:27 +0200,2024-02-20 08:45:18 +0100,research,CC-BY-NC-SA,https://www.inaturalist.org/observations/61946519,https://inaturalist-open-data.s3.amazonaws.com/photos/99186172/medium.jpeg,,"","",3,0,false,,"Llanogrande, Rionegro, Antioquia, Colombia",6.1323413037,-75.4111220573,2,,,,2,,open,false,,,Capuchino Tricolor,Lonchura malacca,Capuchino Tricolor de la India,Aves,979790
61961213,ac943399-41d9-4d5a-b7f1-be263a2bbfe7,Wed Oct 07 2020 22:59:10 GMT+0530 (GMT+5:30),2020-10-07,2020-10-07 19:29:10 +0200,Chennai,2526479,ramya_ns,,2020-10-07 19:32:33 +0200,2024-02-20 08:45:17 +0100,research,CC-BY-NC,https://www.inaturalist.org/observations/61961213,https://inaturalist-open-data.s3.amazonaws.com/photos/99213169/medium.jpg,,"",,4,0,false,3,"Surayapalem, Vijayawada, AP, IN",16.5528230848,80.5840304239,31,,,,31,,open,false,,,Tricolored Munia,Lonchura malacca,Capuchino Tricolor de la India,Aves,979790
62078504,b6983c38-b3e3-401f-8d19-8d0af21cff6f,2017-12-17 7:31:28 AM GMT+05:30,2017-12-17,2017-12-17 03:01:28 +0100,Chennai,2852333,elavarasan_mm,Elavarasan M,2020-10-09 02:55:18 +0200,2020-10-09 14:57:35 +0200,research,CC-BY-NC,https://www.inaturalist.org/observations/62078504,https://inaturalist-open-data.s3.amazonaws.com/photos/99416937/medium.jpeg,,"",,1,0,false,2,Kannankurichi Lake,11.6874051936,78.1806682795,787,,,,787,,open,false,gps,gps,Tricolored Munia,Lonchura malacca,Capuchino Tricolor de la India,Aves,979790
62090768,785bd5b0-9730-401a-be2b-0877025ca4ed,2020/09/20 4:35 PM -0500,2020-09-20,2020-09-20 23:35:00 +0200,Bogota,86081,camilojotage,Gabriel Camilo Jaramillo Giraldo,2020-10-09 07:21:13 +0200,2020-10-09 20:56:06 +0200,research,CC-BY-NC-SA,https://www.inaturalist.org/observations/62090768,https://inaturalist-open-data.s3.amazonaws.com/photos/99438583/medium.jpeg,,"","",3,0,false,,"Llanogrande, Rionegro, Antioquia, Colombia",6.1325182458,-75.4108880584,2,,,,2,,open,false,,,Capuchino Tricolor,Lonchura malacca,Capuchino Tricolor de la India,Aves,979790
62090769,d1dbc9dd-2035-4b9c-884e-c79549e477ee,2020/09/20 4:35 PM -0500,2020-09-20,2020-09-20 23:35:00 +0200,Bogota,86081,camilojotage,Gabriel Camilo Jaramillo Giraldo,2020-10-09 07:21:13 +0200,2020-10-09 20:55:56 +0200,research,CC-BY-NC-SA,https://www.inaturalist.org/observations/62090769,https://inaturalist-open-data.s3.amazonaws.com/photos/99438586/medium.jpeg,,"","",3,0,false,,"Llanogrande, Rionegro, Antioquia, Colombia",6.132517731,-75.4108532215,2,,,,2,,open,false,,,Capuchino Tricolor,Lonchura malacca,Capuchino Tricolor de la India,Aves,979790
62090771,86fa237b-7565-461c-9c9e-bde60c83cce4,2020/09/20 4:36 PM -0500,2020-09-20,2020-09-20 23:36:00 +0200,Bogota,86081,camilojotage,Gabriel Camilo Jaramillo Giraldo,2020-10-09 07:21:14 +0200,2020-10-09 20:55:44 +0200,research,CC-BY-NC-SA,https://www.inaturalist.org/observations/62090771,https://inaturalist-open-data.s3.amazonaws.com/photos/99438607/medium.jpeg,,"","",3,0,false,,"Llanogrande, Rionegro, Antioquia, Colombia",6.1325174916,-75.410886525,4,,,,4,,open,false,,,Capuchino Tricolor,Lonchura malacca,Capuchino Tricolor de la India,Aves,979790
62254876,28d37cc6-4546-4774-b808-b33f3b5c95f2,2020/09/21 10:44 AM -0500,2020-09-21,2020-09-21 17:44:00 +0200,Bogota,86081,camilojotage,Gabriel Camilo Jaramillo Giraldo,2020-10-11 02:30:51 +0200,2020-10-12 21:46:04 +0200,research,CC-BY-NC-SA,https://www.inaturalist.org/observations/62254876,https://inaturalist-open-data.s3.amazonaws.com/photos/99719814/medium.jpeg,,"","",1,0,false,,"Llanogrande, Rionegro, Antioquia, Colombia",6.1319678808,-75.4108942569,4,,,,4,,open,false,,,Tricolored Munia,Lonchura malacca,Capuchino Tricolor de la India,Aves,979790
62254879,66ce5b4f-f1b2-4116-9445-cc58b33a10d6,2020/09/21 10:44 AM -0500,2020-09-21,2020-09-21 17:44:00 +0200,Bogota,86081,camilojotage,Gabriel Camilo Jaramillo Giraldo,2020-10-11 02:30:52 +0200,2020-10-21 08:41:18 +0200,research,CC-BY-NC-SA,https://www.inaturalist.org/observations/62254879,https://inaturalist-open-data.s3.amazonaws.com/photos/99719959/medium.jpeg,,"","",1,0,false,,"Llanogrande, Rionegro, Antioquia, Colombia",6.1313450863,-75.4110240189,15,,,,15,,open,false,,,Capuchino Tricolor,Lonchura malacca,Capuchino Tricolor de la India,Aves,979790
62371642,f28696b6-8337-4805-9d56-a47270e0f6b6,2020-10-02,2020-10-02,,UTC,2965962,wild_nature_clicks,wild_nature_clicks,2020-10-12 05:05:17 +0200,2022-04-30 02:54:45 +0200,research,,https://www.inaturalist.org/observations/62371642,https://static.inaturalist.org/photos/108297998/medium.jpg,,"",Parvada mixta con Sporophila morelleti. ,3,0,false,2,"Huixtla, Chis., México",15.1196552663,-92.545157522,172,,,,172,,open,false,gps,gps,Tricolored Munia,Lonchura malacca,Capuchino Tricolor de la India,Aves,979790
62671915,9a575286-cd7f-47a4-8730-5ae55584e8e7,2020/10/10 ,2020-10-10,,Chennai,3217916,premchand,"",2020-10-16 00:29:57 +0200,2020-11-30 10:15:29 +0100,research,CC-BY-SA,https://www.inaturalist.org/observations/62671915,https://inaturalist-open-data.s3.amazonaws.com/photos/100452618/medium.jpeg,,"",,3,0,false,,Chavakkad Puthan Kadappuram,10.5917521837,75.9983013811,31,,,,31,,open,false,,,Tricolored Munia,Lonchura malacca,Capuchino Tricolor de la India,Aves,979790
63310789,53f3c96d-3a45-4677-a144-986ad3e26b9c,2020-10-22 11:36:38 AM CDT,2020-10-22,2020-10-22 23:36:38 +0200,Hawaii,425657,osvaldo-bsm,Osvaldo Balderas San Miguel,2020-10-23 14:30:30 +0200,2020-10-23 23:32:33 +0200,research,CC-BY-NC,https://www.inaturalist.org/observations/63310789,https://inaturalist-open-data.s3.amazonaws.com/photos/101586197/medium.jpeg,,"",,1,0,false,2,"Amatlán de los Reyes, Ver., México",18.8578559992,-96.8596117571,85,,,,85,,open,false,gps,gps,Tricolored Munia,Lonchura malacca,Capuchino Tricolor de la India,Aves,979790
63395114,7314d405-8072-48f1-b504-39ca0b0e8dda,2020/10/23 9:15 PM UTC,2020-10-23,2020-10-23 23:15:00 +0200,UTC,3762198,sravanthi,Sravanthi Y,2020-10-24 17:18:06 +0200,2020-11-30 10:52:09 +0100,research,CC-BY-NC,https://www.inaturalist.org/observations/63395114,https://inaturalist-open-data.s3.amazonaws.com/photos/101728527/medium.jpeg,,"","",2,0,false,,"Vemavaram, Andhra Pradesh 521228, India",16.5977005963,80.618239771,122,,,,122,,open,false,,,Tricolored Munia,Lonchura malacca,Capuchino Tricolor de la India,Aves,979790
63558475,f34c8368-9ad0-490c-8988-f11bc5274973,2018/07/14 8:44 AM UTC,2018-07-14,2018-07-14 10:44:00 +0200,UTC,3783053,sriram-birdwatcher,Sriram Reddy,2020-10-26 11:27:53 +0100,2020-11-30 11:02:06 +0100,research,,https://www.inaturalist.org/observations/63558475,https://static.inaturalist.org/photos/102020463/medium.jpg,,"",,2,0,false,,"Telangana, India",18.1124372,79.0192997,313922,,,,313922,,open,false,,,Tricolored Munia,Lonchura malacca,Capuchino Tricolor de la India,Aves,979790
63558476,4a81073d-4a5b-4e7c-b561-c199ea2b3b48,2018/07/14 8:44 AM UTC,2018-07-14,2018-07-14 10:44:00 +0200,UTC,3783053,sriram-birdwatcher,Sriram Reddy,2020-10-26 11:27:56 +0100,2025-07-05 04:42:06 +0200,research,,https://www.inaturalist.org/observations/63558476,https://static.inaturalist.org/photos/102020467/medium.jpg,,"",,4,0,false,,"Telangana, India",18.1124372,79.0192997,313922,,,,313922,,open,false,,,Tricolored Munia,Lonchura malacca,Capuchino Tricolor de la India,Aves,979790
63558686,0adde57a-7c76-4cab-8070-494de012b816,2018/10/02 7:35 AM UTC,2018-10-02,2018-10-02 09:35:00 +0200,UTC,3783053,sriram-birdwatcher,Sriram Reddy,2020-10-26 11:29:40 +0100,2020-12-08 17:41:57 +0100,research,,https://www.inaturalist.org/observations/63558686,https://static.inaturalist.org/photos/102021532/medium.jpg,,"","",3,0,false,,telangana,18.112437,79.0193,316046,,,,316046,,open,false,,"",Tricolored Munia,Lonchura malacca,Capuchino Tricolor de la India,Aves,979790
63573625,ce39433b-78db-44c3-b7c3-7e0b2cbc8d3b,2018/09/01 8:01 PM UTC,2018-09-01,2018-09-01 22:01:00 +0200,UTC,3783053,sriram-birdwatcher,Sriram Reddy,2020-10-26 16:47:03 +0100,2020-12-13 16:43:51 +0100,research,,https://www.inaturalist.org/observations/63573625,https://static.inaturalist.org/photos/102046555/medium.jpg,,"",,3,0,false,,"Telangana, India",18.1124372,79.0192997,313922,,,,313922,,open,false,,,栗腹文鸟,Lonchura malacca,Capuchino Tricolor de la India,Aves,979790
63679846,b393a8ec-473f-4284-8d47-b1b3a1677b8d,2014/03/21 7:35 PM MDT,2014-03-21,2014-03-22 02:35:00 +0100,Mountain Time (US & Canada),518143,christian_nunes,Christian Nunes,2020-10-28 04:15:21 +0100,2023-11-04 18:11:02 +0100,research,CC-BY-NC,https://www.inaturalist.org/observations/63679846,https://inaturalist-open-data.s3.amazonaws.com/photos/102241263/medium.jpg,,"","and Village Weaver, Scaly-breasted Munia. ",2,0,false,,"Municipio de Sabana de la Mar, Dominican Republic",19.0799705046,-69.3855268691,2566,,,,2566,,open,false,,,Tricolored Munia,Lonchura malacca,Capuchino Tricolor de la India,Aves,979790
63700462,98a1a8f8-9f7d-4952-aeb1-ac336f3542e6,2019/12/22 7:38 AM IST,2019-12-22,2019-12-22 03:08:00 +0100,Chennai,3783053,sriram-birdwatcher,Sriram Reddy,2020-10-28 15:45:15 +0100,2022-06-14 09:37:16 +0200,research,,https://www.inaturalist.org/observations/63700462,https://static.inaturalist.org/photos/102278944/medium.jpg,,"",,4,0,false,,"Manjeera Dam, Telangana, India",17.6552448,78.0760688,350,,,,350,,open,false,,,Tricolored Munia,Lonchura malacca,Capuchino Tricolor de la India,Aves,979790
63702255,08ffbc19-338e-49ce-9e27-91898da5292a,2020/08/23 6:55 AM IST,2020-08-23,2020-08-23 03:25:00 +0200,Chennai,3783053,sriram-birdwatcher,Sriram Reddy,2020-10-28 16:15:54 +0100,2023-03-25 16:40:21 +0100,research,,https://www.inaturalist.org/observations/63702255,https://static.inaturalist.org/photos/102281982/medium.jpg,,"",,6,0,false,,"Zahirabad_U, Telangana, India",17.6795276,77.6050959,3607,,,,3607,,open,false,,,Tricolored Munia,Lonchura malacca,Capuchino Tricolor de la India,Aves,979790
63709842,c5be9335-5a85-4f02-9140-ef775833df87,2015/11/11 8:35 AM GMT,2015-11-11,2015-11-11 09:35:00 +0100,Edinburgh,1527518,a_emmerson,A Emmerson,2020-10-28 18:29:52 +0100,2020-12-26 09:35:54 +0100,research,CC-BY,https://www.inaturalist.org/observations/63709842,https://inaturalist-open-data.s3.amazonaws.com/photos/102292454/medium.jpeg,,"",,2,0,false,,"Hambantota, Sri Lanka",6.197422334,81.2112659525,1437,,,,1437,,open,false,,,Tricolored Munia,Lonchura malacca,Capuchino Tricolor de la India,Aves,979790
63711215,e77f7924-7636-43bd-a7b2-57074c98234d,2016/07/12 7:47 AM HST,2016-07-12,2016-07-12 19:47:00 +0200,Hawaii,1410926,yuvanaves,Yuvan Aves,2020-10-28 18:50:29 +0100,2021-10-20 06:47:45 +0200,research,,https://www.inaturalist.org/observations/63711215,https://static.inaturalist.org/photos/102297727/medium.jpeg,,"","",2,0,false,,"Chennai, Tamil Nadu, India",12.970785,80.2263813889,,,,,,,open,false,,,Tricolored Munia,Lonchura malacca,Capuchino Tricolor de la India,Aves,979790
63802070,a9c98e69-9036-4f08-987b-88c754e56426,2015/07/30 1:22 PM -0500,2015-07-30,2015-07-30 20:22:00 +0200,Lima,3575369,expedicionario,"",2020-10-30 04:21:18 +0100,2020-10-30 15:54:04 +0100,research,CC-BY-NC,https://www.inaturalist.org/observations/63802070,https://inaturalist-open-data.s3.amazonaws.com/photos/102457672/medium.jpeg,,"",If you are going to use any of this images please contact me,2,0,false,,"San Pedro, Valle del Cauca, Colombia",4.0061916667,-76.325,,,,,,,open,false,,,Tricolored Munia,Lonchura malacca,Capuchino Tricolor de la India,Aves,979790
63951518,d837814e-b3d8-460c-af8a-be85acddafe2,2020-10-10 6:28:01 AM GMT+05:30,2020-10-10,2020-10-10 02:58:01 +0200,Kolkata,2304517,supratimdeb,Supratim Deb,2020-11-01 11:34:14 +0100,2020-12-08 12:09:53 +0100,research,"",https://www.inaturalist.org/observations/63951518,https://inaturalist-open-data.s3.amazonaws.com/photos/102725898/medium.jpeg,,"",,4,0,false,2,Rajarhat,22.6236229531,88.4409800917,6227,,,,6227,,open,false,gps,gps,Tricolored Munia,Lonchura malacca,Capuchino Tricolor de la India,Aves,979790
63972666,f82eaeb6-0a47-4c68-9274-f8cfa3d3229a,2020-11-01 8:40:22 AM GMT+05:30,2020-11-01,2020-11-01 04:10:22 +0100,Asia/Kolkata,3758967,ashitg,Ashit Gandhi,2020-11-01 18:01:37 +0100,2020-12-10 12:56:06 +0100,research,CC-BY-NC,https://www.inaturalist.org/observations/63972666,https://inaturalist-open-data.s3.amazonaws.com/photos/102763231/medium.jpeg,,"",,3,0,false,2,Timbi lake bird sanctuary,22.3178441773,73.2794845104,220,,,,220,,open,false,gps,gps,Tricolored Munia,Lonchura malacca,Capuchino Tricolor de la India,Aves,979790
64161933,349dfe51-99d0-4fe2-961f-0cb7fb6286b8,2018/09/28 ,2018-09-28,,Chennai,3665155,danielraju,Daniel V Raju,2020-11-04 08:13:08 +0100,2024-02-20 08:43:22 +0100,research,CC-BY-NC,https://www.inaturalist.org/observations/64161933,https://inaturalist-open-data.s3.amazonaws.com/photos/103106759/medium.jpeg,,"",,4,0,false,,"Vellanathuruthu Road, Alappad, Kerala 690573, India",9.0231435,76.5161813,238,,,,238,,open,false,,,Tricolored Munia,Lonchura malacca,Capuchino Tricolor de la India,Aves,979790
64172127,ae3fd585-16a7-4b0c-81a1-16624348abc1,2016-10-30,2016-10-30,,UTC,443904,udaytarphe,Uday Tarphe,2020-11-04 14:32:10 +0100,2024-02-20 08:43:21 +0100,research,,https://www.inaturalist.org/observations/64172127,https://static.inaturalist.org/photos/103126264/medium.jpeg,,"",,5,0,false,2,"Mumbai, Maharashtra 400042, India",19.1413778181,72.9619880766,140,,,,140,,open,false,gps,gps,Tricolored Munia,Lonchura malacca,Capuchino Tricolor de la India,Aves,979790
64236367,04542846-0e93-405f-b266-58364b81c580,2020-11-05 8:53:26 AM GMT+05:30,2020-11-05,2020-11-05 04:23:26 +0100,Chennai,416652,santoshbhor,Santosh Dalvi,2020-11-05 15:09:38 +0100,2024-02-20 08:43:20 +0100,research,CC-BY-NC,https://www.inaturalist.org/observations/64236367,https://inaturalist-open-data.s3.amazonaws.com/photos/103239342/medium.jpeg,,"",,5,0,false,2,"Maharashtra 412206, India",18.1442985811,73.7927044183,147,,,,147,,open,false,gps,gps,Tricolored Munia,Lonchura malacca,Capuchino Tricolor de la India,Aves,979790
64254501,685df47b-cf50-4df6-a532-1f75db325630,2020/10/11 2:21 PM -0500,2020-10-11,2020-10-11 21:21:00 +0200,Lima,2627643,monroyfotografo,David Monroy R,2020-11-05 20:55:46 +0100,2024-02-20 08:43:18 +0100,research,CC-BY-NC,https://www.inaturalist.org/observations/64254501,https://inaturalist-open-data.s3.amazonaws.com/photos/103269863/medium.jpg,,"",,2,0,false,,"Bosque Reserva Cauquitá, Pereira, Risaralda, Colombia",4.8438593178,-75.8187244672,37,,,,37,,open,false,,,Tricolored Munia,Lonchura malacca,Capuchino Tricolor de la India,Aves,979790
64305465,9013f5b1-45ba-4add-80b2-5141a3ebf574,2020-10-31 9:46:24 AM GMT+05:30,2020-10-31,2020-10-31 05:16:24 +0100,Chennai,2525018,balakrishnan07,Balakrishnan Ram,2020-11-06 19:19:14 +0100,2024-02-20 08:43:18 +0100,research,CC-BY-NC,https://www.inaturalist.org/observations/64305465,https://inaturalist-open-data.s3.amazonaws.com/photos/103362827/medium.jpeg,,"",,6,0,false,2,Kollidam - Kallanai Main Road,10.9761257808,79.264883548,263,,,,263,,open,false,gps,gps,Tricolored Munia,Lonchura malacca,Capuchino Tricolor de la India,Aves,979790
64526574,6c2b9ab1-5231-41ef-8eb1-10ca28ab4802,2012/03/06 8:48 AM EST,2012-03-06,2012-03-06 14:48:00 +0100,Eastern Time (US & Canada),2448312,bentsai,Ben Tsai蔡維哲,2020-11-09 17:12:03 +0100,2024-02-20 08:43:17 +0100,research,CC-BY-NC,https://www.inaturalist.org/observations/64526574,https://inaturalist-open-data.s3.amazonaws.com/photos/103753852/medium.jpg,,"",,6,0,false,,"Bundala NP, Hambantota, Sri Lanka",6.1890174211,81.2127251601,3066,,,,3066,,open,false,,,Tricolored Munia,Lonchura malacca,Capuchino Tricolor de la India,Aves,979790
64670684,94dd3572-af95-40f8-98fb-898fd55b4d50,2020/11/10 2:34 PM IST,2020-11-10,2020-11-10 10:04:00 +0100,Chennai,3583982,satyaprakashpandey,"",2020-11-11 16:05:20 +0100,2024-02-20 08:43:10 +0100,research,CC-BY-NC,https://www.inaturalist.org/observations/64670684,https://inaturalist-open-data.s3.amazonaws.com/photos/104003902/medium.jpg,,"",,8,0,false,,"Bilaspur, Chhattisgarh 495001, India",22.0796545,82.1409152,3188,,,,3188,,open,false,,,Tricolored Munia,Lonchura malacca,Capuchino Tricolor de la India,Aves,979790
65623139,5e3ecb9e-721f-494b-b9f8-900fe7b1c250,2016/11/15 12:13 PM IST,2016-11-15,2016-11-15 07:43:00 +0100,New Delhi,748483,prashanthmb,Prashanth,2020-11-26 06:18:45 +0100,2020-11-28 12:30:36 +0100,research,CC-BY-NC,https://www.inaturalist.org/observations/65623139,https://inaturalist-open-data.s3.amazonaws.com/photos/105653754/medium.jpeg,,"",,2,0,false,,"Banegaon, Maharashtra, India",17.7626251432,75.8968424701,65,,,,65,,open,false,,,Tricolored Munia,Lonchura malacca,Capuchino Tricolor de la India,Aves,979790
65673776,b95de0b6-d890-4c3c-93a1-96f2bbd3fea9,2015/02/09 11:35 AM EST,2015-02-09,2015-02-09 17:35:00 +0100,Eastern Time (US & Canada),1415405,don-jean,Don-Jean Leandri-Breton,2020-11-27 04:32:31 +0100,2024-02-20 08:43:11 +0100,research,CC-BY-NC,https://www.inaturalist.org/observations/65673776,https://static.inaturalist.org/photos/105741671/medium.jpg,,"",,8,0,false,,Sigiriya Rock,7.9572922178,80.7551460649,4,,,,4,,open,false,,,Tricolored Munia,Lonchura malacca,Capuchino Tricolor de la India,Aves,979790
66035057,b24843e1-24a1-49a3-a547-c2d168928dc1,2018/12/27 7:12 AM UTC,2018-12-27,2018-12-27 08:12:00 +0100,UTC,3377371,navaneethsinigeorge,Navaneeth Sini George,2020-12-03 06:47:51 +0100,2025-11-11 03:40:19 +0100,research,CC-BY,https://www.inaturalist.org/observations/66035057,https://inaturalist-open-data.s3.amazonaws.com/photos/106368950/medium.jpeg,,"","",4,0,false,,"Kumarakom, Kerala, India",9.5697650551,76.4407876802,153,,,,153,,open,false,,,Tricolored Munia,Lonchura malacca,Capuchino Tricolor de la India,Aves,979790
66043669,bef14952-8977-42a2-b060-ed6dd43acd5e,2020/11/10 2:43 PM IST,2020-11-10,2020-11-10 10:13:00 +0100,Chennai,3640229,kanchan_pandey,"",2020-12-03 14:58:37 +0100,2024-02-20 08:43:14 +0100,research,CC-BY-NC,https://www.inaturalist.org/observations/66043669,https://inaturalist-open-data.s3.amazonaws.com/photos/106385773/medium.jpg,,"","",3,0,false,,"Bilaspur, Chhattisgarh 495001, India",22.0796545,82.1409152,3188,,,,3188,,open,false,,,Tricolored Munia,Lonchura malacca,Capuchino Tricolor de la India,Aves,979790
66092562,01ed32a7-6683-4af1-9b3d-95b4824081d7,2017/12/31 8:09 AM IST,2017-12-31,2017-12-31 03:39:00 +0100,Chennai,258303,subbu107,Subbu Ramanathan,2020-12-04 16:45:35 +0100,2023-05-24 10:54:02 +0200,research,CC-BY-NC,https://www.inaturalist.org/observations/66092562,https://inaturalist-open-data.s3.amazonaws.com/photos/106470387/medium.jpg,,"",,1,0,false,,"Moodahalli, Karnataka, India",12.1726547308,76.7533358952,564,,,,564,,open,false,,,Tricolored Munia,Lonchura malacca,Capuchino Tricolor de la India,Aves,979790
66308622,84972b4e-5db9-486b-80fe-ce55b882ada7,2019-09-02 6:17:32 AM GMT+03:00,2019-09-02,2019-09-02 05:17:32 +0200,Baghdad,1092367,marnika,Marina Nikonorova,2020-12-08 23:03:57 +0100,2024-02-20 08:43:16 +0100,research,CC-BY-NC,https://www.inaturalist.org/observations/66308622,https://inaturalist-open-data.s3.amazonaws.com/photos/106865899/medium.jpeg,,"",,6,0,false,2,"Паллемалала, Шри-Ланка",6.177333955,81.2184869125,193,,,,193,,open,false,gps,gps,Tricolored Munia,Lonchura malacca,Capuchino Tricolor de la India,Aves,979790
66514077,15e89c05-89bb-4931-9231-2d5400b980e6,2014/09/07 3:19 PM IST,2014-09-07,2014-09-07 11:49:00 +0200,New Delhi,748483,prashanthmb,Prashanth,2020-12-13 12:32:19 +0100,2024-02-20 08:45:06 +0100,research,CC-BY-NC,https://www.inaturalist.org/observations/66514077,https://inaturalist-open-data.s3.amazonaws.com/photos/107240929/medium.jpeg,,"",,3,0,false,,"Bangalore Urban, Karnataka, India",12.7644594199,77.529864827,32,,,,32,,open,false,,,Tricolored Munia,Lonchura malacca,Capuchino Tricolor de la India,Aves,979790
66514080,56e7153b-8d7e-43b5-91c6-999e416b63df,2014/09/07 3:47 PM IST,2014-09-07,2014-09-07 12:17:00 +0200,New Delhi,748483,prashanthmb,Prashanth,2020-12-13 12:32:20 +0100,2024-02-20 08:45:05 +0100,research,CC-BY-NC,https://www.inaturalist.org/observations/66514080,https://inaturalist-open-data.s3.amazonaws.com/photos/107240956/medium.jpeg,,"",,4,1,false,,"Bangalore Urban, Karnataka, India",12.7644697285,77.5294214504,18,,,,18,,open,false,,,Tricolored Munia,Lonchura malacca,Capuchino Tricolor de la India,Aves,979790
67015565,86b1e759-eecd-4986-99a1-a3370b4d7b5f,2020/01/19 9:57 AM IST,2020-01-19,2020-01-19 05:27:00 +0100,Chennai,6490,manojkmohan,Manoj Karingamadathil,2020-12-24 20:13:35 +0100,2021-07-19 00:38:24 +0200,research,CC-BY,https://www.inaturalist.org/observations/67015565,https://inaturalist-open-data.s3.amazonaws.com/photos/108169011/medium.jpeg,,"","",1,0,false,,"Thiruvananthapuram, Kerala, India",8.5238266667,76.9016683333,,,,,,,open,false,,,Tricolored Munia,Lonchura malacca,Capuchino Tricolor de la India,Aves,979790
67019411,006e46f3-7ba9-414a-9090-ebaf47f9ee5b,2020/01/30 8:28 AM IST,2020-01-30,2020-01-30 03:58:00 +0100,Chennai,6490,manojkmohan,Manoj Karingamadathil,2020-12-24 21:58:06 +0100,2021-07-19 00:38:24 +0200,research,CC-BY,https://www.inaturalist.org/observations/67019411,https://inaturalist-open-data.s3.amazonaws.com/photos/108176164/medium.jpeg,,"","",2,0,false,,"Thrissur, Kerala, India",10.537635,76.128195,,,,,,,open,false,,,Tricolored Munia,Lonchura malacca,Capuchino Tricolor de la India,Aves,979790
67019433,d5f80cb3-28cc-471c-bf04-6370dc33cc04,2020/01/29 10:21 AM IST,2020-01-29,2020-01-29 05:51:00 +0100,Chennai,6490,manojkmohan,Manoj Karingamadathil,2020-12-24 21:58:12 +0100,2021-09-06 20:32:28 +0200,research,CC-BY,https://www.inaturalist.org/observations/67019433,https://inaturalist-open-data.s3.amazonaws.com/photos/108176265/medium.jpeg,,"","",1,0,false,,"Thrissur, Kerala, India",10.5314666667,76.1083116667,,,,,,,open,false,,,Tricolored Munia,Lonchura malacca,Capuchino Tricolor de la India,Aves,979790
67035213,29339c5b-b2d4-45ea-ba47-c0857dc4725a,2020/12/14 12:02 PM IST,2020-12-14,2020-12-14 07:32:00 +0100,Mumbai,2119456,udayagashe,Uday Agashe,2020-12-25 07:48:34 +0100,2024-02-20 08:43:05 +0100,research,CC-BY-NC,https://www.inaturalist.org/observations/67035213,https://inaturalist-open-data.s3.amazonaws.com/photos/108206615/medium.jpg,,"01 To be Identified, Bhigawan, Location, Maharashtra",,4,0,false,,Bhigawan,18.265523529,74.8032888207,240,,,,240,,open,false,,,Tricolored Munia,Lonchura malacca,Capuchino Tricolor de la India,Aves,979790
67035219,4608d238-4d06-4736-8463-5df3203fd42a,2020/12/14 12:42 PM IST,2020-12-14,2020-12-14 08:12:00 +0100,Mumbai,2119456,udayagashe,Uday Agashe,2020-12-25 07:48:36 +0100,2024-02-20 08:43:04 +0100,research,CC-BY-NC,https://www.inaturalist.org/observations/67035219,https://inaturalist-open-data.s3.amazonaws.com/photos/108206641/medium.jpg,,"Bhigawan, Bird Family, Estrildidae (Waxbills- grass finches- munias and allies), Location, Maharashtra, Tri-coloured Munia",,3,0,false,,Bhigawan,18.265523529,74.8032888207,240,,,,240,,open,false,,,Tricolored Munia,Lonchura malacca,Capuchino Tricolor de la India,Aves,979790
67192114,b709def6-a3e4-4dde-bf20-2b505c449ebf,2020/07/12 2:04 PM IST,2020-07-12,2020-07-12 10:34:00 +0200,Chennai,3065681,milind_bhakare,Shriram Bhakare,2020-12-28 14:51:14 +0100,2024-02-20 08:43:00 +0100,research,CC-BY-NC,https://www.inaturalist.org/observations/67192114,https://inaturalist-open-data.s3.amazonaws.com/photos/108498734/medium.jpg,,"",,6,0,false,,"Banawadi, Maharashtra, India",17.8381138418,74.0781954879,31,,,,31,,open,false,,,Tricolored Munia,Lonchura malacca,Capuchino Tricolor de la India,Aves,979790
68182720,d870d3d7-f0c3-4551-9ceb-00492551c2d2,2021-01-06 11:04:14 AM GMT-05:00,2021-01-06,2021-01-06 17:04:14 +0100,Bogota,909125,omarjavier48,Omar Javier López Gómez,2021-01-17 00:52:41 +0100,2024-02-20 08:43:00 +0100,research,CC-BY-NC,https://www.inaturalist.org/observations/68182720,https://inaturalist-open-data.s3.amazonaws.com/photos/110338186/medium.jpeg,,"",,3,0,false,2,"Acevedo, Huila, Colombia",1.8236893377,-75.8739876375,42,,,,42,,open,false,gps,gps,Tricolored Munia,Lonchura malacca,Capuchino Tricolor de la India,Aves,979790
68719293,34dcdd8b-5fd0-46e8-888e-592955169741,2021-01-28 4:36:17 PM GMT+05:30,2021-01-28,2021-01-28 12:06:17 +0100,Chennai,3977310,ajayamaria1007,,2021-01-28 12:06:39 +0100,2024-02-20 08:42:58 +0100,research,CC-BY-NC,https://www.inaturalist.org/observations/68719293,https://inaturalist-open-data.s3.amazonaws.com/photos/111353701/medium.jpeg,,"",,2,0,false,2,"Chhattisgarh 491111, India",21.0487813,81.4668623,1299,,,,1299,,open,false,,,Tricolored Munia,Lonchura malacca,Capuchino Tricolor de la India,Aves,979790
68752183,0320fd8f-24e9-4ce6-8119-9aa858222fea,2021-01-26 4:36:38 PM GMT+05:30,2021-01-26,2021-01-26 12:06:38 +0100,New Delhi,2930916,renjithjacobmathews,Renjith Jacob Mathews,2021-01-29 08:17:13 +0100,2022-04-19 00:12:46 +0200,research,CC-BY,https://www.inaturalist.org/observations/68752183,https://inaturalist-open-data.s3.amazonaws.com/photos/111405050/medium.jpeg,,"",,1,0,false,2,"Kerala 686007, India",9.5431665721,76.5078811347,72,,,,72,,open,false,gps,gps,Tricolored Munia,Lonchura malacca,Capuchino Tricolor de la India,Aves,979790
69235444,ef898245-c81c-4cee-b225-e42b154ebb72,2021-01-06 11:04:14 AM GMT-05:00,2021-01-06,2021-01-06 17:04:14 +0100,Bogota,909125,omarjavier48,Omar Javier López Gómez,2021-02-08 02:51:23 +0100,2024-02-20 08:42:58 +0100,research,CC-BY-NC,https://www.inaturalist.org/observations/69235444,https://inaturalist-open-data.s3.amazonaws.com/photos/112302615/medium.jpeg,,"",,3,0,false,2,"Acevedo, Huila, Colombia",1.824741236,-75.8748804778,5,,,,5,,open,false,gps,gps,Tricolored Munia,Lonchura malacca,Capuchino Tricolor de la India,Aves,979790
70261559,6bb84698-eed8-4c92-b2f1-adf2b38515cb,2014/11/13 9:09 AM EST,2014-11-13,2014-11-13 15:09:00 +0100,Eastern Time (US & Canada),185845,richardyank,Richard Yank,2021-02-27 18:16:58 +0100,2021-02-27 19:43:31 +0100,research,,https://www.inaturalist.org/observations/70261559,https://static.inaturalist.org/photos/114183542/medium.jpg,,"Asia, Birds, India 2014, MUNIAS and MANNIKINS and SILVERBILLS, Munia - Black-headed, Nature","Fields on the eastern outskirts of Mysore, Karnataka, India",2,0,false,,"Sugganahalli, Karnataka, India",12.3226441533,76.7609164517,11705,,,,11705,,open,false,,,Tricolored Munia,Lonchura malacca,Capuchino Tricolor de la India,Aves,979790
71093294,b06e5d74-737a-4d33-be87-69983d851af1,2021/03/12 6:22 PM -0500,2021-03-12,2021-03-13 00:22:00 +0100,Lima,4096282,luisfelipeplazas,,2021-03-13 00:23:54 +0100,2021-03-13 01:45:35 +0100,research,CC-BY-NC,https://www.inaturalist.org/observations/71093294,https://inaturalist-open-data.s3.amazonaws.com/photos/115690363/medium.jpg,,"",,1,0,false,,"Garzón, Huila, Colombia",2.195403,-75.6274679,2695,,,,2695,,open,false,,,Tricolored Munia,Lonchura malacca,Capuchino Tricolor de la India,Aves,979790
71456239,b3bd43bb-3f93-408f-a0cb-0482fbe80e25,Wed Mar 17 2021 19:17:40 GMT-0500 (GMT-5),2021-03-17,2021-03-18 00:17:40 +0100,America/Indiana/Indianapolis,3942441,david_cortes_r_,David Cortés R.,2021-03-18 01:17:46 +0100,2023-06-06 10:48:06 +0200,research,,https://www.inaturalist.org/observations/71456239,https://static.inaturalist.org/photos/116340592/medium.jpg,,"","",3,0,false,3,"40, Córdoba, Quindío, CO",4.4859500553,-75.700714114,3843,,,,3843,,open,false,,,Tricolored Munia,Lonchura malacca,Capuchino Tricolor de la India,Aves,979790
71955726,a62f4d84-1efd-4b29-b354-6c5beb83fcfa,2020-11-14 7:34:56 AM GMT+05:30,2020-11-14,2020-11-14 03:04:56 +0100,Chennai,2852333,elavarasan_mm,Elavarasan M,2021-03-24 17:52:55 +0100,2021-03-25 02:16:43 +0100,research,CC-BY-NC,https://www.inaturalist.org/observations/71955726,https://inaturalist-open-data.s3.amazonaws.com/photos/117235860/medium.jpeg,,"",,1,0,false,2,Marungoor,11.3230466183,79.2433527857,396,,,,396,,open,false,gps,gps,Tricolored Munia,Lonchura malacca,Capuchino Tricolor de la India,Aves,979790
72138524,9860c786-4ffc-482b-aa9a-89690045ab0e,2021-03-27 7:26:00 AM GMT+05:30,2021-03-27,2021-03-27 02:56:00 +0100,Chennai,4046338,rahul001,Rahul R Nath,2021-03-27 04:21:08 +0100,2023-07-08 05:21:26 +0200,research,CC-BY-SA,https://www.inaturalist.org/observations/72138524,https://inaturalist-open-data.s3.amazonaws.com/photos/117566277/medium.jpeg,,"",,1,0,false,2,"Kerala 695020, India",8.4495444444,76.9845277778,,,,,,,open,false,gps,gps,Tricolored Munia,Lonchura malacca,Capuchino Tricolor de la India,Aves,979790
72542193,9c674d7a-27da-46c0-8e06-bace40a9ddbd,2014-07-27,2014-07-27,,UTC,443904,udaytarphe,Uday Tarphe,2021-03-31 19:43:14 +0200,2021-03-31 20:44:35 +0200,research,,https://www.inaturalist.org/observations/72542193,https://static.inaturalist.org/photos/118290232/medium.jpeg,,"",,1,0,false,2,"Sector 1, Kharghar, Navi Mumbai, Maharashtra 410210, India",19.0227863813,73.0587159097,130,,,,130,,open,false,gps,gps,Tricolored Munia,Lonchura malacca,Capuchino Tricolor de la India,Aves,979790
72995867,01d2adc5-3a76-4246-8f53-f7bb61a95fb8,2020/07/16 11:50 AM IST,2020-07-16,2020-07-16 08:20:00 +0200,New Delhi,4135796,omeshbajpai,Dr. Omesh Bajpai,2021-04-05 12:45:52 +0200,2021-04-07 15:44:39 +0200,research,CC-BY-NC,https://www.inaturalist.org/observations/72995867,https://inaturalist-open-data.s3.amazonaws.com/photos/119116762/medium.jpeg,,"","",3,0,false,,"Pipri, Uttar Pradesh, India",24.1930083333,82.8506233333,,,,,,,open,false,,,Tricolored Munia,Lonchura malacca,Capuchino Tricolor de la India,Aves,979790
77171031,f502f9d0-a41c-4253-9edf-49b3e05facb4,2021/05/02 11:43 AM UTC,2021-05-02,2021-05-02 13:43:00 +0200,UTC,2627500,ryanhowardtheran,Ryan Howard Therán,2021-05-04 04:18:34 +0200,2021-05-04 05:23:53 +0200,research,,https://www.inaturalist.org/observations/77171031,https://static.inaturalist.org/photos/126126119/medium.jpeg,,"","",1,0,false,,Llanogrande,4.831686014,-75.7342744342,125,,,,125,,open,false,,,Capuchino Tricolor,Lonchura malacca,Capuchino Tricolor de la India,Aves,979790
77171032,7dc9c4d1-5e01-4b36-9886-598b7d280cd9,2021/05/02 12:04 PM UTC,2021-05-02,2021-05-02 14:04:00 +0200,UTC,2627500,ryanhowardtheran,Ryan Howard Therán,2021-05-04 04:18:34 +0200,2021-05-04 06:34:11 +0200,research,,https://www.inaturalist.org/observations/77171032,https://static.inaturalist.org/photos/126126236/medium.jpeg,,"","",2,0,false,,Mirador de Llanogrande,4.8290870072,-75.7364550753,138,,,,138,,open,false,,,Capuchino Tricolor,Lonchura malacca,Capuchino Tricolor de la India,Aves,979790
78010217,1123d562-930d-4c67-81d3-903412aaf30f,2021/04/29 4:51 PM -0500,2021-04-29,2021-04-29 23:51:00 +0200,Bogota,938704,nicflanagan,Nicola Flanagan,2021-05-09 05:53:10 +0200,2021-05-09 10:56:06 +0200,research,CC-BY-NC,https://www.inaturalist.org/observations/78010217,https://inaturalist-open-data.s3.amazonaws.com/photos/127621950/medium.jpeg,,"","",1,0,false,,"Miravalle, Jamundí, Valle del Cauca, Colombia",3.2579992133,-76.59045171,681,,,,681,,open,false,,,Tricolored Munia,Lonchura malacca,Capuchino Tricolor de la India,Aves,979790
79763276,5c68ce12-b4b6-40e0-8fb5-c5019ad12496,2021/05/20 2:21 PM IST,2021-05-20,2021-05-20 10:51:00 +0200,Chennai,3612377,vivek_patel,Vivek Patel,2021-05-22 14:12:47 +0200,2021-08-08 19:51:38 +0200,research,CC-BY-NC,https://www.inaturalist.org/observations/79763276,https://inaturalist-open-data.s3.amazonaws.com/photos/130630312/medium.jpg,,"",,4,0,false,,"Mauhapali, Chhattisgarh 496001, India",21.8698857685,83.2640234765,,,,,,,open,false,,,Tricolored Munia,Lonchura malacca,Capuchino Tricolor de la India,Aves,979790
79796696,4cb365f9-96f8-436e-bf55-182b362d942a,2021/05/13 3:23 PM CST,2021-05-13,2021-05-13 23:23:00 +0200,Central America,634656,melvin029,Melvin Bonilla,2021-05-22 18:10:03 +0200,2021-05-22 18:54:51 +0200,research,CC-BY,https://www.inaturalist.org/observations/79796696,https://inaturalist-open-data.s3.amazonaws.com/photos/130726416/medium.jpeg,,"","",1,0,false,,"San Vicente, El Salvador",13.4780457379,-88.7673081221,122,,,,122,,open,false,,,Capuchino Tricolor,Lonchura malacca,Capuchino Tricolor de la India,Aves,979790
79946748,65283b1e-d745-45e2-863e-6e2eaf2dfc4c,2021/05/01 8:16 AM IST,2021-05-01,2021-05-01 04:46:00 +0200,Chennai,3499217,shivaprakash,,2021-05-23 16:43:15 +0200,2021-05-23 20:50:23 +0200,research,CC-BY-NC,https://www.inaturalist.org/observations/79946748,https://inaturalist-open-data.s3.amazonaws.com/photos/130985127/medium.jpg,,"","",2,0,false,,"Sindhuvalli, Karnataka, India",12.2119669104,76.6236495663,122,,,,122,,open,false,,,Tricolored Munia,Lonchura malacca,Capuchino Tricolor de la India,Aves,979790
80246955,895d4425-08ce-4e0b-87fa-8981123fd1cf,2021/01/02 2:37 PM -0500,2021-01-02,2021-01-02 20:37:00 +0100,Bogota,1156451,roger3040,Roger Sosa,2021-05-25 17:45:05 +0200,2021-05-25 21:06:56 +0200,research,CC-BY-NC-SA,https://www.inaturalist.org/observations/80246955,https://inaturalist-open-data.s3.amazonaws.com/photos/131509292/medium.jpeg,,"",,1,0,false,,"Jonuta, Tab., México",17.9180157176,-91.8251351398,7813,,,,7813,,open,false,,,Tricolored Munia,Lonchura malacca,Capuchino Tricolor de la India,Aves,979790
81468575,83781160-604a-47e9-95fc-2b9f44089ab1,2021/05/30 7:43 AM MDT,2021-05-30,2021-05-30 15:43:00 +0200,Mountain Time (US & Canada),4249833,thebirderboy,Alejandro Williams Viveros,2021-06-03 21:14:24 +0200,2021-06-03 21:27:24 +0200,research,CC-BY-NC,https://www.inaturalist.org/observations/81468575,https://inaturalist-open-data.s3.amazonaws.com/photos/133622998/medium.jpg,,"","",1,0,false,,"La Tebaida, Quindio, Colombia",4.4192569334,-75.8125259426,16,,,,16,,open,false,,,Tricolored Munia,Lonchura malacca,Capuchino Tricolor de la India,Aves,979790
82172631,84a37e7d-e1c5-4023-a348-836afd2909c6,2021/06/07 6:59 AM CDT,2021-06-07,2021-06-07 13:59:00 +0200,Central Time (US & Canada),1493572,katiuska19,"",2021-06-08 18:19:20 +0200,2021-06-08 18:49:21 +0200,research,CC-BY-NC,https://www.inaturalist.org/observations/82172631,https://inaturalist-open-data.s3.amazonaws.com/photos/134844973/medium.jpeg,,"","",1,0,false,,"Guarumal, Panamá",8.358162948,-82.5346116078,8,,,,8,,open,false,,,Tricolored Munia,Lonchura malacca,Capuchino Tricolor de la India,Aves,979790
82524511,be2a4b3e-ea66-4fd9-9929-7c2bebf751e0,2020/06/14 8:35 AM IST,2020-06-14,2020-06-14 05:05:00 +0200,Chennai,3499217,shivaprakash,,2021-06-11 11:17:41 +0200,2021-06-11 18:08:39 +0200,research,CC-BY-NC,https://www.inaturalist.org/observations/82524511,https://inaturalist-open-data.s3.amazonaws.com/photos/135454796/medium.jpeg,,"","",3,0,false,,"Nanagalli, Karnataka, India",12.1502983521,76.5580579987,244,,,,244,,open,false,,,Tricolored Munia,Lonchura malacca,Capuchino Tricolor de la India,Aves,979790
83092327,b940f237-5c27-45fc-8fd7-05613704d205,2020/07/22 9:12 AM UTC,2020-07-22,2020-07-22 11:12:00 +0200,UTC,1351655,animalitodimonti,Angelica Contreras,2021-06-15 05:39:15 +0200,2024-02-20 07:00:18 +0100,research,,https://www.inaturalist.org/observations/83092327,https://static.inaturalist.org/photos/136438844/medium.jpg,,"",,5,0,false,,"Cozumel, Quintana Roo, Mexico",20.4188528675,-87.0104740821,122,,,,122,,open,false,,,Capuchino Tricolor,Lonchura malacca,Capuchino Tricolor de la India,Aves,979790
83219998,7ec3a4cf-7487-484e-92fc-1252e6476847,2021/01/24 8:21 AM IST,2021-01-24,2021-01-24 03:51:00 +0100,Chennai,3341973,samrudhnandagopal,Samrudh Nandagopal,2021-06-16 05:14:20 +0200,2022-02-26 17:18:49 +0100,research,CC-BY-NC,https://www.inaturalist.org/observations/83219998,https://inaturalist-open-data.s3.amazonaws.com/photos/136656245/medium.jpg,,"",,2,0,false,,"Near Doravarisatram, Railway Station, Nelapattu, Andhra Pradesh 524126, India",13.8250526,79.9495714,210,,,,210,,open,false,,,Tricolored Munia,Lonchura malacca,Capuchino Tricolor de la India,Aves,979790
83658970,199be2ee-0b7e-443a-8614-ced15e320fd3,2021/06/16 7:40 AM HST,2021-06-16,2021-06-16 19:40:00 +0200,Hawaii,273283,bernardo0,Bernardo Zorrilla,2021-06-19 18:55:28 +0200,2024-02-20 06:21:49 +0100,research,CC-BY-NC,https://www.inaturalist.org/observations/83658970,https://inaturalist-open-data.s3.amazonaws.com/photos/137418716/medium.jpg,,"",,4,0,false,,"Campeche, Camp., México",19.9435975075,-90.3764549107,90,,,,90,,open,false,,,Capuchino Tricolor,Lonchura malacca,Capuchino Tricolor de la India,Aves,979790
84508931,be910b79-3b91-4e58-8589-33248dfa1140,2017/12/01 8:37 AM IST,2017-12-01,2017-12-01 04:07:00 +0100,Chennai,2706220,paulmathi,Paulmathi Vinod,2021-06-26 06:05:20 +0200,2024-02-20 06:21:48 +0100,research,CC-BY,https://www.inaturalist.org/observations/84508931,https://inaturalist-open-data.s3.amazonaws.com/photos/138900608/medium.jpg,,"",,2,0,false,,"Chennai, Tamil Nadu, India",13.0826802,80.2707184,21079,,,,21079,,open,false,,,Tricolored Munia,Lonchura malacca,Capuchino Tricolor de la India,Aves,979790
84518251,bbe03794-1d7f-4285-bf02-6c4ffb625f89,2021/06/18 5:02 PM UTC,2021-06-18,2021-06-18 19:02:00 +0200,UTC,4034047,vsanchi,Vedika Sanchi,2021-06-26 09:12:21 +0200,2024-02-20 06:21:51 +0100,research,CC-BY-NC,https://www.inaturalist.org/observations/84518251,https://inaturalist-open-data.s3.amazonaws.com/photos/138923542/medium.jpeg,,"","",3,0,false,,"Bangalore, Karnataka, India",12.8877166667,77.4680083333,,,,,,,open,false,,,Tricolored Munia,Lonchura malacca,Capuchino Tricolor de la India,Aves,979790
84518253,d0ce691a-bbef-41f1-8840-2c7a631b1163,2021/06/18 5:16 PM UTC,2021-06-18,2021-06-18 19:16:00 +0200,UTC,4034047,vsanchi,Vedika Sanchi,2021-06-26 09:12:22 +0200,2024-02-20 06:21:50 +0100,research,CC-BY-NC,https://www.inaturalist.org/observations/84518253,https://inaturalist-open-data.s3.amazonaws.com/photos/138924074/medium.jpeg,,"","",4,0,false,,"Bangalore, Karnataka, India",12.8879733333,77.468015,,,,,,,open,false,,,Tricolored Munia,Lonchura malacca,Capuchino Tricolor de la India,Aves,979790
84720828,b768176c-d6b4-4edc-8594-ddfeb2cd9a73,2021/06/20 7:44 AM IST,2021-06-20,2021-06-20 04:14:00 +0200,Chennai,3499217,shivaprakash,,2021-06-27 18:33:53 +0200,2024-02-20 06:21:41 +0100,research,CC-BY-NC,https://www.inaturalist.org/observations/84720828,https://inaturalist-open-data.s3.amazonaws.com/photos/139271674/medium.jpg,,"","",2,0,false,,"Huliyurdurga, Karnataka 572123, India",12.8255251,77.0348573,1462,,,,1462,,open,false,,,Tricolored Munia,Lonchura malacca,Capuchino Tricolor de la India,Aves,979790
86054797,5561ec6a-1a8a-4819-98f6-1a8e7f337091,2021/07/07 6:34 AM IST,2021-07-07,2021-07-07 03:04:00 +0200,Chennai,3499217,shivaprakash,,2021-07-07 18:39:05 +0200,2024-02-20 06:21:43 +0100,research,CC-BY-NC,https://www.inaturalist.org/observations/86054797,https://inaturalist-open-data.s3.amazonaws.com/photos/141695661/medium.jpeg,,"","",2,0,false,,"Honnamachanahalli, Karnataka 572126, India",12.8902037,76.9876254,209,,,,209,,open,false,,,Tricolored Munia,Lonchura malacca,Capuchino Tricolor de la India,Aves,979790
86118006,b4cbc7a3-9b0d-45ef-a3b6-edbce6997634,2021/07/05 8:45 AM HST,2021-07-05,2021-07-05 20:45:00 +0200,Hawaii,1582273,danielhincapie,Daniel Hincapie,2021-07-08 04:46:47 +0200,2024-02-20 06:21:43 +0100,research,CC-BY,https://www.inaturalist.org/observations/86118006,https://inaturalist-open-data.s3.amazonaws.com/photos/141803811/medium.jpeg,,"","",3,0,false,,"Copacabana, Antioquia, Colombia",6.3527967335,-75.4928501118,2,,,,2,,open,false,,,Tricolored Munia,Lonchura malacca,Capuchino Tricolor de la India,Aves,979790
86292685,915e853f-226e-48c8-b80e-abe375347e23,2021-07-09 18:22:33,2021-07-09,2021-07-09 20:22:33 +0200,UTC,728921,lakshmikant,Lakshmikant Rajaram Neve,2021-07-09 18:28:05 +0200,2024-02-20 06:21:45 +0100,research,,https://www.inaturalist.org/observations/86292685,https://static.inaturalist.org/photos/142133613/medium.jpeg,,"",,2,0,false,2,"Raipur, Maharashtra, India",21.0538696509,75.8626911789,300,,,,300,,open,false,,,Tricolored Munia,Lonchura malacca,Capuchino Tricolor de la India,Aves,979790
86373591,8a3d7472-d6d5-4206-8952-9f37b4ee55c0,2019/11/17 11:52 AM UTC,2019-11-17,2019-11-17 12:52:00 +0100,UTC,4066201,davgarrigues,David Garrigues,2021-07-10 08:45:55 +0200,2024-02-20 06:21:45 +0100,research,CC-BY-NC,https://www.inaturalist.org/observations/86373591,https://inaturalist-open-data.s3.amazonaws.com/photos/142281577/medium.jpg,,"",,3,0,false,,"Provincia de Guanacaste, Costa Rica",10.3307929634,-85.1486861866,197,,,,197,,open,false,,,Tricolored Munia,Lonchura malacca,Capuchino Tricolor de la India,Aves,979790
87656705,ba32fe5d-5b93-4bcb-9eab-540d0ba5db83,2021/07/18 4:47 PM CST,2021-07-18,2021-07-19 00:47:00 +0200,Central America,9273,carlosjuarezp,Carlos E. Juárez-Peña,2021-07-19 03:49:38 +0200,2024-02-20 06:21:47 +0100,research,CC-BY-NC,https://www.inaturalist.org/observations/87656705,https://inaturalist-open-data.s3.amazonaws.com/photos/144543324/medium.jpeg,,"",6 individuos observados.,3,0,false,,"Chalchuapa, El Salvador",13.9987711965,-89.6673726491,15,,,,15,,open,false,,,Capuchino Tricolor,Lonchura malacca,Capuchino Tricolor de la India,Aves,979790
87984578,08c43770-f35e-4427-8156-394c11c14ce6,2020/12/12 8:16 AM IST,2020-12-12,2020-12-12 03:46:00 +0100,Chennai,3792546,kishorenath,kishore T,2021-07-21 15:15:23 +0200,2021-07-21 18:08:14 +0200,research,CC-BY-NC,https://www.inaturalist.org/observations/87984578,https://inaturalist-open-data.s3.amazonaws.com/photos/145117660/medium.jpg,,"",,2,0,false,,"Krishna, Andhra Pradesh, India",16.4100813761,80.7078275716,122,,,,122,,open,false,,,Tricolored Munia,Lonchura malacca,Capuchino Tricolor de la India,Aves,979790
88360900,50c733da-26cf-4a64-9858-bcc74d5cc254,2021/07/24 6:33 AM IST,2021-07-24,2021-07-24 03:03:00 +0200,Chennai,2706220,paulmathi,Paulmathi Vinod,2021-07-24 10:06:46 +0200,2024-02-20 06:21:53 +0100,research,CC-BY,https://www.inaturalist.org/observations/88360900,https://inaturalist-open-data.s3.amazonaws.com/photos/145779471/medium.jpg,,www.roamingowls.com,"",3,0,false,,"Chennai, Tamil Nadu, India",13.0826802,80.2707184,21079,,,,21079,,open,false,,,Tricolored Munia,Lonchura malacca,Capuchino Tricolor de la India,Aves,979790
88501803,f0bf7b3f-2e0c-4821-9ab2-76727d02f5fe,2017/09/21 9:35 AM IST,2017-09-21,2017-09-21 06:05:00 +0200,Chennai,3499217,shivaprakash,,2021-07-25 08:11:18 +0200,2024-02-20 06:21:39 +0100,research,CC-BY-NC,https://www.inaturalist.org/observations/88501803,https://inaturalist-open-data.s3.amazonaws.com/photos/146028786/medium.jpeg,,"","",2,0,false,,"Chamundi Hill, Mysuru, Karnataka, India",12.2752546,76.6701475,3623,,,,3623,,open,false,,,Tricolored Munia,Lonchura malacca,Capuchino Tricolor de la India,Aves,979790
88909656,5798735c-6c53-4ef3-8160-fb533a06c8e5,2014-07-27,2014-07-27,,UTC,443904,udaytarphe,Uday Tarphe,2021-07-28 07:42:46 +0200,2024-02-20 06:21:40 +0100,research,,https://www.inaturalist.org/observations/88909656,https://static.inaturalist.org/photos/146761631/medium.jpeg,,"",,2,0,false,2,"Sector 1, Kharghar, Navi Mumbai, Maharashtra 410210, India",19.0253972127,73.0612492561,863,,,,863,,open,false,gps,gps,Tricolored Munia,Lonchura malacca,Capuchino Tricolor de la India,Aves,979790
89205681,0ac65c5c-854c-4b80-955d-ffe72d6136c9,2021/07/18 8:31 AM IST,2021-07-18,2021-07-18 05:01:00 +0200,Chennai,3374862,debashischowdhury,Debashis Chowdhury,2021-07-30 18:24:56 +0200,2022-08-08 21:21:12 +0200,research,,https://www.inaturalist.org/observations/89205681,https://static.inaturalist.org/photos/147283950/medium.jpg,,"",,1,0,false,,"Baruipur Jelkhanar Math, South 24 Parganas, West Bengal, India",22.3601968013,88.3908248143,100,,,,100,,open,false,,,Tricolored Munia,Lonchura malacca,Capuchino Tricolor de la India,Aves,979790
89205687,e86ff269-9b0f-4f7c-a015-c2d0d68ab6fe,2021/07/18 8:51 AM IST,2021-07-18,2021-07-18 05:21:00 +0200,Chennai,3374862,debashischowdhury,Debashis Chowdhury,2021-07-30 18:24:57 +0200,2022-08-08 21:21:15 +0200,research,,https://www.inaturalist.org/observations/89205687,https://static.inaturalist.org/photos/147284221/medium.jpg,,"",,1,0,false,,"Baruipur Jelkhanar Math, South 24 Parganas, West Bengal, India",22.3601372683,88.3905244034,100,,,,100,,open,false,,,Lonchura malacca,Lonchura malacca,Capuchino Tricolor de la India,Aves,979790
89205692,d42d7533-6604-4327-862d-7d1d062783c2,2021/07/18 9:07 AM IST,2021-07-18,2021-07-18 05:37:00 +0200,Chennai,3374862,debashischowdhury,Debashis Chowdhury,2021-07-30 18:24:58 +0200,2022-08-08 21:21:17 +0200,research,,https://www.inaturalist.org/observations/89205692,https://static.inaturalist.org/photos/147284418/medium.jpg,,"",,1,0,false,,"Baruipur Jelkhanar Math, South 24 Parganas, West Bengal, India",22.3601174233,88.3906746075,100,,,,100,,open,false,,,Tricolored Munia,Lonchura malacca,Capuchino Tricolor de la India,Aves,979790
89263992,5d213279-3629-41b8-bf43-e7d254d08753,2021-07-16 18:27:38,2021-07-16,2021-07-16 14:57:38 +0200,New Delhi,2852333,elavarasan_mm,Elavarasan M,2021-07-31 02:37:17 +0200,2024-02-20 07:00:38 +0100,research,CC-BY-NC,https://www.inaturalist.org/observations/89263992,https://inaturalist-open-data.s3.amazonaws.com/photos/147388307/medium.jpeg,,"",,2,0,false,2,Marungoor,11.3230466183,79.2433527857,396,,,,396,,open,false,gps,gps,Tricolored Munia,Lonchura malacca,Capuchino Tricolor de la India,Aves,979790
89302630,b63bfc22-139c-4740-9b20-d7035434038d,2021/07/27 1:26 PM IST,2021-07-27,2021-07-27 09:56:00 +0200,Chennai,1423584,rujutavinod,Rujuta Vinod,2021-07-31 13:27:33 +0200,2024-11-28 18:06:22 +0100,research,CC-BY-NC,https://www.inaturalist.org/observations/89302630,https://inaturalist-open-data.s3.amazonaws.com/photos/147459753/medium.jpeg,,"",,5,0,false,,"Saswad, Maharashtra 412301, India",18.3463128,74.0301826,2716,,,,2716,,open,false,,,Tricolored Munia,Lonchura malacca,Capuchino Tricolor de la India,Aves,979790
89437164,cf0bb7da-fcde-49d8-bac5-b496e5eb383e,2021-07-31 17:06:55,2021-07-31,2021-07-31 13:36:55 +0200,New Delhi,4304532,hrishikesh_nayak,Suvendu nayak,2021-08-01 07:15:10 +0200,2024-02-20 07:00:20 +0100,research,,https://www.inaturalist.org/observations/89437164,https://static.inaturalist.org/photos/147694681/medium.jpeg,,"",,2,0,false,2,"Odisha 761001, India",19.33313127,84.8128796741,62,,,,62,,open,false,gps,gps,Capuchino Tricolor,Lonchura malacca,Capuchino Tricolor de la India,Aves,979790
89471556,aefc8850-afa7-457e-bcef-79e5b401789a,2021/08/01 12:14 PM IST,2021-08-01,2021-08-01 08:44:00 +0200,Chennai,3341973,samrudhnandagopal,Samrudh Nandagopal,2021-08-01 15:39:34 +0200,2024-02-20 07:00:24 +0100,research,CC-BY-NC,https://www.inaturalist.org/observations/89471556,https://inaturalist-open-data.s3.amazonaws.com/photos/147754786/medium.jpg,,"",,6,0,false,,"Sathambakkam, Tamil Nadu, India",12.8795054,79.4061268,,,,,,,open,false,,,Tricolored Munia,Lonchura malacca,Capuchino Tricolor de la India,Aves,979790
90042755,14374472-f422-48ab-8bb7-5a491290a178,2021-07-21 08:39:56,2021-07-21,2021-07-21 05:09:56 +0200,New Delhi,2852333,elavarasan_mm,Elavarasan M,2021-08-05 18:28:56 +0200,2024-02-20 06:21:34 +0100,research,CC-BY-NC,https://www.inaturalist.org/observations/90042755,https://inaturalist-open-data.s3.amazonaws.com/photos/148760337/medium.jpeg,,"",,2,0,false,2,Manakkudaiyan,11.3326712769,79.2281972989,2642,,,,2642,,open,false,gps,gps,Tricolored Munia,Lonchura malacca,Capuchino Tricolor de la India,Aves,979790
90049206,ab10b865-ee21-43e6-b74f-553203e19acd,2021/06/18 8:42 AM HST,2021-06-18,2021-06-18 20:42:00 +0200,Hawaii,273283,bernardo0,Bernardo Zorrilla,2021-08-05 19:24:57 +0200,2024-02-20 07:00:36 +0100,research,CC-BY-NC,https://www.inaturalist.org/observations/90049206,https://inaturalist-open-data.s3.amazonaws.com/photos/148770465/medium.jpg,,"",,6,0,false,,"Moquel, Camp., México",19.3511825148,-90.6696025846,1626,,,,1626,,open,false,,,Tricolored Munia,Lonchura malacca,Capuchino Tricolor de la India,Aves,979790
90114467,8e61a389-00cf-4e0c-a91b-f9dc34bb75d5,2020/06/27 7:53 AM IST,2020-06-27,2020-06-27 04:23:00 +0200,Chennai,3499217,shivaprakash,,2021-08-06 07:03:00 +0200,2024-02-20 06:21:38 +0100,research,CC-BY-NC,https://www.inaturalist.org/observations/90114467,https://inaturalist-open-data.s3.amazonaws.com/photos/148892907/medium.jpg,,"","",2,0,false,,"Doddakaturu, Karnataka 570008, India",12.1675908173,76.6061549027,419,,,,419,,open,false,,,Tricolored Munia,Lonchura malacca,Capuchino Tricolor de la India,Aves,979790
90363393,1935624c-576e-49e8-8082-4008fbbcc7b0,2011/09/25 9:42 AM IST,2011-09-25,2011-09-25 06:12:00 +0200,Chennai,3499217,shivaprakash,,2021-08-08 10:04:50 +0200,2024-02-20 06:21:37 +0100,research,CC-BY-NC,https://www.inaturalist.org/observations/90363393,https://inaturalist-open-data.s3.amazonaws.com/photos/149340499/medium.jpeg,,"","",3,0,false,,"Varakodu Scrub Forest, Mysuru, Karnataka, India",12.2704249134,76.7756307185,61,,,,61,,open,false,,,Tricolored Munia,Lonchura malacca,Capuchino Tricolor de la India,Aves,979790
90401979,c428e0e0-9ecf-41e0-bd3a-8467c56368e9,2013/11/26 10:27 AM IST,2013-11-26,2013-11-26 05:57:00 +0100,Chennai,3499217,shivaprakash,,2021-08-08 17:31:47 +0200,2021-08-09 03:10:32 +0200,research,CC-BY-NC,https://www.inaturalist.org/observations/90401979,https://inaturalist-open-data.s3.amazonaws.com/photos/149406929/medium.jpeg,,"","",1,0,false,,"Giribettada Kere, Mysuru, Karnataka, India",12.2600529819,76.7732421393,102,,,,102,,open,false,,,Tricolored Munia,Lonchura malacca,Capuchino Tricolor de la India,Aves,979790
90520017,cd636c9b-722c-46a7-8db9-063ddcb6bdb6,2021-04-17 6:51:58 PM CDT,2021-04-17,2021-04-17 20:51:58 +0200,UTC,1550682,luis508,Luis Solano,2021-08-09 13:38:38 +0200,2021-08-09 15:54:12 +0200,research,,https://www.inaturalist.org/observations/90520017,https://static.inaturalist.org/photos/149618609/medium.jpeg,,"",,2,0,false,2,"Puente Nacional, Ver., México",19.3415986881,-96.4822162315,9,,,,9,,open,false,gps,gps,Tricolored Munia,Lonchura malacca,Capuchino Tricolor de la India,Aves,979790
90969335,a4d480d8-6073-48ac-bcce-a0e3a047a93b,2021-08-12 01:20:54,2021-08-12,2021-08-11 21:50:54 +0200,New Delhi,4000160,dushyantforestry_ggu,Dushyant Sahu,2021-08-13 08:02:48 +0200,2024-02-20 06:21:35 +0100,research,CC-BY-NC,https://www.inaturalist.org/observations/90969335,https://inaturalist-open-data.s3.amazonaws.com/photos/150406136/medium.jpeg,,"",,3,0,false,2,"Chhattisgarh 490024, India",21.2600145988,81.3585032523,313,,,,313,,open,false,gps,gps,Tricolored Munia,Lonchura malacca,Capuchino Tricolor de la India,Aves,979790
91499858,76e1574e-4a2c-44d8-b2e8-fd9df077f008,2021/05/02 11:22 AM CST,2021-05-02,2021-05-02 19:22:00 +0200,Central America,1855213,ignaciojmln,Ignacio Molina,2021-08-17 08:18:42 +0200,2021-08-18 20:30:00 +0200,research,,https://www.inaturalist.org/observations/91499858,https://static.inaturalist.org/photos/151353682/medium.jpg,,"",,2,0,false,,"San Miguel, El Salvador",13.4124628685,-88.1533407236,103,,,,103,,open,false,,,Tricolored Munia,Lonchura malacca,Capuchino Tricolor de la India,Aves,979790
91546671,a608e501-d112-418e-9464-17411d01e0e1,2018-10-08 08:00:03,2018-10-08,2018-10-08 04:30:03 +0200,New Delhi,416652,santoshbhor,Santosh Dalvi,2021-08-17 18:48:02 +0200,2024-02-20 07:00:35 +0100,research,CC-BY-NC,https://www.inaturalist.org/observations/91546671,https://inaturalist-open-data.s3.amazonaws.com/photos/151448436/medium.jpeg,,"",,3,0,false,2,"Maharashtra 412206, India",18.148519404,73.7906206772,199,,,,199,,open,false,gps,gps,Tricolored Munia,Lonchura malacca,Capuchino Tricolor de la India,Aves,979790
91650392,924f7756-f6ee-4725-928b-3260efe5bd14,2021/08/07 6:49 AM IST,2021-08-07,2021-08-07 03:19:00 +0200,Chennai,3612377,vivek_patel,Vivek Patel,2021-08-18 18:35:55 +0200,2021-08-18 20:09:33 +0200,research,CC-BY-NC,https://www.inaturalist.org/observations/91650392,https://inaturalist-open-data.s3.amazonaws.com/photos/151634729/medium.jpg,,"",,1,0,false,,"Raigarh, Chhattisgarh, India",21.8488666667,83.2927083333,,,,,,,open,false,,,Tricolored Munia,Lonchura malacca,Capuchino Tricolor de la India,Aves,979790
91650404,4f3404e0-24e0-451a-9828-d6158dfd7e28,2021/08/07 7:09 AM IST,2021-08-07,2021-08-07 03:39:00 +0200,Chennai,3612377,vivek_patel,Vivek Patel,2021-08-18 18:35:58 +0200,2021-08-19 02:17:41 +0200,research,CC-BY-NC,https://www.inaturalist.org/observations/91650404,https://inaturalist-open-data.s3.amazonaws.com/photos/151635327/medium.jpg,,"",,2,0,false,,"Raigarh, Chhattisgarh, India",21.8499616667,83.2928766667,,,,,,,open,false,,,Tricolored Munia,Lonchura malacca,Capuchino Tricolor de la India,Aves,979790
91664040,fa612a7a-1dc5-448c-a3d7-cef9292d299a,2021/08/08 7:25 AM UTC,2021-08-08,2021-08-08 09:25:00 +0200,UTC,4151959,milohongo76,Ermilo López-Cobá,2021-08-18 20:49:01 +0200,2021-08-19 02:20:13 +0200,research,CC-BY-NC,https://www.inaturalist.org/observations/91664040,https://inaturalist-open-data.s3.amazonaws.com/photos/151658793/medium.jpeg,,"","",2,0,false,,"Tizimín, Yuc., México Tiz-3",21.4572563363,-87.9566330221,78,,,,78,,open,false,,,Tricolored Munia,Lonchura malacca,Capuchino Tricolor de la India,Aves,979790
91664047,a7a828d2-a6d5-4b6f-9daa-4d46f292dedf,2021/08/08 8:43 AM UTC,2021-08-08,2021-08-08 10:43:00 +0200,UTC,4151959,milohongo76,Ermilo López-Cobá,2021-08-18 20:49:03 +0200,2022-04-02 06:36:53 +0200,research,CC-BY-NC,https://www.inaturalist.org/observations/91664047,https://inaturalist-open-data.s3.amazonaws.com/photos/151660003/medium.jpeg,,"","",4,0,false,,"Tizimín, Yuc., México Tiz-3",21.4572563363,-87.9566330221,78,,,,78,,open,false,,,Capuchino Tricolor,Lonchura malacca,Capuchino Tricolor de la India,Aves,979790
91846203,ebe90e12-ea51-454c-bb0d-633ddeafbd59,2012/12/22 8:32 AM IST,2012-12-22,2012-12-22 04:02:00 +0100,Chennai,3499217,shivaprakash,,2021-08-20 15:49:11 +0200,2024-02-20 04:54:41 +0100,research,CC-BY-NC,https://www.inaturalist.org/observations/91846203,https://inaturalist-open-data.s3.amazonaws.com/photos/151987059/medium.jpeg,,"","",1,0,false,,"Parvathana Katte, Mysuru, Karnataka, India",12.1307476397,76.4186495125,171,,,,171,,open,false,,,Tricolored Munia,Lonchura malacca,Capuchino Tricolor de la India,Aves,979790
91951518,87a245da-6742-4130-aa37-24805ae5376f,2021/08/21 9:08 AM IST,2021-08-21,2021-08-21 05:38:00 +0200,Chennai,3499217,shivaprakash,,2021-08-21 14:19:05 +0200,2021-08-21 21:21:20 +0200,research,CC-BY-NC,https://www.inaturalist.org/observations/91951518,https://inaturalist-open-data.s3.amazonaws.com/photos/152175231/medium.jpeg,,"","",2,0,false,,"Dadadahalli kere and surroundings, Mysuru, Karnataka, India",12.2124735266,76.6334253714,122,,,,122,,open,false,,,Tricolored Munia,Lonchura malacca,Capuchino Tricolor de la India,Aves,979790
91971932,33523f74-c767-4ff4-a666-6aa70734c76a,2015-07-26 09:37:46,2015-07-26,2015-07-26 06:07:46 +0200,Chennai,103936,antonygrossy,"",2021-08-21 17:19:27 +0200,2021-08-21 21:15:13 +0200,research,CC-BY-NC,https://www.inaturalist.org/observations/91971932,https://static.inaturalist.org/photos/152210096/medium.jpg,,"Tri Coloured Munia, Black Headed Munia, Tri, Coloured, Munia, Black, Headed, Lonchura, malacca, Lonchura malacca, Birds, Bird, Birding, Birds of Nilgiris, Birding Nilgiris, Indian, Indian Birds, Beautiful, Beautiful Bird, Pretty, Brown, Black and White, Black & White, White, Black Headed, The Tri Coloured Munia or The Black Headed Munia","This Munia is a resident of the lower slopes towards Metuplayam &amp; Masinagudi. It is a small gregarious bird which feeds mainly on grain and other seeds. It inhabits wet grassland habitats.
",4,0,false,,", Karnataka, India",12.847538,77.482166,,,,,,,open,false,,,Tricolored Munia,Lonchura malacca,Capuchino Tricolor de la India,Aves,979790
92064806,a4e6bbe2-960a-4f61-beba-1b3da2d5d6d5,2016-10-29 07:47:01,2016-10-29,2016-10-29 04:17:01 +0200,New Delhi,416652,santoshbhor,Santosh Dalvi,2021-08-22 08:09:08 +0200,2021-09-02 08:54:47 +0200,research,CC-BY-NC,https://www.inaturalist.org/observations/92064806,https://inaturalist-open-data.s3.amazonaws.com/photos/152379191/medium.jpeg,,"",,4,0,false,2,"Maharashtra 412206, India",18.1484821281,73.7926423922,199,,,,199,,open,false,gps,gps,Tricolored Munia,Lonchura malacca,Capuchino Tricolor de la India,Aves,979790
92210974,b03df464-5fa1-440b-a1d7-f7475c47ab59,2021/08/10 11:32 PM IST,2021-08-10,2021-08-10 20:02:00 +0200,Chennai,1423584,rujutavinod,Rujuta Vinod,2021-08-23 09:18:33 +0200,2024-11-28 18:06:22 +0100,research,CC-BY-NC,https://www.inaturalist.org/observations/92210974,https://inaturalist-open-data.s3.amazonaws.com/photos/152643485/medium.jpeg,,"",,3,0,false,,"Waghapur, Maharashtra 412104, India",18.3967646,74.1261982,856,,,,856,,open,false,,,Tricolored Munia,Lonchura malacca,Capuchino Tricolor de la India,Aves,979790
92214548,ce2ebab7-e0f4-42cc-a08f-edadbe64c0ac,2017/12/18 9:11 AM IST,2017-12-18,2017-12-18 04:41:00 +0100,Chennai,2706220,paulmathi,Paulmathi Vinod,2021-08-23 10:36:26 +0200,2021-08-23 16:29:50 +0200,research,CC-BY,https://www.inaturalist.org/observations/92214548,https://inaturalist-open-data.s3.amazonaws.com/photos/152651665/medium.jpg,,www.roamingowls.com,"",2,0,false,,"Chennai, Tamil Nadu, India",13.0826802,80.2707184,21079,,,,21079,,open,false,,,Tricolored Munia,Lonchura malacca,Capuchino Tricolor de la India,Aves,979790
92324712,bc103a50-6b0d-42ea-855f-5787968f0c14,2018/02/03 8:11 AM IST,2018-02-03,2018-02-03 03:41:00 +0100,Chennai,3499217,shivaprakash,,2021-08-24 07:04:09 +0200,2021-08-24 15:58:02 +0200,research,CC-BY-NC,https://www.inaturalist.org/observations/92324712,https://inaturalist-open-data.s3.amazonaws.com/photos/152852362/medium.jpeg,,"","",2,0,false,,"Hulimavu, Basahallihundi, Karnataka, India",12.1806086443,76.7262009049,61,,,,61,,open,false,,,Tricolored Munia,Lonchura malacca,Capuchino Tricolor de la India,Aves,979790
92325082,a38a3b60-23d0-4951-a43c-62a65463ce7e,2016/11/21 8:16 AM IST,2016-11-21,2016-11-21 03:46:00 +0100,Chennai,2706220,paulmathi,Paulmathi Vinod,2021-08-24 07:09:18 +0200,2021-08-24 15:56:09 +0200,research,CC-BY,https://www.inaturalist.org/observations/92325082,https://inaturalist-open-data.s3.amazonaws.com/photos/152851115/medium.jpg,,www.roamingowls.com,"",2,0,false,,"Chennai, Tamil Nadu, India",13.0826802,80.2707184,21079,,,,21079,,open,false,,,Tricolored Munia,Lonchura malacca,Capuchino Tricolor de la India,Aves,979790
92452634,4e53db84-5bc2-4328-9b9d-d5ae042d3f6f,2020/12/06 7:30 AM IST,2020-12-06,2020-12-06 03:00:00 +0100,Chennai,3792546,kishorenath,kishore T,2021-08-25 13:36:12 +0200,2021-08-25 16:16:48 +0200,research,CC-BY-NC,https://www.inaturalist.org/observations/92452634,https://inaturalist-open-data.s3.amazonaws.com/photos/153082307/medium.jpeg,,"",,2,0,false,,"Purushottapatnam, Andhra Pradesh, India",16.5592179417,80.761000969,244,,,,244,,open,false,,,Tricolored Munia,Lonchura malacca,Capuchino Tricolor de la India,Aves,979790
92473420,26669143-304c-401a-95ca-a04e13dc2984,2020/12/01 4:17 PM IST,2020-12-01,2020-12-01 11:47:00 +0100,Chennai,3792546,kishorenath,kishore T,2021-08-25 17:35:24 +0200,2021-08-25 17:42:18 +0200,research,CC-BY-NC,https://www.inaturalist.org/observations/92473420,https://inaturalist-open-data.s3.amazonaws.com/photos/153118998/medium.jpg,,"",,1,0,false,,"Purushottapatnam, Andhra Pradesh, India",16.5595666283,80.7600863639,61,,,,61,,open,false,,,Tricolored Munia,Lonchura malacca,Capuchino Tricolor de la India,Aves,979790
92670131,98dab020-6195-4fb0-8f10-83fbcc2a59da,2020/11/29 9:21 AM IST,2020-11-29,2020-11-29 04:51:00 +0100,Chennai,3792546,kishorenath,kishore T,2021-08-27 16:09:13 +0200,2021-08-27 17:02:07 +0200,research,CC-BY-NC,https://www.inaturalist.org/observations/92670131,https://inaturalist-open-data.s3.amazonaws.com/photos/153475246/medium.jpeg,,"",,1,0,false,,"Nunna, Andhra Pradesh 521212, India",16.5758926635,80.6886221727,244,,,,244,,open,false,,,Lonchura malacca,Lonchura malacca,Capuchino Tricolor de la India,Aves,979790
92779883,c5e7676b-942c-41ce-997c-1528c4419110,2014/07/20 10:45 AM IST,2014-07-20,2014-07-20 07:15:00 +0200,Chennai,3499217,shivaprakash,,2021-08-28 16:29:30 +0200,2021-08-28 20:49:34 +0200,research,CC-BY-NC,https://www.inaturalist.org/observations/92779883,https://inaturalist-open-data.s3.amazonaws.com/photos/153673493/medium.jpeg,,"","",2,0,false,,"Kamanakerehundi, Mysore",12.3513932358,76.6874322968,15,,,,15,,open,false,,,Tricolored Munia,Lonchura malacca,Capuchino Tricolor de la India,Aves,979790
92879121,8a8aec7c-0707-4ca6-8c6b-e1815d86d641,Sun Aug 29 2021 11:34:29 GMT +0530 (GMT+5:30),2021-08-29,2021-08-29 08:04:29 +0200,Chennai,2422317,anjanirajagopal,,2021-08-29 09:35:11 +0200,2022-04-19 00:13:30 +0200,research,,https://www.inaturalist.org/observations/92879121,https://inaturalist-open-data.s3.amazonaws.com/photos/153867413/medium.jpeg,,"",,2,0,false,333,Chennai,12.8400917053,80.198600769,,,,,,,open,false,,,Tricolored Munia,Lonchura malacca,Capuchino Tricolor de la India,Aves,979790
93030180,dd7f4a3b-5569-4ccd-a4ca-bef40933268c,2021/08/30 10:24 AM IST,2021-08-30,2021-08-30 06:54:00 +0200,Chennai,3499217,shivaprakash,,2021-08-30 14:09:50 +0200,2021-08-30 14:25:01 +0200,research,CC-BY-NC,https://www.inaturalist.org/observations/93030180,https://inaturalist-open-data.s3.amazonaws.com/photos/154123500/medium.jpeg,,"","",1,0,false,,"Bogadhi Lake, Mysuru, Karnataka 570017",12.3168528,76.5983056,269,,,,269,,open,false,,,Tricolored Munia,Lonchura malacca,Capuchino Tricolor de la India,Aves,979790
93041028,6562e67a-9914-49c0-8d1e-44d2d5e112c0,2020/12/19 8:21 AM IST,2020-12-19,2020-12-19 03:51:00 +0100,Chennai,3499217,shivaprakash,,2021-08-30 16:31:56 +0200,2021-08-30 20:56:19 +0200,research,CC-BY-NC,https://www.inaturalist.org/observations/93041028,https://inaturalist-open-data.s3.amazonaws.com/photos/154141253/medium.jpeg,,"","",1,0,false,,"Kunigal, Chottanahalli, Karnataka 571125, India",12.1262836578,76.3923919403,607,,,,607,,open,false,,,Tricolored Munia,Lonchura malacca,Capuchino Tricolor de la India,Aves,979790
93245642,6877f6d1-8b1a-43ea-ac83-006acb9c3738,2021/08/13 7:44 AM UTC,2021-08-13,2021-08-13 09:44:00 +0200,UTC,2474674,shiridinathpanakam,Shiridinath Panakam,2021-09-01 14:04:43 +0200,2022-04-19 00:13:31 +0200,research,,https://www.inaturalist.org/observations/93245642,https://static.inaturalist.org/photos/154511593/medium.jpg,,"",,2,0,false,,"Tirupati, Andhra Pradesh, India",13.6008186186,79.3688066774,488,,,,488,,open,false,,,Tricolored Munia,Lonchura malacca,Capuchino Tricolor de la India,Aves,979790
93442897,65ba5a83-5fc5-4178-b034-f7a2efdcc8cb,2021/09/01 3:39 PM IST,2021-09-01,2021-09-01 12:09:00 +0200,Chennai,3612377,vivek_patel,Vivek Patel,2021-09-03 07:04:05 +0200,2021-09-03 11:47:12 +0200,research,CC-BY-NC,https://www.inaturalist.org/observations/93442897,https://inaturalist-open-data.s3.amazonaws.com/photos/154874856/medium.jpeg,,"",,1,0,false,,"Bilaspur, Chhattisgarh, India",22.0933616667,82.0619933333,,,,,,,open,false,,,Tricolored Munia,Lonchura malacca,Capuchino Tricolor de la India,Aves,979790
93444704,bc6128f8-6a9b-45d1-aebf-20adb60bd1d3,2021/09/01 3:52 PM IST,2021-09-01,2021-09-01 12:22:00 +0200,Chennai,3612377,vivek_patel,Vivek Patel,2021-09-03 07:48:54 +0200,2021-09-04 03:30:53 +0200,research,CC-BY-NC,https://www.inaturalist.org/observations/93444704,https://inaturalist-open-data.s3.amazonaws.com/photos/154877925/medium.jpeg,,"",,1,0,false,,"Bilaspur, Chhattisgarh, India",22.0592816667,82.0574966667,,,,,,,open,false,,,Tricolored Munia,Lonchura malacca,Capuchino Tricolor de la India,Aves,979790
93631070,7c243224-01bf-4361-a251-709d28f595f0,2021/08/20 6:55 AM IST,2021-08-20,2021-08-20 03:25:00 +0200,Chennai,3612377,vivek_patel,Vivek Patel,2021-09-04 22:23:55 +0200,2021-09-05 00:26:28 +0200,research,CC-BY-NC,https://www.inaturalist.org/observations/93631070,https://inaturalist-open-data.s3.amazonaws.com/photos/155204653/medium.jpg,,"",,1,0,false,,"Bilaspur, Chhattisgarh, India",22.059825,82.0572116667,,,,,,,open,false,,,Tricolored Munia,Lonchura malacca,Capuchino Tricolor de la India,Aves,979790
93697880,9ccd4ca1-6582-4375-a202-78eb061f6734,2021/09/05 12:26 PM IST,2021-09-05,2021-09-05 08:56:00 +0200,Chennai,258303,subbu107,Subbu Ramanathan,2021-09-05 12:45:24 +0200,2024-02-20 06:21:08 +0100,research,CC-BY-NC,https://www.inaturalist.org/observations/93697880,https://inaturalist-open-data.s3.amazonaws.com/photos/155329751/medium.jpg,,"",,2,0,false,,"Bengaluru, Karnataka, India",12.8719790926,77.508751573,1338,,,,1338,,open,false,,,Tricolored Munia,Lonchura malacca,Capuchino Tricolor de la India,Aves,979790
93748716,7ea3ae53-24d0-4d6a-8b2b-916d0b7a9fbf,2021/09/04 3:48 PM IST,2021-09-04,2021-09-04 12:18:00 +0200,Chennai,3612377,vivek_patel,Vivek Patel,2021-09-05 19:57:07 +0200,2022-07-11 07:08:26 +0200,research,CC-BY-NC,https://www.inaturalist.org/observations/93748716,https://inaturalist-open-data.s3.amazonaws.com/photos/155418557/medium.jpeg,,"",,1,0,false,,"Bilaspur, Chhattisgarh, India",22.0594966667,82.0574883333,,,,,,,open,false,,,Tricolored Munia,Lonchura malacca,Capuchino Tricolor de la India,Aves,979790
93922419,7dc23b2f-fc97-44fe-86d0-5e8cbcca994b,2021/08/22,2021-08-22,,Chennai,6490,manojkmohan,Manoj Karingamadathil,2021-09-07 00:05:05 +0200,2024-02-20 06:21:09 +0100,research,CC-BY,https://www.inaturalist.org/observations/93922419,https://inaturalist-open-data.s3.amazonaws.com/photos/155731728/medium.jpeg,,"",,3,0,false,,Nedumbassery,10.1566367872,76.3788600234,1199,,,,1199,,open,false,,,Tricolored Munia,Lonchura malacca,Capuchino Tricolor de la India,Aves,979790
93922423,429f76bf-a950-4e74-9542-336f531f781d,2021/08/22,2021-08-22,,Chennai,6490,manojkmohan,Manoj Karingamadathil,2021-09-07 00:05:06 +0200,2024-02-20 06:21:10 +0100,research,CC-BY,https://www.inaturalist.org/observations/93922423,https://inaturalist-open-data.s3.amazonaws.com/photos/155731794/medium.jpeg,,"",,2,0,false,,Nedumbassery,10.1566367872,76.3788600234,1199,,,,1199,,open,false,,,Tricolored Munia,Lonchura malacca,Capuchino Tricolor de la India,Aves,979790
93980815,d87c9e8f-0c6e-4557-9958-77deee052ef0,2021-09-07 10:26:56,2021-09-07,2021-09-07 06:56:56 +0200,New Delhi,416652,santoshbhor,Santosh Dalvi,2021-09-07 13:52:31 +0200,2024-02-20 06:21:10 +0100,research,CC-BY-NC,https://www.inaturalist.org/observations/93980815,https://inaturalist-open-data.s3.amazonaws.com/photos/155838848/medium.jpeg,,"",,4,0,false,2,"Pisaware Madhyamik Vidyalaya, Pisaware",18.1408063212,73.7905264646,198,,,,198,,open,false,gps,gps,Tricolored Munia,Lonchura malacca,Capuchino Tricolor de la India,Aves,979790
93995653,3fac166b-4b8f-4b27-9ea6-15b6746e8ed7,2021/09/07 9:14 AM IST,2021-09-07,2021-09-07 05:44:00 +0200,Chennai,3499217,shivaprakash,,2021-09-07 16:54:37 +0200,2024-02-20 06:21:11 +0100,research,CC-BY-NC,https://www.inaturalist.org/observations/93995653,https://inaturalist-open-data.s3.amazonaws.com/photos/155863732/medium.jpeg,,"","",2,0,false,,"Shanubhoganahalli Kere, Sindhuvalli, Karnataka, India",12.2132993036,76.6253000651,61,,,,61,,open,false,,,Tricolored Munia,Lonchura malacca,Capuchino Tricolor de la India,Aves,979790
94091465,fd42a1c1-b097-4708-9b77-960b4032bb48,2021-09-08 09:40:22,2021-09-08,2021-09-08 06:10:22 +0200,New Delhi,416652,santoshbhor,Santosh Dalvi,2021-09-08 12:37:54 +0200,2021-09-08 13:35:22 +0200,research,CC-BY-NC,https://www.inaturalist.org/observations/94091465,https://inaturalist-open-data.s3.amazonaws.com/photos/156041593/medium.jpeg,,"",,1,0,false,2,"Pisaware Madhyamik Vidyalaya, Pisaware",18.1408063212,73.7905264646,198,,,,198,,open,false,gps,gps,Tricolored Munia,Lonchura malacca,Capuchino Tricolor de la India,Aves,979790
94402989,695e01c5-bad1-454d-aa9b-6d1224a75a02,2021-09-04 08:41:50,2021-09-04,2021-09-04 15:41:50 +0200,Bogota,4950887,jhon_james,Jhon-james Delavida,2021-09-11 06:24:48 +0200,2022-03-29 23:24:56 +0200,research,,https://www.inaturalist.org/observations/94402989,https://static.inaturalist.org/photos/156597260/medium.jpeg,,"",,2,0,false,2,"Br. 2500 Lotes, Pereira, Risaralda, Colombia",4.7937745,-75.7288952,14,,,,14,,open,false,gps,gps,Capuchino Tricolor,Lonchura malacca,Capuchino Tricolor de la India,Aves,979790
94827413,a6a76d16-12c3-4a01-b1d1-a930d5d76d7c,2021-09-05 10:48:46,2021-09-05,2021-09-05 07:18:46 +0200,New Delhi,377854,purabchowdhury,Dr. Purab Chowdhury,2021-09-14 17:10:17 +0200,2024-02-20 06:21:06 +0100,research,CC-BY-NC,https://www.inaturalist.org/observations/94827413,https://inaturalist-open-data.s3.amazonaws.com/photos/157348686/medium.jpeg,,"",Mobile photo,3,0,false,2,"Jagadishpur, West Bengal, India",22.3639454156,88.3885878325,40,,,,40,,open,false,gps,gps,Tricolored Munia,Lonchura malacca,Capuchino Tricolor de la India,Aves,979790
95012019,c41cd058-1fbd-48f2-b131-416a7a0bc454,2018-08-13 17:23:35,2018-08-13,2018-08-13 13:53:35 +0200,New Delhi,3726529,anoop10,Anoop Naik,2021-09-16 09:22:28 +0200,2024-02-20 06:21:06 +0100,research,,https://www.inaturalist.org/observations/95012019,https://static.inaturalist.org/photos/157681143/medium.jpeg,,"",,2,0,false,2,Bhilai,21.1940648058,81.3509414345,11292,,,,11292,,open,false,gps,gps,Tricolored Munia,Lonchura malacca,Capuchino Tricolor de la India,Aves,979790
95012353,f5f1f294-4106-4aab-af6c-7a8081dd9535,2019/07/01 7:41 AM IST,2019-07-01,2019-07-01 04:11:00 +0200,Chennai,3499217,shivaprakash,,2021-09-16 09:31:45 +0200,2024-02-20 06:21:05 +0100,research,CC-BY-NC,https://www.inaturalist.org/observations/95012353,https://inaturalist-open-data.s3.amazonaws.com/photos/157681786/medium.jpeg,,"","",2,0,false,,"Markonahalli Dam, Karnataka 572111, India",12.935435,76.8819165,206,,,,206,,open,false,,,Tricolored Munia,Lonchura malacca,Capuchino Tricolor de la India,Aves,979790
95121412,b330cf00-e3a7-4b50-b291-e152daf84591,2018-08-13 17:23:35,2018-08-13,2018-08-13 13:53:35 +0200,New Delhi,3726529,anoop10,Anoop Naik,2021-09-17 09:01:05 +0200,2024-02-20 06:21:04 +0100,research,,https://www.inaturalist.org/observations/95121412,https://static.inaturalist.org/photos/157878817/medium.jpeg,,"",,2,0,false,2,Bhilai,21.1940648058,81.3509414345,11292,,,,11292,,open,false,gps,gps,Tricolored Munia,Lonchura malacca,Capuchino Tricolor de la India,Aves,979790
95289858,36d78cea-4775-4be3-96d9-7f4a7349fad6,2021/09/05 8:51 AM IST,2021-09-05,2021-09-05 05:21:00 +0200,Chennai,3374862,debashischowdhury,Debashis Chowdhury,2021-09-18 19:42:21 +0200,2022-08-08 21:33:50 +0200,research,,https://www.inaturalist.org/observations/95289858,https://static.inaturalist.org/photos/158171432/medium.jpg,,"",,1,0,false,,"Baruipur Jelkhanar Math, South 24 Parganas,West Bengal, India",22.3574582668,88.389773383,450,,,,450,,open,false,,,Tricolored Munia,Lonchura malacca,Capuchino Tricolor de la India,Aves,979790
95289886,ae19dcf0-cae9-4edf-8dbb-b5dd0bcb8711,2021/09/05 8:06 AM IST,2021-09-05,2021-09-05 04:36:00 +0200,Chennai,3374862,debashischowdhury,Debashis Chowdhury,2021-09-18 19:42:28 +0200,2022-08-08 21:34:36 +0200,research,,https://www.inaturalist.org/observations/95289886,https://static.inaturalist.org/photos/158171990/medium.jpg,,"",,1,0,false,,"Baruipur Jelkhanar Math, South 24 Parganas,West Bengal, India",22.3574582668,88.389773383,450,,,,450,,open,false,,,Tricolored Munia,Lonchura malacca,Capuchino Tricolor de la India,Aves,979790
95376728,b30b95ea-d636-4d7f-b458-7e14ff9cafc7,2021-09-18 08:00:13,2021-09-18,2021-09-18 04:30:13 +0200,New Delhi,4328136,shanmukhavarma,Kunaparaju Shanmukha Varma,2021-09-19 11:38:34 +0200,2024-02-20 06:21:02 +0100,research,,https://www.inaturalist.org/observations/95376728,https://static.inaturalist.org/photos/158333040/medium.jpeg,,"",,2,0,false,2,"Andhra Pradesh 534235, India",16.6600194946,81.3524696231,304,,,,304,,open,false,gps,gps,Tricolored Munia,Lonchura malacca,Capuchino Tricolor de la India,Aves,979790
95840157,1ba21518-4137-4c72-bbcc-e41fd5a5479e,2017/05/27 8:08 AM IST,2017-05-27,2017-05-27 04:38:00 +0200,Chennai,1086845,magicalnature,V.Arun,2021-09-23 12:49:02 +0200,2024-02-20 06:21:03 +0100,research,CC-BY-NC,https://www.inaturalist.org/observations/95840157,https://inaturalist-open-data.s3.amazonaws.com/photos/159154293/medium.jpeg,,"","",2,0,false,,"Tiruvannamalai, Tamil Nadu, India",12.2132701562,79.0290852855,244,,,,244,,open,false,,,Tricolored Munia,Lonchura malacca,Capuchino Tricolor de la India,Aves,979790
96097667,823cb384-bbe2-4938-9236-4518135da447,2011/06/24 12:17 PM IST,2011-06-24,2011-06-24 08:47:00 +0200,Chennai,3499217,shivaprakash,,2021-09-25 18:01:43 +0200,2021-09-25 19:45:03 +0200,research,CC-BY-NC,https://www.inaturalist.org/observations/96097667,https://inaturalist-open-data.s3.amazonaws.com/photos/159605459/medium.jpeg,,"","",1,0,false,,"Gommatagiri, Bettadur, Karnataka 571103, India",12.3704393,76.4880131,2119,,,,2119,,open,false,,,Tricolored Munia,Lonchura malacca,Capuchino Tricolor de la India,Aves,979790
96337155,accdc113-e724-4efd-ad32-d8f2464046ac,2021/09/26 09:37 AM IST,2021-09-26,2021-09-26 11:37:00 +0200,UTC,3365165,rferdinand,rithika fernandes,2021-09-27 08:15:32 +0200,2021-09-27 08:23:33 +0200,research,CC-BY-NC,https://www.inaturalist.org/observations/96337155,https://inaturalist-open-data.s3.amazonaws.com/photos/160033771/medium.jpeg,,"","",1,0,false,,"Medak, Telangana, India",17.6494890983,78.070451088,31,,,,31,,open,false,,,Tricolored Munia,Lonchura malacca,Capuchino Tricolor de la India,Aves,979790
96774385,2b57eb8f-3e49-4eff-a41a-76d16d720ac6,2019/06/29 7:43 AM IST,2019-06-29,2019-06-29 04:13:00 +0200,Chennai,3499217,shivaprakash,,2021-10-01 14:10:32 +0200,2021-10-01 17:34:19 +0200,research,CC-BY-NC,https://www.inaturalist.org/observations/96774385,https://inaturalist-open-data.s3.amazonaws.com/photos/160824072/medium.jpeg,,"","",2,0,false,,"Yadavanne, Tumkur, Karnataka, India",12.8138533116,76.9460964403,1082,,,,1082,,open,false,,,Tricolored Munia,Lonchura malacca,Capuchino Tricolor de la India,Aves,979790
96781603,4a27e607-783d-4687-af49-fd1092a75392,2020/11/21 3:28 PM IST,2020-11-21,2020-11-21 10:58:00 +0100,Chennai,3499217,shivaprakash,,2021-10-01 15:51:13 +0200,2024-02-20 06:21:00 +0100,research,CC-BY-NC,https://www.inaturalist.org/observations/96781603,https://inaturalist-open-data.s3.amazonaws.com/photos/160836546/medium.jpeg,,"","",3,0,false,,"Bidarakote, Mandya, Karnataka, India",12.6860437468,76.9315470751,222,,,,222,,open,false,,,Tricolored Munia,Lonchura malacca,Capuchino Tricolor de la India,Aves,979790
97327643,a60a9659-08cf-4dfb-ab8a-ef6b6b468a74,2011/09/21 10:51 AM UTC,2011-09-21,2011-09-21 12:51:00 +0200,UTC,4125871,ramkthulir,Ramkumar,2021-10-06 10:48:43 +0200,2024-02-20 06:20:59 +0100,research,,https://www.inaturalist.org/observations/97327643,https://static.inaturalist.org/photos/161847660/medium.jpeg,,"",,4,0,false,,,,,61,,,,31115,private,open,true,,,Tricolored Munia,Lonchura malacca,Capuchino Tricolor de la India,Aves,979790
97434934,9ba62f00-f1e2-4add-9c5e-681d34937b49,2020/08/30 7:57 AM IST,2020-08-30,2020-08-30 04:27:00 +0200,Chennai,3499217,shivaprakash,,2021-10-07 13:34:21 +0200,2024-02-20 06:20:58 +0100,research,CC-BY-NC,https://www.inaturalist.org/observations/97434934,https://inaturalist-open-data.s3.amazonaws.com/photos/162045204/medium.jpg,,"","",3,0,false,,"Yadavanne, Tumkur, Karnataka, India",12.8138533116,76.9460964403,1082,,,,1082,,open,false,,,Tricolored Munia,Lonchura malacca,Capuchino Tricolor de la India,Aves,979790
97635421,54b4398f-e896-4f54-a25d-9fb57ba8db3f,2021/10/09 7:13 AM IST,2021-10-09,2021-10-09 03:43:00 +0200,Chennai,3499217,shivaprakash,,2021-10-09 14:21:41 +0200,2021-10-13 08:54:41 +0200,research,CC-BY-NC,https://www.inaturalist.org/observations/97635421,https://inaturalist-open-data.s3.amazonaws.com/photos/162410520/medium.jpeg,,"","",1,0,false,,"Gujjegowdana purada kere, Karnataka 570008, India",12.1509382535,76.5289861606,164,,,,164,,open,false,,,Tricolored Munia,Lonchura malacca,Capuchino Tricolor de la India,Aves,979790
97895374,986f4351-be43-455f-9368-9223c8fc4d61,2021-10-10 07:13:26,2021-10-10,2021-10-10 03:43:26 +0200,New Delhi,4328136,shanmukhavarma,Kunaparaju Shanmukha Varma,2021-10-11 16:38:50 +0200,2024-02-20 06:20:56 +0100,research,,https://www.inaturalist.org/observations/97895374,https://static.inaturalist.org/photos/162887272/medium.jpeg,,"",,3,0,false,2,"HF4X+R5F, Andhra Pradesh 534206, India",16.5581189982,81.4981635287,295,,,,295,,open,false,gps,gps,Tricolored Munia,Lonchura malacca,Capuchino Tricolor de la India,Aves,979790
97956329,f0765cc6-2ec7-4681-9399-c2f12675173c,2021/10/11 5:11 PM -0500,2021-10-11,2021-10-12 00:11:00 +0200,Bogota,368856,rahucas,RAUL HUMBERTO CASTILLO ALBADAN,2021-10-12 01:56:44 +0200,2024-08-31 14:13:43 +0200,research,CC-BY-NC,https://www.inaturalist.org/observations/97956329,https://inaturalist-open-data.s3.amazonaws.com/photos/162996677/medium.jpeg,,"","",1,0,false,,"Humedal El Salitre, Bogota, Colombia",4.6678942,-74.0878614,2162,,,,2162,,open,false,,,Capuchino Tricolor,Lonchura malacca,Capuchino Tricolor de la India,Aves,979790
97984309,36ff46a3-70f0-405e-99e3-2c5affaa799d,2020-10-14 07:26:56,2020-10-14,2020-10-14 03:56:56 +0200,New Delhi,3818028,atanu_modak,Atanu Modak,2021-10-12 09:42:47 +0200,2024-02-20 06:20:55 +0100,research,,https://www.inaturalist.org/observations/97984309,https://static.inaturalist.org/photos/163052722/medium.jpeg,,"",,3,0,false,2,Tata Motors,22.8512979752,88.2193380967,179,,,,179,,open,false,gps,gps,Tricolored Munia,Lonchura malacca,Capuchino Tricolor de la India,Aves,979790
97990964,b19059f6-a2e2-4419-8213-1929daa9440c,2021/09/16 9:01 AM IST,2021-09-16,2021-09-16 05:31:00 +0200,Kolkata,3818028,atanu_modak,Atanu Modak,2021-10-12 12:39:48 +0200,2021-10-13 13:16:03 +0200,research,,https://www.inaturalist.org/observations/97990964,https://static.inaturalist.org/photos/163064640/medium.jpeg,,"","",3,0,false,,"R83M+MH7, Baidyabati, West Bengal 712222, India",22.8041604,88.3339234,203,,,,203,,open,false,,,Tricolored Munia,Lonchura malacca,Capuchino Tricolor de la India,Aves,979790
98548294,447a24f5-c1f4-454e-bfca-c3f7ad91c193,2021/01/02 1:52 PM CST,2021-01-02,2021-01-02 20:52:00 +0100,Mexico City,81830,naturalista_cecilia,María Cecilia Alvarez,2021-10-18 00:33:50 +0200,2022-04-02 06:36:40 +0200,research,,https://www.inaturalist.org/observations/98548294,https://static.inaturalist.org/photos/164095309/medium.jpeg,,"",,4,1,false,,"Palizada, Camp., México",17.9887962312,-91.7463769342,1849,,,,1849,,open,false,,,Capuchino Tricolor,Lonchura malacca,Capuchino Tricolor de la India,Aves,979790
98594358,04c37034-a6d5-4a68-bcc0-4aecc9e233cf,2021-10-18 08:15:49,2021-10-18,2021-10-18 04:45:49 +0200,New Delhi,3955983,raju_verma,Raju Verma,2021-10-18 13:27:37 +0200,2021-10-18 18:37:13 +0200,research,,https://www.inaturalist.org/observations/98594358,https://static.inaturalist.org/photos/164189276/medium.jpeg,,"",,3,0,false,2,"Chhattisgarh 491111, India",21.0595685953,81.4497164637,4197,,,,4197,,open,false,gps,gps,Tricolored Munia,Lonchura malacca,Capuchino Tricolor de la India,Aves,979790
98702353,cd2f769c-0219-4b8a-9d2f-71ad99aeb241,2017/08/12 ,2017-08-12,,Chennai,3499217,shivaprakash,,2021-10-19 16:28:39 +0200,2023-07-24 19:28:22 +0200,research,CC-BY-NC,https://www.inaturalist.org/observations/98702353,https://inaturalist-open-data.s3.amazonaws.com/photos/164392301/medium.jpg,,"",,3,0,false,,"Thippayyana Kere, Mysore",12.283146927,76.706199646,61,,,,61,,open,false,,,Tricolored Munia,Lonchura malacca,Capuchino Tricolor de la India,Aves,979790
98991109,9497e79b-5767-4332-9302-82a2e80a1649,2021-10-22 10:38:18,2021-10-22,2021-10-22 17:38:18 +0200,Bogota,4272679,jacobo_giraldo_,Jacobo Giraldo trejos,2021-10-22 18:28:49 +0200,2023-10-26 01:58:39 +0200,research,,https://www.inaturalist.org/observations/98991109,https://static.inaturalist.org/photos/164932262/medium.jpeg,,"",,3,0,false,2,"29, Pereira, Risaralda, Colombia",4.7809797222,-75.69403,,,,,,,open,false,gps,gps,Tricolored Munia,Lonchura malacca,Capuchino Tricolor de la India,Aves,979790
99317538,a6262d1b-1297-44f0-902e-9f68455aebf5,2021/10/24 7:42 AM IST,2021-10-24,2021-10-24 04:12:00 +0200,Mumbai,1131461,anil_kumar_verma,Anil Kumar Verma,2021-10-25 08:20:10 +0200,2021-10-25 17:01:36 +0200,research,CC-BY-NC,https://www.inaturalist.org/observations/99317538,https://inaturalist-open-data.s3.amazonaws.com/photos/165537534/medium.jpg,,"",,2,0,false,,"Vardhaman Developers, Naya Gaon, Haridwar, Uttarakhand 249404, India",29.9153806,78.0969076,2606,,,,2606,,open,false,,,Tricolored Munia,Lonchura malacca,Capuchino Tricolor de la India,Aves,979790
99539024,77a43087-296c-482f-9808-08602def19ef,2021/10/23 7:38 AM IST,2021-10-23,2021-10-23 04:08:00 +0200,Mumbai,8826,chiefredearth,Chief RedEarth,2021-10-27 15:03:16 +0200,2022-06-15 05:53:13 +0200,research,CC-BY-NC-ND,https://www.inaturalist.org/observations/99539024,https://inaturalist-open-data.s3.amazonaws.com/photos/165955870/medium.jpeg,,"","",2,0,false,,"Punchakkari, Thiruvananthapuram, Kerala, India",8.4539149,76.9732927,710,,,,710,,open,false,,,Tricolored Munia,Lonchura malacca,Capuchino Tricolor de la India,Aves,979790
99553476,1502d181-65d5-435c-8c14-6a0c76f61be1,Fri Sep 10 2021 07:58:43 GMT+0530 (GMT+5:30),2021-09-10,2021-09-10 04:28:43 +0200,Chennai,5163988,amx1979,,2021-10-27 18:39:49 +0200,2021-10-27 19:34:34 +0200,research,CC-BY-NC,https://www.inaturalist.org/observations/99553476,https://inaturalist-open-data.s3.amazonaws.com/photos/165981959/medium.jpg,,"","",1,0,false,3,"Sehore, Sehore, MP, IN",23.1723849,76.930452,30,,,,30,,open,false,,,Tricolored Munia,Lonchura malacca,Capuchino Tricolor de la India,Aves,979790
99606937,273c1dd7-bbf7-4ed5-9150-5658c3e6ddd0,2021/10/28 8:38 AM IST,2021-10-28,2021-10-28 05:08:00 +0200,Chennai,3499217,shivaprakash,,2021-10-28 08:04:03 +0200,2021-10-28 16:10:14 +0200,research,CC-BY-NC,https://www.inaturalist.org/observations/99606937,https://inaturalist-open-data.s3.amazonaws.com/photos/166081512/medium.jpeg,,"","",2,0,false,,"Halalu, Karnataka 570008, India",12.240906,76.5979445,1366,,,,1366,,open,false,,,Tricolored Munia,Lonchura malacca,Capuchino Tricolor de la India,Aves,979790
99774515,cf570b52-ab46-428e-997b-521b59daf7d6,2021/10/29 7:38 AM IST,2021-10-29,2021-10-29 04:08:00 +0200,Chennai,3499217,shivaprakash,,2021-10-30 12:11:56 +0200,2021-10-31 19:36:02 +0100,research,CC-BY-NC,https://www.inaturalist.org/observations/99774515,https://inaturalist-open-data.s3.amazonaws.com/photos/166400073/medium.jpeg,,"","",2,0,false,,"Kowdley, Mandya, Karnataka, India",12.7880603643,76.9366576972,475,,,,475,,open,false,,,Tricolored Munia,Lonchura malacca,Capuchino Tricolor de la India,Aves,979790
99974490,f118edca-4c49-4353-831e-85f0e4c28087,2021/10/29 5:12 PM CDT,2021-10-29,2021-10-30 00:12:00 +0200,Mexico City,536291,trinchan,Luis Trinchan,2021-11-01 14:45:33 +0100,2022-04-02 06:36:28 +0200,research,CC-BY-NC,https://www.inaturalist.org/observations/99974490,https://inaturalist-open-data.s3.amazonaws.com/photos/166785230/medium.jpeg,,"",,2,0,false,,"Palizada, Camp., México",18.0505026731,-91.9057535093,4194,,,,4194,,open,false,,,Tricolored Munia,Lonchura malacca,Capuchino Tricolor de la India,Aves,979790
100215927,fd009bed-4b43-41c4-b4a3-127ce347ddc4,2016-10-30,2016-10-30,,UTC,443904,udaytarphe,Uday Tarphe,2021-11-04 08:38:10 +0100,2021-11-10 06:54:11 +0100,research,,https://www.inaturalist.org/observations/100215927,https://static.inaturalist.org/photos/167230310/medium.jpeg,,"",,4,0,false,2,"Bird Watching Area, Bhandup West",19.1419055053,72.9646283761,213,,,,213,,open,false,gps,gps,Tricolored Munia,Lonchura malacca,Capuchino Tricolor de la India,Aves,979790
100347977,5c5e7660-58d4-41d6-b63c-c1b7a5e7b0cf,2021/08/24 6:10 AM -0500,2021-08-24,2021-08-24 13:10:00 +0200,Lima,5188058,hugo_bernal_hernandez,Hugo Bernal Hernández,2021-11-05 22:53:42 +0100,2021-11-05 23:30:38 +0100,research,CC-BY-NC,https://www.inaturalist.org/observations/100347977,https://inaturalist-open-data.s3.amazonaws.com/photos/167468678/medium.jpg,,"",,1,0,false,,"Montecristo, Bolívar, Colombia",8.1467765124,-74.6526419001,122,,,,122,,open,false,,,Tricolored Munia,Lonchura malacca,Capuchino Tricolor de la India,Aves,979790
100908890,3a222932-556c-429e-9569-101d8dc96203,2020/09/20 11:23 AM IST,2020-09-20,2020-09-20 13:23:00 +0200,UTC,4044440,priyanjanap,Priyanjana Pramanik,2021-11-12 07:06:18 +0100,2025-03-31 17:53:31 +0200,research,CC-BY-NC,https://www.inaturalist.org/observations/100908890,https://inaturalist-open-data.s3.amazonaws.com/photos/168470029/medium.jpeg,,"",,2,0,false,,"East Calcutta Wetlands, West Bengal",22.5528413,88.4500789,7854,,,,7854,,open,false,,,Tricolored Munia,Lonchura malacca,Capuchino Tricolor de la India,Aves,979790
101691662,cbe695bc-fbe0-40e3-bc25-b10bbecf82da,2021/11/18 8:22 AM IST,2021-11-18,2021-11-18 03:52:00 +0100,Kolkata,34585,subhajit_roy,Subhajit Roy,2021-11-22 09:02:59 +0100,2024-02-20 06:20:19 +0100,research,CC-BY,https://www.inaturalist.org/observations/101691662,https://inaturalist-open-data.s3.amazonaws.com/photos/169846826/medium.jpeg,,"","",2,0,false,,Dular Mau,26.788812,81.068364,,,,,,,open,false,,,Lonchura malacca,Lonchura malacca,Capuchino Tricolor de la India,Aves,979790
101936861,06d5a625-160b-44af-976c-638eeb2d2a2d,2021/10/07 8:48 AM IST,2021-10-07,2021-10-07 05:18:00 +0200,Mumbai,1078106,avinashbhagat2,Avinash Bhagat,2021-11-26 14:41:52 +0100,2024-06-30 14:40:20 +0200,research,CC-BY-NC,https://www.inaturalist.org/observations/101936861,https://inaturalist-open-data.s3.amazonaws.com/photos/170305878/medium.jpg,,"",,3,0,false,,"Revas, Maharashtra 402209, India",18.7897588,72.9298156,584,,,,584,,open,false,,,Tricolored Munia,Lonchura malacca,Capuchino Tricolor de la India,Aves,979790
102019371,ccb9a639-00a0-4347-9a11-efb27ac563d6,2021-11-27 07:45:36,2021-11-27,2021-11-27 03:15:36 +0100,New Delhi,5143386,issaperu,Prerana Chandak,2021-11-27 19:01:34 +0100,2021-11-28 05:54:37 +0100,research,,https://www.inaturalist.org/observations/102019371,https://static.inaturalist.org/photos/170461013/medium.jpeg,,"",,2,0,false,2,"Anandwan, Warora, Maharashtra, India",20.2610446877,79.0246699378,193,,,,193,,open,false,gps,gps,Tricolored Munia,Lonchura malacca,Capuchino Tricolor de la India,Aves,979790
102202965,e41fd0bd-2511-40d5-ac9a-6f3ea29f98ef,2021/11/21 8:11 AM CST,2021-11-21,2021-11-21 15:11:00 +0100,Central America,737498,fcodubon,Francisco Dubón,2021-11-30 00:08:27 +0100,2021-11-30 00:10:21 +0100,research,CC-BY-NC,https://www.inaturalist.org/observations/102202965,https://inaturalist-open-data.s3.amazonaws.com/photos/170792552/medium.jpeg,,"","",1,0,false,,"San Pedro Sula, Honduras",15.4759456386,-87.9108092335,535,,,,535,,open,false,,,Tricolored Munia,Lonchura malacca,Capuchino Tricolor de la India,Aves,979790
102914865,17846e63-f9e7-41af-bcfc-31a62ea9d9a4,2021/12/05 1:55 PM IST,2021-12-05,2021-12-05 09:25:00 +0100,Chennai,3318415,varmax,VarmaX,2021-12-12 08:05:33 +0100,2023-05-06 15:09:59 +0200,research,CC-BY-NC-SA,https://www.inaturalist.org/observations/102914865,https://inaturalist-open-data.s3.amazonaws.com/photos/172135339/medium.jpeg,,"","",1,0,false,,"East Godavari, Andhra Pradesh, India",16.7090982743,82.0861671816,4343,,,,4343,,open,false,,,Tricolored Munia,Lonchura malacca,Capuchino Tricolor de la India,Aves,979790
103339670,df931e8f-3798-4796-927c-c836d4026341,2021/12/19 11:25 AM CST,2021-12-19,2021-12-19 18:25:00 +0100,Central America,553511,oliverkomar,Oliver Komar,2021-12-20 01:49:40 +0100,2021-12-21 03:35:04 +0100,research,CC-BY-NC,https://www.inaturalist.org/observations/103339670,https://inaturalist-open-data.s3.amazonaws.com/photos/172928891/medium.jpeg,,"",Sorry for the terrible photos! But this was the only documentation I could get for a rare bird. Last seen in this general area 7 years ago. ,2,0,false,,"San Antonio de Oriente, Honduras",14.0008398299,-86.9902021655,15,,,,15,,open,false,,,Tricolored Munia,Lonchura malacca,Capuchino Tricolor de la India,Aves,979790
103596210,ec16b9ad-6a3e-4faf-8056-c98553765b85,2021/12/01 2:09 PM UTC,2021-12-01,2021-12-01 15:09:00 +0100,UTC,4066201,davgarrigues,David Garrigues,2021-12-24 20:46:06 +0100,2021-12-24 21:29:44 +0100,research,CC-BY-NC,https://www.inaturalist.org/observations/103596210,https://inaturalist-open-data.s3.amazonaws.com/photos/173422240/medium.jpg,,"",,1,0,false,,"Provincia de Guanacaste, Costa Rica",10.3739277967,-85.413244739,639,,,,639,,open,false,,,Tricolored Munia,Lonchura malacca,Capuchino Tricolor de la India,Aves,979790
103739702,93d7b40a-9b4a-4b05-a924-2a8fc11cead0,2021/12/26 4:04 PM IST,2021-12-26,2021-12-26 11:34:00 +0100,Chennai,3318415,varmax,VarmaX,2021-12-27 07:55:45 +0100,2021-12-27 18:08:28 +0100,research,CC-BY-NC-SA,https://www.inaturalist.org/observations/103739702,https://inaturalist-open-data.s3.amazonaws.com/photos/173697803/medium.jpeg,,"","",1,0,false,,"East Godavari, Andhra Pradesh, India",16.7344178523,82.3158220412,3978,,,,3978,,open,false,,,Tricolored Munia,Lonchura malacca,Capuchino Tricolor de la India,Aves,979790
103887832,9ccf35ca-4d1f-4e8e-b33f-863f918967f1,2021/06/04 7:10 AM -0500,2021-06-04,2021-06-04 14:10:00 +0200,Lima,5279444,rojo_pajarero,Jerson Marín,2021-12-29 15:45:23 +0100,2024-02-20 06:20:21 +0100,research,CC-BY-NC,https://www.inaturalist.org/observations/103887832,https://inaturalist-open-data.s3.amazonaws.com/photos/173988058/medium.jpeg,,"","",2,0,false,,"Barbosa, Antioquia, Colombia",6.476206,-75.303926,81,,,,81,,open,false,,manual,Tricolored Munia,Lonchura malacca,Capuchino Tricolor de la India,Aves,979790
104166703,5cc62303-73a0-4ed4-8f1b-9a7b60e341e0,2022-01-02 09:19:14,2022-01-02,2022-01-02 04:49:14 +0100,New Delhi,1375591,thenatureaffair,Ramu Alluri,2022-01-02 08:05:47 +0100,2024-02-20 06:20:14 +0100,research,,https://www.inaturalist.org/observations/104166703,https://static.inaturalist.org/photos/174518268/medium.jpeg,,"",,2,0,false,2,Peddameram,16.5468895907,81.4832253009,1262,,,,1262,,open,false,gps,gps,Tricolored Munia,Lonchura malacca,Capuchino Tricolor de la India,Aves,979790
104236231,f12e4d5b-696a-4793-af75-bb1036fd3ffb,2021/12/16 7:57 AM HST,2021-12-16,2021-12-16 18:57:00 +0100,Hawaii,440726,patriciahernandez,Patricia Hernández,2022-01-03 02:40:24 +0100,2024-02-20 06:20:33 +0100,research,CC-BY-NC,https://www.inaturalist.org/observations/104236231,https://inaturalist-open-data.s3.amazonaws.com/photos/174630220/medium.jpeg,,"","",4,0,false,,"Huixtla, Chis., México",15.027835,-92.5415433333,,,,,,,open,false,,,Tricolored Munia,Lonchura malacca,Capuchino Tricolor de la India,Aves,979790
104316884,d0e0bb4b-f834-4e55-80fe-d1f8199786c6,2021-12-19,2021-12-19,,UTC,2332157,surabhi_srivastava_gaur,Surabhi Srivastava,2022-01-04 03:15:32 +0100,2024-02-20 06:20:15 +0100,research,CC-BY,https://www.inaturalist.org/observations/104316884,https://inaturalist-open-data.s3.amazonaws.com/photos/174769343/medium.jpeg,,"",,3,0,false,2,manjeera reservoir,17.6637551167,78.0761841685,599,,,,599,,open,false,gps,gps,Tricolored Munia,Lonchura malacca,Capuchino Tricolor de la India,Aves,979790
104348422,54e8ae55-ff47-43b7-adeb-8659d188d326,2022-01-02 09:20:26,2022-01-02,2022-01-02 04:50:26 +0100,New Delhi,1375591,thenatureaffair,Ramu Alluri,2022-01-04 16:52:09 +0100,2024-02-20 06:20:16 +0100,research,,https://www.inaturalist.org/observations/104348422,https://static.inaturalist.org/photos/174829918/medium.jpeg,,"",,2,0,false,2,"GGH7+M3R, Balusumoodi, Bhimavaram, Andhra Pradesh 534201, India",16.528685,81.515295,,,,,,,open,false,gps,gps,Tricolored Munia,Lonchura malacca,Capuchino Tricolor de la India,Aves,979790
104352009,67133846-acc7-4ac3-ba50-a761f4af0740,2022-01-02 09:19:15,2022-01-02,2022-01-02 04:49:15 +0100,New Delhi,1375591,thenatureaffair,Ramu Alluri,2022-01-04 18:04:11 +0100,2022-01-04 19:03:03 +0100,research,,https://www.inaturalist.org/observations/104352009,https://static.inaturalist.org/photos/174836823/medium.jpeg,,"",,1,0,false,2,"GGH7+M3R, Balusumoodi, Bhimavaram, Andhra Pradesh 534201, India",16.528685,81.5153033333,,,,,,,open,false,gps,gps,Tricolored Munia,Lonchura malacca,Capuchino Tricolor de la India,Aves,979790
104391257,acda925b-b586-469b-a5eb-80e344bca53d,2022-01-05 10:23:51,2022-01-05,2022-01-05 05:53:51 +0100,New Delhi,1375591,thenatureaffair,Ramu Alluri,2022-01-05 06:50:03 +0100,2022-01-05 10:36:00 +0100,research,,https://www.inaturalist.org/observations/104391257,https://static.inaturalist.org/photos/174907886/medium.jpeg,,"",,2,0,false,2,"West Godavari, IN-AP, IN",16.5293433333,81.49454,,,,,,,open,false,gps,gps,Tricolored Munia,Lonchura malacca,Capuchino Tricolor de la India,Aves,979790
104454632,e5ff7e3f-6338-4fc4-bfb7-2f4b3dbb7054,2022/01/02 3:52 PM IST,2022-01-02,2022-01-02 11:22:00 +0100,Chennai,3318415,varmax,VarmaX,2022-01-06 10:37:31 +0100,2024-02-20 06:20:07 +0100,research,CC-BY-NC-SA,https://www.inaturalist.org/observations/104454632,https://inaturalist-open-data.s3.amazonaws.com/photos/175027991/medium.jpeg,,"","",2,0,false,,"Andhra Pradesh 533263, India",16.7015599146,82.1088894457,7665,,,,7665,,open,false,gps,gps,Tricolored Munia,Lonchura malacca,Capuchino Tricolor de la India,Aves,979790
104614376,70d49861-61f8-4475-a8ee-30ee81476a79,2021-12-16 14:53:04,2021-12-16,2021-12-16 21:53:04 +0100,UTC,3804939,danny421,Danny Alfaro Rojas,2022-01-09 02:51:47 +0100,2022-01-10 02:22:39 +0100,research,,https://www.inaturalist.org/observations/104614376,https://static.inaturalist.org/photos/175330734/medium.jpeg,,"",,1,0,false,2,"Provincia de Guanacaste, Costa Rica",10.6394869551,-85.5985667557,4103,,,,4103,,open,false,gps,gps,Tricolored Munia,Lonchura malacca,Capuchino Tricolor de la India,Aves,979790
104655338,33cad9d2-e408-4103-b076-ff12591d735e,2021/12/20 11:25 AM IST,2021-12-20,2021-12-20 06:55:00 +0100,Kolkata,4417453,ambady_sasi,Ambady Sasi,2022-01-09 19:33:43 +0100,2024-02-20 06:20:43 +0100,research,,https://www.inaturalist.org/observations/104655338,https://static.inaturalist.org/photos/175407788/medium.jpg,,"",,5,0,false,,"HMT Kalamassery, Kochi, Kerala, India",10.0513397752,76.3386774883,250,,,,250,,open,false,,,Tricolored Munia,Lonchura malacca,Capuchino Tricolor de la India,Aves,979790
104680312,35e29a78-1613-446b-b814-f396cffd56f8,2022/01/09 8:12 AM ,2022-01-09,2022-01-09 15:12:00 +0100,Central America,737498,fcodubon,Francisco Dubón,2022-01-10 02:24:59 +0100,2024-08-03 04:38:07 +0200,research,CC-BY-NC,https://www.inaturalist.org/observations/104680312,,https://static.inaturalist.org/sounds/345083.wav?1641774177,"",,1,0,false,,"Villanueva, Honduras",15.4110658404,-87.9882276044,189,,,,189,,open,false,,,Tricolored Munia,Lonchura malacca,Capuchino Tricolor de la India,Aves,979790
104684670,485148e6-6801-4c00-89ca-74452d0de4d3,2022/01/09 2:12 PM EST,2022-01-09,2022-01-09 20:12:00 +0100,Eastern Time (US & Canada),785045,josh_vandermeulen,Josh van der Meulen,2022-01-10 03:45:33 +0100,2022-01-10 17:20:31 +0100,research,CC-BY-NC-ND,https://www.inaturalist.org/observations/104684670,https://inaturalist-open-data.s3.amazonaws.com/photos/175462615/medium.jpg,,"",,2,0,false,,"Jamundí, Valle del Cauca, Colombia",3.2315024525,-76.5371545338,112,,,,112,,open,false,,,Tricolored Munia,Lonchura malacca,Capuchino Tricolor de la India,Aves,979790
104723591,e30d8f88-ede7-4094-ab1d-7c7f6998dbac,2022/01/10 9:32 AM UTC,2022-01-10,2022-01-10 10:32:00 +0100,UTC,1396826,dvollmar,Dennis Vollmar,2022-01-10 21:50:02 +0100,2025-01-12 19:52:44 +0100,research,CC0,https://www.inaturalist.org/observations/104723591,https://inaturalist-open-data.s3.amazonaws.com/photos/175538384/medium.jpg,,"",,2,0,false,,"Palm Beach County, FL, USA",26.7111020391,-80.7221892784,48,,,,48,,open,false,,,Tricolored Munia,Lonchura malacca,Capuchino Tricolor de la India,Aves,979790
104723593,300c0b95-371d-48e0-bd5f-910fd63b5871,2022/01/10 9:35 AM UTC,2022-01-10,2022-01-10 10:35:00 +0100,UTC,1396826,dvollmar,Dennis Vollmar,2022-01-10 21:50:02 +0100,2025-02-20 08:52:14 +0100,research,CC0,https://www.inaturalist.org/observations/104723593,https://inaturalist-open-data.s3.amazonaws.com/photos/175538395/medium.jpg,,"",,3,0,false,,"Palm Beach County, FL, USA",26.7111020391,-80.7221892784,48,,,,48,,open,false,,,Tricolored Munia,Lonchura malacca,Capuchino Tricolor de la India,Aves,979790
104723594,7eae4e85-baa8-4264-9d10-d8d548f6ca6a,2022/01/10 9:51 AM UTC,2022-01-10,2022-01-10 10:51:00 +0100,UTC,1396826,dvollmar,Dennis Vollmar,2022-01-10 21:50:03 +0100,2022-01-11 21:45:12 +0100,research,CC0,https://www.inaturalist.org/observations/104723594,https://inaturalist-open-data.s3.amazonaws.com/photos/175538401/medium.jpg,,"",,1,0,false,,"Palm Beach County, FL, USA",26.7111020391,-80.7221892784,48,,,,48,,open,false,,,Tricolored Munia,Lonchura malacca,Capuchino Tricolor de la India,Aves,979790
104776042,2ea2627a-a6a2-4dc1-8422-61f78a1de9cf,Tue Jan 11 2022 11:03:58 GMT-0500 (EST),2022-01-11,2022-01-11 17:03:58 +0100,Eastern Time (US & Canada),3514798,birdingrx,Kenny BirdingRx,2022-01-11 21:31:50 +0100,2024-08-13 15:46:17 +0200,research,CC-BY-NC,https://www.inaturalist.org/observations/104776042,https://inaturalist-open-data.s3.amazonaws.com/photos/175641177/medium.jpg,,"","",3,0,false,3,"Torry Island, Belle Glade, FL, US",26.7201813,-80.7197539,1217,,,,1217,,open,false,,,Lonchura malacca,Lonchura malacca,Capuchino Tricolor de la India,Aves,979790
104809829,cac66fcb-b23a-4a4d-9dd0-280647c39bb4,2019-12-05 08:31:21,2019-12-05,2019-12-05 09:31:21 +0100,UTC,1415873,timmvondermehden,Timm von der Mehden,2022-01-12 14:14:43 +0100,2024-03-28 11:19:11 +0100,research,CC-BY-NC,https://www.inaturalist.org/observations/104809829,https://static.inaturalist.org/photos/175705317/medium.jpg,,218286,,5,0,false,524,"Tangalle, LK-HB, LK",6.0435563427,80.8233503113,,,,,,,open,false,,,Schwarzbauchnonne,Lonchura malacca,Capuchino Tricolor de la India,Aves,979790
104850404,7b9145e5-604d-4f77-b8f5-c56196b2d3a8,2022-01-13 09:26:43,2022-01-13,2022-01-13 04:56:43 +0100,New Delhi,4468880,sreenivasan,"",2022-01-13 05:48:49 +0100,2024-02-20 06:20:40 +0100,research,CC-BY-NC,https://www.inaturalist.org/observations/104850404,https://inaturalist-open-data.s3.amazonaws.com/photos/175784214/medium.jpeg,,"",,5,0,false,2,Konnakuzhy,10.3021426544,76.4273843542,2356,,,,2356,,open,false,gps,gps,Tricolored Munia,Lonchura malacca,Capuchino Tricolor de la India,Aves,979790
104852028,42b79368-446e-458d-8e0e-2a5992c4fceb,2022-01-13 09:20:53,2022-01-13,2022-01-13 04:50:53 +0100,New Delhi,4468880,sreenivasan,"",2022-01-13 06:37:55 +0100,2022-03-02 09:03:28 +0100,research,CC-BY-NC,https://www.inaturalist.org/observations/104852028,https://inaturalist-open-data.s3.amazonaws.com/photos/175786014/medium.jpeg,,"",,3,0,false,2,Konnakuzhy,10.3021426544,76.4273843542,2356,,,,2356,,open,false,gps,gps,Tricolored Munia,Lonchura malacca,Capuchino Tricolor de la India,Aves,979790
104987303,9678f74b-20bc-4848-b522-a4a64a598489,2022/01/15 10:12 AM EST,2022-01-15,2022-01-15 16:12:00 +0100,Eastern Time (US & Canada),240389,plruiz,Pablo L Ruiz,2022-01-15 20:56:41 +0100,2022-01-16 22:20:24 +0100,research,CC-BY-ND,https://www.inaturalist.org/observations/104987303,https://static.inaturalist.org/photos/176044746/medium.jpg,,"","",2,1,false,,"Tory Island, Palm Beach, Florida, United States",26.7079222222,-80.7192805556,,,,,,,open,false,,,Tricolored Munia,Lonchura malacca,Capuchino Tricolor de la India,Aves,979790
105005547,4f43197f-d858-4c3f-89c6-8055083cebdb,2021-12-21 07:51:29,2021-12-21,2021-12-21 14:51:29 +0100,UTC,4007396,ottoseydel,Otto Seydel,2022-01-16 02:16:41 +0100,2024-02-20 06:20:10 +0100,research,CC-BY-NC,https://www.inaturalist.org/observations/105005547,https://inaturalist-open-data.s3.amazonaws.com/photos/176080690/medium.jpeg,,"",,3,0,false,2,"Aeropuerto Internacional Ramón Villeda Morales, San Pedro Sula, Honduras",15.4560327766,-87.9275355488,207,,,,207,,open,false,gps,gps,Tricolored Munia,Lonchura malacca,Capuchino Tricolor de la India,Aves,979790
105027973,a65f96bc-bda0-4081-b0d3-da14ef1a7cec,2020/10/12 8:32 AM IST,2020-10-12,2020-10-12 05:02:00 +0200,Chennai,2362965,karthik_83,Karthik,2022-01-16 12:31:36 +0100,2024-02-20 06:20:12 +0100,research,CC-BY-NC,https://www.inaturalist.org/observations/105027973,https://inaturalist-open-data.s3.amazonaws.com/photos/176121384/medium.jpg,,"",,4,0,false,,"Goa, India",15.5248453044,73.8762843746,10475,,,,10475,,open,false,,,Черноголовая муния,Lonchura malacca,Capuchino Tricolor de la India,Aves,979790
105043187,fe299f76-68c5-4cc4-beca-9bd107044a20,Sat Jan 15 2022 08:39:37 GMT-0500 (EST),2022-01-15,2022-01-15 14:39:37 +0100,Eastern Time (US & Canada),1324665,jess027,,2022-01-16 18:47:14 +0100,2022-01-16 19:13:12 +0100,research,,https://www.inaturalist.org/observations/105043187,https://static.inaturalist.org/photos/176154282/medium.jpg,,"","Continuing exotic, assumed released birds",1,0,false,3,"Torry Island, Belle Glade, FL, US",26.7063864664,-80.7169632511,144,,,,144,,open,false,,,Tricolored Munia,Lonchura malacca,Capuchino Tricolor de la India,Aves,979790
105128650,15f3d6f0-0807-46fb-86d0-6ccce00f57c2,2021/12/24 5:45 PM MST,2021-12-24,2021-12-25 01:45:00 +0100,Mountain Time (US & Canada),4249833,thebirderboy,Alejandro Williams Viveros,2022-01-18 01:35:05 +0100,2022-02-04 02:51:55 +0100,research,CC-BY-NC,https://www.inaturalist.org/observations/105128650,https://inaturalist-open-data.s3.amazonaws.com/photos/176318001/medium.jpeg,,"",,2,0,false,,"La Tebaida, Quindio, Colombia",4.4192114322,-75.810991176,4,,,,4,,open,false,,,Tricolored Munia,Lonchura malacca,Capuchino Tricolor de la India,Aves,979790
105148612,60a87b70-656f-4080-b0a2-49d3b46eed9e,2021/07/25 6:59 AM IST,2021-07-25,2021-07-25 03:29:00 +0200,Chennai,3869370,sunandav,Sunandav,2022-01-18 10:31:16 +0100,2022-01-18 16:52:20 +0100,research,CC-BY-NC,https://www.inaturalist.org/observations/105148612,https://inaturalist-open-data.s3.amazonaws.com/photos/176358557/medium.jpeg,,"",,2,0,false,,"Madhure Kere, Karnataka",13.2185178,77.4429463,1658,,,,1658,,open,false,,,Tricolored Munia,Lonchura malacca,Capuchino Tricolor de la India,Aves,979790
105157970,eeb8221e-4b5a-4fbc-87b7-bce4c9d3afdc,2022-01-15 11:45:00,2022-01-15,2022-01-15 07:15:00 +0100,Chennai,4748060,vidswami,Vidhya Swaminathan,2022-01-18 16:29:11 +0100,2022-01-19 06:38:23 +0100,research,CC-BY-NC,https://www.inaturalist.org/observations/105157970,https://inaturalist-open-data.s3.amazonaws.com/photos/176376173/medium.png,,"",,1,0,false,,"Old Mahabalipuram Rd, Karapakkam, Chennai, Tamil Nadu 600097, India",12.913274,80.229371,210,,,,210,,open,false,,,Tricolored Munia,Lonchura malacca,Capuchino Tricolor de la India,Aves,979790
105208922,ee17da77-1b05-4221-9a77-651b0613d95d,2022-01-19 15:28:49,2022-01-19,2022-01-19 10:58:49 +0100,New Delhi,1375591,thenatureaffair,Ramu Alluri,2022-01-19 14:42:50 +0100,2022-01-19 16:24:40 +0100,research,,https://www.inaturalist.org/observations/105208922,https://static.inaturalist.org/photos/176473674/medium.jpeg,,"",,2,0,false,2,"HFFM+GM5, Narasimharajapura Agraharam, Andhra Pradesh 534206, India",16.57572,81.483555,,,,,,,open,false,gps,gps,Tricolored Munia,Lonchura malacca,Capuchino Tricolor de la India,Aves,979790
105222448,54faa879-0e8d-4d99-824d-f6d1d3a6c84e,2022/01/19 9:56 AM EST,2022-01-19,2022-01-19 15:56:00 +0100,Eastern Time (US & Canada),26405,obrock,"",2022-01-19 20:13:50 +0100,2022-01-24 04:12:37 +0100,research,CC-BY-NC,https://www.inaturalist.org/observations/105222448,https://inaturalist-open-data.s3.amazonaws.com/photos/176499170/medium.jpeg,,"","",2,0,false,,"Torry Island, Belle Glade County, Palm Beach County, FL, USA",26.7127688783,-80.7258682878,122,,,,122,,open,false,,,Tricolored Munia,Lonchura malacca,Capuchino Tricolor de la India,Aves,979790
105248074,9c3cd8db-32fb-448e-a80c-0d1d01882b88,2022/01/18 12:57 PM UTC,2022-01-18,2022-01-18 13:57:00 +0100,UTC,285621,alcedo77,,2022-01-20 05:50:04 +0100,2022-01-24 04:12:37 +0100,research,CC-BY-NC,https://www.inaturalist.org/observations/105248074,https://inaturalist-open-data.s3.amazonaws.com/photos/176548405/medium.jpeg,,"",,2,0,false,,"Palm Beach, Florida, United States",26.7103805556,-80.7220916667,,,,,,,open,false,,,Tricolored Munia,Lonchura malacca,Capuchino Tricolor de la India,Aves,979790
105428150,6f02daa5-da64-4c7b-bbea-c629a7130854,2022/01/21 6:33 AM ,2022-01-21,2022-01-21 02:03:00 +0100,New Delhi,4389839,kashif_ali,Kash_If,2022-01-23 14:09:28 +0100,2022-01-23 14:16:55 +0100,research,,https://www.inaturalist.org/observations/105428150,https://static.inaturalist.org/photos/176890816/medium.jpg,,"",,1,0,false,,"Manjeera Dam, raod, Sangareddy, Telangana 502001, India",17.6552448,78.0760688,350,,,,350,,open,false,,,Tricolored Munia,Lonchura malacca,Capuchino Tricolor de la India,Aves,979790
105428988,381e72f2-2d2b-4be3-a3e7-cbb9f0dd5d13,2022-01-21 06:30:00,2022-01-21,2022-01-21 02:00:00 +0100,New Delhi,4389839,kashif_ali,Kash_If,2022-01-23 14:30:16 +0100,2022-01-24 05:40:53 +0100,research,,https://www.inaturalist.org/observations/105428988,https://static.inaturalist.org/photos/176893002/medium.jpeg,,"",,3,0,false,2,Manjeera Reservoir,17.6594990994,78.0602997914,4278,,,,4278,,open,false,gps,gps,Tricolored Munia,Lonchura malacca,Capuchino Tricolor de la India,Aves,979790
105528923,056c059f-1411-4f90-b1b1-eb61ceabbd66,2022/01/23 08:02,2022-01-23,2022-01-23 14:02:00 +0100,Eastern Time (US & Canada),3286634,billpranty,Bill Pranty,2022-01-25 01:45:56 +0100,2025-02-20 08:54:37 +0100,research,CC-BY-NC,https://www.inaturalist.org/observations/105528923,https://inaturalist-open-data.s3.amazonaws.com/photos/177081902/medium.jpg,,"","With Don Fraser; an epically successful search for several rarities (Vermilion Flycatcher, Tropical Kingbird, Dickcissel, and especially Tricolored Munias); several other birders (including Ron & Lori Smith and Holly & Mark Salvato) were present at our arrival or arrived later. We parked in the parking lot and walked to the observation tower, then back toward the parking lot, then back to the tower, then west to about halfway around the lake, then back and forth several times between the tower and the parking lot, then after finding the munias, we drove to two wetlands (the marina and the boat ramp) between the parking lot and the one-lane bridge. The weather was overcast, 54 degrees (""feels like"" 51), and breezy at the start, warming up somewhat by the end but remaining overcast and breezy; we never saw the sun. We saw at least 4 Painted Buntings but did not find the apparent Painted Bunting x Indigo Bunting that Bob Wallace discovered earlier this week; we both really wanted to see this bird and were always looking for it. We saw 17 (!) Brown Pelicans, of which 3 were metal-banded. Is somebody releasing rehabbed pelicans here after banding them? We left at 1204 and headed into town for a Subway lunch. After a stop at Val's home to drop off some supplies, Don and I headed back north. I arrived home at 1756.

P.S. I am pleased to state that we did not see any birder iPodding any of the rarities.",4,0,false,,"Florida, Palm Beach, Lake Okeechobee, Torry Island",26.707716142,-80.7204443907,543,,,,543,,open,false,,,Tricolored Munia,Lonchura malacca,Capuchino Tricolor de la India,Aves,979790
105528925,615c17e0-8477-4e2d-b8e9-4c4122cabc93,2022/01/23 08:02,2022-01-23,2022-01-23 14:02:00 +0100,Eastern Time (US & Canada),3286634,billpranty,Bill Pranty,2022-01-25 01:45:57 +0100,2025-01-12 02:50:53 +0100,research,CC-BY-NC,https://www.inaturalist.org/observations/105528925,https://inaturalist-open-data.s3.amazonaws.com/photos/177081941/medium.jpg,,"","With Don Fraser; an epically successful search for several rarities (Vermilion Flycatcher, Tropical Kingbird, Dickcissel, and especially Tricolored Munias); several other birders (including Ron & Lori Smith and Holly & Mark Salvato) were present at our arrival or arrived later. We parked in the parking lot and walked to the observation tower, then back toward the parking lot, then back to the tower, then west to about halfway around the lake, then back and forth several times between the tower and the parking lot, then after finding the munias, we drove to two wetlands (the marina and the boat ramp) between the parking lot and the one-lane bridge. The weather was overcast, 54 degrees (""feels like"" 51), and breezy at the start, warming up somewhat by the end but remaining overcast and breezy; we never saw the sun. We saw at least 4 Painted Buntings but did not find the apparent Painted Bunting x Indigo Bunting that Bob Wallace discovered earlier this week; we both really wanted to see this bird and were always looking for it. We saw 17 (!) Brown Pelicans, of which 3 were metal-banded. Is somebody releasing rehabbed pelicans here after banding them? We left at 1204 and headed into town for a Subway lunch. After a stop at Val's home to drop off some supplies, Don and I headed back north. I arrived home at 1756.

P.S. I am pleased to state that we did not see any birder iPodding any of the rarities.",2,0,false,,"Florida, Palm Beach, Lake Okeechobee, Torry Island",26.707716142,-80.7204443907,543,,,,543,,open,false,,,Tricolored Munia,Lonchura malacca,Capuchino Tricolor de la India,Aves,979790
105528927,2aa2a7c6-4d85-4bab-853d-d8308b8e4079,2022/01/23 08:02,2022-01-23,2022-01-23 14:02:00 +0100,Eastern Time (US & Canada),3286634,billpranty,Bill Pranty,2022-01-25 01:45:58 +0100,2025-01-12 02:49:58 +0100,research,CC-BY-NC,https://www.inaturalist.org/observations/105528927,https://inaturalist-open-data.s3.amazonaws.com/photos/177081954/medium.jpg,,"","With Don Fraser; an epically successful search for several rarities (Vermilion Flycatcher, Tropical Kingbird, Dickcissel, and especially Tricolored Munias); several other birders (including Ron & Lori Smith and Holly & Mark Salvato) were present at our arrival or arrived later. We parked in the parking lot and walked to the observation tower, then back toward the parking lot, then back to the tower, then west to about halfway around the lake, then back and forth several times between the tower and the parking lot, then after finding the munias, we drove to two wetlands (the marina and the boat ramp) between the parking lot and the one-lane bridge. The weather was overcast, 54 degrees (""feels like"" 51), and breezy at the start, warming up somewhat by the end but remaining overcast and breezy; we never saw the sun. We saw at least 4 Painted Buntings but did not find the apparent Painted Bunting x Indigo Bunting that Bob Wallace discovered earlier this week; we both really wanted to see this bird and were always looking for it. We saw 17 (!) Brown Pelicans, of which 3 were metal-banded. Is somebody releasing rehabbed pelicans here after banding them? We left at 1204 and headed into town for a Subway lunch. After a stop at Val's home to drop off some supplies, Don and I headed back north. I arrived home at 1756.

P.S. I am pleased to state that we did not see any birder iPodding any of the rarities.",2,0,false,,"Florida, Palm Beach, Lake Okeechobee, Torry Island",26.707716142,-80.7204443907,543,,,,543,,open,false,,,Tricolored Munia,Lonchura malacca,Capuchino Tricolor de la India,Aves,979790
105586410,90b13aca-0f18-4f86-b857-0a108ba88ca4,2022/01/22 7:17 AM EST,2022-01-22,2022-01-22 13:17:00 +0100,Eastern Time (US & Canada),713910,drjayf,Jerome Foster,2022-01-26 02:13:28 +0100,2022-01-26 03:14:50 +0100,research,CC-BY-NC-ND,https://www.inaturalist.org/observations/105586410,https://inaturalist-open-data.s3.amazonaws.com/photos/177191207/medium.jpg,,"Baboonia Trace, Caribbean, Charleville, Lonchura malacca, Nikon D7100, Sigma 150-600mm 5-6.3, Sumeria Trace, Tricolored munia, Trinidad and Tobago, animal, bird, nature, wildlife",,1,0,false,,"Charlieville, Trinidad and Tobago",10.5642940616,-61.42929859,31,,,,31,,open,false,,,Capuchino Tricolor,Lonchura malacca,Capuchino Tricolor de la India,Aves,979790
105768562,33b13091-b07e-4870-b28c-3c95e52a1474,Fri Oct 08 2021 15:33:05 GMT+0530 (GMT+5:30),2021-10-08,2021-10-08 12:03:05 +0200,Chennai,3357435,bellbird20,"",2022-01-29 14:26:29 +0100,2022-01-30 15:52:22 +0100,research,,https://www.inaturalist.org/observations/105768562,https://static.inaturalist.org/photos/177540724/medium.jpg,,"","",4,0,false,3,"Alakabelalu, Bengaluru, KA, IN",12.8091022161,77.5264886037,77,,,,77,,open,false,,,Tricolored Munia,Lonchura malacca,Capuchino Tricolor de la India,Aves,979790
105831734,cbdbcd40-33e1-452c-9058-b7931a847a49,2021/12/31 7:48 утра UTC,2021-12-31,2021-12-31 08:48:00 +0100,UTC,3956192,gennadiy_dyakin,Геннадий Дякин,2022-01-30 12:26:56 +0100,2024-05-01 12:52:52 +0200,research,CC-BY-NC,https://www.inaturalist.org/observations/105831734,https://inaturalist-open-data.s3.amazonaws.com/photos/177662700/medium.jpeg,,"",,2,0,false,,"Сигерия, Шри-Ланка",7.9527246711,80.7546974905,31,,,,31,,open,false,,,Tricolored Munia,Lonchura malacca,Capuchino Tricolor de la India,Aves,979790
105908351,34c0c00d-7c20-4d16-975e-124a3817763a,2022/01/31 8:24 AM IST,2022-01-31,2022-01-31 03:54:00 +0100,New Delhi,3131332,ram_k,Ramnarayan K,2022-01-31 16:10:29 +0100,2022-01-31 18:49:34 +0100,research,CC-BY,https://www.inaturalist.org/observations/105908351,https://inaturalist-open-data.s3.amazonaws.com/photos/177809857/medium.jpg,,"","Seen along with @subbush , ebird checklist https://ebird.org/checklist/S101769931",1,0,false,,"Kanavanthurai, Tamil Nadu 601205, India",13.4166639,80.2906659,1479,,,,1479,,open,false,,,Tricolored Munia,Lonchura malacca,Capuchino Tricolor de la India,Aves,979790
105917836,2b720b40-12b0-4765-b491-1012841959e6,2022/01/31 8:42 AM IST,2022-01-31,2022-01-31 04:12:00 +0100,New Delhi,3131332,ram_k,Ramnarayan K,2022-01-31 19:28:10 +0100,2022-02-01 08:55:30 +0100,research,CC-BY,https://www.inaturalist.org/observations/105917836,https://inaturalist-open-data.s3.amazonaws.com/photos/177827264/medium.jpg,,"","Many seen, only a few were close enough to photograph, One large flock of Munia's seen flying in a distance as well

Seen along with @subbush , ebird checklist https://ebird.org/checklist/S101769931",2,0,false,,"Kanavanthurai, Tamil Nadu 601205, India",13.4166639,80.2906659,1479,,,,1479,,open,false,,"",Tricolored Munia,Lonchura malacca,Capuchino Tricolor de la India,Aves,979790
106076713,dd3d1eb2-8728-4e58-8479-bf77c47e9e34,2022/01/30 7:34 AM IST,2022-01-30,2022-01-30 03:04:00 +0100,Chennai,3792546,kishorenath,kishore T,2022-02-03 17:58:18 +0100,2024-02-20 06:19:26 +0100,research,CC-BY-NC,https://www.inaturalist.org/observations/106076713,https://inaturalist-open-data.s3.amazonaws.com/photos/178124883/medium.jpeg,,"",,2,0,false,,"Krishna, Andhra Pradesh, India",16.4111133812,80.7087367285,31,,,,31,,open,false,,,Tricolored Munia,Lonchura malacca,Capuchino Tricolor de la India,Aves,979790
106212818,c11a8e5f-6ee3-4ba1-a636-c8da5e60e688,Tue Jan 25 2022 16:46:33 GMT-0500 (EST),2022-01-25,2022-01-25 22:46:33 +0100,Eastern Time (US & Canada),1475640,azheather,H.M. Hofling,2022-02-06 02:32:43 +0100,2024-02-20 06:19:27 +0100,research,CC-BY-NC,https://www.inaturalist.org/observations/106212818,https://inaturalist-open-data.s3.amazonaws.com/photos/178387862/medium.jpg,,"","",2,0,false,3,"Torry Island, Belle Glade, FL, US",26.7066071351,-80.7205444823,347,,,,347,,open,false,,,Tricolored Munia,Lonchura malacca,Capuchino Tricolor de la India,Aves,979790
106505086,24a266b6-ed33-44af-89bb-409ce5646746,2021/12/09 8:31 AM UTC,2021-12-09,2021-12-09 09:31:00 +0100,UTC,5345888,khamhan,Dr.Khamhan Bhaskar,2022-02-10 19:46:21 +0100,2024-02-20 06:19:28 +0100,research,,https://www.inaturalist.org/observations/106505086,https://static.inaturalist.org/photos/178925378/medium.jpeg,,"","",5,0,false,,"Baloda Bazar, Chhattisgarh, India",21.6473630556,82.7298380556,,,,,,,open,false,,,Tricolored Munia,Lonchura malacca,Capuchino Tricolor de la India,Aves,979790
107252274,291dc632-8dad-406a-a971-214f1847581b,2022/02/11 11:43 AM +0700,2022-02-11,2022-02-11 05:43:00 +0100,Hanoi,375385,martin53,Martin Walsh,2022-02-22 15:08:05 +0100,2022-02-23 06:59:59 +0100,research,CC-BY-NC-ND,https://www.inaturalist.org/observations/107252274,https://inaturalist-open-data.s3.amazonaws.com/photos/180348407/medium.jpg,,"","A 3 in 1! There are Scaly-Breasted and White-Rumped here too, but this upload is for the tri-colored.",2,0,false,,"Eluwankulama, Sri Lanka",8.2733174145,79.8765423841,108,,,,108,,open,false,,,Tricolored Munia,Lonchura malacca,Capuchino Tricolor de la India,Aves,979790
107609867,e4f5a33f-cac5-438c-85bd-292938312fc6,2022/02/18 7:58 AM IST,2022-02-18,2022-02-18 03:28:00 +0100,Chennai,3792546,kishorenath,kishore T,2022-02-28 03:58:39 +0100,2022-02-28 12:33:48 +0100,research,CC-BY-NC,https://www.inaturalist.org/observations/107609867,https://inaturalist-open-data.s3.amazonaws.com/photos/181020966/medium.jpeg,,"",,4,0,false,,"Pydurupadu, Andhra Pradesh, India",16.6013239064,80.5806451372,61,,,,61,,open,false,,,Tricolored Munia,Lonchura malacca,Capuchino Tricolor de la India,Aves,979790
107707755,ba234681-7016-4135-a05e-17a207d89f0e,2022-02-16 14:50:59,2022-02-16,2022-02-16 10:20:59 +0100,New Delhi,1387669,vivek10,Vivek Shyamasundar,2022-03-01 18:24:40 +0100,2024-02-20 06:19:25 +0100,research,,https://www.inaturalist.org/observations/107707755,https://static.inaturalist.org/photos/181206027/medium.jpeg,,"",,4,0,false,2,"Koholankala, Sri Lanka",6.1539497163,81.1661231518,1557,,,,1557,,open,false,gps,gps,Tricolored Munia,Lonchura malacca,Capuchino Tricolor de la India,Aves,979790
108083304,04e3ef68-5a7c-49a7-9011-22989a689223,2022/02/19 5:42 PM IST,2022-02-19,2022-02-19 13:12:00 +0100,Chennai,3792546,kishorenath,kishore T,2022-03-07 04:06:04 +0100,2022-03-07 08:04:27 +0100,research,CC-BY-NC,https://www.inaturalist.org/observations/108083304,https://inaturalist-open-data.s3.amazonaws.com/photos/181906638/medium.jpeg,,"",,3,0,false,,"Krishna, Andhra Pradesh, India",16.6495020819,80.4908576784,244,,,,244,,open,false,,,Tricolored Munia,Lonchura malacca,Capuchino Tricolor de la India,Aves,979790
108231036,eb374229-e5c9-4399-be07-67d7241625d4,2021/11/21 1:04 PM IST,2021-11-21,2021-11-21 08:34:00 +0100,Chennai,5398110,alokdas65,ALOK DAS,2022-03-09 11:55:17 +0100,2024-02-20 06:19:23 +0100,research,CC-BY-NC,https://www.inaturalist.org/observations/108231036,https://inaturalist-open-data.s3.amazonaws.com/photos/182186880/medium.jpg,,"",,3,0,false,," Baruipur,Jagadishpur, West Bengal, India",22.3631650819,88.3868821699,61,,,,61,,open,false,,,Tricolored Munia,Lonchura malacca,Capuchino Tricolor de la India,Aves,979790
108295630,34c0e1e3-c6ab-4ad9-8dea-ec64302661fe,2019/09/05 2:46 PM IST,2019-09-05,2019-09-05 11:16:00 +0200,Chennai,5398110,alokdas65,ALOK DAS,2022-03-10 12:26:17 +0100,2024-02-20 06:19:22 +0100,research,CC-BY-NC,https://www.inaturalist.org/observations/108295630,https://inaturalist-open-data.s3.amazonaws.com/photos/182308112/medium.jpg,,"",,5,0,false,,"JF2H+R2J, AA II, Newtown, Dharsamoktarpur, West Bengal 700135, India",22.6018071,88.4776764,193,,,,193,,open,false,,,Tricolored Munia,Lonchura malacca,Capuchino Tricolor de la India,Aves,979790
108649713,823fa1cd-2692-47f8-a246-726007edd213,2018/12/04 5:23 PM +0800,2018-12-04,2018-12-04 10:23:00 +0100,Singapore,4518882,fadzrun,Fadzrun,2022-03-15 13:22:58 +0100,2024-02-20 06:19:42 +0100,research,CC-BY-NC,https://www.inaturalist.org/observations/108649713,https://inaturalist-open-data.s3.amazonaws.com/photos/182973259/medium.jpeg,,"",,3,0,false,,"Polonnaruwa, Sri Lanka",8.0944022098,80.7861731307,808,,,,808,,open,false,,,Tricolored Munia,Lonchura malacca,Capuchino Tricolor de la India,Aves,979790
109660310,2e9f8d1b-508e-438d-b40d-3b841e4b4025,2022/03/27 6:23 PM IST,2022-03-27,2022-03-27 14:53:00 +0200,New Delhi,2474674,shiridinathpanakam,Shiridinath Panakam,2022-03-27 18:33:18 +0200,2024-02-20 06:19:41 +0100,research,,https://www.inaturalist.org/observations/109660310,https://static.inaturalist.org/photos/184854361/medium.jpg,,"",,5,0,false,,"Tirupati, Andhra Pradesh, India",13.5969264833,79.3682208316,2,,,,2,,open,false,,,Tricolored Munia,Lonchura malacca,Capuchino Tricolor de la India,Aves,979790
109819586,b217d3a6-9a43-4008-b142-21777779a2d1,2022/02/20 4:36 PM UTC,2022-02-20,2022-02-20 17:36:00 +0100,UTC,2301886,swatiudayraj,Swati Udayraj,2022-03-29 10:09:10 +0200,2022-03-31 12:00:52 +0200,research,,https://www.inaturalist.org/observations/109819586,https://static.inaturalist.org/photos/185161860/medium.jpeg,,"","",1,0,false,,"Chittoor, Andhra Pradesh, India",13.6870040054,79.5393846832,31,,,,31,,open,false,,,Tricolored Munia,Lonchura malacca,Capuchino Tricolor de la India,Aves,979790
110029947,57cb5b0b-b15a-4f0f-93f9-8d6a90a30a99,2022/03/17 12:45 PM CET,2022-03-17,2022-03-17 12:45:00 +0100,Paris,4822666,j4n_w,,2022-03-31 21:38:55 +0200,2024-02-20 06:19:30 +0100,research,CC-BY-NC,https://www.inaturalist.org/observations/110029947,https://inaturalist-open-data.s3.amazonaws.com/photos/185544423/medium.jpg,,"",,4,0,false,,"Badulla, Sri Lanka",6.8384833333,81.02264,,,,,,,open,false,,,Tricolored Munia,Lonchura malacca,Capuchino Tricolor de la India,Aves,979790
110078266,b069e833-2151-4f3e-aca3-f7c3995f969f,2021/09/05 8:33 AM IST,2021-09-05,2021-09-05 05:03:00 +0200,New Delhi,2474674,shiridinathpanakam,Shiridinath Panakam,2022-04-01 12:08:56 +0200,2022-04-01 17:58:59 +0200,research,,https://www.inaturalist.org/observations/110078266,https://static.inaturalist.org/photos/185637090/medium.jpg,,"",,2,0,false,,"Chittoor, IN-AP, IN",13.5027381328,79.3762479649,4,,,,4,,open,false,,,Tricolored Munia,Lonchura malacca,Capuchino Tricolor de la India,Aves,979790
110482584,46cd612e-6d27-4ba2-ab23-920dc69022e6,2022-03-27 17:10:21,2022-03-27,2022-03-28 00:10:21 +0200,Bogota,487918,alexandermartinez,Alexander Martinez,2022-04-05 15:07:17 +0200,2022-04-05 16:11:09 +0200,research,CC-BY,https://www.inaturalist.org/observations/110482584,https://inaturalist-open-data.s3.amazonaws.com/photos/186382699/medium.jpeg,,"",,1,0,false,2,"Santander, CO",6.9869845844,-73.1733705602,19,,,,31337,obscured,open,true,gps,gps,Tricolored Munia,Lonchura malacca,Capuchino Tricolor de la India,Aves,979790
110727784,fcd4ed67-dec5-4154-83b0-c6438113143c,2022/03/23 7:31 AM PDT,2022-03-23,2022-03-23 15:31:00 +0100,Pacific Time (US & Canada),91922,avocat,"",2022-04-08 07:10:52 +0200,2025-07-16 07:55:24 +0200,research,CC-BY-NC,https://www.inaturalist.org/observations/110727784,https://inaturalist-open-data.s3.amazonaws.com/photos/186840669/medium.jpg,,"",,1,0,false,,"Abreus, Cuba",22.1738,-80.797866,,,,,,,open,false,,,Tricolored Munia,Lonchura malacca,Capuchino Tricolor de la India,Aves,979790
110741629,9b0e35e9-d82b-4f6a-951c-d10bd35182f4,2021/10/02 7:25 AM IST,2021-10-02,2021-10-02 03:55:00 +0200,New Delhi,2474674,shiridinathpanakam,Shiridinath Panakam,2022-04-08 13:36:17 +0200,2022-04-08 18:19:31 +0200,research,,https://www.inaturalist.org/observations/110741629,https://static.inaturalist.org/photos/186865022/medium.jpg,,"",,4,0,false,,"Tirupati, Andhra Pradesh, India",13.5959738699,79.3635699488,488,,,,488,,open,false,,,Tricolored Munia,Lonchura malacca,Capuchino Tricolor de la India,Aves,979790
111082955,cca57df7-302a-476b-ac82-f1b313fcbc2b,2022/01/28 8:38 AM IST,2022-01-28,2022-01-28 04:08:00 +0100,Chennai,3071869,senandsouza,Senan D'Souza,2022-04-11 14:00:27 +0200,2022-04-11 15:00:41 +0200,research,,https://www.inaturalist.org/observations/111082955,https://static.inaturalist.org/photos/187476197/medium.jpeg,,"","",1,0,false,,"Pagali, Andhra Pradesh, India",13.7729416667,79.6339616667,,,,,,,open,false,,,Tricolored Munia,Lonchura malacca,Capuchino Tricolor de la India,Aves,979790
111197977,63e32cbf-073c-41f4-9399-fa15d2357298,2022-01-02 09:20:26,2022-01-02,2022-01-02 04:50:26 +0100,New Delhi,1375591,thenatureaffair,Ramu Alluri,2022-04-12 16:20:19 +0200,2024-02-20 06:19:17 +0100,research,,https://www.inaturalist.org/observations/111197977,https://static.inaturalist.org/photos/187688439/medium.jpeg,,"",,2,0,false,2,"GGH7+M36, Balusumoodi, Bhimavaram, Andhra Pradesh 534201, India",16.528685,81.515295,,,,,,,open,false,gps,gps,Tricolored Munia,Lonchura malacca,Capuchino Tricolor de la India,Aves,979790
111617782,4e9bb9ed-6979-49ff-a01d-a395af42d83b,2022-04-16,2022-04-16,,UTC,5218906,mohua,mohua sinha,2022-04-16 09:32:04 +0200,2024-02-20 06:19:15 +0100,research,,https://www.inaturalist.org/observations/111617782,https://static.inaturalist.org/photos/188449753/medium.jpeg,,"",,2,0,false,2,Rajarhat Wetlands,22.6003352984,88.4746743366,130,,,,130,,open,false,gps,gps,Tricolored Munia,Lonchura malacca,Capuchino Tricolor de la India,Aves,979790
112060933,3d2654de-3193-45d0-bd73-f2f2a3d327b1,2022-01-19 15:28:49,2022-01-19,2022-01-19 10:58:49 +0100,New Delhi,1375591,thenatureaffair,Ramu Alluri,2022-04-19 19:25:18 +0200,2024-02-20 06:19:15 +0100,research,,https://www.inaturalist.org/observations/112060933,https://static.inaturalist.org/photos/189252760/medium.jpeg,,"",,3,0,false,2,"West Godavari, IN-AP, IN",16.57572,81.483555,,,,,,,open,false,gps,gps,Tricolored Munia,Lonchura malacca,Capuchino Tricolor de la India,Aves,979790
112470822,bcd8f504-624c-4608-8d2c-083164268bd3,2022/04/17 8:22 AM,2022-04-17,2022-04-17 04:52:00 +0200,Sri Jayawardenepura,2742819,pasindu_dilshan,Pasindu Dilshan Abegunawaradhana,2022-04-23 04:38:09 +0200,2024-08-30 03:40:16 +0200,research,CC-BY-NC,https://www.inaturalist.org/observations/112470822,https://inaturalist-open-data.s3.amazonaws.com/photos/189970282/medium.jpg,,"",,6,0,false,,"Ella, Sri Lanka",6.8666988,81.046553,1558,,,,1558,,open,false,,,Tricolored Munia,Lonchura malacca,Capuchino Tricolor de la India,Aves,979790
112578508,06b77cfa-afd9-4bcf-a75e-5710762e85bc,2022-03-14 15:30:20-06:00,2022-03-14,2022-03-14 22:30:20 +0100,America/Costa_Rica,4070548,cheryl_rosenfeld,Cheryl Rosenfeld,2022-04-23 23:14:13 +0200,2022-04-24 16:22:10 +0200,research,CC-BY-NC,https://www.inaturalist.org/observations/112578508,https://inaturalist-open-data.s3.amazonaws.com/photos/190156780/medium.jpg,,"","",1,0,false,3,"Garabito, Puntarenas, CR",9.7035907,-84.622389,8722,,,,8722,,open,false,,,Tricolored Munia,Lonchura malacca,Capuchino Tricolor de la India,Aves,979790
113232341,96131a9e-8115-41f2-8830-d6f8c8bed134,2022-01-02 09:19:07,2022-01-02,2022-01-02 04:49:07 +0100,New Delhi,1375591,thenatureaffair,Ramu Alluri,2022-04-28 18:24:00 +0200,2022-04-29 21:24:07 +0200,research,,https://www.inaturalist.org/observations/113232341,https://static.inaturalist.org/photos/191324890/medium.jpeg,,"",,2,0,false,2,"GGH7+M36, Balusumoodi, Bhimavaram, Andhra Pradesh 534201, India",16.52871,81.515305,,,,,,,open,false,gps,gps,Tricolored Munia,Lonchura malacca,Capuchino Tricolor de la India,Aves,979790
113866230,99d87326-8723-424f-a055-d55a23ab49d9,2022-01-19 15:28:49,2022-01-19,2022-01-19 10:58:49 +0100,New Delhi,1375591,thenatureaffair,Ramu Alluri,2022-04-30 19:02:30 +0200,2024-02-20 06:19:13 +0100,research,,https://www.inaturalist.org/observations/113866230,https://static.inaturalist.org/photos/192332166/medium.jpeg,,"",,2,0,false,2,"HFFM+GM5, Narasimharajapura Agraharam, Andhra Pradesh 534206, India",16.57572,81.483555,,,,,,,open,false,gps,gps,Tricolored Munia,Lonchura malacca,Capuchino Tricolor de la India,Aves,979790
114263303,a529e992-869d-441f-9634-31659af3f4b0,2022/05/01 9:01 AM,2022-05-01,2022-05-01 16:01:00 +0200,Bogota,2466177,yemaytoro,Yemay Toro López,2022-05-01 18:00:58 +0200,2024-02-20 06:19:14 +0100,research,CC-BY-NC,https://www.inaturalist.org/observations/114263303,https://inaturalist-open-data.s3.amazonaws.com/photos/192950261/medium.jpeg,,"","",2,0,false,,"Armenia, Quindío, Colombia",4.4971107952,-75.7545738187,4,,,,4,,open,false,,,Tricolored Munia,Lonchura malacca,Capuchino Tricolor de la India,Aves,979790
114746745,14f6ee57-197b-43fd-86cf-cf349bc4a20e,2022/05/01 7:54 AM,2022-05-01,2022-05-01 04:24:00 +0200,New Delhi,6490,manojkmohan,Manoj Karingamadathil,2022-05-02 18:33:04 +0200,2022-05-02 19:54:55 +0200,research,CC-BY,https://www.inaturalist.org/observations/114746745,https://inaturalist-open-data.s3.amazonaws.com/photos/193723107/medium.jpeg,,"","",1,0,false,,"Thrissur, Kerala, India",10.3482133333,76.252885,,,,,,,open,false,,,Tricolored Munia,Lonchura malacca,Capuchino Tricolor de la India,Aves,979790
114985495,f8e50c67-8e94-492f-a7e7-e1d55b2fff36,2022/05/01 10:13 AM,2022-05-01,2022-05-01 17:13:00 +0200,Bogota,1582273,danielhincapie,Daniel Hincapie,2022-05-03 03:58:41 +0200,2022-05-03 16:55:36 +0200,research,CC-BY,https://www.inaturalist.org/observations/114985495,https://inaturalist-open-data.s3.amazonaws.com/photos/194101272/medium.jpeg,,"",adulto,1,0,false,,"Copacabana, Antioquia, Colombia",6.3469825637,-75.4981611019,2,,,,2,,open,false,,,Capuchino Tricolor,Lonchura malacca,Capuchino Tricolor de la India,Aves,979790
114985499,2f166e67-02b1-4b0e-990e-6e8c160d6163,2022/05/01 10:14 AM,2022-05-01,2022-05-01 17:14:00 +0200,Bogota,1582273,danielhincapie,Daniel Hincapie,2022-05-03 03:58:41 +0200,2022-05-06 17:44:39 +0200,research,CC-BY,https://www.inaturalist.org/observations/114985499,https://inaturalist-open-data.s3.amazonaws.com/photos/194101691/medium.jpg,,"",jubvenil,1,0,false,,"Copacabana, Antioquia, Colombia",6.3469005478,-75.4981344212,2,,,,2,,open,false,,,Capuchino Tricolor,Lonchura malacca,Capuchino Tricolor de la India,Aves,979790
117059548,1fcd8b1d-b720-419b-b722-d0ac28c1a5e0,2022/05/14 4:07 PM,2022-05-14,2022-05-14 23:07:00 +0200,America/Panama,1493572,katiuska19,"",2022-05-15 02:04:50 +0200,2022-05-16 02:14:45 +0200,research,CC-BY-NC,https://www.inaturalist.org/observations/117059548,https://inaturalist-open-data.s3.amazonaws.com/photos/197649292/medium.jpeg,,"",,1,0,false,,"Guarumal, Panamá",8.3545126933,-82.5244840586,488,,,,488,,open,false,,,Tricolored Munia,Lonchura malacca,Capuchino Tricolor de la India,Aves,979790
117101761,d7bc5923-dffc-455b-aa73-57b71bd999bf,2022/04/22 9:24 PM,2022-04-22,2022-04-22 17:54:00 +0200,Sri Jayawardenepura,742241,desertnaturalist,"",2022-05-15 10:08:19 +0200,2023-12-21 14:27:29 +0100,research,CC-BY,https://www.inaturalist.org/observations/117101761,https://inaturalist-open-data.s3.amazonaws.com/photos/197730612/medium.jpg,,"","",2,0,false,,"Horton Plains NP, Nuwara Eliya, Sri Lanka",6.7991640668,80.8131658191,170,,,,170,,open,false,,,Tricolored Munia,Lonchura malacca,Capuchino Tricolor de la India,Aves,979790
117125507,386ef5cb-9e86-4f7e-bffa-0dabb185e184,2022-05-14 06:18:27,2022-05-14,2022-05-14 13:18:27 +0200,Bogota,5279444,rojo_pajarero,Jerson Marín,2022-05-15 14:42:41 +0200,2022-05-16 01:38:18 +0200,research,CC-BY-NC,https://www.inaturalist.org/observations/117125507,https://inaturalist-open-data.s3.amazonaws.com/photos/197770859/medium.jpeg,,"",,1,0,false,2,"Barbosa, Antioquia, Colombia",6.4603347754,-75.3023948148,916,,,,916,,open,false,gps,gps,Capuchino Tricolor,Lonchura malacca,Capuchino Tricolor de la India,Aves,979790
117185569,891576f7-00f8-4424-ac27-fa02063a84ec,2022/04/25 8:25 AM,2022-04-25,2022-04-25 15:25:00 +0200,America/Guayaquil,780896,rudygelis,Rudy Gelis,2022-05-15 20:54:52 +0200,2022-05-16 22:06:17 +0200,research,,https://www.inaturalist.org/observations/117185569,https://static.inaturalist.org/photos/197861016/medium.jpeg,,"",,1,0,false,,"Naranjal, Ecuador",-2.4393865675,-79.6364466197,6189,,,,6189,,open,false,,,Tricolored Munia,Lonchura malacca,Capuchino Tricolor de la India,Aves,979790
117377634,1db16bd3-a4fb-4c21-8003-8683a79f8392,2022/05/14 6:27 AM,2022-05-14,2022-05-14 13:27:00 +0200,Bogota,684042,ricardo_sanchez,Ricardo Sánchez,2022-05-17 01:05:46 +0200,2022-05-17 02:04:42 +0200,research,CC-BY-NC,https://www.inaturalist.org/observations/117377634,https://inaturalist-open-data.s3.amazonaws.com/photos/198158098/medium.jpeg,,"","",1,0,false,,"Barbosa, Antioquia, Colombia",6.4604665942,-75.3019389714,4,,,,4,,open,false,,,Capuchino Tricolor,Lonchura malacca,Capuchino Tricolor de la India,Aves,979790
117832328,ebd599ca-45c7-4c13-bf97-38c6d436480c,2022/05/19 12:38 PM,2022-05-19,2022-05-19 09:08:00 +0200,New Delhi,3341973,samrudhnandagopal,Samrudh Nandagopal,2022-05-20 09:33:03 +0200,2022-05-21 10:30:59 +0200,research,CC-BY-NC,https://www.inaturalist.org/observations/117832328,https://inaturalist-open-data.s3.amazonaws.com/photos/199034601/medium.jpg,,"",,3,0,false,,"Sathambakkam, Tamil Nadu, India",12.8795054,79.4061268,,,,,,,open,false,,,Tricolored Munia,Lonchura malacca,Capuchino Tricolor de la India,Aves,979790
118301746,cb186802-8bed-4cc8-956b-00fb200d06d8,2022/01/24 9:07 AM,2022-01-24,2022-01-24 15:07:00 +0100,Eastern Time (US & Canada),5687068,brianahern,Brian Ahern,2022-05-23 03:17:55 +0200,2022-06-15 19:57:33 +0200,research,CC-BY-NC,https://www.inaturalist.org/observations/118301746,https://inaturalist-open-data.s3.amazonaws.com/photos/199860527/medium.jpeg,,"",Tory Island Campground and Marina. seen along the path leading to the observation tower,2,0,false,,"Tory Island Campground, 5000 W Canal St N, Belle Glade, FL 33430, USA",26.7046941,-80.7190603,199,,,,199,,open,false,,,Tricolored Munia,Lonchura malacca,Capuchino Tricolor de la India,Aves,979790
119128111,db20ea79-8545-4cac-b9f0-1fe7c6e19d72,2021-09-26 14:56:26,2021-09-26,2021-09-26 21:56:26 +0200,Bogota,2221504,mari120,Mari Bautista,2022-05-28 22:51:51 +0200,2023-08-22 20:16:32 +0200,research,,https://www.inaturalist.org/observations/119128111,https://static.inaturalist.org/photos/201347346/medium.jpeg,,"",,1,0,false,2,"Anapoima, Cundinamarca, Colombia",4.5606511852,-74.503684938,33,,,,33,,open,false,gps,gps,Tricolored Munia,Lonchura malacca,Capuchino Tricolor de la India,Aves,979790
119882683,6d5313e6-e1b5-441c-a9d6-8458d3faaaa0,2022/06/01 8:00 AM,2022-06-01,2022-06-01 04:30:00 +0200,New Delhi,4670549,virenvaz,,2022-06-02 17:43:00 +0200,2022-06-10 06:09:12 +0200,research,CC-BY-NC,https://www.inaturalist.org/observations/119882683,https://inaturalist-open-data.s3.amazonaws.com/photos/202702534/medium.jpeg,,"",,2,0,false,,"Thane, Maharashtra, India",19.4964487384,73.0206573998,15,,,,15,,open,false,,,Tricolored Munia,Lonchura malacca,Capuchino Tricolor de la India,Aves,979790
119946861,ab62c7b6-b29d-417a-91fd-6c7391c2f0ab,2021/01/27 8:51 AM,2021-01-27,2021-01-27 14:51:00 +0100,America/Cancun,70933,bio_omar,Omar Correa Rodríguez,2022-06-03 02:01:01 +0200,2022-11-01 00:15:46 +0100,research,CC-BY-NC,https://www.inaturalist.org/observations/119946861,https://inaturalist-open-data.s3.amazonaws.com/photos/202814336/medium.jpeg,,"",,4,0,false,,"Othón P. Blanco, Q.R., México",18.526544904,-88.6389353731,31,,,,31,,open,false,,,Capuchino Tricolor,Lonchura malacca,Capuchino Tricolor de la India,Aves,979790
120516465,f6e15828-e566-451b-af2e-7ed4da9c7010,2022-06-04 16:10:35,2022-06-04,2022-06-04 12:40:35 +0200,New Delhi,5746935,vk_klicks,vamsi krishna,2022-06-06 16:51:44 +0200,2022-06-11 16:51:14 +0200,research,,https://www.inaturalist.org/observations/120516465,https://static.inaturalist.org/photos/203845218/medium.jpeg,,"",,4,0,false,2,Hukumpeta,16.9855152258,81.8012554944,362,,,,362,,open,false,gps,gps,Tricolored Munia,Lonchura malacca,Capuchino Tricolor de la India,Aves,979790
120628913,f552c52d-3b76-4a33-9d4b-9a569383ecf3,2022/06/07 7:00 AM,2022-06-07,2022-06-07 03:30:00 +0200,New Delhi,2474674,shiridinathpanakam,Shiridinath Panakam,2022-06-07 08:10:54 +0200,2022-06-11 16:44:00 +0200,research,,https://www.inaturalist.org/observations/120628913,https://static.inaturalist.org/photos/204047812/medium.jpg,,"",,2,0,false,,"Tirupati, Andhra Pradesh, India",13.5848132829,79.3713986604,31,,,,31,,open,false,,,Tricolored Munia,Lonchura malacca,Capuchino Tricolor de la India,Aves,979790
121214377,a34770d1-d96d-4d23-ab83-266cfe9d0abb,2022/06/11 7:45 AM,2022-06-11,2022-06-11 04:15:00 +0200,New Delhi,258303,subbu107,Subbu Ramanathan,2022-06-11 12:51:12 +0200,2022-06-12 04:52:30 +0200,research,CC-BY-NC,https://www.inaturalist.org/observations/121214377,https://inaturalist-open-data.s3.amazonaws.com/photos/205092135/medium.jpg,,"",,3,0,false,,"Bengaluru, Karnataka, India",12.8178972574,77.5473469963,593,,,,593,,open,false,,,Tricolored Munia,Lonchura malacca,Capuchino Tricolor de la India,Aves,979790
121375261,9ae4ff12-a687-499b-8497-1b89d2431cc3,2022/06/12 7:03 AM,2022-06-12,2022-06-12 03:33:00 +0200,New Delhi,2332157,surabhi_srivastava_gaur,Surabhi Srivastava,2022-06-12 10:09:51 +0200,2023-07-17 14:30:21 +0200,research,CC-BY,https://www.inaturalist.org/observations/121375261,https://inaturalist-open-data.s3.amazonaws.com/photos/205383597/medium.jpeg,,"",,4,0,false,,"Manjeera Dam, raod, Sangareddy, Telangana 502001, India",17.6552448,78.0760688,350,,,,350,,open,false,,,Tricolored Munia,Lonchura malacca,Capuchino Tricolor de la India,Aves,979790
121428511,ba32eab9-c7d7-4892-b7f4-543fa9a1de1c,2022/06/12 9:13 AM,2022-06-12,2022-06-12 05:43:00 +0200,New Delhi,2332157,surabhi_srivastava_gaur,Surabhi Srivastava,2022-06-12 17:53:47 +0200,2025-08-07 11:20:15 +0200,research,CC-BY,https://www.inaturalist.org/observations/121428511,https://inaturalist-open-data.s3.amazonaws.com/photos/205475374/medium.jpeg,,"",,4,0,false,,"Manjeera Dam, raod, Sangareddy, Telangana 502001, India",17.6552448,78.0760688,350,,,,350,,open,false,,,Tricolored Munia,Lonchura malacca,Capuchino Tricolor de la India,Aves,979790
121560949,862ceb24-2e1e-42fd-8ed4-f17b4d6eed0f,2022-06-13 12:47:41,2022-06-13,2022-06-13 09:17:41 +0200,New Delhi,4468880,sreenivasan,"",2022-06-13 11:38:18 +0200,2022-06-13 17:08:32 +0200,research,CC-BY-NC,https://www.inaturalist.org/observations/121560949,https://inaturalist-open-data.s3.amazonaws.com/photos/205719630/medium.jpeg,,"",,3,0,false,2,Konnakuzhy,10.3021914753,76.4273843542,2356,,,,2356,,open,false,gps,gps,Tricolored Munia,Lonchura malacca,Capuchino Tricolor de la India,Aves,979790
121718414,2b59ed39-7a52-4b9b-93c4-da5061fed0c7,2021/12/19 8:15 AM,2021-12-19,2021-12-19 03:45:00 +0100,New Delhi,5046259,birderbaba,BiRdeR BäBä,2022-06-14 13:38:03 +0200,2025-05-27 10:01:23 +0200,research,,https://www.inaturalist.org/observations/121718414,https://static.inaturalist.org/photos/206000840/medium.jpeg,,"","",3,0,false,,"Medak, Telangana, India",17.63781,78.06453,,,,,,,open,false,,,Tricolored Munia,Lonchura malacca,Capuchino Tricolor de la India,Aves,979790
121718427,642447ad-0bb6-4336-9ea3-45664f6320e8,2021/12/19 8:19 AM,2021-12-19,2021-12-19 03:49:00 +0100,New Delhi,5046259,birderbaba,BiRdeR BäBä,2022-06-14 13:38:05 +0200,2022-07-24 10:20:05 +0200,research,,https://www.inaturalist.org/observations/121718427,https://static.inaturalist.org/photos/206001126/medium.jpeg,,"","",2,0,false,,"Medak, Telangana, India",17.637835,78.0645,,,,,,,open,false,,,Tricolored Munia,Lonchura malacca,Capuchino Tricolor de la India,Aves,979790
121718430,dfe0e617-d1e7-41e6-b2e6-37d47d0c12e4,2021/12/19 8:22 AM,2021-12-19,2021-12-19 03:52:00 +0100,New Delhi,5046259,birderbaba,BiRdeR BäBä,2022-06-14 13:38:05 +0200,2022-06-15 12:01:27 +0200,research,,https://www.inaturalist.org/observations/121718430,https://static.inaturalist.org/photos/206001248/medium.jpeg,,"","",5,0,false,,"Medak, Telangana, India",17.6378716667,78.0640716667,,,,,,,open,false,,,Tricolored Munia,Lonchura malacca,Capuchino Tricolor de la India,Aves,979790
121718437,b3a260ca-ec9d-487a-b995-0f14abfcd102,2021/12/19 8:22 AM,2021-12-19,2021-12-19 03:52:00 +0100,New Delhi,5046259,birderbaba,BiRdeR BäBä,2022-06-14 13:38:06 +0200,2022-06-15 12:01:13 +0200,research,,https://www.inaturalist.org/observations/121718437,https://static.inaturalist.org/photos/206001296/medium.jpeg,,"","",5,0,false,,"Medak, Telangana, India",17.637875,78.0640683333,,,,,,,open,false,,,Tricolored Munia,Lonchura malacca,Capuchino Tricolor de la India,Aves,979790
121718438,7a987f6f-0cfc-44c1-a2dc-1c5756aa6792,2021/12/19 8:23 AM,2021-12-19,2021-12-19 03:53:00 +0100,New Delhi,5046259,birderbaba,BiRdeR BäBä,2022-06-14 13:38:06 +0200,2022-06-15 16:50:06 +0200,research,,https://www.inaturalist.org/observations/121718438,https://static.inaturalist.org/photos/206001423/medium.jpeg,,"","",1,0,false,,"Medak, Telangana, India",17.6378683333,78.06406,,,,,,,open,false,,,Tricolored Munia,Lonchura malacca,Capuchino Tricolor de la India,Aves,979790
121718439,e864d9e6-442d-4c5d-9095-9a383fb0107f,2021/12/19 8:25 AM,2021-12-19,2021-12-19 03:55:00 +0100,New Delhi,5046259,birderbaba,BiRdeR BäBä,2022-06-14 13:38:06 +0200,2024-02-20 06:18:49 +0100,research,,https://www.inaturalist.org/observations/121718439,https://static.inaturalist.org/photos/206001511/medium.jpeg,,"","",5,0,false,,"Medak, Telangana, India",17.63788,78.0639666667,,,,,,,open,false,,,Tricolored Munia,Lonchura malacca,Capuchino Tricolor de la India,Aves,979790
121718469,aa7aa549-cf54-4cf0-90a6-3e0483c38d3f,2021/12/19 9:02 AM,2021-12-19,2021-12-19 04:32:00 +0100,New Delhi,5046259,birderbaba,BiRdeR BäBä,2022-06-14 13:38:13 +0200,2023-12-25 14:54:33 +0100,research,,https://www.inaturalist.org/observations/121718469,https://static.inaturalist.org/photos/206002489/medium.jpeg,,"","",2,0,false,,"Medak, Telangana, India",17.637975,78.0628,,,,,,,open,false,,,Tricolored Munia,Lonchura malacca,Capuchino Tricolor de la India,Aves,979790
122465571,43530df4-d7ed-42f3-86a3-73150f75f973,2022/01/23 12:43 PM,2022-01-23,2022-01-23 18:43:00 +0100,Eastern Time (US & Canada),3579421,ron284,Ronald W Smith,2022-06-19 14:41:55 +0200,2022-06-19 20:25:14 +0200,research,CC-BY-NC,https://www.inaturalist.org/observations/122465571,https://inaturalist-open-data.s3.amazonaws.com/photos/207350036/medium.jpeg,,"",,1,0,false,,"Palm Beach County, FL (Belle Glade)",26.708875198,-80.7208936115,122,,,,122,,open,false,,,Tricolored Munia,Lonchura malacca,Capuchino Tricolor de la India,Aves,979790
122772521,317819cd-07a7-4515-b436-87d092a18fde,2010/03/18 13:12,2010-03-18,2010-03-18 08:42:00 +0100,Sri Jayawardenepura,5632648,fl66,Frédéric LEVIEZ,2022-06-21 08:58:42 +0200,2024-02-20 06:18:51 +0100,research,CC-BY-NC,https://www.inaturalist.org/observations/122772521,https://inaturalist-open-data.s3.amazonaws.com/photos/207910967/medium.jpg,,"",,6,0,false,,"Sigiriya, Sri Lanka",7.9541085,80.754698,2779,,,,2779,,open,false,,,Tricolored Munia,Lonchura malacca,Capuchino Tricolor de la India,Aves,979790
122921979,86071d27-25f3-4000-bfee-c3e5725b1f57,2022-06-22 08:21:36,2022-06-22,2022-06-22 04:51:36 +0200,New Delhi,3786548,umavaijnath,Uma Vaijnath,2022-06-22 10:26:52 +0200,2024-02-20 06:18:51 +0100,research,CC-BY-NC-ND,https://www.inaturalist.org/observations/122921979,https://inaturalist-open-data.s3.amazonaws.com/photos/208180487/medium.jpeg,,"",,4,0,false,2,"10th Stone NICE Road, Bengaluru, Karnataka 560062, India",12.8737934715,77.4978214502,157,,,,157,,open,false,gps,gps,Tricolored Munia,Lonchura malacca,Capuchino Tricolor de la India,Aves,979790
123039223,662ec88d-4f2f-49a6-b6f6-fead7104710e,2022-06-22 08:36:29,2022-06-22,2022-06-22 05:06:29 +0200,New Delhi,4468880,sreenivasan,"",2022-06-23 05:15:50 +0200,2024-02-20 06:18:47 +0100,research,CC-BY-NC,https://www.inaturalist.org/observations/123039223,https://inaturalist-open-data.s3.amazonaws.com/photos/208396095/medium.jpeg,,"",,5,0,false,2,Konnakuzhy,10.3021914753,76.4273843542,2359,,,,2359,,open,false,gps,gps,Tricolored Munia,Lonchura malacca,Capuchino Tricolor de la India,Aves,979790
123153661,749b84d1-ab4f-4942-aadd-cd76703b0bdf,2021-09-06 12:58:55,2021-09-06,2021-09-06 19:58:55 +0200,Bogota,2538041,guillermonagy-aramacaotours,Guillermo Nagy Aramacao Tours,2022-06-24 01:28:39 +0200,2024-02-20 06:18:46 +0100,research,CC-BY-NC,https://www.inaturalist.org/observations/123153661,https://static.inaturalist.org/photos/208598539/medium.jpeg,,"",,2,0,false,2,Humedal Amalita,6.1477488136,-75.4068856314,196,,,,196,,open,false,gps,gps,Tricolored Munia,Lonchura malacca,Capuchino Tricolor de la India,Aves,979790
123557362,abb9af5e-d793-40da-a783-09643220f7de,2022-06-23 14:04:56,2022-06-23,2022-06-23 21:04:56 +0200,Bogota,1876620,merwillacirga,Willmer García Rodríguez,2022-06-26 19:13:53 +0200,2024-02-20 04:53:50 +0100,research,,https://www.inaturalist.org/observations/123557362,https://static.inaturalist.org/photos/209324455/medium.jpeg,,"",,2,0,false,2,Campoalegre,4.0830588193,-76.2343900278,422,,,,422,,open,false,gps,gps,Capuchino Tricolor,Lonchura malacca,Capuchino Tricolor de la India,Aves,979790
124106230,6736e6fb-34f3-4ab7-b849-a98874fff4e2,2022/05/07 8:19 PM,2022-05-07,2022-05-08 03:19:00 +0200,Bogota,4249833,thebirderboy,Alejandro Williams Viveros,2022-06-30 16:08:00 +0200,2024-02-20 06:18:45 +0100,research,CC-BY-NC,https://www.inaturalist.org/observations/124106230,https://inaturalist-open-data.s3.amazonaws.com/photos/210321232/medium.jpeg,,"",,3,0,false,,"La Tebaida, Quindio, Colombia",4.4197706714,-75.8106348144,6,,,,6,,open,false,,,Tricolored Munia,Lonchura malacca,Capuchino Tricolor de la India,Aves,979790
124141726,aaec05a7-017c-4855-8127-e22877b15988,2022/05/14 8:08 PM,2022-05-14,2022-05-15 03:08:00 +0200,Bogota,4249833,thebirderboy,Alejandro Williams Viveros,2022-06-30 20:43:26 +0200,2024-02-20 06:18:44 +0100,research,CC-BY-NC,https://www.inaturalist.org/observations/124141726,https://inaturalist-open-data.s3.amazonaws.com/photos/210366492/medium.jpeg,,"",,2,0,false,,"La Tebaida, Quindio, Colombia",4.4190443709,-75.808917582,10,,,,10,,open,false,,,Tricolored Munia,Lonchura malacca,Capuchino Tricolor de la India,Aves,979790
124413793,1f082231-eb17-42eb-ad39-7458e255270f,2022-06-26 07:21:38,2022-06-26,2022-06-26 03:51:38 +0200,New Delhi,1387669,vivek10,Vivek Shyamasundar,2022-07-02 18:59:32 +0200,2025-08-07 10:02:44 +0200,research,,https://www.inaturalist.org/observations/124413793,https://static.inaturalist.org/photos/210873986/medium.jpeg,,"",,7,0,false,2,"Byatha, Karnataka 560089, India",13.174444854,77.4929726869,1575,,,,1575,,open,false,gps,gps,Tricolored Munia,Lonchura malacca,Capuchino Tricolor de la India,Aves,979790
124645295,14247250-d3d3-450d-ba2c-ccc5313073c3,2022-07-03 07:27:12,2022-07-03,2022-07-03 14:27:12 +0200,Bogota,5279444,rojo_pajarero,Jerson Marín,2022-07-04 01:21:51 +0200,2024-02-20 06:18:54 +0100,research,CC-BY-NC,https://www.inaturalist.org/observations/124645295,https://inaturalist-open-data.s3.amazonaws.com/photos/211288674/medium.jpeg,,"",,2,0,false,2,"Barbosa, Antioquia, Colombia",6.4634936665,-75.2944581583,520,,,,520,,open,false,gps,gps,Bico-de-chumbo-de-cabeça-preta,Lonchura malacca,Capuchino Tricolor de la India,Aves,979790
124848107,68ba918e-b4dc-4cf3-a882-e6c898d35c12,2022/06/25 7:28 AM,2022-06-25,2022-06-25 03:58:00 +0200,New Delhi,1870339,premgarg,Prem Prakash Garg,2022-07-05 08:07:49 +0200,2022-07-05 11:33:45 +0200,research,CC-BY-NC,https://www.inaturalist.org/observations/124848107,https://static.inaturalist.org/photos/211661772/medium.jpeg,,"","",2,0,false,,"Bangalore Urban, Karnataka, India",12.7518169103,77.5998962224,2,,,,2,,open,false,,,Tricolored Munia,Lonchura malacca,Capuchino Tricolor de la India,Aves,979790
125084358,5213b2d5-26f3-4212-8f37-6834c272e3f6,2022/01/15 3:08 PM,2022-01-15,2022-01-15 21:08:00 +0100,Eastern Time (US & Canada),3359010,hunter196,Hunter Groce,2022-07-06 23:36:15 +0200,2023-07-08 11:05:08 +0200,research,CC-BY-NC,https://www.inaturalist.org/observations/125084358,https://inaturalist-open-data.s3.amazonaws.com/photos/212088057/medium.jpeg,,"",,1,0,false,,"Belle Glade, FL, USA",26.7088348876,-80.7197000583,295,,,,295,,open,false,,,Tricolored Munia,Lonchura malacca,Capuchino Tricolor de la India,Aves,979790
125355327,9ac6cdd0-c097-4237-9b23-61a80d246cbc,2022-07-07 14:19:56,2022-07-07,2022-07-07 22:19:56 +0200,America/Tegucigalpa,4007396,ottoseydel,Otto Seydel,2022-07-08 22:41:47 +0200,2024-02-20 06:13:32 +0100,research,CC-BY-NC,https://www.inaturalist.org/observations/125355327,https://inaturalist-open-data.s3.amazonaws.com/photos/212806061/medium.jpeg,,"",,3,0,false,2,Aeropuerto Ramón Villeda Morales,15.4560327766,-87.9275355488,207,,,,207,,open,false,gps,gps,Tricolored Munia,Lonchura malacca,Capuchino Tricolor de la India,Aves,979790
126066931,afa65151-991f-4e57-99a7-c8a8c8140d37,2021/07/31 7:16 AM,2021-07-31,2021-07-31 03:46:00 +0200,New Delhi,1870339,premgarg,Prem Prakash Garg,2022-07-13 16:28:24 +0200,2024-02-20 06:13:31 +0100,research,CC-BY-NC,https://www.inaturalist.org/observations/126066931,https://static.inaturalist.org/photos/213859637/medium.jpg,,"",,7,0,false,,"Bengaluru, Karnataka, India",12.8190270373,77.5498655934,15,,,,15,,open,false,,,Tricolored Munia,Lonchura malacca,Capuchino Tricolor de la India,Aves,979790
126191548,0fc1f8db-3a08-4cb3-a6b6-df881d3d2705,2021-06-02 06:55:57,2021-06-02,2021-06-02 03:25:57 +0200,New Delhi,668311,afsarnayakkan,Afsar Nayakkan,2022-07-14 13:57:55 +0200,2024-05-20 19:17:40 +0200,research,CC-BY,https://www.inaturalist.org/observations/126191548,https://inaturalist-open-data.s3.amazonaws.com/photos/214088424/medium.jpeg,,"",,3,0,false,2,Kattampally,11.9446843155,75.3849381208,1860,,,,1860,,open,false,gps,gps,Tricolored Munia,Lonchura malacca,Capuchino Tricolor de la India,Aves,979790
126191570,71dc880a-7bc7-4413-911f-14921ea15c7c,2021-06-02 06:56:15,2021-06-02,2021-06-02 03:26:15 +0200,New Delhi,668311,afsarnayakkan,Afsar Nayakkan,2022-07-14 13:58:18 +0200,2024-05-20 19:17:40 +0200,research,CC-BY,https://www.inaturalist.org/observations/126191570,https://inaturalist-open-data.s3.amazonaws.com/photos/214088483/medium.jpeg,,"",,3,0,false,2,Kattampally,11.9446843155,75.3849381208,1858,,,,1858,,open,false,gps,gps,Tricolored Munia,Lonchura malacca,Capuchino Tricolor de la India,Aves,979790
126255832,00a7fabe-0171-40ab-83e8-7fb00b6af300,2022/06/03 9:47 PM,2022-06-03,2022-06-04 04:47:00 +0200,Bogota,4249833,thebirderboy,Alejandro Williams Viveros,2022-07-14 22:52:52 +0200,2024-02-20 06:13:30 +0100,research,CC-BY-NC,https://www.inaturalist.org/observations/126255832,https://inaturalist-open-data.s3.amazonaws.com/photos/214195499/medium.jpeg,,"",,4,0,false,,"La Tebaida, Quindio, Colombia",4.4197856778,-75.8104657954,13,,,,13,,open,false,,,Tricolored Munia,Lonchura malacca,Capuchino Tricolor de la India,Aves,979790
126349901,cf115e22-0fce-4d91-b991-e739ef8a1122,2022-07-15 15:38:48,2022-07-15,2022-07-15 11:38:48 +0200,Dhaka,3328432,sabarnisarker,Sabarni Sarker,2022-07-15 17:15:46 +0200,2026-03-01 21:48:51 +0100,research,CC0,https://www.inaturalist.org/observations/126349901,https://inaturalist-open-data.s3.amazonaws.com/photos/214371873/medium.jpeg,,"",,2,0,false,2,"Bil Barabaria, Bangladesh",24.4164258153,88.5879346356,174,,,,174,,open,false,gps,gps,Tricolored Munia,Lonchura malacca,Capuchino Tricolor de la India,Aves,979790
126447386,e71b9a3b-5d12-47b2-b8a6-3bb5d2ff1efa,2022/07/16 8:22 AM,2022-07-16,2022-07-16 04:52:00 +0200,New Delhi,3499217,shivaprakash,,2022-07-16 09:52:35 +0200,2024-02-20 06:13:29 +0100,research,CC-BY-NC,https://www.inaturalist.org/observations/126447386,https://inaturalist-open-data.s3.amazonaws.com/photos/214548008/medium.jpg,,"","",4,0,false,,"Arasinakere, Karnataka 570008, India",12.1504558338,76.5413457721,192,,,,192,,open,false,,,Tricolored Munia,Lonchura malacca,Capuchino Tricolor de la India,Aves,979790
126923461,b5c49d9d-f6c4-4455-8d4e-92ceb716ccbe,2021-11-28,2021-11-28,,New Delhi,5218906,mohua,mohua sinha,2022-07-19 08:35:09 +0200,2024-02-20 06:18:42 +0100,research,,https://www.inaturalist.org/observations/126923461,https://static.inaturalist.org/photos/215415607/medium.jpeg,,"",,3,0,false,2,Baidyabati Dvc Khal ( Bird Watching Area ),22.8041665805,88.3339234069,203,,,,203,,open,false,gps,gps,Tricolored Munia,Lonchura malacca,Capuchino Tricolor de la India,Aves,979790
126925682,51eae3ab-eb54-4644-998a-1167bf7255eb,2021-11-28,2021-11-28,,New Delhi,5218906,mohua,mohua sinha,2022-07-19 09:23:52 +0200,2022-07-19 11:12:28 +0200,research,,https://www.inaturalist.org/observations/126925682,https://static.inaturalist.org/photos/215419591/medium.jpeg,,"",,1,0,false,2,Baidyabati Dvc Khal ( Bird Watching Area ),22.8041665805,88.3339234069,203,,,,203,,open,false,gps,gps,Tricolored Munia,Lonchura malacca,Capuchino Tricolor de la India,Aves,979790
126933035,d27cf379-c8bf-49f8-abea-409ccb8259e4,2022/06/25 4:05 PM,2022-06-25,2022-06-25 12:35:00 +0200,New Delhi,6490,manojkmohan,Manoj Karingamadathil,2022-07-19 11:27:11 +0200,2024-02-20 06:18:42 +0100,research,CC-BY,https://www.inaturalist.org/observations/126933035,https://inaturalist-open-data.s3.amazonaws.com/photos/215431811/medium.jpeg,,"","",4,0,false,,"Mahe, Puducherry, India",12.0308183333,75.253685,,,,,,,open,false,,,Tricolored Munia,Lonchura malacca,Capuchino Tricolor de la India,Aves,979790
127067260,43f34e38-5294-4a28-bc1f-a80b0f19151d,2022-07-20 14:03:48,2022-07-20,2022-07-20 10:33:48 +0200,New Delhi,4468880,sreenivasan,"",2022-07-20 11:15:08 +0200,2024-02-20 06:13:23 +0100,research,CC-BY-NC,https://www.inaturalist.org/observations/127067260,https://inaturalist-open-data.s3.amazonaws.com/photos/215679733/medium.jpeg,,"",,4,0,false,2,Konnakuzhy,10.3021914753,76.4273843542,2359,,,,2359,,open,false,gps,gps,Tricolored Munia,Lonchura malacca,Capuchino Tricolor de la India,Aves,979790
127180994,ef2f4104-5538-491c-b49f-4869aa6d0fe7,2022-07-09,2022-07-09,,Bogota,5879602,favioandrez,Fabio Sanchez Sanchez Benavides,2022-07-21 05:35:53 +0200,2024-02-20 06:13:23 +0100,research,,https://www.inaturalist.org/observations/127180994,https://static.inaturalist.org/photos/215887823/medium.jpeg,,"",Capuchino ,2,0,false,2,"Montería, Córdoba, Colombia",8.8011789315,-75.8454046771,602,,,,602,,open,false,gps,gps,Tricolored Munia,Lonchura malacca,Capuchino Tricolor de la India,Aves,979790
127187211,05c630ef-e5c5-4ebf-bf72-9e95c47d587e,2022/07/19 5:08 PM,2022-07-19,2022-07-19 13:38:00 +0200,New Delhi,4417453,ambady_sasi,Ambady Sasi,2022-07-21 06:58:24 +0200,2024-03-14 14:34:22 +0100,research,,https://www.inaturalist.org/observations/127187211,https://static.inaturalist.org/photos/215898271/medium.jpg,,"",,6,0,false,,"Kottayam, Kerala, India",9.7510970934,76.4649122327,100,,,,100,,open,false,,,Tricolored Munia,Lonchura malacca,Capuchino Tricolor de la India,Aves,979790
127208347,a68283c5-c555-458a-a3f3-4cf35704bb05,2022-06-03 08:15:00,2022-06-03,2022-06-03 04:45:00 +0200,New Delhi,668311,afsarnayakkan,Afsar Nayakkan,2022-07-21 13:34:30 +0200,2024-05-20 19:17:40 +0200,research,CC-BY,https://www.inaturalist.org/observations/127208347,https://inaturalist-open-data.s3.amazonaws.com/photos/215936329/medium.jpeg,,"",,3,0,false,2,Kattampally,11.9446843155,75.3849381208,1858,,,,1858,,open,false,gps,gps,Tricolored Munia,Lonchura malacca,Capuchino Tricolor de la India,Aves,979790
127475631,9f9747b9-cc88-4a6d-81ce-62b23b9ef7e4,2022/07/23 9:19 AM,2022-07-23,2022-07-23 05:49:00 +0200,New Delhi,3818028,atanu_modak,Atanu Modak,2022-07-23 10:55:30 +0200,2024-02-20 06:13:13 +0100,research,,https://www.inaturalist.org/observations/127475631,https://static.inaturalist.org/photos/216421549/medium.jpeg,,"","",4,0,false,,"Newtown, Kolkata, West Bengal, India",22.6056562699,88.4580343512,61,,,,61,,open,false,,,Tricolored Munia,Lonchura malacca,Capuchino Tricolor de la India,Aves,979790
127534951,35ed1488-efba-4d16-8bf4-4bff4b56a63b,2015/07/12 8:11 AM,2015-07-12,2015-07-12 04:41:00 +0200,New Delhi,2060796,albadush,Al Badush,2022-07-23 19:19:38 +0200,2024-02-20 06:13:14 +0100,research,CC-BY-NC,https://www.inaturalist.org/observations/127534951,https://inaturalist-open-data.s3.amazonaws.com/photos/216523260/medium.jpeg,,"","",5,0,false,,"Mavelikara, Kerala, India",9.2505757,76.5400806,5696,,,,5696,,open,false,,,Tricolored Munia,Lonchura malacca,Capuchino Tricolor de la India,Aves,979790
127864033,12b888a1-7581-49f7-9bfa-88c7a0c03957,2022-07-25 11:40:16-05:00,2022-07-25,2022-07-25 18:40:16 +0200,Mexico City,1527666,laurabonillaruiz,Laura bonilla ruiz,2022-07-25 18:46:46 +0200,2022-07-26 03:00:44 +0200,research,,https://www.inaturalist.org/observations/127864033,https://static.inaturalist.org/photos/217122740/medium.jpg,,"","",2,0,false,3,"De la Laguna, Orizaba, VER, MX",18.8801216667,-97.1043778333,4,,,,4,,open,false,,,Tricolored Munia,Lonchura malacca,Capuchino Tricolor de la India,Aves,979790
128008197,23399ca5-fff4-4d59-ba00-ed1e5230b3ee,2022-07-22 13:19:32,2022-07-22,2022-07-22 09:49:32 +0200,New Delhi,638416,renju,renjus box,2022-07-26 17:58:57 +0200,2022-07-27 12:46:12 +0200,research,CC-BY,https://www.inaturalist.org/observations/128008197,https://inaturalist-open-data.s3.amazonaws.com/photos/217388482/medium.jpeg,,"",,3,0,false,2,Changaram Wetlands,9.7974362337,76.2889039144,263,,,,263,,open,false,gps,gps,Tricolored Munia,Lonchura malacca,Capuchino Tricolor de la India,Aves,979790
128256169,62d36c82-8407-4690-812b-ba905a5d6110,2020-10-30 08:12:18,2020-10-30,2020-10-30 03:42:18 +0100,New Delhi,5713783,manjunath8,Manjunath S,2022-07-28 07:37:00 +0200,2024-02-20 06:13:26 +0100,research,,https://www.inaturalist.org/observations/128256169,https://static.inaturalist.org/photos/217839910/medium.jpeg,,"",,6,0,false,2,"928X+Q43, Bugudanahalli, Karnataka 572107, India",13.3669156477,77.0478111506,1494,,,,1494,,open,false,gps,gps,Tricolored Munia,Lonchura malacca,Capuchino Tricolor de la India,Aves,979790
128265961,adc2493c-6fcf-4a98-ac78-736e63260c11,2022-06-25 18:14:11,2022-06-25,2022-06-25 14:44:11 +0200,New Delhi,5963587,prashanth9,Prashanth Pacchi,2022-07-28 10:36:56 +0200,2022-07-29 11:50:23 +0200,research,,https://www.inaturalist.org/observations/128265961,https://static.inaturalist.org/photos/217857862/medium.jpeg,,"",Tricolored munia,6,0,false,2,Chikkajala Fort,13.1743472449,77.6348189637,195,,,,195,,open,false,,,Tricolored Munia,Lonchura malacca,Capuchino Tricolor de la India,Aves,979790
128292072,cb708042-7b70-484d-a5e5-7abe3400b144,2022/07/27 8:07 AM,2022-07-27,2022-07-27 04:37:00 +0200,New Delhi,3499217,shivaprakash,,2022-07-28 15:36:29 +0200,2022-07-28 18:58:49 +0200,research,CC-BY-NC,https://www.inaturalist.org/observations/128292072,https://inaturalist-open-data.s3.amazonaws.com/photos/217902148/medium.jpg,,"","",4,0,false,,"Shanubhoganahalli Kere, Sindhuvalli, Karnataka, India",12.2132993036,76.6253000651,61,,,,61,,open,false,,,Tricolored Munia,Lonchura malacca,Capuchino Tricolor de la India,Aves,979790
128463470,d6a91c3f-d987-4eca-b825-461dc739cf02,2022-07-29 06:55:54+05:30,2022-07-29,2022-07-29 03:25:54 +0200,New Delhi,5956833,irregularren,,2022-07-29 17:47:10 +0200,2022-07-30 07:13:11 +0200,research,CC-BY-NC,https://www.inaturalist.org/observations/128463470,https://inaturalist-open-data.s3.amazonaws.com/photos/218209007/medium.jpg,,"","",4,0,false,3,"Kerala, IN",10.1803173269,76.3492834254,9135,,,,31208,obscured,open,true,,,Tricolored Munia,Lonchura malacca,Capuchino Tricolor de la India,Aves,979790
128481022,d1fde662-6d28-492f-ab9b-24221b3f8ed0,2022-07-29 08:24:15,2022-07-29,2022-07-29 15:24:15 +0200,Bogota,5279444,rojo_pajarero,Jerson Marín,2022-07-29 19:46:12 +0200,2022-07-29 21:44:23 +0200,research,CC-BY-NC,https://www.inaturalist.org/observations/128481022,https://inaturalist-open-data.s3.amazonaws.com/photos/218239438/medium.jpeg,,"",,1,0,false,2,"Rionegro, Antioquia, Colombia",6.1481221632,-75.4070626572,110,,,,110,,open,false,gps,gps,Tricolored Munia,Lonchura malacca,Capuchino Tricolor de la India,Aves,979790
128745210,568a17a6-6071-4dc8-8505-dcdfc0e1bc0f,2022-07-27 18:46:13+05:30,2022-07-27,2022-07-27 15:16:13 +0200,New Delhi,5789626,devda001,,2022-07-31 06:45:48 +0200,2022-08-01 06:11:34 +0200,research,CC-BY-NC,https://www.inaturalist.org/observations/128745210,https://inaturalist-open-data.s3.amazonaws.com/photos/218711714/medium.jpg,,"","",1,0,false,3,"Sarangpur, Ahmedabad, GJ, IN",23.0194392722,72.5953152379,3133,,,,3133,,open,false,,,Tricolored Munia,Lonchura malacca,Capuchino Tricolor de la India,Aves,979790
128759006,0e9d097b-4efc-4d28-9720-1a50f4c1b522,2022/07/31 7:42 AM,2022-07-31,2022-07-31 04:12:00 +0200,New Delhi,4552515,ritu2008,Ritu,2022-07-31 09:43:52 +0200,2022-07-31 12:48:02 +0200,research,CC-BY-NC,https://www.inaturalist.org/observations/128759006,https://inaturalist-open-data.s3.amazonaws.com/photos/218730093/medium.jpeg,,"","",2,0,false,,"Krishnagiri, Tamil Nadu, India",12.7717516667,77.8764866667,,,,,,,open,false,,,Tricolored Munia,Lonchura malacca,Capuchino Tricolor de la India,Aves,979790
129437852,446a8ef3-41c6-4422-a4cc-042b789547a3,2022/02/19 9:41 AM,2022-02-19,2022-02-19 05:11:00 +0100,New Delhi,2390378,lekhasusan,Lekha Jacob,2022-08-04 19:53:24 +0200,2022-08-08 19:00:27 +0200,research,,https://www.inaturalist.org/observations/129437852,https://static.inaturalist.org/photos/219964942/medium.jpeg,,"",,3,0,false,,"Pallom, Kerala, India",9.5387227,76.5112471,1546,,,,1546,,open,false,,,Tricolored Munia,Lonchura malacca,Capuchino Tricolor de la India,Aves,979790
130060733,f245a8c6-944a-4ba4-9639-2714602480de,2022-02-26 13:37:11,2022-02-26,2022-02-26 18:37:11 +0100,Puerto Rico,898866,shark_7,Eric Torres,2022-08-09 04:12:38 +0200,2025-10-15 23:38:23 +0200,research,,https://www.inaturalist.org/observations/130060733,https://static.inaturalist.org/photos/221123680/medium.jpeg,,"",,2,0,false,2,"Sabana Seca, Toa Baja, Puerto Rico",18.4519141885,-66.2420580536,795,,,,795,,open,false,gps,gps,Tricolored Munia,Lonchura malacca,Capuchino Tricolor de la India,Aves,979790
130123427,5b6f6a2c-8faa-4ea7-88e1-b89f4d8a7524,2021/03/23 5:11 PM,2021-03-23,2021-03-23 12:41:00 +0100,New Delhi,2390378,lekhasusan,Lekha Jacob,2022-08-09 18:09:39 +0200,2022-08-17 17:15:49 +0200,research,,https://www.inaturalist.org/observations/130123427,https://static.inaturalist.org/photos/221238531/medium.jpg,,"",,5,0,false,,"Eerayil Kadavu, Kottayam, Kerala, India",9.5856609,76.5292587,1072,,,,1072,,open,false,,,Tricolored Munia,Lonchura malacca,Capuchino Tricolor de la India,Aves,979790
130212209,eb6261db-6c43-486a-b161-fbd89f609879,2021/08/11 10:00 AM,2021-08-11,2021-08-11 06:30:00 +0200,New Delhi,3374590,suhasfuladi,Suhas Fuladi,2022-08-10 09:08:24 +0200,2023-04-10 18:57:51 +0200,research,CC-BY-NC,https://www.inaturalist.org/observations/130212209,https://inaturalist-open-data.s3.amazonaws.com/photos/221408599/medium.jpeg,,"","",4,0,false,,"Zari, Maharashtra 431505, India",19.3104866667,76.4289783333,,,,,,,open,false,,,Tricolored Munia,Lonchura malacca,Capuchino Tricolor de la India,Aves,979790
130222723,259b6d74-1307-4eb6-bbe7-88b472b6fb41,2022-07-24 08:46:06,2022-07-24,2022-07-24 05:16:06 +0200,New Delhi,668311,afsarnayakkan,Afsar Nayakkan,2022-08-10 12:24:10 +0200,2024-05-20 19:17:40 +0200,research,CC-BY,https://www.inaturalist.org/observations/130222723,https://inaturalist-open-data.s3.amazonaws.com/photos/221429394/medium.jpeg,,"",,1,0,false,2,Ezhome,12.0400924369,75.2974850312,9996437,,,,9996437,,open,false,gps,gps,Tricolored Munia,Lonchura malacca,Capuchino Tricolor de la India,Aves,979790
130222799,5563aa19-479c-4085-ba3a-d9880cc06009,2022-07-24 08:46:14,2022-07-24,2022-07-24 05:16:14 +0200,New Delhi,668311,afsarnayakkan,Afsar Nayakkan,2022-08-10 12:25:12 +0200,2024-05-20 19:17:40 +0200,research,CC-BY,https://www.inaturalist.org/observations/130222799,https://inaturalist-open-data.s3.amazonaws.com/photos/221429518/medium.jpeg,,"",,1,0,false,2,Ezhome,12.0400924369,75.2974850312,5493,,,,5493,,open,false,gps,gps,Tricolored Munia,Lonchura malacca,Capuchino Tricolor de la India,Aves,979790
130222855,38282016-484f-48e7-a857-7f6db516f5f1,2022-07-24 08:46:20,2022-07-24,2022-07-24 05:16:20 +0200,New Delhi,668311,afsarnayakkan,Afsar Nayakkan,2022-08-10 12:25:57 +0200,2024-05-20 19:17:40 +0200,research,CC-BY,https://www.inaturalist.org/observations/130222855,https://inaturalist-open-data.s3.amazonaws.com/photos/221429605/medium.jpeg,,"",,1,0,false,2,"27RW+2XQ Ezhome Agro River Sustainable, Ezhome, Kerala 670334, India",12.0400924369,75.2974850312,5500,,,,5500,,open,false,gps,gps,Tricolored Munia,Lonchura malacca,Capuchino Tricolor de la India,Aves,979790
130223590,b7f0f6e4-f8f8-4380-a25f-7a15eab44d13,2022-07-24 08:47:03,2022-07-24,2022-07-24 05:17:03 +0200,New Delhi,668311,afsarnayakkan,Afsar Nayakkan,2022-08-10 12:36:20 +0200,2024-05-20 19:17:40 +0200,research,CC-BY,https://www.inaturalist.org/observations/130223590,https://inaturalist-open-data.s3.amazonaws.com/photos/221430844/medium.jpeg,,"",,1,0,false,2,Ezhome,12.0400924369,75.2974850312,5493,,,,5493,,open,false,gps,gps,Tricolored Munia,Lonchura malacca,Capuchino Tricolor de la India,Aves,979790
130223625,4a2e9f6e-2e5f-467c-a6fe-f47a6ad9e2e7,2022-07-24 08:50:50,2022-07-24,2022-07-24 05:20:50 +0200,New Delhi,668311,afsarnayakkan,Afsar Nayakkan,2022-08-10 12:36:48 +0200,2024-05-20 19:17:40 +0200,research,CC-BY,https://www.inaturalist.org/observations/130223625,https://inaturalist-open-data.s3.amazonaws.com/photos/221430894/medium.jpeg,,"",,1,0,false,2,Ezhome,12.0400924369,75.2974850312,5493,,,,5493,,open,false,gps,gps,Tricolored Munia,Lonchura malacca,Capuchino Tricolor de la India,Aves,979790
130223686,3587629f-00c4-4ba9-b84c-53e6ef93f9d3,2022-07-24 08:51:07,2022-07-24,2022-07-24 05:21:07 +0200,New Delhi,668311,afsarnayakkan,Afsar Nayakkan,2022-08-10 12:38:07 +0200,2024-05-20 19:17:40 +0200,research,CC-BY,https://www.inaturalist.org/observations/130223686,https://inaturalist-open-data.s3.amazonaws.com/photos/221431079/medium.jpeg,,"",,1,0,false,2,"27RW+2XQ Ezhome Agro River Sustainable, Ezhome, Kerala 670334, India",12.0400924369,75.2974850312,5500,,,,5500,,open,false,gps,gps,Tricolored Munia,Lonchura malacca,Capuchino Tricolor de la India,Aves,979790
130224002,8c2ee8e1-fcbc-4480-a2e8-58d801e1c98f,2022-07-24 08:51:23,2022-07-24,2022-07-24 05:21:23 +0200,New Delhi,668311,afsarnayakkan,Afsar Nayakkan,2022-08-10 12:43:03 +0200,2024-05-20 19:17:40 +0200,research,CC-BY,https://www.inaturalist.org/observations/130224002,https://inaturalist-open-data.s3.amazonaws.com/photos/221431776/medium.jpeg,,"",,1,0,false,2,Ezhome,12.0400924369,75.2974850312,5493,,,,5493,,open,false,gps,gps,Tricolored Munia,Lonchura malacca,Capuchino Tricolor de la India,Aves,979790
130646751,766f7630-6811-4bea-a651-2c4ca4b89826,2022-08-13 17:42:40,2022-08-13,2022-08-13 14:12:40 +0200,New Delhi,2852333,elavarasan_mm,Elavarasan M,2022-08-13 18:30:23 +0200,2022-08-17 17:05:17 +0200,research,CC-BY-NC,https://www.inaturalist.org/observations/130646751,https://inaturalist-open-data.s3.amazonaws.com/photos/222214110/medium.jpeg,,"",,4,0,false,2,Marungoor,11.3230466183,79.2433527857,396,,,,396,,open,false,gps,gps,Tricolored Munia,Lonchura malacca,Capuchino Tricolor de la India,Aves,979790
130692515,bbefb1d8-ef9c-4fe6-8556-139b02cc0042,2022-08-13 07:43:10,2022-08-13,2022-08-13 14:43:10 +0200,Bogota,1033346,robinson-duque,Robin Duque-Osorio,2022-08-13 23:50:02 +0200,2022-10-01 19:50:00 +0200,research,CC-BY-NC,https://www.inaturalist.org/observations/130692515,https://inaturalist-open-data.s3.amazonaws.com/photos/222295000/medium.jpeg,,"",,2,0,false,2,"Aipe, CO-HU, CO",3.1596270923,-75.3289453313,9,,,,9,,open,false,gps,gps,Tricolored Munia,Lonchura malacca,Capuchino Tricolor de la India,Aves,979790
130746619,85056396-2823-4e53-b463-59d122d7337b,2022/08/14 10:29 AM,2022-08-14,2022-08-14 06:59:00 +0200,New Delhi,4552515,ritu2008,Ritu,2022-08-14 09:32:52 +0200,2022-08-17 21:54:53 +0200,research,CC-BY-NC,https://www.inaturalist.org/observations/130746619,https://inaturalist-open-data.s3.amazonaws.com/photos/222399860/medium.jpeg,,"","",6,0,false,,"Krishnagiri, Tamil Nadu, India",12.67796,77.926695,,,,,,,open,false,,,Tricolored Munia,Lonchura malacca,Capuchino Tricolor de la India,Aves,979790
130932959,ed0f54d9-388d-4812-81ba-b6c0c15a445e,2022-08-15 05:38:58,2022-08-15,2022-08-15 02:08:58 +0200,New Delhi,1375591,thenatureaffair,Ramu Alluri,2022-08-15 15:55:32 +0200,2022-08-17 17:21:43 +0200,research,,https://www.inaturalist.org/observations/130932959,https://static.inaturalist.org/photos/222740911/medium.jpeg,,"",,5,0,false,2,Bhimavaram,16.5448908477,81.5212409198,4393,,,,4393,,open,false,gps,gps,Tricolored Munia,Lonchura malacca,Capuchino Tricolor de la India,Aves,979790
130936576,712f8b37-7320-4e84-9648-0af12c61e066,2022-08-14 06:22:04,2022-08-14,2022-08-14 02:52:04 +0200,New Delhi,2852333,elavarasan_mm,Elavarasan M,2022-08-15 16:27:22 +0200,2022-08-17 17:18:07 +0200,research,CC-BY-NC,https://www.inaturalist.org/observations/130936576,https://inaturalist-open-data.s3.amazonaws.com/photos/222747328/medium.jpeg,,"",,5,0,false,2,Marungoor,11.3230466183,79.2433527857,396,,,,396,,open,false,gps,gps,Tricolored Munia,Lonchura malacca,Capuchino Tricolor de la India,Aves,979790
131037146,89be95bd-3ab5-4005-9d4d-4fb63b04a6b3,2022/08/16 9:10 AM,2022-08-16,2022-08-16 05:40:00 +0200,New Delhi,448435,balanpnb,BALACHANDRAN V,2022-08-16 07:58:48 +0200,2022-08-17 16:49:26 +0200,research,CC-BY-NC,https://www.inaturalist.org/observations/131037146,https://inaturalist-open-data.s3.amazonaws.com/photos/222935576/medium.jpg,,"",,4,0,false,,"Aakkulam, Thiruvananthapuram, Kerala, India",8.5331922312,76.9048294552,61,,,,61,,open,false,,,Tricolored Munia,Lonchura malacca,Capuchino Tricolor de la India,Aves,979790
131037148,1f46f594-2dac-424f-ad2e-6f98d5ae357d,2022/08/16 9:10 AM,2022-08-16,2022-08-16 05:40:00 +0200,New Delhi,448435,balanpnb,BALACHANDRAN V,2022-08-16 07:58:49 +0200,2022-08-17 16:49:25 +0200,research,CC-BY-NC,https://www.inaturalist.org/observations/131037148,https://inaturalist-open-data.s3.amazonaws.com/photos/222935602/medium.jpg,,"",,4,0,false,,"Aakkulam, Thiruvananthapuram, Kerala, India",8.5331832351,76.9048509128,4,,,,4,,open,false,,,Tricolored Munia,Lonchura malacca,Capuchino Tricolor de la India,Aves,979790
131229827,ccfbffa4-a389-4957-88fb-9c74c47c3478,2022/02/19 9:21 AM,2022-02-19,2022-02-19 04:51:00 +0100,New Delhi,2390378,lekhasusan,Lekha Jacob,2022-08-17 20:08:11 +0200,2022-08-18 10:53:46 +0200,research,,https://www.inaturalist.org/observations/131229827,https://static.inaturalist.org/photos/223290099/medium.jpeg,,"",,4,0,false,,"Karapuzha, Kottayam, Kerala, India",9.5766511718,76.5105750052,3906,,,,3906,,open,false,,,Tricolored Munia,Lonchura malacca,Capuchino Tricolor de la India,Aves,979790
131230585,84df4105-7593-4f26-81ae-2e289c72f238,2022/02/19 9:42 AM,2022-02-19,2022-02-19 05:12:00 +0100,New Delhi,2390378,lekhasusan,Lekha Jacob,2022-08-17 20:14:12 +0200,2022-08-18 10:53:43 +0200,research,,https://www.inaturalist.org/observations/131230585,https://static.inaturalist.org/photos/223290855/medium.jpeg,,"",juvenile,3,0,false,,"Pallom, Kerala, India",9.5381013789,76.5106711899,122,,,,122,,open,false,,,Tricolored Munia,Lonchura malacca,Capuchino Tricolor de la India,Aves,979790
131586842,96c10330-fdf1-474e-9d02-fb54619b41ad,2022/08/17 10:51 AM,2022-08-17,2022-08-17 07:21:00 +0200,Sri Jayawardenepura,8828,nuwan,Nuwan Chathuranga,2022-08-20 16:55:54 +0200,2022-08-21 18:09:08 +0200,research,CC-BY-NC,https://www.inaturalist.org/observations/131586842,https://static.inaturalist.org/photos/223952145/medium.jpeg,,"",,3,0,false,,"Nuwara Eliya, Sri Lanka",6.8024726959,80.8070364633,2164,,,,2164,,open,false,,,Tricolored Munia,Lonchura malacca,Capuchino Tricolor de la India,Aves,979790
131704343,8d9c6794-5d93-4aaa-8c23-47c8e6967e50,2022/08/14,2022-08-14,,New Delhi,5187448,ritesh_photography,Ritesh,2022-08-21 11:16:49 +0200,2022-08-22 07:51:42 +0200,research,CC-BY-NC,https://www.inaturalist.org/observations/131704343,https://inaturalist-open-data.s3.amazonaws.com/photos/224164330/medium.jpeg,,"","",2,0,false,,"Krishnagiri, Tamil Nadu, India",12.6986335346,77.9111480713,2573,,,,2573,,open,false,,,Tricolored Munia,Lonchura malacca,Capuchino Tricolor de la India,Aves,979790
131720796,ae081831-7a72-4778-96cb-d6d91233c200,2022-08-14 06:22:24,2022-08-14,2022-08-14 02:52:24 +0200,New Delhi,2852333,elavarasan_mm,Elavarasan M,2022-08-21 14:43:17 +0200,2022-08-22 07:38:06 +0200,research,CC-BY-NC,https://www.inaturalist.org/observations/131720796,https://inaturalist-open-data.s3.amazonaws.com/photos/224202637/medium.jpeg,,"",,5,0,false,2,Marungoor,11.3230466183,79.2433527857,396,,,,396,,open,false,gps,gps,Tricolored Munia,Lonchura malacca,Capuchino Tricolor de la India,Aves,979790
131979687,15ac9f9c-50d8-4c2b-b994-25fe55a8f0c5,2022-08-13 17:41:15,2022-08-13,2022-08-13 14:11:15 +0200,New Delhi,2852333,elavarasan_mm,Elavarasan M,2022-08-23 08:23:06 +0200,2024-08-10 11:11:12 +0200,research,CC-BY-NC,https://www.inaturalist.org/observations/131979687,https://inaturalist-open-data.s3.amazonaws.com/photos/224686841/medium.jpeg,,"",,4,0,false,2,Marungoor,11.3230466183,79.2433527857,396,,,,396,,open,false,gps,gps,Tricolored Munia,Lonchura malacca,Capuchino Tricolor de la India,Aves,979790
132595757,2541f486-d2f5-43a9-a035-1089075305d9,2022/08/23 8:10 AM,2022-08-23,2022-08-23 15:10:00 +0200,Bogota,3453110,edwinmunera,Edwin Múnera Chavarría,2022-08-28 17:17:37 +0200,2022-09-19 20:14:57 +0200,research,CC-BY-NC,https://www.inaturalist.org/observations/132595757,https://inaturalist-open-data.s3.amazonaws.com/photos/225799344/medium.jpeg,,"","",2,0,false,,"Calle Vieja, Bello, Antioquia, Colombia",6.3277033333,-75.5495133333,,,,,,,open,false,,,Tricolored Munia,Lonchura malacca,Capuchino Tricolor de la India,Aves,979790
133204613,94378134-a096-468b-a91d-929beee00e4e,2018/08/12 7:15 PM,2018-08-12,2018-08-12 15:45:00 +0200,New Delhi,2545734,arochaportugal,A Rocha Portugal,2022-09-01 15:53:22 +0200,2024-02-20 06:12:39 +0100,research,CC-BY-NC,https://www.inaturalist.org/observations/133204613,https://inaturalist-open-data.s3.amazonaws.com/photos/226857710/medium.jpeg,,"",Foto: Isabel Cunha Soares,5,0,false,,"Navelim, Goa, Índia",15.5155667939,73.8927051771,244,,,,244,,open,false,,,Tricolored Munia,Lonchura malacca,Capuchino Tricolor de la India,Aves,979790
133728889,4dbf7bef-3e06-49e5-b922-b2ad450e6066,2012-11-29 11:39:03,2012-11-29,2012-11-29 07:09:03 +0100,New Delhi,811913,abcdefgewing,abcdefgewing,2022-09-05 07:46:13 +0200,2024-02-20 06:12:20 +0100,research,CC-BY-NC,https://www.inaturalist.org/observations/133728889,https://static.inaturalist.org/photos/227831265/medium.jpg,,"estrilidae, Tricolored Munias (Lonchura malacca), Vembanad Lake, India 11/30/12","",4,0,false,,Lake Vembanad,9.628163,76.42592,799,,,,799,,open,false,,manual,Tricolored Munia,Lonchura malacca,Capuchino Tricolor de la India,Aves,979790
134706212,049c9c1f-e617-4130-a610-0a3429ac153c,2022-09-12 13:46:22,2022-09-12,2022-09-12 10:16:22 +0200,Sri Jayawardenepura,6134236,ddea,Dhilip de Alwis,2022-09-12 10:17:04 +0200,2024-02-20 06:12:18 +0100,research,CC-BY-NC,https://www.inaturalist.org/observations/134706212,https://inaturalist-open-data.s3.amazonaws.com/photos/230003425/medium.jpeg,,"",,2,0,false,2,"Kashyapagama, Habarana, Sri Lanka",8.026859,80.7506016,20,,,,20,,open,false,,,Tricolored Munia,Lonchura malacca,Capuchino Tricolor de la India,Aves,979790
134846384,c7bfee62-d028-46e0-b9d7-ba2a969aa312,2017/10/06 3:07 PM,2017-10-06,2017-10-06 11:37:00 +0200,New Delhi,3911242,sathya7,Sathya Narayanan Sridhar,2022-09-13 13:55:02 +0200,2024-02-20 06:12:17 +0100,research,,https://www.inaturalist.org/observations/134846384,https://static.inaturalist.org/photos/229918346/medium.jpg,,"",,5,0,false,,"Chennai, Tamil Nadu, India",13.0826802,80.2707184,21079,,,,21079,,open,false,,,Tricolored Munia,Lonchura malacca,Capuchino Tricolor de la India,Aves,979790
134978625,3c016d31-d37b-4167-8b45-79b0c62503ab,2019/01/18 7:27 AM,2019-01-18,2019-01-18 02:57:00 +0100,New Delhi,6119903,mullanpur-birds-butterflies,Dr Harmeet Singh,2022-09-14 15:13:19 +0200,2024-02-20 06:12:16 +0100,research,CC-BY-NC,https://www.inaturalist.org/observations/134978625,https://inaturalist-open-data.s3.amazonaws.com/photos/230164849/medium.jpeg,,tricolor munia,,5,0,false,,"Sahibzada Ajit Singh Nagar, Punjab, India",30.8896971055,76.6717968377,122,,,,122,,open,false,,,Tricolored Munia,Lonchura malacca,Capuchino Tricolor de la India,Aves,979790
135707227,5fd745f3-0d5a-4b7d-9aa0-201a3ac36d04,2022/09/04 7:34 AM,2022-09-04,2022-09-04 14:34:00 +0200,America/Merida,4151959,milohongo76,Ermilo López-Cobá,2022-09-19 22:35:41 +0200,2024-02-20 06:12:22 +0100,research,CC-BY-NC,https://www.inaturalist.org/observations/135707227,https://inaturalist-open-data.s3.amazonaws.com/photos/231488237/medium.jpeg,,"","",2,0,false,,"Tizimín, Yuc., México",21.4514490177,-87.9977208421,1509,,,,1509,,open,false,,,Tricolored Munia,Lonchura malacca,Capuchino Tricolor de la India,Aves,979790
135720918,2b87668c-1783-4915-8540-60b1971d0762,2022/08/20 11:42 AM,2022-08-20,2022-08-20 18:42:00 +0200,America/Merida,100132,angel_castillo_birdingtours,"",2022-09-20 00:49:51 +0200,2024-02-20 06:12:10 +0100,research,CC-BY-NC,https://www.inaturalist.org/observations/135720918,https://inaturalist-open-data.s3.amazonaws.com/photos/231524614/medium.jpeg,,"","",2,0,false,,"Tizimín, Yuc., México",21.393928112,-87.7206667755,122,,,,122,,open,false,,,Tricolored Munia,Lonchura malacca,Capuchino Tricolor de la India,Aves,979790
135720920,5aaca196-fc1e-4688-af9a-4a74b09f92d5,2022/08/20 11:42 AM,2022-08-20,2022-08-20 18:42:00 +0200,America/Merida,100132,angel_castillo_birdingtours,"",2022-09-20 00:49:51 +0200,2024-02-20 06:12:10 +0100,research,CC-BY-NC,https://www.inaturalist.org/observations/135720920,https://inaturalist-open-data.s3.amazonaws.com/photos/231524642/medium.jpeg,,"","",2,0,false,,"Tizimín, Yuc., México",21.39337144,-87.7212233902,8,,,,8,,open,false,,,Tricolored Munia,Lonchura malacca,Capuchino Tricolor de la India,Aves,979790
135720921,05484574-b76d-4ad2-9375-336f298a2541,2022/08/20 11:42 AM,2022-08-20,2022-08-20 18:42:00 +0200,America/Merida,100132,angel_castillo_birdingtours,"",2022-09-20 00:49:52 +0200,2024-02-20 06:12:09 +0100,research,CC-BY-NC,https://www.inaturalist.org/observations/135720921,https://inaturalist-open-data.s3.amazonaws.com/photos/231524666/medium.jpeg,,"","",3,0,false,,"Tizimín, Yuc., México",21.3938409503,-87.7202899815,15,,,,15,,open,false,,,Tricolored Munia,Lonchura malacca,Capuchino Tricolor de la India,Aves,979790
135759303,e6fa4ddd-413d-4f7a-aed5-82d2f51fe357,2022-09-18 15:17:11,2022-09-18,2022-09-18 11:47:11 +0200,New Delhi,5218906,mohua,mohua sinha,2022-09-20 09:04:34 +0200,2024-02-20 06:12:08 +0100,research,,https://www.inaturalist.org/observations/135759303,https://static.inaturalist.org/photos/231601321/medium.jpeg,,"",,2,0,false,2,Rajarhat,22.6238169952,88.4409800917,6216,,,,6216,,open,false,gps,gps,Tricolored Munia,Lonchura malacca,Capuchino Tricolor de la India,Aves,979790
136040837,f4a24c45-fccc-4704-bc6c-0116ea4ada54,2022/09/15 8:12 AM,2022-09-15,2022-09-15 14:12:00 +0200,America/Santo_Domingo,829645,araujojulius,Julio Araujo,2022-09-22 16:49:28 +0200,2025-07-18 01:37:35 +0200,research,CC-BY-NC,https://www.inaturalist.org/observations/136040837,https://inaturalist-open-data.s3.amazonaws.com/photos/232115013/medium.jpg,,"",,4,0,false,,"Villa Riva, República Dominicana",19.1485652002,-69.839456936,5,,,,5,,open,false,,,Monjita Tricolor,Lonchura malacca,Capuchino Tricolor de la India,Aves,979790
136111943,5be733c2-19cb-4089-8b24-e234dc6e5fa6,2021-11-18,2021-11-18,,New Delhi,6160541,inat5jayita,,2022-09-23 03:49:04 +0200,2024-02-20 06:12:06 +0100,research,CC-BY-NC,https://www.inaturalist.org/observations/136111943,https://inaturalist-open-data.s3.amazonaws.com/photos/232251839/medium.jpeg,,"",,3,0,false,2,Rajarhat Newtown,22.5785770539,88.4718519822,8033,,,,8033,,open,false,,,Tricolored Munia,Lonchura malacca,Capuchino Tricolor de la India,Aves,979790
136250378,4a622eb9-efcc-458a-90cc-761f59be78e9,2022/09/17 9:47 AM,2022-09-17,2022-09-17 06:17:00 +0200,New Delhi,3499217,shivaprakash,,2022-09-24 10:18:49 +0200,2022-09-24 15:39:29 +0200,research,CC-BY-NC,https://www.inaturalist.org/observations/136250378,https://inaturalist-open-data.s3.amazonaws.com/photos/232510633/medium.jpg,,"","",2,0,false,,"Malleshwara Gudda, Karnataka 571189, India",12.1677883574,76.4554774956,1047,,,,1047,,open,false,,,Tricolored Munia,Lonchura malacca,Capuchino Tricolor de la India,Aves,979790
136314303,d7db6efb-163b-47e2-998c-9a7f8c6e0a53,2022-09-24 13:30:25,2022-09-24,2022-09-24 20:30:25 +0200,Bogota,1670154,juliocesarpiedra,Julio Cesar Piedra,2022-09-24 20:34:23 +0200,2024-02-20 06:12:14 +0100,research,,https://www.inaturalist.org/observations/136314303,https://static.inaturalist.org/photos/232623522/medium.jpeg,,"","La comunidad manifiesta que están reproduciéndose masivamente en Anapoima, Cundinamarca, Colombia y son originarias de Asia. Según algunos campesinos han afectado cultivos de arroz. ",2,0,false,2,"Anapoima, Cundinamarca, Colombia",4.5484398845,-74.5355844498,220,,,,220,,open,false,gps,gps,Tricolored Munia,Lonchura malacca,Capuchino Tricolor de la India,Aves,979790
136751175,aafb79ba-351a-4ef9-ad26-1baa08adf9bb,2022-09-27 19:38:32-04:00,2022-09-27,2022-09-28 01:38:32 +0200,America/Santo_Domingo,5026839,freddy126,Freddy Polanco,2022-09-28 01:39:58 +0200,2024-02-06 14:11:47 +0100,research,,https://www.inaturalist.org/observations/136751175,https://static.inaturalist.org/photos/233440142/medium.jpg,,"","",3,0,false,3,"La Española, Monte Plata, Monte Plata, DO",18.7812136616,-69.8548323496,2043,,,,2043,,open,false,,,Capuchino Tricolor,Lonchura malacca,Capuchino Tricolor de la India,Aves,979790
136788598,3a95eaee-0c3f-47ef-b3cb-45913f9d1af9,2020-12-21 08:21:28,2020-12-21,2020-12-21 03:51:28 +0100,New Delhi,2882771,deepthisunjith,Deepthi sunjith,2022-09-28 12:57:29 +0200,2024-02-20 06:12:52 +0100,research,,https://www.inaturalist.org/observations/136788598,https://static.inaturalist.org/photos/233511932/medium.jpeg,,"",,3,0,false,2,Kattampally,11.9447226935,75.3849381208,1858,,,,1858,,open,false,gps,gps,Tricolored Munia,Lonchura malacca,Capuchino Tricolor de la India,Aves,979790
137245061,9cbcc480-9f56-427d-9ff3-f3d70c86983c,2022-10-02 09:06:06,2022-10-02,2022-10-02 05:36:06 +0200,New Delhi,1870339,premgarg,Prem Prakash Garg,2022-10-02 07:53:30 +0200,2024-02-20 06:12:57 +0100,research,CC-BY-NC,https://www.inaturalist.org/observations/137245061,https://static.inaturalist.org/photos/234364027/medium.jpeg,,"",,2,0,false,2,"Ragihalli State Forest, Karnataka, India",12.7631266667,77.5983566667,,,,,,,open,false,gps,gps,Tricolored Munia,Lonchura malacca,Capuchino Tricolor de la India,Aves,979790
137423629,22c2b96a-caeb-41a0-9318-d7e12dcb3625,2022-09-30 15:13:32,2022-09-30,2022-09-30 11:43:32 +0200,New Delhi,5218906,mohua,mohua sinha,2022-10-03 17:54:25 +0200,2024-02-20 06:12:50 +0100,research,,https://www.inaturalist.org/observations/137423629,https://static.inaturalist.org/photos/234705581/medium.jpeg,,"",,5,0,false,2,Halisahar,22.9296050482,88.4249076247,3868,,,,3868,,open,false,gps,gps,Tricolored Munia,Lonchura malacca,Capuchino Tricolor de la India,Aves,979790
137442501,c203ae50-5c4f-4f2a-8c2c-6e5d57cf87c7,2020-10-02 20:56:30,2020-10-02,2020-10-02 17:26:30 +0200,New Delhi,5648009,smitha_pai,smitha pai,2022-10-03 20:35:04 +0200,2024-02-20 06:12:46 +0100,research,,https://www.inaturalist.org/observations/137442501,https://static.inaturalist.org/photos/234738926/medium.jpeg,,"",,4,0,false,2,HD Kote,12.08796396,76.3318889961,997,,,,997,,open,false,gps,gps,Tricolored Munia,Lonchura malacca,Capuchino Tricolor de la India,Aves,979790
137625769,4f1f687a-c10c-4188-928b-ccbd4201e174,2022-10-01 15:40:54,2022-10-01,2022-10-01 12:10:54 +0200,New Delhi,5272857,ravindra4,Ravindra salkatte,2022-10-05 14:25:19 +0200,2024-02-20 06:12:44 +0100,research,,https://www.inaturalist.org/observations/137625769,https://static.inaturalist.org/photos/235087754/medium.jpeg,,"",,4,0,false,2,Hadinaru PHC,12.1800913642,76.7419524863,227,,,,227,,open,false,gps,gps,Tricolored Munia,Lonchura malacca,Capuchino Tricolor de la India,Aves,979790
137847634,6af8c877-5656-4abf-aa87-ea3304c882c4,2022-09-07 07:58:52,2022-09-07,2022-09-07 04:28:52 +0200,New Delhi,668311,afsarnayakkan,Afsar Nayakkan,2022-10-07 13:31:23 +0200,2024-05-20 19:17:40 +0200,research,CC-BY,https://www.inaturalist.org/observations/137847634,https://inaturalist-open-data.s3.amazonaws.com/photos/235502067/medium.jpeg,,"",,2,0,false,2,Kattampally,11.9446843155,75.3849381208,1858,,,,1858,,open,false,gps,gps,Tricolored Munia,Lonchura malacca,Capuchino Tricolor de la India,Aves,979790
137847677,63daccbd-8813-41c7-993b-636ab9375a3d,2022-09-07 08:15:05,2022-09-07,2022-09-07 04:45:05 +0200,New Delhi,668311,afsarnayakkan,Afsar Nayakkan,2022-10-07 13:32:19 +0200,2024-05-20 19:17:40 +0200,research,CC-BY,https://www.inaturalist.org/observations/137847677,https://inaturalist-open-data.s3.amazonaws.com/photos/235502151/medium.jpeg,,"",,2,0,false,2,Kattampally,11.9446843155,75.3849381208,1858,,,,1858,,open,false,gps,gps,Tricolored Munia,Lonchura malacca,Capuchino Tricolor de la India,Aves,979790
137955538,12b93340-0234-4967-b9ec-db7f2db9eaec,2022-10-07 15:17:00+05:30,2022-10-07,2022-10-07 11:47:00 +0200,New Delhi,5485421,chandan4tripathi,,2022-10-08 11:48:59 +0200,2024-02-20 06:12:45 +0100,research,CC-BY-NC,https://www.inaturalist.org/observations/137955538,https://inaturalist-open-data.s3.amazonaws.com/photos/238079204/medium.jpg,,"","",3,0,false,3,"Khapri Tank Reservoir, Balod, CT, IN",21.0118673668,81.3657130872,1134,,,,1134,,open,false,,,Tricolored Munia,Lonchura malacca,Capuchino Tricolor de la India,Aves,979790
138060244,52960df1-b274-4455-98ad-d05a815e6efa,2022-10-08 19:17:07-06:00,2022-10-08,2022-10-09 03:17:07 +0200,America/Belize,544513,kevlinmar,Kevlin,2022-10-09 03:18:48 +0200,2022-10-09 21:44:28 +0200,research,,https://www.inaturalist.org/observations/138060244,https://static.inaturalist.org/photos/235900224/medium.jpg,,"","",2,0,false,3,"Corozal, BZ",18.2854941768,-88.4728678296,415,,,,415,,open,false,,,Tricolored Munia,Lonchura malacca,Capuchino Tricolor de la India,Aves,979790
138128830,8a352f25-afdd-4d01-935b-3046111a49d4,2017/07/14 1:42 AM,2017-07-14,2017-07-13 22:12:00 +0200,Sri Jayawardenepura,1378773,johngibson139,John Kenrick Gibson,2022-10-09 17:48:12 +0200,2023-07-08 11:52:06 +0200,research,CC0,https://www.inaturalist.org/observations/138128830,https://inaturalist-open-data.s3.amazonaws.com/photos/236030978/medium.jpeg,,"","",2,0,false,,"Moneragala, Sri Lanka",6.43927503,80.9408204774,61,,,,61,,open,false,,,Tricolored Munia,Lonchura malacca,Capuchino Tricolor de la India,Aves,979790
139101857,0f07bc63-e240-496a-93eb-dc17bc8af754,2016-11-20 13:31:55,2016-11-20,2016-11-20 09:01:55 +0100,New Delhi,1368715,rmenon,Ranjeet Menon,2022-10-17 13:02:45 +0200,2024-02-20 06:11:55 +0100,research,CC-BY-NC-ND,https://www.inaturalist.org/observations/139101857,https://inaturalist-open-data.s3.amazonaws.com/photos/237853720/medium.jpeg,,"",,5,0,false,2,Kowdenahalli Lake And Park,13.0142866496,77.6833236963,2703477,,,,2703477,,open,false,gps,gps,Tricolored Munia,Lonchura malacca,Capuchino Tricolor de la India,Aves,979790
139113080,99ce8c0a-e751-4a82-a23e-be002bca5172,2022-10-16 16:52:20,2022-10-16,2022-10-16 13:22:20 +0200,New Delhi,440891,ferminjose,Fermin Jose,2022-10-17 15:45:26 +0200,2024-02-20 06:11:54 +0100,research,,https://www.inaturalist.org/observations/139113080,https://static.inaturalist.org/photos/237875843/medium.jpeg,,"",,5,0,false,2,"Taloja, Navi Mumbai, Maharashtra, India",19.0559133531,73.0863463506,521,,,,521,,open,false,gps,gps,Tricolored Munia,Lonchura malacca,Capuchino Tricolor de la India,Aves,979790
139507066,e7ac2008-c494-45ca-9cb3-3fea9d24025a,2022/10/13 11:37 AM,2022-10-13,2022-10-13 08:07:00 +0200,New Delhi,2119456,udayagashe,Uday Agashe,2022-10-21 10:55:05 +0200,2024-02-20 06:11:58 +0100,research,CC-BY-NC,https://www.inaturalist.org/observations/139507066,https://inaturalist-open-data.s3.amazonaws.com/photos/238624474/medium.jpg,,"Gujarat, Location, Nal Sarovar",,3,0,false,,"Bavla, Gujarat, India",22.8196559673,72.2982097482,17974,,,,17974,,open,false,,,Tricolored Munia,Lonchura malacca,Capuchino Tricolor de la India,Aves,979790
139507126,8bcd1ff7-e8f3-471e-b44d-27b78caaa723,2022/10/13 6:29 PM,2022-10-13,2022-10-13 14:59:00 +0200,New Delhi,2119456,udayagashe,Uday Agashe,2022-10-21 10:55:20 +0200,2022-12-01 04:17:09 +0100,research,CC-BY-NC,https://www.inaturalist.org/observations/139507126,https://inaturalist-open-data.s3.amazonaws.com/photos/238624663/medium.jpg,,"Gujarat, Location, Nal Sarovar",,2,0,false,,"Bavla, Gujarat, India",22.8196559673,72.2982097482,17974,,,,17974,,open,false,,,Tricolored Munia,Lonchura malacca,Capuchino Tricolor de la India,Aves,979790
139542438,4507438b-53d3-4931-822d-05f9df78c10b,2022/10/21 4:33 AM,2022-10-21,2022-10-21 01:03:00 +0200,New Delhi,4060107,aditya_panigrahy,ADITYA PANIGRAHY,2022-10-21 19:31:24 +0200,2024-02-20 06:12:00 +0100,research,,https://www.inaturalist.org/observations/139542438,https://static.inaturalist.org/photos/238689947/medium.jpeg,,"",,4,0,false,,"Panguru, Andhra Pradesh, India",13.7496659629,79.5998682339,365,,,,365,,open,false,,,Tricolored Munia,Lonchura malacca,Capuchino Tricolor de la India,Aves,979790
139738228,8ca8ffde-7982-451f-b4e3-7d87a3e47bec,2022-10-22 12:34:59,2022-10-22,2022-10-22 18:34:59 +0200,America/Port_of_Spain,3520471,anja169,Anja Williams,2022-10-23 14:23:26 +0200,2024-02-20 04:54:06 +0100,research,CC-BY-NC,https://www.inaturalist.org/observations/139738228,https://inaturalist-open-data.s3.amazonaws.com/photos/239065608/medium.jpeg,,"",,1,0,false,2,,10.1799479053,-61.5058804673,222,,,,31208,obscured,open,true,gps,gps,Tricolored Munia,Lonchura malacca,Capuchino Tricolor de la India,Aves,979790
139789211,172cb704-a13b-42cc-97fc-151cdf16936c,2022-10-23 11:28:01,2022-10-23,2022-10-23 19:28:01 +0200,America/Tegucigalpa,5951336,pandecoco,Noam Hernández Pagany,2022-10-23 22:05:06 +0200,2024-03-20 17:02:15 +0100,research,CC-BY-NC,https://www.inaturalist.org/observations/139789211,https://inaturalist-open-data.s3.amazonaws.com/photos/239162502/medium.jpeg,,"",,4,0,false,2,nueva murcia,15.0444945496,-87.9659457877,286,,,,286,,open,false,gps,gps,Tricolored Munia,Lonchura malacca,Capuchino Tricolor de la India,Aves,979790
139900974,3aa3ce32-aabc-4c9d-ae24-2c469a9bc268,2022/09/16 6:08 AM,2022-09-16,2022-09-16 12:08:00 +0200,America/Port_of_Spain,886680,markhulme,Mark Hulme,2022-10-24 22:24:05 +0200,2022-10-24 22:55:58 +0200,research,CC-BY-NC,https://www.inaturalist.org/observations/139900974,https://inaturalist-open-data.s3.amazonaws.com/photos/239376099/medium.jpeg,,"","",1,0,false,,"Warren, Trinidad and Tobago",10.5865809875,-61.3921441101,84,,,,84,,open,false,,,Tricolored Munia,Lonchura malacca,Capuchino Tricolor de la India,Aves,979790
139937833,7add9090-ee13-4197-bf7d-7bb1c0f440f6,2022/10/25 7:30 AM,2022-10-25,2022-10-25 04:00:00 +0200,New Delhi,34585,subhajit_roy,Subhajit Roy,2022-10-25 06:46:40 +0200,2022-11-30 07:33:47 +0100,research,CC-BY,https://www.inaturalist.org/observations/139937833,https://inaturalist-open-data.s3.amazonaws.com/photos/239449856/medium.jpeg,,"","",2,0,false,,Andal,23.591707,87.227317,,,,,,,open,false,,,Lonchura malacca,Lonchura malacca,Capuchino Tricolor de la India,Aves,979790
140151594,e3431ba3-d7ac-4597-82e3-fa46d7a55632,2022-09-27 08:19:55,2022-09-27,2022-09-27 04:49:55 +0200,New Delhi,668311,afsarnayakkan,Afsar Nayakkan,2022-10-27 15:53:54 +0200,2024-05-20 19:17:40 +0200,research,CC-BY,https://www.inaturalist.org/observations/140151594,https://inaturalist-open-data.s3.amazonaws.com/photos/239860504/medium.jpeg,,"",,3,0,false,2,Kattampally,11.9446843155,75.3849381208,1860,,,,1860,,open,false,gps,gps,Lonchura malacca,Lonchura malacca,Capuchino Tricolor de la India,Aves,979790
140151659,188cab57-535b-43bf-9f1b-25142ee34d4b,2022-09-27 08:20:53,2022-09-27,2022-09-27 04:50:53 +0200,New Delhi,668311,afsarnayakkan,Afsar Nayakkan,2022-10-27 15:54:12 +0200,2024-05-20 19:17:40 +0200,research,CC-BY,https://www.inaturalist.org/observations/140151659,https://inaturalist-open-data.s3.amazonaws.com/photos/239860544/medium.jpeg,,"",,3,0,false,2,Kattampally,11.9446843155,75.3849381208,1858,,,,1858,,open,false,gps,gps,Lonchura malacca,Lonchura malacca,Capuchino Tricolor de la India,Aves,979790
140481927,5a4298d8-df1d-4137-953d-f4f03619b6c9,2022/10/30 7:01 AM,2022-10-30,2022-10-30 02:31:00 +0100,New Delhi,34585,subhajit_roy,Subhajit Roy,2022-10-30 08:41:15 +0100,2023-12-30 03:19:29 +0100,research,CC-BY,https://www.inaturalist.org/observations/140481927,https://inaturalist-open-data.s3.amazonaws.com/photos/240480028/medium.jpeg,,"","",3,0,false,,Halisahar,22.911968,88.429252,,,,,,,open,false,,,Lonchura malacca,Lonchura malacca,Capuchino Tricolor de la India,Aves,979790
140557685,56b5160d-1ed9-4973-9058-77be84d7a4c6,2022-10-30,2022-10-30,,Bogota,6286585,marianahorta10b,"",2022-10-30 20:25:00 +0100,2022-10-31 14:50:39 +0100,research,CC-BY-NC,https://www.inaturalist.org/observations/140557685,https://inaturalist-open-data.s3.amazonaws.com/photos/240616824/medium.jpeg,,"",,2,0,false,2,Palermo,2.8862687169,-75.4334190488,1104,,,,1104,,open,false,gps,gps,Tricolored Munia,Lonchura malacca,Capuchino Tricolor de la India,Aves,979790
140717879,f973b3a8-1b6d-4dfb-9145-95799528f8cd,2022-10-31 06:26:38,2022-10-31,2022-10-31 12:26:38 +0100,Bogota,5279444,rojo_pajarero,Jerson Marín,2022-11-01 01:10:45 +0100,2022-11-01 04:29:31 +0100,research,CC-BY-NC,https://www.inaturalist.org/observations/140717879,https://inaturalist-open-data.s3.amazonaws.com/photos/240916826/medium.jpeg,,"",,1,0,false,2,"Barbosa, Antioquia, Colombia",6.4790269815,-75.3066772968,390,,,,390,,open,false,gps,gps,Capuchino Tricolor,Lonchura malacca,Capuchino Tricolor de la India,Aves,979790
140789419,1af86a86-7613-4e80-9206-8a83db006694,2020/07/02 7:59 AM,2020-07-02,2020-07-02 04:29:00 +0200,New Delhi,2390378,lekhasusan,Lekha Jacob,2022-11-01 17:39:49 +0100,2023-12-30 03:19:28 +0100,research,,https://www.inaturalist.org/observations/140789419,https://static.inaturalist.org/photos/241195453/medium.jpeg,,"",,5,0,false,,"Maramon, Kerala, India",9.3395558,76.6961305,1021,,,,1021,,open,false,,,Tricolored Munia,Lonchura malacca,Capuchino Tricolor de la India,Aves,979790
140942827,59fb21e8-eddf-4c78-919c-5ea27990bf04,2022/10/29 7:29 AM,2022-10-29,2022-10-29 14:29:00 +0200,Bogota,6272145,hv_huila,Fundacion Huellas Verdes del Huila,2022-11-03 04:14:09 +0100,2022-11-03 14:10:16 +0100,research,CC-BY-NC,https://www.inaturalist.org/observations/140942827,https://inaturalist-open-data.s3.amazonaws.com/photos/241342637/medium.jpeg,,"",Capuchino (Especie introducida),1,0,false,,"Neiva, Huila, Colombia",2.9356241127,-75.247264306,92,,,,92,,open,false,,,Tricolored Munia,Lonchura malacca,Capuchino Tricolor de la India,Aves,979790
141243317,b2a902b7-2325-4355-9701-5405c5cfa799,2022/11/03 4:37 PM,2022-11-03,2022-11-03 12:07:00 +0100,New Delhi,3333095,prajwaldeep,prajwal deep,2022-11-06 09:23:22 +0100,2023-12-30 03:19:23 +0100,research,,https://www.inaturalist.org/observations/141243317,https://static.inaturalist.org/photos/241924581/medium.jpeg,,"","",2,0,false,,"Bengaluru, Karnataka, India",12.9715987,77.5945627,38456,,,,38456,,open,false,,,Tricolored Munia,Lonchura malacca,Capuchino Tricolor de la India,Aves,979790
141262472,4ee25a0e-34c2-4a5b-b841-2fb3b09c1803,2022/11/06 10:06 AM,2022-11-06,2022-11-06 05:36:00 +0100,New Delhi,2332157,surabhi_srivastava_gaur,Surabhi Srivastava,2022-11-06 14:41:32 +0100,2023-12-30 03:19:24 +0100,research,CC-BY,https://www.inaturalist.org/observations/141262472,https://inaturalist-open-data.s3.amazonaws.com/photos/241962245/medium.jpeg,,"",,3,0,false,,"Yenkathala, Telangana 501202, India",17.4958478,77.9410251,850,,,,850,,open,false,,,Tricolored Munia,Lonchura malacca,Capuchino Tricolor de la India,Aves,979790
141537816,766ac6b3-8384-4c7c-ab25-ddf10c57c62f,2022-11-06 16:44:55+05:45,2022-11-06,2022-11-06 11:59:55 +0100,Kathmandu,6181586,deaconscampbell,,2022-11-09 15:52:54 +0100,2026-02-11 14:11:49 +0100,research,CC-BY-NC,https://www.inaturalist.org/observations/141537816,https://inaturalist-open-data.s3.amazonaws.com/photos/242502134/medium.jpg,,"","Seen on ground near village on trail, in a mid montane forest, around 2,600m or 8,500ft, 11cm long, roughly the size of a carabiner, medium amount of underbrush, thick canopy",2,0,false,3,"Bagmati, NP-MM, NP",28.0211833333,85.5682666667,13,,,,13,,open,false,,,Tricolored Munia,Lonchura malacca,Capuchino Tricolor de la India,Aves,979790
141642312,dedfd3cb-45ab-43bc-9097-20c8ba07e4fb,2019-06-16 13:52:29-05:00,2019-06-16,2019-06-16 20:52:29 +0200,America/Merida,2404958,ivanhdz,Iván Hernández-Cuevas,2022-11-10 22:25:54 +0100,2025-01-22 17:43:54 +0100,research,CC-BY-NC,https://www.inaturalist.org/observations/141642312,https://inaturalist-open-data.s3.amazonaws.com/photos/242703604/medium.jpg,,"","",2,0,false,3,"Parque Ecológico Del Poniente, Mérida, YUC, MX",20.9773694181,-89.656753031,415,,,,415,,open,false,,,Tricolored Munia,Lonchura malacca,Capuchino Tricolor de la India,Aves,979790
141697179,2b244187-00f9-4d55-a9b0-a1351230c1b2,2022-10-18 07:35:36,2022-10-18,2022-10-18 04:05:36 +0200,New Delhi,668311,afsarnayakkan,Afsar Nayakkan,2022-11-11 15:39:27 +0100,2024-05-20 19:17:40 +0200,research,CC-BY,https://www.inaturalist.org/observations/141697179,https://inaturalist-open-data.s3.amazonaws.com/photos/242809113/medium.jpeg,,"",,4,0,false,2,Kattampally,11.9446843155,75.3849381208,1858,,,,1858,,open,false,gps,gps,Tricolored Munia,Lonchura malacca,Capuchino Tricolor de la India,Aves,979790
142121682,d8b0c7c6-0b43-4443-8018-bb00f016972d,2000/01/01 11:41 AM,2000-01-01,2000-01-01 07:11:00 +0100,New Delhi,2932104,rajeeshraghav,Rajeesh,2022-11-16 06:10:22 +0100,2023-12-14 19:34:40 +0100,research,CC-BY-SA,https://www.inaturalist.org/observations/142121682,https://inaturalist-open-data.s3.amazonaws.com/photos/243610561/medium.jpg,,"",,4,0,false,,"Kerala, India",12.0501291188,75.2450464057,2,,,,2,,open,false,,,Tricolored Munia,Lonchura malacca,Capuchino Tricolor de la India,Aves,979790
142463071,02d04628-5c08-404d-848c-d13e20f56c73,2022-10-23 11:36:17,2022-10-23,2022-10-23 19:36:17 +0200,America/Tegucigalpa,5952226,skiperpagany,Mattis Hernández-Pagany,2022-11-20 18:13:33 +0100,2024-10-01 19:30:23 +0200,research,CC-BY-NC,https://www.inaturalist.org/observations/142463071,https://inaturalist-open-data.s3.amazonaws.com/photos/244244553/medium.jpeg,,"",Foto de un amigo con mi cámara,2,0,false,2,Honduras,15.0919336494,-87.8292982785,286,,,,30913,obscured,open,true,gps,gps,Tricolored Munia,Lonchura malacca,Capuchino Tricolor de la India,Aves,979790
142472188,402f5c0e-4b0b-4822-a4f2-20572a601a93,2022/10/02 1:37 PM,2022-10-02,2022-10-02 10:07:00 +0200,New Delhi,6490,manojkmohan,Manoj Karingamadathil,2022-11-20 20:14:03 +0100,2023-12-30 03:19:27 +0100,research,CC-BY,https://www.inaturalist.org/observations/142472188,https://inaturalist-open-data.s3.amazonaws.com/photos/244259672/medium.jpeg,,"","",3,0,false,,"Mahe, Puducherry, India",12.0959883333,75.2226833333,,,,,,,open,false,,,Tricolored Munia,Lonchura malacca,Capuchino Tricolor de la India,Aves,979790
142571791,50f42d15-44f8-41ea-b238-618beed4e623,2020/10/03 11:18 AM,2020-10-03,2020-10-03 07:48:00 +0200,New Delhi,6333828,prakalathand,,2022-11-22 02:46:57 +0100,2023-12-30 03:19:22 +0100,research,CC-BY-NC,https://www.inaturalist.org/observations/142571791,https://inaturalist-open-data.s3.amazonaws.com/photos/244452632/medium.jpeg,,"",,4,0,false,,"Byathahalli, Karnataka 571311, India",12.1924909846,76.6450193086,15,,,,15,,open,false,,,Tricolored Munia,Lonchura malacca,Capuchino Tricolor de la India,Aves,979790
142670891,09bcbeb5-dc3f-4331-9d09-63f1481c4a4c,2022-11-23 15:33:28,2022-11-23,2022-11-23 11:03:28 +0100,New Delhi,4014747,moovendankings,"",2022-11-23 13:51:05 +0100,2023-12-30 03:19:20 +0100,research,CC-BY-NC,https://www.inaturalist.org/observations/142670891,https://inaturalist-open-data.s3.amazonaws.com/photos/244641278/medium.jpeg,,"",,3,0,false,2,"4Q49+WQ8, Kalahasthinathapuram, Tamil Nadu 609304, India",11.108594029,79.7689128667,608,,,,608,,open,false,gps,gps,Tricolored Munia,Lonchura malacca,Capuchino Tricolor de la India,Aves,979790
142673462,b62454e5-a811-4b88-b813-3046a8cea299,2016/11/04 7:46 AM,2016-11-04,2016-11-04 03:16:00 +0100,New Delhi,6309115,pankajnirale,Pankaj Nirale,2022-11-23 15:00:59 +0100,2023-12-30 03:19:19 +0100,research,CC-BY-NC,https://www.inaturalist.org/observations/142673462,https://inaturalist-open-data.s3.amazonaws.com/photos/244641759/medium.jpeg,,"","",3,0,false,,"Bhandara, Maharashtra, India",21.177658,79.6570127,3910,,,,3910,,open,false,,,Tricolored Munia,Lonchura malacca,Capuchino Tricolor de la India,Aves,979790
142732361,9e897b39-66e8-4c09-97c5-c8a0002f6b31,2022/01/02 9:48 AM,2022-01-02,2022-01-02 05:18:00 +0100,New Delhi,6490,manojkmohan,Manoj Karingamadathil,2022-11-24 08:02:33 +0100,2023-05-24 10:49:38 +0200,research,CC-BY,https://www.inaturalist.org/observations/142732361,https://inaturalist-open-data.s3.amazonaws.com/photos/244758342/medium.jpeg,,"","",2,0,false,,"Thrissur, Kerala, India",10.5427216667,76.1385933333,,,,,,,open,false,,,Tricolored Munia,Lonchura malacca,Capuchino Tricolor de la India,Aves,979790
142801396,e11c93cc-00a9-4dcf-b97a-d449c87b9048,2022/05/01 7:54 AM,2022-05-01,2022-05-01 04:24:00 +0200,New Delhi,6490,manojkmohan,Manoj Karingamadathil,2022-11-25 07:12:35 +0100,2022-11-26 10:08:01 +0100,research,CC-BY,https://www.inaturalist.org/observations/142801396,https://inaturalist-open-data.s3.amazonaws.com/photos/244889476/medium.jpeg,,"","",2,0,false,,"Thrissur, Kerala, India",10.3482133333,76.252885,,,,,,,open,false,,,Tricolored Munia,Lonchura malacca,Capuchino Tricolor de la India,Aves,979790
142801539,9188ef56-47ce-41a2-8092-f9e9d458cbad,2015/04/24 5:10 PM,2015-04-24,2015-04-24 13:40:00 +0200,New Delhi,3446045,abhiapc,abhi jith,2022-11-25 07:16:30 +0100,2023-12-30 03:19:15 +0100,research,,https://www.inaturalist.org/observations/142801539,https://static.inaturalist.org/photos/244890012/medium.jpg,,"",,4,0,false,,"6JFG+3WM, Dadadahalli, Karnataka 570008, India",12.2227233,76.6272876,141,,,,141,,open,false,,,Tricolored Munia,Lonchura malacca,Capuchino Tricolor de la India,Aves,979790
142802050,637db1aa-ce1f-4a73-8293-916a4a27f8c7,2015/08/23 8:49 AM,2015-08-23,2015-08-23 05:19:00 +0200,New Delhi,3446045,abhiapc,abhi jith,2022-11-25 07:30:59 +0100,2023-12-30 03:00:23 +0100,research,,https://www.inaturalist.org/observations/142802050,https://static.inaturalist.org/photos/244890743/medium.jpg,,"",,1,0,false,,"6JFG+3WM, Dadadahalli, Karnataka 570008, India",12.2227233,76.6272876,141,,,,141,,open,false,,,Lonchura malacca,Lonchura malacca,Capuchino Tricolor de la India,Aves,979790
142816819,1825c2ae-0d45-46d9-b54b-6fce4de07657,2015/12/19 7:34 AM,2015-12-19,2015-12-19 03:04:00 +0100,New Delhi,3446045,abhiapc,abhi jith,2022-11-25 14:48:09 +0100,2023-12-30 03:19:15 +0100,research,,https://www.inaturalist.org/observations/142816819,https://static.inaturalist.org/photos/244918355/medium.jpg,,"",,5,0,false,,"6JFG+3WM, Dadadahalli, Karnataka 570008, India",12.2227233,76.6272876,141,,,,141,,open,false,,,Tricolored Munia,Lonchura malacca,Capuchino Tricolor de la India,Aves,979790
142826859,4186734c-7099-4887-98c5-0cc546100c4e,2022/10/29 2:49 PM,2022-10-29,2022-10-29 11:19:00 +0200,New Delhi,2119456,udayagashe,Uday Agashe,2022-11-25 17:05:54 +0100,2022-11-26 08:05:25 +0100,research,CC-BY-NC,https://www.inaturalist.org/observations/142826859,https://inaturalist-open-data.s3.amazonaws.com/photos/244935334/medium.jpg,,"01 To be Identified, Hampi, Karnataka, Location",,2,0,false,,"Hampi, Karnataka 583239, India",15.3350132,76.460024,3191,,,,3191,,open,false,,,Tricolored Munia,Lonchura malacca,Capuchino Tricolor de la India,Aves,979790
142828113,1b6dbe83-e381-4703-a466-55f419dcb528,2022/11/21 1:27 PM,2022-11-21,2022-11-21 08:57:00 +0100,New Delhi,2119456,udayagashe,Uday Agashe,2022-11-25 17:23:00 +0100,2022-11-26 08:05:08 +0100,research,CC-BY-NC,https://www.inaturalist.org/observations/142828113,https://inaturalist-open-data.s3.amazonaws.com/photos/244936025/medium.jpg,,"01 To be Identified, Bhigawan, Location, Maharashtra, Pune",,1,0,false,,"Baramati, Maharashtra, India",18.179847603,74.6083366898,8618,,,,8618,,open,false,,,Tricolored Munia,Lonchura malacca,Capuchino Tricolor de la India,Aves,979790
142828242,eec4daf1-233d-4df5-a19a-4e8d002bf080,2022/11/22 2:50 PM,2022-11-22,2022-11-22 10:20:00 +0100,New Delhi,2119456,udayagashe,Uday Agashe,2022-11-25 17:23:33 +0100,2022-11-26 08:03:18 +0100,research,CC-BY-NC,https://www.inaturalist.org/observations/142828242,https://inaturalist-open-data.s3.amazonaws.com/photos/244936667/medium.jpg,,"Bhigawan, Bird Family, Estrildidae (Waxbills- grass finches- munias and allies), Location, Maharashtra, Pune, Tri-coloured Munia",,3,0,false,,"Baramati, Maharashtra, India",18.179847603,74.6083366898,8618,,,,8618,,open,false,,,Tricolored Munia,Lonchura malacca,Capuchino Tricolor de la India,Aves,979790
142828243,0b633a18-ed41-49f0-a01f-8640e8d55137,2022/11/22 2:52 PM,2022-11-22,2022-11-22 10:22:00 +0100,New Delhi,2119456,udayagashe,Uday Agashe,2022-11-25 17:23:33 +0100,2024-02-20 06:05:47 +0100,research,CC-BY-NC,https://www.inaturalist.org/observations/142828243,https://inaturalist-open-data.s3.amazonaws.com/photos/244936673/medium.jpg,,"Bhigawan, Bird Family, Estrildidae (Waxbills- grass finches- munias and allies), Location, Maharashtra, Pune, Tri-coloured Munia",,4,0,false,,"Baramati, Maharashtra, India",18.179847603,74.6083366898,8618,,,,8618,,open,false,,,Tricolored Munia,Lonchura malacca,Capuchino Tricolor de la India,Aves,979790
142852348,dc1d9569-4736-4698-8218-021d84e0dd30,2022/08/26 8:17 PM,2022-08-26,2022-08-27 03:17:00 +0200,Bogota,4249833,thebirderboy,Alejandro Williams Viveros,2022-11-25 22:07:58 +0100,2024-02-20 06:05:45 +0100,research,CC-BY-NC,https://www.inaturalist.org/observations/142852348,https://inaturalist-open-data.s3.amazonaws.com/photos/244977906/medium.jpeg,,"",,3,0,false,,"La Tebaida, Quindio, Colombia",4.4202356703,-75.810201267,8,,,,8,,open,false,,,Tricolored Munia,Lonchura malacca,Capuchino Tricolor de la India,Aves,979790
143346711,4a83d897-a089-4185-b7c9-d7f58298d089,2014/09/26 5:24 PM,2014-09-26,2014-09-26 13:54:00 +0200,New Delhi,3446045,abhiapc,abhi jith,2022-11-30 13:25:53 +0100,2024-02-20 06:05:44 +0100,research,,https://www.inaturalist.org/observations/143346711,https://static.inaturalist.org/photos/245825873/medium.jpg,,"",,3,0,false,,"6JFG+3WM, Dadadahalli, Karnataka 570008, India",12.2227233,76.6272876,141,,,,141,,open,false,,,Tricolored Munia,Lonchura malacca,Capuchino Tricolor de la India,Aves,979790
143348904,b6b5d3e8-f9c4-4c97-a62f-79ec28f914d5,2014/10/04 4:55 PM,2014-10-04,2014-10-04 13:25:00 +0200,New Delhi,3446045,abhiapc,abhi jith,2022-11-30 14:26:00 +0100,2024-02-20 06:05:43 +0100,research,,https://www.inaturalist.org/observations/143348904,https://static.inaturalist.org/photos/245830291/medium.jpg,,"",,5,0,false,,"6JFG+3WM, Dadadahalli, Karnataka 570008, India",12.2227233,76.6272876,141,,,,141,,open,false,,,Tricolored Munia,Lonchura malacca,Capuchino Tricolor de la India,Aves,979790
143348905,7cc28355-22fc-49ad-b3dd-7da718a82763,2014/10/04 4:58 PM,2014-10-04,2014-10-04 13:28:00 +0200,New Delhi,3446045,abhiapc,abhi jith,2022-11-30 14:26:00 +0100,2024-02-20 06:05:42 +0100,research,,https://www.inaturalist.org/observations/143348905,https://static.inaturalist.org/photos/245830310/medium.jpg,,"",,5,0,false,,"6JFG+3WM, Dadadahalli, Karnataka 570008, India",12.2227233,76.6272876,141,,,,141,,open,false,,,Tricolored Munia,Lonchura malacca,Capuchino Tricolor de la India,Aves,979790
143418128,f237d40e-fdf7-424b-93fc-e1245210826b,2022/12/01 9:50 AM,2022-12-01,2022-12-01 05:20:00 +0100,New Delhi,3818028,atanu_modak,Atanu Modak,2022-12-01 09:11:38 +0100,2024-02-20 06:05:36 +0100,research,,https://www.inaturalist.org/observations/143418128,https://static.inaturalist.org/photos/245952391/medium.jpeg,,"","",7,0,false,,"R83M+MH7, Baidyabati, West Bengal 712222, India",22.8041604,88.3339234,203,,,,203,,open,false,,,Tricolored Munia,Lonchura malacca,Capuchino Tricolor de la India,Aves,979790
143473037,8eefe67c-ff06-4e01-8b51-ebd8a931774a,2022-12-02 8:23:55 AM GMT+05:30,2022-12-02,2022-12-02 03:53:55 +0100,New Delhi,3617913,rajaghosh2,Raja Ghosh,2022-12-02 04:41:30 +0100,2024-02-20 06:11:43 +0100,research,,https://www.inaturalist.org/observations/143473037,https://static.inaturalist.org/photos/246059257/medium.jpeg,,"",,3,0,false,2,"V566+4XX, Rugri, Jharkhand 831020, India",22.8595085,86.1627044444,,,,,,,open,false,gps,gps,Tricolored Munia,Lonchura malacca,Capuchino Tricolor de la India,Aves,979790
143664437,cecbf5bb-5335-4915-966e-4b7679da7574,2022/12/04 10:00 AM,2022-12-04,2022-12-04 15:00:00 +0100,America/Port_of_Spain,1352081,eseebaran,Elizabeth Seebaran,2022-12-04 20:14:30 +0100,2024-02-20 06:05:48 +0100,research,,https://www.inaturalist.org/observations/143664437,https://static.inaturalist.org/photos/246421137/medium.jpeg,,"",Invasive but established now,2,0,false,,"San Juan, Trinidad and Tobago",10.6254999645,-61.4423648884,31,,,,31,,open,false,,,Tricolored Munia,Lonchura malacca,Capuchino Tricolor de la India,Aves,979790
143706717,0d30f998-335b-4af0-a78e-77d514214661,2022-12-05 06:41:12,2022-12-05,2022-12-05 02:11:12 +0100,New Delhi,1940164,shtepbraiter,Irina Kalashnikova,2022-12-05 07:14:56 +0100,2024-02-20 06:05:37 +0100,research,CC-BY-NC,https://www.inaturalist.org/observations/143706717,https://inaturalist-open-data.s3.amazonaws.com/photos/246503887/medium.jpeg,,"",,5,0,false,2,"414-D, HMT Colony, North Kalamassery, Kalamassery, Ernakulam, Kerala 683502, Индия",10.0521298501,76.3411734626,842,,,,842,,open,false,gps,gps,Tricolored Munia,Lonchura malacca,Capuchino Tricolor de la India,Aves,979790
144206608,31c81520-fc25-4607-b3e1-4d59db6f21db,2022/09/30 9:00 AM,2022-09-30,2022-09-30 05:30:00 +0200,New Delhi,2341613,aravind_ps,Aravind_PS,2022-12-12 04:56:56 +0100,2024-02-20 06:11:33 +0100,research,CC-BY-NC,https://www.inaturalist.org/observations/144206608,https://inaturalist-open-data.s3.amazonaws.com/photos/247458730/medium.jpeg,,"",,2,0,false,,"Andhra Pradesh, India",13.5062854659,79.3227973335,2,,,,2,,open,false,,,Tricolored Munia,Lonchura malacca,Capuchino Tricolor de la India,Aves,979790
144267350,3098c462-dff9-4da2-b4e7-e0e1c9b5be9c,2019/01/08 3:51 PM,2019-01-08,2019-01-08 11:21:00 +0100,Sri Jayawardenepura,4872725,patrickwhite57,"",2022-12-13 02:35:25 +0100,2024-02-20 06:11:24 +0100,research,CC-BY-NC,https://www.inaturalist.org/observations/144267350,https://inaturalist-open-data.s3.amazonaws.com/photos/247566180/medium.jpeg,,"","",2,0,false,,"Moneragala, Sri Lanka",7.307701807,81.3823816697,61,,,,61,,open,false,,,Tricolored Munia,Lonchura malacca,Capuchino Tricolor de la India,Aves,979790
144425840,3f75e297-ad86-453f-8d22-eb53bf860e44,2019/06/22 9:33 AM,2019-06-22,2019-06-22 06:03:00 +0200,New Delhi,1941494,joelcorrea7777,Joel correa,2022-12-15 18:08:47 +0100,2024-02-20 06:10:48 +0100,research,CC-BY-NC-ND,https://www.inaturalist.org/observations/144425840,https://inaturalist-open-data.s3.amazonaws.com/photos/247871327/medium.jpeg,,"","",3,0,false,,"Mysuru, Karnataka, India",12.2958104,76.6393805,11705,,,,11705,,open,false,,,Tricolored Munia,Lonchura malacca,Capuchino Tricolor de la India,Aves,979790
144499193,ac0d0290-5f13-4e27-8f21-2406861872dc,2022/02/08 05:57,2022-02-08,2022-02-08 01:27:00 +0100,Sri Jayawardenepura,1364258,nestboxer,Aleksey Levashkin,2022-12-16 23:15:24 +0100,2024-02-20 06:10:50 +0100,research,CC-BY-NC,https://www.inaturalist.org/observations/144499193,https://inaturalist-open-data.s3.amazonaws.com/photos/248001814/medium.jpeg,,"","",2,0,false,,"Yala (Ruhuna), Thissamaharama, Hambantota, Sri Lanka",6.3899638889,81.4849361111,,,,,,,open,false,,,Tricolored Munia,Lonchura malacca,Capuchino Tricolor de la India,Aves,979790
144579198,34eae6f5-7505-499a-b318-b48ede959ed0,2022-10-15 7:10:31 AM GMT+05:30,2022-10-15,2022-10-15 03:40:31 +0200,New Delhi,2203900,bird_biochemist,Vinay K L,2022-12-18 04:42:38 +0100,2024-09-04 13:35:14 +0200,research,CC0,https://www.inaturalist.org/observations/144579198,https://inaturalist-open-data.s3.amazonaws.com/photos/248171898/medium.jpeg,,"",,1,0,false,2,"Panguru, Andhra Pradesh, India",13.756598,79.597315,,,,,,,open,false,,,Tricolored Munia,Lonchura malacca,Capuchino Tricolor de la India,Aves,979790
144730736,86b6f18c-decf-4348-bae1-07232995fe37,2022/12/17 12:23 PM,2022-12-17,2022-12-17 17:23:00 +0100,America/Port_of_Spain,713910,drjayf,Jerome Foster,2022-12-20 15:17:32 +0100,2024-02-20 06:05:34 +0100,research,CC-BY-NC-ND,https://www.inaturalist.org/observations/144730736,https://inaturalist-open-data.s3.amazonaws.com/photos/248469976/medium.jpg,,"animal, bird, Caribbean, nature, Nikon D7500, Sigma 150-600mm F5-6.3 DG OS HSM, Tacarigua, Trinidad and Tobago, wildlife, Orange Grove, Tricolored munia",,2,0,false,,"Orange Grove Farmlands, Tacarigua, Trinidad and Tobago",10.6266745378,-61.3750431974,435,,,,435,,open,false,,,Capuchino Tricolor,Lonchura malacca,Capuchino Tricolor de la India,Aves,979790
144768642,9813f01e-12b0-4830-876b-e60706f89685,2022-12-21 08:23:37,2022-12-21,2022-12-21 03:53:37 +0100,New Delhi,1375591,thenatureaffair,Ramu Alluri,2022-12-21 04:13:13 +0100,2024-02-20 06:10:46 +0100,research,,https://www.inaturalist.org/observations/144768642,https://static.inaturalist.org/photos/248542001/medium.jpeg,,"",,4,0,false,2,"West Godavari, IN-AP, IN",16.5526109143,81.4981460944,129,,,,129,,open,false,gps,gps,Tricolored Munia,Lonchura malacca,Capuchino Tricolor de la India,Aves,979790
144841117,433eb42e-6d86-474f-8a6d-a6bdb750425c,2022/01/18 8:43 AM,2022-01-18,2022-01-18 14:43:00 +0100,Eastern Time (US & Canada),3420073,mamabird1111,Fran Meyerson,2022-12-22 08:00:41 +0100,2024-12-29 03:40:44 +0100,research,,https://www.inaturalist.org/observations/144841117,https://inaturalist-open-data.s3.amazonaws.com/photos/460065502/medium.jpg,,"","",2,0,false,,"Belle Glade, FL, USA",26.7081833333,-80.719425,,,,,,,open,false,,,Tricolored Munia,Lonchura malacca,Capuchino Tricolor de la India,Aves,979790
145113815,f9a8f6ba-ea2e-40ba-a732-82d43d7de638,2022/12/07 8:13 AM,2022-12-07,2022-12-07 03:43:00 +0100,New Delhi,3499217,shivaprakash,,2022-12-26 16:54:01 +0100,2023-12-30 03:19:00 +0100,research,CC-BY-NC,https://www.inaturalist.org/observations/145113815,https://inaturalist-open-data.s3.amazonaws.com/photos/249213391/medium.jpg,,"","",2,0,false,,"Muganahundi, Mysore Dt",12.2626994217,76.5676205815,205,,,,205,,open,false,,,Tricolored Munia,Lonchura malacca,Capuchino Tricolor de la India,Aves,979790
145242692,cd3a1cd0-6e33-4569-b998-816f51f03b44,2014/11/06 9:23 AM,2014-11-06,2014-11-06 04:53:00 +0100,New Delhi,3446045,abhiapc,abhi jith,2022-12-28 07:19:36 +0100,2024-02-20 06:10:44 +0100,research,,https://www.inaturalist.org/observations/145242692,https://static.inaturalist.org/photos/249459218/medium.jpg,,"",,3,0,false,,"6JFG+3WM, Dadadahalli, Karnataka 570008, India",12.2227233,76.6272876,141,,,,141,,open,false,,,Tricolored Munia,Lonchura malacca,Capuchino Tricolor de la India,Aves,979790
145244239,b47ba4d9-d42b-4107-a318-63c8966ce435,2014/12/11 8:26 AM,2014-12-11,2014-12-11 03:56:00 +0100,New Delhi,3446045,abhiapc,abhi jith,2022-12-28 08:00:29 +0100,2024-02-20 06:10:44 +0100,research,,https://www.inaturalist.org/observations/145244239,https://static.inaturalist.org/photos/249462992/medium.jpg,,"",,4,0,false,,"6JFG+3WM, Dadadahalli, Karnataka 570008, India",12.2227233,76.6272876,141,,,,141,,open,false,,,Tricolored Munia,Lonchura malacca,Capuchino Tricolor de la India,Aves,979790
145407545,b672a85c-0668-4c7b-bb1e-baa27b66a56c,2022/12/28 7:28 AM,2022-12-28,2022-12-28 02:58:00 +0100,Sri Jayawardenepura,4923660,jatie,JATIE group,2022-12-30 07:13:28 +0100,2024-02-20 06:11:06 +0100,research,CC-BY-NC,https://www.inaturalist.org/observations/145407545,https://static.inaturalist.org/photos/249754562/medium.jpg,,"","",5,0,false,,"Ella, Badulla, Sri Lanka",6.8831133333,81.0425916667,,,,,,,open,false,,,Tricolored Munia,Lonchura malacca,Capuchino Tricolor de la India,Aves,979790
145491837,9cfa5345-c7da-4b3a-b028-d007e2af253f,2022/05/31 7:42 AM,2022-05-31,2022-05-31 04:12:00 +0200,New Delhi,1304830,tusharagarwal18,Tushar Agarwal,2022-12-31 10:40:49 +0100,2024-02-20 06:05:32 +0100,research,CC-BY-NC,https://www.inaturalist.org/observations/145491837,https://inaturalist-open-data.s3.amazonaws.com/photos/249919236/medium.jpg,,"",,3,0,false,,"Urban Bird Sanctuary, Bhatagaon, Raipur, Chhattisgarh 492013, India",21.2057562,81.6081864,165,,,,165,,open,false,,,Tricolored Munia,Lonchura malacca,Capuchino Tricolor de la India,Aves,979790
145559158,cd69e6ec-8129-4fc6-a1eb-e93c4e96cedf,2022/12/29 3:48 PM,2022-12-29,2022-12-29 11:18:00 +0100,New Delhi,3318415,varmax,VarmaX,2023-01-01 07:23:39 +0100,2024-02-20 06:05:30 +0100,research,CC-BY-NC-SA,https://www.inaturalist.org/observations/145559158,https://inaturalist-open-data.s3.amazonaws.com/photos/250048970/medium.jpeg,,"",3 to 4 individuals,3,0,false,,"Andhra Pradesh, India",16.7071675083,82.1129244256,3766,,,,3766,,open,false,,,Tricolored Munia,Lonchura malacca,Capuchino Tricolor de la India,Aves,979790
145635318,e012aa7c-42ab-42ec-a423-3510893910ff,2022-11-21 14:40:28,2022-11-21,2022-11-21 10:10:28 +0100,New Delhi,2930916,renjithjacobmathews,Renjith Jacob Mathews,2023-01-02 04:10:43 +0100,2024-02-20 06:11:05 +0100,research,CC-BY,https://www.inaturalist.org/observations/145635318,https://inaturalist-open-data.s3.amazonaws.com/photos/250195474/medium.jpeg,,"",,3,0,false,2,Kottayam,9.5916697642,76.5221531689,5031,,,,5031,,open,false,gps,gps,Tricolored Munia,Lonchura malacca,Capuchino Tricolor de la India,Aves,979790
145665125,1dcbb706-63a5-45a2-901f-2c00ebaf764d,2018/05/15 8:56 AM,2018-05-15,2018-05-15 05:26:00 +0200,New Delhi,1454264,omkarsd,Omkar S Damle,2023-01-02 15:32:23 +0100,2024-02-20 06:05:26 +0100,research,CC-BY-NC,https://www.inaturalist.org/observations/145665125,https://inaturalist-open-data.s3.amazonaws.com/photos/250253337/medium.jpeg,,"",,6,0,false,,"Kalu Nagar, Dombivli, Maharashtra 421202, India",19.2338166377,73.0782287531,215,,,,215,,open,false,,,Tricolored Munia,Lonchura malacca,Capuchino Tricolor de la India,Aves,979790
146617230,9c218394-b1d4-44fb-b335-ed1cf67f51a1,2023/01/10 10:19 AM,2023-01-10,2023-01-10 17:19:00 +0100,America/Merida,273283,bernardo0,Bernardo Zorrilla,2023-01-15 17:17:22 +0100,2023-01-15 17:25:12 +0100,research,CC-BY-NC,https://www.inaturalist.org/observations/146617230,https://inaturalist-open-data.s3.amazonaws.com/photos/252110015/medium.jpg,,"",,1,0,false,,"San Antonio Kaua II, Mérida, Yuc., México",20.9472442997,-89.5789045899,61,,,,61,,open,false,,,Tricolored Munia,Lonchura malacca,Capuchino Tricolor de la India,Aves,979790
146806119,e9da2800-4fad-4164-b0d5-5532b8b562a7,2022/11/28 11:51 AM,2022-11-28,2022-11-28 07:21:00 +0100,New Delhi,6330786,karthikeyan3007,"",2023-01-18 05:49:19 +0100,2024-02-20 06:10:57 +0100,research,CC-BY-NC,https://www.inaturalist.org/observations/146806119,https://inaturalist-open-data.s3.amazonaws.com/photos/252482618/medium.jpeg,,"","",3,0,false,,"PB No. 1, Byatha Halli, Kadakola,, Mysuru, Karnataka 571311, India",12.189455,76.642543,249,,,,249,,open,false,,,Tricolored Munia,Lonchura malacca,Capuchino Tricolor de la India,Aves,979790
146860664,54288079-ab3b-4998-8f95-bf281c500f63,2023-01-17 08:44:52,2023-01-17,2023-01-17 04:14:52 +0100,New Delhi,2852333,elavarasan_mm,Elavarasan M,2023-01-19 01:46:17 +0100,2023-01-19 07:33:36 +0100,research,CC-BY-NC,https://www.inaturalist.org/observations/146860664,https://inaturalist-open-data.s3.amazonaws.com/photos/252591000/medium.jpeg,,"",,2,0,false,2,Manakkudaiyan,11.3326163775,79.2281972989,2642,,,,2642,,open,false,gps,gps,Tricolored Munia,Lonchura malacca,Capuchino Tricolor de la India,Aves,979790
147396844,c8aaca3c-8271-4c1a-b922-496846e5cef8,2023-01-26 08:33:07,2023-01-26,2023-01-26 04:03:07 +0100,New Delhi,1734365,sundarapandian,Sundara Pandiyan,2023-01-26 16:36:32 +0100,2023-12-30 03:10:17 +0100,research,,https://www.inaturalist.org/observations/147396844,https://static.inaturalist.org/photos/253624136/medium.jpeg,,"",,3,0,false,2,"Saduperi, Vellore, Tamil Nadu, India",12.9066562449,79.1013717279,190,,,,190,,open,false,gps,gps,Tricolored Munia,Lonchura malacca,Capuchino Tricolor de la India,Aves,979790
147508339,2d1b5c9a-cdf8-4a82-8e5c-8835ac2b3f58,2023-01-25 07:14:20,2023-01-25,2023-01-25 02:44:20 +0100,New Delhi,1375591,thenatureaffair,Ramu Alluri,2023-01-28 06:49:43 +0100,2023-12-30 03:10:16 +0100,research,,https://www.inaturalist.org/observations/147508339,https://static.inaturalist.org/photos/253836832/medium.jpeg,,"",,3,0,false,2,"GFWW+VV, Bhimavaram, Andhra Pradesh 534206, India",16.549575,81.495355,,,,,,,open,false,gps,gps,Tricolored Munia,Lonchura malacca,Capuchino Tricolor de la India,Aves,979790
147766260,32491456-7243-4fd9-ab34-b3b3693bfb29,2023/01/28 12:16 PM,2023-01-28,2023-01-28 07:46:00 +0100,New Delhi,4748060,vidswami,Vidhya Swaminathan,2023-01-31 16:08:02 +0100,2023-12-30 03:09:44 +0100,research,CC-BY-NC,https://www.inaturalist.org/observations/147766260,https://inaturalist-open-data.s3.amazonaws.com/photos/254324854/medium.jpeg,,"","",3,0,false,,"Karapakkam, Chennai, Tamil Nadu, India",12.9190519,80.2300343,1631,,,,1631,,open,false,,,Tricolored Munia,Lonchura malacca,Capuchino Tricolor de la India,Aves,979790
148607661,6bef9aab-3dbc-4312-97d6-03c2f121efb7,2022/06/15 2:42 PM,2022-06-15,2022-06-15 11:12:00 +0200,New Delhi,5437406,dheeruys,Sudheera Y S,2023-02-12 16:13:02 +0100,2023-12-30 03:15:52 +0100,research,CC-BY-NC,https://www.inaturalist.org/observations/148607661,https://inaturalist-open-data.s3.amazonaws.com/photos/255946352/medium.jpeg,,"",,2,0,false,,"Chitrashila Ashrama , Krishnagiri",12.6263410224,78.1031661181,4,,,,4,,open,false,,,Tricolored Munia,Lonchura malacca,Capuchino Tricolor de la India,Aves,979790
148678838,dad4d543-2a0b-4f35-ab75-c9dfb62a4b29,2023-02-12 17:37:49,2023-02-12,2023-02-12 13:07:49 +0100,New Delhi,2852333,elavarasan_mm,Elavarasan M,2023-02-13 09:13:05 +0100,2023-02-13 12:31:09 +0100,research,CC-BY-NC,https://www.inaturalist.org/observations/148678838,https://inaturalist-open-data.s3.amazonaws.com/photos/256079222/medium.jpeg,,"",,1,0,false,2,Manakkudaiyan,11.3326163775,79.2281972989,2642,,,,2642,,open,false,gps,gps,Tricolored Munia,Lonchura malacca,Capuchino Tricolor de la India,Aves,979790
149136252,8c12270b-42bc-46ba-a421-23d7ad515fd5,2016/06/21 11:05 AM,2016-06-21,2016-06-21 17:05:00 +0200,America/Port_of_Spain,52695,kamal50,Kamal Mahabir,2023-02-19 16:06:13 +0100,2024-02-20 06:05:06 +0100,research,CC-BY-NC,https://www.inaturalist.org/observations/149136252,https://inaturalist-open-data.s3.amazonaws.com/photos/256940517/medium.jpg,,"Tricoloured Munia (Lonchura malacca), estrildid finch, India, Sri Lanka, China, Jamaica, Puerto Rico, Venezuela, Trinidad and Tobago, black-headed munia, grain, seeds, wet grasslands, tropical lowland, moist forest",,3,0,false,,"Rahamut Trace, Trinidad and Tobago",10.1998176,-61.4761233,210,,,,210,,open,false,,,Tricolored Munia,Lonchura malacca,Capuchino Tricolor de la India,Aves,979790
149204094,1713a6e3-051a-4a2f-9000-c336abf2ce84,2013-10-23 07:17:11,2013-10-23,2013-10-23 03:47:11 +0200,New Delhi,2617808,ihs_flora_fauna,IHS_Flora_Fauna,2023-02-20 04:54:02 +0100,2023-12-30 03:09:42 +0100,research,CC-BY-NC,https://www.inaturalist.org/observations/149204094,https://inaturalist-open-data.s3.amazonaws.com/photos/257067257/medium.jpeg,,"",,4,0,false,2,Isha Home School,10.9841712375,76.7373360693,222,,,,222,,open,false,gps,gps,Tricolored Munia,Lonchura malacca,Capuchino Tricolor de la India,Aves,979790
149378469,eb2b58d4-e98c-46af-8887-6125acdc3291,2023/02/18 8:57 AM,2023-02-18,2023-02-18 14:57:00 +0100,Eastern Time (US & Canada),3904381,ajwhitlock,Audrey Whitlock,2023-02-22 04:47:36 +0100,2023-02-22 07:14:14 +0100,research,CC-BY-NC,https://www.inaturalist.org/observations/149378469,https://inaturalist-open-data.s3.amazonaws.com/photos/257392168/medium.jpeg,,"",total of 3 seen; Lifer,1,0,false,,"Belle Glade Marina & Torry Island, South Bay, FL 33493, USA",26.7106764,-80.7225274,201,,,,201,,open,false,,,Tricolored Munia,Lonchura malacca,Capuchino Tricolor de la India,Aves,979790
149486106,59ad4cdf-5e7d-47fe-a5c4-d928dc363c65,2023/02/23 10:18 AM,2023-02-23,2023-02-23 05:48:00 +0100,New Delhi,4798621,vinod_shankar,Vinod Shankar,2023-02-23 17:49:21 +0100,2023-12-30 03:10:11 +0100,research,,https://www.inaturalist.org/observations/149486106,https://static.inaturalist.org/photos/257597058/medium.jpeg,,"",,3,0,false,,"Samudiram Eri, Tamil Nadu 606603",12.2165629,79.0376672,1149,,,,1149,,open,false,,,Tricolored Munia,Lonchura malacca,Capuchino Tricolor de la India,Aves,979790
149573668,9a4515d2-dc8e-48b4-8b35-64f135982d2b,2021/11/07 10:01 AM,2021-11-07,2021-11-07 17:01:00 +0100,America/Tegucigalpa,2038517,alejandro__hn,Alejandro Garcia,2023-02-24 19:38:35 +0100,2023-03-09 02:54:43 +0100,research,,https://www.inaturalist.org/observations/149573668,https://static.inaturalist.org/photos/257761665/medium.jpeg,,"","",3,0,false,,"San Pedro Sula, Honduras",15.4768788631,-87.9113266148,61,,,,61,,open,false,,,Tricolored Munia,Lonchura malacca,Capuchino Tricolor de la India,Aves,979790
149673939,535426a1-e740-4a2b-8509-53bb4107d09a,2023/02/25 9:18 AM,2023-02-25,2023-02-25 15:18:00 +0100,Eastern Time (US & Canada),3514798,birdingrx,Kenny BirdingRx,2023-02-25 23:32:57 +0100,2024-08-13 15:46:33 +0200,research,CC-BY-NC,https://www.inaturalist.org/observations/149673939,https://inaturalist-open-data.s3.amazonaws.com/photos/257947299/medium.jpg,,"",,3,0,false,,"Torry Island Campground, West Canal Street North, Belle Glade, FL, USA",26.7046941,-80.7190603,199,,,,199,,open,false,,,Tricolored Munia,Lonchura malacca,Capuchino Tricolor de la India,Aves,979790
149673940,e59f28d4-7642-4c26-8466-763760954726,2023/02/25 9:48 AM,2023-02-25,2023-02-25 15:48:00 +0100,Eastern Time (US & Canada),3514798,birdingrx,Kenny BirdingRx,2023-02-25 23:32:58 +0100,2024-08-13 15:46:33 +0200,research,CC-BY-NC,https://www.inaturalist.org/observations/149673940,https://inaturalist-open-data.s3.amazonaws.com/photos/257947334/medium.jpg,,"",,1,0,false,,"Torry Island Campground, West Canal Street North, Belle Glade, FL, USA",26.7046941,-80.7190603,199,,,,199,,open,false,,,Tricolored Munia,Lonchura malacca,Capuchino Tricolor de la India,Aves,979790
149712840,d97c51df-474b-461a-a39d-64703c648bdb,2021/09/24 5:21 PM,2021-09-24,2021-09-24 13:51:00 +0200,New Delhi,6528058,shamchavhan,Sham dattatray chavhan,2023-02-26 11:00:25 +0100,2023-12-30 03:10:08 +0100,research,CC0,https://www.inaturalist.org/observations/149712840,https://inaturalist-open-data.s3.amazonaws.com/photos/258021716/medium.jpg,,"","Migration - Bangladesh, India, Sri Lanka, Pakistan, and southern China.

Species - Trinidad, Jamaica, Hispaniola, Puerto Rico, Cuba, and Venezuela. Similar to Chestnut Munia, this species is known as Black-headed Munia.

Habitat - The Tricolor Munia is a small gregarious bird that mainly feeds on grains and other seeds. It lives in wet grasslands. It can also be found in tropical lowland humid forest habitats",3,0,false,,"Nimblak, Maharashtra 414111, India",19.1515273,74.6722459,1190,,,,1190,,open,false,,,Tricolored Munia,Lonchura malacca,Capuchino Tricolor de la India,Aves,979790
149961573,c33147c3-daad-4f7d-a77e-1f40120f12c1,2020-10-03 09:43:23,2020-10-03,2020-10-03 06:13:23 +0200,New Delhi,6099155,tejaspm,Tejas Mehendale,2023-03-01 07:19:14 +0100,2024-02-20 06:05:05 +0100,research,,https://www.inaturalist.org/observations/149961573,https://static.inaturalist.org/photos/258494360/medium.jpeg,,"",,6,0,false,2,"Kopar Wetlands, Dombivli West, Dombivli, Maharashtra 421202, India",19.2186150176,73.071801737,41,,,,41,,open,false,gps,gps,Tricolored Munia,Lonchura malacca,Capuchino Tricolor de la India,Aves,979790
150018705,e5f82552-3390-496b-9681-55e3aa23417a,2023/02/26 10:17 AM,2023-02-26,2023-02-26 16:17:00 +0100,Eastern Time (US & Canada),586546,stevecollins,Steve Collins,2023-03-02 01:04:59 +0100,2023-12-30 03:09:38 +0100,research,CC-BY,https://www.inaturalist.org/observations/150018705,https://static.inaturalist.org/photos/258601697/medium.jpg,,"",,2,0,false,,"Belle Glade, FL, USA",26.7099716667,-80.72161,,,,,,,open,false,,,Tricolored Munia,Lonchura malacca,Capuchino Tricolor de la India,Aves,979790
150020639,2707abc0-332c-432e-a9b1-8fe0c274b20c,2023/02/26 11:41 AM,2023-02-26,2023-02-26 17:41:00 +0100,Eastern Time (US & Canada),1306796,bert_filemyr,Bert Filemyr,2023-03-02 01:33:35 +0100,2023-12-30 03:09:33 +0100,research,CC-BY-NC,https://www.inaturalist.org/observations/150020639,https://inaturalist-open-data.s3.amazonaws.com/photos/258604405/medium.jpg,,Tricolored Munia,,2,0,false,,"Belle Glade, FL, USA",26.711655,-80.7234583333,,,,,,,open,false,,,Tricolored Munia,Lonchura malacca,Capuchino Tricolor de la India,Aves,979790
150069802,38704941-6492-4060-88cc-ee269263719c,2023/02/24 11:14 AM,2023-02-24,2023-02-24 17:14:00 +0100,Eastern Time (US & Canada),134944,laurakeene,Laura Keene,2023-03-02 19:21:57 +0100,2024-12-10 22:18:12 +0100,research,CC-BY-NC,https://www.inaturalist.org/observations/150069802,https://inaturalist-open-data.s3.amazonaws.com/photos/258694064/medium.jpg,,"","",2,0,false,,"Belle Glade, FL, USA",26.7108,-80.7224783333,25,,,,25,,open,false,,"",Tricolored Munia,Lonchura malacca,Capuchino Tricolor de la India,Aves,979790
150069803,c926bf62-17e3-4109-8aad-7b2dcc98af4a,2023/02/24 11:15 AM,2023-02-24,2023-02-24 17:15:00 +0100,Eastern Time (US & Canada),134944,laurakeene,Laura Keene,2023-03-02 19:21:57 +0100,2025-02-20 08:53:18 +0100,research,CC-BY-NC,https://www.inaturalist.org/observations/150069803,https://inaturalist-open-data.s3.amazonaws.com/photos/258694100/medium.jpg,,"","",3,0,false,,"Palm Beach, Florida, United States",26.7108,-80.7224783333,25,,,,25,,open,false,,"",Tricolored Munia,Lonchura malacca,Capuchino Tricolor de la India,Aves,979790
150069804,3d9acf16-a15a-4955-81db-b40d1f1d5c3b,2023/02/24 11:16 AM,2023-02-24,2023-02-24 17:16:00 +0100,Eastern Time (US & Canada),134944,laurakeene,Laura Keene,2023-03-02 19:21:57 +0100,2024-12-10 22:18:12 +0100,research,CC-BY-NC,https://www.inaturalist.org/observations/150069804,https://inaturalist-open-data.s3.amazonaws.com/photos/258694110/medium.jpg,,"","",1,0,false,,"Palm Beach, Florida, United States",26.7108,-80.7224783333,25,,,,25,,open,false,,"",Tricolored Munia,Lonchura malacca,Capuchino Tricolor de la India,Aves,979790
150069806,ad25955c-4ad2-41d6-bec4-2852a27035fe,2023/02/24 11:17 AM,2023-02-24,2023-02-24 17:17:00 +0100,Eastern Time (US & Canada),134944,laurakeene,Laura Keene,2023-03-02 19:21:58 +0100,2024-12-10 22:18:13 +0100,research,CC-BY-NC,https://www.inaturalist.org/observations/150069806,https://inaturalist-open-data.s3.amazonaws.com/photos/258694139/medium.jpg,,"","",1,0,false,,"Palm Beach, Florida, United States",26.7108,-80.7224783333,25,,,,25,,open,false,,"",Tricolored Munia,Lonchura malacca,Capuchino Tricolor de la India,Aves,979790
150069807,f2e4a661-659e-48a4-8026-d2d9f5e7f401,2023/02/24 11:20 AM,2023-02-24,2023-02-24 17:20:00 +0100,Eastern Time (US & Canada),134944,laurakeene,Laura Keene,2023-03-02 19:21:58 +0100,2024-12-10 22:17:41 +0100,research,CC-BY-NC,https://www.inaturalist.org/observations/150069807,https://inaturalist-open-data.s3.amazonaws.com/photos/258694200/medium.jpg,,"","",1,0,false,,"Palm Beach, Florida, United States",26.7105566667,-80.72237,25,,,,25,,open,false,,"",Tricolored Munia,Lonchura malacca,Capuchino Tricolor de la India,Aves,979790
150099034,9ed132df-69eb-422a-8a49-ae9972503c5f,2023/01/20 8:43 AM,2023-01-20,2023-01-20 04:13:00 +0100,Sri Jayawardenepura,91922,avocat,"",2023-03-03 02:49:14 +0100,2024-04-13 08:42:24 +0200,research,CC-BY-NC,https://www.inaturalist.org/observations/150099034,https://inaturalist-open-data.s3.amazonaws.com/photos/258748915/medium.jpg,,"",,2,0,false,,"Nuwara Eliya, Nuwara Eliya, Sri Lanka",6.8247211517,80.8062292917,,,,,,,open,false,,,Tricolored Munia,Lonchura malacca,Capuchino Tricolor de la India,Aves,979790
150100748,f9e3ae60-d971-4255-a5f0-0c35f8d6bbdc,2023-03-02,2023-03-02,,Eastern Time (US & Canada),1090878,tom278,Tom Bisko,2023-03-03 03:22:45 +0100,2023-03-04 16:17:45 +0100,research,CC-BY-NC,https://www.inaturalist.org/observations/150100748,https://inaturalist-open-data.s3.amazonaws.com/photos/258754394/medium.jpg,,"","",1,0,false,,"Palm Beach County, FL, USA",26.7104281818,-80.72145753,1260,,,,1260,,open,false,,,Tricolored Munia,Lonchura malacca,Capuchino Tricolor de la India,Aves,979790
150174058,6548a20d-b45b-4b99-9da6-e1fd464aa24f,2023/02/25 2:48 PM,2023-02-25,2023-02-25 20:48:00 +0100,Eastern Time (US & Canada),3286634,billpranty,Bill Pranty,2023-03-04 02:56:32 +0100,2023-03-04 04:31:02 +0100,research,CC-BY-NC,https://www.inaturalist.org/observations/150174058,https://inaturalist-open-data.s3.amazonaws.com/photos/258892210/medium.jpg,,"","With Valeri Ponzo; a successful visit for Val's lifer Tricolored Munias (she missed them here this past winter). We saw 18 (10 and 8) -- all juveniles, with one attaining adult plumage.

We spent all our time along the wetland border between the parking lot to 300 feet north of the observation tower.

The weather at the start was sunny, 85 degrees, and breezy. We left at 1726 and headed toward our motel in Okeechobee, although we made one stop at Paul Rardin Park.",2,0,false,,"Florida, Palm Beach, Lakr Okeechobee, Torry Island campground area",26.7086600847,-80.720844272,437,,,,437,,open,false,,,Tricolored Munia,Lonchura malacca,Capuchino Tricolor de la India,Aves,979790
150174059,b313ce89-10e2-4311-b152-383d0d7d80f0,2023/02/25 2:48 PM,2023-02-25,2023-02-25 20:48:00 +0100,Eastern Time (US & Canada),3286634,billpranty,Bill Pranty,2023-03-04 02:56:32 +0100,2023-12-30 03:07:45 +0100,research,CC-BY-NC,https://www.inaturalist.org/observations/150174059,https://inaturalist-open-data.s3.amazonaws.com/photos/258892227/medium.jpg,,"","With Valeri Ponzo; a successful visit for Val's lifer Tricolored Munias (she missed them here this past winter). We saw 18 (10 and 8) -- all juveniles, with one attaining adult plumage.

We spent all our time along the wetland border between the parking lot to 300 feet north of the observation tower.

The weather at the start was sunny, 85 degrees, and breezy. We left at 1726 and headed toward our motel in Okeechobee, although we made one stop at Paul Rardin Park.",3,0,false,,"Florida, Palm Beach, Lakr Okeechobee, Torry Island campground area",26.7086600847,-80.720844272,437,,,,437,,open,false,,,Tricolored Munia,Lonchura malacca,Capuchino Tricolor de la India,Aves,979790
150174060,3bbe90c5-a385-4b3e-8f60-d30b3595c73e,2023/02/25 2:48 PM,2023-02-25,2023-02-25 20:48:00 +0100,Eastern Time (US & Canada),3286634,billpranty,Bill Pranty,2023-03-04 02:56:33 +0100,2023-12-30 03:07:46 +0100,research,CC-BY-NC,https://www.inaturalist.org/observations/150174060,https://inaturalist-open-data.s3.amazonaws.com/photos/258892242/medium.jpg,,"","With Valeri Ponzo; a successful visit for Val's lifer Tricolored Munias (she missed them here this past winter). We saw 18 (10 and 8) -- all juveniles, with one attaining adult plumage.

We spent all our time along the wetland border between the parking lot to 300 feet north of the observation tower.

The weather at the start was sunny, 85 degrees, and breezy. We left at 1726 and headed toward our motel in Okeechobee, although we made one stop at Paul Rardin Park.",3,0,false,,"Florida, Palm Beach, Lakr Okeechobee, Torry Island campground area",26.7086600847,-80.720844272,437,,,,437,,open,false,,,Tricolored Munia,Lonchura malacca,Capuchino Tricolor de la India,Aves,979790
150345476,1ece8be1-e232-4568-9d85-f8380437db6a,2023/03/05 10:02 AM,2023-03-05,2023-03-05 16:02:00 +0100,Eastern Time (US & Canada),295210,deefairbanks,dee fairbanks,2023-03-05 22:21:35 +0100,2023-03-06 01:23:03 +0100,research,,https://www.inaturalist.org/observations/150345476,https://static.inaturalist.org/photos/259223092/medium.jpg,,"",,1,0,false,,"5000 W Canal St N, Belle Glade, FL 33430, USA",26.7046941,-80.7190603,199,,,,199,,open,false,,,Tricolored Munia,Lonchura malacca,Capuchino Tricolor de la India,Aves,979790
150772100,34169d47-3119-4948-a594-aefbf326aaa0,2023-03-10 12:56:52-05:00,2023-03-10,2023-03-10 18:56:52 +0100,Eastern Time (US & Canada),3528492,dbernard,Daryl Bernard,2023-03-11 00:21:13 +0100,2023-12-30 03:07:52 +0100,research,CC-BY-NC,https://www.inaturalist.org/observations/150772100,https://inaturalist-open-data.s3.amazonaws.com/photos/260042546/medium.jpg,,"","",2,0,false,3,"Torry Island, Belle Glade, FL, US",26.7109925812,-80.7225734349,74,,,,74,,open,false,,,Tricolored Munia,Lonchura malacca,Capuchino Tricolor de la India,Aves,979790
150797930,026ca467-998f-4d6b-bbd5-5715fcad2c0c,2020/09/06 4:15 PM,2020-09-06,2020-09-06 12:45:00 +0200,New Delhi,1436437,jayantdeshpande,Jayant M Deshpande,2023-03-11 08:07:14 +0100,2023-12-30 03:07:38 +0100,research,CC-BY-NC,https://www.inaturalist.org/observations/150797930,https://inaturalist-open-data.s3.amazonaws.com/photos/260092803/medium.jpeg,,"",,2,0,false,,"Shirwal, Maharashtra, India",18.1467496,73.97692,2270,,,,2270,,open,false,,,Schwarzbauchnonne,Lonchura malacca,Capuchino Tricolor de la India,Aves,979790
150996439,5a88007f-7f83-42b7-adb2-6340668463a2,2023/03/06 8:15 AM,2023-03-06,2023-03-06 14:15:00 +0100,Eastern Time (US & Canada),1257717,oeserjk,Ken Oeser,2023-03-13 02:43:07 +0100,2025-02-20 08:53:04 +0100,research,,https://www.inaturalist.org/observations/150996439,https://static.inaturalist.org/photos/260463902/medium.jpeg,,"",,3,0,false,,"Belle Glade, FL, USA",26.7111022767,-80.7227904006,2,,,,2,,open,false,,,Tricolored Munia,Lonchura malacca,Capuchino Tricolor de la India,Aves,979790
150996440,0e9cb0e4-3d4b-47ef-a35f-c0215fd5d29b,2023/03/06 8:09 AM,2023-03-06,2023-03-06 14:09:00 +0100,Eastern Time (US & Canada),1257717,oeserjk,Ken Oeser,2023-03-13 02:43:07 +0100,2023-03-15 00:33:05 +0100,research,,https://www.inaturalist.org/observations/150996440,https://static.inaturalist.org/photos/260463952/medium.jpeg,,"",,1,0,false,,"Belle Glade, FL, USA",26.7109343536,-80.722784703,2,,,,2,,open,false,,,Tricolored Munia,Lonchura malacca,Capuchino Tricolor de la India,Aves,979790
150999254,09d0d5a5-01e1-4b86-8fe7-285e273ce4d8,2023-03-12 12:59:00-04:00,2023-03-12,2023-03-12 17:59:00 +0100,Eastern Time (US & Canada),935723,meangreenfan,Christopher Hensel,2023-03-13 03:15:04 +0100,2023-12-30 03:08:02 +0100,research,CC-BY-NC,https://www.inaturalist.org/observations/150999254,https://inaturalist-open-data.s3.amazonaws.com/photos/260467496/medium.jpg,,"",Known location,2,0,false,,"Belle Glade, FL, USA",26.7071313189,-80.7186307369,31,,,,31,,open,false,,,Tricolored Munia,Lonchura malacca,Capuchino Tricolor de la India,Aves,979790
151026816,402e5245-d766-4ab8-bd29-3379b3041d48,2022/12/18 6:52 AM,2022-12-18,2022-12-18 02:22:00 +0100,New Delhi,3792546,kishorenath,kishore T,2023-03-13 12:37:06 +0100,2023-12-30 03:07:36 +0100,research,CC-BY-NC,https://www.inaturalist.org/observations/151026816,https://inaturalist-open-data.s3.amazonaws.com/photos/260519225/medium.jpeg,,"",,3,0,false,,"Kotturu, Andhra Pradesh 532455, India",18.7808971125,83.8874280453,106,,,,106,,open,false,,,Tricolored Munia,Lonchura malacca,Capuchino Tricolor de la India,Aves,979790
151062031,c3ea0471-22b2-43c5-b4d3-cb5e045a50c6,2023/02/11 8:09 AM,2023-02-11,2023-02-11 14:09:00 +0100,America/Havana,1073743,davidgascoigne,David M. Gascoigne,2023-03-13 21:13:48 +0100,2024-02-20 10:06:15 +0100,research,CC-BY-NC,https://www.inaturalist.org/observations/151062031,https://inaturalist-open-data.s3.amazonaws.com/photos/260587602/medium.jpeg,,"",,3,0,false,,"Autop. Este-Oeste, Pinar del Río, Cuba",22.4208219,-83.6673639,204,,,,204,,open,false,,,Tricolored Munia,Lonchura malacca,Capuchino Tricolor de la India,Aves,979790
151351619,794f7aac-4021-4a9a-b390-ac5264165aae,2022-12-28 16:33:12,2022-12-28,2022-12-28 12:03:12 +0100,New Delhi,638416,renju,renjus box,2023-03-17 02:00:01 +0100,2024-02-20 10:06:14 +0100,research,CC-BY,https://www.inaturalist.org/observations/151351619,https://inaturalist-open-data.s3.amazonaws.com/photos/261132150/medium.jpeg,,"",,4,0,false,2,Changaram Wetlands,9.7974309476,76.2889039144,263,,,,263,,open,false,gps,gps,Tricolored Munia,Lonchura malacca,Capuchino Tricolor de la India,Aves,979790
151457339,be4c878c-c827-4628-9684-3625391430cb,2022-10-07 17:43:37,2022-10-07,2022-10-07 14:13:37 +0200,New Delhi,638416,renju,renjus box,2023-03-18 06:08:21 +0100,2024-02-20 10:06:13 +0100,research,CC-BY,https://www.inaturalist.org/observations/151457339,https://inaturalist-open-data.s3.amazonaws.com/photos/261332606/medium.jpeg,,"",,6,0,false,2,Changaram Wetlands,9.7974309476,76.2889039144,263,,,,263,,open,false,gps,gps,Tricolored Munia,Lonchura malacca,Capuchino Tricolor de la India,Aves,979790
151984601,e2e7cb88-6490-4c7d-8eaa-9c80afffa173,2015-04-14 21:36:57-04:00,2015-04-14,2015-04-15 03:36:57 +0200,Eastern Time (US & Canada),3483040,eemag,,2023-03-23 02:06:25 +0100,2023-03-23 02:21:19 +0100,research,,https://www.inaturalist.org/observations/151984601,https://static.inaturalist.org/photos/262320659/medium.jpg,,"","",1,0,false,3,"Torry Island, Belle Glade, FL, US",26.7128987915,-80.7174689782,624,,,,624,,open,false,,,Tricolored Munia,Lonchura malacca,Capuchino Tricolor de la India,Aves,979790
152209481,5274f09b-ee8c-4a7e-aea6-602c2b5de95c,2023-03-25 06:28:48,2023-03-25,2023-03-25 01:58:48 +0100,New Delhi,1375591,thenatureaffair,Ramu Alluri,2023-03-25 06:05:16 +0100,2023-12-30 03:08:15 +0100,research,,https://www.inaturalist.org/observations/152209481,https://static.inaturalist.org/photos/262732206/medium.jpeg,,"",,5,0,false,2,"West Godavari, IN-AP, IN",16.5495666667,81.4951166667,,,,,,,open,false,gps,gps,Tricolored Munia,Lonchura malacca,Capuchino Tricolor de la India,Aves,979790
152252210,6d075c41-512b-4cc7-bb27-2695b77f1239,2022-10-10,2022-10-10,,New Delhi,3266083,rajeevpr,Rajeev p r,2023-03-25 16:35:40 +0100,2023-12-30 03:08:13 +0100,research,CC-BY-NC,https://www.inaturalist.org/observations/152252210,https://inaturalist-open-data.s3.amazonaws.com/photos/262807018/medium.jpeg,,"",,3,0,false,2,Kerala,10.1572872931,76.6412710771,304527,,,,304527,,open,false,gps,gps,Tricolored Munia,Lonchura malacca,Capuchino Tricolor de la India,Aves,979790
152924563,96b7afbf-fc7b-479f-8eb2-1db6db9c6341,2020-02-20 14:47:22,2020-02-20,2020-02-20 10:17:22 +0100,New Delhi,638416,renju,renjus box,2023-03-31 14:22:15 +0200,2023-12-30 03:08:12 +0100,research,CC-BY,https://www.inaturalist.org/observations/152924563,https://inaturalist-open-data.s3.amazonaws.com/photos/264055255/medium.jpeg,,"",,3,0,false,2,"382Q+PJ2, HMT Colony, North Kalamassery, Kalamassery, Ernakulam, Kerala 683503, India",10.0513997222,76.3397413889,,,,,,,open,false,gps,gps,Tricolored Munia,Lonchura malacca,Capuchino Tricolor de la India,Aves,979790
152925636,36cbd883-65fa-402f-89aa-660d716683da,2020-02-20 14:35:40,2020-02-20,2020-02-20 10:05:40 +0100,New Delhi,638416,renju,renjus box,2023-03-31 14:39:13 +0200,2023-12-30 03:07:20 +0100,research,CC-BY,https://www.inaturalist.org/observations/152925636,https://inaturalist-open-data.s3.amazonaws.com/photos/264057066/medium.jpeg,,"",,3,0,false,2,"382Q+PJ2, HMT Colony, North Kalamassery, Kalamassery, Ernakulam, Kerala 683503, India",10.0513980556,76.3397480556,,,,,,,open,false,gps,gps,Tricolored Munia,Lonchura malacca,Capuchino Tricolor de la India,Aves,979790
153446208,235df25d-d56d-407b-9f76-5fd64c43e245,2022/08/08 10:59 AM,2022-08-08,2022-08-08 07:29:00 +0200,New Delhi,4643144,aadhithan,Rama Aadhithan,2023-04-04 16:34:02 +0200,2023-04-04 17:20:20 +0200,research,CC-BY-NC,https://www.inaturalist.org/observations/153446208,https://inaturalist-open-data.s3.amazonaws.com/photos/265025799/medium.jpg,,"",,2,0,false,,"WCCR+6JW, Hunasemaradapalya, Bheemanakuppe Ramasagara, Karnataka 560060, India",12.9206072,77.4415806,208,,,,208,,open,false,,,Tricolored Munia,Lonchura malacca,Capuchino Tricolor de la India,Aves,979790
153551239,1666a663-5b62-4a67-97b5-f4d2b8540284,2022/09/21 7:31 AM,2022-09-21,2022-09-21 04:01:00 +0200,New Delhi,4643144,aadhithan,Rama Aadhithan,2023-04-05 12:54:31 +0200,2023-12-30 03:08:20 +0100,research,CC-BY-NC,https://www.inaturalist.org/observations/153551239,https://inaturalist-open-data.s3.amazonaws.com/photos/265221740/medium.jpeg,,"",,4,0,false,,"WCCR+6JW, Hunasemaradapalya, Bheemanakuppe Ramasagara, Karnataka 560060, India",12.9206072,77.4415806,208,,,,208,,open,false,,,Tricolored Munia,Lonchura malacca,Capuchino Tricolor de la India,Aves,979790
153553567,2dfb737d-958c-4184-ad12-4496a6ca3a49,2022/09/05 10:07 AM,2022-09-05,2022-09-05 06:37:00 +0200,New Delhi,4643144,aadhithan,Rama Aadhithan,2023-04-05 13:37:44 +0200,2023-12-30 03:08:22 +0100,research,CC-BY-NC,https://www.inaturalist.org/observations/153553567,https://inaturalist-open-data.s3.amazonaws.com/photos/265224718/medium.jpeg,,"",,6,0,false,,"WCCR+6JW, Hunasemaradapalya, Bheemanakuppe Ramasagara, Karnataka 560060, India",12.9206072,77.4415806,208,,,,208,,open,false,,,Tricolored Munia,Lonchura malacca,Capuchino Tricolor de la India,Aves,979790
153651804,e1fc0430-0aba-4eaa-91b8-2393c2e2cf10,2023-04-02 12:38:08,2023-04-02,2023-04-02 19:38:08 +0200,Bogota,3899590,dimasbirdlover,"",2023-04-06 06:26:28 +0200,2024-02-20 10:06:11 +0100,research,CC-BY-NC,https://www.inaturalist.org/observations/153651804,https://inaturalist-open-data.s3.amazonaws.com/photos/265408298/medium.jpeg,,"",,3,0,false,2,"Barbosa, Antioquia, Colombia",6.4789077192,-75.3064764664,152,,,,152,,open,false,gps,gps,Tricolored Munia,Lonchura malacca,Capuchino Tricolor de la India,Aves,979790
153947752,150db2cd-c1d0-439c-a62e-9f04592b9cb4,2023/02/19 6:02 PM,2023-02-19,2023-02-19 13:32:00 +0100,New Delhi,2474674,shiridinathpanakam,Shiridinath Panakam,2023-04-08 17:29:04 +0200,2023-04-11 17:48:35 +0200,research,,https://www.inaturalist.org/observations/153947752,https://static.inaturalist.org/photos/265952260/medium.jpg,,"",,1,0,false,,"Tirupati, Andhra Pradesh, India",13.5853726982,79.4283681286,15,,,,15,,open,false,,,Tricolored Munia,Lonchura malacca,Capuchino Tricolor de la India,Aves,979790
154392424,7dbc4d28-5f16-4135-903b-42644ffdf935,2022/07/08 8:57 AM,2022-07-08,2022-07-08 05:27:00 +0200,New Delhi,3112805,satya_sidharth,Satya Sidharth Das,2023-04-11 09:53:31 +0200,2024-07-23 10:52:06 +0200,research,,https://www.inaturalist.org/observations/154392424,https://static.inaturalist.org/photos/266769412/medium.jpeg,,"",,4,0,false,,"Nistipur, Banki, Odisha, India",20.400218785,85.597393491,488,,,,488,,open,false,,,Tricolored Munia,Lonchura malacca,Capuchino Tricolor de la India,Aves,979790
154678264,64f2d8c6-3062-4800-a17d-d54e81b0d672,2022/09/12 4:41 PM,2022-09-12,2022-09-12 13:11:00 +0200,New Delhi,2301886,swatiudayraj,Swati Udayraj,2023-04-13 12:15:06 +0200,2024-02-20 10:06:09 +0100,research,,https://www.inaturalist.org/observations/154678264,https://static.inaturalist.org/photos/267289760/medium.jpeg,,"","",4,0,false,,"Katrakayalagunta, Andhra Pradesh, India",13.7417633333,79.6066566667,,,,,,,open,false,,,Tricolored Munia,Lonchura malacca,Capuchino Tricolor de la India,Aves,979790
154678316,d9c46c48-253e-4270-95cf-1dc9da67dd17,2022/09/13 7:29 AM,2022-09-13,2022-09-13 03:59:00 +0200,New Delhi,2301886,swatiudayraj,Swati Udayraj,2023-04-13 12:15:22 +0200,2024-02-20 10:06:08 +0100,research,,https://www.inaturalist.org/observations/154678316,https://static.inaturalist.org/photos/267290356/medium.jpeg,,"","",4,0,false,,"SV Auto Nagar, Tirupati, Andhra Pradesh, India",13.6185783333,79.4448466667,,,,,,,open,false,,,Tricolored Munia,Lonchura malacca,Capuchino Tricolor de la India,Aves,979790
155323462,cfb3126f-efd3-46d1-8096-c30f3ccb32f8,2022/11/07 8:26 AM,2022-11-07,2022-11-07 03:56:00 +0100,New Delhi,2362965,karthik_83,Karthik,2023-04-17 16:03:22 +0200,2023-12-30 03:08:57 +0100,research,CC-BY-NC,https://www.inaturalist.org/observations/155323462,https://inaturalist-open-data.s3.amazonaws.com/photos/268454377/medium.jpg,,"",,5,0,false,,"Alto Porvorim, Penha de França, Goa, India",15.5276984272,73.8460993543,1363,,,,1363,,open,false,,,Tricolored Munia,Lonchura malacca,Capuchino Tricolor de la India,Aves,979790
156526045,1fa03254-410f-4233-a3f6-0c905623521f,2023/04/24 1:01 PM,2023-04-24,2023-04-24 19:01:00 +0200,Eastern Time (US & Canada),277896,noaboa,Noah Frade,2023-04-25 05:27:20 +0200,2025-02-20 08:52:55 +0100,research,CC-BY,https://www.inaturalist.org/observations/156526045,https://inaturalist-open-data.s3.amazonaws.com/photos/270671801/medium.jpeg,,"",,3,0,false,,"Monroe County, FL, USA",24.6292851111,-82.8739754131,10,,,,10,,open,false,,,Tricolored Munia,Lonchura malacca,Capuchino Tricolor de la India,Aves,979790
156736115,fa85014c-98e3-4127-9714-9a9da61872c1,2022-07-26 16:43:46,2022-07-26,2022-07-26 13:13:46 +0200,New Delhi,638416,renju,renjus box,2023-04-26 16:30:40 +0200,2024-02-20 10:06:05 +0100,research,CC-BY,https://www.inaturalist.org/observations/156736115,https://inaturalist-open-data.s3.amazonaws.com/photos/271055006/medium.jpeg,,"",,3,0,false,2,Changaram Wetlands,9.7974309476,76.2889039144,1525898,,,,1525898,,open,false,gps,gps,Tricolored Munia,Lonchura malacca,Capuchino Tricolor de la India,Aves,979790
156736274,76c98a84-dc33-4571-a60e-f7862dc2abb4,2022-07-26 16:44:04,2022-07-26,2022-07-26 13:14:04 +0200,New Delhi,638416,renju,renjus box,2023-04-26 16:31:49 +0200,2024-02-20 10:06:05 +0100,research,CC-BY,https://www.inaturalist.org/observations/156736274,https://inaturalist-open-data.s3.amazonaws.com/photos/271055272/medium.jpeg,,"",,6,0,false,2,Changaram Wetlands,9.7974309476,76.2889039144,263,,,,263,,open,false,gps,gps,Tricolored Munia,Lonchura malacca,Capuchino Tricolor de la India,Aves,979790
157229214,e259d928-ffc0-41d6-bf0f-7416fecc67d8,2023-01-08 12:28:45,2023-01-08,2023-01-08 07:58:45 +0100,New Delhi,6784770,mohana569,mohana569,2023-04-28 20:22:32 +0200,2024-02-20 10:06:04 +0100,research,CC-BY-NC-ND,https://www.inaturalist.org/observations/157229214,https://static.inaturalist.org/photos/271879164/medium.jpeg,,"",,3,0,false,2,Nemam,13.0683002358,80.0183998793,1128,,,,1128,,open,false,gps,gps,Tricolored Munia,Lonchura malacca,Capuchino Tricolor de la India,Aves,979790
158999523,e4d48a97-60d5-42d4-a28a-5b88ed167ebc,2023-04-30,2023-04-30,,Eastern Time (US & Canada),5605872,flamingov,Victoria Provenza,2023-05-02 03:53:57 +0200,2025-02-20 08:51:45 +0100,research,,https://www.inaturalist.org/observations/158999523,https://static.inaturalist.org/photos/274709308/medium.jpeg,,"",,4,0,false,2,Garden Key,24.6282571521,-82.8731476888,288,,,,288,,open,false,gps,gps,Tricolored Munia,Lonchura malacca,Capuchino Tricolor de la India,Aves,979790
159356713,8e63f31e-581d-4f8b-ba0b-2f8e9bd8fe16,2022-11-13 11:20:00,2022-11-13,2022-11-13 06:50:00 +0100,New Delhi,6765322,rushali_k,"",2023-05-03 06:50:59 +0200,2024-02-20 05:36:34 +0100,research,CC-BY-NC,https://www.inaturalist.org/observations/159356713,https://inaturalist-open-data.s3.amazonaws.com/photos/275324839/medium.jpeg,,"",,5,0,false,2,Bengaluru,12.9714785136,77.5945626944,38456,,,,38456,,open,false,gps,gps,Tricolored Munia,Lonchura malacca,Capuchino Tricolor de la India,Aves,979790
159445313,fbd4fe7a-1c50-4677-bb7d-7412b0a2d093,2023/04/28 11:30 AM,2023-04-28,2023-04-28 17:30:00 +0200,Eastern Time (US & Canada),4048062,kaysea10,Matt and Kaysea Bruce,2023-05-03 17:31:29 +0200,2025-02-20 08:51:34 +0100,research,CC-BY-NC,https://www.inaturalist.org/observations/159445313,https://inaturalist-open-data.s3.amazonaws.com/photos/275480641/medium.jpg,,"",,5,0,false,,"Florida, USA",24.628477,-82.8731874,21,,,,21,,open,false,,,Tricolored Munia,Lonchura malacca,Capuchino Tricolor de la India,Aves,979790
160216451,24fc15cf-1e1b-4191-ba08-5cae7dc5611b,2023/05/06 5:14 PM,2023-05-06,2023-05-07 00:14:00 +0200,America/Panama,1493572,katiuska19,"",2023-05-07 03:50:05 +0200,2023-12-30 03:11:09 +0100,research,CC-BY-NC,https://www.inaturalist.org/observations/160216451,https://inaturalist-open-data.s3.amazonaws.com/photos/276848378/medium.jpeg,,"",,1,0,false,,"Guarumal, Panamá",8.3572810757,-82.5172805681,977,,,,977,,open,false,,,Tricolored Munia,Lonchura malacca,Capuchino Tricolor de la India,Aves,979790
160216458,d514c06a-249b-4c4e-91b5-70ac73fd9fbd,2023/05/06 5:47 PM,2023-05-06,2023-05-07 00:47:00 +0200,America/Panama,1493572,katiuska19,"",2023-05-07 03:50:06 +0200,2024-02-20 05:36:37 +0100,research,CC-BY-NC,https://www.inaturalist.org/observations/160216458,https://inaturalist-open-data.s3.amazonaws.com/photos/276848581/medium.jpeg,,"",,3,0,false,,"Orilla del Río, Panamá",8.3627158698,-82.5179672136,977,,,,977,,open,false,,,Tricolored Munia,Lonchura malacca,Capuchino Tricolor de la India,Aves,979790
160266704,b9980331-f533-40af-963d-61e2ba5ff2e8,2016-12-27 10:45:03,2016-12-27,2016-12-27 06:15:03 +0100,Sri Jayawardenepura,6517043,annahd,"",2023-05-07 11:06:35 +0200,2024-02-20 05:36:38 +0100,research,CC-BY-NC,https://www.inaturalist.org/observations/160266704,https://inaturalist-open-data.s3.amazonaws.com/photos/276943334/medium.jpeg,,"",,5,0,false,2,Udawalawe National Park,6.4746289167,80.8763188496,211,,,,211,,open,false,gps,gps,Tricolored Munia,Lonchura malacca,Capuchino Tricolor de la India,Aves,979790
160685348,7e93ecc4-846b-457e-bc5c-59641a0b3eb3,2023/04/29 8:20 AM,2023-04-29,2023-04-29 15:20:00 +0200,Bogota,6272145,hv_huila,Fundacion Huellas Verdes del Huila,2023-05-09 05:53:37 +0200,2024-02-20 05:36:39 +0100,research,CC-BY-NC,https://www.inaturalist.org/observations/160685348,https://inaturalist-open-data.s3.amazonaws.com/photos/277685836/medium.jpeg,,"",Reto Naturalista Urbano 2023,4,0,false,,"Neiva, Huila, Colombia",2.9356241127,-75.247264306,92,,,,92,,open,false,,,Tricolored Munia,Lonchura malacca,Capuchino Tricolor de la India,Aves,979790
160771887,aac93d40-f0ff-4530-b516-f28f07d37eb1,2023-05-07 16:37:47-06:00,2023-05-07,2023-05-08 00:37:47 +0200,America/Costa_Rica,6860902,marcosponcianok,Marcos Ponciano Kaltschmitt,2023-05-09 19:43:32 +0200,2024-02-20 10:06:48 +0100,research,CC-BY-NC,https://www.inaturalist.org/observations/160771887,https://inaturalist-open-data.s3.amazonaws.com/photos/277848319/medium.jpg,,"","",3,0,false,3,"Liberia, Guanacaste, CR",10.4583002851,-85.4569352634,460,,,,460,,open,false,,,Tricolored Munia,Lonchura malacca,Capuchino Tricolor de la India,Aves,979790
161327750,a366dbdb-e927-4bc8-91b8-0118b6a90922,2023-05-13 06:48:55+05:30,2023-05-13,2023-05-13 03:18:55 +0200,New Delhi,6735246,tarachand,Tarachand,2023-05-13 03:20:29 +0200,2024-02-20 05:36:31 +0100,research,CC-BY-NC,https://www.inaturalist.org/observations/161327750,https://inaturalist-open-data.s3.amazonaws.com/photos/278922272/medium.jpeg,,"","",4,0,false,3,"Sahanboganhalli, Bengaluru, KA, IN",12.819337151,77.5515267347,6,,,,6,,open,false,,,Tricolored Munia,Lonchura malacca,Capuchino Tricolor de la India,Aves,979790
161553335,153cb0b8-47b2-441a-a55c-a121a5f2d3f4,2023-05-14 07:19:33,2023-05-14,2023-05-14 03:49:33 +0200,New Delhi,2852333,elavarasan_mm,Elavarasan M,2023-05-14 08:03:54 +0200,2024-02-20 05:36:31 +0100,research,CC-BY-NC,https://www.inaturalist.org/observations/161553335,https://inaturalist-open-data.s3.amazonaws.com/photos/279255228/medium.jpeg,,"",,6,0,false,2,Marungoor,11.3230383995,79.2433527857,396,,,,396,,open,false,gps,gps,Tricolored Munia,Lonchura malacca,Capuchino Tricolor de la India,Aves,979790
161591493,376a7e06-acba-4a8d-a132-d955fbc8b3bb,2023/05/14 9:58 AM,2023-05-14,2023-05-14 06:28:00 +0200,New Delhi,6204310,cleo_lobo,Cleopas Lobo,2023-05-14 15:10:37 +0200,2024-02-20 05:36:32 +0100,research,CC-BY-NC,https://www.inaturalist.org/observations/161591493,https://inaturalist-open-data.s3.amazonaws.com/photos/279321235/medium.jpg,,"",,5,0,false,,"Marve, mangrove area",19.1947833333,72.8035083333,,,,,,,open,false,,,Tricolored Munia,Lonchura malacca,Capuchino Tricolor de la India,Aves,979790
161604976,69724548-1120-4676-b073-c3de151d6145,2023/05/13 6:08 PM,2023-05-13,2023-05-14 01:08:00 +0200,America/Panama,1493572,katiuska19,"",2023-05-14 16:34:01 +0200,2024-02-20 05:36:25 +0100,research,CC-BY-NC,https://www.inaturalist.org/observations/161604976,https://inaturalist-open-data.s3.amazonaws.com/photos/279339159/medium.jpeg,,"",,4,0,false,,"Querévalo, Panamá",8.3529033,-82.5023464,7943,,,,7943,,open,false,,,Tricolored Munia,Lonchura malacca,Capuchino Tricolor de la India,Aves,979790
161782244,3da48fab-0f69-4b97-af65-dcad3ccddaec,2018/09/13 8:41 PM,2018-09-13,2018-09-13 16:56:00 +0200,Kathmandu,3936801,jonodashper,Jono Dashper,2023-05-15 13:30:37 +0200,2024-02-20 05:36:25 +0100,research,CC-BY-NC,https://www.inaturalist.org/observations/161782244,https://static.inaturalist.org/photos/279668221/medium.jpeg,,"",,4,0,false,,"Neulapur 21800, Nepal",28.4288372133,81.3324779568,18997,,,,18997,,open,false,,,Tricolored Munia,Lonchura malacca,Capuchino Tricolor de la India,Aves,979790
162181486,6fad6854-a96d-4a16-89df-8d441dc5e0ec,2023/03/30 10:06 AM,2023-03-30,2023-03-30 17:06:00 +0200,America/Guayaquil,1375988,naturalist5716,louislo,2023-05-17 21:14:46 +0200,2023-12-30 03:12:01 +0100,research,,https://www.inaturalist.org/observations/162181486,https://static.inaturalist.org/photos/280393007/medium.jpeg,,"",,1,0,false,,Ecuador,0.0591835932,-79.1187673372,30000,,,,31451,obscured,open,true,,,Tricolored Munia,Lonchura malacca,Capuchino Tricolor de la India,Aves,979790
162181487,06d5bbf2-1d2d-402d-ba97-718acfbdbf46,2023/03/30 10:06 AM,2023-03-30,2023-03-30 17:06:00 +0200,America/Guayaquil,1375988,naturalist5716,louislo,2023-05-17 21:14:47 +0200,2023-05-20 00:26:21 +0200,research,,https://www.inaturalist.org/observations/162181487,https://static.inaturalist.org/photos/280393069/medium.jpeg,,"",,1,0,false,,Ecuador,0.0242980991,-79.1195651665,30000,,,,31451,obscured,open,true,,,Tricolored Munia,Lonchura malacca,Capuchino Tricolor de la India,Aves,979790
162399152,ceec2f9c-1f3d-44fb-af30-b1841789d510,2023/04/16 4:25 PM,2023-04-16,2023-04-16 23:25:00 +0200,Bogota,6576493,daniel_marin_zuluaga,Daniel Marín Zuluaga,2023-05-19 02:34:17 +0200,2024-07-06 22:41:59 +0200,research,CC-BY-NC,https://www.inaturalist.org/observations/162399152,https://inaturalist-open-data.s3.amazonaws.com/photos/280800267/medium.jpeg,,"",,1,0,false,,"Tocaima, Cundinamarca, Colombia",4.5054121632,-74.6516028637,1362,,,,1362,,open,false,,,Capuchino Tricolor,Lonchura malacca,Capuchino Tricolor de la India,Aves,979790
162651146,b1d972e1-8c7b-4f1f-8b7a-3a91ec730957,2023-05-20 07:07:53,2023-05-20,2023-05-20 03:37:53 +0200,New Delhi,2852333,elavarasan_mm,Elavarasan M,2023-05-20 14:59:27 +0200,2024-02-20 05:36:23 +0100,research,CC-BY-NC,https://www.inaturalist.org/observations/162651146,https://inaturalist-open-data.s3.amazonaws.com/photos/281255066/medium.jpeg,,"",,5,0,false,2,Marungoor,11.3230383995,79.2433527857,396,,,,396,,open,false,gps,gps,Tricolored Munia,Lonchura malacca,Capuchino Tricolor de la India,Aves,979790
162836476,cb3d8814-b774-4699-bc5f-96e927371be1,2019/01/06 3:25 PM,2019-01-06,2019-01-06 10:55:00 +0100,Sri Jayawardenepura,3936801,jonodashper,Jono Dashper,2023-05-21 10:27:37 +0200,2024-04-12 06:00:27 +0200,research,CC-BY-NC,https://www.inaturalist.org/observations/162836476,https://static.inaturalist.org/photos/281591791/medium.jpeg,,"",,6,0,false,,"Nuwara Eliya, Sri Lanka",6.7961183699,80.8035745076,1264,,,,1264,,open,false,,,Tricolored Munia,Lonchura malacca,Capuchino Tricolor de la India,Aves,979790
164977204,8996babf-df91-48e0-a3ee-ee15d94de9f3,2023/05/11 3:27 PM,2023-05-11,2023-05-11 11:57:00 +0200,New Delhi,4643144,aadhithan,Rama Aadhithan,2023-06-01 16:13:01 +0200,2024-02-20 05:36:21 +0100,research,CC-BY-NC,https://www.inaturalist.org/observations/164977204,https://inaturalist-open-data.s3.amazonaws.com/photos/285514679/medium.jpg,,"",,5,0,false,,"WCCR+6JW, Hunasemaradapalya, Bheemanakuppe Ramasagara, Karnataka 560060, India",12.9206072,77.4415806,208,,,,208,,open,false,,,Tricolored Munia,Lonchura malacca,Capuchino Tricolor de la India,Aves,979790
165072709,4c1ee21f-61b0-47f7-8e02-c02527568d1d,2023/05/18 10:25 AM,2023-05-18,2023-05-18 17:25:00 +0200,America/Guayaquil,739230,lostincr,LostInCR,2023-06-02 03:53:29 +0200,2026-02-10 20:49:42 +0100,research,,https://www.inaturalist.org/observations/165072709,https://static.inaturalist.org/photos/285699924/medium.jpg,,"",,1,0,false,,"Naranjal, Ecuador",-2.497808,-79.569542,,,,,,,open,false,,,Tricolored Munia,Lonchura malacca,Capuchino Tricolor de la India,Aves,979790
165768540,8cd94187-dac3-4761-acf0-141ea58fa7a4,2023/05/05 11:14 AM,2023-05-05,2023-05-05 17:14:00 +0200,Eastern Time (US & Canada),6654894,moa0228,Moa Björestam,2023-06-05 21:09:39 +0200,2024-02-20 05:25:46 +0100,research,,https://www.inaturalist.org/observations/165768540,https://static.inaturalist.org/photos/286986222/medium.jpeg,,"",,3,0,false,,"Monroe County, FL, USA",24.6283254148,-82.87289053,295,,,,295,,open,false,,,Tricolored Munia,Lonchura malacca,Capuchino Tricolor de la India,Aves,979790
166001738,8e0b6006-6434-4e55-a33b-c5ff161c7d30,2019/08/23 6:48 PM,2019-08-23,2019-08-23 15:18:00 +0200,Sri Jayawardenepura,507190,graycatbirder,Anna Wittmer,2023-06-07 03:29:15 +0200,2024-02-20 05:25:45 +0100,research,,https://www.inaturalist.org/observations/166001738,https://static.inaturalist.org/photos/287418430/medium.jpeg,,"","",7,0,false,,Horton Plains National Park,6.8084961802,80.7993256354,2317,,,,2317,,open,false,,,Tricolored Munia,Lonchura malacca,Capuchino Tricolor de la India,Aves,979790
167087316,c5d40b82-fc96-449b-b23c-5a2aefecc901,2023/06/08 9:20 AM,2023-06-08,2023-06-08 16:20:00 +0200,America/Cancun,6014401,the-robe117,The Robe,2023-06-12 23:19:46 +0200,2023-12-30 03:06:58 +0100,research,,https://www.inaturalist.org/observations/167087316,https://static.inaturalist.org/photos/289406697/medium.jpeg,,"",,2,0,false,,"Solidaridad, Q.R., México",20.6975855903,-87.0440179146,977,,,,977,,open,false,,,Tricolored Munia,Lonchura malacca,Capuchino Tricolor de la India,Aves,979790
167275439,cdf1ceb6-9e04-4d7e-99ac-ee148f72b0d4,2023-05-13 18:04:23-05:00,2023-05-13,2023-05-14 01:04:23 +0200,America/Panama,2825846,braquel_wildlife,"",2023-06-14 00:52:35 +0200,2024-02-20 05:36:18 +0100,research,CC-BY-NC,https://www.inaturalist.org/observations/167275439,https://inaturalist-open-data.s3.amazonaws.com/photos/289756320/medium.jpg,,"","",3,0,false,3,"Chiriquí, PA",8.3578866667,-82.5152883333,4,,,,4,,open,false,,,Tricolored Munia,Lonchura malacca,Capuchino Tricolor de la India,Aves,979790
167659764,301dd3b2-f452-4242-88b0-798a6d148ce1,2021-09-27 20:52:45+05:30,2021-09-27,2021-09-27 17:22:45 +0200,New Delhi,6946388,anshumanpradhan,,2023-06-16 09:06:10 +0200,2024-02-20 05:37:19 +0100,research,CC-BY-NC,https://www.inaturalist.org/observations/167659764,https://inaturalist-open-data.s3.amazonaws.com/photos/290469206/medium.jpg,,"","",6,0,false,3,"Parajang, Dhenkanal, OR, IN",20.9236124896,85.2596472401,21,,,,21,,open,false,,,Tricolored Munia,Lonchura malacca,Capuchino Tricolor de la India,Aves,979790
168294499,10cd8b71-d7a1-40bb-9473-5878034dddb4,2023/06/11 3:18 PM,2023-06-11,2023-06-11 21:18:00 +0200,America/Port_of_Spain,713910,drjayf,Jerome Foster,2023-06-19 16:06:23 +0200,2024-02-20 05:36:19 +0100,research,CC-BY-NC-ND,https://www.inaturalist.org/observations/168294499,https://inaturalist-open-data.s3.amazonaws.com/photos/291645303/medium.jpg,,"animal, bird, Caribbean, nature, Nikon D7500, Sigma 150-600mm F5-6.3 DG OS HSM, Trinidad and Tobago, wildlife, Caroni, Tricolored munia",,3,0,false,,"Bejucal, Trinidad and Tobago",10.57549501,-61.4058780394,102,,,,102,,open,false,,,Tricolored Munia,Lonchura malacca,Capuchino Tricolor de la India,Aves,979790
168312615,9f9dbc77-8f66-4e5e-b1d3-8e5047b635af,2023-06-18 18:51:34,2023-06-18,2023-06-18 15:21:34 +0200,New Delhi,440891,ferminjose,Fermin Jose,2023-06-19 17:48:31 +0200,2024-02-20 10:06:43 +0100,research,,https://www.inaturalist.org/observations/168312615,https://static.inaturalist.org/photos/291678727/medium.jpeg,,"",,8,0,false,2,Saatpool Bird Watching,19.2347749277,73.0741982907,201,,,,201,,open,false,gps,gps,Tricolored Munia,Lonchura malacca,Capuchino Tricolor de la India,Aves,979790
168595057,5ecacdc8-8ac5-4d90-9508-987169a70d05,2023/06/12 12:33 PM,2023-06-12,2023-06-12 20:33:00 +0200,America/El_Salvador,1355971,fundacionfigueroametapan,Silvia Figueroa,2023-06-21 04:26:48 +0200,2024-02-20 10:06:42 +0100,research,,https://www.inaturalist.org/observations/168595057,https://static.inaturalist.org/photos/292204931/medium.jpeg,,"",,4,0,false,,Tropical Dry Forest protected by de E. Figueroa Foundation,14.3326523048,-89.5676950446,1669,,,,1669,,open,false,,,Tricolored Munia,Lonchura malacca,Capuchino Tricolor de la India,Aves,979790
169618935,52a20fc6-2834-4bef-9201-26f6ea5ac639,2019-06-10 16:59:48,2019-06-10,2019-06-10 12:59:48 +0200,Dhaka,6858517,tarik_birdmanbangladesh,Mohammad Tarik Hasan,2023-06-26 19:36:10 +0200,2023-12-30 03:05:22 +0100,research,,https://www.inaturalist.org/observations/169618935,https://static.inaturalist.org/photos/294091410/medium.jpeg,,"",,2,0,false,2,Babudaing Picnic Ground,24.5881311836,88.3411170915,186,,,,186,,open,false,gps,gps,Tricolored Munia,Lonchura malacca,Capuchino Tricolor de la India,Aves,979790
170563146,8ed0eceb-cac9-4800-b3a8-c0fd6f556c57,2023/06/22 11:31 AM,2023-06-22,2023-06-22 18:31:00 +0200,Bogota,661054,jsva,santiago vasquez,2023-07-02 03:22:15 +0200,2024-02-20 10:06:45 +0100,research,CC-BY-NC,https://www.inaturalist.org/observations/170563146,https://inaturalist-open-data.s3.amazonaws.com/photos/295845448/medium.jpeg,,"",,3,0,false,,"Puerto López, Meta, Colombia",4.2899735427,-72.2200035154,7782,,,,7782,,open,false,,,Tricolored Munia,Lonchura malacca,Capuchino Tricolor de la India,Aves,979790
170807417,9f6aedd0-d842-4392-8af6-702f985294ca,2023/06/20 7:47 AM,2023-06-20,2023-06-20 04:17:00 +0200,New Delhi,4643144,aadhithan,Rama Aadhithan,2023-07-03 11:29:20 +0200,2023-12-30 03:05:24 +0100,research,CC-BY-NC,https://www.inaturalist.org/observations/170807417,https://inaturalist-open-data.s3.amazonaws.com/photos/296310643/medium.jpeg,,"",,3,0,false,,"WCCR+6JW, Hunasemaradapalya, Bheemanakuppe Ramasagara, Karnataka 560060, India",12.9206072,77.4415806,208,,,,208,,open,false,,,Tricolored Munia,Lonchura malacca,Capuchino Tricolor de la India,Aves,979790
170807421,79e69456-eb42-4a54-ae65-577928ae49d0,2023/06/20 7:50 AM,2023-06-20,2023-06-20 04:20:00 +0200,New Delhi,4643144,aadhithan,Rama Aadhithan,2023-07-03 11:29:21 +0200,2023-12-30 03:05:20 +0100,research,CC-BY-NC,https://www.inaturalist.org/observations/170807421,https://inaturalist-open-data.s3.amazonaws.com/photos/296310955/medium.jpeg,,"",,3,0,false,,"WCCR+6JW, Hunasemaradapalya, Bheemanakuppe Ramasagara, Karnataka 560060, India",12.9206072,77.4415806,208,,,,208,,open,false,,,Tricolored Munia,Lonchura malacca,Capuchino Tricolor de la India,Aves,979790
170813739,59ff29f9-8b6f-4878-b7d4-99dfadacf2ce,2023/06/22 8:45 AM,2023-06-22,2023-06-22 05:15:00 +0200,New Delhi,4643144,aadhithan,Rama Aadhithan,2023-07-03 12:40:12 +0200,2023-12-30 03:05:20 +0100,research,CC-BY-NC,https://www.inaturalist.org/observations/170813739,https://inaturalist-open-data.s3.amazonaws.com/photos/296323646/medium.jpeg,,"",,4,0,false,,"WCCR+6JW, Hunasemaradapalya, Bheemanakuppe Ramasagara, Karnataka 560060, India",12.9206072,77.4415806,208,,,,208,,open,false,,,Tricolored Munia,Lonchura malacca,Capuchino Tricolor de la India,Aves,979790
171207385,9fe9b85f-df55-4c67-a21b-55fed9c3a1f7,2023/07/05 7:45 AM,2023-07-05,2023-07-05 04:00:00 +0200,Kathmandu,5741756,ananding,Anand Chaudhary,2023-07-05 16:15:30 +0200,2024-02-20 10:06:31 +0100,research,,https://www.inaturalist.org/observations/171207385,https://static.inaturalist.org/photos/297061492/medium.jpeg,,"",,4,0,false,,"Kohalpur, Nepal",28.1973025477,81.6785976004,244,,,,244,,open,false,,,Tricolored Munia,Lonchura malacca,Capuchino Tricolor de la India,Aves,979790
171772822,39be3fc2-5dc1-49da-a8e8-91454c150b0b,2023-07-08 07:29:17-05:00,2023-07-08,2023-07-08 14:29:17 +0200,America/Panama,1034989,agonzalo,Aitor,2023-07-08 18:42:47 +0200,2024-02-20 10:06:30 +0100,research,CC-BY,https://www.inaturalist.org/observations/171772822,https://inaturalist-open-data.s3.amazonaws.com/photos/298106072/medium.jpg,,"","",3,0,false,3,"Provincia de Panamá, PA",9.0307445,-79.4204466667,,,,,,,open,false,,,Capuchino Tricolor,Lonchura malacca,Capuchino Tricolor de la India,Aves,979790
171995709,d087a579-0418-41db-aa71-2d3a99d32502,2023/07/01 5:44 PM,2023-07-01,2023-07-01 14:14:00 +0200,New Delhi,5886492,guru19,Guru Prasad,2023-07-09 19:45:13 +0200,2024-02-20 10:06:29 +0100,research,,https://www.inaturalist.org/observations/171995709,https://static.inaturalist.org/photos/298516254/medium.jpg,,"",,6,0,false,,"Srinivasa Sagara, Chickballapur, Nallakadirenahalli, Karnataka 561211",13.4514103,77.6268303,209,,,,209,,open,false,,,Tricolored Munia,Lonchura malacca,Capuchino Tricolor de la India,Aves,979790
172016542,a5f59d1d-187a-4854-afbc-06204c60990a,2015/10/23 1:40 PM,2015-10-23,2015-10-23 10:10:00 +0200,New Delhi,1078106,avinashbhagat2,Avinash Bhagat,2023-07-09 21:23:52 +0200,2024-06-30 14:40:20 +0200,research,CC-BY-NC,https://www.inaturalist.org/observations/172016542,https://inaturalist-open-data.s3.amazonaws.com/photos/298552003/medium.jpg,,"",,6,0,false,,"Nannaj, Maharashtra 413222, India",17.8268182,75.8687496,214,,,,214,,open,false,,,Tricolored Munia,Lonchura malacca,Capuchino Tricolor de la India,Aves,979790
172016550,0bdd9e98-5386-4e79-8afc-5b5b53bbde31,2015/10/23 1:40 PM,2015-10-23,2015-10-23 10:10:00 +0200,New Delhi,1078106,avinashbhagat2,Avinash Bhagat,2023-07-09 21:23:53 +0200,2024-06-30 14:40:20 +0200,research,CC-BY-NC,https://www.inaturalist.org/observations/172016550,https://inaturalist-open-data.s3.amazonaws.com/photos/298552022/medium.jpg,,"",,6,0,false,,"Nannaj, Maharashtra 413222, India",17.8268182,75.8687496,214,,,,214,,open,false,,,Tricolored Munia,Lonchura malacca,Capuchino Tricolor de la India,Aves,979790
172131679,876d2f37-f103-430f-848d-c45f02a73064,2023/07/07 7:01 AM,2023-07-07,2023-07-07 03:16:00 +0200,Kathmandu,5741756,ananding,Anand Chaudhary,2023-07-10 12:13:53 +0200,2024-02-20 10:06:32 +0100,research,,https://www.inaturalist.org/observations/172131679,https://static.inaturalist.org/photos/298774032/medium.jpeg,,"",,4,0,false,,"Kohalpur, Nepal",28.1970783569,81.6792297513,61,,,,61,,open,false,,,Tricolored Munia,Lonchura malacca,Capuchino Tricolor de la India,Aves,979790
172253522,4c4fbc3b-d854-448f-a18e-885eedb235c7,2023-07-10 17:43:04,2023-07-10,2023-07-10 23:43:04 +0200,America/Santo_Domingo,3637133,paniaguanaturalista,Jaskeen Paniagua,2023-07-11 02:23:54 +0200,2023-12-30 03:05:09 +0100,research,,https://www.inaturalist.org/observations/172253522,https://inaturalist-open-data.s3.amazonaws.com/photos/299002972/medium.jpeg,,"",,2,0,false,2,Dominican Republic,18.932863127,-71.597493436,15,,,,30615,obscured,open,true,gps,gps,Monjita Tricolor,Lonchura malacca,Capuchino Tricolor de la India,Aves,979790
172350994,1ece2f2a-785c-446a-90cc-3193ddaf8ffa,2023-07-01 11:27:55,2023-07-01,2023-07-01 07:57:55 +0200,New Delhi,638416,renju,renjus box,2023-07-11 17:54:41 +0200,2024-02-20 10:06:39 +0100,research,CC-BY,https://www.inaturalist.org/observations/172350994,https://inaturalist-open-data.s3.amazonaws.com/photos/299187263/medium.jpeg,,"",,5,0,false,2,Changaram Wetlands,9.7974309476,76.2889039144,263,,,,263,,open,false,gps,gps,Tricolored Munia,Lonchura malacca,Capuchino Tricolor de la India,Aves,979790
172467860,59f19087-8d73-4065-bff2-357dfbb8d299,2023/07/11 4:16 PM,2023-07-11,2023-07-11 12:46:00 +0200,New Delhi,6263591,parthparikh,PARTH PARIKH_BIRDER,2023-07-12 08:47:45 +0200,2023-07-27 13:52:04 +0200,research,CC-BY-NC,https://www.inaturalist.org/observations/172467860,https://inaturalist-open-data.s3.amazonaws.com/photos/299408625/medium.jpg,,"",,5,0,false,,"Vayana, Gujarat 382165, India",23.0946939,72.3856487,2843,,,,2843,,open,false,,,Tricolored Munia,Lonchura malacca,Capuchino Tricolor de la India,Aves,979790
172822655,8875883b-1910-46e6-8951-b86f31725c0e,2023/06/04 8:31 AM,2023-06-04,2023-06-04 05:01:00 +0200,New Delhi,5529522,kunikimu,Ayaan S,2023-07-14 13:13:26 +0200,2024-03-14 11:02:01 +0100,research,CC-BY-NC-ND,https://www.inaturalist.org/observations/172822655,https://inaturalist-open-data.s3.amazonaws.com/photos/300060025/medium.jpg,,"",,6,0,false,,"Muthanallur Lake, Bommasandra, Karnataka",12.8225173,77.7294705,1349,,,,1349,,open,false,,,Tricolored Munia,Lonchura malacca,Capuchino Tricolor de la India,Aves,979790
172822667,16984a92-be55-46ec-8571-b78907891302,2023/06/04 9:06 AM,2023-06-04,2023-06-04 05:36:00 +0200,New Delhi,5529522,kunikimu,Ayaan S,2023-07-14 13:13:29 +0200,2024-03-14 11:02:01 +0100,research,CC-BY-NC-ND,https://www.inaturalist.org/observations/172822667,https://inaturalist-open-data.s3.amazonaws.com/photos/300060150/medium.jpg,,"",,7,0,false,,"Muthanallur Lake, Bommasandra, Karnataka",12.8225173,77.7294705,1349,,,,1349,,open,false,,,Tricolored Munia,Lonchura malacca,Capuchino Tricolor de la India,Aves,979790
172822668,c1f8249b-bb1e-42f4-9e34-16713d12677c,2023/06/04 9:06 AM,2023-06-04,2023-06-04 05:36:00 +0200,New Delhi,5529522,kunikimu,Ayaan S,2023-07-14 13:13:29 +0200,2024-03-14 11:02:01 +0100,research,CC-BY-NC-ND,https://www.inaturalist.org/observations/172822668,https://inaturalist-open-data.s3.amazonaws.com/photos/300066894/medium.jpg,,"","",7,0,false,,"Muthanallur Lake, Bommasandra, Karnataka",12.8225173,77.7294705,1349,,,,1349,,open,false,,,Tricolored Munia,Lonchura malacca,Capuchino Tricolor de la India,Aves,979790
172822670,bbcbe45f-116d-4036-9ec6-b6f39983a525,2023/06/04 9:06 AM,2023-06-04,2023-06-04 05:36:00 +0200,New Delhi,5529522,kunikimu,Ayaan S,2023-07-14 13:13:30 +0200,2024-03-14 11:02:01 +0100,research,CC-BY-NC-ND,https://www.inaturalist.org/observations/172822670,https://inaturalist-open-data.s3.amazonaws.com/photos/300060154/medium.jpg,,"",,6,0,false,,"Muthanallur Lake, Bommasandra, Karnataka",12.8225173,77.7294705,1349,,,,1349,,open,false,,,Tricolored Munia,Lonchura malacca,Capuchino Tricolor de la India,Aves,979790
172862988,3ba6516b-418d-41cc-9ad0-77f2d70434e1,2023/07/14 10:37 AM,2023-07-14,2023-07-14 07:07:00 +0200,New Delhi,951127,aniruddha_singhamahapatra,Aniruddha Singhamahapatra,2023-07-14 18:23:44 +0200,2024-02-20 10:06:36 +0100,research,CC-BY-NC-SA,https://www.inaturalist.org/observations/172862988,https://inaturalist-open-data.s3.amazonaws.com/photos/300135461/medium.jpeg,,"",,6,0,false,,"Kuldiha, West Bengal, India",22.9897486193,86.999111498,4,,,,4,,open,false,,,Tricolored Munia,Lonchura malacca,Capuchino Tricolor de la India,Aves,979790
172932245,6a58ca1c-7940-4a9e-8251-dbdafbd71d64,2023-07-14 07:07:24,2023-07-14,2023-07-14 13:07:24 +0200,America/Santo_Domingo,3637133,paniaguanaturalista,Jaskeen Paniagua,2023-07-15 02:11:23 +0200,2023-12-30 03:05:13 +0100,research,,https://www.inaturalist.org/observations/172932245,https://inaturalist-open-data.s3.amazonaws.com/photos/300266295/medium.jpeg,,"",,2,0,false,2,Dominican Republic,18.8698465389,-71.4335468695,15,,,,30615,obscured,open,true,gps,gps,Monjita Tricolor,Lonchura malacca,Capuchino Tricolor de la India,Aves,979790
172990657,7d324555-e843-4b2f-8dec-7baa83a8ea38,2023/02/19 12:42 PM,2023-02-19,2023-02-19 08:12:00 +0100,New Delhi,3281087,devbagdi,Dev Bagdi,2023-07-15 13:17:08 +0200,2023-12-30 03:05:08 +0100,research,CC-BY-NC,https://www.inaturalist.org/observations/172990657,https://inaturalist-open-data.s3.amazonaws.com/photos/300374316/medium.jpeg,,"","",5,0,false,,"Mangalam, Tirupati, Andhra Pradesh, India",13.6616006632,79.4869667657,2071,,,,2071,,open,false,,,Tricolored Munia,Lonchura malacca,Capuchino Tricolor de la India,Aves,979790
173145215,600fa7dc-72e9-49c7-98f7-ba6d5afdb3bf,2023-07-15 08:21:36,2023-07-15,2023-07-15 04:51:36 +0200,New Delhi,638416,renju,renjus box,2023-07-16 05:41:09 +0200,2024-02-20 05:25:34 +0100,research,CC-BY,https://www.inaturalist.org/observations/173145215,https://inaturalist-open-data.s3.amazonaws.com/photos/300657984/medium.jpeg,,"",,6,0,false,2,Changaram Wetlands,9.7974309476,76.2889039144,263,,,,263,,open,false,gps,gps,Tricolored Munia,Lonchura malacca,Capuchino Tricolor de la India,Aves,979790
173200586,f26207c4-77da-4558-befa-cdd5a78afeef,2023-07-16 06:51:44,2023-07-16,2023-07-16 14:51:44 +0200,America/Costa_Rica,3941221,james1472,James AZ,2023-07-16 15:03:01 +0200,2025-12-30 15:35:44 +0100,research,,https://www.inaturalist.org/observations/173200586,https://static.inaturalist.org/photos/300757286/medium.jpeg,,"",,2,0,false,2,"Alajuela, CR-AL, CR",10.0244379,-84.2204693,1399,,,,1399,,open,false,,,Tricolored Munia,Lonchura malacca,Capuchino Tricolor de la India,Aves,979790
173307794,e4686a1b-fd19-4d60-ac01-a7a97f063f71,2023/07/16 8:39 AM,2023-07-16,2023-07-16 15:39:00 +0200,America/Panama,1493572,katiuska19,"",2023-07-17 00:23:30 +0200,2024-02-20 05:25:27 +0100,research,CC-BY-NC,https://www.inaturalist.org/observations/173307794,https://inaturalist-open-data.s3.amazonaws.com/photos/300952407/medium.jpeg,,"",,3,0,false,,"Querévalo, Panamá",8.3574760314,-82.5143908099,244,,,,244,,open,false,,,Capuchino Tricolor,Lonchura malacca,Capuchino Tricolor de la India,Aves,979790
173986523,d0dfc5ee-2304-4d73-8308-b60d0c9ecbd3,2017-08-06 08:26:07,2017-08-06,2017-08-06 04:56:07 +0200,New Delhi,1188725,nishantpurushottamberde,Nishant Purushottam Berde,2023-07-20 21:32:30 +0200,2024-02-25 00:33:16 +0100,research,CC-BY,https://www.inaturalist.org/observations/173986523,https://inaturalist-open-data.s3.amazonaws.com/photos/302210244/medium.jpeg,,"",,8,0,false,2,"Sector 16 Sai Baba Mandir,Bus depo parking, Jijamata Nagar, Ghansoli, Navi Mumbai, Maharashtra 400701, India",19.1204080152,72.9891357198,442,,,,442,,open,false,gps,gps,Tricolored Munia,Lonchura malacca,Capuchino Tricolor de la India,Aves,979790
174487442,9003fe02-4a54-4eac-b90f-5f3323d74ea1,2022/12/04 7:54 AM,2022-12-04,2022-12-04 03:24:00 +0100,New Delhi,3792546,kishorenath,kishore T,2023-07-23 17:15:16 +0200,2024-02-20 10:07:22 +0100,research,CC-BY-NC,https://www.inaturalist.org/observations/174487442,https://inaturalist-open-data.s3.amazonaws.com/photos/303135899/medium.jpeg,,"",,6,0,false,,"Andhra Pradesh, India",16.4102635735,80.7077177925,326,,,,326,,open,false,,,Tricolored Munia,Lonchura malacca,Capuchino Tricolor de la India,Aves,979790
174633126,58552b07-f492-4c77-a4ff-cd749b68d826,2023/07/16 8:21 AM,2023-07-16,2023-07-16 04:51:00 +0200,New Delhi,6250688,sharadavakil,,2023-07-24 07:33:45 +0200,2024-02-22 09:58:03 +0100,research,CC-BY-NC,https://www.inaturalist.org/observations/174633126,https://inaturalist-open-data.s3.amazonaws.com/photos/303406981/medium.jpeg,,"","Saw three striking birds with 3 colors (black, rusty, white) at the same place after a gap of a year sitting on reeds and grass swamps (about three feet over water bodies created due to the rains) which hardly moved (weigh 11g) as they flew from blade to blade chasing each other  enjoying/sharing  grass seed. Disappear very fast with slightest of movements. Maybe just chatting....",7,0,false,,"Parnera Pardi, Gujarat, India",20.5772629,72.9593439,760,,,,760,,open,false,,,Tricolored Munia,Lonchura malacca,Capuchino Tricolor de la India,Aves,979790
174864843,80f7b360-6696-4cf2-9009-4e5e0ac63a7b,2023-07-16 16:12:38,2023-07-16,2023-07-16 12:42:38 +0200,New Delhi,5218906,mohua,mohua sinha,2023-07-25 16:12:37 +0200,2024-02-20 05:23:15 +0100,research,,https://www.inaturalist.org/observations/174864843,https://static.inaturalist.org/photos/303836143/medium.jpeg,,"",,6,0,false,2,Nayachar,23.6278659352,88.1623756886,1093,,,,1093,,open,false,gps,gps,Tricolored Munia,Lonchura malacca,Capuchino Tricolor de la India,Aves,979790
175378831,1b9dedc8-7316-4f38-8c50-b81853d8fa1f,2023/01/22 9:00 AM,2023-01-22,2023-01-22 04:30:00 +0100,New Delhi,3792546,kishorenath,kishore T,2023-07-28 17:03:14 +0200,2024-02-20 05:23:14 +0100,research,CC-BY-NC,https://www.inaturalist.org/observations/175378831,https://inaturalist-open-data.s3.amazonaws.com/photos/304780507/medium.jpeg,,"",,5,0,false,,"Andhra Pradesh, India",16.5990145652,80.583023416,422,,,,422,,open,false,,,Tricolored Munia,Lonchura malacca,Capuchino Tricolor de la India,Aves,979790
175378897,6e6330e2-16c7-4e74-8d15-a176ec9a6717,2023/01/22 6:51 AM,2023-01-22,2023-01-22 02:21:00 +0100,New Delhi,3792546,kishorenath,kishore T,2023-07-28 17:03:36 +0200,2024-02-20 05:23:17 +0100,research,CC-BY-NC,https://www.inaturalist.org/observations/175378897,https://inaturalist-open-data.s3.amazonaws.com/photos/304781961/medium.jpeg,,"",,5,0,false,,"Andhra Pradesh, India",16.5990145652,80.583023416,422,,,,422,,open,false,,,Tricolored Munia,Lonchura malacca,Capuchino Tricolor de la India,Aves,979790
175698915,0097b4e1-9d9c-46d3-a02b-ecd45760bd08,2018-01-13 15:26:29,2018-01-13,2018-01-13 10:56:29 +0100,New Delhi,579708,ravinaidu,Ravi Naidu,2023-07-30 12:09:37 +0200,2024-02-20 05:23:18 +0100,research,CC-BY-NC,https://www.inaturalist.org/observations/175698915,https://inaturalist-open-data.s3.amazonaws.com/photos/305370762/medium.jpeg,,"",,4,0,false,2,"Mandhar, Chhattisgarh 493111, India",21.3515611885,81.7028804496,3015,,,,3015,,open,false,gps,gps,Tricolored Munia,Lonchura malacca,Capuchino Tricolor de la India,Aves,979790
175731356,a4eee04b-d1a8-44a6-9736-875ec5ddc449,2023-07-29 18:34:31,2023-07-29,2023-07-29 15:04:31 +0200,New Delhi,5820545,hemanth10,Hemanth G K,2023-07-30 16:20:49 +0200,2024-02-20 05:23:19 +0100,research,,https://www.inaturalist.org/observations/175731356,https://static.inaturalist.org/photos/305430681/medium.jpeg,,"",,3,0,false,2,"84Q3+6HX, Piriyapatna, Karnataka 571107, India",12.3402340529,76.1052497104,133,,,,133,,open,false,gps,gps,Tricolored Munia,Lonchura malacca,Capuchino Tricolor de la India,Aves,979790
175776312,cd0ed0ed-d8d6-4833-bf2e-58ac322eb2cf,2023-07-30 08:53:21,2023-07-30,2023-07-30 16:53:21 +0200,America/Tegucigalpa,5952226,skiperpagany,Mattis Hernández-Pagany,2023-07-30 20:00:13 +0200,2024-10-02 15:35:30 +0200,research,CC-BY-NC,https://www.inaturalist.org/observations/175776312,https://inaturalist-open-data.s3.amazonaws.com/photos/305511876/medium.jpeg,,"",,3,0,false,2,nueva murcia,15.0444945496,-87.9659457877,286,,,,286,,open,false,gps,gps,Lonchura malacca,Lonchura malacca,Capuchino Tricolor de la India,Aves,979790
176138812,c1f830b6-259e-47a7-a906-2b4a1dc6a282,2023-07-23 08:58:29,2023-07-23,2023-07-23 05:28:29 +0200,New Delhi,6510235,jashsadiwala,Jash Sadiwala,2023-08-01 19:37:27 +0200,2024-02-20 05:10:22 +0100,research,CC-BY-NC,https://www.inaturalist.org/observations/176138812,https://inaturalist-open-data.s3.amazonaws.com/photos/306188826/medium.jpeg,,"",,9,0,false,2,"CFF8+6V5, Rohni, Gujarat 388625, India",22.4223788692,72.4675909057,1362,,,,1362,,open,false,gps,gps,Tricolored Munia,Lonchura malacca,Capuchino Tricolor de la India,Aves,979790
176205191,d5bca5fe-d959-477c-b399-a4dce99fe450,2023-07-27 10:33:27,2023-07-27,2023-07-27 07:03:27 +0200,New Delhi,4552532,paackkaran,Anil B Positive,2023-08-02 03:14:44 +0200,2024-02-20 05:10:21 +0100,research,,https://www.inaturalist.org/observations/176205191,https://static.inaturalist.org/photos/306314085/medium.jpeg,,"",,6,0,false,2,Kalamassery,10.053148958,76.3528075442,2253,,,,2253,,open,false,gps,gps,Tricolored Munia,Lonchura malacca,Capuchino Tricolor de la India,Aves,979790
176257578,8ee74fd2-4c5d-42cc-86a0-d8e6285f8f01,2023/08/02 7:36 AM,2023-08-02,2023-08-02 04:06:00 +0200,New Delhi,5956273,deemopahan,Deepa Mohan,2023-08-02 14:03:12 +0200,2024-02-20 05:23:10 +0100,research,CC-BY-NC,https://www.inaturalist.org/observations/176257578,https://inaturalist-open-data.s3.amazonaws.com/photos/306413478/medium.jpeg,,"","Tricolor Munia, Muthanallur,020823",5,0,false,,"Muthanallur Lake, Bommasandra, Karnataka",12.8225173,77.7294705,1349,,,,1349,,open,false,,,Tricolored Munia,Lonchura malacca,Capuchino Tricolor de la India,Aves,979790
176807934,e3be4fef-382f-4179-a4f1-84b4efed5dd7,2023/06/23 7:53 AM,2023-06-23,2023-06-23 04:23:00 +0200,New Delhi,4749129,vasensuli,,2023-08-05 19:36:14 +0200,2024-02-20 05:23:10 +0100,research,CC-BY-NC,https://www.inaturalist.org/observations/176807934,https://inaturalist-open-data.s3.amazonaws.com/photos/307433124/medium.jpeg,,"","",5,0,false,,pavalathanoor lake,11.6893730293,77.9771083785,15,,,,15,,open,false,,,Tricolored Munia,Lonchura malacca,Capuchino Tricolor de la India,Aves,979790
177536981,98f8655f-be3f-4a8f-ace1-df95c44af590,2021/07/25 7:32 AM,2021-07-25,2021-07-25 04:02:00 +0200,New Delhi,991814,metalquip,,2023-08-09 19:38:45 +0200,2023-08-30 04:19:50 +0200,research,CC-BY-NC,https://www.inaturalist.org/observations/177536981,https://inaturalist-open-data.s3.amazonaws.com/photos/308790258/medium.jpg,,"","",5,0,false,,"Mandhar, Chhattisgarh 493111, India",21.3479616,81.7075878,2760,,,,2760,,open,false,,,Tricolored Munia,Lonchura malacca,Capuchino Tricolor de la India,Aves,979790
177632278,bb26fd84-bffa-49b1-b89c-98ac2a1a7c45,2023-06-02 07:08:48,2023-06-02,2023-06-02 03:38:48 +0200,New Delhi,668311,afsarnayakkan,Afsar Nayakkan,2023-08-10 09:35:57 +0200,2024-05-20 19:17:40 +0200,research,CC-BY,https://www.inaturalist.org/observations/177632278,https://inaturalist-open-data.s3.amazonaws.com/photos/308974491/medium.jpeg,,"",,5,0,false,2,Kattampally,11.9446843155,75.3849381208,1858,,,,1858,,open,false,gps,gps,Tricolored Munia,Lonchura malacca,Capuchino Tricolor de la India,Aves,979790
177632326,2fb543b7-5fdf-4009-9d12-1dc2299f17e1,2023-06-02 07:08:49,2023-06-02,2023-06-02 03:38:49 +0200,New Delhi,668311,afsarnayakkan,Afsar Nayakkan,2023-08-10 09:36:52 +0200,2024-05-20 19:17:40 +0200,research,CC-BY,https://www.inaturalist.org/observations/177632326,https://inaturalist-open-data.s3.amazonaws.com/photos/308974620/medium.jpeg,,"",,5,0,false,2,Kattampally,11.9446843155,75.3849381208,1858,,,,1858,,open,false,gps,gps,Tricolored Munia,Lonchura malacca,Capuchino Tricolor de la India,Aves,979790
177632541,fc68bee1-fbf1-4df3-a89f-26f4300bda2e,2023-06-02 07:22:53,2023-06-02,2023-06-02 03:52:53 +0200,New Delhi,668311,afsarnayakkan,Afsar Nayakkan,2023-08-10 09:40:12 +0200,2024-05-20 19:17:40 +0200,research,CC-BY,https://www.inaturalist.org/observations/177632541,https://inaturalist-open-data.s3.amazonaws.com/photos/308975057/medium.jpeg,,"",,4,0,false,2,Kattampally,11.9446843155,75.3849381208,1858,,,,1858,,open,false,gps,gps,Tricolored Munia,Lonchura malacca,Capuchino Tricolor de la India,Aves,979790
177632587,49ed7462-9c89-4c8e-bf46-bb6bec42caf4,2023-06-02 07:22:55,2023-06-02,2023-06-02 03:52:55 +0200,New Delhi,668311,afsarnayakkan,Afsar Nayakkan,2023-08-10 09:40:33 +0200,2024-05-20 19:17:40 +0200,research,CC-BY,https://www.inaturalist.org/observations/177632587,https://inaturalist-open-data.s3.amazonaws.com/photos/308975091/medium.jpeg,,"",,4,0,false,2,Kattampally,11.9446843155,75.3849381208,1858,,,,1858,,open,false,gps,gps,Tricolored Munia,Lonchura malacca,Capuchino Tricolor de la India,Aves,979790
177632947,af8cecbc-896a-49f4-bbab-bb2cef598761,2023-06-02 07:22:59,2023-06-02,2023-06-02 03:52:59 +0200,New Delhi,668311,afsarnayakkan,Afsar Nayakkan,2023-08-10 09:47:25 +0200,2024-05-20 19:17:40 +0200,research,CC-BY,https://www.inaturalist.org/observations/177632947,https://inaturalist-open-data.s3.amazonaws.com/photos/308975888/medium.jpeg,,"",,4,0,false,2,Kattampally,11.9446843155,75.3849381208,1858,,,,1858,,open,false,gps,gps,Tricolored Munia,Lonchura malacca,Capuchino Tricolor de la India,Aves,979790
178325741,182082d0-f88b-45ba-bcfb-a6703346a43e,2023-08-14 11:57:38,2023-08-14,2023-08-14 08:27:38 +0200,New Delhi,3569235,veenas,"",2023-08-14 08:29:04 +0200,2024-02-20 05:23:12 +0100,research,CC-BY-NC,https://www.inaturalist.org/observations/178325741,https://inaturalist-open-data.s3.amazonaws.com/photos/310287226/medium.jpeg,,"",,6,0,false,2,"Kambipura, Karnataka 560060, India",12.8883342063,77.4673904479,81,,,,81,,open,false,gps,gps,Tricolored Munia,Lonchura malacca,Capuchino Tricolor de la India,Aves,979790
178498357,71ac7f88-d090-42e1-b9cd-84baa0665f13,2023/08/13 9:00 AM,2023-08-13,2023-08-13 05:30:00 +0200,New Delhi,2332157,surabhi_srivastava_gaur,Surabhi Srivastava,2023-08-15 10:43:05 +0200,2024-02-20 05:09:42 +0100,research,CC-BY,https://www.inaturalist.org/observations/178498357,https://inaturalist-open-data.s3.amazonaws.com/photos/310613466/medium.jpeg,,"",,7,0,false,,"Telangana, India",17.4363021912,78.2179597445,599,,,,599,,open,false,,,Tricolored Munia,Lonchura malacca,Capuchino Tricolor de la India,Aves,979790
178514123,eb25a323-18b6-4161-be33-0351a421f325,2023/08/06 9:19 AM,2023-08-06,2023-08-06 05:49:00 +0200,New Delhi,5529522,kunikimu,Ayaan S,2023-08-15 14:00:35 +0200,2024-03-14 11:02:01 +0100,research,CC-BY-NC-ND,https://www.inaturalist.org/observations/178514123,https://inaturalist-open-data.s3.amazonaws.com/photos/310641796/medium.jpg,,"",,7,0,false,,"Muthanallur Lake, Bommasandra, Karnataka",12.8225173,77.7294705,1349,,,,1349,,open,false,,,Tricolored Munia,Lonchura malacca,Capuchino Tricolor de la India,Aves,979790
179253713,292dcc39-5ac6-422b-b6c3-f062551a8cb5,2023-08-19 08:12:09-05:00,2023-08-19,2023-08-19 15:12:09 +0200,America/Panama,1034989,agonzalo,Aitor,2023-08-20 02:16:30 +0200,2024-02-20 05:09:36 +0100,research,CC-BY,https://www.inaturalist.org/observations/179253713,https://inaturalist-open-data.s3.amazonaws.com/photos/312047742/medium.jpg,,"","",3,0,false,3,"Provincia de Panamá, PA",9.0307993194,-79.4202152058,80,,,,80,,open,false,,,Capuchino Tricolor,Lonchura malacca,Capuchino Tricolor de la India,Aves,979790
179336567,8ebca7f5-1850-4e69-aead-e40314f77df1,2023-08-20 11:17:53,2023-08-20,2023-08-20 07:47:53 +0200,New Delhi,4552515,ritu2008,Ritu,2023-08-20 15:29:10 +0200,2024-02-20 05:09:34 +0100,research,CC-BY-NC,https://www.inaturalist.org/observations/179336567,https://inaturalist-open-data.s3.amazonaws.com/photos/312199575/medium.jpeg,,"",,6,0,false,2,"3/734, Marasandiram, Tamil Nadu 635109, India",12.7791866667,77.86274,,,,,,,open,false,gps,gps,Tricolored Munia,Lonchura malacca,Capuchino Tricolor de la India,Aves,979790
179336610,51ad6cbb-f879-4990-8f62-470ba9a2db90,2023-08-20 11:19:04,2023-08-20,2023-08-20 07:49:04 +0200,New Delhi,4552515,ritu2008,Ritu,2023-08-20 15:29:25 +0200,2024-02-20 10:07:17 +0100,research,CC-BY-NC,https://www.inaturalist.org/observations/179336610,https://inaturalist-open-data.s3.amazonaws.com/photos/312199643/medium.jpeg,,"",,6,0,false,2,"3/734, Marasandiram, Tamil Nadu 635109, India",12.7790983333,77.8626466667,,,,,,,open,false,gps,gps,Tricolored Munia,Lonchura malacca,Capuchino Tricolor de la India,Aves,979790
179336848,8be1a28c-2d31-4068-86fc-d3052ca04f1a,2023-08-20 11:14:45,2023-08-20,2023-08-20 07:44:45 +0200,New Delhi,4552515,ritu2008,Ritu,2023-08-20 15:31:12 +0200,2024-02-20 05:09:33 +0100,research,CC-BY-NC,https://www.inaturalist.org/observations/179336848,https://inaturalist-open-data.s3.amazonaws.com/photos/312200088/medium.jpeg,,"",,5,0,false,2,"3/734, Marasandiram, Tamil Nadu 635109, India",12.7791966667,77.862745,,,,,,,open,false,gps,gps,Tricolored Munia,Lonchura malacca,Capuchino Tricolor de la India,Aves,979790
179336915,447e3e4a-e8f4-4b63-a35a-076c27eb7ff1,2023-08-20 11:14:12,2023-08-20,2023-08-20 07:44:12 +0200,New Delhi,4552515,ritu2008,Ritu,2023-08-20 15:31:46 +0200,2024-02-20 10:07:16 +0100,research,CC-BY-NC,https://www.inaturalist.org/observations/179336915,https://inaturalist-open-data.s3.amazonaws.com/photos/312200220/medium.jpeg,,"",,6,0,false,2,"3/734, Marasandiram, Tamil Nadu 635109, India",12.77924,77.8628,,,,,,,open,false,gps,gps,Tricolored Munia,Lonchura malacca,Capuchino Tricolor de la India,Aves,979790
179336938,bfafed2a-0512-45cb-bb15-3526f8dbfd5a,2023-08-20 11:14:02,2023-08-20,2023-08-20 07:44:02 +0200,New Delhi,4552515,ritu2008,Ritu,2023-08-20 15:32:03 +0200,2024-02-20 05:09:38 +0100,research,CC-BY-NC,https://www.inaturalist.org/observations/179336938,https://inaturalist-open-data.s3.amazonaws.com/photos/312200337/medium.jpeg,,"",,6,0,false,2,"3/734, Marasandiram, Tamil Nadu 635109, India",12.77924,77.8628,,,,,,,open,false,gps,gps,Tricolored Munia,Lonchura malacca,Capuchino Tricolor de la India,Aves,979790
179336986,2dc491b5-833b-4b82-b12a-d6013df9e331,2023-08-20 11:13:57,2023-08-20,2023-08-20 07:43:57 +0200,New Delhi,4552515,ritu2008,Ritu,2023-08-20 15:32:24 +0200,2024-02-20 05:09:39 +0100,research,CC-BY-NC,https://www.inaturalist.org/observations/179336986,https://inaturalist-open-data.s3.amazonaws.com/photos/312200379/medium.jpeg,,"",,6,0,false,2,"3/734, Marasandiram, Tamil Nadu 635109, India",12.779275,77.862705,,,,,,,open,false,gps,gps,Tricolored Munia,Lonchura malacca,Capuchino Tricolor de la India,Aves,979790
179434918,aaa7079d-40d1-477b-a00f-905a5662dff3,2004/12/23 6:35 PM,2004-12-23,2004-12-23 13:35:00 +0100,Sri Jayawardenepura,6097,cypseloides,Matt Brady,2023-08-21 00:50:26 +0200,2024-02-20 05:09:40 +0100,research,CC-BY-NC,https://www.inaturalist.org/observations/179434918,https://static.inaturalist.org/photos/312380936/medium.jpg,,"",,7,0,false,,"Moneragala, Sri Lanka",6.410862,80.86398,2000,,,,2000,,open,false,,,Tricolored Munia,Lonchura malacca,Capuchino Tricolor de la India,Aves,979790
179863521,67be69ae-1d12-4fa0-94ad-e76f435de028,2023/08/21 8:41 AM,2023-08-21,2023-08-21 15:41:00 +0200,Bogota,661054,jsva,santiago vasquez,2023-08-23 20:36:04 +0200,2023-12-30 03:04:19 +0100,research,CC-BY-NC,https://www.inaturalist.org/observations/179863521,https://inaturalist-open-data.s3.amazonaws.com/photos/313199454/medium.jpeg,,"",,2,0,false,,"Puerto López, Meta, Colombia",4.103974238,-72.9473322489,488,,,,488,,open,false,,,Capuchino Tricolor,Lonchura malacca,Capuchino Tricolor de la India,Aves,979790
180074080,2aba144b-e66d-4cd7-9608-90ec44e994fc,2023/04/01 6:49 AM,2023-04-01,2023-04-01 03:19:00 +0200,New Delhi,6971,silversea_starsong,James Bailey,2023-08-25 06:16:28 +0200,2024-02-20 10:07:12 +0100,research,CC-BY-NC,https://www.inaturalist.org/observations/180074080,https://inaturalist-open-data.s3.amazonaws.com/photos/313609358/medium.jpeg,,"",,3,0,false,,"Jagadishpur, West Bengal, India",22.3639091282,88.3901970169,,,,,,,open,false,,,Tricolored Munia,Lonchura malacca,Capuchino Tricolor de la India,Aves,979790
180088512,01674a42-8075-4b19-b75b-0c00e39c6a80,2023/08/20 11:55 AM,2023-08-20,2023-08-20 08:25:00 +0200,New Delhi,5529522,kunikimu,Ayaan S,2023-08-25 10:15:56 +0200,2024-03-14 11:02:01 +0100,research,CC-BY-NC-ND,https://www.inaturalist.org/observations/180088512,https://inaturalist-open-data.s3.amazonaws.com/photos/313634117/medium.jpeg,,"",,7,0,false,,"Hoskote Lake, Karnataka",13.0702915,77.7695255,1115,,,,1115,,open,false,,,Tricolored Munia,Lonchura malacca,Capuchino Tricolor de la India,Aves,979790
180088513,d018b209-8df0-4c9b-9940-d28718012cda,2023/08/20 11:55 AM,2023-08-20,2023-08-20 08:25:00 +0200,New Delhi,5529522,kunikimu,Ayaan S,2023-08-25 10:15:56 +0200,2024-03-14 11:02:01 +0100,research,CC-BY-NC-ND,https://www.inaturalist.org/observations/180088513,https://inaturalist-open-data.s3.amazonaws.com/photos/313634129/medium.jpeg,,"","",7,0,false,,"Hoskote Lake, Karnataka",13.0702915,77.7695255,1115,,,,1115,,open,false,,,Lonchura malacca,Lonchura malacca,Capuchino Tricolor de la India,Aves,979790
180088516,477491a0-38d7-43fe-bede-3448b310f620,2023/08/20 11:57 AM,2023-08-20,2023-08-20 08:27:00 +0200,New Delhi,5529522,kunikimu,Ayaan S,2023-08-25 10:15:57 +0200,2024-03-14 11:02:01 +0100,research,CC-BY-NC-ND,https://www.inaturalist.org/observations/180088516,https://inaturalist-open-data.s3.amazonaws.com/photos/313634146/medium.jpeg,,"","",7,0,false,,"Hoskote Lake, Karnataka",13.0702915,77.7695255,1115,,,,1115,,open,false,,,Lonchura malacca,Lonchura malacca,Capuchino Tricolor de la India,Aves,979790
180638649,46d684b5-fc32-4977-95bb-f7faa0beeb69,2023-08-26 08:07:33,2023-08-26,2023-08-26 04:37:33 +0200,New Delhi,7187067,gajjarjay,Gajjar Jay,2023-08-28 18:31:34 +0200,2024-02-20 10:07:06 +0100,research,CC-BY-NC,https://www.inaturalist.org/observations/180638649,https://inaturalist-open-data.s3.amazonaws.com/photos/314693495/medium.jpeg,,"",,5,0,false,2,"Vadodara, IN-GJ, IN",22.3233308192,73.2888554782,237,,,,237,,open,false,gps,gps,Tricolored Munia,Lonchura malacca,Capuchino Tricolor de la India,Aves,979790
180875791,8acdad84-29fe-4a40-b752-1eec2031cd24,2023-07-06,2023-07-06,,New Delhi,6719332,spchoudhary40,SP CHOUDHARY,2023-08-30 07:17:49 +0200,2024-02-20 10:07:06 +0100,research,CC-BY-NC,https://www.inaturalist.org/observations/180875791,https://inaturalist-open-data.s3.amazonaws.com/photos/315149529/medium.jpeg,,"",,6,0,false,2,Surajpur,28.5126903031,77.4841857702,6193,,,,6193,,open,false,gps,gps,Tricolored Munia,Lonchura malacca,Capuchino Tricolor de la India,Aves,979790
181032243,f3dec393-a941-4e65-9fe5-05594d494d1e,2023/08/29 8:52 AM,2023-08-29,2023-08-29 05:22:00 +0200,New Delhi,4643144,aadhithan,Rama Aadhithan,2023-08-31 12:06:09 +0200,2024-02-20 10:07:08 +0100,research,CC-BY-NC,https://www.inaturalist.org/observations/181032243,https://inaturalist-open-data.s3.amazonaws.com/photos/315446081/medium.jpg,,"",,4,0,false,,"WCCR+6JW, Hunasemaradapalya, Bheemanakuppe Ramasagara, Karnataka 560060, India",12.9206072,77.4415806,208,,,,208,,open,false,,,Tricolored Munia,Lonchura malacca,Capuchino Tricolor de la India,Aves,979790
181050441,e943c041-22bd-499b-b256-0142f2fbb7fb,2023-08-25 09:39:31,2023-08-25,2023-08-25 06:09:31 +0200,New Delhi,3786548,umavaijnath,Uma Vaijnath,2023-08-31 15:47:44 +0200,2024-02-20 10:07:08 +0100,research,CC-BY-NC-ND,https://www.inaturalist.org/observations/181050441,https://inaturalist-open-data.s3.amazonaws.com/photos/315484295/medium.jpeg,,"",Seen in the process of best building,6,0,false,2,Byatarayana Doddi,12.8158467035,77.551552467,202,,,,202,,open,false,gps,gps,Tricolored Munia,Lonchura malacca,Capuchino Tricolor de la India,Aves,979790
181577772,26f57dac-ad9f-4438-8366-776a54668965,2023-09-02 09:22:00,2023-09-02,2023-09-02 05:52:00 +0200,New Delhi,3786548,umavaijnath,Uma Vaijnath,2023-09-03 17:58:27 +0200,2024-02-20 10:07:09 +0100,research,CC-BY-NC-ND,https://www.inaturalist.org/observations/181577772,https://inaturalist-open-data.s3.amazonaws.com/photos/316432903/medium.jpeg,,"",,5,0,false,2,"Singanayakanahalli, Karnataka, India",13.142580752,77.5595930591,235,,,,235,,open,false,gps,gps,Tricolored Munia,Lonchura malacca,Capuchino Tricolor de la India,Aves,979790
181701435,95021477-2a53-45c6-97b7-c86970d6f613,2023-06-20 07:06:27,2023-06-20,2023-06-20 03:36:27 +0200,New Delhi,668311,afsarnayakkan,Afsar Nayakkan,2023-09-04 08:32:41 +0200,2024-05-20 19:17:40 +0200,research,CC-BY,https://www.inaturalist.org/observations/181701435,https://inaturalist-open-data.s3.amazonaws.com/photos/316669608/medium.jpeg,,"",,2,0,false,2,Kattampally,11.9446843155,75.3849381208,1858,,,,1858,,open,false,gps,gps,Tricolored Munia,Lonchura malacca,Capuchino Tricolor de la India,Aves,979790
181701476,f18168ca-07a7-4945-ad7f-9e5bf3ab795e,2023-06-20 07:06:54,2023-06-20,2023-06-20 03:36:54 +0200,New Delhi,668311,afsarnayakkan,Afsar Nayakkan,2023-09-04 08:33:17 +0200,2024-05-20 19:17:40 +0200,research,CC-BY,https://www.inaturalist.org/observations/181701476,https://inaturalist-open-data.s3.amazonaws.com/photos/316669666/medium.jpeg,,"",,2,0,false,2,Kattampally,11.9446843155,75.3849381208,1858,,,,1858,,open,false,gps,gps,Tricolored Munia,Lonchura malacca,Capuchino Tricolor de la India,Aves,979790
181701535,c571ea62-deee-44b4-adf5-2acbb114a9c1,2023-06-20 07:07:48,2023-06-20,2023-06-20 03:37:48 +0200,New Delhi,668311,afsarnayakkan,Afsar Nayakkan,2023-09-04 08:34:09 +0200,2024-05-20 19:17:40 +0200,research,CC-BY,https://www.inaturalist.org/observations/181701535,https://inaturalist-open-data.s3.amazonaws.com/photos/316669778/medium.jpeg,,"",,3,0,false,2,Kattampally,11.9446843155,75.3849381208,1858,,,,1858,,open,false,gps,gps,Tricolored Munia,Lonchura malacca,Capuchino Tricolor de la India,Aves,979790
181701573,603cf8a5-b53b-4b6e-bac8-9b727bb134de,2023-06-20 07:07:54,2023-06-20,2023-06-20 03:37:54 +0200,New Delhi,668311,afsarnayakkan,Afsar Nayakkan,2023-09-04 08:34:53 +0200,2024-05-20 19:17:40 +0200,research,CC-BY,https://www.inaturalist.org/observations/181701573,https://inaturalist-open-data.s3.amazonaws.com/photos/316669880/medium.jpeg,,"",,3,0,false,2,Kattampally,11.9446843155,75.3849381208,1858,,,,1858,,open,false,gps,gps,Tricolored Munia,Lonchura malacca,Capuchino Tricolor de la India,Aves,979790
181701624,bfe8a758-04a5-4d20-9837-1526ec203a06,2023-06-20 07:08:09,2023-06-20,2023-06-20 03:38:09 +0200,New Delhi,668311,afsarnayakkan,Afsar Nayakkan,2023-09-04 08:35:45 +0200,2024-05-20 19:17:40 +0200,research,CC-BY,https://www.inaturalist.org/observations/181701624,https://inaturalist-open-data.s3.amazonaws.com/photos/316670031/medium.jpeg,,"",,2,0,false,2,Kattampally,11.9446843155,75.3849381208,1858,,,,1858,,open,false,gps,gps,Tricolored Munia,Lonchura malacca,Capuchino Tricolor de la India,Aves,979790
181701674,a5a0b278-31d9-477d-9f0e-6c56f7784335,2023-06-20 07:08:10,2023-06-20,2023-06-20 03:38:10 +0200,New Delhi,668311,afsarnayakkan,Afsar Nayakkan,2023-09-04 08:36:30 +0200,2024-05-20 19:17:40 +0200,research,CC-BY,https://www.inaturalist.org/observations/181701674,https://inaturalist-open-data.s3.amazonaws.com/photos/316670119/medium.jpeg,,"",,2,0,false,2,Kattampally,11.9446843155,75.3849381208,1858,,,,1858,,open,false,gps,gps,Tricolored Munia,Lonchura malacca,Capuchino Tricolor de la India,Aves,979790
181703081,0b8dc680-f6a3-4f9a-bd1b-4029a1112c3e,2023-06-20 07:08:12,2023-06-20,2023-06-20 03:38:12 +0200,New Delhi,668311,afsarnayakkan,Afsar Nayakkan,2023-09-04 08:57:41 +0200,2024-05-20 19:17:40 +0200,research,CC-BY,https://www.inaturalist.org/observations/181703081,https://inaturalist-open-data.s3.amazonaws.com/photos/316672925/medium.jpeg,,"",,2,0,false,2,Kattampally,11.9446843155,75.3849381208,1858,,,,1858,,open,false,gps,gps,Tricolored Munia,Lonchura malacca,Capuchino Tricolor de la India,Aves,979790
181703102,97397e4f-3a52-4f24-8ba3-e11fdbec79cc,2023-06-20 07:10:23,2023-06-20,2023-06-20 03:40:23 +0200,New Delhi,668311,afsarnayakkan,Afsar Nayakkan,2023-09-04 08:58:13 +0200,2024-05-20 19:17:40 +0200,research,CC-BY,https://www.inaturalist.org/observations/181703102,https://inaturalist-open-data.s3.amazonaws.com/photos/316673006/medium.jpeg,,"",,3,0,false,2,Kattampally,11.9446843155,75.3849381208,1858,,,,1858,,open,false,gps,gps,Tricolored Munia,Lonchura malacca,Capuchino Tricolor de la India,Aves,979790
181703996,ba1b9447-4431-4a9c-9007-e2f2db2fce9a,2023-06-20 07:12:02,2023-06-20,2023-06-20 03:42:02 +0200,New Delhi,668311,afsarnayakkan,Afsar Nayakkan,2023-09-04 09:11:04 +0200,2024-05-20 19:17:40 +0200,research,CC-BY,https://www.inaturalist.org/observations/181703996,https://inaturalist-open-data.s3.amazonaws.com/photos/316674821/medium.jpeg,,"",,3,0,false,2,Kattampally,11.9446843155,75.3849381208,1858,,,,1858,,open,false,gps,gps,Tricolored Munia,Lonchura malacca,Capuchino Tricolor de la India,Aves,979790
181704035,83fe4b43-68bf-4108-9fc7-7ab2203db22c,2023-06-20 07:15:38,2023-06-20,2023-06-20 03:45:38 +0200,New Delhi,668311,afsarnayakkan,Afsar Nayakkan,2023-09-04 09:11:49 +0200,2024-05-20 19:17:40 +0200,research,CC-BY,https://www.inaturalist.org/observations/181704035,https://inaturalist-open-data.s3.amazonaws.com/photos/316674921/medium.jpeg,,"",,2,0,false,2,Kattampally,11.9446843155,75.3849381208,1858,,,,1858,,open,false,gps,gps,Tricolored Munia,Lonchura malacca,Capuchino Tricolor de la India,Aves,979790
181771847,93e50190-14e9-48e4-bfc3-24bab57661a0,2023-06-20 07:08:14,2023-06-20,2023-06-20 03:38:14 +0200,New Delhi,668311,afsarnayakkan,Afsar Nayakkan,2023-09-04 19:42:18 +0200,2024-05-20 19:17:40 +0200,research,CC-BY,https://www.inaturalist.org/observations/181771847,https://inaturalist-open-data.s3.amazonaws.com/photos/316801129/medium.jpeg,,"",,3,0,false,2,Kattampally,11.9446843155,75.3849381208,1860,,,,1860,,open,false,gps,gps,Tricolored Munia,Lonchura malacca,Capuchino Tricolor de la India,Aves,979790
181771923,b420f261-cd85-4f84-bd90-08a360e187d0,2023-06-20 07:08:16,2023-06-20,2023-06-20 03:38:16 +0200,New Delhi,668311,afsarnayakkan,Afsar Nayakkan,2023-09-04 19:42:51 +0200,2024-05-20 19:17:40 +0200,research,CC-BY,https://www.inaturalist.org/observations/181771923,https://inaturalist-open-data.s3.amazonaws.com/photos/316801261/medium.jpeg,,"",,3,0,false,2,"W9VM+VXG, Kattampally, Kerala 670562, India",11.9446843155,75.3849381208,1860,,,,1860,,open,false,gps,gps,Tricolored Munia,Lonchura malacca,Capuchino Tricolor de la India,Aves,979790
181771994,044d45d8-278b-4cd8-a4b7-7a7a356cc3b0,2023-06-20 07:09:46,2023-06-20,2023-06-20 03:39:46 +0200,New Delhi,668311,afsarnayakkan,Afsar Nayakkan,2023-09-04 19:43:19 +0200,2024-05-20 19:17:40 +0200,research,CC-BY,https://www.inaturalist.org/observations/181771994,https://inaturalist-open-data.s3.amazonaws.com/photos/316801424/medium.jpeg,,"",,3,0,false,2,Kattampally,11.9446843155,75.3849381208,1860,,,,1860,,open,false,gps,gps,Tricolored Munia,Lonchura malacca,Capuchino Tricolor de la India,Aves,979790
181772055,85f27581-71b9-4251-a743-cfc29b51a661,2023-06-20 07:10:29,2023-06-20,2023-06-20 03:40:29 +0200,New Delhi,668311,afsarnayakkan,Afsar Nayakkan,2023-09-04 19:43:41 +0200,2024-05-20 19:17:40 +0200,research,CC-BY,https://www.inaturalist.org/observations/181772055,https://inaturalist-open-data.s3.amazonaws.com/photos/316801533/medium.jpeg,,"",,2,0,false,2,Kattampally,11.9446843155,75.3849381208,1860,,,,1860,,open,false,gps,gps,Tricolored Munia,Lonchura malacca,Capuchino Tricolor de la India,Aves,979790
181772152,6cb91af6-d026-4bf6-9ba3-670db67147af,2023-06-20 07:12:02,2023-06-20,2023-06-20 03:42:02 +0200,New Delhi,668311,afsarnayakkan,Afsar Nayakkan,2023-09-04 19:44:02 +0200,2024-05-20 19:17:40 +0200,research,CC-BY,https://www.inaturalist.org/observations/181772152,https://inaturalist-open-data.s3.amazonaws.com/photos/316801631/medium.jpeg,,"",,2,0,false,2,Kattampally,11.9446843155,75.3849381208,1860,,,,1860,,open,false,gps,gps,Tricolored Munia,Lonchura malacca,Capuchino Tricolor de la India,Aves,979790
181772256,a800f766-a660-4d90-ac26-1a4dcf7b37e7,2023-06-20 07:12:02,2023-06-20,2023-06-20 03:42:02 +0200,New Delhi,668311,afsarnayakkan,Afsar Nayakkan,2023-09-04 19:44:37 +0200,2024-05-20 19:17:40 +0200,research,CC-BY,https://www.inaturalist.org/observations/181772256,https://inaturalist-open-data.s3.amazonaws.com/photos/316801803/medium.jpeg,,"",,3,0,false,2,Kattampally,11.9446843155,75.3849381208,1860,,,,1860,,open,false,gps,gps,Tricolored Munia,Lonchura malacca,Capuchino Tricolor de la India,Aves,979790
181883497,5cc05ef3-f107-4c15-8eba-42eb76c4f1b0,2017/08/31 12:18 PM,2017-08-31,2017-08-31 08:48:00 +0200,New Delhi,1059559,deepachandran,"",2023-09-05 11:36:12 +0200,2023-12-30 03:04:08 +0100,research,CC-BY-SA,https://www.inaturalist.org/observations/181883497,https://inaturalist-open-data.s3.amazonaws.com/photos/317020615/medium.jpeg,,"",,3,0,false,,"Kandakkadavu, Kannamaly, Kochi, Chellanam, Kerala 682008, India",9.8594955,76.266739,580,,,,580,,open,false,,,Lonchura malacca,Lonchura malacca,Capuchino Tricolor de la India,Aves,979790
181905670,aeed0a04-0092-4712-99d9-e777684698f9,2016/10/31 9:13 AM,2016-10-31,2016-10-31 04:43:00 +0100,New Delhi,2780692,gokulvadivel,Gokul Vadivel,2023-09-05 15:54:38 +0200,2023-12-30 03:04:08 +0100,research,,https://www.inaturalist.org/observations/181905670,https://static.inaturalist.org/photos/317062357/medium.jpeg,,"",,4,0,false,,Danishpet Lake,11.8634512,78.1229464,558,,,,558,,open,false,,,Tricolored Munia,Lonchura malacca,Capuchino Tricolor de la India,Aves,979790
182017112,3a8322d5-9f66-4658-8dd3-bff84719390c,2023-06-23 07:13:25,2023-06-23,2023-06-23 03:43:25 +0200,New Delhi,668311,afsarnayakkan,Afsar Nayakkan,2023-09-06 08:34:17 +0200,2024-05-20 19:17:40 +0200,research,CC-BY,https://www.inaturalist.org/observations/182017112,https://inaturalist-open-data.s3.amazonaws.com/photos/317279634/medium.jpeg,,"",,2,0,false,2,Kattampally,11.9446843155,75.3849381208,1860,,,,1860,,open,false,gps,gps,Tricolored Munia,Lonchura malacca,Capuchino Tricolor de la India,Aves,979790
182017137,91550e4a-94c8-42f9-b517-be1a2f3018d4,2023-06-23 07:13:58,2023-06-23,2023-06-23 03:43:58 +0200,New Delhi,668311,afsarnayakkan,Afsar Nayakkan,2023-09-06 08:34:53 +0200,2024-05-20 19:17:40 +0200,research,CC-BY,https://www.inaturalist.org/observations/182017137,https://inaturalist-open-data.s3.amazonaws.com/photos/317279697/medium.jpeg,,"",,3,0,false,2,Kattampally,11.9446843155,75.3849381208,1860,,,,1860,,open,false,gps,gps,Tricolored Munia,Lonchura malacca,Capuchino Tricolor de la India,Aves,979790
182017166,610f344e-6d91-4dcf-a3ba-76900a9a4e33,2023-06-23 07:47:47,2023-06-23,2023-06-23 04:17:47 +0200,New Delhi,668311,afsarnayakkan,Afsar Nayakkan,2023-09-06 08:35:24 +0200,2024-05-20 19:17:40 +0200,research,CC-BY,https://www.inaturalist.org/observations/182017166,https://inaturalist-open-data.s3.amazonaws.com/photos/317279748/medium.jpeg,,"",,2,0,false,2,"W9VM+VXG, Kattampally, Kerala 670562, India",11.9446843155,75.3849381208,1860,,,,1860,,open,false,gps,gps,Tricolored Munia,Lonchura malacca,Capuchino Tricolor de la India,Aves,979790
182017196,dfa6a7cb-0458-41ca-8f1e-ff5d9d6114cc,2023-06-23 07:48:14,2023-06-23,2023-06-23 04:18:14 +0200,New Delhi,668311,afsarnayakkan,Afsar Nayakkan,2023-09-06 08:35:48 +0200,2024-05-20 19:17:40 +0200,research,CC-BY,https://www.inaturalist.org/observations/182017196,https://inaturalist-open-data.s3.amazonaws.com/photos/317279812/medium.jpeg,,"",,2,0,false,2,Kattampally,11.9446843155,75.3849381208,1860,,,,1860,,open,false,gps,gps,Tricolored Munia,Lonchura malacca,Capuchino Tricolor de la India,Aves,979790
182017205,d9486591-deb5-4993-84f3-08a94e0912db,2023-06-23 07:54:11,2023-06-23,2023-06-23 04:24:11 +0200,New Delhi,668311,afsarnayakkan,Afsar Nayakkan,2023-09-06 08:36:18 +0200,2024-05-20 19:17:40 +0200,research,CC-BY,https://www.inaturalist.org/observations/182017205,https://inaturalist-open-data.s3.amazonaws.com/photos/317279839/medium.jpeg,,"",,2,0,false,2,Kattampally,11.9446843155,75.3849381208,1860,,,,1860,,open,false,gps,gps,Tricolored Munia,Lonchura malacca,Capuchino Tricolor de la India,Aves,979790
182017234,79ddbe59-613a-40f5-8f9d-8b45a478849b,2023-06-23 07:55:26,2023-06-23,2023-06-23 04:25:26 +0200,New Delhi,668311,afsarnayakkan,Afsar Nayakkan,2023-09-06 08:36:49 +0200,2024-05-20 19:17:40 +0200,research,CC-BY,https://www.inaturalist.org/observations/182017234,https://inaturalist-open-data.s3.amazonaws.com/photos/317279884/medium.jpeg,,"",,2,0,false,2,"W9VM+VXG, Kattampally, Kerala 670562, India",11.9446843155,75.3849381208,1860,,,,1860,,open,false,gps,gps,Tricolored Munia,Lonchura malacca,Capuchino Tricolor de la India,Aves,979790
182030120,cc673b1e-a94b-4d0e-a65d-e4679c1df9fa,2023/09/06 8:02 AM,2023-09-06,2023-09-06 04:32:00 +0200,New Delhi,3499217,shivaprakash,,2023-09-06 12:19:43 +0200,2023-12-30 03:04:06 +0100,research,CC-BY-NC,https://www.inaturalist.org/observations/182030120,https://inaturalist-open-data.s3.amazonaws.com/photos/317305273/medium.jpeg,,"",,3,0,false,,"Shanubhoganahalli Kere, Sindhuvalli, Karnataka, India",12.2132993036,76.6253000651,61,,,,61,,open,false,,,Tricolored Munia,Lonchura malacca,Capuchino Tricolor de la India,Aves,979790
182064914,674304fa-9761-4d67-a6ca-d18b2a8e9c1d,2023/08/27 2:48 PM,2023-08-27,2023-08-27 20:48:00 +0200,America/Santo_Domingo,1092269,marioestevens,Mário Estevens,2023-09-06 18:06:41 +0200,2024-02-20 10:07:04 +0100,research,,https://www.inaturalist.org/observations/182064914,https://static.inaturalist.org/photos/317371918/medium.jpg,,"",,4,0,false,,"Villa Riva, República Dominicana",19.1304484494,-69.8280485699,300,,,,300,,open,false,,,Bico-de-chumbo-de-cabeça-preta,Lonchura malacca,Capuchino Tricolor de la India,Aves,979790
182760161,6a1c251a-17d2-4afc-afbd-ef412de4dff0,2023-06-20 07:15:38,2023-06-20,2023-06-20 03:45:38 +0200,New Delhi,668311,afsarnayakkan,Afsar Nayakkan,2023-09-11 06:03:35 +0200,2024-05-20 19:17:40 +0200,research,CC-BY,https://www.inaturalist.org/observations/182760161,https://inaturalist-open-data.s3.amazonaws.com/photos/318716929/medium.jpeg,,"",,2,0,false,2,Kattampally,11.9446843155,75.3849381208,1860,,,,1860,,open,false,gps,gps,Tricolored Munia,Lonchura malacca,Capuchino Tricolor de la India,Aves,979790
182760201,1a806ab3-e25d-49dc-b6e3-2a5e380d7292,2023-06-20 07:15:40,2023-06-20,2023-06-20 03:45:40 +0200,New Delhi,668311,afsarnayakkan,Afsar Nayakkan,2023-09-11 06:04:17 +0200,2024-05-20 19:17:40 +0200,research,CC-BY,https://www.inaturalist.org/observations/182760201,https://inaturalist-open-data.s3.amazonaws.com/photos/318717070/medium.jpeg,,"",,1,0,false,2,"W9VM+VXG, Kattampally, Kerala 670562, India",11.9446843155,75.3849381208,1860,,,,1860,,open,false,gps,gps,Tricolored Munia,Lonchura malacca,Capuchino Tricolor de la India,Aves,979790
182760495,5274b49b-f839-4665-b663-fa52ac3d15ad,2023-06-23 07:14:03,2023-06-23,2023-06-23 03:44:03 +0200,New Delhi,668311,afsarnayakkan,Afsar Nayakkan,2023-09-11 06:08:10 +0200,2024-05-20 19:17:40 +0200,research,CC-BY,https://www.inaturalist.org/observations/182760495,https://inaturalist-open-data.s3.amazonaws.com/photos/318717777/medium.jpeg,,"",,2,0,false,2,"W9VM+VXG, Kattampally, Kerala 670562, India",11.9446843155,75.3849381208,1860,,,,1860,,open,false,gps,gps,Tricolored Munia,Lonchura malacca,Capuchino Tricolor de la India,Aves,979790
182760547,00bfffed-9611-46a3-be3a-8d8735823023,2023-06-23 07:15:25,2023-06-23,2023-06-23 03:45:25 +0200,New Delhi,668311,afsarnayakkan,Afsar Nayakkan,2023-09-11 06:09:13 +0200,2024-05-20 19:17:40 +0200,research,CC-BY,https://www.inaturalist.org/observations/182760547,https://inaturalist-open-data.s3.amazonaws.com/photos/318717943/medium.jpeg,,"",,2,0,false,2,"W9VM+VXG, Kattampally, Kerala 670562, India",11.9446843155,75.3849381208,1860,,,,1860,,open,false,gps,gps,Tricolored Munia,Lonchura malacca,Capuchino Tricolor de la India,Aves,979790
182760638,290929d9-6d89-4c39-986c-ab194cdca986,2023-06-23 07:49:43,2023-06-23,2023-06-23 04:19:43 +0200,New Delhi,668311,afsarnayakkan,Afsar Nayakkan,2023-09-11 06:10:29 +0200,2024-05-20 19:17:40 +0200,research,CC-BY,https://www.inaturalist.org/observations/182760638,https://inaturalist-open-data.s3.amazonaws.com/photos/318718130/medium.jpeg,,"",,2,0,false,2,Kattampally,11.9446843155,75.3849381208,1860,,,,1860,,open,false,gps,gps,Tricolored Munia,Lonchura malacca,Capuchino Tricolor de la India,Aves,979790
182760692,2ccf8590-8ee5-4cfe-94f0-87040a2acb37,2023-06-23 07:14:13,2023-06-23,2023-06-23 03:44:13 +0200,New Delhi,668311,afsarnayakkan,Afsar Nayakkan,2023-09-11 06:11:06 +0200,2024-05-20 19:17:40 +0200,research,CC-BY,https://www.inaturalist.org/observations/182760692,https://inaturalist-open-data.s3.amazonaws.com/photos/318718224/medium.jpeg,,"",,2,0,false,2,Kattampally,11.9446843155,75.3849381208,1860,,,,1860,,open,false,gps,gps,Tricolored Munia,Lonchura malacca,Capuchino Tricolor de la India,Aves,979790
182760750,548167eb-cdc8-4503-a4bf-9a542d75a076,2023-06-23 07:52:43,2023-06-23,2023-06-23 04:22:43 +0200,New Delhi,668311,afsarnayakkan,Afsar Nayakkan,2023-09-11 06:11:49 +0200,2025-08-14 16:36:05 +0200,research,CC-BY,https://www.inaturalist.org/observations/182760750,https://inaturalist-open-data.s3.amazonaws.com/photos/318718350/medium.jpeg,,"",,3,0,false,2,Kattampally,11.9446843155,75.3849381208,1860,,,,1860,,open,false,gps,gps,Tricolored Munia,Lonchura malacca,Capuchino Tricolor de la India,Aves,979790
182760810,197dae88-ae15-4d23-bf35-fdd3d3097af9,2023-06-23 07:53:00,2023-06-23,2023-06-23 04:23:00 +0200,New Delhi,668311,afsarnayakkan,Afsar Nayakkan,2023-09-11 06:12:25 +0200,2024-05-20 19:17:40 +0200,research,CC-BY,https://www.inaturalist.org/observations/182760810,https://inaturalist-open-data.s3.amazonaws.com/photos/318718474/medium.jpeg,,"",,2,0,false,2,Kattampally,11.9446843155,75.3849381208,1860,,,,1860,,open,false,gps,gps,Tricolored Munia,Lonchura malacca,Capuchino Tricolor de la India,Aves,979790
182760900,2bb59efe-1068-4b1e-8f3a-8cfe1b0c3ceb,2023-06-23 07:58:13,2023-06-23,2023-06-23 04:28:13 +0200,New Delhi,668311,afsarnayakkan,Afsar Nayakkan,2023-09-11 06:13:35 +0200,2024-05-20 19:17:40 +0200,research,CC-BY,https://www.inaturalist.org/observations/182760900,https://inaturalist-open-data.s3.amazonaws.com/photos/318718638/medium.jpeg,,"",,2,0,false,2,Kattampally,11.9446843155,75.3849381208,1860,,,,1860,,open,false,gps,gps,Tricolored Munia,Lonchura malacca,Capuchino Tricolor de la India,Aves,979790
182762390,b02bb374-56ff-46c7-b01b-f1d7aa756d1c,2023-09-07 14:40:40,2023-09-07,2023-09-07 22:40:40 +0200,Mexico City,55867,jaguri_uriel_martinez_lizcano,JAGURIURIELMARTINEZLIZCANO,2023-09-11 06:32:46 +0200,2023-12-30 03:03:28 +0100,research,CC-BY-NC,https://www.inaturalist.org/observations/182762390,https://inaturalist-open-data.s3.amazonaws.com/photos/318722010/medium.jpeg,,"",,2,0,false,2,"86934 Tab., México",17.8570736885,-91.6537220031,3490,,,,3490,,open,false,gps,gps,Capuchino Tricolor,Lonchura malacca,Capuchino Tricolor de la India,Aves,979790
182763196,b2803f41-041d-4ed8-aa00-1a97a9ca02ce,2023-06-23 07:51:15,2023-06-23,2023-06-23 04:21:15 +0200,New Delhi,668311,afsarnayakkan,Afsar Nayakkan,2023-09-11 06:41:26 +0200,2024-05-20 19:17:40 +0200,research,CC-BY,https://www.inaturalist.org/observations/182763196,https://inaturalist-open-data.s3.amazonaws.com/photos/318723326/medium.jpeg,,"",,2,0,false,2,"W9VM+VXG, Kattampally, Kerala 670562, India",11.9446843155,75.3849381208,1860,,,,1860,,open,false,gps,gps,Tricolored Munia,Lonchura malacca,Capuchino Tricolor de la India,Aves,979790
182763433,1925d764-975f-4414-808b-dc3d77aa48a7,2023-06-20 07:15:42,2023-06-20,2023-06-20 03:45:42 +0200,New Delhi,668311,afsarnayakkan,Afsar Nayakkan,2023-09-11 06:42:34 +0200,2024-05-20 19:17:40 +0200,research,CC-BY,https://www.inaturalist.org/observations/182763433,https://inaturalist-open-data.s3.amazonaws.com/photos/318723483/medium.jpeg,,"",,2,0,false,2,Kattampally,11.9446843155,75.3849381208,1860,,,,1860,,open,false,gps,gps,Tricolored Munia,Lonchura malacca,Capuchino Tricolor de la India,Aves,979790
183018741,8286af3d-2865-4a83-a4e5-46185cb343e6,2023-07-04 10:40:39,2023-07-04,2023-07-04 18:40:39 +0200,America/Merida,499090,yazmin_zsando,Yazmin Zárate Sandoval,2023-09-13 02:12:05 +0200,2024-02-20 10:07:03 +0100,research,CC-BY-NC-SA,https://www.inaturalist.org/observations/183018741,https://inaturalist-open-data.s3.amazonaws.com/photos/319221525/medium.jpeg,,"",,4,0,false,2,"Quinta Belem I y II, 24050 Campeche, Camp., México",19.8828579877,-90.4759767652,150,,,,150,,open,false,gps,gps,Capuchino Tricolor,Lonchura malacca,Capuchino Tricolor de la India,Aves,979790
183165113,e2f7b7e9-2b7d-4c0f-a8ae-2a5837cbab8a,2023/09/13 4:07 AM,2023-09-13,2023-09-13 10:07:00 +0200,America/Santo_Domingo,1802576,rossdesign,Rossdesign Rosa Rodriguez,2023-09-14 04:19:00 +0200,2024-01-13 22:50:55 +0100,research,CC-BY,https://www.inaturalist.org/observations/183165113,https://static.inaturalist.org/photos/319505851/medium.jpeg,,"",,2,0,false,,"Pantoja, República Dominicana",18.526227,-69.9997291,2458,,,,2458,,open,false,,,Monjita Tricolor,Lonchura malacca,Capuchino Tricolor de la India,Aves,979790
183268300,ff96c27f-ef03-449a-9801-66e3b08e6ab4,2023-09-14 15:23:08,2023-09-14,2023-09-14 22:23:08 +0200,Bogota,7294887,alison_valentina,Alison Valentina Pérez Vargas,2023-09-14 22:41:42 +0200,2023-12-30 03:03:22 +0100,research,,https://www.inaturalist.org/observations/183268300,https://static.inaturalist.org/photos/319704304/medium.jpeg,,"",,4,0,false,2,"Armenia, Quindío, Colombia",4.4950652122,-75.6955718992,,,,,,,open,false,gps,gps,Capuchino Tricolor,Lonchura malacca,Capuchino Tricolor de la India,Aves,979790
183474665,15d21379-c908-49c2-9c36-8c645778e40f,2023/09/16 8:01 AM,2023-09-16,2023-09-16 04:31:00 +0200,New Delhi,5956273,deemopahan,Deepa Mohan,2023-09-16 10:53:35 +0200,2024-02-20 10:07:01 +0100,research,CC-BY-NC,https://www.inaturalist.org/observations/183474665,https://inaturalist-open-data.s3.amazonaws.com/photos/320104346/medium.jpeg,,"","Tricolor Munia, Byatarayana Doddi, DMW, 160923",4,0,false,,"Byatarayana Doddi, Karnataka 560083, India",12.8158468,77.5515527,202,,,,202,,open,false,,,Tricolored Munia,Lonchura malacca,Capuchino Tricolor de la India,Aves,979790
183622467,6c0d168a-8020-46a6-ad57-e6fc75552f21,2021-12-05 09:50:46,2021-12-05,2021-12-05 16:50:46 +0100,America/Costa_Rica,2912116,danielgarrigues,Daniel Garrigues,2023-09-17 07:24:17 +0200,2025-01-16 15:52:08 +0100,research,,https://www.inaturalist.org/observations/183622467,https://static.inaturalist.org/photos/320382970/medium.jpeg,,"",,3,0,false,2,"Liberia, Provincia de Guanacaste, Liberia, Costa Rica",10.557956423,-85.5210757256,356,,,,356,,open,false,gps,gps,Tricolored Munia,Lonchura malacca,Capuchino Tricolor de la India,Aves,979790
183801394,fb6e0b55-8147-4edb-b2ad-ca2a5546a0b0,2023-07-09 08:10:29,2023-07-09,2023-07-09 04:40:29 +0200,New Delhi,668311,afsarnayakkan,Afsar Nayakkan,2023-09-18 06:28:58 +0200,2024-05-20 19:17:40 +0200,research,CC-BY,https://www.inaturalist.org/observations/183801394,https://inaturalist-open-data.s3.amazonaws.com/photos/320718360/medium.jpeg,,"",,3,0,false,2,"W9VM+VXG, Kattampally, Kerala 670562, India",11.9446843155,75.3849381208,1860,,,,1860,,open,false,gps,gps,Tricolored Munia,Lonchura malacca,Capuchino Tricolor de la India,Aves,979790
183801436,690faf87-9f53-45e2-9eaf-e932b4299029,2023-07-09 08:10:23,2023-07-09,2023-07-09 04:40:23 +0200,New Delhi,668311,afsarnayakkan,Afsar Nayakkan,2023-09-18 06:29:36 +0200,2024-05-20 19:17:40 +0200,research,CC-BY,https://www.inaturalist.org/observations/183801436,https://inaturalist-open-data.s3.amazonaws.com/photos/320718469/medium.jpeg,,"",,3,0,false,2,Kattampally,11.9446843155,75.3849381208,1860,,,,1860,,open,false,gps,gps,Tricolored Munia,Lonchura malacca,Capuchino Tricolor de la India,Aves,979790
184482310,5a759d62-7c90-4702-85de-70ff1c7c9cce,2023-09-23 07:06:15,2023-09-23,2023-09-23 03:36:15 +0200,New Delhi,1870339,premgarg,Prem Prakash Garg,2023-09-23 06:13:01 +0200,2024-02-20 10:07:00 +0100,research,CC-BY-NC,https://www.inaturalist.org/observations/184482310,https://static.inaturalist.org/photos/322034474/medium.jpeg,,"",,5,0,false,2,"GM179 Dattaguru, 13th Cross road, Bengaluru, Bukkasagara, Karnataka 560105, India",12.7729933333,77.6050416667,,,,,,,open,false,gps,gps,Tricolored Munia,Lonchura malacca,Capuchino Tricolor de la India,Aves,979790
184485990,cc740035-efbd-47a7-a1b2-af4a7161eb04,2023-07-09 12:16:52,2023-07-09,2023-07-09 08:46:52 +0200,New Delhi,668311,afsarnayakkan,Afsar Nayakkan,2023-09-23 07:04:31 +0200,2024-05-20 19:17:40 +0200,research,CC-BY,https://www.inaturalist.org/observations/184485990,https://inaturalist-open-data.s3.amazonaws.com/photos/322041770/medium.jpeg,,"",,3,0,false,2,Kattampally,11.9446843155,75.3849381208,1860,,,,1860,,open,false,gps,gps,Tricolored Munia,Lonchura malacca,Capuchino Tricolor de la India,Aves,979790
184486028,ee3ef44b-1f08-4f07-9714-5ec149c61f94,2023-07-09 12:19:24,2023-07-09,2023-07-09 08:49:24 +0200,New Delhi,668311,afsarnayakkan,Afsar Nayakkan,2023-09-23 07:05:02 +0200,2024-05-20 19:17:40 +0200,research,CC-BY,https://www.inaturalist.org/observations/184486028,https://inaturalist-open-data.s3.amazonaws.com/photos/322041820/medium.jpeg,,"",,3,0,false,2,"W9VM+VXG, Kattampally, Kerala 670562, India",11.9446843155,75.3849381208,1860,,,,1860,,open,false,gps,gps,Tricolored Munia,Lonchura malacca,Capuchino Tricolor de la India,Aves,979790
184488410,94d4dac7-36e6-4ac0-96fa-d39537a3c73c,2023-07-09 12:17:38,2023-07-09,2023-07-09 08:47:38 +0200,New Delhi,668311,afsarnayakkan,Afsar Nayakkan,2023-09-23 07:46:48 +0200,2024-05-20 19:17:40 +0200,research,CC-BY,https://www.inaturalist.org/observations/184488410,https://inaturalist-open-data.s3.amazonaws.com/photos/322046540/medium.jpeg,,"",,3,0,false,2,Kattampally,11.9446843155,75.3849381208,1860,,,,1860,,open,false,gps,gps,Tricolored Munia,Lonchura malacca,Capuchino Tricolor de la India,Aves,979790
184488432,bc6c09ef-f88e-4066-b0fb-3be98bed71ed,2023-07-09 12:19:21,2023-07-09,2023-07-09 08:49:21 +0200,New Delhi,668311,afsarnayakkan,Afsar Nayakkan,2023-09-23 07:47:17 +0200,2024-05-20 19:17:40 +0200,research,CC-BY,https://www.inaturalist.org/observations/184488432,https://inaturalist-open-data.s3.amazonaws.com/photos/322046588/medium.jpeg,,"",,3,0,false,2,Kattampally,11.9446843155,75.3849381208,1860,,,,1860,,open,false,gps,gps,Tricolored Munia,Lonchura malacca,Capuchino Tricolor de la India,Aves,979790
184882656,3825165f-17a8-4930-9cbb-a491a1594484,2023-07-09 12:19:23,2023-07-09,2023-07-09 08:49:23 +0200,New Delhi,668311,afsarnayakkan,Afsar Nayakkan,2023-09-25 18:29:01 +0200,2024-05-20 19:17:40 +0200,research,CC-BY,https://www.inaturalist.org/observations/184882656,https://inaturalist-open-data.s3.amazonaws.com/photos/322785178/medium.jpeg,,"",,2,0,false,2,Kattampally,11.9446843155,75.3849381208,1860,,,,1860,,open,false,gps,gps,Tricolored Munia,Lonchura malacca,Capuchino Tricolor de la India,Aves,979790
184885403,0c90e915-dfb1-4447-95bb-f6bed72cab54,2023-07-10 08:21:52,2023-07-10,2023-07-10 04:51:52 +0200,New Delhi,668311,afsarnayakkan,Afsar Nayakkan,2023-09-25 18:48:19 +0200,2024-05-20 19:17:40 +0200,research,CC-BY,https://www.inaturalist.org/observations/184885403,https://inaturalist-open-data.s3.amazonaws.com/photos/322790760/medium.jpeg,,"",,2,0,false,2,"W9VM+VXG, Kattampally, Kerala 670562, India",11.9446843155,75.3849381208,1860,,,,1860,,open,false,gps,gps,Tricolored Munia,Lonchura malacca,Capuchino Tricolor de la India,Aves,979790
184885433,de92041f-ed42-49b1-969f-9b95ae8f0d34,2023-07-10 08:22:25,2023-07-10,2023-07-10 04:52:25 +0200,New Delhi,668311,afsarnayakkan,Afsar Nayakkan,2023-09-25 18:48:30 +0200,2024-05-20 19:17:40 +0200,research,CC-BY,https://www.inaturalist.org/observations/184885433,https://inaturalist-open-data.s3.amazonaws.com/photos/322790812/medium.jpeg,,"",,2,0,false,2,"W9VM+VXG, Kattampally, Kerala 670562, India",11.9446843155,75.3849381208,1860,,,,1860,,open,false,gps,gps,Tricolored Munia,Lonchura malacca,Capuchino Tricolor de la India,Aves,979790
184896295,9b579e9d-702a-4567-b025-8d887ff58761,2023-07-14 07:35:47,2023-07-14,2023-07-14 04:05:47 +0200,New Delhi,668311,afsarnayakkan,Afsar Nayakkan,2023-09-25 20:02:22 +0200,2024-05-20 19:17:40 +0200,research,CC-BY,https://www.inaturalist.org/observations/184896295,https://inaturalist-open-data.s3.amazonaws.com/photos/322809939/medium.jpeg,,"",,5,0,false,2,Kattampally,11.9446843155,75.3849381208,1860,,,,1860,,open,false,gps,gps,Tricolored Munia,Lonchura malacca,Capuchino Tricolor de la India,Aves,979790
184896341,85d9f86e-28c1-4345-884b-4f5003642320,2023-07-14 07:35:47,2023-07-14,2023-07-14 04:05:47 +0200,New Delhi,668311,afsarnayakkan,Afsar Nayakkan,2023-09-25 20:02:46 +0200,2024-05-20 19:17:40 +0200,research,CC-BY,https://www.inaturalist.org/observations/184896341,https://inaturalist-open-data.s3.amazonaws.com/photos/322810035/medium.jpeg,,"",,4,0,false,2,"W9VM+VXG, Kattampally, Kerala 670562, India",11.9446843155,75.3849381208,1860,,,,1860,,open,false,gps,gps,Tricolored Munia,Lonchura malacca,Capuchino Tricolor de la India,Aves,979790
184970335,ec013ea2-5e0a-4398-8f60-1ed9c9ca3bbb,2023-07-14 07:26:39,2023-07-14,2023-07-14 03:56:39 +0200,New Delhi,668311,afsarnayakkan,Afsar Nayakkan,2023-09-26 07:28:46 +0200,2024-05-20 19:17:40 +0200,research,CC-BY,https://www.inaturalist.org/observations/184970335,https://inaturalist-open-data.s3.amazonaws.com/photos/322962561/medium.jpeg,,"",,4,0,false,2,Kattampally,11.9446843155,75.3849381208,1860,,,,1860,,open,false,gps,gps,Tricolored Munia,Lonchura malacca,Capuchino Tricolor de la India,Aves,979790
184970342,6a029dd9-5b24-4a66-9bd9-2768fc327117,2023-07-14 07:27:22,2023-07-14,2023-07-14 03:57:22 +0200,New Delhi,668311,afsarnayakkan,Afsar Nayakkan,2023-09-26 07:28:56 +0200,2024-05-20 19:17:40 +0200,research,CC-BY,https://www.inaturalist.org/observations/184970342,https://inaturalist-open-data.s3.amazonaws.com/photos/322962588/medium.jpeg,,"",,4,0,false,2,Kattampally,11.9446843155,75.3849381208,1860,,,,1860,,open,false,gps,gps,Tricolored Munia,Lonchura malacca,Capuchino Tricolor de la India,Aves,979790
184971046,1eb2d1af-f4f9-49d2-ae8b-4649d398e7ce,2023-07-14 07:26:55,2023-07-14,2023-07-14 03:56:55 +0200,New Delhi,668311,afsarnayakkan,Afsar Nayakkan,2023-09-26 07:38:46 +0200,2024-05-20 19:17:40 +0200,research,CC-BY,https://www.inaturalist.org/observations/184971046,https://inaturalist-open-data.s3.amazonaws.com/photos/322963873/medium.jpeg,,"",,3,0,false,2,Kattampally,11.9446843155,75.3849381208,1860,,,,1860,,open,false,gps,gps,Tricolored Munia,Lonchura malacca,Capuchino Tricolor de la India,Aves,979790
184971067,29ad7962-4031-43b2-90c2-12fa276b61a3,2023-07-14 07:26:37,2023-07-14,2023-07-14 03:56:37 +0200,New Delhi,668311,afsarnayakkan,Afsar Nayakkan,2023-09-26 07:39:12 +0200,2024-05-20 19:17:40 +0200,research,CC-BY,https://www.inaturalist.org/observations/184971067,https://inaturalist-open-data.s3.amazonaws.com/photos/322963925/medium.jpeg,,"",,5,0,false,2,Kattampally,11.9446843155,75.3849381208,1860,,,,1860,,open,false,gps,gps,Tricolored Munia,Lonchura malacca,Capuchino Tricolor de la India,Aves,979790
184971074,cd6d5e9b-5014-4099-834b-df09dc209dea,2023-07-14 07:27:11,2023-07-14,2023-07-14 03:57:11 +0200,New Delhi,668311,afsarnayakkan,Afsar Nayakkan,2023-09-26 07:39:28 +0200,2024-05-20 19:17:40 +0200,research,CC-BY,https://www.inaturalist.org/observations/184971074,https://inaturalist-open-data.s3.amazonaws.com/photos/322963959/medium.jpeg,,"",,4,0,false,2,Kattampally,11.9446843155,75.3849381208,1860,,,,1860,,open,false,gps,gps,Tricolored Munia,Lonchura malacca,Capuchino Tricolor de la India,Aves,979790
185243133,827e5079-0945-4bad-8456-9c4a2d0c8a9a,2023/09/28 9:06 AM,2023-09-28,2023-09-28 05:36:00 +0200,New Delhi,3499217,shivaprakash,,2023-09-28 07:54:18 +0200,2024-02-20 04:58:25 +0100,research,CC-BY-NC,https://www.inaturalist.org/observations/185243133,https://inaturalist-open-data.s3.amazonaws.com/photos/323493346/medium.jpeg,,"",,3,0,false,,"Sindhuvalli, Karnataka, India",12.2126482394,76.6262054387,616,,,,616,,open,false,,,Tricolored Munia,Lonchura malacca,Capuchino Tricolor de la India,Aves,979790
185260291,33022999-04b1-4777-a610-3f90c52662d4,2023/09/23 1:24 PM,2023-09-23,2023-09-23 09:54:00 +0200,New Delhi,619770,alphaj16,Amanda Johnston,2023-09-28 12:56:15 +0200,2024-02-20 04:58:24 +0100,research,,https://www.inaturalist.org/observations/185260291,https://static.inaturalist.org/photos/323527116/medium.jpeg,,"","",7,0,false,,"Carambolim Lake, Goa, India",15.4863971835,73.9281031396,458,,,,458,,open,false,,,Tricolored Munia,Lonchura malacca,Capuchino Tricolor de la India,Aves,979790
185708114,3b708a04-5515-4036-9486-3e70f38a08c6,2023/09/30 7:20 AM,2023-09-30,2023-09-30 03:35:00 +0200,Kathmandu,5741756,ananding,Anand Chaudhary,2023-10-01 11:39:58 +0200,2024-02-20 04:58:23 +0100,research,,https://www.inaturalist.org/observations/185708114,https://static.inaturalist.org/photos/324381933/medium.jpeg,,"",,4,0,false,,"Sisahaniya 22400, Nepal",27.8484698597,82.6278304959,488,,,,488,,open,false,,,Tricolored Munia,Lonchura malacca,Capuchino Tricolor de la India,Aves,979790
185710100,4456c393-a64e-4b1c-8994-3ce4ba29153d,2023-10-01 09:24:43,2023-10-01,2023-10-01 05:54:43 +0200,New Delhi,4552515,ritu2008,Ritu,2023-10-01 12:05:26 +0200,2024-02-20 04:58:22 +0100,research,CC-BY-NC,https://www.inaturalist.org/observations/185710100,https://inaturalist-open-data.s3.amazonaws.com/photos/324386021/medium.jpeg,,"",,6,0,false,2,"Sundatti, 635105, India",12.7697016667,77.8775616667,,,,,,,open,false,gps,gps,Tricolored Munia,Lonchura malacca,Capuchino Tricolor de la India,Aves,979790
185710380,b80432cc-7e1b-4b84-84a0-49d435a8e472,2023-10-01 09:23:00,2023-10-01,2023-10-01 05:53:00 +0200,New Delhi,4552515,ritu2008,Ritu,2023-10-01 12:08:51 +0200,2024-02-20 04:58:21 +0100,research,CC-BY-NC,https://www.inaturalist.org/observations/185710380,https://inaturalist-open-data.s3.amazonaws.com/photos/324386495/medium.jpeg,,"",,6,0,false,2,"Sundatti, 635105, India",12.76978,77.87765,,,,,,,open,false,gps,gps,Tricolored Munia,Lonchura malacca,Capuchino Tricolor de la India,Aves,979790
185710538,c0ed5815-574b-40e7-8ee0-2b23b06a287a,2023-10-01 09:22:17,2023-10-01,2023-10-01 05:52:17 +0200,New Delhi,4552515,ritu2008,Ritu,2023-10-01 12:10:34 +0200,2024-02-20 04:58:20 +0100,research,CC-BY-NC,https://www.inaturalist.org/observations/185710538,https://inaturalist-open-data.s3.amazonaws.com/photos/324386744/medium.jpeg,,"",,6,0,false,2,"Sundatti, 635105, India",12.76978,77.8776466667,,,,,,,open,false,gps,gps,Tricolored Munia,Lonchura malacca,Capuchino Tricolor de la India,Aves,979790
185710846,a74488b0-541a-4090-8809-fa080b488035,2023-10-01 09:20:27,2023-10-01,2023-10-01 05:50:27 +0200,New Delhi,4552515,ritu2008,Ritu,2023-10-01 12:14:45 +0200,2024-02-20 04:58:13 +0100,research,CC-BY-NC,https://www.inaturalist.org/observations/185710846,https://inaturalist-open-data.s3.amazonaws.com/photos/324387372/medium.jpeg,,"",,6,0,false,2,"Sundatti, 635105, India",12.7696816667,77.87757,,,,,,,open,false,gps,gps,Tricolored Munia,Lonchura malacca,Capuchino Tricolor de la India,Aves,979790
185711404,0ceaa1eb-85fc-4181-ad23-897ded667c2b,2023-09-06 07:06:13,2023-09-06,2023-09-06 03:36:13 +0200,New Delhi,6313025,soubhagya,Soubhagya sekhar,2023-10-01 12:20:06 +0200,2024-02-20 04:58:14 +0100,research,,https://www.inaturalist.org/observations/185711404,https://static.inaturalist.org/photos/324388322/medium.jpeg,,"",,6,0,false,2,"Nafri, Odisha 757032, India",22.136072315,86.54749576,102,,,,102,,open,false,gps,gps,Tricolored Munia,Lonchura malacca,Capuchino Tricolor de la India,Aves,979790
185895274,4844defb-0b7e-47f7-9a3c-6de7182f20bf,2023-10-02 11:11:09,2023-10-02,2023-10-02 07:41:09 +0200,New Delhi,6719332,spchoudhary40,SP CHOUDHARY,2023-10-02 14:56:31 +0200,2024-02-20 04:58:15 +0100,research,CC-BY-NC,https://www.inaturalist.org/observations/185895274,https://inaturalist-open-data.s3.amazonaws.com/photos/324744888/medium.jpeg,,"",,6,0,false,2,"Thasrana, Uttar Pradesh, India",28.338742434,77.6192162186,459,,,,459,,open,false,gps,gps,Tricolored Munia,Lonchura malacca,Capuchino Tricolor de la India,Aves,979790
185895476,56f86fb4-9cbe-4614-9335-99107cd24b01,2023-10-02 11:13:29,2023-10-02,2023-10-02 07:43:29 +0200,New Delhi,6719332,spchoudhary40,SP CHOUDHARY,2023-10-02 14:58:16 +0200,2024-02-20 04:58:15 +0100,research,CC-BY-NC,https://www.inaturalist.org/observations/185895476,https://inaturalist-open-data.s3.amazonaws.com/photos/324745164/medium.jpeg,,"",,6,0,false,2,"Thasrana, Uttar Pradesh, India",28.338742434,77.6192162186,459,,,,459,,open,false,gps,gps,Tricolored Munia,Lonchura malacca,Capuchino Tricolor de la India,Aves,979790
186252703,e3f4e3a5-cb24-42b2-9f44-92aab201577d,2023-07-02 07:47:14,2023-07-02,2023-07-02 04:17:14 +0200,New Delhi,7118838,harshakogalimath,"",2023-10-05 08:29:38 +0200,2024-02-20 04:58:17 +0100,research,CC-BY-NC,https://www.inaturalist.org/observations/186252703,https://inaturalist-open-data.s3.amazonaws.com/photos/325453450/medium.jpeg,,"",,6,0,false,2,Mysore,12.2957998857,76.639380455,11722,,,,11722,,open,false,gps,gps,Tricolored Munia,Lonchura malacca,Capuchino Tricolor de la India,Aves,979790
186290592,63ce5233-d10e-4a83-be74-c15e0cb87da8,2023/01/01 5:27 PM,2023-01-01,2023-01-01 13:27:00 +0100,Karachi,7357225,salmanbaloch,Salman Baloch,2023-10-05 17:25:52 +0200,2024-02-20 04:58:18 +0100,research,CC-BY-NC,https://www.inaturalist.org/observations/186290592,https://inaturalist-open-data.s3.amazonaws.com/photos/325526086/medium.jpg,,"",,3,0,false,,"Gadap Town, Karachi, Karachi City, Sindh, Pakistan",24.8850971895,67.2179283417,61,,,,61,,open,false,,,Tricolored Munia,Lonchura malacca,Capuchino Tricolor de la India,Aves,979790
186344921,d379e55b-f37e-4c6b-a139-cbb96f7a52fc,2022/01/13 8:37 AM,2022-01-13,2022-01-13 14:37:00 +0100,Eastern Time (US & Canada),7392079,sheriffsmith,Thomas A Smith,2023-10-06 01:25:26 +0200,2023-12-30 03:14:37 +0100,research,CC-BY-NC,https://www.inaturalist.org/observations/186344921,https://inaturalist-open-data.s3.amazonaws.com/photos/325628095/medium.jpg,,"",Torry Island,1,0,false,,"Belle Glade, FL, USA",26.7084149119,-80.7198781245,61,,,,61,,open,false,,,Tricolored Munia,Lonchura malacca,Capuchino Tricolor de la India,Aves,979790
186499495,8a87ebd5-a4f7-43d5-9956-d98588745077,2023/10/02 7:53 AM,2023-10-02,2023-10-02 04:23:00 +0200,New Delhi,3612377,vivek_patel,Vivek Patel,2023-10-07 06:01:23 +0200,2024-02-20 04:58:19 +0100,research,CC-BY-NC,https://www.inaturalist.org/observations/186499495,https://inaturalist-open-data.s3.amazonaws.com/photos/325937610/medium.jpg,,"",,2,0,false,,"Bilaspur Division, Chhattisgarh, India",21.8737790441,83.2742159628,459,,,,459,,open,false,,,Tricolored Munia,Lonchura malacca,Capuchino Tricolor de la India,Aves,979790
186532635,74a91b9f-5b07-4d50-a69b-cb4734bc138b,2023/10/07 7:37 AM,2023-10-07,2023-10-07 04:07:00 +0200,New Delhi,5956273,deemopahan,Deepa Mohan,2023-10-07 14:44:46 +0200,2024-02-20 04:58:11 +0100,research,CC-BY-NC,https://www.inaturalist.org/observations/186532635,https://inaturalist-open-data.s3.amazonaws.com/photos/326002826/medium.jpeg,,"","Tricoloured Munia, RVU student walk, Byatarayana Doddi Kere, 071023",3,0,false,,"Byatarayana Doddi, Karnataka 560083, India",12.8158468,77.5515527,202,,,,202,,open,false,,,Tricolored Munia,Lonchura malacca,Capuchino Tricolor de la India,Aves,979790
186691885,9994c791-cb0c-4715-85da-6db8c43cc5fe,2023-10-08 07:38:26,2023-10-08,2023-10-08 04:08:26 +0200,New Delhi,4768302,barakat,Munshi Md. Abul Barakat,2023-10-08 16:00:50 +0200,2024-10-14 09:09:29 +0200,research,CC-BY-NC,https://www.inaturalist.org/observations/186691885,https://inaturalist-open-data.s3.amazonaws.com/photos/326314991/medium.jpeg,,"",,2,0,false,2,"Muchipukurpar ; P.O, Katwa, Bandra, West Bengal 713130, India",23.6463383333,88.1186366667,,,,,,,open,false,gps,gps,Tricolored Munia,Lonchura malacca,Capuchino Tricolor de la India,Aves,979790
187498979,a9f97a40-a22d-4617-b6db-f62a8a78177c,2023/10/01 6:40 AM,2023-10-01,2023-10-01 03:10:00 +0200,New Delhi,3792546,kishorenath,kishore T,2023-10-14 17:12:36 +0200,2024-02-20 04:58:09 +0100,research,CC-BY-NC,https://www.inaturalist.org/observations/187498979,https://inaturalist-open-data.s3.amazonaws.com/photos/327905614/medium.jpeg,,"",,2,0,false,,"Andhra Pradesh, India",16.4076784468,80.7060213153,459,,,,459,,open,false,,,Tricolored Munia,Lonchura malacca,Capuchino Tricolor de la India,Aves,979790
187499016,035cb797-adb4-4585-995b-5a8ee551bfe6,2023/10/01 7:28 AM,2023-10-01,2023-10-01 03:58:00 +0200,New Delhi,3792546,kishorenath,kishore T,2023-10-14 17:12:43 +0200,2024-02-20 04:58:08 +0100,research,CC-BY-NC,https://www.inaturalist.org/observations/187499016,https://inaturalist-open-data.s3.amazonaws.com/photos/327905969/medium.jpeg,,"",,2,0,false,,"Andhra Pradesh, India",16.4076784468,80.7060213153,459,,,,459,,open,false,,,Tricolored Munia,Lonchura malacca,Capuchino Tricolor de la India,Aves,979790
187658733,bebe9e8f-e9f7-4b64-a048-3c82f94959f2,2023-10-03,2023-10-03,,New Delhi,5213828,iptishamun,Iptishamun Nesha,2023-10-15 19:30:35 +0200,2023-12-30 03:02:05 +0100,research,,https://www.inaturalist.org/observations/187658733,https://static.inaturalist.org/photos/328231468/medium.jpeg,,"",,4,0,false,2,"J2G6+GH4, Khaira, West Bengal 711401, India",22.6260817274,88.0105847865,265,,,,265,,open,false,gps,gps,Tricolored Munia,Lonchura malacca,Capuchino Tricolor de la India,Aves,979790
187739993,726e2468-7ddd-45ba-9d22-aa0cd2ddf020,2021-10-03 08:44:09,2021-10-03,2021-10-03 05:14:09 +0200,New Delhi,7522320,narinder5,Narinder Singh,2023-10-16 05:44:46 +0200,2024-02-20 04:58:06 +0100,research,,https://www.inaturalist.org/observations/187739993,https://static.inaturalist.org/photos/328393439/medium.jpeg,,"",,3,0,false,2,"Old nangal chowk, opposite HP petrol pump, near old bus stand, XG8F+C6Q, Malhotra Colony, Dashmesh Nagar, Rupnagar, Punjab 140001, India",30.9660975435,76.5230959654,3593,,,,3593,,open,false,gps,gps,Tricolored Munia,Lonchura malacca,Capuchino Tricolor de la India,Aves,979790
188228462,01b080bf-594a-4a61-b08c-456d44967a1d,2023/10/19 2:25 PM,2023-10-19,2023-10-19 10:55:00 +0200,New Delhi,4712538,alenalex,Alen Alex Pathisseril,2023-10-20 07:29:04 +0200,2023-12-30 03:02:02 +0100,research,CC-BY-NC,https://www.inaturalist.org/observations/188228462,https://inaturalist-open-data.s3.amazonaws.com/photos/329374979/medium.jpg,,"",,3,0,false,,"Thiruvalla, Kerala, India",9.3952378234,76.584890798,250,,,,250,,open,false,,,Tricolored Munia,Lonchura malacca,Capuchino Tricolor de la India,Aves,979790
188373559,8e5233ce-c8b5-48fa-b1a8-bb5001d75bb7,2023-10-20 07:06:19,2023-10-20,2023-10-20 03:36:19 +0200,New Delhi,1375591,thenatureaffair,Ramu Alluri,2023-10-21 15:05:40 +0200,2023-10-21 17:57:07 +0200,research,,https://www.inaturalist.org/observations/188373559,https://static.inaturalist.org/photos/329682176/medium.jpeg,,"",,2,0,false,2,"HF2X+CV8, SVSS Nagar, Andhra Pradesh 534206, India",16.5512800677,81.499752067,78,,,,78,,open,false,gps,gps,Tricolored Munia,Lonchura malacca,Capuchino Tricolor de la India,Aves,979790
188504501,f45dfbdd-0867-4e03-aa58-017af99c188c,2023/07/30 10:11 AM,2023-07-30,2023-07-30 06:41:00 +0200,New Delhi,7489689,vishesh_p_v,Vishesh P V,2023-10-22 13:46:41 +0200,2024-02-20 04:58:02 +0100,research,CC-BY-NC,https://www.inaturalist.org/observations/188504501,https://inaturalist-open-data.s3.amazonaws.com/photos/329947548/medium.jpeg,,"",,5,0,false,,"Bangalore Division, Karnataka, India",12.8778270372,77.409656494,4,,,,4,,open,false,,,Tricolored Munia,Lonchura malacca,Capuchino Tricolor de la India,Aves,979790
188644819,b7a3a3b6-cfdc-4e57-a1b1-3fc9ec41b305,2023-10-23 07:06:57,2023-10-23,2023-10-23 03:36:57 +0200,New Delhi,1375591,thenatureaffair,Ramu Alluri,2023-10-23 12:09:59 +0200,2024-02-20 04:58:02 +0100,research,,https://www.inaturalist.org/observations/188644819,https://static.inaturalist.org/photos/330237318/medium.jpeg,,"",,4,0,false,2,"West Godavari, IN-AP, IN",16.3791083333,81.482225,,,,,,,open,false,gps,gps,Tricolored Munia,Lonchura malacca,Capuchino Tricolor de la India,Aves,979790
189167941,6d5179c0-5b39-4287-a0ab-14b809001bb3,2023-10-27 08:40:29,2023-10-27,2023-10-27 15:40:29 +0200,Bogota,5279444,rojo_pajarero,Jerson Marín,2023-10-28 01:05:30 +0200,2024-02-20 04:58:03 +0100,research,CC-BY-NC,https://www.inaturalist.org/observations/189167941,https://inaturalist-open-data.s3.amazonaws.com/photos/331301198/medium.jpeg,,"",,3,0,false,2,"FMHX+HC, Barbosa, Antioquia, Colombia",6.4608798037,-75.301662907,340,,,,340,,open,false,gps,gps,Capuchino Tricolor,Lonchura malacca,Capuchino Tricolor de la India,Aves,979790
189209124,98a715a6-288e-4fc6-b320-e299a7f3def1,2023/10/28 8:50 AM,2023-10-28,2023-10-28 05:20:00 +0200,New Delhi,4712538,alenalex,Alen Alex Pathisseril,2023-10-28 12:57:27 +0200,2023-10-28 16:37:49 +0200,research,CC-BY-NC,https://www.inaturalist.org/observations/189209124,https://inaturalist-open-data.s3.amazonaws.com/photos/331388178/medium.jpeg,,"",,2,0,false,,"Munroe Island, Kerala, India",8.9952456,76.6105054,3076,,,,3076,,open,false,,,Tricolored Munia,Lonchura malacca,Capuchino Tricolor de la India,Aves,979790
189209140,6a6e11c3-b84b-4e68-a897-8ad13b642085,2023/10/28 9:00 AM,2023-10-28,2023-10-28 05:30:00 +0200,New Delhi,4712538,alenalex,Alen Alex Pathisseril,2023-10-28 12:57:44 +0200,2023-10-30 02:48:26 +0100,research,CC-BY-NC,https://www.inaturalist.org/observations/189209140,https://inaturalist-open-data.s3.amazonaws.com/photos/331388217/medium.jpeg,,"",,3,0,false,,"Munroe Island, Kerala, India",8.9952456,76.6105054,3076,,,,3076,,open,false,,,Tricolored Munia,Lonchura malacca,Capuchino Tricolor de la India,Aves,979790
189255054,8550ef08-5eb6-4cee-b5a6-d3f6fa271649,2023/10/27 8:50 AM,2023-10-27,2023-10-27 05:20:00 +0200,New Delhi,6604460,anuragmishra1009,Anurag Mishra,2023-10-28 20:24:35 +0200,2023-10-30 02:34:11 +0100,research,,https://www.inaturalist.org/observations/189255054,https://static.inaturalist.org/photos/331471839/medium.jpg,,"",,2,0,false,,"Jamunabahal, Odisha 766011, India",20.0070927,83.2050863,2951,,,,2951,,open,false,,,Tricolored Munia,Lonchura malacca,Capuchino Tricolor de la India,Aves,979790
189565503,e85c2e1f-09da-4703-8100-f469ae28d924,2023-10-21 16:28:01-06:00,2023-10-21,2023-10-22 00:28:01 +0200,Mexico City,356115,johngarrett,John Garrett,2023-10-31 14:34:50 +0100,2023-12-30 03:02:16 +0100,research,CC-BY-NC,https://www.inaturalist.org/observations/189565503,https://inaturalist-open-data.s3.amazonaws.com/photos/332116758/medium.jpg,,"","",2,0,false,3,"Tierra Blanca, Ver., MX",18.408705,-96.31533,4,,,,4,,open,false,,,Tricolored Munia,Lonchura malacca,Capuchino Tricolor de la India,Aves,979790
189629360,7b2b8169-3192-4cac-a81d-75c13fce34e9,2018-11-19 09:37:56,2018-11-19,2018-11-19 05:07:56 +0100,New Delhi,5456458,digvijaya,Digvijay Pattnaik,2023-11-01 04:25:49 +0100,2024-02-20 10:07:30 +0100,research,,https://www.inaturalist.org/observations/189629360,https://static.inaturalist.org/photos/332245727/medium.jpeg,,"",,3,0,false,2,"8R9J+CPP, Basudev Nagar, Brahmapur, Odisha 760010, India",19.3182754507,84.8314992338,236,,,,236,,open,false,gps,gps,Tricolored Munia,Lonchura malacca,Capuchino Tricolor de la India,Aves,979790
189644568,1989b460-faad-4f10-9409-60ecc4141a79,2023/11/01 9:16 AM,2023-11-01,2023-11-01 04:46:00 +0100,New Delhi,2088293,tanmayeg,Tanmaye G,2023-11-01 09:18:32 +0100,2024-02-20 10:07:31 +0100,research,,https://www.inaturalist.org/observations/189644568,https://static.inaturalist.org/photos/332274730/medium.jpeg,,"","",4,0,false,,"Mysuru, Karnataka, India",12.2566439787,76.6912114619,184,,,,184,,open,false,,,Tricolored Munia,Lonchura malacca,Capuchino Tricolor de la India,Aves,979790
189671144,70f73927-0e09-4ee3-84a3-2814f02cdb26,2023/10/28 9:18 AM,2023-10-28,2023-10-28 05:48:00 +0200,New Delhi,3792546,kishorenath,kishore T,2023-11-01 16:37:28 +0100,2024-02-20 10:07:32 +0100,research,CC-BY-NC,https://www.inaturalist.org/observations/189671144,https://inaturalist-open-data.s3.amazonaws.com/photos/332326155/medium.jpeg,,"",,4,0,false,,"Elaprolu lake, Gudurupadu, Andhra Pradesh, India",16.6095449226,80.5628299723,257,,,,257,,open,false,,,Tricolored Munia,Lonchura malacca,Capuchino Tricolor de la India,Aves,979790
189832220,1419ca9b-f260-47aa-97ad-a583e02954a9,2022-12-22,2022-12-22,,New Delhi,7543756,caxclix,G Caxton,2023-11-03 10:16:44 +0100,2024-02-20 10:07:32 +0100,research,CC-BY-NC,https://www.inaturalist.org/observations/189832220,https://static.inaturalist.org/photos/332653946/medium.jpeg,,"",PC - Caxclix.,3,0,false,2,"Lakeview colony 2nd Street Alamparai, Nagercoil, Tamil Nadu 629003, India",8.2039916925,77.4034415558,506,,,,506,,open,false,gps,gps,Tricolored Munia,Lonchura malacca,Capuchino Tricolor de la India,Aves,979790
189937294,16b8157a-5ad5-43db-be9b-23ee7a6ac3b4,2021/11/21 9:25 AM,2021-11-21,2021-11-21 04:55:00 +0100,New Delhi,7489689,vishesh_p_v,Vishesh P V,2023-11-04 11:00:10 +0100,2024-02-20 10:07:29 +0100,research,CC-BY-NC,https://www.inaturalist.org/observations/189937294,https://inaturalist-open-data.s3.amazonaws.com/photos/332850687/medium.jpg,,"","",4,0,false,,"Mysore Division, Karnataka, India",12.8451255743,76.7807799572,244,,,,244,,open,false,,,Tricolored Munia,Lonchura malacca,Capuchino Tricolor de la India,Aves,979790
190255577,b0f97c2f-8f34-48bb-98b8-d751acbe8d63,2023-11-06 14:45:24,2023-11-06,2023-11-06 14:45:24 +0100,Madrid,4406716,cristina_oc,Cristina Olivares Collado,2023-11-07 00:19:24 +0100,2025-02-07 16:36:56 +0100,research,CC-BY,https://www.inaturalist.org/observations/190255577,https://inaturalist-open-data.s3.amazonaws.com/photos/333467918/medium.jpeg,,"",,3,0,false,2,"Fray Albino, 14009 Córdoba, España",37.8759228422,-4.7773921117,747,,,,747,,open,false,gps,gps,Capuchino Tricolor de la India,Lonchura malacca,Capuchino Tricolor de la India,Aves,979790
190262658,a3766cf8-c295-407e-af0e-0681c25d3d65,2023-11-04 13:16:00-06:00,2023-11-04,2023-11-04 20:16:00 +0100,America/Merida,7090438,islas18,Esmeralda Islas,2023-11-07 02:01:28 +0100,2024-02-20 04:57:47 +0100,research,CC-BY-NC,https://www.inaturalist.org/observations/190262658,https://inaturalist-open-data.s3.amazonaws.com/photos/333483661/medium.jpg,,"","",4,0,false,3,"Carretera Campeche - Mérida, Campeche, Camp., MX",19.9431818773,-90.3731802903,158,,,,158,,open,false,,,Capuchino Tricolor,Lonchura malacca,Capuchino Tricolor de la India,Aves,979790
190302086,111f867f-3ef8-4ccf-9bee-a3391c4fdfa1,2023-11-07 15:04:42,2023-11-07,2023-11-07 10:34:42 +0100,New Delhi,4468880,sreenivasan,"",2023-11-07 14:09:44 +0100,2024-02-20 04:57:46 +0100,research,CC-BY-NC,https://www.inaturalist.org/observations/190302086,https://inaturalist-open-data.s3.amazonaws.com/photos/333569274/medium.jpeg,,"",,3,0,false,2,"Picnic Island Konnakuzhy pin code 680721, Konnakuzhy, Pariyaram, Kerala 680721, India",10.3021426544,76.4273843542,2359,,,,2359,,open,false,gps,gps,Tricolored Munia,Lonchura malacca,Capuchino Tricolor de la India,Aves,979790
190403774,91d33d9e-d814-42b8-b66d-8f77a9a143a0,2023/10/26 9:35 AM,2023-10-26,2023-10-26 06:05:00 +0200,New Delhi,3499217,shivaprakash,,2023-11-08 15:49:06 +0100,2024-02-20 04:57:48 +0100,research,CC-BY-NC,https://www.inaturalist.org/observations/190403774,https://inaturalist-open-data.s3.amazonaws.com/photos/333771153/medium.jpeg,,"",,4,0,false,,"Dadadahalli kere and surroundings, Mysuru, Karnataka, India",12.2124735266,76.6334253714,122,,,,122,,open,false,,,Tricolored Munia,Lonchura malacca,Capuchino Tricolor de la India,Aves,979790
190472225,c921a310-90ba-40fd-9a99-bd8d6ec60432,2023/11/05 11:45 AM,2023-11-05,2023-11-05 07:15:00 +0100,New Delhi,2556898,srinjanmajumdar,Srinjan Majumdar,2023-11-09 07:38:24 +0100,2024-02-20 04:58:50 +0100,research,CC-BY-NC,https://www.inaturalist.org/observations/190472225,https://inaturalist-open-data.s3.amazonaws.com/photos/333911002/medium.jpeg,,"",,3,0,false,,"R83M+MH7, Baidyabati, West Bengal 712222, India",22.8041604,88.3339234,203,,,,203,,open,false,,,Tricolored Munia,Lonchura malacca,Capuchino Tricolor de la India,Aves,979790
190496668,5b6f0441-186a-4f8b-bb5b-807be796d81e,2023-06-28 11:45:52,2023-06-28,2023-06-28 08:15:52 +0200,New Delhi,2556898,srinjanmajumdar,Srinjan Majumdar,2023-11-09 16:46:21 +0100,2024-02-20 04:58:51 +0100,research,CC-BY-NC,https://www.inaturalist.org/observations/190496668,https://inaturalist-open-data.s3.amazonaws.com/photos/333962217/medium.jpeg,,"",,4,0,false,2,"West Bengal 712223, India",22.7924535886,88.2959795371,190,,,,190,,open,false,gps,gps,Tricolored Munia,Lonchura malacca,Capuchino Tricolor de la India,Aves,979790
190768214,6b53caa9-cd12-4892-9341-c6611deacd53,2023-11-09 09:06:08,2023-11-09,2023-11-09 04:36:08 +0100,New Delhi,579708,ravinaidu,Ravi Naidu,2023-11-12 08:40:28 +0100,2024-02-20 04:57:50 +0100,research,CC-BY-NC,https://www.inaturalist.org/observations/190768214,https://inaturalist-open-data.s3.amazonaws.com/photos/334500716/medium.jpeg,,"",,2,0,false,2,"Banshital, Chhattisgarh 495118, India",22.9121171716,82.1003472805,2176,,,,2176,,open,false,gps,gps,Tricolored Munia,Lonchura malacca,Capuchino Tricolor de la India,Aves,979790
190921541,fc2ec0dc-b11e-41af-b750-c1ab29de88be,2023/11/04 3:02 PM,2023-11-04,2023-11-04 22:02:00 +0100,America/Merida,29988,marcocelis,Marco Celis Saavedra,2023-11-13 19:05:52 +0100,2023-12-30 03:01:11 +0100,research,CC-BY-NC,https://www.inaturalist.org/observations/190921541,https://inaturalist-open-data.s3.amazonaws.com/photos/334803761/medium.jpeg,,"",,2,0,false,,"Campeche, Camp., México",19.9408041144,-90.376748963,4,,,,4,,open,false,,,Capuchino Tricolor,Lonchura malacca,Capuchino Tricolor de la India,Aves,979790
191068781,a61b5b62-e342-4384-ad84-e462b46bc2a1,2023/11/12 10:42 AM,2023-11-12,2023-11-12 06:12:00 +0100,New Delhi,4712538,alenalex,Alen Alex Pathisseril,2023-11-15 07:54:11 +0100,2024-02-20 04:57:43 +0100,research,CC-BY-NC,https://www.inaturalist.org/observations/191068781,https://inaturalist-open-data.s3.amazonaws.com/photos/335097636/medium.jpeg,,"",,4,0,false,,"Arippa, Ammayamabalampachha, Kerala, India",8.841100794,77.0357972001,551,,,,551,,open,false,,,Tricolored Munia,Lonchura malacca,Capuchino Tricolor de la India,Aves,979790
191123833,80d08ae9-0301-4a01-a2e1-2efed226f512,2023/07/24 1:54 PM,2023-07-24,2023-07-24 20:54:00 +0200,Bogota,5864746,cjmatheson,,2023-11-15 22:47:59 +0100,2024-02-20 04:57:42 +0100,research,CC-BY-NC,https://www.inaturalist.org/observations/191123833,https://inaturalist-open-data.s3.amazonaws.com/photos/335208862/medium.jpg,,"",,3,0,false,,"Ibague, Tolima, Colombia",4.4508157491,-75.2228919894,244,,,,244,,open,false,,,Tricolored Munia,Lonchura malacca,Capuchino Tricolor de la India,Aves,979790
191171253,c33b6596-6786-4d7b-91c7-c4a929712da3,2012/09/08 05:39,2012-09-08,2012-09-08 02:09:00 +0200,Sri Jayawardenepura,7345250,asanoth,,2023-11-16 13:09:10 +0100,2023-12-30 03:01:30 +0100,research,CC-BY-NC,https://www.inaturalist.org/observations/191171253,https://inaturalist-open-data.s3.amazonaws.com/photos/335305286/medium.jpeg,,"",,4,0,false,,"Nuwara Eliya, Šrí Lanka",6.7971734091,80.7923769401,2855,,,,2855,,open,false,,,Panenka tříbarvá,Lonchura malacca,Capuchino Tricolor de la India,Aves,979790
191336366,d3bd7ce9-728f-473a-8601-cf84ec399666,2023-11-16 08:36:00,2023-11-16,2023-11-16 04:06:00 +0100,New Delhi,728921,lakshmikant,Lakshmikant Rajaram Neve,2023-11-18 06:20:58 +0100,2024-02-20 04:57:40 +0100,research,,https://www.inaturalist.org/observations/191336366,https://static.inaturalist.org/photos/335637139/medium.jpeg,,"",,3,0,false,2,"Nimbhore Budruk, Maharashtra 425307, India",21.0506239647,75.8387675509,144,,,,144,,open,false,gps,gps,Tricolored Munia,Lonchura malacca,Capuchino Tricolor de la India,Aves,979790
191563623,f9f3dbd5-a916-4c64-92b5-162770e28c13,2023/11/18 8:32 AM,2023-11-18,2023-11-18 04:02:00 +0100,New Delhi,5956273,deemopahan,Deepa Mohan,2023-11-20 09:47:28 +0100,2024-02-20 04:57:40 +0100,research,CC-BY-NC,https://www.inaturalist.org/observations/191563623,https://inaturalist-open-data.s3.amazonaws.com/photos/336091354/medium.jpeg,,"","Tricolour Munia, Ragihalli, DMW,181123",3,0,false,,"Ragihalli State Forest, Karnataka, India",12.7688531,77.5791358,4229,,,,4229,,open,false,,,Tricolored Munia,Lonchura malacca,Capuchino Tricolor de la India,Aves,979790
191609463,ca567009-60eb-4758-b0fd-4897af9f69ae,2015/05/19 2:09 AM,2015-05-19,2015-05-18 22:39:00 +0200,New Delhi,1121466,alfred_daniel_j,Alfred Daniel J,2023-11-20 21:31:15 +0100,2024-02-20 04:57:39 +0100,research,CC-BY-NC,https://www.inaturalist.org/observations/191609463,https://inaturalist-open-data.s3.amazonaws.com/photos/336172541/medium.jpeg,,"","",3,0,false,,"Tamil Nadu Agricultural University, P N Pudur, Coimbatore, Tamil Nadu, India",11.0151861,76.9326167,1648,,,,1648,,open,false,,,Tricolored Munia,Lonchura malacca,Capuchino Tricolor de la India,Aves,979790
191609469,58d719b2-26c0-42cd-8290-cb79865ae0cc,2015/05/19 2:27 AM,2015-05-19,2015-05-18 22:57:00 +0200,New Delhi,1121466,alfred_daniel_j,Alfred Daniel J,2023-11-20 21:31:16 +0100,2023-11-21 05:52:16 +0100,research,CC-BY-NC,https://www.inaturalist.org/observations/191609469,https://inaturalist-open-data.s3.amazonaws.com/photos/336172617/medium.jpeg,,"","",2,0,false,,"Tamil Nadu, India",11.1271225,78.6568942,327324,,,,327324,,open,false,,,Tricolored Munia,Lonchura malacca,Capuchino Tricolor de la India,Aves,979790
191609503,c4c2f659-0c37-4ea9-b122-023a7d9c7b77,2015/06/30 3:07 AM,2015-06-30,2015-06-29 23:37:00 +0200,New Delhi,1121466,alfred_daniel_j,Alfred Daniel J,2023-11-20 21:31:24 +0100,2024-02-20 04:57:36 +0100,research,CC-BY-NC,https://www.inaturalist.org/observations/191609503,https://inaturalist-open-data.s3.amazonaws.com/photos/336173520/medium.jpeg,,"","",5,0,false,,"Tamil Nadu Agricultural University, P N Pudur, Coimbatore, Tamil Nadu, India",11.0151861,76.9326167,1648,,,,1648,,open,false,,,Tricolored Munia,Lonchura malacca,Capuchino Tricolor de la India,Aves,979790
191760392,a758f1aa-8a02-4428-bf96-11f6d5a4aafc,2023/11/22 8:30 AM,2023-11-22,2023-11-22 04:00:00 +0100,New Delhi,6604460,anuragmishra1009,Anurag Mishra,2023-11-22 15:16:47 +0100,2024-02-20 04:57:35 +0100,research,,https://www.inaturalist.org/observations/191760392,https://static.inaturalist.org/photos/336466877/medium.jpg,,"",,3,0,false,,"Madanpur Rampur, Odisha 766102, India",20.1903121389,83.5211623956,244,,,,244,,open,false,,,Tricolored Munia,Lonchura malacca,Capuchino Tricolor de la India,Aves,979790
191764419,6d0aee9f-7d70-44c1-a9fb-7b60c1b320dd,2023/02/25 8:43 AM,2023-02-25,2023-02-25 14:43:00 +0100,Eastern Time (US & Canada),3775164,nikkikraft,,2023-11-22 16:22:59 +0100,2023-11-22 23:37:03 +0100,research,CC-BY-NC,https://www.inaturalist.org/observations/191764419,https://inaturalist-open-data.s3.amazonaws.com/photos/336493129/medium.jpeg,,"","",1,0,false,,"Torry Island, Florida 33430",26.7236758,-80.7203367,1937,,,,1937,,open,false,,,Tricolored Munia,Lonchura malacca,Capuchino Tricolor de la India,Aves,979790
191804164,bb8f3ae4-cd7d-4068-a195-11b2c883df2f,2023/11/04 2:18 PM,2023-11-04,2023-11-04 21:18:00 +0100,America/Merida,7090438,islas18,Esmeralda Islas,2023-11-23 01:06:09 +0100,2024-02-20 04:57:34 +0100,research,CC-BY-NC,https://www.inaturalist.org/observations/191804164,https://inaturalist-open-data.s3.amazonaws.com/photos/336485393/medium.jpg,,"",,3,0,false,,"Campeche, Camp., México",19.9298760568,-90.3929484799,61,,,,61,,open,false,,,Capuchino Tricolor,Lonchura malacca,Capuchino Tricolor de la India,Aves,979790
191812957,f8663cc4-e5f2-4e3d-819d-4fdcf89a37a9,2023/11/04 5:45 AM,2023-11-04,2023-11-04 10:45:00 +0100,America/Havana,7141992,rthunen,,2023-11-23 03:29:53 +0100,2024-02-20 04:57:33 +0100,research,CC-BY-NC,https://www.inaturalist.org/observations/191812957,https://inaturalist-open-data.s3.amazonaws.com/photos/336591408/medium.jpg,,"",,3,0,false,,"Autop. Este-Oeste, Cuba",22.526791,-83.400386,,,,,,,open,false,,,Tricolored Munia,Lonchura malacca,Capuchino Tricolor de la India,Aves,979790
191949186,c2b46515-fc41-4691-9c4e-297378b3b9d1,2010/10/22 9:03 AM,2010-10-22,2010-10-22 05:03:00 +0200,Dhaka,3076465,souravmahmud,MSH Sourav,2023-11-24 15:42:55 +0100,2024-02-20 04:57:32 +0100,research,CC-BY-NC,https://www.inaturalist.org/observations/191949186,https://inaturalist-open-data.s3.amazonaws.com/photos/336859267/medium.jpeg,,"","",3,0,false,,"Dhaka, Bangladesh",23.804093,90.4152376,14328,,,,14328,,open,false,,,Schwarzbauchnonne,Lonchura malacca,Capuchino Tricolor de la India,Aves,979790
191949192,c9897add-6d25-4267-9cb9-39653df5df14,2010/10/22 9:16 AM,2010-10-22,2010-10-22 05:16:00 +0200,Dhaka,3076465,souravmahmud,MSH Sourav,2023-11-24 15:42:55 +0100,2024-02-20 04:57:31 +0100,research,CC-BY-NC,https://www.inaturalist.org/observations/191949192,https://inaturalist-open-data.s3.amazonaws.com/photos/336859279/medium.jpeg,,"","",3,0,false,,"Dhaka, Bangladesh",23.804093,90.4152376,14328,,,,14328,,open,false,,,Schwarzbauchnonne,Lonchura malacca,Capuchino Tricolor de la India,Aves,979790
192087870,54aa2259-036b-4f84-95db-763cbe64cfb7,2023/11/05 7:00 AM,2023-11-05,2023-11-05 02:30:00 +0100,Sri Jayawardenepura,5808897,lappuggla,,2023-11-25 18:16:58 +0100,2024-02-20 04:57:30 +0100,research,CC-BY-NC,https://www.inaturalist.org/observations/192087870,https://inaturalist-open-data.s3.amazonaws.com/photos/337131919/medium.jpg,,"",,5,0,false,,"Horton Plains National Park, Nuwara Eliya, Sri Lanka",6.8063311676,80.8118352087,1553,,,,1553,,open,false,,,Tricolored Munia,Lonchura malacca,Capuchino Tricolor de la India,Aves,979790
192233690,e5b03537-9ace-47b6-a6f4-69a22920b845,2023/11/26 10:09 AM,2023-11-26,2023-11-26 05:39:00 +0100,New Delhi,6604460,anuragmishra1009,Anurag Mishra,2023-11-26 20:01:05 +0100,2024-02-20 04:57:24 +0100,research,,https://www.inaturalist.org/observations/192233690,https://static.inaturalist.org/photos/337413796/medium.jpg,,"",,3,0,false,,"Southern Division, Odisha, India",19.7078076347,82.6293206434,488,,,,488,,open,false,,,Tricolored Munia,Lonchura malacca,Capuchino Tricolor de la India,Aves,979790
192336255,880431c1-bcab-4375-a2fb-96eb5f583923,2016/04/15 7:26 AM,2016-04-15,2016-04-15 03:56:00 +0200,New Delhi,3446045,abhiapc,abhi jith,2023-11-27 15:00:22 +0100,2024-02-20 04:57:24 +0100,research,,https://www.inaturalist.org/observations/192336255,https://static.inaturalist.org/photos/337619193/medium.jpg,,"",,3,0,false,,"6JFG+3WM, Dadadahalli, Karnataka 570008, India",12.2227233,76.6272876,141,,,,141,,open,false,,,Lonchura malacca,Lonchura malacca,Capuchino Tricolor de la India,Aves,979790
192446607,19f749f4-ed6b-4159-9154-0fcf5f69cb74,2023-08-29 12:19:53,2023-08-29,2023-08-29 08:49:53 +0200,New Delhi,668311,afsarnayakkan,Afsar Nayakkan,2023-11-28 13:14:18 +0100,2024-05-20 19:17:40 +0200,research,CC-BY,https://www.inaturalist.org/observations/192446607,https://inaturalist-open-data.s3.amazonaws.com/photos/337836819/medium.jpeg,,"",,2,0,false,2,"27RW+2XQ Ezhome Agro River Sustainable, Ezhome, Kerala 670334, India",12.0400924369,75.2974850312,5500,,,,5500,,open,false,gps,gps,Tricolored Munia,Lonchura malacca,Capuchino Tricolor de la India,Aves,979790
192446759,f94b7e4a-9cef-4aa0-ae17-ea5530a2b7b0,2023-08-29 11:55:47,2023-08-29,2023-08-29 08:25:47 +0200,New Delhi,668311,afsarnayakkan,Afsar Nayakkan,2023-11-28 13:17:39 +0100,2024-05-20 19:17:40 +0200,research,CC-BY,https://www.inaturalist.org/observations/192446759,https://inaturalist-open-data.s3.amazonaws.com/photos/337837253/medium.jpeg,,"",,2,0,false,2,"27RW+2XQ Ezhome Agro River Sustainable, Ezhome, Kerala 670334, India",12.0400901415,75.2974850312,5507,,,,5507,,open,false,gps,gps,Tricolored Munia,Lonchura malacca,Capuchino Tricolor de la India,Aves,979790
192446804,cc7d71d4-2ca3-4ee7-a103-e4acb70bba64,2023-08-29 11:56:12,2023-08-29,2023-08-29 08:26:12 +0200,New Delhi,668311,afsarnayakkan,Afsar Nayakkan,2023-11-28 13:18:08 +0100,2024-05-20 19:17:40 +0200,research,CC-BY,https://www.inaturalist.org/observations/192446804,https://inaturalist-open-data.s3.amazonaws.com/photos/337837302/medium.jpeg,,"",,2,0,false,2,Ezhome,12.0400924369,75.2974850312,5500,,,,5500,,open,false,gps,gps,Tricolored Munia,Lonchura malacca,Capuchino Tricolor de la India,Aves,979790
192446822,dc049b26-2a83-4026-b109-1e4d7cf85c70,2023-08-29 11:56:14,2023-08-29,2023-08-29 08:26:14 +0200,New Delhi,668311,afsarnayakkan,Afsar Nayakkan,2023-11-28 13:18:30 +0100,2024-05-20 19:17:40 +0200,research,CC-BY,https://www.inaturalist.org/observations/192446822,https://inaturalist-open-data.s3.amazonaws.com/photos/337837340/medium.jpeg,,"",,2,0,false,2,Ezhome,12.0400924369,75.2974850312,5500,,,,5500,,open,false,gps,gps,Tricolored Munia,Lonchura malacca,Capuchino Tricolor de la India,Aves,979790
192636017,da045880-89d4-4ad2-b14f-e5c57c91fd36,2023/11/25 10:57 AM,2023-11-25,2023-11-25 06:27:00 +0100,New Delhi,7489689,vishesh_p_v,Vishesh P V,2023-11-30 14:39:08 +0100,2024-02-20 04:57:24 +0100,research,CC-BY-NC,https://www.inaturalist.org/observations/192636017,https://inaturalist-open-data.s3.amazonaws.com/photos/338213739/medium.jpeg,,"","",3,0,false,,"Moodahalli, Karnataka, India",12.1765005142,76.7573008368,2,,,,2,,open,false,,,Tricolored Munia,Lonchura malacca,Capuchino Tricolor de la India,Aves,979790
192657638,09726ef3-8b66-463f-ab0a-fe34dc9d47ca,2015/10/03 8:37 AM,2015-10-03,2015-10-03 05:07:00 +0200,New Delhi,78093,soumendram,Soumendra Mukhopadhyay,2023-11-30 19:47:12 +0100,2024-02-20 04:57:25 +0100,research,CC-BY-NC,https://www.inaturalist.org/observations/192657638,https://inaturalist-open-data.s3.amazonaws.com/photos/338251843/medium.jpg,,"",,4,0,false,,"D7/1, TTC Industrial Area, Turbhe MIDC, Kharghar, Navi Mumbai, Maharashtra 400703, India",19.0623397073,73.0511024594,207,,,,207,,open,false,,,Tricolored Munia,Lonchura malacca,Capuchino Tricolor de la India,Aves,979790
192678018,b00075ba-3713-4278-9b6b-26f4b601f7b1,2023-11-26,2023-11-26,,America/Tegucigalpa,2635632,harlin20,Harlin Maldonado Howard,2023-12-01 00:38:43 +0100,2024-02-20 04:57:27 +0100,research,,https://www.inaturalist.org/observations/192678018,https://static.inaturalist.org/photos/338299399/medium.jpeg,,"",,5,0,false,2,"W2G8+J9F, BAGOPE, Cortés, Honduras",14.9270525701,-87.9845717177,178,,,,178,,open,false,gps,gps,Tricolored Munia,Lonchura malacca,Capuchino Tricolor de la India,Aves,979790
192800027,4fc26985-a410-4eea-9018-264a878879b9,2023/11/25 11:17 AM,2023-11-25,2023-11-25 06:47:00 +0100,New Delhi,7489689,vishesh_p_v,Vishesh P V,2023-12-02 10:09:03 +0100,2024-02-20 04:57:27 +0100,research,CC-BY-NC,https://www.inaturalist.org/observations/192800027,https://inaturalist-open-data.s3.amazonaws.com/photos/338539779/medium.jpeg,,"","",3,0,false,,"Moodahalli, Karnataka, India",12.1766169872,76.7563748406,1,,,,1,,open,false,,,Tricolored Munia,Lonchura malacca,Capuchino Tricolor de la India,Aves,979790
193006400,49a47077-1a10-4a93-8679-2043a2bceb5b,2023-12-04 09:06:05+05:30,2023-12-04,2023-12-04 04:36:05 +0100,Sri Jayawardenepura,4030282,rookantha,,2023-12-04 05:42:51 +0100,2024-11-14 16:54:13 +0100,research,CC-BY-NC,https://www.inaturalist.org/observations/193006400,https://inaturalist-open-data.s3.amazonaws.com/photos/338955067/medium.jpg,,"","",6,0,false,3,"Yala National Park, Southern Province, LK",6.3503991919,81.3256071857,332,,,,332,,open,false,,,Tricolored Munia,Lonchura malacca,Capuchino Tricolor de la India,Aves,979790
193048659,3ac95a86-a7ff-4827-bafa-c21963dbd771,2019-01-03 15:37:28,2019-01-03,2019-01-03 11:07:28 +0100,New Delhi,638416,renju,renjus box,2023-12-04 18:29:53 +0100,2024-02-20 04:57:29 +0100,research,CC-BY,https://www.inaturalist.org/observations/193048659,https://inaturalist-open-data.s3.amazonaws.com/photos/339045395/medium.jpeg,,"",,3,0,false,2,"Kodamthuruth, Kerala, India",9.7974309476,76.2889039144,263,,,,263,,open,false,gps,gps,Tricolored Munia,Lonchura malacca,Capuchino Tricolor de la India,Aves,979790
193082879,183b9328-6665-47fa-bece-46fb4219f927,2023-12-01 13:53:59,2023-12-01,2023-12-01 20:53:59 +0100,America/Costa_Rica,2912116,danielgarrigues,Daniel Garrigues,2023-12-05 01:35:45 +0100,2025-01-16 15:51:20 +0100,research,,https://www.inaturalist.org/observations/193082879,https://static.inaturalist.org/photos/339113091/medium.jpeg,,"",,2,0,false,2,"Bagaces, Provincia de Guanacaste, Bagaces, Costa Rica",10.4267797586,-85.3900209814,5,,,,5,,open,false,gps,gps,Tricolored Munia,Lonchura malacca,Capuchino Tricolor de la India,Aves,979790
193107959,f6574769-3afd-4ff2-bc94-e5ad449ecaf1,2017/11/05 9:03 AM,2017-11-05,2017-11-05 04:33:00 +0100,New Delhi,4179939,vivek32,Vivek.N.Rathod,2023-12-05 08:53:54 +0100,2024-02-20 10:05:54 +0100,research,CC-BY-NC-ND,https://www.inaturalist.org/observations/193107959,https://inaturalist-open-data.s3.amazonaws.com/photos/339167456/medium.jpeg,,"",,3,0,false,,"Visakhapatnam, Andhra Pradesh, India",17.7117379295,83.2253596751,86,,,,86,,open,false,,,Tricolored Munia,Lonchura malacca,Capuchino Tricolor de la India,Aves,979790
193208881,bcf5b40f-6afe-4e52-ac61-dc14172992b8,2017/05/29 5:07 PM,2017-05-29,2017-05-29 13:37:00 +0200,New Delhi,3446045,abhiapc,abhi jith,2023-12-06 14:12:17 +0100,2024-02-20 10:05:52 +0100,research,,https://www.inaturalist.org/observations/193208881,https://static.inaturalist.org/photos/339371925/medium.jpg,,"",,4,0,false,,"6JFG+3WM, Dadadahalli, Karnataka 570008, India",12.2227233,76.6272876,127,,,,127,,open,false,,,Lonchura malacca,Lonchura malacca,Capuchino Tricolor de la India,Aves,979790
193557935,e526b88b-82e9-4253-b361-2a5f0144470a,2023/11/30 7:49 AM,2023-11-30,2023-11-30 03:19:00 +0100,New Delhi,1124519,covemom,Linda,2023-12-10 03:36:44 +0100,2024-02-20 10:05:52 +0100,research,CC-BY-NC,https://www.inaturalist.org/observations/193557935,https://inaturalist-open-data.s3.amazonaws.com/photos/340027643/medium.jpg,,"",,4,0,false,,"Mysuru, Karnataka, India",12.2958104,76.6393805,11705,,,,11705,,open,false,,,Tricolored Munia,Lonchura malacca,Capuchino Tricolor de la India,Aves,979790
193939663,454551c6-4585-4cb5-a23c-3d8cd6456e93,2023/07/02 7:09 AM,2023-07-02,2023-07-02 03:39:00 +0200,New Delhi,5529522,kunikimu,Ayaan S,2023-12-14 11:45:48 +0100,2024-03-14 11:02:01 +0100,research,CC-BY-NC-ND,https://www.inaturalist.org/observations/193939663,https://inaturalist-open-data.s3.amazonaws.com/photos/340771694/medium.jpg,,"",,2,0,false,,"Muthanallur Lake, Bommasandra, Karnataka",12.8225173,77.7294705,1349,,,,1349,,open,false,,,Tricolored Munia,Lonchura malacca,Capuchino Tricolor de la India,Aves,979790
194172408,b0c2b0de-9c2f-44aa-ab4d-60e822ddb106,2023/12/17 7:46 AM,2023-12-17,2023-12-17 03:16:00 +0100,New Delhi,3499217,shivaprakash,,2023-12-17 08:10:21 +0100,2024-02-20 12:55:53 +0100,research,CC-BY-NC,https://www.inaturalist.org/observations/194172408,https://inaturalist-open-data.s3.amazonaws.com/photos/341238718/medium.jpeg,,"",,4,0,false,,"Mysore Division, Karnataka, India",12.3166170555,76.5489351157,31,,,,31,,open,false,,,Tricolored Munia,Lonchura malacca,Capuchino Tricolor de la India,Aves,979790
194555465,db898409-1530-422c-a6cc-2338de9bb521,2023/12/19 8:10 AM,2023-12-19,2023-12-19 03:40:00 +0100,New Delhi,5718180,sumesh-pb,Sumesh PB,2023-12-22 05:50:22 +0100,2024-02-20 10:05:49 +0100,research,,https://www.inaturalist.org/observations/194555465,https://static.inaturalist.org/photos/342038741/medium.jpeg,,"","",3,0,false,,"Kerala, India",9.3124216667,76.599655,,,,,,,open,false,,,Tricolored Munia,Lonchura malacca,Capuchino Tricolor de la India,Aves,979790
194753448,41c634ef-83da-48a7-95bc-565125377bd8,2023/12/24 10:48 AM,2023-12-24,2023-12-24 06:18:00 +0100,New Delhi,377854,purabchowdhury,Dr. Purab Chowdhury,2023-12-24 18:50:13 +0100,2024-02-20 10:05:48 +0100,research,CC-BY-NC,https://www.inaturalist.org/observations/194753448,https://inaturalist-open-data.s3.amazonaws.com/photos/342417654/medium.jpeg,,"","",3,0,false,,"M8J8+V6 Basipota Birding Zone, Kanaipur, Konnagar, Basipota, West Bengal, India",22.6851394,88.3211115,205,,,,205,,open,false,,,Tricolored Munia,Lonchura malacca,Capuchino Tricolor de la India,Aves,979790
194802663,34b76c91-5d2d-49f9-8a80-748b3da2535e,2023/12/25 11:03 AM,2023-12-25,2023-12-25 06:33:00 +0100,New Delhi,6604460,anuragmishra1009,Anurag Mishra,2023-12-25 11:25:12 +0100,2024-02-20 10:05:47 +0100,research,,https://www.inaturalist.org/observations/194802663,https://static.inaturalist.org/photos/342523413/medium.jpg,,"",,5,0,false,,"Southern Division, Odisha, India",19.7066962832,82.6193831634,488,,,,488,,open,false,,,Tricolored Munia,Lonchura malacca,Capuchino Tricolor de la India,Aves,979790
195470688,28e2b780-30ca-47a5-a502-2d2f569745f2,2023/12/31 11:02 AM,2023-12-31,2023-12-31 06:32:00 +0100,New Delhi,4748060,vidswami,Vidhya Swaminathan,2024-01-01 16:06:41 +0100,2024-02-20 12:55:58 +0100,research,CC-BY-NC,https://www.inaturalist.org/observations/195470688,https://inaturalist-open-data.s3.amazonaws.com/photos/343888936/medium.jpeg,,"","",4,0,false,,"Pallikaranai Marshland Park, 129, Velachery - Tambaram Main Rd, Ram Nagar South, Pallikaranai, Chennai, Tamil Nadu 600100, India",12.957851,80.2139228,208,,,,208,,open,false,,,Tricolored Munia,Lonchura malacca,Capuchino Tricolor de la India,Aves,979790
195470694,10c3e922-d991-4af1-b99c-7edae5fba812,2023/12/31 11:08 AM,2023-12-31,2023-12-31 06:38:00 +0100,New Delhi,4748060,vidswami,Vidhya Swaminathan,2024-01-01 16:06:43 +0100,2024-02-20 10:05:46 +0100,research,CC-BY-NC,https://www.inaturalist.org/observations/195470694,https://inaturalist-open-data.s3.amazonaws.com/photos/343889021/medium.jpeg,,"",,4,0,false,,"Pallikaranai Marshland Park, 129, Velachery - Tambaram Main Rd, Ram Nagar South, Pallikaranai, Chennai, Tamil Nadu 600100, India",12.957851,80.2139228,208,,,,208,,open,false,,,Tricolored Munia,Lonchura malacca,Capuchino Tricolor de la India,Aves,979790
195478877,07726ce1-eae6-406d-a244-65cbe749207b,2023-12-02 10:26:50,2023-12-02,2023-12-02 05:56:50 +0100,New Delhi,440891,ferminjose,Fermin Jose,2024-01-01 17:43:26 +0100,2024-02-20 10:05:45 +0100,research,,https://www.inaturalist.org/observations/195478877,https://static.inaturalist.org/photos/343907752/medium.jpeg,,"",,8,0,false,2,"639C+M26, Mothagaon, Dombivli West, Dombivli, Maharashtra 421202, India",19.2191332763,73.0701199919,141,,,,141,,open,false,gps,gps,Tricolored Munia,Lonchura malacca,Capuchino Tricolor de la India,Aves,979790
195666415,f5a3a35e-3c03-43a5-81f5-8633b0d0aab4,2024/01/02 8:56 AM,2024-01-02,2024-01-02 04:26:00 +0100,New Delhi,951127,aniruddha_singhamahapatra,Aniruddha Singhamahapatra,2024-01-03 16:27:10 +0100,2024-02-20 11:10:30 +0100,research,CC-BY-NC-SA,https://www.inaturalist.org/observations/195666415,https://inaturalist-open-data.s3.amazonaws.com/photos/344283631/medium.jpeg,,"",,5,0,false,,"Kuldiha, West Bengal, India",22.9933041265,86.9999743196,29,,,,29,,open,false,,,Tricolored Munia,Lonchura malacca,Capuchino Tricolor de la India,Aves,979790
195812195,11951869-0141-4dcd-9ae7-1e0c81c7c9b7,2023-11-25 15:55:36,2023-11-25,2023-11-25 11:25:36 +0100,New Delhi,5371247,darius509,Darius Smaller,2024-01-05 06:21:21 +0100,2024-02-20 11:10:29 +0100,research,,https://www.inaturalist.org/observations/195812195,https://static.inaturalist.org/photos/344582451/medium.jpeg,,"",,4,0,false,2,"Alwarkurichi, Tamil Nadu 627412, India",8.7824816019,77.4003258348,211,,,,211,,open,false,gps,gps,Tricolored Munia,Lonchura malacca,Capuchino Tricolor de la India,Aves,979790
195834916,75f0e6b5-ec4f-40db-a2f0-80cfa68eea40,2024/01/02 7:34 AM,2024-01-02,2024-01-02 03:04:00 +0100,New Delhi,3377371,navaneethsinigeorge,Navaneeth Sini George,2024-01-05 14:22:38 +0100,2025-11-11 03:40:36 +0100,research,CC-BY,https://www.inaturalist.org/observations/195834916,https://inaturalist-open-data.s3.amazonaws.com/photos/344626328/medium.jpeg,,"",,1,0,false,,"Kumarakom, Kerala, India",9.5689152305,76.4380493941,252,,,,252,,open,false,,,Tricolored Munia,Lonchura malacca,Capuchino Tricolor de la India,Aves,979790
195834917,14fcb760-d941-4a46-af1e-457d49d4acd1,2024/01/02 7:35 AM,2024-01-02,2024-01-02 03:05:00 +0100,New Delhi,3377371,navaneethsinigeorge,Navaneeth Sini George,2024-01-05 14:22:38 +0100,2025-11-11 03:40:13 +0100,research,CC-BY,https://www.inaturalist.org/observations/195834917,https://inaturalist-open-data.s3.amazonaws.com/photos/344626347/medium.jpeg,,"",,1,0,false,,"Kumarakom, Kerala, India",9.5689152305,76.4380493941,252,,,,252,,open,false,,,Tricolored Munia,Lonchura malacca,Capuchino Tricolor de la India,Aves,979790
195834950,053a9509-8558-48b7-94dd-e072129d7eb8,2024/01/02 7:44 AM,2024-01-02,2024-01-02 03:14:00 +0100,New Delhi,3377371,navaneethsinigeorge,Navaneeth Sini George,2024-01-05 14:22:43 +0100,2025-11-11 03:40:37 +0100,research,CC-BY,https://www.inaturalist.org/observations/195834950,https://inaturalist-open-data.s3.amazonaws.com/photos/344626420/medium.jpeg,,"",,1,0,false,,"Kumarakom, Kerala, India",9.5689152305,76.4380493941,252,,,,252,,open,false,,,Tricolored Munia,Lonchura malacca,Capuchino Tricolor de la India,Aves,979790
195836387,038cb96d-75ec-4e01-a4f4-01cf55975143,2024/01/02 8:46 AM,2024-01-02,2024-01-02 04:16:00 +0100,New Delhi,3377371,navaneethsinigeorge,Navaneeth Sini George,2024-01-05 14:51:23 +0100,2025-11-11 03:40:06 +0100,research,CC-BY,https://www.inaturalist.org/observations/195836387,https://inaturalist-open-data.s3.amazonaws.com/photos/344629865/medium.jpeg,,"",,1,0,false,,"Kumarakom, Kerala, India",9.5681652218,76.4359587539,273,,,,273,,open,false,,,Tricolored Munia,Lonchura malacca,Capuchino Tricolor de la India,Aves,979790
195837031,16ccf6bb-1525-480d-a8e0-e7f5d6df73d2,2024/01/02 9:30 AM,2024-01-02,2024-01-02 05:00:00 +0100,New Delhi,3377371,navaneethsinigeorge,Navaneeth Sini George,2024-01-05 15:03:59 +0100,2025-11-11 03:40:45 +0100,research,CC-BY,https://www.inaturalist.org/observations/195837031,https://inaturalist-open-data.s3.amazonaws.com/photos/344631441/medium.jpeg,,"",,2,0,false,,"Kumarakom, Kerala, India",9.5692913331,76.4373527291,337,,,,337,,open,false,,,Tricolored Munia,Lonchura malacca,Capuchino Tricolor de la India,Aves,979790
196190994,d033a070-f3f9-4803-81a0-12c6d54f477a,2019/10/28 7:14 AM,2019-10-28,2019-10-28 02:44:00 +0100,New Delhi,6195755,dineshs,Dinesh Sharma,2024-01-09 10:10:44 +0100,2024-02-20 04:55:59 +0100,research,CC-BY-NC,https://www.inaturalist.org/observations/196190994,https://inaturalist-open-data.s3.amazonaws.com/photos/345342202/medium.jpg,,"",,3,0,false,,"Countryside farm, Kamshet",18.7687082,73.5369836,206,,,,206,,open,false,,,Tricolored Munia,Lonchura malacca,Capuchino Tricolor de la India,Aves,979790
196198636,66075d2c-2048-489f-ab66-c7ac480209b2,2019/10/29 10:28 AM,2019-10-29,2019-10-29 05:58:00 +0100,New Delhi,6195755,dineshs,Dinesh Sharma,2024-01-09 13:33:48 +0100,2024-02-20 04:55:58 +0100,research,CC-BY-NC,https://www.inaturalist.org/observations/196198636,https://inaturalist-open-data.s3.amazonaws.com/photos/345357924/medium.jpg,,"",,3,0,false,,countryside farm Kamshet,18.7687082,73.5369836,206,,,,206,,open,false,,,Tricolored Munia,Lonchura malacca,Capuchino Tricolor de la India,Aves,979790
196279944,d32d56ce-c620-4361-99b1-49af93354982,2022/05/17 7:36 AM,2022-05-17,2022-05-17 04:06:00 +0200,New Delhi,6195755,dineshs,Dinesh Sharma,2024-01-10 16:05:39 +0100,2024-02-20 04:56:00 +0100,research,CC-BY-NC,https://www.inaturalist.org/observations/196279944,https://inaturalist-open-data.s3.amazonaws.com/photos/345520078/medium.jpg,,"","",3,0,false,,Shamirpet Lake Outflow,17.6071314329,78.5713488894,244,,,,244,,open,false,,,Tricolored Munia,Lonchura malacca,Capuchino Tricolor de la India,Aves,979790
196455885,3ef55e13-c745-44f8-870e-a07ddc48ffd5,2023/12/12 10:38 PM,2023-12-12,2023-12-12 18:08:00 +0100,Sri Jayawardenepura,1567578,connk,connk,2024-01-12 22:57:59 +0100,2024-02-20 04:56:01 +0100,research,CC-BY-NC,https://www.inaturalist.org/observations/196455885,https://inaturalist-open-data.s3.amazonaws.com/photos/345879852/medium.jpeg,,"",,5,0,false,,"Hambantota, Sri Lanka",6.1899866933,81.2229120418,193,,,,193,,open,false,,,Tricolored Munia,Lonchura malacca,Capuchino Tricolor de la India,Aves,979790
196684303,ee42b7bb-1edf-4c8f-910b-fa3f0901b8cf,2023/10/30 10:33 AM,2023-10-30,2023-10-30 05:48:00 +0100,Kathmandu,4467367,leuli,,2024-01-14 19:42:21 +0100,2024-02-20 04:56:01 +0100,research,CC-BY-NC,https://www.inaturalist.org/observations/196684303,https://inaturalist-open-data.s3.amazonaws.com/photos/346217643/medium.jpeg,,"", ,2,0,false,,"Bardiya, Nepal",28.5138388889,81.2875666667,100,,,,100,,open,false,,,Tricolored Munia,Lonchura malacca,Capuchino Tricolor de la India,Aves,979790
196835097,613dde99-f16b-49bf-8488-306003e53bad,2024-01-15,2024-01-15,,New Delhi,4748060,vidswami,Vidhya Swaminathan,2024-01-16 13:51:32 +0100,2024-02-20 04:56:02 +0100,research,CC-BY-NC,https://www.inaturalist.org/observations/196835097,https://inaturalist-open-data.s3.amazonaws.com/photos/346521547/medium.jpeg,,"","",2,0,false,,"Karapakkam, Chennai, Tamil Nadu, India",12.9190519,80.2300343,1631,,,,1631,,open,false,,"",Tricolored Munia,Lonchura malacca,Capuchino Tricolor de la India,Aves,979790
197252609,c955c3b2-4dd6-42d2-bfb3-cd633fec10da,2022/01/15 9:22 AM,2022-01-15,2022-01-15 15:22:00 +0100,Eastern Time (US & Canada),7533236,kbrix,Kevin Brix,2024-01-21 21:24:36 +0100,2024-02-20 04:55:34 +0100,research,CC-BY-NC,https://www.inaturalist.org/observations/197252609,https://inaturalist-open-data.s3.amazonaws.com/photos/347366161/medium.jpeg,,"",,2,0,false,,"Belle Glade, FL, USA",26.707953881,-80.7193172871,52,,,,52,,open,false,,,Tricolored Munia,Lonchura malacca,Capuchino Tricolor de la India,Aves,979790
197294765,e599d922-f84c-4686-bbcb-ca99ad7567c9,2024-01-22 12:31:17,2024-01-22,2024-01-22 08:01:17 +0100,New Delhi,3522844,sandipan2001,Sandipan Das,2024-01-22 09:02:56 +0100,2024-02-20 04:55:35 +0100,research,CC-BY,https://www.inaturalist.org/observations/197294765,https://inaturalist-open-data.s3.amazonaws.com/photos/347453640/medium.jpeg,,"",,6,0,false,2,"C 28, River View Colony, Badi Koni, Bilaspur, Chhattisgarh 495009, India",22.1291593134,82.1254611388,77,,,,77,,open,false,gps,gps,Tricolored Munia,Lonchura malacca,Capuchino Tricolor de la India,Aves,979790
197433831,c861e970-c29d-4741-8f6d-1b290a81a25c,2023/03/12 12:07 PM,2023-03-12,2023-03-12 17:07:00 +0100,Eastern Time (US & Canada),4090325,alowemas,,2024-01-24 03:58:46 +0100,2024-01-24 04:27:12 +0100,research,CC-BY-NC,https://www.inaturalist.org/observations/197433831,https://inaturalist-open-data.s3.amazonaws.com/photos/347734095/medium.jpeg,,"",,1,0,false,,"Palm Beach County, FL, USA",26.7042011901,-80.7255178808,1439,,,,1439,,open,false,,,Tricolored Munia,Lonchura malacca,Capuchino Tricolor de la India,Aves,979790
197494183,f509bfa2-bd9e-4830-a728-3dd7e87e308e,2024/01/12 10:52 AM,2024-01-12,2024-01-12 17:52:00 +0100,America/Merida,319374,kenchamberlain,Ken Chamberlain,2024-01-24 23:53:28 +0100,2024-08-31 23:43:50 +0200,research,CC-BY-NC,https://www.inaturalist.org/observations/197494183,https://inaturalist-open-data.s3.amazonaws.com/photos/347854933/medium.jpg,,"COUNTRY, Family, LOCATION, Mexico, Yucatan 2024",,2,0,false,,"Champotón Municipality, Campeche, Mexico",19.1004676237,-90.2520606309,200,,,,200,,open,false,,,Tricolored Munia,Lonchura malacca,Capuchino Tricolor de la India,Aves,979790
197585368,43840142-6255-4b3f-b9c2-622c4283291a,2023/12/31 10:31 AM ,2023-12-31,2023-12-31 06:01:00 +0100,Sri Jayawardenepura,1459984,spacegecko,"",2024-01-26 05:54:56 +0100,2024-11-12 12:03:31 +0100,research,CC-BY-NC,https://www.inaturalist.org/observations/197585368,https://inaturalist-open-data.s3.amazonaws.com/photos/348038923/medium.jpeg,,"",,3,0,false,,"Hambantota, Sri Lanka",6.3861316667,81.4890183333,100,,,,100,,open,false,,,Tricolored Munia,Lonchura malacca,Capuchino Tricolor de la India,Aves,979790
197637118,0e3c3c0e-1af9-40c5-b532-98af44ad52e3,2023/12/18 2:24 PM,2023-12-18,2023-12-18 20:24:00 +0100,America/Havana,1086644,sriverob,Sergio Rivero Beneitez,2024-01-26 22:27:59 +0100,2024-02-20 04:55:54 +0100,research,CC-BY-NC,https://www.inaturalist.org/observations/197637118,https://inaturalist-open-data.s3.amazonaws.com/photos/348143636/medium.jpg,,Tricolored Munia,,2,0,false,,"Artemisa, Cuba",22.83408538,-82.8880266791,61,,,,61,,open,false,,,Capuchino Tricolor,Lonchura malacca,Capuchino Tricolor de la India,Aves,979790
197772442,29dc5879-17fc-4fe0-97f0-24372c2c03f8,2023/10/21 4:38 PM,2023-10-21,2023-10-21 12:53:00 +0200,Kathmandu,4842551,briancasatelli,,2024-01-28 08:24:32 +0100,2025-03-15 02:22:48 +0100,research,CC-BY-NC-ND,https://www.inaturalist.org/observations/197772442,https://inaturalist-open-data.s3.amazonaws.com/photos/348413968/medium.jpg,,"Asia, Bardia National Park, Birds 2, Locations, Lonchura, Lonchura malacca, Nepal, Tricolored Munia, Waxbills, Munias & Allies - Estrildidae, Wildlife",,2,0,false,,"Bheri, Mid-Western, Nepal",28.39377882,81.22321129,,,,,,,open,false,,,Tricolored Munia,Lonchura malacca,Capuchino Tricolor de la India,Aves,979790
198045659,c772ef42-e882-4c3d-b6ac-5c5a72944224,2024/01/15 08:52,2024-01-15,2024-01-15 04:22:00 +0100,Sri Jayawardenepura,5655975,rollier,Maryse Neukomm,2024-01-31 11:40:33 +0100,2024-02-20 04:55:53 +0100,research,CC-BY-NC,https://www.inaturalist.org/observations/198045659,https://inaturalist-open-data.s3.amazonaws.com/photos/348969537/medium.jpg,,"",,5,0,false,,"Sigiriya, Sri Lanka",7.9541935049,80.7593757725,778,,,,778,,open,false,,,Capucin à dos marron,Lonchura malacca,Capuchino Tricolor de la India,Aves,979790
198311648,45df41f1-9f56-4dc3-b8a7-993317f585b4,2024/01/22 07:53,2024-01-22,2024-01-22 03:23:00 +0100,Sri Jayawardenepura,5655975,rollier,Maryse Neukomm,2024-02-03 19:22:50 +0100,2024-11-11 15:41:59 +0100,research,CC-BY-NC,https://www.inaturalist.org/observations/198311648,https://inaturalist-open-data.s3.amazonaws.com/photos/349502147/medium.jpg,,"",,3,0,false,,"Bundala National Park, Sri Lanka",6.1811242801,81.2092060397,4016,,,,4016,,open,false,,,Capucin à dos marron,Lonchura malacca,Capuchino Tricolor de la India,Aves,979790
198352079,2093241d-9efd-4a71-b74e-c563116c3135,2023-03-11 10:52:49,2023-03-11,2023-03-11 16:52:49 +0100,Eastern Time (US & Canada),7766529,garyleavens,Gary T. Leavens,2024-02-04 03:13:10 +0100,2024-02-04 18:27:32 +0100,research,CC-BY-NC-SA,https://www.inaturalist.org/observations/198352079,https://inaturalist-open-data.s3.amazonaws.com/photos/349583364/medium.jpg,,_GTL5589-CR3_DxO_DeepPRIME-Edit-Edit,Tricolored Munia (immature) #birdsgallery #instagram,1,0,false,,"South Bay, Florida, United States",26.706397,-80.716898,,,,,,,open,false,,"",Tricolored Munia,Lonchura malacca,Capuchino Tricolor de la India,Aves,979790
198387974,6d230248-7ae6-45f6-b1cd-c5471d2ccb90,2024/01/28 3:45 PM,2024-01-28,2024-01-28 22:45:00 +0100,America/Tegucigalpa,553511,oliverkomar,Oliver Komar,2024-02-04 14:10:16 +0100,2024-02-20 11:10:28 +0100,research,CC-BY-NC,https://www.inaturalist.org/observations/198387974,https://inaturalist-open-data.s3.amazonaws.com/photos/349655426/medium.jpeg,,"",,2,0,false,,"El Progreso, Yoro, Honduras",15.4168742669,-87.8156912411,8,,,,8,,open,false,,,Tricolored Munia,Lonchura malacca,Capuchino Tricolor de la India,Aves,979790
198627309,8870b8b9-9e72-4466-9562-eefe1336efdc,2024-02-07 07:04:42,2024-02-07,2024-02-07 02:34:42 +0100,New Delhi,6946008,arnab11,Arnab Mondal,2024-02-07 06:41:13 +0100,2024-02-07 18:43:19 +0100,research,,https://www.inaturalist.org/observations/198627309,https://static.inaturalist.org/photos/350129838/medium.jpeg,,"",,2,0,false,2,"72RR+V66, Alpin, Bhagawanpur, West Bengal 711314, India",22.2927685031,88.0403304845,203,,,,203,,open,false,gps,gps,Tricolored Munia,Lonchura malacca,Capuchino Tricolor de la India,Aves,979790
198630088,a6d5a7bd-f377-4905-94d0-ea007a501e42,2019/07/20 2:45 PM,2019-07-20,2019-07-20 11:15:00 +0200,New Delhi,3598813,the_explorer_005,Debdeep Pramanik,2024-02-07 07:58:38 +0100,2024-02-20 04:55:19 +0100,research,CC-BY-NC,https://www.inaturalist.org/observations/198630088,https://inaturalist-open-data.s3.amazonaws.com/photos/350136067/medium.jpeg,,"","",4,0,false,,"Red Munia zone, Newtown, Kolkata, West Bengal, India",22.6066699518,88.4769551302,31,,,,31,,open,false,,,Tricolored Munia,Lonchura malacca,Capuchino Tricolor de la India,Aves,979790
198770095,f4bc96d7-4445-474f-a38c-967ad08af3c2,2023/01/28 12:15 PM,2023-01-28,2023-01-28 07:45:00 +0100,New Delhi,1060918,kalpanajayaraman,Kalpana Jayaraman,2024-02-09 02:21:54 +0100,2024-02-20 12:56:02 +0100,research,CC-BY-NC,https://www.inaturalist.org/observations/198770095,https://inaturalist-open-data.s3.amazonaws.com/photos/350406959/medium.jpeg,,"","",3,0,false,,"Karapakkam, Chennai, Tamil Nadu, India",12.9190519,80.2300343,1631,,,,1631,,open,false,,,Tricolored Munia,Lonchura malacca,Capuchino Tricolor de la India,Aves,979790
199123716,b9803ab7-6c36-4713-afe3-d55ef1c51222,2017/01/25 16:10,2017-01-25,2017-01-25 11:40:00 +0100,Sri Jayawardenepura,5285505,zoltanbagosi,Zoltan BAGOSI,2024-02-12 20:08:12 +0100,2024-11-11 15:23:09 +0100,research,CC-BY-NC,https://www.inaturalist.org/observations/199123716,https://inaturalist-open-data.s3.amazonaws.com/photos/351102363/medium.jpg,,"431, Sri Lanka, allat, geo:lat=6.29787800, geo:lon=81.29393800, geotagged, madar, taj",,5,0,false,,"Hambantota, Srí Lanka",6.2978783333,81.2939383333,,,,,,,open,false,,,feketefejű szarkapinty,Lonchura malacca,Capuchino Tricolor de la India,Aves,979790
199154644,f53e6c55-0e33-4933-ade2-4967c8ec4156,2024/02/04 8:55 AM,2024-02-04,2024-02-04 04:25:00 +0100,New Delhi,6604460,anuragmishra1009,Anurag Mishra,2024-02-13 02:46:02 +0100,2024-02-20 04:55:10 +0100,research,,https://www.inaturalist.org/observations/199154644,https://static.inaturalist.org/photos/351158557/medium.jpeg,,"",,2,0,false,,"Northern Division, Odisha, India",21.0444925962,83.8124575132,8,,,,8,,open,false,,,Tricolored Munia,Lonchura malacca,Capuchino Tricolor de la India,Aves,979790
199220750,83ed078b-40e9-49fa-9250-98bb81fc287a,2020/10/02 9:04 AM,2020-10-02,2020-10-02 05:34:00 +0200,New Delhi,1304830,tusharagarwal18,Tushar Agarwal,2024-02-13 21:35:53 +0100,2024-09-05 06:01:13 +0200,research,CC-BY-NC,https://www.inaturalist.org/observations/199220750,https://inaturalist-open-data.s3.amazonaws.com/photos/351295501/medium.jpg,,"",,4,0,false,,"CSEB Campus, Kota, Raipur, Chhattisgarh 492009, India",21.2587628615,81.6237830776,187,,,,187,,open,false,,,Tricolored Munia,Lonchura malacca,Capuchino Tricolor de la India,Aves,979790
199232648,1bbcf096-61c2-402b-970b-80844e523db1,2020/11/17 10:38 AM,2020-11-17,2020-11-17 06:08:00 +0100,New Delhi,1304830,tusharagarwal18,Tushar Agarwal,2024-02-14 00:18:18 +0100,2024-09-05 05:58:24 +0200,research,CC-BY-NC,https://www.inaturalist.org/observations/199232648,https://inaturalist-open-data.s3.amazonaws.com/photos/351318082/medium.jpg,,"",,3,0,false,,"Keotara, Chhattisgarh 493225, India",21.4871199,81.8934484,2565,,,,2565,,open,false,,,Tricolored Munia,Lonchura malacca,Capuchino Tricolor de la India,Aves,979790
199325343,8e49d6fd-dd12-4aa4-ba5a-e66ed80c14b7,2024/02/12 8:37 AM,2024-02-12,2024-02-12 14:37:00 +0100,America/Cancun,26330,krotalo25,Luis Mora,2024-02-15 02:43:29 +0100,2024-02-15 15:13:45 +0100,research,CC-BY,https://www.inaturalist.org/observations/199325343,https://inaturalist-open-data.s3.amazonaws.com/photos/351501361/medium.jpeg,,"","",2,0,false,,"Othón P. Blanco, Q.R., México",18.1216,-88.7637066667,,,,,,,open,false,,,Capuchino Tricolor,Lonchura malacca,Capuchino Tricolor de la India,Aves,979790
199337954,7db4379c-bc78-4ee0-88bc-9f7365eb1a72,2024/01/26 9:16 AM,2024-01-26,2024-01-26 15:16:00 +0100,America/Havana,6186840,mark_hughes,,2024-02-15 06:15:54 +0100,2024-02-20 04:55:00 +0100,research,CC-BY-NC,https://www.inaturalist.org/observations/199337954,https://inaturalist-open-data.s3.amazonaws.com/photos/351525880/medium.jpeg,,"","Embalse Herradura - Autopista Este-Oeste, Pinar del RÃ­o, CU (22.527, -83.4)",2,0,false,,"Consolacion del Sur, Cuba",22.527,-83.4,100,,,,100,,open,false,,,Tricolored Munia,Lonchura malacca,Capuchino Tricolor de la India,Aves,979790
199350281,61aa1e85-5691-4319-bc28-eacc4c30b8f1,2023/11/17 8:25 AM,2023-11-17,2023-11-17 03:55:00 +0100,New Delhi,6559220,jagz88,Jagdish Parmar,2024-02-15 11:10:41 +0100,2024-02-20 04:54:59 +0100,research,,https://www.inaturalist.org/observations/199350281,https://static.inaturalist.org/photos/351550072/medium.jpeg,,"",,2,0,false,,"Tena, Gujarat 395005, India",21.230583,72.6698113,797,,,,797,,open,false,,,Tricolored Munia,Lonchura malacca,Capuchino Tricolor de la India,Aves,979790
199458679,c18be23e-fc38-47b5-97cf-41fa186a56a7,2021/11/09 6:09 AM,2021-11-09,2021-11-09 01:39:00 +0100,New Delhi,6559220,jagz88,Jagdish Parmar,2024-02-16 15:11:13 +0100,2024-02-20 04:54:59 +0100,research,,https://www.inaturalist.org/observations/199458679,https://static.inaturalist.org/photos/351753485/medium.jpg,,"",,4,0,false,,"Abhva, Gujarat, India",21.1210401,72.7658676,1641,,,,1641,,open,false,,,Tricolored Munia,Lonchura malacca,Capuchino Tricolor de la India,Aves,979790
200139993,1cf2be9d-54dc-4b74-bf8e-3599ee802a2d,2024/01/15 5:09 PM,2024-01-15,2024-01-15 12:39:00 +0100,New Delhi,1060918,kalpanajayaraman,Kalpana Jayaraman,2024-02-23 02:13:20 +0100,2024-02-23 11:46:59 +0100,research,CC-BY-NC,https://www.inaturalist.org/observations/200139993,https://inaturalist-open-data.s3.amazonaws.com/photos/353053331/medium.jpeg,,"",,2,0,false,,"Karapakkam, Chennai, Tamil Nadu, India",12.9190519,80.2300343,1631,,,,1631,,open,false,,,Tricolored Munia,Lonchura malacca,Capuchino Tricolor de la India,Aves,979790
200201252,4fcaf67e-4923-49a3-bcbf-bdd16f44b84d,2023/12/22 12:45 AM,2023-12-22,2023-12-21 20:15:00 +0100,Sri Jayawardenepura,3117765,rvignarajah,Roshan Vignarajah,2024-02-23 19:16:09 +0100,2024-11-11 13:53:25 +0100,research,CC-BY-NC,https://www.inaturalist.org/observations/200201252,https://inaturalist-open-data.s3.amazonaws.com/photos/353171230/medium.jpeg,,"",,3,0,false,,"Hambantota, Sri Lanka",6.2002320357,81.2129037844,7368,,,,7368,,open,false,,,Tricolored Munia,Lonchura malacca,Capuchino Tricolor de la India,Aves,979790
200217613,cba6690b-4184-41d3-8068-e34cf6637a8b,2024/02/23 9:09 AM,2024-02-23,2024-02-23 16:09:00 +0100,America/Merida,2321639,giovalencia,Giovana A. Valencia,2024-02-23 22:46:37 +0100,2024-03-11 04:44:35 +0100,research,CC-BY,https://www.inaturalist.org/observations/200217613,https://inaturalist-open-data.s3.amazonaws.com/photos/353202418/medium.jpeg,,"","",2,0,false,,"Campeche, Camp., México",19.9405118211,-90.3770355028,18,,,,18,,open,false,,,Capuchino Tricolor,Lonchura malacca,Capuchino Tricolor de la India,Aves,979790
200560928,4d6e0173-cd19-44e0-bfcc-78ee902f3bf3,2022/01/23 7:17 AM,2022-01-23,2022-01-23 13:17:00 +0100,Eastern Time (US & Canada),2560178,diomedea_exulans_li,Yinan Li,2024-02-26 23:39:42 +0100,2024-02-27 00:32:29 +0100,research,CC-BY-NC,https://www.inaturalist.org/observations/200560928,https://inaturalist-open-data.s3.amazonaws.com/photos/353876613/medium.jpeg,,"","",1,0,false,,"Belle Glade, FL, USA",26.7095355448,-80.7210331122,31,,,,31,,open,false,,,Tricolored Munia,Lonchura malacca,Capuchino Tricolor de la India,Aves,979790
201365981,27d45b55-b50f-40d7-89cb-ed9145ceba78,2024/01/26 07:33,2024-01-26,2024-01-26 03:03:00 +0100,Sri Jayawardenepura,1926371,matthieu_gauvain,Matthieu Gauvain,2024-03-05 14:26:42 +0100,2024-11-08 15:35:28 +0100,research,CC-BY,https://www.inaturalist.org/observations/201365981,https://inaturalist-open-data.s3.amazonaws.com/photos/355446566/medium.jpeg,,"","",2,0,false,,"Dambulla, Matale, Sri Lanka",7.946425,80.75319,,,,,,,open,false,,,Capucin à dos marron,Lonchura malacca,Capuchino Tricolor de la India,Aves,979790
201657932,1dca7c5e-103f-4c36-ab1c-6567705b1302,2024-03-06 11:47:19,2024-03-06,2024-03-06 07:17:19 +0100,Sri Jayawardenepura,7469650,gudrmuel,Gudrun Mueller,2024-03-08 08:56:40 +0100,2024-11-08 14:02:11 +0100,research,CC-BY-NC,https://www.inaturalist.org/observations/201657932,https://inaturalist-open-data.s3.amazonaws.com/photos/356013495/medium.jpeg,,"",,4,0,false,2,"Tissamaharama, Sri Lanka",6.2791535679,81.2876691297,2755,,,,2755,,open,false,gps,gps,Schwarzbauchnonne,Lonchura malacca,Capuchino Tricolor de la India,Aves,979790
201660212,b55c1a12-9c72-4fdd-8421-b0a7c879ab19,2024-03-06 13:16:41,2024-03-06,2024-03-06 08:46:41 +0100,Sri Jayawardenepura,7469650,gudrmuel,Gudrun Mueller,2024-03-08 09:43:48 +0100,2025-10-08 17:36:10 +0200,research,CC-BY-NC,https://www.inaturalist.org/observations/201660212,https://inaturalist-open-data.s3.amazonaws.com/photos/356017642/medium.jpeg,,"",,1,0,false,2,"Tissamaharama, Sri Lanka",6.2791532347,81.2876691297,2758,,,,2758,,open,false,gps,gps,Schwarzbauchnonne,Lonchura malacca,Capuchino Tricolor de la India,Aves,979790
201660958,9e2b832f-5afc-4789-8b85-bf19452b090a,2024-03-06 11:35:49,2024-03-06,2024-03-06 07:05:49 +0100,Sri Jayawardenepura,7477241,johannes-mueller,Johannes M. Mueller,2024-03-08 10:00:36 +0100,2024-11-08 14:00:09 +0100,research,CC-BY-NC,https://www.inaturalist.org/observations/201660958,https://inaturalist-open-data.s3.amazonaws.com/photos/356018918/medium.jpeg,,"",,4,0,false,2,"Tissamaharama, Sri Lanka",6.2791532347,81.2876691297,2758,,,,2758,,open,false,gps,gps,Schwarzbauchnonne,Lonchura malacca,Capuchino Tricolor de la India,Aves,979790
201752821,d43c469f-25db-4aa0-8e5c-c9f42fddb308,2024-01-09 09:08:33,2024-01-09,2024-01-09 04:38:33 +0100,New Delhi,638416,renju,renjus box,2024-03-09 05:26:41 +0100,2024-03-12 18:28:10 +0100,research,CC-BY,https://www.inaturalist.org/observations/201752821,https://inaturalist-open-data.s3.amazonaws.com/photos/356194896/medium.jpeg,,"",,3,0,false,2,"Kodamthuruth, Kerala, India",9.7974309476,76.2889039144,263,,,,263,,open,false,gps,gps,Tricolored Munia,Lonchura malacca,Capuchino Tricolor de la India,Aves,979790
201752927,a3fd1ee1-cd2a-41ab-af61-5cc29ae50f28,2024-01-09 09:07:03,2024-01-09,2024-01-09 04:37:03 +0100,New Delhi,638416,renju,renjus box,2024-03-09 05:27:55 +0100,2024-03-12 18:28:08 +0100,research,CC-BY,https://www.inaturalist.org/observations/201752927,https://inaturalist-open-data.s3.amazonaws.com/photos/356195110/medium.jpeg,,"",,4,0,false,2,"Kodamthuruth, Kerala, India",9.7974309476,76.2889039144,263,,,,263,,open,false,gps,gps,Tricolored Munia,Lonchura malacca,Capuchino Tricolor de la India,Aves,979790
202426271,195cbc50-af16-4170-9923-e06cf41f8d80,2024-02-18 17:59:32,2024-02-18,2024-02-19 00:59:32 +0100,America/Merida,55867,jaguri_uriel_martinez_lizcano,JAGURIURIELMARTINEZLIZCANO,2024-03-14 18:52:35 +0100,2024-03-14 20:26:38 +0100,research,CC-BY-NC,https://www.inaturalist.org/observations/202426271,https://inaturalist-open-data.s3.amazonaws.com/photos/357505986/medium.jpeg,,"",,1,0,false,2,"24207 Camp., México",17.951915,-91.7457283333,,,,,,,open,false,gps,gps,Capuchino Tricolor,Lonchura malacca,Capuchino Tricolor de la India,Aves,979790
202527709,09056715-e46b-4b16-99eb-0f0596ca4a5b,2024/02/01 08:38,2024-02-01,2024-02-01 04:08:00 +0100,Sri Jayawardenepura,1926371,matthieu_gauvain,Matthieu Gauvain,2024-03-15 15:16:44 +0100,2024-11-08 13:50:01 +0100,research,CC-BY,https://www.inaturalist.org/observations/202527709,https://inaturalist-open-data.s3.amazonaws.com/photos/357699783/medium.jpeg,,"","",3,0,false,,"Hambanthota, Sri Lanka",6.29607,81.270265,,,,,,,open,false,,,Capucin à dos marron,Lonchura malacca,Capuchino Tricolor de la India,Aves,979790
202690285,ed777dd5-4101-4ef1-becb-866fee0e653f,2024-03-16 11:52:36-05:00,2024-03-16,2024-03-16 17:52:36 +0100,Bogota,4056545,gabovinasco1,,2024-03-16 19:18:59 +0100,2024-04-08 05:51:23 +0200,research,CC-BY-NC,https://www.inaturalist.org/observations/202690285,https://inaturalist-open-data.s3.amazonaws.com/photos/358006687/medium.jpg,,"","",1,0,false,3,"Vereda Condina, Pereira, Risaralda, CO",4.7378471897,-75.6615227897,177,,,,177,,open,false,,,Capuchino Tricolor,Lonchura malacca,Capuchino Tricolor de la India,Aves,979790
202798138,d3b3d08b-9c85-466a-97d3-c1de6a835618,2023/12/26 10:28 AM,2023-12-26,2023-12-26 05:58:00 +0100,New Delhi,7801130,sourav822,Sourav Sarkar,2024-03-17 12:18:26 +0100,2024-03-19 05:34:42 +0100,research,,https://www.inaturalist.org/observations/202798138,https://static.inaturalist.org/photos/358212866/medium.jpg,,"",,1,0,false,,"Diara, West Bengal, India",24.2308532,88.1510962,1823,,,,1823,,open,false,,,Tricolored Munia,Lonchura malacca,Capuchino Tricolor de la India,Aves,979790
203212448,b711b052-a84e-4eb6-b05a-9df7211f8890,2018/01/20 7:03 AM,2018-01-20,2018-01-20 02:33:00 +0100,New Delhi,6133150,dhaivat_hathi,Dhaivat Hathi,2024-03-20 11:19:03 +0100,2024-03-20 18:19:24 +0100,research,CC-BY-NC,https://www.inaturalist.org/observations/203212448,https://inaturalist-open-data.s3.amazonaws.com/photos/359006252/medium.jpeg,,"",,4,0,false,,"Gujarat, India",22.5508684389,72.5719495446,31,,,,31,,open,false,,,Tricolored Munia,Lonchura malacca,Capuchino Tricolor de la India,Aves,979790
203217953,353232eb-5142-4915-8320-8e9595ce366b,2024/02/02 07:14,2024-02-02,2024-02-02 02:44:00 +0100,Sri Jayawardenepura,1926371,matthieu_gauvain,Matthieu Gauvain,2024-03-20 12:50:06 +0100,2024-03-29 04:58:42 +0100,research,CC-BY,https://www.inaturalist.org/observations/203217953,https://inaturalist-open-data.s3.amazonaws.com/photos/359008668/medium.jpeg,,"","",5,0,false,,"Hambanthota, Sri Lanka",6.2928733333,81.2703816667,,,,,,,open,false,,,Capucin à dos marron,Lonchura malacca,Capuchino Tricolor de la India,Aves,979790
203629487,54d93224-7c2d-4706-9cd7-48f497682401,2024-03-22 15:31:07,2024-03-22,2024-03-22 21:31:07 +0100,Bogota,43120,aureliomolinahdz,Aurelio Molina Hernández.,2024-03-23 20:06:31 +0100,2024-03-23 20:31:14 +0100,research,CC-BY-NC,https://www.inaturalist.org/observations/203629487,https://inaturalist-open-data.s3.amazonaws.com/photos/359801386/medium.jpeg,,"",,1,0,false,2,"Ibagué, Tolima, Colombia",4.4011334637,-75.132451728,33,,,,33,,open,false,gps,gps,Capuchino Tricolor,Lonchura malacca,Capuchino Tricolor de la India,Aves,979790
203873761,75e11b62-769a-4084-8055-8ba2d13564d3,2019-09-14 21:54:58,2019-09-14,2019-09-14 18:24:58 +0200,New Delhi,7884081,amol1shirodkar,Amol Shirodkar,2024-03-25 12:29:31 +0100,2024-09-04 18:38:13 +0200,research,,https://www.inaturalist.org/observations/203873761,https://static.inaturalist.org/photos/360273713/medium.jpeg,,"",,3,0,false,2,"Main road madilage bk Dasara, Madilage Budruk, Madilge Bk., Maharashtra 416209, India",16.3668154719,74.1584936902,531,,,,531,,open,false,gps,gps,Tricolored Munia,Lonchura malacca,Capuchino Tricolor de la India,Aves,979790
203977830,b59dfb84-32a3-4de4-9bfe-78954bd4bc95,2024-03-25 17:44:20-04:00,2024-03-25,2024-03-25 22:44:20 +0100,America/Port_of_Spain,3357435,bellbird20,"",2024-03-26 04:08:43 +0100,2024-03-27 07:35:56 +0100,research,,https://www.inaturalist.org/observations/203977830,https://static.inaturalist.org/photos/360472463/medium.jpg,,"","",1,0,false,3,"Trinidad, Trinidad and Tobago, TT",10.6240694801,-61.4351773751,51,,,,51,,open,false,,,Tricolored Munia,Lonchura malacca,Capuchino Tricolor de la India,Aves,979790
204028369,663bb4c7-7dfa-4352-89bd-ca3848a9756e,2019-09-19 21:01:19,2019-09-19,2019-09-19 17:31:19 +0200,New Delhi,5375626,pramod_kumbhar,Pramod Appaso Kumbhar,2024-03-26 16:56:01 +0100,2024-03-30 22:13:25 +0100,research,CC-BY-NC,https://www.inaturalist.org/observations/204028369,https://inaturalist-open-data.s3.amazonaws.com/photos/360568787/medium.jpeg,,"",,3,0,false,2,"Bhalekarwadi, Maharashtra 416210, India",16.2135513379,74.0612334386,863,,,,863,,open,false,gps,gps,Tricolored Munia,Lonchura malacca,Capuchino Tricolor de la India,Aves,979790
204129064,e4cb7861-dece-467c-a77d-8031484f6efb,2023/10/28 8:29 AM,2023-10-28,2023-10-28 04:59:00 +0200,New Delhi,5529522,kunikimu,Ayaan S,2024-03-27 12:23:33 +0100,2024-03-29 09:49:29 +0100,research,CC-BY-NC-ND,https://www.inaturalist.org/observations/204129064,https://inaturalist-open-data.s3.amazonaws.com/photos/360762230/medium.jpg,,"",,2,0,false,,"Moogana Hundi Kere, Mullur, Karnataka, India",12.2587683,76.5684213,299,,,,299,,open,false,,,Tricolored Munia,Lonchura malacca,Capuchino Tricolor de la India,Aves,979790
204139856,117b09e2-0607-4cc1-a742-c31f114ee162,2024-03-25 17:38:07-04:00,2024-03-25,2024-03-25 22:38:07 +0100,America/Port_of_Spain,3357435,bellbird20,"",2024-03-27 14:42:30 +0100,2024-04-02 04:39:17 +0200,research,,https://www.inaturalist.org/observations/204139856,https://static.inaturalist.org/photos/360785073/medium.jpg,,"","",1,0,false,3,"Trinidad, Trinidad and Tobago, TT",10.6240058756,-61.4352211894,35,,,,35,,open,false,,,Tricolored Munia,Lonchura malacca,Capuchino Tricolor de la India,Aves,979790
204139940,8e089f62-e643-47be-aacb-3d19db03f410,2024-03-25 17:43:22-04:00,2024-03-25,2024-03-25 22:43:22 +0100,America/Port_of_Spain,3357435,bellbird20,"",2024-03-27 14:43:48 +0100,2024-04-02 04:39:27 +0200,research,,https://www.inaturalist.org/observations/204139940,https://static.inaturalist.org/photos/360785238/medium.jpg,,"","",1,0,false,3,"Trinidad, Trinidad and Tobago, TT",10.6245481142,-61.4357778134,454,,,,454,,open,false,,,Tricolored Munia,Lonchura malacca,Capuchino Tricolor de la India,Aves,979790
204140088,bf334467-a3ab-406f-a967-d901acead5a2,2024-03-25 17:37:19-04:00,2024-03-25,2024-03-25 22:37:19 +0100,America/Port_of_Spain,3357435,bellbird20,"",2024-03-27 14:45:47 +0100,2024-08-31 14:13:28 +0200,research,,https://www.inaturalist.org/observations/204140088,https://static.inaturalist.org/photos/360785619/medium.jpg,,"","",1,0,false,3,"Trinidad, Trinidad and Tobago, TT",10.626457473,-61.4344357054,137,,,,137,,open,false,,,Tricolored Munia,Lonchura malacca,Capuchino Tricolor de la India,Aves,979790
204273586,047d7ea2-bba6-4ff1-85e1-7e72c24673a5,2023/11/13 9:32 AM,2023-11-13,2023-11-13 05:02:00 +0100,New Delhi,5529522,kunikimu,Ayaan S,2024-03-28 16:22:14 +0100,2024-08-10 11:11:14 +0200,research,CC-BY-NC-ND,https://www.inaturalist.org/observations/204273586,https://inaturalist-open-data.s3.amazonaws.com/photos/361040354/medium.jpg,,"",,4,0,false,,"Hoskote Lake, Karnataka",13.0702915,77.7695255,1115,,,,1115,,open,false,,,Tricolored Munia,Lonchura malacca,Capuchino Tricolor de la India,Aves,979790
204273588,2877fa73-edc5-457a-8cbe-6ce9fa5be2b9,2023/11/13 9:33 AM,2023-11-13,2023-11-13 05:03:00 +0100,New Delhi,5529522,kunikimu,Ayaan S,2024-03-28 16:22:14 +0100,2024-03-29 09:03:49 +0100,research,CC-BY-NC-ND,https://www.inaturalist.org/observations/204273588,https://inaturalist-open-data.s3.amazonaws.com/photos/361040356/medium.jpg,,"",Juvenile/immature,2,0,false,,"Hoskote Lake, Karnataka",13.0702915,77.7695255,1115,,,,1115,,open,false,,,Tricolored Munia,Lonchura malacca,Capuchino Tricolor de la India,Aves,979790
204284235,9e3ad148-f06f-4c45-b704-f765e47c09ab,2010-02-26,2010-02-26,,Sri Jayawardenepura,3838735,ben_illis,Ben Illis,2024-03-28 18:09:06 +0100,2024-12-30 17:50:37 +0100,research,,https://www.inaturalist.org/observations/204284235,https://static.inaturalist.org/photos/361051583/medium.jpg,,"","",2,0,false,,"Anuradhapura, Sri Lanka",8.4012936467,80.0442365458,14797,,,,14797,,open,false,,"",Tricolored Munia,Lonchura malacca,Capuchino Tricolor de la India,Aves,979790
204324856,f3b04d3f-9d49-4ff3-bbbb-f6873813e2be,2024-03-28 14:27:13-05:00,2024-03-28,2024-03-28 20:27:13 +0100,Bogota,7249912,willygil73,,2024-03-29 00:01:03 +0100,2024-03-29 00:57:20 +0100,research,CC-BY-NC,https://www.inaturalist.org/observations/204324856,https://inaturalist-open-data.s3.amazonaws.com/photos/361138514/medium.jpg,,"","",1,0,false,3,"Chipre, Rionegro, Antioquia, CO",6.128806598,-75.4033428851,119,,,,119,,open,false,,,Tricolored Munia,Lonchura malacca,Capuchino Tricolor de la India,Aves,979790
204549032,e56c8b86-735c-4775-bf14-319e074ffaf2,2017/01/13 10:52 PM,2017-01-13,2017-01-14 04:52:00 +0100,Eastern Time (US & Canada),1964716,dmfraser,Donald Fraser,2024-03-30 14:56:39 +0100,2024-03-30 15:06:21 +0100,research,CC-BY-NC,https://www.inaturalist.org/observations/204549032,https://inaturalist-open-data.s3.amazonaws.com/photos/361568847/medium.jpeg,,"","",1,0,false,,"Torry Island Rd, Belle Glade, FL, USA",26.7080273,-80.719423,843,,,,843,,open,false,,,Tricolored Munia,Lonchura malacca,Capuchino Tricolor de la India,Aves,979790
204549036,b077356b-ee07-496f-93fa-d2057e07e625,2017/01/14 12:07 AM,2017-01-14,2017-01-14 06:07:00 +0100,Eastern Time (US & Canada),1964716,dmfraser,Donald Fraser,2024-03-30 14:56:40 +0100,2025-01-12 19:47:24 +0100,research,CC-BY-NC,https://www.inaturalist.org/observations/204549036,https://inaturalist-open-data.s3.amazonaws.com/photos/361568891/medium.jpeg,,"","",1,0,false,,"Torry Island Rd, Belle Glade, FL, USA",26.7080273,-80.719423,843,,,,843,,open,false,,,Tricolored Munia,Lonchura malacca,Capuchino Tricolor de la India,Aves,979790
204770500,008219aa-798b-4aa2-9c46-30cc1e49751e,2020-12-01,2020-12-01,,New Delhi,5375626,pramod_kumbhar,Pramod Appaso Kumbhar,2024-03-31 19:39:54 +0200,2024-04-01 02:41:50 +0200,research,CC-BY-NC,https://www.inaturalist.org/observations/204770500,https://inaturalist-open-data.s3.amazonaws.com/photos/361980233/medium.jpeg,,"",,3,0,false,2,"MF8X+3Q6, Kolhapur, Maharashtra 416143, India",16.6671275666,74.5008739829,1040,,,,1040,,open,false,gps,gps,Tricolored Munia,Lonchura malacca,Capuchino Tricolor de la India,Aves,979790
205153360,cdcf3fd8-6015-48fe-b4e6-c9126cd2670c,2024-04-02 15:33:59-05:00,2024-04-02,2024-04-02 22:33:59 +0200,Bogota,5249217,simonedo,,2024-04-03 00:03:33 +0200,2024-04-04 06:41:15 +0200,research,CC-BY-NC,https://www.inaturalist.org/observations/205153360,https://inaturalist-open-data.s3.amazonaws.com/photos/362703737/medium.jpg,,"","",3,0,false,3,"Armenia, Quindío, CO",4.4679222394,-75.7307296277,300,,,,300,,open,false,,,Tricolored Munia,Lonchura malacca,Capuchino Tricolor de la India,Aves,979790
205675996,03853d8a-89a2-460b-bc8c-cb0c8b2e6ec5,2024/04/06 8:39 AM,2024-04-06,2024-04-06 15:39:00 +0200,Bogota,661054,jsva,santiago vasquez,2024-04-06 17:10:14 +0200,2024-07-17 20:46:46 +0200,research,CC-BY-NC,https://www.inaturalist.org/observations/205675996,https://inaturalist-open-data.s3.amazonaws.com/photos/363695190/medium.jpeg,,"",,1,0,false,,"Anserma, Caldas, Colombia",5.1890108116,-75.7982159604,1858,,,,1858,,open,false,,,Capuchino Tricolor,Lonchura malacca,Capuchino Tricolor de la India,Aves,979790
206059760,582f9ee9-f04a-4889-9c59-ae9285a145c0,2024/02/04 7:22 AM,2024-02-04,2024-02-04 02:52:00 +0100,New Delhi,4179939,vivek32,Vivek.N.Rathod,2024-04-08 14:57:23 +0200,2024-04-08 19:33:56 +0200,research,CC-BY-NC-ND,https://www.inaturalist.org/observations/206059760,https://inaturalist-open-data.s3.amazonaws.com/photos/364422416/medium.jpeg,,"","",2,0,false,,"Ravivalasa, Andhra Pradesh, India",18.5930499738,84.2553952476,242,,,,242,,open,false,,,Tricolored Munia,Lonchura malacca,Capuchino Tricolor de la India,Aves,979790
206199457,cdd1a4de-97b1-4415-a5c4-07466e83522d,2023-12-07 08:00:08,2023-12-07,2023-12-07 03:30:08 +0100,New Delhi,668311,afsarnayakkan,Afsar Nayakkan,2024-04-09 06:55:29 +0200,2024-05-20 19:17:40 +0200,research,CC-BY,https://www.inaturalist.org/observations/206199457,https://inaturalist-open-data.s3.amazonaws.com/photos/364682500/medium.jpeg,,"",,1,0,false,2,Kattampally,11.9446843155,75.3849381208,1860,,,,1860,,open,false,gps,gps,Tricolored Munia,Lonchura malacca,Capuchino Tricolor de la India,Aves,979790
206234153,52fc3a7d-c419-4ddb-b0c2-7c37d1e3fbb3,2018-09-22 17:00:38,2018-09-22,2018-09-22 13:30:38 +0200,New Delhi,4724,axaysnake,Axay Chauhan,2024-04-09 14:21:34 +0200,2024-09-04 18:36:04 +0200,research,CC-BY,https://www.inaturalist.org/observations/206234153,https://static.inaturalist.org/photos/364746260/medium.jpeg,,"",,3,0,false,2,"Pariyej, Gujarat, India",22.5322622153,72.6210303605,3849,,,,3849,,open,false,gps,gps,Tricolored Munia,Lonchura malacca,Capuchino Tricolor de la India,Aves,979790
206359005,ad460b56-d61e-412d-b488-e02a5bf33dcd,2024/02/19 9:17 AM,2024-02-19,2024-02-19 14:17:00 +0100,America/Santo_Domingo,191651,dchernack,David Chernack,2024-04-10 05:01:06 +0200,2024-12-09 22:57:44 +0100,research,CC-BY-NC,https://www.inaturalist.org/observations/206359005,https://inaturalist-open-data.s3.amazonaws.com/photos/364916551/medium.jpg,,"",,2,0,false,,"Municipio de Sabana de la Mar, Dominican Republic",19.0635414129,-69.4323842466,4,,,,4,,open,false,,,Tricolored Munia,Lonchura malacca,Capuchino Tricolor de la India,Aves,979790
206794176,60636fc9-98d6-4c81-97ea-6737a401a056,2024/04/12 ,2024-04-12,,America/Guayaquil,4668849,diegobermo06,Diego Bermúdez,2024-04-12 17:57:44 +0200,2024-05-02 02:53:52 +0200,research,CC-BY-NC,https://www.inaturalist.org/observations/206794176,https://inaturalist-open-data.s3.amazonaws.com/photos/365710858/medium.jpg,,"",,2,0,false,,"Mapasingue, Guayaquil, Ecuador",-2.147505436,-79.9176555054,19,,,,19,,open,false,,,Capuchino Tricolor,Lonchura malacca,Capuchino Tricolor de la India,Aves,979790
206918749,609fc84f-5af9-4f6d-a0c0-583fe8c71ad9,2010/11/06 12:40 AM,2010-11-06,2010-11-06 06:40:00 +0100,America/Havana,1237597,joesebastiani,Joe Sebastiani,2024-04-13 11:23:28 +0200,2024-04-13 15:50:50 +0200,research,CC-BY-NC,https://www.inaturalist.org/observations/206918749,https://inaturalist-open-data.s3.amazonaws.com/photos/365950552/medium.jpeg,,"","",1,0,false,,"Consolacion del Sur, Cuba",22.5612,-83.3144,,,,,,,open,false,,,Tricolored Munia,Lonchura malacca,Capuchino Tricolor de la India,Aves,979790
206964492,fbc4c1f4-59e1-4309-bbd4-9190b38a093e,2024-03-22 06:42:55,2024-03-22,2024-03-22 02:12:55 +0100,New Delhi,4529095,eva_saison,Éva SAISON,2024-04-13 17:07:39 +0200,2024-04-14 10:00:06 +0200,research,CC-BY-NC,https://www.inaturalist.org/observations/206964492,https://inaturalist-open-data.s3.amazonaws.com/photos/366034199/medium.jpeg,,"",Some scaly-breasted Munia (Lonchura punctulata) were also in the flock.,1,0,false,2,"F593+7VM, Arimbur, Manakkody, Kerala 680641, India",10.4686777778,76.1536583333,,,,,,,open,false,,,Tricolored Munia,Lonchura malacca,Capuchino Tricolor de la India,Aves,979790
207205959,e9c07ce2-5671-4f81-b73c-b683e8864215,2024-04-13 17:17:10,2024-04-13,2024-04-14 01:17:10 +0200,America/Costa_Rica,2912116,danielgarrigues,Daniel Garrigues,2024-04-14 19:05:14 +0200,2025-01-16 15:50:11 +0100,research,,https://www.inaturalist.org/observations/207205959,https://static.inaturalist.org/photos/366485788/medium.jpeg,,"",,2,0,false,2,"Puntarenas Province, Quepos, Costa Rica",9.3791009978,-84.0615355968,172,,,,172,,open,false,gps,gps,Tricolored Munia,Lonchura malacca,Capuchino Tricolor de la India,Aves,979790
207375360,cca14bbf-80a2-4baa-b93e-28b2d0ea852e,2024/02/17 5:19 PM,2024-02-17,2024-02-17 12:49:00 +0100,New Delhi,5529522,kunikimu,Ayaan S,2024-04-15 13:54:00 +0200,2024-04-15 13:59:24 +0200,research,CC-BY-NC-ND,https://www.inaturalist.org/observations/207375360,https://inaturalist-open-data.s3.amazonaws.com/photos/366805262/medium.jpg,,"",,1,0,false,,"Varthur Kere, Bengaluru, Karnataka 560087",12.9501647,77.7409162,978,,,,978,,open,false,,,Tricolored Munia,Lonchura malacca,Capuchino Tricolor de la India,Aves,979790
207565737,d696c3d3-90d0-4011-a5a0-a5feda229184,2023-09-23 08:10:00,2023-09-23,2023-09-23 04:40:00 +0200,New Delhi,7938364,anup4125,Anup Kulkarni,2024-04-16 14:59:42 +0200,2024-09-04 18:35:35 +0200,research,,https://www.inaturalist.org/observations/207565737,https://static.inaturalist.org/photos/367168261/medium.jpeg,,"",,3,0,false,2,"SHOP NO 1 A B PATIL SCHOOL MAIN ROAD Enam Dhamni, Sanjay Nagar, Sangli Miraj Kupwad, Sangli, Maharashtra 416410, India",16.8322981199,74.5817697421,218,,,,218,,open,false,gps,gps,Tricolored Munia,Lonchura malacca,Capuchino Tricolor de la India,Aves,979790
207744392,6db51ba3-a0de-421e-acdc-a7e3de2f63b9,2022/12/30 11:31 AM,2022-12-30,2022-12-30 07:01:00 +0100,New Delhi,4179939,vivek32,Vivek.N.Rathod,2024-04-17 14:33:59 +0200,2024-04-17 15:40:00 +0200,research,CC-BY-NC-ND,https://www.inaturalist.org/observations/207744392,https://inaturalist-open-data.s3.amazonaws.com/photos/367498487/medium.jpeg,,"",,1,0,false,,"Ravivalasa, Andhra Pradesh, India",18.5908007127,84.2576059889,142,,,,142,,open,false,,,Tricolored Munia,Lonchura malacca,Capuchino Tricolor de la India,Aves,979790
208257575,5e0e9618-ab60-431e-943d-12da605c9a64,2023/12/25 8:18 AM,2023-12-25,2023-12-25 03:48:00 +0100,New Delhi,7975735,firoj2,Firoj Tamboli,2024-04-20 15:04:07 +0200,2024-04-20 20:10:40 +0200,research,,https://www.inaturalist.org/observations/208257575,https://static.inaturalist.org/photos/368457243/medium.jpeg,,"",,4,0,false,,"Sangli, IN-MH, IN",16.8391192286,74.567345133,31,,,,31,,open,false,,,Tricolored Munia,Lonchura malacca,Capuchino Tricolor de la India,Aves,979790
208758260,3931434f-4c6d-4a6a-a988-2903a0d34140,2023-02-25 11:24:33+12:00,2023-02-24,2023-02-25 00:24:33 +0100,Eastern Time (US & Canada),8014991,mtart,,2024-04-22 21:27:45 +0200,2025-01-12 19:47:20 +0100,research,CC-BY-NC,https://www.inaturalist.org/observations/208758260,https://inaturalist-open-data.s3.amazonaws.com/photos/369383792/medium.jpg,,"","",1,0,false,3,"Torry Island, Belle Glade, FL, US",26.7095333719,-80.7165107453,944,,,,944,,open,false,,,Tricolored Munia,Lonchura malacca,Capuchino Tricolor de la India,Aves,979790
210442351,0ae874c3-67a5-4fbc-864b-c2345d869d46,2024/04/27 11:18 AM,2024-04-27,2024-04-27 18:18:00 +0200,America/Panama,1493572,katiuska19,"",2024-04-27 23:40:43 +0200,2024-04-28 02:30:32 +0200,research,CC-BY-NC,https://www.inaturalist.org/observations/210442351,https://inaturalist-open-data.s3.amazonaws.com/photos/372200663/medium.jpeg,,"",,1,0,false,,"Guarumal, Provincia de Chiriquí, Panamá",8.3463751497,-82.5231245601,122,,,,122,,open,false,,,Capuchino Tricolor,Lonchura malacca,Capuchino Tricolor de la India,Aves,979790
210972914,a0a9df2f-5c43-4afa-8f51-13f8cfd55ba4,2024-04-18 09:49:20,2024-04-18,2024-04-18 16:49:20 +0200,Bogota,8070932,julioss,Julio César Sánchez Sarmiento,2024-04-28 19:42:43 +0200,2024-05-13 07:02:12 +0200,research,CC-BY-NC,https://www.inaturalist.org/observations/210972914,https://inaturalist-open-data.s3.amazonaws.com/photos/373068241/medium.jpeg,,"",,1,0,false,2,"Ibagué, Tolima, Colombia",4.3919166667,-75.1860916667,,,,,,,open,false,gps,gps,Capuchino Tricolor,Lonchura malacca,Capuchino Tricolor de la India,Aves,979790
211432426,8c8b4f89-797c-41b8-950a-fd939ee82526,2024/04/26 9:19 AM,2024-04-26,2024-04-26 05:49:00 +0200,New Delhi,4712538,alenalex,Alen Alex Pathisseril,2024-04-29 10:36:25 +0200,2024-05-01 10:56:29 +0200,research,CC-BY-NC,https://www.inaturalist.org/observations/211432426,https://inaturalist-open-data.s3.amazonaws.com/photos/373803157/medium.jpeg,,"",,2,0,false,,"Sasthamcotta, Kerala, India",9.0337619917,76.642002209,750,,,,750,,open,false,,,Tricolored Munia,Lonchura malacca,Capuchino Tricolor de la India,Aves,979790
211517623,dc3b63d4-ece5-4868-a36c-8e11c71152d8,2024/03/09 6:51 AM,2024-03-09,2024-03-09 11:51:00 +0100,America/Port_of_Spain,713910,drjayf,Jerome Foster,2024-04-29 14:35:53 +0200,2024-04-30 15:41:01 +0200,research,CC-BY-NC-ND,https://www.inaturalist.org/observations/211517623,https://inaturalist-open-data.s3.amazonaws.com/photos/373940699/medium.jpg,,"animal, bird, Caribbean, nature, Nikon D7500, Sigma 150-600mm F5-6.3 DG OS HSM, Trinidad and Tobago, wildlife, Brickfield, Tricolored munia",,2,0,false,,"Brickfield Farmlands, Waterloo, Trinidad and Tobago",10.4777679544,-61.4670317649,89,,,,89,,open,false,,,Tricolored Munia,Lonchura malacca,Capuchino Tricolor de la India,Aves,979790
212419434,be18a9af-beeb-4113-842e-d4ad0f13208b,2024/02/17 8:39 AM,2024-02-17,2024-02-17 14:39:00 +0100,Bogota,43120,aureliomolinahdz,Aurelio Molina Hernández.,2024-05-01 01:03:40 +0200,2024-05-01 01:35:08 +0200,research,CC-BY-NC,https://www.inaturalist.org/observations/212419434,https://inaturalist-open-data.s3.amazonaws.com/photos/375385379/medium.jpeg,,"","",1,0,false,,"Ibagué, Tolima, Colombia",4.400935,-75.1322513889,,,,,,,open,false,,,Capuchino Tricolor,Lonchura malacca,Capuchino Tricolor de la India,Aves,979790
212775193,221ede6b-01d3-49cf-9018-3aa757d92406,2024/04/23 7:02 AM,2024-04-23,2024-04-23 03:32:00 +0200,Sri Jayawardenepura,1829749,cclborneo,Chien Lee,2024-05-02 03:26:07 +0200,2024-05-07 17:25:05 +0200,research,,https://www.inaturalist.org/observations/212775193,https://static.inaturalist.org/photos/376012699/medium.jpg,,"","",3,0,false,,"Nuwara Eliya, Sri Lanka",6.8019486317,80.807133715,,,,,,,open,false,,,Tricolored Munia,Lonchura malacca,Capuchino Tricolor de la India,Aves,979790
212857000,07f6b0a5-69cd-439e-9d59-aa0bcd654533,2024-04-27 12:53:06-05:00,2024-04-27,2024-04-27 19:53:06 +0200,Bogota,6893239,jgilwil,,2024-05-02 13:20:31 +0200,2024-05-18 13:42:29 +0200,research,CC-BY-NC,https://www.inaturalist.org/observations/212857000,https://inaturalist-open-data.s3.amazonaws.com/photos/382903327/medium.jpg,,"","",1,0,false,3,"Tres Puertas, Rionegro, Antioquia, CO",6.1272817411,-75.4163619434,470,,,,470,,open,false,,,Tricolored Munia,Lonchura malacca,Capuchino Tricolor de la India,Aves,979790
212950997,96259ecf-bd7d-4154-bdc7-820ecb03247c,2024-04-13 12:10:25-05:00,2024-04-13,2024-04-13 19:10:25 +0200,Bogota,4056545,gabovinasco1,,2024-05-02 20:31:12 +0200,2024-05-05 19:54:06 +0200,research,CC-BY-NC,https://www.inaturalist.org/observations/212950997,https://inaturalist-open-data.s3.amazonaws.com/photos/376324915/medium.jpg,,"","",2,0,false,3,"Tribunas Córcega, Pereira, Risaralda, CO",4.7387747963,-75.6606238409,539,,,,539,,open,false,,,Capuchino Tricolor,Lonchura malacca,Capuchino Tricolor de la India,Aves,979790
213338675,53a156be-75ff-4981-a144-41a5354d2d63,2024/01/30 17:04,2024-01-30,2024-01-30 12:34:00 +0100,Sri Jayawardenepura,5213535,ltong__,Tony Ling,2024-05-04 08:21:41 +0200,2025-11-04 16:33:54 +0100,research,,https://www.inaturalist.org/observations/213338675,https://static.inaturalist.org/photos/377027861/medium.jpeg,,"",,3,0,false,,斯里蘭卡馬特萊,7.6485678122,80.9741083543,1532,,,,1532,,open,false,,,Lonchura malacca,Lonchura malacca,Capuchino Tricolor de la India,Aves,979790
214065190,75bb231f-232a-4b8e-948d-3d1b0288c490,2023-12-19 08:10:22,2023-12-19,2023-12-19 03:40:22 +0100,New Delhi,638416,renju,renjus box,2024-05-06 23:28:02 +0200,2024-05-07 03:36:53 +0200,research,CC-BY,https://www.inaturalist.org/observations/214065190,https://inaturalist-open-data.s3.amazonaws.com/photos/378333256/medium.jpeg,,"",,2,0,false,2,"Puliyoor, Kerala,",9.3010400619,76.585499905,5,,,,5,,open,false,gps,gps,Tricolored Munia,Lonchura malacca,Capuchino Tricolor de la India,Aves,979790
214438695,f247ffd1-ab07-45c0-b35e-b4037719afc4,2024/04/10 8:55 AM,2024-04-10,2024-04-10 15:55:00 +0200,Bogota,8120583,oscar_caicedo,,2024-05-08 20:56:23 +0200,2024-05-09 15:29:35 +0200,research,CC-BY-NC,https://www.inaturalist.org/observations/214438695,https://inaturalist-open-data.s3.amazonaws.com/photos/379031758/medium.jpeg,,"","",1,0,false,,"Rionegro, Antioquia, Colombia",6.0839598701,-75.3984149976,15,,,,15,,open,false,,,Capuchino Tricolor,Lonchura malacca,Capuchino Tricolor de la India,Aves,979790
214780278,b0bc022d-33af-4d22-86c9-83ad49f086db,2017/08/20 5:33 PM,2017-08-20,2017-08-20 14:03:00 +0200,New Delhi,8126671,gurpartapsingh,Dr. Gurpartap Singh,2024-05-10 15:13:20 +0200,2024-05-12 10:21:55 +0200,research,CC-BY-NC,https://www.inaturalist.org/observations/214780278,https://inaturalist-open-data.s3.amazonaws.com/photos/379670139/medium.jpeg,,"",,3,0,false,,"Marrar, Punjab 143412, India",31.1675921625,74.9541605879,31,,,,31,,open,false,,,Tricolored Munia,Lonchura malacca,Capuchino Tricolor de la India,Aves,979790
215166617,ca784030-31d6-4df0-a9c6-78f64d54c74d,2021-08-08 18:23:56,2021-08-08,2021-08-08 14:53:56 +0200,New Delhi,7884312,ajit9625,Ajit Patil,2024-05-12 05:24:09 +0200,2024-05-12 09:44:59 +0200,research,,https://www.inaturalist.org/observations/215166617,https://static.inaturalist.org/photos/380387699/medium.jpeg,,"",,2,0,false,2,"Halkarni, Maharashtra, India",15.9085382236,74.2905539274,664,,,,664,,open,false,gps,gps,Tricolored Munia,Lonchura malacca,Capuchino Tricolor de la India,Aves,979790
215463923,508c42c5-f235-4aaf-9709-c03dd36d96db,2023-08-27 04:06:45,2023-08-27,2023-08-27 00:36:45 +0200,Sri Jayawardenepura,5496913,melan_sridhara,Melan Sridhara,2024-05-13 12:00:42 +0200,2024-06-09 16:23:24 +0200,research,CC-BY-NC-SA,https://www.inaturalist.org/observations/215463923,https://inaturalist-open-data.s3.amazonaws.com/photos/380942825/medium.jpeg,,"",,5,0,false,2,"C8MF+3W3, Kataragama, Sri Lanka",6.4331945516,81.3268766552,287,,,,287,,open,false,gps,gps,Tricolored Munia,Lonchura malacca,Capuchino Tricolor de la India,Aves,979790
216148245,a6323b39-4e41-47aa-b6e1-9225a9fc9295,2024/05/16 7:18 AM,2024-05-16,2024-05-16 03:48:00 +0200,New Delhi,5956273,deemopahan,Deepa Mohan,2024-05-16 19:31:00 +0200,2024-05-16 21:58:22 +0200,research,CC-BY-NC,https://www.inaturalist.org/observations/216148245,https://inaturalist-open-data.s3.amazonaws.com/photos/382233946/medium.jpeg,,"","Tricolor Munia, Naguvanahalli, DMW, 160524",1,0,false,,"Naguvanahalli, Karnataka, India",12.3866909,76.6860267,1273,,,,1273,,open,false,,,Tricolored Munia,Lonchura malacca,Capuchino Tricolor de la India,Aves,979790
216729649,2f5c0cc0-33ac-46e9-ae08-c7e2a939ba86,2024/05/19 8:05 AM,2024-05-19,2024-05-19 04:35:00 +0200,New Delhi,7557628,faisalfasaludeenfs,faisalfasaludeenfs,2024-05-19 10:22:16 +0200,2024-05-20 02:34:26 +0200,research,,https://www.inaturalist.org/observations/216729649,https://static.inaturalist.org/photos/383331660/medium.jpg,,"",,3,0,false,,"Kerala, India",9.0321862809,76.5552140528,4176,,,,4176,,open,false,,,Tricolored Munia,Lonchura malacca,Capuchino Tricolor de la India,Aves,979790
217517857,036ecd10-6c50-4328-a068-30697c9572f2,2022-11-05 08:07:16,2022-11-05,2022-11-05 03:37:16 +0100,New Delhi,6077591,shajanshaki,shajanshaki,2024-05-22 18:29:24 +0200,2025-10-22 05:13:21 +0200,research,CC-BY-NC,https://www.inaturalist.org/observations/217517857,https://inaturalist-open-data.s3.amazonaws.com/photos/384814494/medium.jpeg,,"","",3,0,false,2,"RM84+F72 Bharathi Sur Garden, needhipuram, Lakkampatti, Tamil Nadu 636303, India",11.814470858,77.6548607647,30,,,,30,,open,false,gps,gps,Tricolored Munia,Lonchura malacca,Capuchino Tricolor de la India,Aves,979790
217539792,1a8497f7-910e-4c21-b191-efac2e3ac5e0,2024/05/09 2:49 PM,2024-05-09,2024-05-09 21:49:00 +0200,Bogota,1467898,jhoncalderon72,,2024-05-22 20:24:06 +0200,2025-02-21 18:29:10 +0100,research,CC-BY-NC,https://www.inaturalist.org/observations/217539792,https://inaturalist-open-data.s3.amazonaws.com/photos/384853285/medium.jpeg,,"","",1,0,false,,"Provincia de Cartagena, Bolívar, Colombia",10.3471973176,-75.4812633991,15,,,,15,,open,false,,,Capuchino Tricolor,Lonchura malacca,Capuchino Tricolor de la India,Aves,979790
218552774,97cbedab-0674-485f-a368-378ebd142273,2024-05-23 16:27:36-05:00,2024-05-23,2024-05-23 23:27:36 +0200,America/Panama,1274738,caribbeannaturalist,Roger A. Morales-Flores,2024-05-27 04:58:49 +0200,2024-05-28 19:36:25 +0200,research,CC-BY,https://www.inaturalist.org/observations/218552774,https://inaturalist-open-data.s3.amazonaws.com/photos/386750922/medium.jpg,,"","",2,0,false,3,"Chiriquí, PA",8.3592283333,-82.51645,5,,,,5,,open,false,,,Tricolored Munia,Lonchura malacca,Capuchino Tricolor de la India,Aves,979790
219047655,75cde56a-a5be-416e-af3e-8d3c451e353c,2024/02/29 7:29 AM,2024-02-29,2024-02-29 02:59:00 +0100,New Delhi,4035552,jomijose,Jomi Jose,2024-05-29 06:32:12 +0200,2024-05-31 06:59:11 +0200,research,,https://www.inaturalist.org/observations/219047655,https://static.inaturalist.org/photos/387673777/medium.jpeg,,"",,2,0,false,,"Sirudavoor, Tamil Nadu, India",12.6828661,80.1570372,5634,,,,5634,,open,false,,,Tricolored Munia,Lonchura malacca,Capuchino Tricolor de la India,Aves,979790
219549060,d42f7e75-6451-4c4f-b49b-6887a4aa5edd,2023-11-26 10:09:15,2023-11-26,2023-11-26 05:39:15 +0100,New Delhi,8121884,kalaivanan,Kalaivanan R,2024-05-31 17:49:45 +0200,2024-05-31 18:36:32 +0200,research,,https://www.inaturalist.org/observations/219549060,https://static.inaturalist.org/photos/388614419/medium.jpeg,,"",,1,0,false,2,Dharamgarh,19.8530823291,82.8050383553,1989,,,,1989,,open,false,gps,gps,Tricolored Munia,Lonchura malacca,Capuchino Tricolor de la India,Aves,979790
219790328,354830c8-cd85-4877-bc77-18d3c42589b9,2024-06-01 09:24:23,2024-06-01,2024-06-01 05:54:23 +0200,New Delhi,3112805,satya_sidharth,Satya Sidharth Das,2024-06-01 19:35:49 +0200,2024-06-02 11:21:51 +0200,research,,https://www.inaturalist.org/observations/219790328,https://static.inaturalist.org/photos/389064532/medium.jpeg,,"",,2,0,false,2,"Khairapali, Odisha 752026, India",20.4108772079,85.622439757,4048,,,,4048,,open,false,gps,gps,Tricolored Munia,Lonchura malacca,Capuchino Tricolor de la India,Aves,979790
219809651,a9bcf9c6-1f6c-4c84-8e38-45d70af79486,2023/01/15 6:44 PM,2023-01-15,2023-01-16 01:44:00 +0100,America/Merida,7043056,danielcorreia,Daniel Correia,2024-06-01 20:56:23 +0200,2025-03-23 15:18:19 +0100,research,CC-BY-NC,https://www.inaturalist.org/observations/219809651,https://inaturalist-open-data.s3.amazonaws.com/photos/389099748/medium.jpeg,,"",,1,0,false,,"San Antonio Kaua II, Mérida, Yuc., Mexico",20.9481154772,-89.5804027942,4,,,,4,,open,false,,,Tricolored Munia,Lonchura malacca,Capuchino Tricolor de la India,Aves,979790
220271829,30777350-2d78-4993-81cb-faecc82368ef,2024-06-03 10:14:21,2024-06-03,2024-06-03 06:44:21 +0200,New Delhi,3112805,satya_sidharth,Satya Sidharth Das,2024-06-03 18:03:17 +0200,2024-06-04 21:51:54 +0200,research,,https://www.inaturalist.org/observations/220271829,https://static.inaturalist.org/photos/389970358/medium.jpeg,,"",,3,0,false,2,"Gadajit, Odisha 754007, India",20.4082565401,85.6242073327,9250,,,,9250,,open,false,gps,gps,Tricolored Munia,Lonchura malacca,Capuchino Tricolor de la India,Aves,979790
220812138,3b55aec1-1054-4d04-9f22-a77e86348fbc,2024-06-06 08:17:15,2024-06-06,2024-06-06 04:47:15 +0200,New Delhi,7304838,amani38474,amani bangaru,2024-06-06 04:53:56 +0200,2025-02-14 16:23:20 +0100,research,,https://www.inaturalist.org/observations/220812138,https://static.inaturalist.org/photos/390985320/medium.jpeg,,"",,1,0,false,2,"5-71, Rajarajeswari Nagar, Chodimella, Eluru, Andhra Pradesh 534002, India",16.7314333333,81.0945083333,9,,,,9,,open,false,,,Tricolored Munia,Lonchura malacca,Capuchino Tricolor de la India,Aves,979790
221018911,2b1ee77f-9d45-4b3b-97b6-557c2d5678fe,2024-06-07 07:46:16,2024-06-07,2024-06-07 04:16:16 +0200,New Delhi,7304838,amani38474,amani bangaru,2024-06-07 04:18:57 +0200,2025-02-14 16:21:49 +0100,research,,https://www.inaturalist.org/observations/221018911,https://static.inaturalist.org/photos/391370422/medium.jpeg,,"",,1,0,false,2,"2-13-12, Rajarajeswari Nagar, Chodimella, Eluru, Andhra Pradesh 534002, India",16.7312016667,81.09483,8,,,,8,,open,false,,,Tricolored Munia,Lonchura malacca,Capuchino Tricolor de la India,Aves,979790
222056587,abd41b17-2ffe-4b95-baeb-94f6548c57c7,2024/06/08 1:34 PM,2024-06-08,2024-06-08 10:04:00 +0200,New Delhi,7557628,faisalfasaludeenfs,faisalfasaludeenfs,2024-06-11 18:24:08 +0200,2024-06-16 12:04:27 +0200,research,,https://www.inaturalist.org/observations/222056587,https://static.inaturalist.org/photos/393303894/medium.jpg,,"",,5,0,false,,"Mannuthy, Thrissur, Kerala, India",10.5362856,76.2651477,1421,,,,1421,,open,false,,,Tricolored Munia,Lonchura malacca,Capuchino Tricolor de la India,Aves,979790
222597036,1dad1e4d-fa75-4251-8fd3-9ff31d3aeae6,2024/06/14 8:29 AM,2024-06-14,2024-06-14 04:59:00 +0200,New Delhi,6604460,anuragmishra1009,Anurag Mishra,2024-06-14 09:17:38 +0200,2024-06-14 10:31:20 +0200,research,,https://www.inaturalist.org/observations/222597036,https://static.inaturalist.org/photos/394327297/medium.jpeg,,"",,1,0,false,,"Tikirapara, Odisha 766002, India",19.9643144582,83.3161822232,31,,,,31,,open,false,,,Tricolored Munia,Lonchura malacca,Capuchino Tricolor de la India,Aves,979790
222670995,9c120c12-7584-446f-9798-0013ed0bbf88,2018/09/12 5:13 AM,2018-09-12,2018-09-12 01:43:00 +0200,Sri Jayawardenepura,5385114,gabrielbz,Gabriel Bienzobas Fernández,2024-06-14 18:28:13 +0200,2024-12-22 18:04:51 +0100,research,CC-BY-NC,https://www.inaturalist.org/observations/222670995,https://inaturalist-open-data.s3.amazonaws.com/photos/394460342/medium.jpeg,,"",,2,0,false,,"Kalametiya Bird Sanctuary, 1/81, Hungama 82120, Sri Lanka",6.0795527,80.9301221,194,,,,194,,open,false,,,Capuchino Tricolor de la India,Lonchura malacca,Capuchino Tricolor de la India,Aves,979790
222774788,c8a4f219-0258-4f59-b8a4-cce0db914a43,2024-06-15 07:13:48,2024-06-15,2024-06-15 03:43:48 +0200,New Delhi,3300589,ravuri,Ravuri Krishna Chaitanya,2024-06-15 04:35:42 +0200,2025-04-30 06:43:28 +0200,research,CC-BY,https://www.inaturalist.org/observations/222774788,https://inaturalist-open-data.s3.amazonaws.com/photos/394657784/medium.jpeg,,"","",2,0,false,2,"65J7+PCJ, Manikya Nagar Basti, Papakabanda, Khammam, Telangana 507002, India",17.2307,80.1640694444,,,,,,,open,false,gps,gps,Tricolored Munia,Lonchura malacca,Capuchino Tricolor de la India,Aves,979790
223402410,2395c350-17aa-4469-962a-6f6b9422baa2,2024-06-09 17:38:05,2024-06-09,2024-06-09 14:08:05 +0200,New Delhi,3112805,satya_sidharth,Satya Sidharth Das,2024-06-17 21:42:15 +0200,2024-06-18 02:12:26 +0200,research,,https://www.inaturalist.org/observations/223402410,https://static.inaturalist.org/photos/395834616/medium.jpeg,,"",,2,0,false,2,"Cuttack, IN-OR, IN",20.4031369966,85.5963271111,7506,,,,7506,,open,false,gps,gps,Tricolored Munia,Lonchura malacca,Capuchino Tricolor de la India,Aves,979790
223491576,a5683dce-f541-4b54-af08-b3e4e1457ddc,2024-06-17 17:08:33,2024-06-17,2024-06-17 13:38:33 +0200,New Delhi,4468880,sreenivasan,"",2024-06-18 08:14:17 +0200,2024-06-21 14:29:55 +0200,research,CC-BY-NC,https://www.inaturalist.org/observations/223491576,https://inaturalist-open-data.s3.amazonaws.com/photos/396010041/medium.jpeg,,"",,3,0,false,2,Konnakuzhy,10.3021426544,76.4273843542,2359,,,,2359,,open,false,gps,gps,Tricolored Munia,Lonchura malacca,Capuchino Tricolor de la India,Aves,979790
223714014,e15e75a4-daa1-43b3-8f68-2c503b5f643a,2024-06-18 12:28:00+03:00,2024-06-18,2024-06-18 11:28:00 +0200,Sri Jayawardenepura,2252877,arabellawilling,Arabella Willing,2024-06-19 11:29:26 +0200,2025-03-24 08:44:35 +0100,research,CC-BY,https://www.inaturalist.org/observations/223714014,https://inaturalist-open-data.s3.amazonaws.com/photos/396481669/medium.jpg,,"","",2,0,false,3,"Cejlon, Southern Province, LK",5.9783688202,80.3816071206,66,,,,66,,open,false,,,Tricolored Munia,Lonchura malacca,Capuchino Tricolor de la India,Aves,979790
224283274,2ee1d540-ba36-41fa-bdc7-fcb546223e18,2024/05/19 5:59 PM,2024-05-19,2024-05-20 01:59:00 +0200,Mexico City,5798,daniel_garza_tobon,Daniel Garza Tobón,2024-06-22 01:17:31 +0200,2024-06-22 01:21:02 +0200,research,,https://www.inaturalist.org/observations/224283274,https://static.inaturalist.org/photos/397490764/medium.jpg,,"","",1,0,false,,"Jonuta, Tab., México",17.9501330476,-91.9379839366,7813,,,,7813,,open,false,,,Capuchino Tricolor,Lonchura malacca,Capuchino Tricolor de la India,Aves,979790
224795729,9e5d4e93-e77c-4379-bacd-a6f243bcd1dd,2024-06-23 09:07:26,2024-06-23,2024-06-23 05:37:26 +0200,New Delhi,2852333,elavarasan_mm,Elavarasan M,2024-06-24 04:16:05 +0200,2024-06-30 15:01:38 +0200,research,CC-BY-NC,https://www.inaturalist.org/observations/224795729,https://inaturalist-open-data.s3.amazonaws.com/photos/398466549/medium.jpeg,,"",,2,0,false,2,M.Palapatti,11.7030868632,78.1877922267,2270,,,,2270,,open,false,gps,gps,Tricolored Munia,Lonchura malacca,Capuchino Tricolor de la India,Aves,979790
225719642,8f6c8c21-b5b0-4e72-9193-6eed97344fd0,2024/06/23 6:30 AM,2024-06-23,2024-06-23 03:00:00 +0200,New Delhi,3499217,shivaprakash,,2024-06-28 16:22:05 +0200,2024-06-29 19:44:21 +0200,research,CC-BY-NC,https://www.inaturalist.org/observations/225719642,https://inaturalist-open-data.s3.amazonaws.com/photos/400227553/medium.jpeg,,"",,1,0,false,,"Bangalore Division, Karnataka, India",12.570630274,77.1816068756,15,,,,15,,open,false,,,Tricolored Munia,Lonchura malacca,Capuchino Tricolor de la India,Aves,979790
226493271,852c9890-cd7b-47d2-97b3-fb806be850a2,2018/02/24 4:08 PM,2018-02-24,2018-02-24 11:38:00 +0100,Sri Jayawardenepura,6476964,paulkingsnorth,Paul Kingsnorth,2024-07-01 20:02:28 +0200,2024-10-29 14:28:01 +0100,research,CC-BY-NC-ND,https://www.inaturalist.org/observations/226493271,https://inaturalist-open-data.s3.amazonaws.com/photos/401697186/medium.jpg,,"",,4,0,false,,"Nuwara Eliya, Sri Lanka",6.8019861111,80.8070444444,999,,,,999,,open,false,,,Tricolored Munia,Lonchura malacca,Capuchino Tricolor de la India,Aves,979790
227039125,dd2d1bd0-c4e6-4a14-a4cb-092dd9ee7486,2024/06/21 5:14 PM,2024-06-21,2024-06-21 13:44:00 +0200,New Delhi,726233,mysorekid,Keshava S R Mysore,2024-07-04 07:15:17 +0200,2024-08-30 19:39:05 +0200,research,CC-BY-NC,https://www.inaturalist.org/observations/227039125,https://inaturalist-open-data.s3.amazonaws.com/photos/402728746/medium.jpg,,"",Lonchura malacca,2,0,false,,"Kotavalu, Karnataka 573133, India",12.6159083333,76.0795083333,,,,,,,open,false,,,Tricolored Munia,Lonchura malacca,Capuchino Tricolor de la India,Aves,979790
227711951,309724dc-fe57-4267-97bd-9217857d612c,2024-07-06 10:15:32,2024-07-06,2024-07-06 06:45:32 +0200,New Delhi,6077591,shajanshaki,shajanshaki,2024-07-07 09:39:14 +0200,2024-08-23 14:13:44 +0200,research,CC-BY-NC,https://www.inaturalist.org/observations/227711951,https://inaturalist-open-data.s3.amazonaws.com/photos/403999737/medium.jpeg,,"",,2,0,false,2,"Q6F5+WV8, Yercaud, Tamil Nadu 636601, India",11.7747921348,78.2097052038,2127,,,,2127,,open,false,gps,gps,Tricolored Munia,Lonchura malacca,Capuchino Tricolor de la India,Aves,979790
227949323,acdee680-9cc8-4e41-a6ba-926f46dc2773,2024/07/08 8:09 AM,2024-07-08,2024-07-08 04:39:00 +0200,New Delhi,6604460,anuragmishra1009,Anurag Mishra,2024-07-08 07:02:25 +0200,2024-08-19 13:41:10 +0200,research,,https://www.inaturalist.org/observations/227949323,https://static.inaturalist.org/photos/404450393/medium.jpeg,,"",,3,0,false,,"Tikirapara, Odisha 766002, India",19.9697888205,83.3106621232,8,,,,8,,open,false,,,Tricolored Munia,Lonchura malacca,Capuchino Tricolor de la India,Aves,979790
228014602,685f8b0b-2b20-4f0b-9ab4-8ab15f3593a7,2024-07-08 12:20:57,2024-07-08,2024-07-08 08:50:57 +0200,New Delhi,4468880,sreenivasan,"",2024-07-08 15:33:36 +0200,2024-08-19 13:25:52 +0200,research,CC-BY-NC,https://www.inaturalist.org/observations/228014602,https://inaturalist-open-data.s3.amazonaws.com/photos/404573420/medium.jpeg,,"",,4,0,false,2,Konnakuzhy,10.3021426544,76.4273843542,2359,,,,2359,,open,false,gps,gps,Tricolored Munia,Lonchura malacca,Capuchino Tricolor de la India,Aves,979790
228571762,59737423-b0a4-431f-bdc1-d6a2fa4c0dce,2023/12/24 4:16 PM,2023-12-24,2023-12-24 11:46:00 +0100,Sri Jayawardenepura,1459984,spacegecko,"",2024-07-11 05:26:32 +0200,2024-07-11 18:42:44 +0200,research,CC-BY-NC,https://www.inaturalist.org/observations/228571762,https://inaturalist-open-data.s3.amazonaws.com/photos/405612728/medium.jpeg,,"",,4,0,false,,"Polonnaruwa, Sri Lanka",8.0782516667,80.7709,,,,,,,open,false,,,Tricolored Munia,Lonchura malacca,Capuchino Tricolor de la India,Aves,979790
228692199,ec099459-fcbc-44b5-a273-3deeaa011785,2019/02/28 7:53 AM,2019-02-28,2019-02-28 14:53:00 +0100,America/Costa_Rica,1100056,cicciocostarica,Randall Jiménez,2024-07-11 21:58:56 +0200,2025-01-16 15:50:02 +0100,research,CC-BY-NC,https://www.inaturalist.org/observations/228692199,https://inaturalist-open-data.s3.amazonaws.com/photos/405850879/medium.jpeg,,"",,2,0,false,,"Provincia de Puntarenas, Los Reyes, Costa Rica",8.8595491821,-82.9921060412,31,,,,31,,open,false,,,Capuchino Tricolor de la India,Lonchura malacca,Capuchino Tricolor de la India,Aves,979790
229056654,3a168f23-76f7-420d-bc32-221c493d64bb,2024/07/12 5:23 PM,2024-07-12,2024-07-12 13:53:00 +0200,New Delhi,7659776,arunpdy,,2024-07-13 18:27:34 +0200,2024-08-17 08:25:20 +0200,research,CC-BY-NC,https://www.inaturalist.org/observations/229056654,https://inaturalist-open-data.s3.amazonaws.com/photos/406547211/medium.jpeg,,"",,1,0,false,,"Aladimedu, 607402, India",11.834440349,79.7981897605,15,,,,15,,open,false,,,Tricolored Munia,Lonchura malacca,Capuchino Tricolor de la India,Aves,979790
229714578,53d0fcc4-9781-46f0-b900-0e86147d2759,2024/07/16 8:05 AM,2024-07-16,2024-07-16 04:35:00 +0200,Sri Jayawardenepura,619770,alphaj16,Amanda Johnston,2024-07-16 17:22:29 +0200,2024-07-20 11:53:18 +0200,research,,https://www.inaturalist.org/observations/229714578,https://static.inaturalist.org/photos/407788312/medium.jpeg,,"","",5,0,false,,"Maha Oya, Sri Lanka",7.5305112103,81.351796486,312,,,,312,,open,false,,,Tricolored Munia,Lonchura malacca,Capuchino Tricolor de la India,Aves,979790
229872983,ccb12b8e-cb50-4c55-a4e7-adaa0dc98367,2024-07-17 08:15:50,2024-07-17,2024-07-17 04:45:50 +0200,New Delhi,7907229,hemant815,HEMANT WAGDARE,2024-07-17 13:13:26 +0200,2024-08-13 05:15:38 +0200,research,,https://www.inaturalist.org/observations/229872983,https://static.inaturalist.org/photos/408093527/medium.jpeg,,"",,2,0,false,2,"Sangli, IN-MH, IN",16.8439777778,74.55745,,,,,,,open,false,gps,gps,Tricolored Munia,Lonchura malacca,Capuchino Tricolor de la India,Aves,979790
230071323,8396e420-4518-4983-bdbf-7f872204bf04,2024-07-18 13:14:12,2024-07-18,2024-07-18 09:44:12 +0200,New Delhi,4468880,sreenivasan,"",2024-07-18 13:35:13 +0200,2024-07-27 09:01:50 +0200,research,CC-BY-NC,https://www.inaturalist.org/observations/230071323,https://inaturalist-open-data.s3.amazonaws.com/photos/408474177/medium.jpeg,,"",,2,0,false,2,Konnakuzhy,10.3021426544,76.4273843542,2359,,,,2359,,open,false,gps,gps,Tricolored Munia,Lonchura malacca,Capuchino Tricolor de la India,Aves,979790
230443335,993bcf2c-85ff-427c-a885-976b900b2d6b,2024/07/20 7:10 AM,2024-07-20,2024-07-20 03:40:00 +0200,New Delhi,1625647,sagarika_chen,Sagarika Gupta,2024-07-20 08:21:29 +0200,2024-07-26 09:26:33 +0200,research,CC-BY-NC,https://www.inaturalist.org/observations/230443335,https://inaturalist-open-data.s3.amazonaws.com/photos/409181645/medium.jpeg,,"","",2,0,false,,"Karapakkam, Chennai, Tamil Nadu, India",12.9176086721,80.2253138361,8,,,,8,,open,false,,,Tricolored Munia,Lonchura malacca,Capuchino Tricolor de la India,Aves,979790
230459037,6532c7ab-b669-46e2-adaa-6dd7c9ad20eb,2024/07/17 4:42 PM,2024-07-17,2024-07-17 13:12:00 +0200,New Delhi,3612377,vivek_patel,Vivek Patel,2024-07-20 11:06:40 +0200,2024-07-20 20:32:46 +0200,research,CC-BY-NC,https://www.inaturalist.org/observations/230459037,https://inaturalist-open-data.s3.amazonaws.com/photos/409208085/medium.jpeg,,"","",2,0,false,,"Chhattisgarh, IN",20.8190362172,81.7386214452,961,,,,30434,obscured,open,true,,,Tricolored Munia,Lonchura malacca,Capuchino Tricolor de la India,Aves,979790
230663004,831af363-4f00-4f2f-88ed-a7186424d06b,2024/07/18 9:04 AM,2024-07-18,2024-07-18 05:34:00 +0200,New Delhi,1124519,covemom,Linda,2024-07-21 05:54:45 +0200,2024-07-26 08:43:27 +0200,research,CC-BY-NC,https://www.inaturalist.org/observations/230663004,https://inaturalist-open-data.s3.amazonaws.com/photos/409590721/medium.jpeg,,"",,2,0,false,,"Chintalamadivala Village, Bommasandra, Bengaluru, Karnataka 560099, India",12.8431486306,77.72350926,426,,,,426,,open,false,,,Tricolored Munia,Lonchura malacca,Capuchino Tricolor de la India,Aves,979790
230778062,6d2325a6-648f-4aa6-bb55-e1b9c2fc707e,2019/02/26 6:13 PM,2019-02-26,2019-02-26 13:43:00 +0100,Sri Jayawardenepura,2408765,tomheijnen,Tom Heijnen,2024-07-21 18:17:49 +0200,2024-12-22 08:53:41 +0100,research,CC-BY-NC,https://www.inaturalist.org/observations/230778062,https://inaturalist-open-data.s3.amazonaws.com/photos/409792556/medium.jpeg,,"",,3,0,false,,"Anuradhapura, Sri Lanka",8.3041420857,80.144339343,186,,,,186,,open,false,,,Tricolored Munia,Lonchura malacca,Capuchino Tricolor de la India,Aves,979790
230923084,32a89a26-92db-45a6-972d-1a773ce6286a,2024-07-22 09:08:34,2024-07-22,2024-07-22 05:38:34 +0200,New Delhi,1375591,thenatureaffair,Ramu Alluri,2024-07-22 06:27:32 +0200,2024-07-22 06:33:50 +0200,research,,https://www.inaturalist.org/observations/230923084,https://static.inaturalist.org/photos/410076920/medium.jpeg,,"",,1,0,false,2,"GFXW+W35, SVSS Nagar, Pedamiram, Bhimavaram, Andhra Pradesh 534206, India",16.54963,81.4952016667,,,,,,,open,false,gps,gps,Tricolored Munia,Lonchura malacca,Capuchino Tricolor de la India,Aves,979790
231006039,fc42b422-b736-4016-974c-07a1395c8fa3,2024-07-22 07:10:34,2024-07-22,2024-07-22 03:40:34 +0200,New Delhi,6719332,spchoudhary40,SP CHOUDHARY,2024-07-22 17:42:13 +0200,2024-07-25 06:04:06 +0200,research,CC-BY-NC,https://www.inaturalist.org/observations/231006039,https://inaturalist-open-data.s3.amazonaws.com/photos/410231604/medium.jpeg,,"",,3,0,false,2,"Thasrana, Uttar Pradesh, India",28.338742434,77.6192162186,459,,,,459,,open,false,gps,gps,Tricolored Munia,Lonchura malacca,Capuchino Tricolor de la India,Aves,979790
231203644,eeeb1ff2-683f-4b44-a779-f93e1a1c852f,2024/05/31 4:59 PM,2024-05-31,2024-05-31 22:59:00 +0200,Caracas,117467,lisandro_mq,Lisandro Moran,2024-07-23 16:13:37 +0200,2024-07-23 16:27:38 +0200,research,CC-BY-NC,https://www.inaturalist.org/observations/231203644,https://inaturalist-open-data.s3.amazonaws.com/photos/410604121/medium.jpeg,,"","",1,0,false,,La Cañeria,10.1716144478,-68.907693516,4,,,,4,,open,false,,,Tricolored Munia,Lonchura malacca,Capuchino Tricolor de la India,Aves,979790
231203646,1abc33da-88ad-41d0-8384-6453a8993f83,2024/06/13 8:03 AM,2024-06-13,2024-06-13 14:03:00 +0200,Caracas,117467,lisandro_mq,Lisandro Moran,2024-07-23 16:13:38 +0200,2024-07-23 16:27:37 +0200,research,CC-BY-NC,https://www.inaturalist.org/observations/231203646,https://inaturalist-open-data.s3.amazonaws.com/photos/410604167/medium.jpeg,,"","",1,0,false,,La Cañeria,10.1716144478,-68.907693516,4,,,,4,,open,false,,,Tricolored Munia,Lonchura malacca,Capuchino Tricolor de la India,Aves,979790
231460330,43f7febc-b350-4a3a-8295-3808923a201d,2023-10-02 06:42:18,2023-10-02,2023-10-02 03:12:18 +0200,New Delhi,6806315,bkartik24,kartik balasubramaniam,2024-07-24 20:25:12 +0200,2025-10-24 15:45:02 +0200,research,CC-BY-NC,https://www.inaturalist.org/observations/231460330,https://inaturalist-open-data.s3.amazonaws.com/photos/411096003/medium.jpeg,,"",,3,0,false,2,"Kankhal, Haridwar, Uttarakhand 249408, India",29.7886079797,78.2162833214,1768,,,,1768,,open,false,gps,gps,Tricolored Munia,Lonchura malacca,Capuchino Tricolor de la India,Aves,979790
231637598,f3b44dfa-0569-4912-8205-894415f046ab,2024-07-25 15:01:29,2024-07-25,2024-07-25 11:31:29 +0200,New Delhi,4468880,sreenivasan,"",2024-07-25 17:53:29 +0200,2024-07-26 08:17:13 +0200,research,CC-BY-NC,https://www.inaturalist.org/observations/231637598,https://inaturalist-open-data.s3.amazonaws.com/photos/411433803/medium.jpeg,,"",,3,0,false,2,Konnakuzhy,10.3021426544,76.4273843542,2359,,,,2359,,open,false,gps,gps,Tricolored Munia,Lonchura malacca,Capuchino Tricolor de la India,Aves,979790
231764367,9a4ac0ec-d0bc-4aaa-b091-302a82e151a2,2024/07/18 8:39 AM,2024-07-18,2024-07-18 05:09:00 +0200,New Delhi,3612377,vivek_patel,Vivek Patel,2024-07-26 07:13:26 +0200,2024-07-26 14:03:19 +0200,research,CC-BY-NC,https://www.inaturalist.org/observations/231764367,https://inaturalist-open-data.s3.amazonaws.com/photos/411675662/medium.jpeg,,"","",2,0,false,,"Dhamtari, IN-CT, IN",20.9019075256,81.6012448329,57,,,,57,,open,false,,,Tricolored Munia,Lonchura malacca,Capuchino Tricolor de la India,Aves,979790
231795434,87cb44b2-e409-4cbb-a186-38ef8d9d0424,2024/07/06 4:34 PM,2024-07-06,2024-07-06 13:04:00 +0200,New Delhi,8391900,naturalists_minee,,2024-07-26 13:09:00 +0200,2024-09-09 13:56:05 +0200,research,CC-BY-NC,https://www.inaturalist.org/observations/231795434,https://static.inaturalist.org/photos/411737145/medium.jpeg,,"",,1,0,false,,"XV6X+RJM, Hulimangala-Hosakote, Hulimangala Hosakote, Karnataka 563160, India",12.9620787,77.8990441,210,,,,210,,open,false,,,Tricolored Munia,Lonchura malacca,Capuchino Tricolor de la India,Aves,979790
231855694,7a88495b-976c-449e-ba30-c97f83a552f5,2024/05/19 5:56 PM,2024-05-19,2024-05-20 01:56:00 +0200,Mexico City,1679094,gabriel_hdz,"",2024-07-26 19:07:35 +0200,2024-07-27 00:13:34 +0200,research,CC-BY-NC,https://www.inaturalist.org/observations/231855694,https://inaturalist-open-data.s3.amazonaws.com/photos/411842645/medium.jpeg,,"","",3,0,false,,"Emiliano Zapata, Tab., México",17.8838670934,-91.6772791143,1000,,,,1000,,open,false,,,Capuchino Tricolor,Lonchura malacca,Capuchino Tricolor de la India,Aves,979790
232087280,b57a127f-f156-4234-8f13-56e051cadf58,2024/07/27 3:37 PM,2024-07-27,2024-07-27 12:07:00 +0200,New Delhi,8391900,naturalists_minee,,2024-07-27 20:35:58 +0200,2024-09-09 13:56:59 +0200,research,CC-BY-NC,https://www.inaturalist.org/observations/232087280,https://static.inaturalist.org/photos/412281149/medium.jpeg,,"",,2,0,false,,"XV6X+RJM, Hulimangala-Hosakote, Hulimangala Hosakote, Karnataka 563160, India",12.9620787,77.8990441,210,,,,210,,open,false,,,Tricolored Munia,Lonchura malacca,Capuchino Tricolor de la India,Aves,979790
232241391,63d6df29-c8f6-41c5-b13e-dd80fae4d824,2024-07-28 11:14:37+05:30,2024-07-28,2024-07-28 07:44:37 +0200,New Delhi,4132698,gunthergore,gunthergore,2024-07-28 14:08:38 +0200,2025-01-23 17:39:07 +0100,research,CC-BY-NC,https://www.inaturalist.org/observations/232241391,https://inaturalist-open-data.s3.amazonaws.com/photos/412579737/medium.jpeg,,"","",1,0,false,3,"Hunsur, Mysuru, KA, IN",12.35268,76.499175,4,,,,4,,open,false,,,Tricolored Munia,Lonchura malacca,Capuchino Tricolor de la India,Aves,979790
232287779,9d290d98-04ba-4135-8ae4-5f1e41212f21,2024-07-28 16:53:26,2024-07-28,2024-07-28 13:23:26 +0200,New Delhi,6719332,spchoudhary40,SP CHOUDHARY,2024-07-28 18:00:51 +0200,2024-07-31 14:39:36 +0200,research,CC-BY-NC,https://www.inaturalist.org/observations/232287779,https://inaturalist-open-data.s3.amazonaws.com/photos/412664446/medium.jpeg,,"",,1,0,false,2,Dhanauri Wetlands,28.338742434,77.6192162186,459,,,,459,,open,false,gps,gps,Tricolored Munia,Lonchura malacca,Capuchino Tricolor de la India,Aves,979790
232650227,84755186-1cd9-4441-b68f-63968c1384eb,2024/07/29 5:56 PM,2024-07-29,2024-07-29 14:26:00 +0200,New Delhi,3612377,vivek_patel,Vivek Patel,2024-07-30 09:05:05 +0200,2024-07-30 17:43:23 +0200,research,CC-BY-NC,https://www.inaturalist.org/observations/232650227,https://inaturalist-open-data.s3.amazonaws.com/photos/413353546/medium.jpeg,,"","",2,0,false,,"Chhattisgarh, IN",20.9038421975,81.4344857613,152,,,,30434,obscured,open,true,,,Tricolored Munia,Lonchura malacca,Capuchino Tricolor de la India,Aves,979790
232650240,ae5728a9-879e-4069-9a93-b8071792c201,2024/07/29 8:50 AM,2024-07-29,2024-07-29 05:20:00 +0200,New Delhi,3612377,vivek_patel,Vivek Patel,2024-07-30 09:05:09 +0200,2024-07-30 17:42:48 +0200,research,CC-BY-NC,https://www.inaturalist.org/observations/232650240,https://inaturalist-open-data.s3.amazonaws.com/photos/413353768/medium.jpeg,,"","",3,0,false,,"Chhattisgarh, IN",20.9996044478,81.4109089587,143,,,,30434,obscured,open,true,,,Tricolored Munia,Lonchura malacca,Capuchino Tricolor de la India,Aves,979790
232982150,b1c45c65-e1a2-4397-8e82-3f58a1bb27b8,2024-07-31 15:49:30,2024-07-31,2024-07-31 23:49:30 +0200,America/Merida,499090,yazmin_zsando,Yazmin Zárate Sandoval,2024-08-01 00:05:59 +0200,2024-08-01 00:48:43 +0200,research,CC-BY-NC-SA,https://www.inaturalist.org/observations/232982150,https://inaturalist-open-data.s3.amazonaws.com/photos/413992486/medium.jpeg,,"",,2,0,false,2,"24560 Camp., México",19.9330354195,-90.3901866451,18,,,,18,,open,false,gps,gps,Capuchino Tricolor,Lonchura malacca,Capuchino Tricolor de la India,Aves,979790
233436970,07636d32-274c-4d39-9333-826a523b0628,2024/08/02 7:35 PM,2024-08-02,2024-08-02 16:05:00 +0200,New Delhi,5956273,deemopahan,Deepa Mohan,2024-08-03 10:06:17 +0200,2024-08-03 14:34:23 +0200,research,CC-BY-NC,https://www.inaturalist.org/observations/233436970,https://inaturalist-open-data.s3.amazonaws.com/photos/414862911/medium.jpeg,,"","Tricolor Munia, Byatarayana Doddi, DMW, 030824",2,0,false,,"Byatarayana Doddi, Karnataka 560083, India",12.8158468,77.5515527,202,,,,202,,open,false,,,Tricolored Munia,Lonchura malacca,Capuchino Tricolor de la India,Aves,979790
233522604,02676ca4-adec-443c-bb60-6262103a55ca,2024/08/03 9:35 AM,2024-08-03,2024-08-03 06:05:00 +0200,New Delhi,8391900,naturalists_minee,,2024-08-03 19:07:01 +0200,2024-09-09 14:04:21 +0200,research,CC-BY-NC,https://www.inaturalist.org/observations/233522604,https://static.inaturalist.org/photos/415017359/medium.jpeg,,"",,2,0,false,,"Byatarayana Doddi, Karnataka 560083, India",12.8158468,77.5515527,202,,,,202,,open,false,,,Tricolored Munia,Lonchura malacca,Capuchino Tricolor de la India,Aves,979790
234297133,3aab2633-577e-4ae6-94ad-c3fed5031c89,2024/08/06 6:33 PM,2024-08-06,2024-08-06 15:03:00 +0200,New Delhi,5956273,deemopahan,Deepa Mohan,2024-08-07 10:39:44 +0200,2024-08-07 11:14:51 +0200,research,CC-BY-NC,https://www.inaturalist.org/observations/234297133,https://inaturalist-open-data.s3.amazonaws.com/photos/416498173/medium.jpeg,,"","Tricoloured Munia, Hessarghatta,ICTS,DMW, 070824",1,0,false,,"Hesaraghatta Lake, Hesaraghatta Grass Farm, Karnataka 560089",13.15,77.49,209,,,,209,,open,false,,,Tricolored Munia,Lonchura malacca,Capuchino Tricolor de la India,Aves,979790
234428436,3bd39a63-7ec8-4f03-9975-a2d7675a9106,2024-07-25 06:09:27,2024-07-25,2024-07-25 13:09:27 +0200,America/Panama,1660459,chelina_batista,chelina batista,2024-08-08 01:46:33 +0200,2024-08-09 01:38:01 +0200,research,CC-BY,https://www.inaturalist.org/observations/234428436,https://inaturalist-open-data.s3.amazonaws.com/photos/416752908/medium.jpeg,,"",,1,0,false,2,"HRMF+35M, Puerto Piña, Provincia de Darién, Panamá",7.5826904334,-78.1771059707,494,,,,494,,open,false,gps,gps,Capuchino Tricolor,Lonchura malacca,Capuchino Tricolor de la India,Aves,979790
234695743,31dd14ee-d207-466e-bc75-833eb3a83748,2024/07/25 10:16 AM,2024-07-25,2024-07-25 18:16:00 +0200,America/Belize,10201,edwardrooks,edwardrooks,2024-08-09 16:34:39 +0200,2024-08-11 15:41:50 +0200,research,CC-BY-NC,https://www.inaturalist.org/observations/234695743,https://inaturalist-open-data.s3.amazonaws.com/photos/417275103/medium.jpeg,,"","",3,0,false,,"Spanish Lookout, Cayo District, Belize",17.3591044533,-89.0479076242,7033,,,,7033,,open,false,,,Tricolored Munia,Lonchura malacca,Capuchino Tricolor de la India,Aves,979790
234746274,4a57eee0-7f09-4384-abd6-7c9073ae07f0,2024-08-08 09:50:07,2024-08-08,2024-08-08 17:50:07 +0200,Mexico City,55867,jaguri_uriel_martinez_lizcano,JAGURIURIELMARTINEZLIZCANO,2024-08-09 21:39:13 +0200,2024-08-09 21:55:05 +0200,research,CC-BY-NC,https://www.inaturalist.org/observations/234746274,https://inaturalist-open-data.s3.amazonaws.com/photos/417373571/medium.jpeg,,"",,1,0,false,2,"86983 Tab., México",17.88388,-91.67701,,,,,,,open,false,gps,gps,Capuchino Tricolor,Lonchura malacca,Capuchino Tricolor de la India,Aves,979790
235398683,ef3309e0-39bd-4c4f-b4bb-5a1c10d8cc19,2024/07/11 7:12 AM,2024-07-11,2024-07-11 14:12:00 +0200,Bogota,2677772,cerrostutelaresdemedellin,,2024-08-12 21:44:48 +0200,2024-08-31 14:13:26 +0200,research,CC-BY-NC,https://www.inaturalist.org/observations/235398683,https://inaturalist-open-data.s3.amazonaws.com/photos/418632191/medium.jpeg,,"","",1,0,false,,"Cerro de Las Tres Cruces, Cl. 8 #84f-25, Medellín, Altavista, Medellín, Antioquia, Colombia",6.217623,-75.610726,211,,,,211,,open,false,,,Capuchino Tricolor,Lonchura malacca,Capuchino Tricolor de la India,Aves,979790
235523741,faac4aba-c853-4c2c-8561-24018b34b3fb,2024-08-13 16:11:37,2024-08-13,2024-08-13 12:41:37 +0200,Sri Jayawardenepura,2078240,thephoxinus,"",2024-08-13 15:27:42 +0200,2025-05-24 09:08:02 +0200,research,CC-BY-NC,https://www.inaturalist.org/observations/235523741,https://inaturalist-open-data.s3.amazonaws.com/photos/418881149/medium.jpeg,,"",,2,0,false,2,"Kalugolla, Sri Lanka",7.2109766879,81.541197896,58,,,,58,,open,false,gps,gps,Schwarzbauchnonne,Lonchura malacca,Capuchino Tricolor de la India,Aves,979790
235934312,f65915dd-1338-432e-834e-d3e937a6201e,2024-08-15 08:06:17+05:30,2024-08-15,2024-08-15 04:36:17 +0200,New Delhi,8031594,snehith_astroyogi,Snehith,2024-08-15 18:44:12 +0200,2024-08-16 18:29:54 +0200,research,,https://www.inaturalist.org/observations/235934312,https://static.inaturalist.org/photos/419666510/medium.jpeg,,"","",2,0,false,3,"Muthanallur Lake, Bengaluru, KA, IN",12.8238242978,77.7291140471,469,,,,469,,open,false,,,Tricolored Munia,Lonchura malacca,Capuchino Tricolor de la India,Aves,979790
235935321,4015e481-a1b7-41b8-af0f-a5816a7a5219,2022/06/28 9:10 AM,2022-06-28,2022-06-28 05:40:00 +0200,New Delhi,4142258,samudragupt,Dipendra Maharshi,2024-08-15 18:49:07 +0200,2024-08-16 18:28:56 +0200,research,CC-BY-NC,https://www.inaturalist.org/observations/235935321,https://inaturalist-open-data.s3.amazonaws.com/photos/419666662/medium.jpeg,,"",,2,0,false,,"J4C6+JHM Ecological Park And Bird Sanctuary, Sikar, Sikar, Rajasthan 332001, India ",27.6201250454,75.1096050069,252,,,,252,,open,false,,,Tricolored Munia,Lonchura malacca,Capuchino Tricolor de la India,Aves,979790
235940322,b1a603d5-5c6c-42cd-a17b-3560b2a59592,2024/08/14 8:14 PM,2024-08-14,2024-08-14 16:44:00 +0200,New Delhi,5956273,deemopahan,Deepa Mohan,2024-08-15 19:20:22 +0200,2024-08-16 18:26:16 +0200,research,CC-BY-NC,https://www.inaturalist.org/observations/235940322,https://inaturalist-open-data.s3.amazonaws.com/photos/419674408/medium.jpeg,,"","Tricoloured Munia, Durga Rock, J G Doddi,  DMW,150824",2,0,false,,"Javaregowdanadoddi, Karnataka 562112, India",12.7614559,77.6000394,209,,,,209,,open,false,,,Tricolored Munia,Lonchura malacca,Capuchino Tricolor de la India,Aves,979790
236113142,7df939da-e46d-47c2-8d0b-bfc4b1109e6a,2024/08/16 2:41 PM,2024-08-16,2024-08-16 11:11:00 +0200,New Delhi,5949176,gannu03,Gannu03,2024-08-16 18:39:52 +0200,2024-08-17 16:03:46 +0200,research,CC-BY-SA,https://www.inaturalist.org/observations/236113142,https://inaturalist-open-data.s3.amazonaws.com/photos/420014587/medium.jpg,,"",,3,0,false,,"Chengalam South, Kerala, India",9.6092242357,76.4646222048,4550,,,,4550,,open,false,,,Tricolored Munia,Lonchura malacca,Capuchino Tricolor de la India,Aves,979790
236242030,ae6d51f0-9601-4e46-a8bc-84b08f19ab73,2024/08/10 1:01 PM,2024-08-10,2024-08-10 09:31:00 +0200,New Delhi,5529522,kunikimu,Ayaan S,2024-08-17 11:49:26 +0200,2024-08-19 08:19:00 +0200,research,CC-BY-NC-ND,https://www.inaturalist.org/observations/236242030,https://inaturalist-open-data.s3.amazonaws.com/photos/420265687/medium.jpeg,,"","",4,0,false,,"Byatarayana Doddi, Karnataka 560083, India",12.8158468,77.5515527,202,,,,202,,open,false,,,Tricolored Munia,Lonchura malacca,Capuchino Tricolor de la India,Aves,979790
236283571,95a8756e-f49f-4cf9-abc5-47bfe985fbb1,2020/08/26 5:31 PM,2020-08-26,2020-08-26 14:01:00 +0200,New Delhi,8384002,kironvijay1,Kiron Vijay,2024-08-17 16:30:31 +0200,2024-08-18 18:09:16 +0200,research,CC-BY-NC,https://www.inaturalist.org/observations/236283571,https://inaturalist-open-data.s3.amazonaws.com/photos/420343658/medium.jpg,,"",,3,0,false,,"Kalamassery, Kochi, Kerala, India",10.0616165194,76.3464164796,15,,,,15,,open,false,,,Tricolored Munia,Lonchura malacca,Capuchino Tricolor de la India,Aves,979790
237059196,e74b94c8-342c-434b-b6b4-bf3543543e10,2024/08/20 7:10 PM,2024-08-20,2024-08-20 15:40:00 +0200,New Delhi,5956273,deemopahan,Deepa Mohan,2024-08-21 08:45:40 +0200,2024-08-21 14:25:45 +0200,research,CC-BY-NC,https://www.inaturalist.org/observations/237059196,https://inaturalist-open-data.s3.amazonaws.com/photos/421835623/medium.jpeg,,"","Tricoloured Munia, Byatarayana Doddi, DMW, 210824",2,0,false,,"Byatarayana Doddi, Karnataka 560083, India",12.8158468,77.5515527,202,,,,202,,open,false,,,Tricolored Munia,Lonchura malacca,Capuchino Tricolor de la India,Aves,979790
237174950,8036aa93-33cd-4488-ade1-9c4f3dc06730,2022/02/17 11:56 PM,2022-02-17,2022-02-18 06:56:00 +0100,America/Tegucigalpa,4007396,ottoseydel,Otto Seydel,2024-08-21 23:21:49 +0200,2024-08-21 23:32:18 +0200,research,CC-BY-NC,https://www.inaturalist.org/observations/237174950,https://inaturalist-open-data.s3.amazonaws.com/photos/422055135/medium.jpeg,,"",,1,0,false,,"La Lima, Cortés, Honduras",15.4650169886,-87.915275578,15,,,,15,,open,false,,,Capuchino Tricolor,Lonchura malacca,Capuchino Tricolor de la India,Aves,979790
237323599,02c9274e-21f6-4aa0-84c3-ae386e2e2fa0,2024-08-17 07:50:00+05:30,2024-08-17,2024-08-17 04:20:00 +0200,New Delhi,7199402,tejayantrapalli,Teja Yantrapalli,2024-08-22 20:12:24 +0200,2025-03-01 09:55:43 +0100,research,CC-BY,https://www.inaturalist.org/observations/237323599,https://inaturalist-open-data.s3.amazonaws.com/photos/422344713/medium.jpeg,,"","",2,0,false,3,"Konarajupalli Muthukur Road, YSR, AP, IN",14.558164,79.082644,29,,,,29,,open,false,,,Tricolored Munia,Lonchura malacca,Capuchino Tricolor de la India,Aves,979790
237863301,5d9fd3dd-a7e1-4afe-8c9f-932612d4fae5,2024/08/25 5:20 PM,2024-08-25,2024-08-25 13:50:00 +0200,New Delhi,7726470,calvin1988,,2024-08-25 16:41:31 +0200,2024-08-26 19:52:08 +0200,research,CC-BY-NC,https://www.inaturalist.org/observations/237863301,https://inaturalist-open-data.s3.amazonaws.com/photos/423388321/medium.jpeg,,"",,3,0,false,,"Andhra Pradesh, India",18.7386050198,84.2956918789,3258,,,,3258,,open,false,,,Tricolored Munia,Lonchura malacca,Capuchino Tricolor de la India,Aves,979790
237891690,4db36030-7ef2-4901-9f82-800f08babb07,2024-08-25 13:54:32,2024-08-25,2024-08-25 10:24:32 +0200,New Delhi,4468880,sreenivasan,"",2024-08-25 18:58:25 +0200,2024-08-26 19:45:46 +0200,research,CC-BY-NC,https://www.inaturalist.org/observations/237891690,https://inaturalist-open-data.s3.amazonaws.com/photos/423441485/medium.jpeg,,"",,2,0,false,2,Konnakuzhy,10.3021426544,76.4273843542,2359,,,,2359,,open,false,gps,gps,Tricolored Munia,Lonchura malacca,Capuchino Tricolor de la India,Aves,979790
238075377,7f0bbae5-17ca-4761-8b86-96ba8aa0f774,2024/06/28 3:15 PM,2024-06-28,2024-06-28 23:15:00 +0200,America/Tegucigalpa,4007396,ottoseydel,Otto Seydel,2024-08-26 16:46:51 +0200,2024-08-26 23:57:47 +0200,research,CC-BY-NC,https://www.inaturalist.org/observations/238075377,https://inaturalist-open-data.s3.amazonaws.com/photos/423795379/medium.jpeg,,"",,2,0,false,,"La Lima, Cortés, Honduras",15.46141444,-87.9298450854,8,,,,8,,open,false,,,Capuchino Tricolor,Lonchura malacca,Capuchino Tricolor de la India,Aves,979790
238075382,cae7ef8d-eb02-40a7-beda-f9f8b27d4b7b,2024/06/28 3:13 PM,2024-06-28,2024-06-28 23:13:00 +0200,America/Tegucigalpa,4007396,ottoseydel,Otto Seydel,2024-08-26 16:46:53 +0200,2024-08-26 23:57:31 +0200,research,CC-BY-NC,https://www.inaturalist.org/observations/238075382,https://inaturalist-open-data.s3.amazonaws.com/photos/423795600/medium.jpeg,,"",,2,0,false,,"La Lima, Cortés, Honduras",15.4614875469,-87.9297872593,2,,,,2,,open,false,,,Capuchino Tricolor,Lonchura malacca,Capuchino Tricolor de la India,Aves,979790
238075386,61619fa2-f774-42c7-8137-6458f216d682,2024/06/28 3:11 PM,2024-06-28,2024-06-28 23:11:00 +0200,America/Tegucigalpa,4007396,ottoseydel,Otto Seydel,2024-08-26 16:46:53 +0200,2024-08-26 23:57:27 +0200,research,CC-BY-NC,https://www.inaturalist.org/observations/238075386,https://inaturalist-open-data.s3.amazonaws.com/photos/423795713/medium.jpeg,,"",,2,0,false,,"La Lima, Cortés, Honduras",15.4613842355,-87.9298767894,2,,,,2,,open,false,,,Capuchino Tricolor,Lonchura malacca,Capuchino Tricolor de la India,Aves,979790
238209182,767cca2c-506a-43c5-99cb-0b10d0e0839e,2024-08-26 10:10:24,2024-08-26,2024-08-26 06:40:24 +0200,New Delhi,1375591,thenatureaffair,Ramu Alluri,2024-08-27 09:54:27 +0200,2024-08-27 18:44:11 +0200,research,,https://www.inaturalist.org/observations/238209182,https://static.inaturalist.org/photos/424058917/medium.jpeg,,"",,2,0,false,2,"CF59+XJG, Losarigutlapadu, Andhra Pradesh 534239, India",16.4112433333,81.46692,,,,,,,open,false,gps,gps,Tricolored Munia,Lonchura malacca,Capuchino Tricolor de la India,Aves,979790
238255620,0dfa4e85-b0e8-4641-8ec1-16eff31c911b,2024/08/24 6:09 PM,2024-08-24,2024-08-24 14:39:00 +0200,New Delhi,5031165,jake_smith755,Jake Smith,2024-08-27 17:25:18 +0200,2024-08-27 19:49:19 +0200,research,,https://www.inaturalist.org/observations/238255620,https://static.inaturalist.org/photos/424139586/medium.jpg,,"",,2,0,false,,"Telangana, IN",17.6750724842,78.1294227879,8,,,,30716,obscured,open,true,,,Tricolored Munia,Lonchura malacca,Capuchino Tricolor de la India,Aves,979790
238255700,08694b96-7527-4659-ab85-58ef28236aab,2024/08/24 7:13 PM,2024-08-24,2024-08-24 15:43:00 +0200,New Delhi,5031165,jake_smith755,Jake Smith,2024-08-27 17:25:35 +0200,2025-07-12 17:31:05 +0200,research,,https://www.inaturalist.org/observations/238255700,https://static.inaturalist.org/photos/424139775/medium.jpg,,"",,3,0,false,,"Telangana, IN",17.779575972,78.1699952354,61,,,,30716,obscured,open,true,,,Tricolored Munia,Lonchura malacca,Capuchino Tricolor de la India,Aves,979790
238902067,942203b4-9c79-4e68-b19a-4dfedf9ed0a9,2024-08-30 18:04:35,2024-08-30,2024-08-30 14:34:35 +0200,New Delhi,1347281,siddharth8,Siddharth Jadav,2024-08-31 06:36:55 +0200,2024-08-31 08:10:47 +0200,research,,https://www.inaturalist.org/observations/238902067,https://static.inaturalist.org/photos/425405181/medium.jpeg,,"",,2,0,false,2,"Patana, Gujarat, India",22.0583083333,71.9762166667,,,,,,,open,false,gps,gps,Tricolored Munia,Lonchura malacca,Capuchino Tricolor de la India,Aves,979790
239051974,a916ef52-75a9-4aca-9599-0dfc7329c370,2017-10-21 11:30:37,2017-10-21,2017-10-21 08:00:37 +0200,New Delhi,3742845,farukchauhan,Faruk Chauhan,2024-08-31 23:29:23 +0200,2024-09-06 15:02:18 +0200,research,CC-BY-NC,https://www.inaturalist.org/observations/239051974,https://inaturalist-open-data.s3.amazonaws.com/photos/425683879/medium.jpeg,,"",,5,0,false,2,"XXP5+C5V, Bhaskarpara, Gujarat 363115, India",22.9861173965,71.9579168782,1809,,,,1809,,open,false,gps,gps,Tricolored Munia,Lonchura malacca,Capuchino Tricolor de la India,Aves,979790
239453237,e695be8a-3c0f-4b72-803e-e2006ae476a1,2024/08/25 8:31 AM,2024-08-25,2024-08-25 16:31:00 +0200,America/Merida,29988,marcocelis,Marco Celis Saavedra,2024-09-02 20:56:16 +0200,2024-09-03 11:40:39 +0200,research,CC-BY-NC,https://www.inaturalist.org/observations/239453237,https://inaturalist-open-data.s3.amazonaws.com/photos/426469112/medium.jpg,,"",,1,0,false,,"Champotón, Camp., México",19.6091953787,-90.5366140522,31,,,,31,,open,false,,,Capuchino Tricolor,Lonchura malacca,Capuchino Tricolor de la India,Aves,979790
239804912,94095885-8939-4b3c-ada6-bbd6fc6e1788,2024/09/01 8:56 AM,2024-09-01,2024-09-01 05:26:00 +0200,New Delhi,975616,rajukasambe,Raju Kasambe,2024-09-04 17:33:56 +0200,2024-09-05 05:37:35 +0200,research,,https://www.inaturalist.org/observations/239804912,https://static.inaturalist.org/photos/427149135/medium.jpeg,,"",,2,0,false,,"Phadke Rd, Dombivli East, Dombivli, Maharashtra 421201, India",19.219402,73.0906152,217,,,,217,,open,false,,,Tricolored Munia,Lonchura malacca,Capuchino Tricolor de la India,Aves,979790
239817203,ea2bfeb6-4494-442e-abcc-366ddb6b10b3,2024-08-25 10:28:28,2024-08-25,2024-08-25 06:58:28 +0200,New Delhi,4992251,vid_srn,,2024-09-04 18:46:40 +0200,2024-09-05 03:32:00 +0200,research,CC-BY-NC,https://www.inaturalist.org/observations/239817203,https://inaturalist-open-data.s3.amazonaws.com/photos/427171970/medium.jpeg,,"",,1,0,false,2,"VFQ9+99, Bengaluru, Kambipura, Karnataka 560060, India",12.8876831613,77.4676197767,66,,,,66,,open,false,gps,gps,Tricolored Munia,Lonchura malacca,Capuchino Tricolor de la India,Aves,979790
240282311,ac2f0f82-d54d-4439-8286-40dbd19f83b5,2024/09/07 7:15 AM,2024-09-07,2024-09-07 03:45:00 +0200,New Delhi,5956273,deemopahan,Deepa Mohan,2024-09-07 11:01:25 +0200,2024-09-11 08:12:46 +0200,research,CC-BY-NC,https://www.inaturalist.org/observations/240282311,https://inaturalist-open-data.s3.amazonaws.com/photos/428070083/medium.jpeg,,"","Tricoloured Munias,  Muthanallur, DMW, 070924",2,0,false,,"Muthanallur Lake, Bommasandra, Karnataka",12.8225173,77.7294705,1349,,,,1349,,open,false,,,Tricolored Munia,Lonchura malacca,Capuchino Tricolor de la India,Aves,979790
240507775,5a2c3597-b542-412f-a74d-f9227eb875a3,2024/09/07 6:54 AM,2024-09-07,2024-09-07 03:24:00 +0200,New Delhi,8391900,naturalists_minee,,2024-09-08 11:57:51 +0200,2024-09-09 14:42:16 +0200,research,CC-BY-NC,https://www.inaturalist.org/observations/240507775,https://static.inaturalist.org/photos/428490769/medium.jpeg,,"",,1,0,false,,"Muthanallur Lake, Bommasandra, Karnataka",12.8225173,77.7294705,1349,,,,1349,,open,false,,,Tricolored Munia,Lonchura malacca,Capuchino Tricolor de la India,Aves,979790
240507799,367b1499-edbc-4e41-9fb8-73b273b345a0,2024/09/07 7:18 AM,2024-09-07,2024-09-07 03:48:00 +0200,New Delhi,8391900,naturalists_minee,,2024-09-08 11:57:59 +0200,2024-09-09 14:42:36 +0200,research,CC-BY-NC,https://www.inaturalist.org/observations/240507799,https://static.inaturalist.org/photos/428490919/medium.jpeg,,"",,1,0,false,,"Muthanallur Lake, Bommasandra, Karnataka",12.8225173,77.7294705,1349,,,,1349,,open,false,,,Tricolored Munia,Lonchura malacca,Capuchino Tricolor de la India,Aves,979790
240507895,71da2a21-8475-4158-b52d-2365784fa92c,2024/09/07 8:35 AM,2024-09-07,2024-09-07 05:05:00 +0200,New Delhi,8391900,naturalists_minee,,2024-09-08 11:58:26 +0200,2024-09-09 14:43:59 +0200,research,CC-BY-NC,https://www.inaturalist.org/observations/240507895,https://static.inaturalist.org/photos/428491346/medium.jpeg,,"",,1,0,false,,"Muthanallur Lake, Bommasandra, Karnataka",12.8225173,77.7294705,1349,,,,1349,,open,false,,,Tricolored Munia,Lonchura malacca,Capuchino Tricolor de la India,Aves,979790
240507898,e71fb969-dbdc-4414-9f52-1558fcfa8005,2024/09/07 8:36 AM,2024-09-07,2024-09-07 05:06:00 +0200,New Delhi,8391900,naturalists_minee,,2024-09-08 11:58:27 +0200,2024-09-09 14:44:03 +0200,research,CC-BY-NC,https://www.inaturalist.org/observations/240507898,https://static.inaturalist.org/photos/428491362/medium.jpeg,,"",,1,0,false,,"Muthanallur Lake, Bommasandra, Karnataka",12.8225173,77.7294705,1349,,,,1349,,open,false,,,Tricolored Munia,Lonchura malacca,Capuchino Tricolor de la India,Aves,979790
240513617,082b3ccb-a546-478b-99aa-15318caf40ef,2024/09/07 6:28 AM,2024-09-07,2024-09-07 02:58:00 +0200,New Delhi,8543994,sathish_twister,,2024-09-08 12:55:08 +0200,2024-09-09 16:27:25 +0200,research,CC-BY-NC,https://www.inaturalist.org/observations/240513617,https://inaturalist-open-data.s3.amazonaws.com/photos/428511660/medium.jpeg,,"",,1,0,false,,"Muthanallur, Bommasandra, Karnataka 560099, India",12.8291105499,77.7377157766,122,,,,122,,open,false,,,Tricolored Munia,Lonchura malacca,Capuchino Tricolor de la India,Aves,979790
240513623,d4b0db13-3963-4d9f-8092-016000bc3c0e,2024/09/07 6:28 AM,2024-09-07,2024-09-07 02:58:00 +0200,New Delhi,8543994,sathish_twister,,2024-09-08 12:55:10 +0200,2024-09-09 16:27:28 +0200,research,CC-BY-NC,https://www.inaturalist.org/observations/240513623,https://inaturalist-open-data.s3.amazonaws.com/photos/428511716/medium.jpeg,,"",,1,0,false,,"Muthanallur, Bommasandra, Karnataka 560099, India",12.8299584811,77.7377586916,15,,,,15,,open,false,,,Tricolored Munia,Lonchura malacca,Capuchino Tricolor de la India,Aves,979790
240513628,1a39d6c3-8bc7-4c97-9caa-a4a8956b1ea4,2024/09/07 6:28 AM,2024-09-07,2024-09-07 02:58:00 +0200,New Delhi,8543994,sathish_twister,,2024-09-08 12:55:11 +0200,2024-09-09 16:27:41 +0200,research,CC-BY-NC,https://www.inaturalist.org/observations/240513628,https://inaturalist-open-data.s3.amazonaws.com/photos/428511743/medium.jpeg,,"",,1,0,false,,"Muthanallur, Bommasandra, Karnataka 560099, India",12.8298224884,77.737533386,15,,,,15,,open,false,,,Tricolored Munia,Lonchura malacca,Capuchino Tricolor de la India,Aves,979790
240516849,5cdfd388-2970-489d-b7e8-b0de83061c81,2024/09/08 7:55 AM,2024-09-08,2024-09-08 04:25:00 +0200,New Delhi,6812967,aditya120,ADITYA SREERAM,2024-09-08 13:24:51 +0200,2024-09-11 08:01:50 +0200,research,,https://www.inaturalist.org/observations/240516849,https://static.inaturalist.org/photos/428512721/medium.jpeg,,"",,2,0,false,,"Telangana, India",17.6832036739,78.0857137525,31,,,,31,,open,false,,,Tricolored Munia,Lonchura malacca,Capuchino Tricolor de la India,Aves,979790
240556648,d98d23c3-bbb9-48d8-87b3-506c08c2c675,2024/07/08 10:20 AM,2024-07-08,2024-07-08 06:50:00 +0200,Sri Jayawardenepura,1329964,tchiu,Thomas.CYH,2024-09-08 17:26:29 +0200,2025-06-11 01:40:54 +0200,research,,https://www.inaturalist.org/observations/240556648,https://static.inaturalist.org/photos/428501518/medium.jpeg,,"",,1,0,false,,"Hambantota, LK",6.3519939771,81.2080323683,18793,,,,31356,obscured,open,true,,,Tricolored Munia,Lonchura malacca,Capuchino Tricolor de la India,Aves,979790
240575748,1dba3633-2956-4af6-85b2-f920d725477d,2024/09/07 12:04 PM,2024-09-07,2024-09-07 08:34:00 +0200,New Delhi,3869370,sunandav,Sunandav,2024-09-08 18:54:38 +0200,2024-09-09 03:25:16 +0200,research,CC-BY-NC,https://www.inaturalist.org/observations/240575748,https://inaturalist-open-data.s3.amazonaws.com/photos/428474442/medium.jpeg,,"",,1,0,false,,"Bengaluru, Karnataka, India",13.1501715747,77.489924982,31,,,,31,,open,false,,,Tricolored Munia,Lonchura malacca,Capuchino Tricolor de la India,Aves,979790
240733121,26d9681c-0bfd-4b77-9dc9-89b25469aca3,2024/09/08 6:56 AM,2024-09-08,2024-09-08 03:56:00 +0200,Karachi,102616,tahir,"",2024-09-09 13:17:56 +0200,2025-07-14 05:18:22 +0200,research,CC-BY-NC,https://www.inaturalist.org/observations/240733121,https://inaturalist-open-data.s3.amazonaws.com/photos/428937572/medium.jpg,,"",,1,0,false,,"Sialkot, Punjab, Pakistan",32.6778565852,74.490357349,61,,,,61,,open,false,,,Tricolored Munia,Lonchura malacca,Capuchino Tricolor de la India,Aves,979790
240904231,f9323f9b-953e-4c09-9f39-28a9dc5d88b4,2024/09/10 9:29 AM,2024-09-10,2024-09-10 05:59:00 +0200,New Delhi,7271460,pollykalamassery,,2024-09-10 11:47:41 +0200,2024-09-11 07:57:19 +0200,research,CC-BY-NC,https://www.inaturalist.org/observations/240904231,https://inaturalist-open-data.s3.amazonaws.com/photos/429271369/medium.jpg,,"",,2,0,false,,"Valiya Kadamakudy, Ernakulam, Kochi, Kerala 682027, India",10.0646365344,76.250365114,15,,,,15,,open,false,,,Tricolored Munia,Lonchura malacca,Capuchino Tricolor de la India,Aves,979790
240960847,403f20c7-5ae4-4078-bf21-5d7dccc572e9,2024/09/08 8:30 AM,2024-09-08,2024-09-08 05:00:00 +0200,New Delhi,6827947,neelakantankk,Neelakantan K.K.,2024-09-10 19:05:42 +0200,2024-09-11 16:08:40 +0200,research,CC-BY-NC,https://www.inaturalist.org/observations/240960847,https://inaturalist-open-data.s3.amazonaws.com/photos/429377509/medium.jpg,,"","",3,0,false,,"Jhanjraula, Jhanjrola, Haryana, India ",28.4990356746,76.8594630808,925,,,,925,,open,false,,,Tricolored Munia,Lonchura malacca,Capuchino Tricolor de la India,Aves,979790
241231965,aef60fda-599d-4eef-b16d-fe88156ade20,2024/09/08 9:17 AM,2024-09-08,2024-09-08 05:47:00 +0200,New Delhi,4712538,alenalex,Alen Alex Pathisseril,2024-09-12 06:34:15 +0200,2024-09-12 13:32:39 +0200,research,CC-BY-NC,https://www.inaturalist.org/observations/241231965,https://inaturalist-open-data.s3.amazonaws.com/photos/429900234/medium.jpg,,"",,3,0,false,,"Vypin, Kochi, Kerala, India",10.0077681549,76.2162009997,180,,,,180,,open,false,,,Tricolored Munia,Lonchura malacca,Capuchino Tricolor de la India,Aves,979790
241231968,74d37df9-cc9c-4e80-b6d6-3fac47a9d2af,2024/09/08 9:18 AM,2024-09-08,2024-09-08 05:48:00 +0200,New Delhi,4712538,alenalex,Alen Alex Pathisseril,2024-09-12 06:34:16 +0200,2024-09-12 13:27:08 +0200,research,CC-BY-NC,https://www.inaturalist.org/observations/241231968,https://inaturalist-open-data.s3.amazonaws.com/photos/429900249/medium.jpg,,"",,3,0,false,,"Vypin, Kochi, Kerala, India",10.0077681549,76.2162009997,180,,,,180,,open,false,,,Tricolored Munia,Lonchura malacca,Capuchino Tricolor de la India,Aves,979790
241404596,5b9cc629-dfc4-4d36-b6c8-f786d11e27fe,2022/12/19 3:31 PM,2022-12-19,2022-12-19 11:01:00 +0100,New Delhi,506512,rejoicegassah,Rejoice Gassah,2024-09-13 06:10:00 +0200,2024-09-13 10:21:53 +0200,research,CC-BY-NC,https://www.inaturalist.org/observations/241404596,https://inaturalist-open-data.s3.amazonaws.com/photos/430233019/medium.jpg,,"",,3,0,false,,"Nalsarovar Bird sanctuary, Bird Sanctuary, Nalsarovar, Ahmedabad, Gujarat 382170, India",22.8194429,72.0444452,204,,,,204,,open,false,,,Tricolored Munia,Lonchura malacca,Capuchino Tricolor de la India,Aves,979790
241610730,c52b4744-3dc7-4b33-aeec-13e579baa797,2022/12/21 8:43 AM,2022-12-21,2022-12-21 04:13:00 +0100,New Delhi,506512,rejoicegassah,Rejoice Gassah,2024-09-14 11:25:55 +0200,2024-09-14 12:35:29 +0200,research,CC-BY-NC,https://www.inaturalist.org/observations/241610730,https://inaturalist-open-data.s3.amazonaws.com/photos/430631067/medium.jpg,,"",,2,0,false,,"Little Rann of Kutch, Gujarat",23.4618205,71.2874209,53110,,,,53110,,open,false,,,Tricolored Munia,Lonchura malacca,Capuchino Tricolor de la India,Aves,979790
241610731,f80d4775-79bf-4c50-ae2b-7d4f998d4cf7,2022/12/21 8:12 AM,2022-12-21,2022-12-21 03:42:00 +0100,New Delhi,506512,rejoicegassah,Rejoice Gassah,2024-09-14 11:25:55 +0200,2024-09-14 12:35:26 +0200,research,CC-BY-NC,https://www.inaturalist.org/observations/241610731,https://inaturalist-open-data.s3.amazonaws.com/photos/430631110/medium.jpg,,"",,2,0,false,,"Little Rann of Kutch, Gujarat",23.4618205,71.2874209,53110,,,,53110,,open,false,,,Tricolored Munia,Lonchura malacca,Capuchino Tricolor de la India,Aves,979790
242224777,8da543a8-3794-4959-acc5-eb071243c286,2024/09/16 5:20 PM,2024-09-16,2024-09-16 13:50:00 +0200,New Delhi,144118,sunnyjosef,"",2024-09-17 06:08:10 +0200,2024-09-18 10:33:59 +0200,research,CC-BY,https://www.inaturalist.org/observations/242224777,https://inaturalist-open-data.s3.amazonaws.com/photos/431817195/medium.jpeg,,"",,1,0,false,,"Chengamanad, Kerala, India",10.1532261,76.3376786,1054,,,,1054,,open,false,,,Tricolored Munia,Lonchura malacca,Capuchino Tricolor de la India,Aves,979790
242258802,f90c8557-4aa2-403e-b278-5d49ab7fa753,2024/02/03 10:25 AM,2024-02-03,2024-02-03 05:55:00 +0100,New Delhi,4645876,hrishu,Hrishu Aravind,2024-09-17 12:19:06 +0200,2025-04-16 17:12:19 +0200,research,CC-BY-NC,https://www.inaturalist.org/observations/242258802,https://inaturalist-open-data.s3.amazonaws.com/photos/431880834/medium.jpeg,,"",,1,0,false,,"Shollinganallur, Chennai, Tamil Nadu, India",12.9009165,80.2278489,10195,,,,10195,,open,false,,,Tricolored Munia,Lonchura malacca,Capuchino Tricolor de la India,Aves,979790
242593133,de1a4b00-a127-43bd-9591-c01bac8aacd4,2024-09-08 09:31:00,2024-09-08,2024-09-08 16:31:00 +0200,America/Panama,5235369,liliamconcepcion,Liliam Concepción,2024-09-19 02:43:10 +0200,2024-09-19 02:46:13 +0200,research,CC-BY-NC,https://www.inaturalist.org/observations/242593133,https://inaturalist-open-data.s3.amazonaws.com/photos/432486652/medium.jpeg,,"",,1,0,false,2,"Guarumal, Provincia de Chiriquí, Panamá",8.3509796448,-82.5165734813,848,,,,848,,open,false,gps,gps,Capuchino Tricolor,Lonchura malacca,Capuchino Tricolor de la India,Aves,979790
242819479,25bddb7a-b9e7-4235-82f5-bc148aef7967,2024/09/20 8:36 AM,2024-09-20,2024-09-20 05:06:00 +0200,New Delhi,144118,sunnyjosef,"",2024-09-20 09:01:02 +0200,2024-09-21 22:19:37 +0200,research,CC-BY,https://www.inaturalist.org/observations/242819479,https://inaturalist-open-data.s3.amazonaws.com/photos/432918103/medium.jpeg,,"",,3,0,false,,"3772+M8Q, Paliyam Thuruthu Rd, Paliyamthuruthu Ward, Pizhala, Ernakulam, Kerala 682027, India",10.0642051,76.2508688,987,,,,987,,open,false,,,Tricolored Munia,Lonchura malacca,Capuchino Tricolor de la India,Aves,979790
243107592,6187d50e-cd3d-4f5a-a2e7-643bfd3b88b5,2024/09/21 7:25 AM,2024-09-21,2024-09-21 03:55:00 +0200,New Delhi,4712538,alenalex,Alen Alex Pathisseril,2024-09-21 17:34:30 +0200,2024-09-21 21:03:12 +0200,research,CC-BY-NC,https://www.inaturalist.org/observations/243107592,https://inaturalist-open-data.s3.amazonaws.com/photos/433456160/medium.jpg,,"",,2,0,false,,"Kerala, India",9.2166789204,76.6481036841,415,,,,415,,open,false,,,Tricolored Munia,Lonchura malacca,Capuchino Tricolor de la India,Aves,979790
243107604,9c2fe3ea-9b97-4586-ba2c-16345899264f,2024/09/21 7:28 AM,2024-09-21,2024-09-21 03:58:00 +0200,New Delhi,4712538,alenalex,Alen Alex Pathisseril,2024-09-21 17:34:32 +0200,2024-09-21 21:03:02 +0200,research,CC-BY-NC,https://www.inaturalist.org/observations/243107604,https://inaturalist-open-data.s3.amazonaws.com/photos/433456265/medium.jpg,,"",,1,0,false,,"Kerala, India",9.2166789204,76.6481036841,415,,,,415,,open,false,,,Tricolored Munia,Lonchura malacca,Capuchino Tricolor de la India,Aves,979790
243371516,7549b2b2-7877-419f-af04-729b385be4d2,2024/09/22 9:52 PM,2024-09-22,2024-09-22 18:22:00 +0200,New Delhi,5886492,guru19,Guru Prasad,2024-09-22 18:25:52 +0200,2024-09-24 09:04:37 +0200,research,,https://www.inaturalist.org/observations/243371516,https://static.inaturalist.org/photos/433957495/medium.jpg,,"",,2,0,false,,"Sondekoppa Kere, Bengaluru, Karnataka 562162",13.0181763,77.3866312,336,,,,336,,open,false,,,Tricolored Munia,Lonchura malacca,Capuchino Tricolor de la India,Aves,979790
243371521,630ca663-8020-4d4a-9364-2f88dd3f272a,2024/09/22 9:52 PM,2024-09-22,2024-09-22 18:22:00 +0200,New Delhi,5886492,guru19,Guru Prasad,2024-09-22 18:25:53 +0200,2024-09-24 09:04:34 +0200,research,,https://www.inaturalist.org/observations/243371521,https://static.inaturalist.org/photos/433957536/medium.jpg,,"",,2,0,false,,"Sondekoppa Kere, Bengaluru, Karnataka 562162",13.0181763,77.3866312,336,,,,336,,open,false,,,Tricolored Munia,Lonchura malacca,Capuchino Tricolor de la India,Aves,979790
243372292,46d62e00-44c8-432e-883f-9d1e79cce573,2024/09/08 9:56 PM,2024-09-08,2024-09-08 18:26:00 +0200,New Delhi,5886492,guru19,Guru Prasad,2024-09-22 18:28:52 +0200,2024-09-24 09:03:40 +0200,research,,https://www.inaturalist.org/observations/243372292,https://static.inaturalist.org/photos/433959388/medium.jpg,,"",,2,0,false,,"Byatarayana Doddi, Karnataka 560083, India",12.8158468,77.5515527,202,,,,202,,open,false,,,Tricolored Munia,Lonchura malacca,Capuchino Tricolor de la India,Aves,979790
243405582,2afdd02e-22ea-4c53-a0df-0ec13cb646b8,2024-09-22 10:33:49,2024-09-22,2024-09-22 17:33:49 +0200,Bogota,8308481,baiserbot,Estiven Arango Arias,2024-09-22 20:36:42 +0200,2024-09-22 20:38:06 +0200,research,,https://www.inaturalist.org/observations/243405582,https://static.inaturalist.org/photos/434020743/medium.jpeg,,"",,1,0,false,2,"050034, Medellín, Robledo, Medellín, Antioquia, Colombia",6.2670859118,-75.5822491273,808,,,,808,,open,false,gps,gps,Capuchino Tricolor,Lonchura malacca,Capuchino Tricolor de la India,Aves,979790
243926225,c7f92c04-57c6-4a64-a1c5-06c05c1d0b93,2020/01/01 1:51 PM,2020-01-01,2020-01-01 09:21:00 +0100,Sri Jayawardenepura,2564410,dmka,Dmytro and Elena,2024-09-25 08:17:40 +0200,2024-10-25 17:48:11 +0200,research,CC-BY-NC,https://www.inaturalist.org/observations/243926225,https://static.inaturalist.org/photos/435030567/medium.jpg,,"","January 1, 2020
Panama Sanctuary, Panama, Eastern Province, Sri Lanka",3,0,false,,"Lahugala, Sri Lanka",6.7521748333,81.7983915333,,,,,,,open,false,,,Tricolored Munia,Lonchura malacca,Capuchino Tricolor de la India,Aves,979790
244432029,7a9c6bdf-99d7-490f-b036-8d5f69d6a5e1,2024-09-28 08:15:33,2024-09-28,2024-09-28 04:45:33 +0200,New Delhi,1870339,premgarg,Prem Prakash Garg,2024-09-28 06:36:03 +0200,2024-09-28 13:54:24 +0200,research,CC-BY-NC,https://www.inaturalist.org/observations/244432029,https://static.inaturalist.org/photos/436006587/medium.jpeg,,"",,1,0,false,2,"Kadajakkanahalli village Indlavadi post, Jigani hobli Anekal taluk, Karnataka 562106, India",12.7328846725,77.6093373075,8,,,,8,,open,false,gps,gps,Tricolored Munia,Lonchura malacca,Capuchino Tricolor de la India,Aves,979790
244587315,36eaccb0-f388-46ee-b1c5-f8ccd5884f73,2024/06/07 6:53 AM,2024-06-07,2024-06-07 13:53:00 +0200,Bogota,5886169,luisaj,Luisa Juliana Vásquez Rodríguez,2024-09-29 00:42:41 +0200,2025-02-21 05:33:08 +0100,research,CC-BY-NC,https://www.inaturalist.org/observations/244587315,https://inaturalist-open-data.s3.amazonaws.com/photos/436304923/medium.jpeg,,"","",1,0,false,,"Aeropuerto Nacional Perales - Ibagué (IBE), Ibagué, Tolima, Colombia",4.4250928,-75.1409698,175,,,,175,,open,false,,,Capuchino Tricolor,Lonchura malacca,Capuchino Tricolor de la India,Aves,979790
244701302,30f1064f-72b7-4aac-aea6-89438a856f02,2024/09/29 7:50 AM,2024-09-29,2024-09-29 04:20:00 +0200,New Delhi,4712538,alenalex,Alen Alex Pathisseril,2024-09-29 16:34:31 +0200,2024-10-03 11:15:20 +0200,research,CC-BY-NC,https://www.inaturalist.org/observations/244701302,https://inaturalist-open-data.s3.amazonaws.com/photos/436529529/medium.jpg,,"",,2,0,false,,"Pullazhi, Thrissur, Kerala, India",10.5190839777,76.1596153945,150,,,,150,,open,false,,,Tricolored Munia,Lonchura malacca,Capuchino Tricolor de la India,Aves,979790
245159773,267f79f6-e12f-403a-989f-94273bfbfa71,2024/08/08 7:15 AM,2024-08-08,2024-08-08 03:45:00 +0200,New Delhi,3341973,samrudhnandagopal,Samrudh Nandagopal,2024-10-02 02:23:57 +0200,2024-10-02 02:30:30 +0200,research,CC-BY-NC,https://www.inaturalist.org/observations/245159773,https://inaturalist-open-data.s3.amazonaws.com/photos/437421156/medium.jpeg,,"",,1,0,false,,"Vellore, IN-AP, IN",12.938059213,79.5853727444,1000,,,,31057,obscured,open,true,,,Tricolored Munia,Lonchura malacca,Capuchino Tricolor de la India,Aves,979790
245251269,e8eb8f6e-f6d0-4503-8bef-75bfdb391335,2024/09/12 3:17 PM,2024-09-12,2024-09-12 11:47:00 +0200,New Delhi,3301493,sriramranganathan,Sriram Ranganathan,2024-10-02 18:03:06 +0200,2024-10-02 18:25:55 +0200,research,CC-BY-NC,https://www.inaturalist.org/observations/245251269,https://inaturalist-open-data.s3.amazonaws.com/photos/437597588/medium.jpg,,"",,1,0,false,,"Nalsarovar, Gujarat 382170, India",22.8209477,72.0571863,1484,,,,1484,,open,false,,,Tricolored Munia,Lonchura malacca,Capuchino Tricolor de la India,Aves,979790
245556277,d2041f08-3a8f-446c-bd7f-0caf9036a7c5,2024/10/02 9:17 AM,2024-10-02,2024-10-02 05:47:00 +0200,New Delhi,4749129,vasensuli,,2024-10-04 14:28:50 +0200,2024-10-04 17:27:06 +0200,research,CC-BY-NC,https://www.inaturalist.org/observations/245556277,https://inaturalist-open-data.s3.amazonaws.com/photos/438210395/medium.jpeg,,"","",1,0,false,,"Putheri Lake,Nagarcoil Tamil Nadu",8.2071008,77.4318289,523,,,,523,,open,false,,,Tricolored Munia,Lonchura malacca,Capuchino Tricolor de la India,Aves,979790
245690720,a103ce36-7f65-4694-b37d-5ffcacb333a2,2024/08/14 6:40 AM,2024-08-14,2024-08-14 14:40:00 +0200,America/Merida,2321639,giovalencia,Giovana A. Valencia,2024-10-05 07:14:21 +0200,2024-10-05 07:40:43 +0200,research,CC-BY,https://www.inaturalist.org/observations/245690720,https://inaturalist-open-data.s3.amazonaws.com/photos/438474048/medium.jpeg,,"","",1,0,false,,"Campeche, Camp., México",19.9416180985,-90.3755688619,4,,,,4,,open,false,,,Capuchino Tricolor,Lonchura malacca,Capuchino Tricolor de la India,Aves,979790
245965164,eb4d1bac-4499-4cb2-abbd-b5a43589dc2c,2024/10/06 8:43 AM,2024-10-06,2024-10-06 05:13:00 +0200,New Delhi,1131461,anil_kumar_verma,Anil Kumar Verma,2024-10-06 17:30:38 +0200,2024-10-06 19:24:49 +0200,research,CC-BY-NC,https://www.inaturalist.org/observations/245965164,https://inaturalist-open-data.s3.amazonaws.com/photos/439009776/medium.jpg,,"",,1,0,false,,"Balkum Pipeline Rd, Kolshet Gaon, Kolshet, Thane West, Thane, Maharashtra, India",19.2416142,72.9965124,1721,,,,1721,,open,false,,,Tricolored Munia,Lonchura malacca,Capuchino Tricolor de la India,Aves,979790
246182490,108c5979-e4a0-450c-8e6a-5bd18da3ccd6,2024/08/22 12:46,2024-08-22,2024-08-22 09:16:00 +0200,Sri Jayawardenepura,7907726,honza35364,Honza Pyrih,2024-10-07 18:49:17 +0200,2025-07-18 10:38:21 +0200,research,CC0,https://www.inaturalist.org/observations/246182490,https://static.inaturalist.org/photos/439437789/medium.jpeg,,"",,2,0,false,,"Hambantota, Šrí Lanka",6.2969409555,81.2704229025,122,,,,122,,open,false,,,Panenka tříbarvá,Lonchura malacca,Capuchino Tricolor de la India,Aves,979790
246337796,93be0ae3-b96a-47b7-a4d6-346df1fac6a1,2024/10/06 10:54 AM,2024-10-06,2024-10-06 18:54:00 +0200,America/Merida,29988,marcocelis,Marco Celis Saavedra,2024-10-08 18:18:07 +0200,2024-10-11 05:50:02 +0200,research,CC-BY-NC,https://www.inaturalist.org/observations/246337796,https://inaturalist-open-data.s3.amazonaws.com/photos/439749054/medium.jpg,,"",,2,0,false,,"Campeche, Camp., México",19.9397455153,-90.3777265549,4,,,,4,,open,false,,,Capuchino Tricolor,Lonchura malacca,Capuchino Tricolor de la India,Aves,979790
246486407,d0b40bda-626f-49bb-841e-8a69c6f65fbc,2024/10/03 10:21 AM,2024-10-03,2024-10-03 06:51:00 +0200,New Delhi,6793845,shilpagadgil,Shilpa Gadgil,2024-10-09 17:48:12 +0200,2024-10-09 21:01:15 +0200,research,CC-BY-NC,https://www.inaturalist.org/observations/246486407,https://inaturalist-open-data.s3.amazonaws.com/photos/440046713/medium.jpeg,,"",,2,0,false,,"Ash - Bund Road,Manyarkhede, Maharashtra, India",21.00934541,75.8666236866,211,,,,211,,open,false,,,Tricolored Munia,Lonchura malacca,Capuchino Tricolor de la India,Aves,979790
246486523,4923106b-b9a4-425b-9f80-3dd8cede9a28,2024/10/03 10:22 AM,2024-10-03,2024-10-03 06:52:00 +0200,New Delhi,6793845,shilpagadgil,Shilpa Gadgil,2024-10-09 17:49:03 +0200,2024-10-09 21:01:13 +0200,research,CC-BY-NC,https://www.inaturalist.org/observations/246486523,https://inaturalist-open-data.s3.amazonaws.com/photos/440047074/medium.jpeg,,"",,2,0,false,,"Ash - Bund Road,Manyarkhede, Maharashtra, India",21.00934541,75.8666236866,211,,,,211,,open,false,,,Tricolored Munia,Lonchura malacca,Capuchino Tricolor de la India,Aves,979790
246729082,4d5b3cae-3428-4aad-885a-7296e8a571a1,2023/06/23 7:53 AM,2023-06-23,2023-06-23 04:23:00 +0200,New Delhi,4749129,vasensuli,,2024-10-11 07:06:23 +0200,2024-10-11 08:07:40 +0200,research,CC-BY-NC,https://www.inaturalist.org/observations/246729082,https://inaturalist-open-data.s3.amazonaws.com/photos/440524487/medium.jpeg,,"","",1,0,false,,pavalathanoor lake,11.6893730293,77.9771083785,15,,,,15,,open,false,,,Tricolored Munia,Lonchura malacca,Capuchino Tricolor de la India,Aves,979790
246740456,a41dcacd-8956-4bac-9ba4-28de6de5d0f0,2024-10-11 07:57:39,2024-10-11,2024-10-11 04:27:39 +0200,New Delhi,1870339,premgarg,Prem Prakash Garg,2024-10-11 10:21:56 +0200,2024-10-11 10:33:56 +0200,research,CC-BY-NC,https://www.inaturalist.org/observations/246740456,https://static.inaturalist.org/photos/440548599/medium.jpeg,,"",,1,0,false,2,"Harohalli, Karnataka 562112, India",12.73149,77.585845,,,,,,,open,false,gps,gps,Tricolored Munia,Lonchura malacca,Capuchino Tricolor de la India,Aves,979790
246806224,e421f70d-7662-4d17-be39-a7be4075bc24,2024/10/08 11:48 PM,2024-10-08,2024-10-08 20:18:00 +0200,New Delhi,5886492,guru19,Guru Prasad,2024-10-11 20:22:34 +0200,2024-10-12 17:56:50 +0200,research,,https://www.inaturalist.org/observations/246806224,https://static.inaturalist.org/photos/440674891/medium.jpg,,"",,2,0,false,,"Sondekoppa Kere, Bengaluru, Karnataka 562162",13.0181763,77.3866312,336,,,,336,,open,false,,,Tricolored Munia,Lonchura malacca,Capuchino Tricolor de la India,Aves,979790
247281138,58ac6790-00d9-40de-aea5-a1c0c4ec7699,2024/10/13 9:26 AM,2024-10-13,2024-10-13 05:56:00 +0200,New Delhi,6510235,jashsadiwala,Jash Sadiwala,2024-10-14 11:24:56 +0200,2024-10-14 11:34:37 +0200,research,CC-BY-NC,https://www.inaturalist.org/observations/247281138,https://inaturalist-open-data.s3.amazonaws.com/photos/441617268/medium.jpeg,,"",,1,0,false,,"Paldi, Gujarat 388620, India",22.3818929825,72.5678608569,15,,,,15,,open,false,,,Tricolored Munia,Lonchura malacca,Capuchino Tricolor de la India,Aves,979790
247340613,f297b797-e5b9-49c0-b073-f2ca0e5227d9,2024/10/13 10:57 PM,2024-10-13,2024-10-13 19:27:00 +0200,New Delhi,5886492,guru19,Guru Prasad,2024-10-14 19:30:54 +0200,2024-10-15 09:02:25 +0200,research,,https://www.inaturalist.org/observations/247340613,https://static.inaturalist.org/photos/441733538/medium.jpg,,"",,1,0,false,,"Bangalore Division, Karnataka, India",13.421437292,77.5983221446,31,,,,31,,open,false,,,Tricolored Munia,Lonchura malacca,Capuchino Tricolor de la India,Aves,979790
247587395,096001fd-9257-4638-acf9-2dffae09fb69,2015/09/29 4:59 PM,2015-09-29,2015-09-29 13:29:00 +0200,New Delhi,3446045,abhiapc,abhi jith,2024-10-16 08:35:48 +0200,2024-10-16 09:29:28 +0200,research,,https://www.inaturalist.org/observations/247587395,https://static.inaturalist.org/photos/442225392/medium.jpg,,"",,2,0,false,,"6JFG+3WM, Dadadahalli, Karnataka 570008, India",12.2227233,76.6272876,127,,,,127,,open,false,,,Lonchura malacca,Lonchura malacca,Capuchino Tricolor de la India,Aves,979790
247587970,912b9707-0e90-455e-bde5-212ea418549f,2015/10/06 5:09 PM,2015-10-06,2015-10-06 13:39:00 +0200,New Delhi,3446045,abhiapc,abhi jith,2024-10-16 08:46:53 +0200,2024-11-03 09:29:08 +0100,research,,https://www.inaturalist.org/observations/247587970,https://static.inaturalist.org/photos/442226021/medium.jpg,,"",,2,0,false,,"6JFG+3WM, Dadadahalli, Karnataka 570008, India",12.2227233,76.6272876,127,,,,127,,open,false,,,Lonchura malacca,Lonchura malacca,Capuchino Tricolor de la India,Aves,979790
248292963,0e2274c0-0898-4d4c-a21a-e11206b29bf4,2024-10-20 06:43:28,2024-10-20,2024-10-20 03:13:28 +0200,New Delhi,4768302,barakat,Munshi Md. Abul Barakat,2024-10-20 18:23:08 +0200,2025-04-06 17:21:59 +0200,research,CC-BY-NC,https://www.inaturalist.org/observations/248292963,https://inaturalist-open-data.s3.amazonaws.com/photos/443614283/medium.jpeg,,"",,1,0,false,2,"Muchipukurpar ; P.O, Katwa, Bandra, West Bengal 713130, India",23.6462840425,88.1182292104,51,,,,51,,open,false,gps,gps,Tricolored Munia,Lonchura malacca,Capuchino Tricolor de la India,Aves,979790
248293272,3223f5af-e7e2-4b28-84c0-5cb034f0dc40,2024-10-20 06:43:33,2024-10-20,2024-10-20 03:13:33 +0200,New Delhi,4768302,barakat,Munshi Md. Abul Barakat,2024-10-20 18:24:46 +0200,2025-04-06 17:22:20 +0200,research,CC-BY-NC,https://www.inaturalist.org/observations/248293272,https://inaturalist-open-data.s3.amazonaws.com/photos/443614927/medium.jpeg,,"",,1,0,false,2,"Muchipukurpar ; P.O, Katwa, Bandra, West Bengal 713130, India",23.6462726788,88.1184645742,74,,,,74,,open,false,gps,gps,Tricolored Munia,Lonchura malacca,Capuchino Tricolor de la India,Aves,979790
248294121,bb286ae0-c688-4f14-830e-41ebfbe70765,2024-10-20 06:45:39,2024-10-20,2024-10-20 03:15:39 +0200,New Delhi,4768302,barakat,Munshi Md. Abul Barakat,2024-10-20 18:29:31 +0200,2025-04-06 17:23:22 +0200,research,CC-BY-NC,https://www.inaturalist.org/observations/248294121,https://inaturalist-open-data.s3.amazonaws.com/photos/443616466/medium.jpeg,,"",,1,0,false,2,"Muchipukurpar ; P.O, Katwa, Bandra, West Bengal 713130, India",23.6467244604,88.1182969362,31,,,,31,,open,false,gps,gps,Tricolored Munia,Lonchura malacca,Capuchino Tricolor de la India,Aves,979790
248716635,a60a3d6c-8f4a-4c05-ac53-400c30291929,2024/10/23 7:49 AM,2024-10-23,2024-10-23 04:19:00 +0200,New Delhi,5956273,deemopahan,Deepa Mohan,2024-10-23 11:15:49 +0200,2024-10-23 18:11:12 +0200,research,CC-BY-NC,https://www.inaturalist.org/observations/248716635,https://inaturalist-open-data.s3.amazonaws.com/photos/444466001/medium.jpeg,,"","",1,0,false,,"Ragihalli State Forest, Karnataka, India",12.7688531,77.5791358,4229,,,,4229,,open,false,,,Tricolored Munia,Lonchura malacca,Capuchino Tricolor de la India,Aves,979790
249143350,0eea1940-1c22-4487-b643-ed4cbe043d4c,2024/10/20 8:22 AM,2024-10-20,2024-10-20 04:52:00 +0200,New Delhi,776649,paul_pop,Paul Pop,2024-10-26 12:40:11 +0200,2024-10-26 14:19:55 +0200,research,CC-BY-NC,https://www.inaturalist.org/observations/249143350,https://inaturalist-open-data.s3.amazonaws.com/photos/445295676/medium.jpeg,,"",,2,0,false,,"Kalamassery, Kochi, Kerala, India",10.0529786888,76.343879362,5,,,,5,,open,false,,,Tricolored Munia,Lonchura malacca,Capuchino Tricolor de la India,Aves,979790
249266720,b0eea461-49ff-460e-a90c-4a1072ea9160,2024-10-26 16:58:23,2024-10-26,2024-10-26 13:13:23 +0200,Kathmandu,6041409,hugooo,"",2024-10-27 04:35:31 +0100,2025-04-07 23:12:53 +0200,research,CC-BY-NC,https://www.inaturalist.org/observations/249266720,https://inaturalist-open-data.s3.amazonaws.com/photos/445552936/medium.jpeg,,"",,1,0,false,2,"Q9FJ+C3G, Budhanilkantha 44600, Nepal",27.6935757744,85.3731844202,2576,,,,2576,,open,false,gps,gps,Schwarzbauchnonne,Lonchura malacca,Capuchino Tricolor de la India,Aves,979790
249376677,d2a9fa6b-cd0d-4c10-bde1-3adc5ad5daea,2024-10-27 16:36:21,2024-10-27,2024-10-27 11:36:21 +0100,Dhaka,8712946,tanvir44379,Tanvir Jubair,2024-10-27 20:18:42 +0100,2025-04-08 02:31:19 +0200,research,,https://www.inaturalist.org/observations/249376677,https://static.inaturalist.org/photos/445770281/medium.jpeg,,"",,1,0,false,2,"South Chartha, Cumilla, Bangladesh",23.4521327059,91.1813343689,4,,,,4,,open,false,gps,gps,Tricolored Munia,Lonchura malacca,Capuchino Tricolor de la India,Aves,979790
249855848,c01b94d0-1163-4707-ac32-54e106eeee82,2024/10/31 8:53 AM,2024-10-31,2024-10-31 04:23:00 +0100,New Delhi,6604460,anuragmishra1009,Anurag Mishra,2024-10-31 08:47:48 +0100,2024-10-31 20:00:29 +0100,research,,https://www.inaturalist.org/observations/249855848,https://static.inaturalist.org/photos/446728040/medium.jpeg,,"",,1,0,false,,"Sundrijor, Odisha, India",19.6042399074,82.8236016908,2,,,,2,,open,false,,,Tricolored Munia,Lonchura malacca,Capuchino Tricolor de la India,Aves,979790
249892336,00d1c214-a8ca-4c30-b25a-5054a0b5a29e,2012/07/29 11:22,2012-07-29,2012-07-29 07:52:00 +0200,New Delhi,7024867,kulkajan,"",2024-10-31 16:19:56 +0100,2024-11-01 06:08:45 +0100,research,CC-BY-NC,https://www.inaturalist.org/observations/249892336,https://inaturalist-open-data.s3.amazonaws.com/photos/446798639/medium.jpeg,,"",,1,0,false,,"Goltim, Goa 403403, Indien",15.5191080116,73.90728271,150,,,,150,,open,false,,,Schwarzbauchnonne,Lonchura malacca,Capuchino Tricolor de la India,Aves,979790
249904098,53b1369f-bf28-461f-820a-4109015c133b,2024/10/23 7:43 AM,2024-10-23,2024-10-23 04:13:00 +0200,New Delhi,8391900,naturalists_minee,,2024-10-31 17:59:32 +0100,2025-04-08 15:55:05 +0200,research,CC-BY-NC,https://www.inaturalist.org/observations/249904098,https://static.inaturalist.org/photos/446811926/medium.jpeg,,"","",1,0,false,,"Ragihalli State Forest, Karnataka, India",12.7688531,77.5791358,4229,,,,4229,,open,false,,,Tricolored Munia,Lonchura malacca,Capuchino Tricolor de la India,Aves,979790
249904107,8bf78223-7e63-46f4-aa52-db77137f0a74,2024/10/23 7:49 AM,2024-10-23,2024-10-23 04:19:00 +0200,New Delhi,8391900,naturalists_minee,,2024-10-31 17:59:33 +0100,2024-11-01 22:40:10 +0100,research,CC-BY-NC,https://www.inaturalist.org/observations/249904107,https://static.inaturalist.org/photos/446812280/medium.jpeg,,"","",1,0,false,,"Ragihalli State Forest, Karnataka, India",12.7688531,77.5791358,4229,,,,4229,,open,false,,,Tricolored Munia,Lonchura malacca,Capuchino Tricolor de la India,Aves,979790
250225845,40507c79-5d2f-46aa-bff3-b6e0b1baa453,2014-10-05 08:06:31,2014-10-05,2014-10-05 04:36:31 +0200,New Delhi,8741237,ranadeep,Ranadeep Sengupta,2024-11-03 02:18:46 +0100,2024-11-03 09:31:27 +0100,research,CC-BY-NC,https://www.inaturalist.org/observations/250225845,https://inaturalist-open-data.s3.amazonaws.com/photos/447468682/medium.jpeg,,"",,1,0,false,2,"JF2H+R2J Rajarhat Wetlands- Munia Zone 2, Action Area II, Newtown, Dharsamoktarpur, New Town, West Bengal 700135, India",22.6018071038,88.4776763991,196,,,,196,,open,false,gps,gps,Tricolored Munia,Lonchura malacca,Capuchino Tricolor de la India,Aves,979790
250252176,0a6d32b3-2c64-4077-8811-38619e940bdd,2012/01/12 8:40 AM,2012-01-12,2012-01-12 04:10:00 +0100,New Delhi,2706220,paulmathi,Paulmathi Vinod,2024-11-03 07:36:54 +0100,2025-04-09 05:31:55 +0200,research,CC-BY,https://www.inaturalist.org/observations/250252176,https://inaturalist-open-data.s3.amazonaws.com/photos/447521853/medium.jpeg,,"",,1,0,false,,"GVW4+5CP Vedanthangal Bird Sanctuary, Vedathangal, Madurantakam, Tamil Nadu 603314, India",12.5454597,79.8560694,125,,,,125,,open,false,,,Tricolored Munia,Lonchura malacca,Capuchino Tricolor de la India,Aves,979790
250284484,b1a7b2ab-c8fc-4696-8563-426d7aea9c43,2013/11/25 12:28 PM,2013-11-25,2013-11-25 07:58:00 +0100,Sri Jayawardenepura,2692769,terolinjama,Tero Linjama,2024-11-03 14:37:40 +0100,2025-08-08 11:49:01 +0200,research,CC-BY,https://www.inaturalist.org/observations/250284484,https://inaturalist-open-data.s3.amazonaws.com/photos/447589846/medium.jpg,,"",,1,0,false,,"Moneragalan piirikunta, Sri Lanka",6.4560869115,80.8737749537,8876,,,,8876,,open,false,,,kastanjamanikki,Lonchura malacca,Capuchino Tricolor de la India,Aves,979790
250293444,695ff520-e26f-4d26-832f-fc3d0dfb0849,2018/10/01 1:59 PM,2018-10-01,2018-10-01 10:29:00 +0200,Sri Jayawardenepura,8628763,andypitt,Andy Pittway,2024-11-03 15:49:53 +0100,2024-12-18 15:30:22 +0100,research,CC-BY-NC,https://www.inaturalist.org/observations/250293444,https://inaturalist-open-data.s3.amazonaws.com/photos/447607963/medium.jpeg,,"","",1,0,false,,"Yala National Park Sri Lanka, No81, sella road, කතරගම 91400, Sri Lanka",6.4913796,81.4261714,211,,,,211,,open,false,,,Tricolored Munia,Lonchura malacca,Capuchino Tricolor de la India,Aves,979790
250322713,d828067d-4052-4e59-ac68-b621129f6d0c,2016/01/20 7:10 AM,2016-01-20,2016-01-20 02:40:00 +0100,Sri Jayawardenepura,2564410,dmka,Dmytro and Elena,2024-11-03 19:20:52 +0100,2024-12-18 15:26:41 +0100,research,CC-BY-NC,https://www.inaturalist.org/observations/250322713,https://static.inaturalist.org/photos/447643325/medium.jpg,,"","January 20, 2016
Marakolliya, Hambantota District, Southern Province, Sri Lanka",1,0,false,,"Hambantota, Sri Lanka",6.0590372,80.8209874167,,,,,,,open,false,,,Tricolored Munia,Lonchura malacca,Capuchino Tricolor de la India,Aves,979790
250529702,8028bb60-87a8-4192-81e8-588ae9a95fc8,2024/10/29 3:48 PM,2024-10-29,2024-10-29 21:48:00 +0100,Bogota,704765,jeslefcourt,Jes Lefcourt,2024-11-05 06:53:37 +0100,2024-11-05 22:59:38 +0100,research,,https://www.inaturalist.org/observations/250529702,https://static.inaturalist.org/photos/448083874/medium.jpg,,"",,1,0,false,,"El Cerrito, Valle del Cauca, Colombia",3.6306488112,-76.210732006,456,,,,456,,open,false,,,Tricolored Munia,Lonchura malacca,Capuchino Tricolor de la India,Aves,979790
250638644,26af7d91-6b78-4729-b89b-2bf0a8896fc6,2024-11-06 08:02:16,2024-11-06,2024-11-06 03:32:16 +0100,New Delhi,6200101,malathi3,MALATHI E,2024-11-06 03:51:18 +0100,2025-04-09 16:31:11 +0200,research,,https://www.inaturalist.org/observations/250638644,https://static.inaturalist.org/photos/448301500/medium.jpeg,,"",,1,0,false,2,"Vanxim Island Ferry, Malar, Sao Matias VP, Goa 403403, India",15.5384218,73.9069094,,,,,,,open,false,gps,gps,Tricolored Munia,Lonchura malacca,Capuchino Tricolor de la India,Aves,979790
250674745,7cd49b9e-a19d-45a6-a9ab-5ed952ae9e76,2024/11/05 10:01 AM,2024-11-05,2024-11-05 05:31:00 +0100,Sri Jayawardenepura,6164054,sturuss,Stuart,2024-11-06 13:58:27 +0100,2024-11-08 15:26:54 +0100,research,CC0,https://www.inaturalist.org/observations/250674745,https://inaturalist-open-data.s3.amazonaws.com/photos/448375724/medium.jpeg,,"",,1,0,false,,"Eppawala, Sri Lanka",8.1617704461,80.3984156032,15,,,,15,,open,false,,,Tricolored Munia,Lonchura malacca,Capuchino Tricolor de la India,Aves,979790
250760614,2904bb63-a15b-45b4-ae21-f2959fd8d029,2024/11/07 8:17 AM,2024-11-07,2024-11-07 03:47:00 +0100,New Delhi,6559220,jagz88,Jagdish Parmar,2024-11-07 06:56:22 +0100,2024-11-08 19:46:12 +0100,research,,https://www.inaturalist.org/observations/250760614,https://static.inaturalist.org/photos/448550919/medium.jpeg,,"",,1,0,false,,"Hazira, Gujarat, India",21.19828,72.6716083333,,,,,,,open,false,,,Tricolored Munia,Lonchura malacca,Capuchino Tricolor de la India,Aves,979790
251285492,4d57d4ed-3511-4195-8270-8b515f1d0694,2024/11/11 8:07 AM,2024-11-11,2024-11-11 03:37:00 +0100,New Delhi,6559220,jagz88,Jagdish Parmar,2024-11-11 08:26:01 +0100,2025-04-11 10:56:56 +0200,research,,https://www.inaturalist.org/observations/251285492,https://static.inaturalist.org/photos/449597366/medium.jpeg,,"",,1,0,false,,"Damka, Gujarat 394510, India",21.1963549,72.6594646,1725,,,,1725,,open,false,,,Tricolored Munia,Lonchura malacca,Capuchino Tricolor de la India,Aves,979790
251617465,9e97c4f7-21ff-4411-89d9-3c7774ad5b7e,2024-11-13 11:42:35,2024-11-13,2024-11-13 07:12:35 +0100,New Delhi,2852333,elavarasan_mm,Elavarasan M,2024-11-14 02:26:17 +0100,2025-04-11 19:26:07 +0200,research,CC-BY-NC,https://www.inaturalist.org/observations/251617465,https://inaturalist-open-data.s3.amazonaws.com/photos/450250834/medium.jpeg,,"",,1,0,false,2,"2, Mahalakshmi Nagar, Salem, Tamil Nadu 636008, India",11.67525165,78.1784685329,2127,,,,2127,,open,false,gps,gps,Tricolored Munia,Lonchura malacca,Capuchino Tricolor de la India,Aves,979790
251785731,9fefc71f-97cd-4acc-8dcc-77744c4ea2af,2024-11-14 08:17:32,2024-11-14,2024-11-14 03:47:32 +0100,New Delhi,4768302,barakat,Munshi Md. Abul Barakat,2024-11-15 17:56:04 +0100,2024-11-15 18:20:44 +0100,research,CC-BY-NC,https://www.inaturalist.org/observations/251785731,https://inaturalist-open-data.s3.amazonaws.com/photos/450589817/medium.jpeg,,"",,1,0,false,2,"Muchipukurpar ; P.O, Katwa, Bandra, West Bengal 713130, India",23.6467957134,88.1180689484,59,,,,59,,open,false,gps,gps,Tricolored Munia,Lonchura malacca,Capuchino Tricolor de la India,Aves,979790
251786284,b5f470da-6b6c-4e80-b070-fc37b699ea86,2024-11-07 07:42:21,2024-11-07,2024-11-07 03:12:21 +0100,New Delhi,4768302,barakat,Munshi Md. Abul Barakat,2024-11-15 18:01:50 +0100,2024-11-15 20:27:25 +0100,research,CC-BY-NC,https://www.inaturalist.org/observations/251786284,https://inaturalist-open-data.s3.amazonaws.com/photos/450590966/medium.jpeg,,"",,2,0,false,2,"Muchipukurpar ; P.O, Katwa, Bandra, West Bengal 713130, India",23.6466937479,88.1181470677,54,,,,54,,open,false,gps,gps,Tricolored Munia,Lonchura malacca,Capuchino Tricolor de la India,Aves,979790
251912472,c5c59fcb-ac71-4b19-a511-3a9e0b21e7b7,2024/06/25 2:08 PM,2024-06-25,2024-06-25 21:08:00 +0200,America/Guayaquil,8352,scottolmstead,Scott Olmstead,2024-11-16 19:24:56 +0100,2025-04-12 03:06:05 +0200,research,CC-BY,https://www.inaturalist.org/observations/251912472,https://static.inaturalist.org/photos/450841929/medium.jpg,,"",,1,0,false,,"Road to Rio Silanche Bird Sanctuary, Pedro Vicente Maldonado, Pichincha, Ecuador",0.1223328766,-79.1387675729,185,,,,185,,open,false,,,Tricolored Munia,Lonchura malacca,Capuchino Tricolor de la India,Aves,979790
251984610,2187b847-1500-4e50-a7d4-556708fc4b33,2024/11/03 2:44 PM,2024-11-03,2024-11-03 10:14:00 +0100,New Delhi,774262,scott_phares,,2024-11-17 07:26:34 +0100,2025-08-15 13:07:26 +0200,research,,https://www.inaturalist.org/observations/251984610,https://static.inaturalist.org/photos/450985491/medium.jpg,,"alleppey backwaters, asia, continents, india, kerala",,1,0,false,,"Meenappally, Kuttamangalam, Kuppapuram, Kuttanad Taluk, Kerala 688501, India",9.5126472222,76.3842388889,,,,,,,open,false,,,Tricolored Munia,Lonchura malacca,Capuchino Tricolor de la India,Aves,979790
251988271,fbf82e13-a862-484b-a9d2-85483b9b1287,2024/11/17 7:58 AM,2024-11-17,2024-11-17 03:28:00 +0100,New Delhi,144118,sunnyjosef,"",2024-11-17 08:27:24 +0100,2025-04-12 05:11:18 +0200,research,CC-BY,https://www.inaturalist.org/observations/251988271,https://inaturalist-open-data.s3.amazonaws.com/photos/450994084/medium.jpg,,"",,1,0,false,,"Nedumbassery, Kerala, India",10.1538200147,76.3763355718,1383,,,,1383,,open,false,,,Tricolored Munia,Lonchura malacca,Capuchino Tricolor de la India,Aves,979790
252260308,569b4e6f-15b5-4e85-8204-fe6cada6f1e9,2019/11/28 5:14 AM,2019-11-28,2019-11-28 00:44:00 +0100,Sri Jayawardenepura,5029178,andrewkruger,Andrew Kruger,2024-11-19 12:06:15 +0100,2024-12-19 15:33:27 +0100,research,CC-BY-NC,https://www.inaturalist.org/observations/252260308,https://inaturalist-open-data.s3.amazonaws.com/photos/451544816/medium.jpeg,,"","",1,0,false,,"Hambantota, Sri Lanka",6.1912737793,81.200341863,122,,,,122,,open,false,,,Tricolored Munia,Lonchura malacca,Capuchino Tricolor de la India,Aves,979790
252414832,3d88d2a7-4fea-4e22-9bf8-96b4f07ddca3,2024-11-19 11:20:44,2024-11-19,2024-11-19 06:50:44 +0100,New Delhi,7440475,pri_ya,"",2024-11-20 19:55:23 +0100,2024-11-21 04:23:33 +0100,research,CC-BY-NC,https://www.inaturalist.org/observations/252414832,https://inaturalist-open-data.s3.amazonaws.com/photos/451852088/medium.jpeg,,"",,1,0,false,2,"7QX3+HPC, Bhigwan, Maharashtra 413130, India",18.2989475393,74.7542572394,1690,,,,1690,,open,false,gps,gps,Tricolored Munia,Lonchura malacca,Capuchino Tricolor de la India,Aves,979790
252502353,d1a570d3-4c3e-456f-b11a-aef2dd6ad3de,2024/11/17 10:00 AM,2024-11-17,2024-11-17 17:00:00 +0100,America/Merida,29988,marcocelis,Marco Celis Saavedra,2024-11-21 16:29:38 +0100,2025-04-12 15:28:18 +0200,research,CC-BY-NC,https://www.inaturalist.org/observations/252502353,https://inaturalist-open-data.s3.amazonaws.com/photos/452024330/medium.jpg,,"",,1,0,false,,"Campeche, Camp., México",19.9365567906,-90.3803969854,15,,,,15,,open,false,,,Capuchino Tricolor,Lonchura malacca,Capuchino Tricolor de la India,Aves,979790
252514037,bd99737f-48c5-414c-8bf7-18bcb8c700c8,2024/02/06 8:39 AM,2024-02-06,2024-02-06 04:09:00 +0100,New Delhi,1304830,tusharagarwal18,Tushar Agarwal,2024-11-21 18:41:52 +0100,2025-04-12 15:42:29 +0200,research,CC-BY-NC,https://www.inaturalist.org/observations/252514037,https://inaturalist-open-data.s3.amazonaws.com/photos/452045973/medium.jpeg,,"",,1,0,false,,"Gidwa, Chhattisgarh 491340, India",21.8362841,81.7732335,2517,,,,2517,,open,false,,,Tricolored Munia,Lonchura malacca,Capuchino Tricolor de la India,Aves,979790
252561662,1ba55ff0-61dc-4c75-869f-956bde1fc7c8,2017-08-30 06:29:45,2017-08-30,2017-08-30 14:29:45 +0200,America/Costa_Rica,2595647,henry180,Henry Sandi Amador,2024-11-22 04:43:37 +0100,2026-02-23 00:59:48 +0100,research,CC-BY-NC,https://www.inaturalist.org/observations/252561662,https://static.inaturalist.org/photos/452140203/medium.jpeg,,"",,3,0,false,2,"Corredor, Provincia de Puntarenas, Corredores, Costa Rica",8.6254741854,-82.9396329448,123,,,,123,,open,false,gps,gps,Lonchura malacca,Lonchura malacca,Capuchino Tricolor de la India,Aves,979790
252738076,d39789c9-ff40-48fb-9f41-d7723fc336ec,2024/11/23 4:27 PM,2024-11-23,2024-11-23 11:57:00 +0100,New Delhi,6604460,anuragmishra1009,Anurag Mishra,2024-11-23 18:15:15 +0100,2025-04-12 21:01:30 +0200,research,,https://www.inaturalist.org/observations/252738076,https://static.inaturalist.org/photos/452460098/medium.jpeg,,"",,1,0,false,,"Kanakpur, Odisha 766100, India",20.1403284981,83.4379339784,488,,,,488,,open,false,,,Tricolored Munia,Lonchura malacca,Capuchino Tricolor de la India,Aves,979790
253172592,e36ded03-aa95-4808-abd2-971b12d97ef8,2024-11-26 15:13:24,2024-11-26,2024-11-26 10:43:24 +0100,New Delhi,2880388,anamikasongra,Anamika Songra,2024-11-26 16:18:12 +0100,2025-04-13 05:46:03 +0200,research,CC-BY-NC,https://www.inaturalist.org/observations/253172592,https://inaturalist-open-data.s3.amazonaws.com/photos/453271360/medium.jpeg,,"",,1,0,false,2,"53H7+MQ, Jabalpur, Dumna, Madhya Pradesh 482005, India",23.1798349478,80.0645214692,274,,,,274,,open,false,gps,gps,Tricolored Munia,Lonchura malacca,Capuchino Tricolor de la India,Aves,979790
253241049,368312d9-b792-4035-8cd1-da0213e3a709,2024/11/25 8:27 PM,2024-11-25,2024-11-25 15:57:00 +0100,New Delhi,7557628,faisalfasaludeenfs,faisalfasaludeenfs,2024-11-27 03:11:32 +0100,2025-04-13 07:04:03 +0200,research,,https://www.inaturalist.org/observations/253241049,https://static.inaturalist.org/photos/453398621/medium.jpg,,"",,1,0,false,,"Pavumba, Kerala, India",9.1000156,76.5892774,3751,,,,3751,,open,false,,,Tricolored Munia,Lonchura malacca,Capuchino Tricolor de la India,Aves,979790
253255205,f8d09014-6ef9-4e4c-81b3-20bace96f358,2021/02/18 10:54 AM,2021-02-18,2021-02-18 06:24:00 +0100,New Delhi,4529439,nicole_koshy,Nicole,2024-11-27 06:25:15 +0100,2025-04-13 07:23:10 +0200,research,CC-BY-NC,https://www.inaturalist.org/observations/253255205,https://inaturalist-open-data.s3.amazonaws.com/photos/453429607/medium.jpg,,"",,1,0,false,,"Mira Road West, Mira Bhayandar, Maharashtra, India",19.2788777297,72.8522410555,208,,,,208,,open,false,,,Tricolored Munia,Lonchura malacca,Capuchino Tricolor de la India,Aves,979790
253271266,2c1d500e-d18e-4dea-acb8-318cdb99e87c,2024-10-18 17:15:09,2024-10-18,2024-10-18 13:45:09 +0200,New Delhi,8799180,sundarabarathy78,,2024-11-27 10:57:25 +0100,2025-04-13 07:40:57 +0200,research,CC-BY-NC,https://www.inaturalist.org/observations/253271266,https://inaturalist-open-data.s3.amazonaws.com/photos/453459673/medium.jpeg,,"",,1,0,false,2,"Courtallam, 627802, India",8.9163495411,77.2993969917,10,,,,10,,open,false,gps,gps,Tricolored Munia,Lonchura malacca,Capuchino Tricolor de la India,Aves,979790
253299167,3f294e71-bb24-41ce-b6b3-f1fa0aaf1cae,2024-11-17 12:14:36,2024-11-17,2024-11-17 07:44:36 +0100,New Delhi,4768302,barakat,Munshi Md. Abul Barakat,2024-11-27 17:17:18 +0100,2025-04-13 08:13:56 +0200,research,CC-BY-NC,https://www.inaturalist.org/observations/253299167,https://inaturalist-open-data.s3.amazonaws.com/photos/453516483/medium.jpeg,,"",,1,0,false,2,"Muchipukurpar ; P.O, Katwa, Bandra, West Bengal 713130, India",23.6467610083,88.1178821996,84,,,,84,,open,false,gps,gps,Tricolored Munia,Lonchura malacca,Capuchino Tricolor de la India,Aves,979790
253301469,e41f0a59-1b19-4944-b1e0-5299309b4032,2024-11-20 08:25:11,2024-11-20,2024-11-20 03:55:11 +0100,New Delhi,4734463,chandra_sekhar_,Chandra sekhar,2024-11-27 17:41:40 +0100,2025-04-13 08:17:40 +0200,research,CC-BY-NC,https://www.inaturalist.org/observations/253301469,https://inaturalist-open-data.s3.amazonaws.com/photos/453520607/medium.jpeg,,"",,1,0,false,2,"782Q+QWF RAMA CHERUVU, Andhra Pradesh 535260, India",18.2514971191,83.3407747373,693,,,,693,,open,false,gps,gps,Tricolored Munia,Lonchura malacca,Capuchino Tricolor de la India,Aves,979790
253311359,30264621-7b7d-49f1-938f-61efb97967a9,2024/11/22 4:38 PM,2024-11-22,2024-11-22 22:38:00 +0100,Bogota,1011171,davidlapins,David Lapins,2024-11-27 19:27:43 +0100,2025-04-13 08:28:07 +0200,research,,https://www.inaturalist.org/observations/253311359,https://static.inaturalist.org/photos/453538631/medium.jpeg,,"","",1,0,false,,"Ibagué, Ibague, Tolima, Colombia",4.444676,-75.242438,15816,,,,15816,,open,false,,,Tricolored Munia,Lonchura malacca,Capuchino Tricolor de la India,Aves,979790
253365719,8a743bf9-d4e2-4620-8580-5c692132bdaf,2024-11-27 07:25:02,2024-11-27,2024-11-27 02:55:02 +0100,New Delhi,4734463,chandra_sekhar_,Chandra sekhar,2024-11-28 05:12:25 +0100,2025-04-13 09:40:12 +0200,research,CC-BY-NC,https://www.inaturalist.org/observations/253365719,https://inaturalist-open-data.s3.amazonaws.com/photos/453647854/medium.jpeg,,"",,1,0,false,2,Amakam,18.0452527359,83.4313653409,665,,,,665,,open,false,gps,gps,Tricolored Munia,Lonchura malacca,Capuchino Tricolor de la India,Aves,979790
253395152,8c6fae33-6cc7-495a-b00b-833ff1e247ec,2018/08/25 8:04 AM,2018-08-25,2018-08-25 04:34:00 +0200,New Delhi,3866171,jithesh,Jithesh Pai,2024-11-28 13:39:55 +0100,2025-08-07 10:03:29 +0200,research,,https://www.inaturalist.org/observations/253395152,https://static.inaturalist.org/photos/453705140/medium.jpg,,"",,2,0,false,,"Anjanapura, Bengaluru, Karnataka, India",12.854938,77.5542866,1577,,,,1577,,open,false,,,Tricolored Munia,Lonchura malacca,Capuchino Tricolor de la India,Aves,979790
253609055,1f0ee852-da4f-4cdf-a8d8-a922be8d1887,2024-08-19 07:59:07,2024-08-19,2024-08-19 04:29:07 +0200,New Delhi,668311,afsarnayakkan,Afsar Nayakkan,2024-11-30 11:02:58 +0100,2025-04-13 15:00:54 +0200,research,CC-BY,https://www.inaturalist.org/observations/253609055,https://inaturalist-open-data.s3.amazonaws.com/photos/454135876/medium.jpeg,,"",,1,0,false,2,Azhikkal Beach,11.9412201092,75.2978176251,234,,,,234,,open,false,gps,gps,Tricolored Munia,Lonchura malacca,Capuchino Tricolor de la India,Aves,979790
253609157,ff5bc1b5-8d70-490f-a886-3934542e166e,2024-08-19 08:17:30,2024-08-19,2024-08-19 04:47:30 +0200,New Delhi,668311,afsarnayakkan,Afsar Nayakkan,2024-11-30 11:05:06 +0100,2025-04-13 15:00:58 +0200,research,CC-BY,https://www.inaturalist.org/observations/253609157,https://inaturalist-open-data.s3.amazonaws.com/photos/454136156/medium.jpeg,,"",,1,0,false,2,"W7RW+QP, Azhikode North, Kerala, India",11.9412201092,75.2978176251,234,,,,234,,open,false,gps,gps,Tricolored Munia,Lonchura malacca,Capuchino Tricolor de la India,Aves,979790
253984594,8bb69678-3f9a-4e40-bfa2-beb24e474a33,2024-09-03 08:08:35,2024-09-03,2024-09-03 04:38:35 +0200,New Delhi,668311,afsarnayakkan,Afsar Nayakkan,2024-12-03 10:27:29 +0100,2025-04-14 01:55:03 +0200,research,CC-BY,https://www.inaturalist.org/observations/253984594,https://inaturalist-open-data.s3.amazonaws.com/photos/454845324/medium.jpeg,,"",,1,0,false,2,"W9VM+VXG, Kattampally, Kerala 670562, India",11.9446843155,75.3849381208,1860,,,,1860,,open,false,gps,gps,Tricolored Munia,Lonchura malacca,Capuchino Tricolor de la India,Aves,979790
253985396,c3f03dce-b62b-41c9-8151-46c85d0e5a1a,2024/12/03 9:59 AM,2024-12-03,2024-12-03 05:29:00 +0100,New Delhi,6510235,jashsadiwala,Jash Sadiwala,2024-12-03 10:41:05 +0100,2025-06-30 14:10:44 +0200,research,CC-BY-NC,https://www.inaturalist.org/observations/253985396,https://inaturalist-open-data.s3.amazonaws.com/photos/454846070/medium.jpeg,,"",,2,0,false,,"Lunej, Gujarat, India",22.3484678361,72.5493618885,244,,,,244,,open,false,,,Tricolored Munia,Lonchura malacca,Capuchino Tricolor de la India,Aves,979790
254000304,ff35983a-9676-45bb-9465-22ed9bfe1f99,2024/10/31 7:16 PM,2024-10-31,2024-10-31 14:46:00 +0100,New Delhi,3143079,kolluruswaroop,kolluru swaroop,2024-12-03 15:03:52 +0100,2024-12-16 04:55:50 +0100,research,,https://www.inaturalist.org/observations/254000304,https://static.inaturalist.org/photos/454875471/medium.jpeg,,"","cattail,Typha",1,0,false,,"Visakhapatnam, Andhra Pradesh, India",17.7289114406,83.2264144434,196,,,,196,,open,false,,,Tricolored Munia,Lonchura malacca,Capuchino Tricolor de la India,Aves,979790
254069213,562ebf4a-4af5-43b3-8d71-eeb51858ae98,2024-12-04 08:49:39,2024-12-04,2024-12-04 04:19:39 +0100,New Delhi,8809253,priyabrata1,Priyabrata Podh,2024-12-04 04:33:04 +0100,2024-12-04 13:58:24 +0100,research,,https://www.inaturalist.org/observations/254069213,https://static.inaturalist.org/photos/455009278/medium.jpeg,,"",,1,0,false,2,"394W+G3H Chitkelbandha pokhari, Regedimal, Odisha 766100, India",20.0561504664,83.3960751817,566,,,,566,,open,false,gps,gps,Tricolored Munia,Lonchura malacca,Capuchino Tricolor de la India,Aves,979790
254148484,453dbcd8-f7b4-40e6-88f8-ccfe495d6f54,2024/11/15 9:09 AM,2024-11-15,2024-11-15 04:39:00 +0100,Sri Jayawardenepura,774262,scott_phares,,2024-12-04 23:14:25 +0100,2025-01-06 23:51:06 +0100,research,,https://www.inaturalist.org/observations/254148484,https://static.inaturalist.org/photos/455162592/medium.jpg,,"asia, continents, dambulla, sri lanka, water garden sigiriya hotel",,2,0,false,,"Dambulla, Sri Lanka",7.993894,80.745849,,,,,,,open,false,,,Tricolored Munia,Lonchura malacca,Capuchino Tricolor de la India,Aves,979790
254295563,de25d3b6-ec25-46b9-86ce-51a3cd47ac6d,2024/11/17 5:40 PM,2024-11-17,2024-11-17 13:10:00 +0100,New Delhi,3143079,kolluruswaroop,kolluru swaroop,2024-12-06 13:27:39 +0100,2025-04-14 08:51:30 +0200,research,,https://www.inaturalist.org/observations/254295563,https://static.inaturalist.org/photos/455461029/medium.jpeg,,"",,1,0,false,,"Visakhapatnam, Andhra Pradesh, India",17.7210530601,83.2175738822,31,,,,31,,open,false,,,Tricolored Munia,Lonchura malacca,Capuchino Tricolor de la India,Aves,979790
254402310,8801cfd3-58ba-472c-828f-e482b103df6b,2024-12-07 07:53:10,2024-12-07,2024-12-07 03:23:10 +0100,New Delhi,1092902,ruchethan,Chethan Rao,2024-12-07 15:31:52 +0100,2025-04-14 11:01:04 +0200,research,CC-BY-NC,https://www.inaturalist.org/observations/254402310,https://inaturalist-open-data.s3.amazonaws.com/photos/455675852/medium.jpeg,,"",,1,0,false,2,"252, Bengaluru, Karnataka 560083, India",12.7948158024,77.5916461274,224,,,,224,,open,false,gps,gps,Tricolored Munia,Lonchura malacca,Capuchino Tricolor de la India,Aves,979790
254419104,a73132a7-9531-4b23-a62d-2c92d8fcb074,2024/11/14 7:49 AM,2024-11-14,2024-11-14 03:19:00 +0100,New Delhi,63375,rkostecke,Rich Kostecke,2024-12-07 18:48:24 +0100,2025-04-14 11:25:36 +0200,research,CC-BY-NC,https://www.inaturalist.org/observations/254419104,https://inaturalist-open-data.s3.amazonaws.com/photos/455709227/medium.jpg,,"Estrildidae, India, Manjeera, Sangareddy, Telangana, munia",,1,0,false,,"Telangana, India",17.6416533333,78.0809016667,,,,,,,open,false,,,Tricolored Munia,Lonchura malacca,Capuchino Tricolor de la India,Aves,979790
254431942,7d090775-2f41-43d7-b99a-c6ac8cfbfaf6,2024/11/14 6:34 AM,2024-11-14,2024-11-14 02:04:00 +0100,New Delhi,63375,rkostecke,Rich Kostecke,2024-12-07 21:10:50 +0100,2025-04-14 11:47:30 +0200,research,CC-BY-NC,https://www.inaturalist.org/observations/254431942,https://inaturalist-open-data.s3.amazonaws.com/photos/455735374/medium.jpg,,"",,1,0,false,,"Telangana, India",17.640635,78.0734016667,,,,,,,open,false,,,Tricolored Munia,Lonchura malacca,Capuchino Tricolor de la India,Aves,979790
254600990,0777a77e-e8f0-426e-ba3a-79f01e0f8e8a,2024-12-08 18:43:53,2024-12-08,2024-12-08 14:13:53 +0100,New Delhi,7975628,yaship1,yaship yaship,2024-12-09 08:06:43 +0100,2025-04-14 16:25:24 +0200,research,,https://www.inaturalist.org/observations/254600990,https://static.inaturalist.org/photos/456071728/medium.jpeg,,"",,1,0,false,2,"Lathuvadi, Tamil Nadu 637002, India",11.2067993638,78.2347982749,871,,,,871,,open,false,gps,gps,Tricolored Munia,Lonchura malacca,Capuchino Tricolor de la India,Aves,979790
254620216,14dd0451-72b9-4845-b939-12fd8d25f48d,2024/12/08 10:19 AM,2024-12-08,2024-12-08 16:19:00 +0100,Bogota,684042,ricardo_sanchez,Ricardo Sánchez,2024-12-09 14:07:58 +0100,2025-04-14 17:30:00 +0200,research,CC-BY-NC,https://www.inaturalist.org/observations/254620216,https://inaturalist-open-data.s3.amazonaws.com/photos/456109101/medium.jpg,,"","",1,0,false,,"Bello, Antioquia, Colombia",6.3297921352,-75.5477103535,2,,,,2,,open,false,,,Capuchino Tricolor de la India,Lonchura malacca,Capuchino Tricolor de la India,Aves,979790
254645263,c73965db-f46c-49f6-8e8e-c19e70ed5c29,2024/10/25 3:57 PM,2024-10-25,2024-10-25 12:27:00 +0200,New Delhi,1036962,kurthennige,Kurt Hennige,2024-12-09 19:52:25 +0100,2025-04-14 18:57:21 +0200,research,,https://www.inaturalist.org/observations/254645263,https://inaturalist-open-data.s3.amazonaws.com/photos/456151944/medium.jpeg,,"",,1,0,false,,"Kirthua, Uttar Pradesh 205264, India",26.9916264219,78.9904650927,4,,,,4,,open,false,,,Tricolored Munia,Lonchura malacca,Capuchino Tricolor de la India,Aves,979790
254730847,d2315874-23f5-49fd-a76d-d423c05aa563,2024-09-28 08:49:22,2024-09-28,2024-09-28 05:19:22 +0200,New Delhi,668311,afsarnayakkan,Afsar Nayakkan,2024-12-10 17:52:03 +0100,2024-12-10 18:16:05 +0100,research,CC-BY,https://www.inaturalist.org/observations/254730847,https://inaturalist-open-data.s3.amazonaws.com/photos/456337650/medium.jpeg,,"",,1,0,false,2,Azhikkal Beach,11.9412201092,75.2978176251,234,,,,234,,open,false,gps,gps,Tricolored Munia,Lonchura malacca,Capuchino Tricolor de la India,Aves,979790
254730892,984682eb-6869-42c0-ada4-5728550b9b28,2024-09-28 08:49:29,2024-09-28,2024-09-28 05:19:29 +0200,New Delhi,668311,afsarnayakkan,Afsar Nayakkan,2024-12-10 17:52:38 +0100,2025-04-14 23:05:12 +0200,research,CC-BY,https://www.inaturalist.org/observations/254730892,https://inaturalist-open-data.s3.amazonaws.com/photos/456337722/medium.jpeg,,"",,1,0,false,2,Azhikkal Beach,11.9412201092,75.2978176251,234,,,,234,,open,false,gps,gps,Tricolored Munia,Lonchura malacca,Capuchino Tricolor de la India,Aves,979790
254738283,524e256d-4186-4cf6-bacf-b8fde2bfcfd5,2024-09-28 08:49:49,2024-09-28,2024-09-28 05:19:49 +0200,New Delhi,668311,afsarnayakkan,Afsar Nayakkan,2024-12-10 19:33:00 +0100,2025-04-14 23:21:16 +0200,research,CC-BY,https://www.inaturalist.org/observations/254738283,https://inaturalist-open-data.s3.amazonaws.com/photos/456352727/medium.jpeg,,"",,1,0,false,2,Azhikkal Beach,11.9412201092,75.2978176251,234,,,,234,,open,false,gps,gps,Tricolored Munia,Lonchura malacca,Capuchino Tricolor de la India,Aves,979790
254808486,7cef3210-2331-4284-b9d2-ae5b80428a76,2024-11-21 09:34:20,2024-11-21,2024-11-21 05:04:20 +0100,New Delhi,2852333,elavarasan_mm,Elavarasan M,2024-12-11 14:36:00 +0100,2025-04-15 01:27:46 +0200,research,CC-BY-NC,https://www.inaturalist.org/observations/254808486,https://inaturalist-open-data.s3.amazonaws.com/photos/456495419/medium.jpeg,,"",,1,0,false,2,Chinna Thirupathi,11.6838451431,78.16556409,2127,,,,2127,,open,false,gps,gps,Tricolored Munia,Lonchura malacca,Capuchino Tricolor de la India,Aves,979790
254910083,0d3653e0-9cfc-4772-8346-5287e057547c,2023/11/13 2:33 PM,2023-11-13,2023-11-13 10:03:00 +0100,New Delhi,13803,avishkar,Avishkar Munje,2024-12-12 17:48:47 +0100,2025-04-15 04:08:22 +0200,research,CC-BY-NC,https://www.inaturalist.org/observations/254910083,https://inaturalist-open-data.s3.amazonaws.com/photos/456701133/medium.jpeg,,"","",1,0,false,,"Supe, Maharashtra 412204, India",18.3371204086,74.3793096357,61,,,,61,,open,false,,,Tricolored Munia,Lonchura malacca,Capuchino Tricolor de la India,Aves,979790
254926244,4d34a06a-c43e-40bf-8941-9e0d3b2f26fc,2015/11/04,2015-11-04,,Sri Jayawardenepura,1397588,jswalwell,Jim Swalwell,2024-12-12 21:45:55 +0100,2024-12-17 21:14:54 +0100,research,CC-BY-NC,https://www.inaturalist.org/observations/254926244,https://inaturalist-open-data.s3.amazonaws.com/photos/456732446/medium.jpg,,"",,1,0,false,,"Hambantota, Sri Lanka",6.19725109,81.2071405515,31,,,,31,,open,false,,,Tricolored Munia,Lonchura malacca,Capuchino Tricolor de la India,Aves,979790
255032220,3553f309-da3b-4d2d-9bef-7f1237ef231c,2024/04/20 6:22 AM,2024-04-20,2024-04-20 13:22:00 +0200,Bogota,5223501,jairocad,Jairo Cadavid,2024-12-14 02:24:01 +0100,2024-12-15 16:55:26 +0100,research,,https://www.inaturalist.org/observations/255032220,https://static.inaturalist.org/photos/456946929/medium.jpg,,"228_ESTRILDIDAE: Waxbills and Allies, 41_PASSERIFORMES, Lonchura malacca",Tricolored Munia,1,0,false,,"Barbosa, Antioquia, Colombia",6.4710909217,-75.3034167883,,,,,,,open,false,,,Capuchino Tricolor de la India,Lonchura malacca,Capuchino Tricolor de la India,Aves,979790
255070499,c45013c5-ae29-4e0d-ad37-980a9234a584,2024-12-05 08:41:38,2024-12-05,2024-12-05 05:41:38 +0100,Asia/Dubai,1047598,sammyboy2059,Sameer Shaik,2024-12-14 13:53:31 +0100,2025-04-15 08:11:31 +0200,research,CC-BY,https://www.inaturalist.org/observations/255070499,https://inaturalist-open-data.s3.amazonaws.com/photos/457024272/medium.jpeg,,"",,1,0,false,2,Al Zahiyah - Abu Dhabi - United Arab Emirates,24.5053412161,54.3721861392,27,,,,27,,open,false,gps,gps,Tricolored Munia,Lonchura malacca,Capuchino Tricolor de la India,Aves,979790
255158787,ae2b2be8-6b0b-461d-ac92-0c7b5f8bc6aa,2024/12/15 1:46 PM,2024-12-15,2024-12-15 09:16:00 +0100,New Delhi,3143079,kolluruswaroop,kolluru swaroop,2024-12-15 09:34:42 +0100,2024-12-24 04:54:57 +0100,research,,https://www.inaturalist.org/observations/255158787,https://static.inaturalist.org/photos/457202774/medium.jpeg,,"",,1,0,false,,"Kambala cheruvu, Andhra Pradesh 533262",16.7870906,82.0512698,185,,,,185,,open,false,,,Tricolored Munia,Lonchura malacca,Capuchino Tricolor de la India,Aves,979790
255319463,65a8a569-0787-4a95-9065-62e1ce3593f8,2024/12/16 6:00 AM,2024-12-16,2024-12-16 01:30:00 +0100,New Delhi,7557628,faisalfasaludeenfs,faisalfasaludeenfs,2024-12-16 20:57:16 +0100,2025-04-16 05:56:35 +0200,research,,https://www.inaturalist.org/observations/255319463,https://static.inaturalist.org/photos/457532419/medium.jpg,,"",,1,0,false,,"Pavumba, Kerala, India",9.1000156,76.5892774,3751,,,,3751,,open,false,,,Tricolored Munia,Lonchura malacca,Capuchino Tricolor de la India,Aves,979790
255357609,3e4821e2-a2ff-4e03-88c5-f491b6daad52,2024-12-17 08:52:45,2024-12-17,2024-12-17 04:22:45 +0100,New Delhi,6815041,raja_sekhar,Raja Sekhar Chimirala,2024-12-17 04:25:17 +0100,2025-01-12 20:40:50 +0100,research,CC-BY,https://www.inaturalist.org/observations/255357609,https://inaturalist-open-data.s3.amazonaws.com/photos/457607031/medium.jpeg,,"",,1,0,false,2,"Ardhaveedu, Andhra Pradesh 523335, India",15.68001586,78.96989633,3,,,,3,,open,false,,,Tricolored Munia,Lonchura malacca,Capuchino Tricolor de la India,Aves,979790
255766790,492a6eaf-e309-41a0-bf48-3c5445d0df19,2024/02/02 5:54 PM,2024-02-02,2024-02-02 13:24:00 +0100,Sri Jayawardenepura,4099948,jo815,,2024-12-21 14:36:38 +0100,2025-04-20 19:26:07 +0200,research,CC-BY-NC,https://www.inaturalist.org/observations/255766790,https://inaturalist-open-data.s3.amazonaws.com/photos/458427358/medium.jpeg,,"",,1,0,false,,"Polonnaruwa, Sri Lanka",7.7422916667,80.9294138889,1,,,,1,,open,false,,,Tricolored Munia,Lonchura malacca,Capuchino Tricolor de la India,Aves,979790
255774866,d05dc49d-b704-4221-9a74-d6446fb48884,2024-12-17 08:00:00,2024-12-17,2024-12-17 03:30:00 +0100,New Delhi,4698128,samarth_nk04,Samarth Kedilaya,2024-12-21 16:22:50 +0100,2025-04-16 06:59:58 +0200,research,CC-BY-NC,https://www.inaturalist.org/observations/255774866,https://inaturalist-open-data.s3.amazonaws.com/photos/458443673/medium.jpeg,,"",,1,0,false,2,"PHWW+HH, Panguru, Andhra Pradesh 517641, India",13.751661369,79.6006666124,207,,,,207,,open,false,gps,gps,Tricolored Munia,Lonchura malacca,Capuchino Tricolor de la India,Aves,979790
256085460,596a28fa-8966-4d42-bfad-3d3b84ab2bdf,2024-10-06 13:12:07,2024-10-06,2024-10-06 09:42:07 +0200,New Delhi,668311,afsarnayakkan,Afsar Nayakkan,2024-12-24 15:59:34 +0100,2025-04-16 15:36:03 +0200,research,CC-BY,https://www.inaturalist.org/observations/256085460,https://inaturalist-open-data.s3.amazonaws.com/photos/459059083/medium.jpeg,,"",,1,0,false,2,Ezhome,12.0400924369,75.2974850312,5500,,,,5500,,open,false,gps,gps,Tricolored Munia,Lonchura malacca,Capuchino Tricolor de la India,Aves,979790
256156293,0b65cb3d-46af-4df5-8089-d1db0497049d,2024-09-28 09:06:10,2024-09-28,2024-09-28 05:36:10 +0200,New Delhi,668311,afsarnayakkan,Afsar Nayakkan,2024-12-25 10:43:57 +0100,2025-07-25 08:10:43 +0200,research,CC-BY,https://www.inaturalist.org/observations/256156293,https://inaturalist-open-data.s3.amazonaws.com/photos/459207515/medium.jpeg,,"",,1,0,false,2,Azhikkal Beach,11.9412201092,75.2978176251,234,,,,234,,open,false,gps,gps,Tricolored Munia,Lonchura malacca,Capuchino Tricolor de la India,Aves,979790
256162245,8d4b0336-9780-4cd4-a01f-52e389bcb46e,2024-10-13 08:05:44,2024-10-13,2024-10-13 04:35:44 +0200,New Delhi,668311,afsarnayakkan,Afsar Nayakkan,2024-12-25 12:57:50 +0100,2025-04-16 19:40:00 +0200,research,CC-BY,https://www.inaturalist.org/observations/256162245,https://inaturalist-open-data.s3.amazonaws.com/photos/459219803/medium.jpeg,,"",,1,0,false,2,Ezhome,12.0400924369,75.2974850312,5500,,,,5500,,open,false,gps,gps,Tricolored Munia,Lonchura malacca,Capuchino Tricolor de la India,Aves,979790
256207950,0d9eeaa4-dc5e-406f-bc05-dc41e40fff48,2024/10/01 6:34 AM,2024-10-01,2024-10-01 14:34:00 +0200,America/Merida,4151959,milohongo76,Ermilo López-Cobá,2024-12-25 22:57:42 +0100,2025-04-16 21:56:58 +0200,research,CC-BY-NC,https://www.inaturalist.org/observations/256207950,https://inaturalist-open-data.s3.amazonaws.com/photos/459305603/medium.jpeg,,"","",1,0,false,,"Tizimín, Yuc., México Tiz-3",21.4572563363,-87.9566330221,78,,,,78,,open,false,,,Capuchino Tricolor de la India,Lonchura malacca,Capuchino Tricolor de la India,Aves,979790
256355000,4709e06d-2fee-4363-a6fd-58e2c47eb1ad,2024-10-14 08:04:56,2024-10-14,2024-10-14 04:34:56 +0200,New Delhi,668311,afsarnayakkan,Afsar Nayakkan,2024-12-27 08:33:41 +0100,2024-12-27 08:43:36 +0100,research,CC-BY,https://www.inaturalist.org/observations/256355000,https://inaturalist-open-data.s3.amazonaws.com/photos/459612128/medium.jpeg,,"",,1,0,false,2,Kattampally,11.9446843155,75.3849381208,1860,,,,1860,,open,false,gps,gps,Tricolored Munia,Lonchura malacca,Capuchino Tricolor de la India,Aves,979790
256364431,bf06af4a-2208-4b5d-a975-854c9294bd83,2024-10-18 07:49:03,2024-10-18,2024-10-18 04:19:03 +0200,New Delhi,668311,afsarnayakkan,Afsar Nayakkan,2024-12-27 11:33:05 +0100,2025-04-17 02:52:39 +0200,research,CC-BY,https://www.inaturalist.org/observations/256364431,https://inaturalist-open-data.s3.amazonaws.com/photos/459630721/medium.jpeg,,"",,1,0,false,2,Kattampally,11.9446843155,75.3849381208,1860,,,,1860,,open,false,gps,gps,Tricolored Munia,Lonchura malacca,Capuchino Tricolor de la India,Aves,979790
256467894,e84ff568-abe8-420f-a87a-2c34acfde266,2024-12-27 08:42:11,2024-12-27,2024-12-27 04:12:11 +0100,New Delhi,2408032,teratornis,Garv Srivastava,2024-12-28 06:15:02 +0100,2025-04-17 05:34:42 +0200,research,CC-BY-NC,https://www.inaturalist.org/observations/256467894,https://inaturalist-open-data.s3.amazonaws.com/photos/459842141/medium.jpeg,,"",,1,0,false,2,"Goa, IN",15.4315910682,73.9488892277,34266,,,,34266,obscured,open,true,gps,gps,Tricolored Munia,Lonchura malacca,Capuchino Tricolor de la India,Aves,979790
256484214,7565beb2-afa9-47f9-8fbe-92656eb0d229,2024/11/02 8:12 AM,2024-11-02,2024-11-02 03:42:00 +0100,New Delhi,6765783,kumarkv,,2024-12-28 10:56:41 +0100,2025-04-17 05:57:10 +0200,research,CC-BY,https://www.inaturalist.org/observations/256484214,https://inaturalist-open-data.s3.amazonaws.com/photos/459875022/medium.jpeg,,"","",1,0,false,,"Bangalore Division, Karnataka, India",13.1911187861,77.5052211924,1100,,,,1100,,open,false,,,Tricolored Munia,Lonchura malacca,Capuchino Tricolor de la India,Aves,979790
256620025,8126484f-ecdf-4e84-afae-6bbe59df2a7e,2019/12/06 11:03,2019-12-06,2019-12-06 06:33:00 +0100,Sri Jayawardenepura,7911759,vadimsinuhin59,Вадим Синюхин,2024-12-29 13:54:37 +0100,2024-12-29 16:14:57 +0100,research,CC-BY-NC,https://www.inaturalist.org/observations/256620025,https://inaturalist-open-data.s3.amazonaws.com/photos/460152845/medium.jpg,,"",,1,0,false,,"Хамбантота, Шри-Ланка",6.3245331537,81.3160573883,7813,,,,7813,,open,false,,,Черноголовая муния,Lonchura malacca,Capuchino Tricolor de la India,Aves,979790
257118203,99c6a6c3-7cd4-4af1-9abd-a66a75bfdafb,2024/12/31 8:55 AM,2024-12-31,2024-12-31 04:25:00 +0100,New Delhi,3296752,pravinhk,Pravin Kawale,2025-01-02 13:15:59 +0100,2025-04-11 00:10:54 +0200,research,CC-BY-NC,https://www.inaturalist.org/observations/257118203,https://inaturalist-open-data.s3.amazonaws.com/photos/461170420/medium.jpg,,"",,1,0,false,,"Konkan Division, Maharashtra, India",18.7924828521,72.9200094746,492,,,,492,,open,false,,,Tricolored Munia,Lonchura malacca,Capuchino Tricolor de la India,Aves,979790
257424135,4135e72b-d695-443c-903e-504337b639b1,2025-01-04 09:02:00+05:30,2025-01-04,2025-01-04 04:32:00 +0100,New Delhi,2151873,gopisundar,K S Gopi Sundar,2025-01-05 03:32:49 +0100,2025-04-11 07:22:23 +0200,research,CC-BY-NC,https://www.inaturalist.org/observations/257424135,https://inaturalist-open-data.s3.amazonaws.com/photos/461784796/medium.jpg,,"","",1,0,false,3,"Belgaum, IN-KA, IN",16.318804518,74.6596748639,4431,,,,30826,obscured,open,true,,,Tricolored Munia,Lonchura malacca,Capuchino Tricolor de la India,Aves,979790
257529645,dc0205ea-dc35-4fd7-9932-da22bb583ed5,2023/03/19 10:24 AM,2023-03-19,2023-03-19 15:24:00 +0100,Eastern Time (US & Canada),5249568,ampatent,Atlee Hargis,2025-01-06 01:13:56 +0100,2025-01-12 19:47:17 +0100,research,CC-BY-NC,https://www.inaturalist.org/observations/257529645,https://inaturalist-open-data.s3.amazonaws.com/photos/461987620/medium.jpg,,"",,1,0,false,,"Belle Glade, FL, USA",26.7106399646,-80.7226282985,8,,,,8,,open,false,,,Tricolored Munia,Lonchura malacca,Capuchino Tricolor de la India,Aves,979790
257565800,d24ebd21-88d4-4c68-96bc-1369ef78b2be,2024-10-03 08:50:00,2024-10-03,2024-10-03 05:20:00 +0200,New Delhi,668311,afsarnayakkan,Afsar Nayakkan,2025-01-06 08:37:43 +0100,2025-04-11 10:29:20 +0200,research,CC-BY,https://www.inaturalist.org/observations/257565800,https://inaturalist-open-data.s3.amazonaws.com/photos/462075027/medium.jpeg,,"",,1,0,false,2,"W7RW+QP, Azhikode North, Kerala, India",11.9412201092,75.2978176251,234,,,,234,,open,false,gps,gps,Tricolored Munia,Lonchura malacca,Capuchino Tricolor de la India,Aves,979790
257780028,547b9ab6-0dfa-408d-ac19-ac3e96a086a5,2024-11-01,2024-11-01,,New Delhi,668311,afsarnayakkan,Afsar Nayakkan,2025-01-08 09:02:54 +0100,2025-04-11 14:48:46 +0200,research,CC-BY,https://www.inaturalist.org/observations/257780028,https://inaturalist-open-data.s3.amazonaws.com/photos/462480988/medium.jpeg,,"",,1,0,false,2,"W9VM+VXG, Kattampally, Kerala 670562, India",11.9446839875,75.3849381208,1862,,,,1862,,open,false,gps,gps,Tricolored Munia,Lonchura malacca,Capuchino Tricolor de la India,Aves,979790
257827888,53952c4e-1d2f-4b85-a810-970740fee318,2025/01/08 8:26 AM,2025-01-08,2025-01-08 03:56:00 +0100,New Delhi,6604460,anuragmishra1009,Anurag Mishra,2025-01-08 19:01:53 +0100,2025-01-09 10:42:35 +0100,research,,https://www.inaturalist.org/observations/257827888,https://static.inaturalist.org/photos/462545615/medium.jpeg,,"",,2,0,false,,"Southern Division, Odisha, India",20.2770278454,83.3380677389,2,,,,2,,open,false,,,Tricolored Munia,Lonchura malacca,Capuchino Tricolor de la India,Aves,979790
257932350,cabb1764-f9f6-4c05-ada6-c80f06bcb4a9,2024/10/12 2:12 PM,2024-10-12,2024-10-12 10:42:00 +0200,New Delhi,6250688,sharadavakil,,2025-01-09 17:24:17 +0100,2025-01-12 20:40:59 +0100,research,CC-BY-NC,https://www.inaturalist.org/observations/257932350,https://inaturalist-open-data.s3.amazonaws.com/photos/462700828/medium.jpeg,,"",,1,0,false,,"Hampi, Karnataka 583239, India",15.3353792842,76.4600731332,61,,,,61,,open,false,,,Tricolored Munia,Lonchura malacca,Capuchino Tricolor de la India,Aves,979790
258149044,d4ca217d-ca7e-458c-858a-20e648094aed,2024/10/13 8:57 AM,2024-10-13,2024-10-13 05:27:00 +0200,New Delhi,7489689,vishesh_p_v,Vishesh P V,2025-01-11 17:39:08 +0100,2025-04-12 00:09:52 +0200,research,CC-BY-NC,https://www.inaturalist.org/observations/258149044,https://inaturalist-open-data.s3.amazonaws.com/photos/463114686/medium.jpeg,,"","",1,0,false,,"Bangalore Division, Karnataka, India",13.4138945032,77.6071746846,20,,,,20,,open,false,,,Tricolored Munia,Lonchura malacca,Capuchino Tricolor de la India,Aves,979790
258227586,42922540-5f20-49d5-bf71-9ad1ce519caa,2024-11-04 07:28:36,2024-11-04,2024-11-04 02:58:36 +0100,New Delhi,668311,afsarnayakkan,Afsar Nayakkan,2025-01-12 10:03:10 +0100,2025-04-12 02:12:29 +0200,research,CC-BY,https://www.inaturalist.org/observations/258227586,https://inaturalist-open-data.s3.amazonaws.com/photos/463281526/medium.jpeg,,"",,1,0,false,2,Kattampally,11.9446843155,75.3849381208,1860,,,,1860,,open,false,gps,gps,Tricolored Munia,Lonchura malacca,Capuchino Tricolor de la India,Aves,979790
258233985,718b342e-7e11-46a8-af09-092f9083a61c,2025-01-12 09:43:51,2025-01-12,2025-01-12 05:13:51 +0100,New Delhi,1433912,avi_chat,"",2025-01-12 12:00:54 +0100,2025-01-13 13:42:50 +0100,research,CC-BY-NC,https://www.inaturalist.org/observations/258233985,https://inaturalist-open-data.s3.amazonaws.com/photos/463294799/medium.jpeg,,"",,1,0,false,2,"Rajegaon, Maharashtra 413105, India",18.278667355,74.7594399378,186,,,,186,,open,false,gps,gps,Tricolored Munia,Lonchura malacca,Capuchino Tricolor de la India,Aves,979790
258277097,fa46cfa5-844f-425b-a222-457ffaabdef6,2024-11-05 08:32:25,2024-11-05,2024-11-05 04:02:25 +0100,New Delhi,668311,afsarnayakkan,Afsar Nayakkan,2025-01-12 17:49:21 +0100,2025-04-12 03:05:12 +0200,research,CC-BY,https://www.inaturalist.org/observations/258277097,https://inaturalist-open-data.s3.amazonaws.com/photos/463351464/medium.jpeg,,"",,1,0,false,2,Ezhome,12.0400924369,75.2974850312,5500,,,,5500,,open,false,gps,gps,Tricolored Munia,Lonchura malacca,Capuchino Tricolor de la India,Aves,979790
258537903,f66c7907-a4e1-4141-999f-b84eefdd092f,2024/11/23 7:12 AM,2024-11-23,2024-11-23 02:42:00 +0100,New Delhi,5529522,kunikimu,Ayaan S,2025-01-15 07:56:22 +0100,2025-04-12 08:55:46 +0200,research,CC-BY-NC-ND,https://www.inaturalist.org/observations/258537903,https://inaturalist-open-data.s3.amazonaws.com/photos/463886046/medium.jpg,,"",,1,0,false,,"Byatarayana Doddi, Karnataka 560083, India",12.8158468,77.5515527,202,,,,202,,open,false,,,Tricolored Munia,Lonchura malacca,Capuchino Tricolor de la India,Aves,979790
258540493,de9ef0b9-0f65-4bc7-a60a-814652d10237,2024/09/01 11:05 AM,2024-09-01,2024-09-01 07:35:00 +0200,New Delhi,5529522,kunikimu,Ayaan S,2025-01-15 08:47:14 +0100,2025-01-15 16:46:03 +0100,research,CC-BY-NC-ND,https://www.inaturalist.org/observations/258540493,https://inaturalist-open-data.s3.amazonaws.com/photos/463891715/medium.jpg,,"","",1,0,false,,"Byatarayana Doddi, Karnataka 560083, India",12.8158468,77.5515527,202,,,,202,,open,false,,,Tricolored Munia,Lonchura malacca,Capuchino Tricolor de la India,Aves,979790
258571036,76b55a61-9eb4-4afb-89bb-80bd9d742bb4,2022/08/24 8:08 AM,2022-08-24,2022-08-24 04:38:00 +0200,New Delhi,3861946,pandiantensingh,,2025-01-15 17:25:17 +0100,2025-02-03 21:53:53 +0100,research,CC-BY-NC,https://www.inaturalist.org/observations/258571036,https://inaturalist-open-data.s3.amazonaws.com/photos/463952274/medium.jpeg,,"","",1,0,false,,"Kannankottai , Tamil Nadu 601202, India",13.382723668,79.9826182374,15,,,,15,,open,false,,,Tricolored Munia,Lonchura malacca,Capuchino Tricolor de la India,Aves,979790
258837731,8e54fcc3-0c64-4754-aec1-2d5ba13ef037,2012-01-01 05:36:18,2012-01-01,2012-01-01 01:06:18 +0100,New Delhi,3112805,satya_sidharth,Satya Sidharth Das,2025-01-18 15:45:51 +0100,2025-04-12 14:57:47 +0200,research,,https://www.inaturalist.org/observations/258837731,https://static.inaturalist.org/photos/464498919/medium.jpeg,,"",,1,0,false,2,"Cuttack, IN-OR, IN",20.3557571254,85.5669264123,18062,,,,18062,,open,false,gps,gps,Tricolored Munia,Lonchura malacca,Capuchino Tricolor de la India,Aves,979790
258919047,808b8341-8ca5-4edd-8e6f-596ba6e3e78b,2025/01/19 9:40 AM,2025-01-19,2025-01-19 05:10:00 +0100,New Delhi,6604460,anuragmishra1009,Anurag Mishra,2025-01-19 08:00:12 +0100,2025-04-12 17:08:48 +0200,research,,https://www.inaturalist.org/observations/258919047,https://static.inaturalist.org/photos/464660670/medium.jpeg,,"",,1,0,false,,"Southern Division, Odisha, India",19.8443306546,83.013220969,15,,,,15,,open,false,,,Tricolored Munia,Lonchura malacca,Capuchino Tricolor de la India,Aves,979790
259154912,36e9a429-d764-4ff8-a968-817c0e7962de,2025/01/19 12:35 PM,2025-01-19,2025-01-19 08:05:00 +0100,New Delhi,4749129,vasensuli,,2025-01-21 14:21:11 +0100,2025-04-12 23:47:07 +0200,research,CC-BY-NC,https://www.inaturalist.org/observations/259154912,https://inaturalist-open-data.s3.amazonaws.com/photos/465143822/medium.jpeg,,"","",1,0,false,,"periyeripatti lake near amarkunthi omalur union Tamil Nadu, India",11.7366724627,77.9846346595,110,,,,110,,open,false,,,Tricolored Munia,Lonchura malacca,Capuchino Tricolor de la India,Aves,979790
259164494,f497735c-89a5-4ea6-8bbf-f575380c38d7,2025/01/17 4:07 PM,2025-01-17,2025-01-17 11:37:00 +0100,New Delhi,4734463,chandra_sekhar_,Chandra sekhar,2025-01-21 17:01:29 +0100,2025-04-13 00:01:56 +0200,research,CC-BY-NC,https://www.inaturalist.org/observations/259164494,https://inaturalist-open-data.s3.amazonaws.com/photos/465163912/medium.jpeg,,"",,1,0,false,,"Pinatadivada, Andhra Pradesh, India",18.063898684,83.4493663809,122,,,,122,,open,false,,,Tricolored Munia,Lonchura malacca,Capuchino Tricolor de la India,Aves,979790
259168308,3be1ad6f-e3fa-4bdf-862d-f7f2296c0ad8,2025/01/19 11:38 AM,2025-01-19,2025-01-19 17:38:00 +0100,Bogota,684042,ricardo_sanchez,Ricardo Sánchez,2025-01-21 17:50:29 +0100,2025-04-13 00:07:30 +0200,research,CC-BY-NC,https://www.inaturalist.org/observations/259168308,https://inaturalist-open-data.s3.amazonaws.com/photos/465168627/medium.jpg,,"",,1,0,false,,"Bello, Antioquia, Colombia",6.3288631686,-75.5471150479,4,,,,4,,open,false,,,Capuchino Tricolor de la India,Lonchura malacca,Capuchino Tricolor de la India,Aves,979790
259227255,7e564b73-c338-494e-82a2-c167aeb01466,2024-12-24 16:41:14,2024-12-24,2024-12-24 23:41:14 +0100,America/Tegucigalpa,5335185,alejandro1012,Alejandro Donaire,2025-01-22 08:51:32 +0100,2025-01-23 03:34:40 +0100,research,CC-BY-NC,https://www.inaturalist.org/observations/259227255,https://inaturalist-open-data.s3.amazonaws.com/photos/465292253/medium.jpeg,,"",,1,0,false,2,"F2CJ+993, 21103 San Pedro Sula, Cortés, Honduras",15.4704583333,-87.9695722222,,,,,,,open,false,,,Capuchino Tricolor de la India,Lonchura malacca,Capuchino Tricolor de la India,Aves,979790
259251447,fb7c0056-3ed2-486e-9ccc-52caa65f89f2,2025-01-08,2025-01-08,,New Delhi,3112805,satya_sidharth,Satya Sidharth Das,2025-01-22 16:32:34 +0100,2025-04-13 02:00:09 +0200,research,,https://www.inaturalist.org/observations/259251447,https://static.inaturalist.org/photos/465341211/medium.jpeg,,"",,1,0,false,2,"Pakharakhal, Odisha 754008, India",20.3597736896,85.5634660274,9175,,,,9175,,open,false,gps,gps,Tricolored Munia,Lonchura malacca,Capuchino Tricolor de la India,Aves,979790
259252944,869b1b8b-42d2-4c37-a0c8-4f22bef3263b,2025-01-09,2025-01-09,,New Delhi,3112805,satya_sidharth,Satya Sidharth Das,2025-01-22 16:54:52 +0100,2025-01-23 18:54:35 +0100,research,,https://www.inaturalist.org/observations/259252944,https://static.inaturalist.org/photos/465344089/medium.jpeg,,"",,1,0,false,2,"Chandaka, Odisha 751024, India",20.350108675,85.5718486011,42826,,,,42826,,open,false,gps,gps,Tricolored Munia,Lonchura malacca,Capuchino Tricolor de la India,Aves,979790
259338535,b96bdb58-a3f5-4718-b981-e3ed1d84dd10,2024/12/06 4:48 PM,2024-12-06,2024-12-06 21:48:00 +0100,America/Port_of_Spain,713910,drjayf,Jerome Foster,2025-01-23 15:08:50 +0100,2025-04-13 03:50:03 +0200,research,CC-BY-NC-ND,https://www.inaturalist.org/observations/259338535,https://inaturalist-open-data.s3.amazonaws.com/photos/465517002/medium.jpg,,"animal, bird, Caribbean, nature, Nikon D7500, Trinidad and Tobago, wildlife, Tacarigua, Orange Grove, Tricolored munia, seeds",,1,0,false,,"Orange Grove Farmlands, Tacarigua, Trinidad and Tobago",10.6266745378,-61.3750431974,435,,,,435,,open,false,,,Tricolored Munia,Lonchura malacca,Capuchino Tricolor de la India,Aves,979790
260132931,0ff1d675-446f-4ab9-9818-546bc26ca9e3,2023/10/03 13:54,2023-10-03,2023-10-03 10:24:00 +0200,Sri Jayawardenepura,8887507,geoffrey-delahaye,,2025-01-31 08:45:44 +0100,2025-04-13 23:35:09 +0200,research,CC-BY-NC,https://www.inaturalist.org/observations/260132931,https://inaturalist-open-data.s3.amazonaws.com/photos/467097575/medium.jpeg,,"",,1,0,false,,"Kurundankulama, Sri Lanka",8.3585239828,80.4489224607,659,,,,659,,open,false,,,Capucin à dos marron,Lonchura malacca,Capuchino Tricolor de la India,Aves,979790
260153456,29eec151-d080-4a0a-b28a-45d9351024dd,2025/01/26 6:59 AM,2025-01-26,2025-01-26 02:29:00 +0100,Sri Jayawardenepura,8037290,prabath23,Prabath Gunansekara,2025-01-31 14:52:17 +0100,2025-04-14 00:06:23 +0200,research,CC-BY-NC,https://www.inaturalist.org/observations/260153456,https://inaturalist-open-data.s3.amazonaws.com/photos/467139559/medium.jpg,,"",,1,0,false,,"Horton Plains National Park, Sri Lanka",6.809446,80.8023333,4914,,,,4914,,open,false,,,Tricolored Munia,Lonchura malacca,Capuchino Tricolor de la India,Aves,979790
260153457,bc7841c0-1e77-4f23-b3ae-6945cacd8e56,2025/01/26 7:15 AM,2025-01-26,2025-01-26 02:45:00 +0100,Sri Jayawardenepura,8037290,prabath23,Prabath Gunansekara,2025-01-31 14:52:17 +0100,2025-02-01 12:46:43 +0100,research,CC-BY-NC,https://www.inaturalist.org/observations/260153457,https://inaturalist-open-data.s3.amazonaws.com/photos/467139546/medium.jpg,,"",,1,0,false,,"Horton Plains National Park, Sri Lanka",6.809446,80.8023333,4914,,,,4914,,open,false,,,Tricolored Munia,Lonchura malacca,Capuchino Tricolor de la India,Aves,979790
260176246,255e89f2-684b-4d3d-92b0-c3c963c77cfc,2023/12/02 12:38 PM,2023-12-02,2023-12-02 08:08:00 +0100,Sri Jayawardenepura,8037290,prabath23,Prabath Gunansekara,2025-01-31 19:22:53 +0100,2025-02-06 02:41:40 +0100,research,CC-BY-NC,https://www.inaturalist.org/observations/260176246,https://inaturalist-open-data.s3.amazonaws.com/photos/467182639/medium.jpg,,"",,1,0,false,,"Horton Plains National Park, Sri Lanka",6.809446,80.8023333,4914,,,,4914,,open,false,,,Tricolored Munia,Lonchura malacca,Capuchino Tricolor de la India,Aves,979790
260405111,7fd863b1-40c1-43b9-b11f-bca6d9450beb,2025-02-02 11:30:43,2025-02-02,2025-02-02 07:00:43 +0100,New Delhi,7516464,beraantarip,Antarip,2025-02-02 18:54:55 +0100,2025-10-12 10:09:01 +0200,research,CC-BY-NC,https://www.inaturalist.org/observations/260405111,https://inaturalist-open-data.s3.amazonaws.com/photos/467641750/medium.jpeg,,"",,1,0,false,2,"QJ7H+RM4, Paikbar, West Bengal 721423, India",21.766961305,87.6282402501,86,,,,86,,open,false,gps,gps,Tricolored Munia,Lonchura malacca,Capuchino Tricolor de la India,Aves,979790
260503339,a1bc1618-d62a-4872-8c43-b5017a40deac,2025/01/05 6:58 AM,2025-01-05,2025-01-05 02:28:00 +0100,New Delhi,3792546,kishorenath,kishore T,2025-02-03 16:12:41 +0100,2025-04-14 08:35:28 +0200,research,CC-BY-NC,https://www.inaturalist.org/observations/260503339,https://inaturalist-open-data.s3.amazonaws.com/photos/467835505/medium.jpeg,,"",,1,0,false,,"Andhra Pradesh, India",16.4117594079,80.6926542828,592,,,,592,,open,false,,,Tricolored Munia,Lonchura malacca,Capuchino Tricolor de la India,Aves,979790
260756521,6a62910c-0f94-4755-84b8-051c6f845255,2025/01/13 9:26 AM,2025-01-13,2025-01-13 04:56:00 +0100,Sri Jayawardenepura,979636,ruseva,Vsevolod Rudyi,2025-02-06 00:58:20 +0100,2025-04-14 13:46:35 +0200,research,CC-BY,https://www.inaturalist.org/observations/260756521,https://inaturalist-open-data.s3.amazonaws.com/photos/468329664/medium.jpeg,,"",,1,0,false,,"Hambantota, Sri Lanka",6.2575885282,81.3178119729,1461,,,,1461,,open,false,,,Tricolored Munia,Lonchura malacca,Capuchino Tricolor de la India,Aves,979790
260819353,68b0388a-e42e-4fde-90a8-efbfb0653735,2024/11/07 15:08,2024-11-07,2024-11-07 10:38:00 +0100,Sri Jayawardenepura,1023164,qin_huang,HUANG QIN,2025-02-06 18:23:40 +0100,2025-02-07 03:10:02 +0100,research,CC-BY,https://www.inaturalist.org/observations/260819353,https://static.inaturalist.org/photos/468455343/medium.jpeg,,"",,1,0,false,,"Palatuwa, 斯里兰卡",5.9757608045,80.5220846182,286,,,,286,,open,false,,,栗腹文鸟,Lonchura malacca,Capuchino Tricolor de la India,Aves,979790
260819360,a5e45ea5-f5d7-413e-9096-f600ec967dac,2024/11/07 15:28,2024-11-07,2024-11-07 10:58:00 +0100,Sri Jayawardenepura,1023164,qin_huang,HUANG QIN,2025-02-06 18:23:42 +0100,2025-02-08 05:55:10 +0100,research,CC-BY,https://www.inaturalist.org/observations/260819360,https://static.inaturalist.org/photos/468455457/medium.jpeg,,"",,1,0,false,,"Palatuwa, 斯里兰卡",5.9757608045,80.5220846182,286,,,,286,,open,false,,,栗腹文鸟,Lonchura malacca,Capuchino Tricolor de la India,Aves,979790
260819381,6344007d-c5a3-451f-acaa-05e965783471,2024/11/07 16:00,2024-11-07,2024-11-07 11:30:00 +0100,Sri Jayawardenepura,1023164,qin_huang,HUANG QIN,2025-02-06 18:23:50 +0100,2025-04-14 15:23:16 +0200,research,CC-BY,https://www.inaturalist.org/observations/260819381,https://static.inaturalist.org/photos/468456712/medium.jpeg,,"",,1,0,false,,"Palatuwa, 斯里兰卡",5.975773482,80.5220631599,439,,,,439,,open,false,,,黑头文鸟,Lonchura malacca,Capuchino Tricolor de la India,Aves,979790
260967876,14b5887e-f9e7-4307-9e32-a6f4f0e365e3,2024-11-23 08:26:26,2024-11-23,2024-11-23 03:56:26 +0100,New Delhi,668311,afsarnayakkan,Afsar Nayakkan,2025-02-08 06:18:20 +0100,2025-04-14 22:37:09 +0200,research,CC-BY,https://www.inaturalist.org/observations/260967876,https://inaturalist-open-data.s3.amazonaws.com/photos/468752900/medium.jpeg,,"",,1,0,false,2,Kattampally,11.9446843155,75.3849381208,1860,,,,1860,,open,false,gps,gps,Tricolored Munia,Lonchura malacca,Capuchino Tricolor de la India,Aves,979790
260967896,2252abc6-8f02-4205-b634-a7853abed9a2,2024-11-23 08:27:07,2024-11-23,2024-11-23 03:57:07 +0100,New Delhi,668311,afsarnayakkan,Afsar Nayakkan,2025-02-08 06:18:38 +0100,2025-04-14 22:37:10 +0200,research,CC-BY,https://www.inaturalist.org/observations/260967896,https://inaturalist-open-data.s3.amazonaws.com/photos/468752925/medium.jpeg,,"",,1,0,false,2,Kattampally,11.9446843155,75.3849381208,1860,,,,1860,,open,false,gps,gps,Tricolored Munia,Lonchura malacca,Capuchino Tricolor de la India,Aves,979790
260978464,ee6fd051-6d1a-4c61-ab47-1ed48ad825e9,2025/02/08 9:35 AM,2025-02-08,2025-02-08 05:05:00 +0100,New Delhi,6559220,jagz88,Jagdish Parmar,2025-02-08 09:43:00 +0100,2025-02-12 15:44:41 +0100,research,,https://www.inaturalist.org/observations/260978464,https://static.inaturalist.org/photos/468774666/medium.jpeg,,"",,1,0,false,,"Hazira, Gujarat, India",21.1995769905,72.6912796388,2221,,,,2221,,open,false,,,Tricolored Munia,Lonchura malacca,Capuchino Tricolor de la India,Aves,979790
260985550,9abfae58-3411-469d-a223-976c38844530,2025/01/26 10:26 AM,2025-01-26,2025-01-26 05:56:00 +0100,Sri Jayawardenepura,2692769,terolinjama,Tero Linjama,2025-02-08 12:04:48 +0100,2025-08-08 11:48:33 +0200,research,CC-BY,https://www.inaturalist.org/observations/260985550,https://inaturalist-open-data.s3.amazonaws.com/photos/468682253/medium.jpg,,"",,1,0,false,,"Yala NP, Hambantotan piirikunta, Sri Lanka",6.3917637524,81.4678267605,10844,,,,10844,,open,false,,,kastanjamanikki,Lonchura malacca,Capuchino Tricolor de la India,Aves,979790
261270841,4d798c24-f401-40a0-b646-33611b9dd749,2025/02/02 4:10 PM,2025-02-02,2025-02-02 11:40:00 +0100,New Delhi,3112805,satya_sidharth,Satya Sidharth Das,2025-02-10 20:10:36 +0100,2025-04-15 07:40:49 +0200,research,,https://www.inaturalist.org/observations/261270841,https://static.inaturalist.org/photos/469355541/medium.jpeg,,"","",1,0,false,,"Tentulia, Odisha, India",20.4251923702,85.5433850255,3906,,,,3906,,open,false,,,Tricolored Munia,Lonchura malacca,Capuchino Tricolor de la India,Aves,979790
261324500,3f42848b-66d9-4db4-8755-507df739d41e,2025/02/05 5:09 PM,2025-02-05,2025-02-05 12:39:00 +0100,New Delhi,3112805,satya_sidharth,Satya Sidharth Das,2025-02-11 07:50:55 +0100,2025-04-15 09:06:29 +0200,research,,https://www.inaturalist.org/observations/261324500,https://static.inaturalist.org/photos/469448493/medium.jpeg,,"","",1,0,false,,"Gayala Bank, Odisha, India",20.4216849673,85.6860596264,15625,,,,15625,,open,false,,,Tricolored Munia,Lonchura malacca,Capuchino Tricolor de la India,Aves,979790
261349682,c7b59d5f-c836-4232-bd1b-fc0d8bc74403,2025-02-10,2025-02-10,,Sri Jayawardenepura,1374382,jeanjacquesgodon,,2025-02-11 15:24:17 +0100,2025-04-15 09:38:52 +0200,research,CC-BY-NC,https://www.inaturalist.org/observations/261349682,https://inaturalist-open-data.s3.amazonaws.com/photos/469511848/medium.jpeg,,"",,1,0,false,2,"Pallemalala, Sri Lanka",6.1887840287,81.2236340716,2772,,,,2772,,open,false,gps,gps,Capucin à dos marron,Lonchura malacca,Capuchino Tricolor de la India,Aves,979790
261559720,79ae113d-1595-4544-9eee-5de8504a8931,2024/07/21 8:56 AM,2024-07-21,2024-07-21 05:26:00 +0200,New Delhi,1304830,tusharagarwal18,Tushar Agarwal,2025-02-13 20:19:48 +0100,2025-04-15 14:07:56 +0200,research,CC-BY-NC,https://www.inaturalist.org/observations/261559720,https://inaturalist-open-data.s3.amazonaws.com/photos/469927377/medium.jpeg,,"",,1,0,false,,"Rajarhat Wetlands, Newtown, Kolkata, West Bengal, India",22.6018071,88.4776764,600,,,,600,,open,false,,,Tricolored Munia,Lonchura malacca,Capuchino Tricolor de la India,Aves,979790
261607950,8ac2525a-a418-4ded-bf03-7a3f31c58760,2025/02/14 7:44 AM,2025-02-14,2025-02-14 03:14:00 +0100,New Delhi,3137878,vijay_dixit,Muddam Vijay Dixit Reddy,2025-02-14 08:25:05 +0100,2025-04-15 15:24:04 +0200,research,,https://www.inaturalist.org/observations/261607950,https://static.inaturalist.org/photos/470023770/medium.jpeg,,"",,1,0,false,,"Telangana, India",16.7198096574,78.2491779706,991,,,,991,,open,false,,,Tricolored Munia,Lonchura malacca,Capuchino Tricolor de la India,Aves,979790
261607951,b5baed52-b2d9-40bb-8de9-84cb622ee452,2025/02/14 7:45 AM,2025-02-14,2025-02-14 03:15:00 +0100,New Delhi,3137878,vijay_dixit,Muddam Vijay Dixit Reddy,2025-02-14 08:25:06 +0100,2025-04-15 15:24:04 +0200,research,,https://www.inaturalist.org/observations/261607951,https://static.inaturalist.org/photos/470023772/medium.jpeg,,"",,1,0,false,,"Telangana, India",16.7198096574,78.2491779706,991,,,,991,,open,false,,,Tricolored Munia,Lonchura malacca,Capuchino Tricolor de la India,Aves,979790
261610937,a3842326-7481-4e7e-b682-66b294ff2857,2024-11-26 08:48:15,2024-11-26,2024-11-26 04:18:15 +0100,New Delhi,668311,afsarnayakkan,Afsar Nayakkan,2025-02-14 09:42:29 +0100,2025-07-19 16:20:51 +0200,research,CC-BY,https://www.inaturalist.org/observations/261610937,https://inaturalist-open-data.s3.amazonaws.com/photos/470031578/medium.jpeg,,"",,1,0,false,2,"W7RW+QP, Azhikode North, Kerala, India",11.9412201092,75.2978176251,234,,,,234,,open,false,gps,gps,Tricolored Munia,Lonchura malacca,Capuchino Tricolor de la India,Aves,979790
261610952,d2f881eb-14c0-4fce-a739-bc6e553e611c,2024-11-26 08:48:27,2024-11-26,2024-11-26 04:18:27 +0100,New Delhi,668311,afsarnayakkan,Afsar Nayakkan,2025-02-14 09:43:15 +0100,2025-06-26 12:28:03 +0200,research,CC-BY,https://www.inaturalist.org/observations/261610952,https://inaturalist-open-data.s3.amazonaws.com/photos/470031654/medium.jpeg,,"",,2,0,false,2,Azhikkal Beach,11.9412201092,75.2978176251,234,,,,234,,open,false,gps,gps,Tricolored Munia,Lonchura malacca,Capuchino Tricolor de la India,Aves,979790
261610990,07de8f21-16e2-4e6f-a45a-13b3ea438604,2024-11-26 08:48:50,2024-11-26,2024-11-26 04:18:50 +0100,New Delhi,668311,afsarnayakkan,Afsar Nayakkan,2025-02-14 09:44:04 +0100,2025-07-19 16:20:47 +0200,research,CC-BY,https://www.inaturalist.org/observations/261610990,https://inaturalist-open-data.s3.amazonaws.com/photos/470031741/medium.jpeg,,"",,1,0,false,2,"W7RW+QP, Azhikode North, Kerala, India",11.9412201092,75.2978176251,234,,,,234,,open,false,gps,gps,Tricolored Munia,Lonchura malacca,Capuchino Tricolor de la India,Aves,979790
261914888,af3dacca-aa1e-48f8-ba39-f64a3b3e7162,2022/03/10 7:56 AM,2022-03-10,2022-03-10 13:56:00 +0100,Eastern Time (US & Canada),8116748,spharvell,,2025-02-17 00:41:31 +0100,2025-04-16 04:29:50 +0200,research,CC-BY-NC,https://www.inaturalist.org/observations/261914888,https://inaturalist-open-data.s3.amazonaws.com/photos/470620289/medium.jpg,,"","Finally! On last day of vaca and third visit
March 2022 FL Rarity chasing trip",1,0,false,,"Torry Island Rd, Belle Glade, FL, USA",26.7076008,-80.718958,591,,,,591,,open,false,,,Tricolored Munia,Lonchura malacca,Capuchino Tricolor de la India,Aves,979790
262303225,ebba2981-1198-447b-b6de-1a07484b876f,2024/05/07 8:22 AM,2024-05-07,2024-05-07 15:22:00 +0200,Bogota,60801,davidangel-v,David Ángel-Vasco,2025-02-19 22:01:38 +0100,2025-04-16 12:40:12 +0200,research,CC-BY-NC,https://www.inaturalist.org/observations/262303225,https://inaturalist-open-data.s3.amazonaws.com/photos/471240673/medium.jpg,,"","",1,0,false,,"PTAR Aguas Claras, Bello, Antioquia, Colombia",6.3382873233,-75.532338707,2,,,,2,,open,false,,,Capuchino Tricolor de la India,Lonchura malacca,Capuchino Tricolor de la India,Aves,979790
262787519,000b2249-8a40-4403-9ffa-01ad81550562,2025-01-26 13:03:20,2025-01-26,2025-01-26 08:33:20 +0100,Sri Jayawardenepura,8291931,jagoda_,BabaJaga,2025-02-23 08:41:18 +0100,2025-04-17 02:05:31 +0200,research,CC-BY-NC,https://www.inaturalist.org/observations/262787519,https://inaturalist-open-data.s3.amazonaws.com/photos/471968197/medium.jpeg,,"",,1,0,false,2,"Moragaswewa, Sri Lanka",8.0807440273,80.7674681023,130,,,,130,,open,false,gps,gps,mniszka kapturowa,Lonchura malacca,Capuchino Tricolor de la India,Aves,979790
262974255,a1d67df7-8524-4946-a6b0-bd65e7d62d8e,2025-02-01 09:45:53-05:00,2025-02-01,2025-02-01 15:45:53 +0100,Sri Jayawardenepura,1700524,dancingbirder,Yve Morrell,2025-02-24 21:24:29 +0100,2025-10-08 18:31:26 +0200,research,CC-BY-NC,https://www.inaturalist.org/observations/262974255,https://inaturalist-open-data.s3.amazonaws.com/photos/472340758/medium.jpg,,"","",2,0,false,3,"Cejlon, Southern Province, LK",5.975837212,80.5224710774,38,,,,38,,open,false,,,Tricolored Munia,Lonchura malacca,Capuchino Tricolor de la India,Aves,979790
263059643,aaf1091d-c1f6-4f71-bc86-c868eea7ce15,2024-05-23 08:14:13,2024-05-23,2024-05-23 04:44:13 +0200,New Delhi,668311,afsarnayakkan,Afsar Nayakkan,2025-02-25 16:48:45 +0100,2025-04-17 08:50:18 +0200,research,CC-BY,https://www.inaturalist.org/observations/263059643,https://inaturalist-open-data.s3.amazonaws.com/photos/472512423/medium.jpeg,,"",,1,0,false,2,Kattampally,11.9446843155,75.3849381208,1860,,,,1860,,open,false,gps,gps,Tricolored Munia,Lonchura malacca,Capuchino Tricolor de la India,Aves,979790
263061069,d3eac58b-ef62-4d18-8ff7-f03fe62b67b9,2024-06-01 07:59:55,2024-06-01,2024-06-01 04:29:55 +0200,New Delhi,668311,afsarnayakkan,Afsar Nayakkan,2025-02-25 17:04:33 +0100,2025-06-26 15:48:19 +0200,research,CC-BY,https://www.inaturalist.org/observations/263061069,https://inaturalist-open-data.s3.amazonaws.com/photos/472515126/medium.jpeg,,"",,1,0,false,2,Kattampally,11.9446843155,75.3849381208,1860,,,,1860,,open,false,gps,gps,Tricolored Munia,Lonchura malacca,Capuchino Tricolor de la India,Aves,979790
263061096,b3ecd522-66ed-4f76-aa2e-30f206a21bb0,2024-06-10 07:33:10,2024-06-10,2024-06-10 04:03:10 +0200,New Delhi,668311,afsarnayakkan,Afsar Nayakkan,2025-02-25 17:04:56 +0100,2025-04-17 08:51:11 +0200,research,CC-BY,https://www.inaturalist.org/observations/263061096,https://inaturalist-open-data.s3.amazonaws.com/photos/472515176/medium.jpeg,,"",,1,0,false,2,Kattampally,11.9446843155,75.3849381208,1860,,,,1860,,open,false,gps,gps,Tricolored Munia,Lonchura malacca,Capuchino Tricolor de la India,Aves,979790
263061253,43a20d1a-bd24-43c5-b3d2-3536fe8579fb,2024-06-10 07:33:16,2024-06-10,2024-06-10 04:03:16 +0200,New Delhi,668311,afsarnayakkan,Afsar Nayakkan,2025-02-25 17:06:46 +0100,2025-04-17 08:51:19 +0200,research,CC-BY,https://www.inaturalist.org/observations/263061253,https://inaturalist-open-data.s3.amazonaws.com/photos/472515425/medium.jpeg,,"",,1,0,false,2,Kattampally,11.9446843155,75.3849381208,1860,,,,1860,,open,false,gps,gps,Tricolored Munia,Lonchura malacca,Capuchino Tricolor de la India,Aves,979790
263061321,baec427c-57b5-4dbf-a0db-38c4adc11eb0,2024-06-10 08:05:21,2024-06-10,2024-06-10 04:35:21 +0200,New Delhi,668311,afsarnayakkan,Afsar Nayakkan,2025-02-25 17:07:50 +0100,2025-04-17 08:51:22 +0200,research,CC-BY,https://www.inaturalist.org/observations/263061321,https://inaturalist-open-data.s3.amazonaws.com/photos/472515604/medium.jpeg,,"",,1,0,false,2,Kattampally,11.9446843155,75.3849381208,1860,,,,1860,,open,false,gps,gps,Tricolored Munia,Lonchura malacca,Capuchino Tricolor de la India,Aves,979790
263304188,46274415-0875-471b-b0c7-04d0f3f07027,2023/03/08 10:01 AM,2023-03-08,2023-03-08 16:01:00 +0100,Eastern Time (US & Canada),7392079,sheriffsmith,Thomas A Smith,2025-02-27 21:13:50 +0100,2025-04-17 14:47:31 +0200,research,CC-BY-NC,https://www.inaturalist.org/observations/263304188,https://inaturalist-open-data.s3.amazonaws.com/photos/472996620/medium.jpeg,,"",Torry Island Campground,1,0,false,,"Palm Beach County, FL, USA",26.7096152992,-80.72427985,122,,,,122,,open,false,,,Tricolored Munia,Lonchura malacca,Capuchino Tricolor de la India,Aves,979790
263335581,34c6dd0f-e8a0-4ba0-b099-a2f7bc2eb40a,2024-12-05 08:30:17,2024-12-05,2024-12-05 04:00:17 +0100,New Delhi,668311,afsarnayakkan,Afsar Nayakkan,2025-02-28 03:01:26 +0100,2025-04-10 20:20:42 +0200,research,CC-BY,https://www.inaturalist.org/observations/263335581,https://inaturalist-open-data.s3.amazonaws.com/photos/473059072/medium.jpeg,,"",,1,0,false,2,Azhikkal Beach,11.9412201092,75.2978176251,234,,,,234,,open,false,gps,gps,Tricolored Munia,Lonchura malacca,Capuchino Tricolor de la India,Aves,979790
263387555,1cc13e78-6cd7-45a3-be78-587fb3e8a0e0,2025/02/28 10:00 AM,2025-02-28,2025-02-28 16:00:00 +0100,Bogota,8758908,orlandopr,Orlando Padilla,2025-02-28 16:46:16 +0100,2025-04-10 22:18:57 +0200,research,CC-BY-NC,https://www.inaturalist.org/observations/263387555,https://inaturalist-open-data.s3.amazonaws.com/photos/473161572/medium.png,,"",6 individuos ,1,0,false,,"Barbosa, Antioquia, Colombia",6.4476738742,-75.3002664995,15,,,,15,,open,false,,,Capuchino Tricolor de la India,Lonchura malacca,Capuchino Tricolor de la India,Aves,979790
263407342,53a138b2-bf76-4e32-9781-4a597c2c0878,2024-12-06 07:59:02,2024-12-06,2024-12-06 03:29:02 +0100,New Delhi,668311,afsarnayakkan,Afsar Nayakkan,2025-02-28 20:12:05 +0100,2025-04-10 22:59:30 +0200,research,CC-BY,https://www.inaturalist.org/observations/263407342,https://inaturalist-open-data.s3.amazonaws.com/photos/473199640/medium.jpeg,,"",,1,0,false,2,Kattampally,11.9446843155,75.3849381208,1860,,,,1860,,open,false,gps,gps,Tricolored Munia,Lonchura malacca,Capuchino Tricolor de la India,Aves,979790
263583456,e85f48ca-ab9b-423d-a65e-07eb3df2c907,2024-06-10 07:37:29,2024-06-10,2024-06-10 04:07:29 +0200,New Delhi,668311,afsarnayakkan,Afsar Nayakkan,2025-03-02 05:36:18 +0100,2025-04-11 03:33:36 +0200,research,CC-BY,https://www.inaturalist.org/observations/263583456,https://inaturalist-open-data.s3.amazonaws.com/photos/473547477/medium.jpeg,,"",,1,0,false,2,"W9VM+VXG, Kattampally, Kerala 670562, India",11.9446843155,75.3849381208,1860,,,,1860,,open,false,gps,gps,Tricolored Munia,Lonchura malacca,Capuchino Tricolor de la India,Aves,979790
263583605,860c2d05-6e1f-4ce0-9167-f7856a5aa0d8,2024-06-10 07:37:34,2024-06-10,2024-06-10 04:07:34 +0200,New Delhi,668311,afsarnayakkan,Afsar Nayakkan,2025-03-02 05:37:39 +0100,2025-04-11 03:33:43 +0200,research,CC-BY,https://www.inaturalist.org/observations/263583605,https://inaturalist-open-data.s3.amazonaws.com/photos/473547777/medium.jpeg,,"",,1,0,false,2,"W9VM+VXG, Kattampally, Kerala 670562, India",11.9446843155,75.3849381208,1860,,,,1860,,open,false,gps,gps,Tricolored Munia,Lonchura malacca,Capuchino Tricolor de la India,Aves,979790
263595078,647000a0-581f-48f1-ad84-7bb4276eb8a4,2023/10/21 4:38 PM,2023-10-21,2023-10-21 12:53:00 +0200,Kathmandu,4842551,briancasatelli,,2025-03-02 08:39:48 +0100,2025-04-11 03:49:16 +0200,research,CC-BY-NC-ND,https://www.inaturalist.org/observations/263595078,https://inaturalist-open-data.s3.amazonaws.com/photos/473572291/medium.jpg,,"Asia, Bardia National Park, Birds 2, Locations, Lonchura, Lonchura malacca, Nepal, Tricolored Munia, Waxbills, Munias & Allies - Estrildidae, Wildlife",,1,0,false,,"Bardiya, Nepal",28.39377882,81.22321129,,,,,,,open,false,,,Tricolored Munia,Lonchura malacca,Capuchino Tricolor de la India,Aves,979790
263599871,f597a29c-0b4c-43f4-b028-ff416a8abc36,2024-06-11 07:23:03,2024-06-11,2024-06-11 03:53:03 +0200,New Delhi,668311,afsarnayakkan,Afsar Nayakkan,2025-03-02 09:52:04 +0100,2025-04-11 03:57:41 +0200,research,CC-BY,https://www.inaturalist.org/observations/263599871,https://inaturalist-open-data.s3.amazonaws.com/photos/473581312/medium.jpeg,,"",,1,0,false,2,Kattampally,11.9446843155,75.3849381208,1860,,,,1860,,open,false,gps,gps,Tricolored Munia,Lonchura malacca,Capuchino Tricolor de la India,Aves,979790
263599919,702c6bae-7657-4bdd-8e87-c42648704207,2024-06-11 07:22:20,2024-06-11,2024-06-11 03:52:20 +0200,New Delhi,668311,afsarnayakkan,Afsar Nayakkan,2025-03-02 09:52:51 +0100,2025-04-11 03:57:43 +0200,research,CC-BY,https://www.inaturalist.org/observations/263599919,https://inaturalist-open-data.s3.amazonaws.com/photos/473581433/medium.jpeg,,"",,1,0,false,2,Kattampally,11.9446843155,75.3849381208,1860,,,,1860,,open,false,gps,gps,Tricolored Munia,Lonchura malacca,Capuchino Tricolor de la India,Aves,979790
263778315,e6febdf7-bb82-474c-beac-1224e5dde239,2024-03-30 07:50:06,2024-03-30,2024-03-30 02:50:06 +0100,Dhaka,7492200,rashed7,Rashedul Karim Rafat,2025-03-03 18:41:21 +0100,2025-03-04 06:31:26 +0100,research,,https://www.inaturalist.org/observations/263778315,https://static.inaturalist.org/photos/473929804/medium.jpeg,,"",,1,0,false,2,Aftab Nagar,23.764127943,90.4466991127,1375,,,,1375,,open,false,gps,gps,Tricolored Munia,Lonchura malacca,Capuchino Tricolor de la India,Aves,979790
263779105,9655a2e3-6d9b-49a0-8450-f8eaba62e7c7,2024-12-08 07:41:56,2024-12-08,2024-12-08 03:11:56 +0100,New Delhi,668311,afsarnayakkan,Afsar Nayakkan,2025-03-03 18:48:07 +0100,2025-04-11 07:57:26 +0200,research,CC-BY,https://www.inaturalist.org/observations/263779105,https://inaturalist-open-data.s3.amazonaws.com/photos/473931117/medium.jpeg,,"",,1,0,false,2,Kattampally,11.9446843155,75.3849381208,1860,,,,1860,,open,false,gps,gps,Tricolored Munia,Lonchura malacca,Capuchino Tricolor de la India,Aves,979790
264143280,2f464a84-569a-4792-b9ee-3f0504bc66d6,2025-01-07 12:15:37,2025-01-07,2025-01-07 07:45:37 +0100,New Delhi,2512310,molinina,,2025-03-06 23:54:30 +0100,2025-04-11 15:15:43 +0200,research,CC-BY-NC,https://www.inaturalist.org/observations/264143280,https://inaturalist-open-data.s3.amazonaws.com/photos/474629182/medium.jpg,,"",,1,0,false,843,"Alappuzha, Kerala, IN",9.5395892906,76.4025685648,13730,,,,13730,,open,false,,,Tricolored Munia,Lonchura malacca,Capuchino Tricolor de la India,Aves,979790
264165995,5710382f-7b51-4b45-a78e-0b9d50a9b334,2025/02/23 4:35 PM,2025-02-23,2025-02-23 12:05:00 +0100,New Delhi,4179939,vivek32,Vivek.N.Rathod,2025-03-07 04:44:30 +0100,2025-03-11 15:05:17 +0100,research,CC-BY-NC-ND,https://www.inaturalist.org/observations/264165995,https://inaturalist-open-data.s3.amazonaws.com/photos/474671885/medium.jpeg,,"","",1,0,false,,"Rajavaram, Andhra Pradesh 533285, India",17.2929648199,81.8743020889,15,,,,15,,open,false,,,Tricolored Munia,Lonchura malacca,Capuchino Tricolor de la India,Aves,979790
264591942,e3f0fcb6-65e9-4ebd-a75d-c7d42b5ff0f3,2024/11/04 11:56 AM,2024-11-04,2024-11-04 17:56:00 +0100,Bogota,1501126,stephen220,Stephen John Davies,2025-03-09 01:59:06 +0100,2025-07-28 22:57:50 +0200,research,CC0,https://www.inaturalist.org/observations/264591942,https://inaturalist-open-data.s3.amazonaws.com/photos/475122710/medium.jpg,,"Animalia, Animals, Birds, Estrildidae, Lonchura malacca, Tricolored Munia, Vertebrates, Waxbills and Allies",,1,0,false,,"Pereira, Risaralda, Colombia",4.8461416667,-75.8181066667,,,,,,,open,false,,,Tricolored Munia,Lonchura malacca,Capuchino Tricolor de la India,Aves,979790
265393026,cbdf981a-a613-441b-be33-1c1455ab76fe,2025/02/14 08:53,2025-02-14,2025-02-14 14:53:00 +0100,Bogota,229502,benoit_segerer,Benoît Segerer,2025-03-15 13:24:08 +0100,2025-04-12 17:33:38 +0200,research,CC-BY-NC,https://www.inaturalist.org/observations/265393026,https://inaturalist-open-data.s3.amazonaws.com/photos/476677466/medium.jpeg,,"","",1,0,false,,"Guadalajara de Buga, Valle del Cauca, Colombie",3.877545231,-76.3483226632,876,,,,876,,open,false,,,Capucin à dos marron,Lonchura malacca,Capuchino Tricolor de la India,Aves,979790
265393027,77964b6e-e5f8-49a1-a60a-9acc1e934672,2025/02/14 08:54,2025-02-14,2025-02-14 14:54:00 +0100,Bogota,229502,benoit_segerer,Benoît Segerer,2025-03-15 13:24:09 +0100,2025-04-12 17:33:38 +0200,research,CC-BY-NC,https://www.inaturalist.org/observations/265393027,https://inaturalist-open-data.s3.amazonaws.com/photos/476677469/medium.jpeg,,"","",1,0,false,,"Guadalajara de Buga, Valle del Cauca, Colombie",3.877545231,-76.3483226632,876,,,,876,,open,false,,,Capucin à dos marron,Lonchura malacca,Capuchino Tricolor de la India,Aves,979790
265965506,156b0174-30f1-4950-8759-8fd5b82efa62,2025/01/11 5:21 PM,2025-01-11,2025-01-11 12:51:00 +0100,New Delhi,6793845,shilpagadgil,Shilpa Gadgil,2025-03-19 16:01:35 +0100,2025-04-13 07:38:13 +0200,research,CC-BY-NC,https://www.inaturalist.org/observations/265965506,https://inaturalist-open-data.s3.amazonaws.com/photos/477817552/medium.jpeg,,"",,1,0,false,,"Nandur Madhyameshwar Wildlife Sanctuary, Nashik, Maharashtra, India",20.0113620328,74.1068750103,882,,,,882,,open,false,,,Tricolored Munia,Lonchura malacca,Capuchino Tricolor de la India,Aves,979790
265979719,2bb8f773-63bd-4eb3-9b33-a18231ac8c57,2025/01/12 8:42 AM,2025-01-12,2025-01-12 04:12:00 +0100,New Delhi,6793845,shilpagadgil,Shilpa Gadgil,2025-03-19 17:58:42 +0100,2025-04-13 07:52:52 +0200,research,CC-BY-NC,https://www.inaturalist.org/observations/265979719,https://inaturalist-open-data.s3.amazonaws.com/photos/477843169/medium.jpeg,,"",,1,0,false,,"Nandur Madhyameshwar Wildlife Sanctuary, Nashik, Maharashtra, India",20.0113620328,74.1068750103,882,,,,882,,open,false,,,Tricolored Munia,Lonchura malacca,Capuchino Tricolor de la India,Aves,979790
266105973,d7ec3621-8ce3-443b-9a62-9a6ce61f5948,2024-12-18 08:38:40,2024-12-18,2024-12-18 04:08:40 +0100,New Delhi,668311,afsarnayakkan,Afsar Nayakkan,2025-03-20 16:19:47 +0100,2025-04-13 10:36:39 +0200,research,CC-BY,https://www.inaturalist.org/observations/266105973,https://inaturalist-open-data.s3.amazonaws.com/photos/478085542/medium.jpeg,,"",,1,0,false,2,"W7RW+QP, Azhikode North, Kerala, India",11.9412201092,75.2978176251,234,,,,234,,open,false,gps,gps,Tricolored Munia,Lonchura malacca,Capuchino Tricolor de la India,Aves,979790
266210549,52380731-61b7-4443-b0b4-4a9df20d0c06,2025/03/21 4:28 AM,2025-03-21,2025-03-20 23:58:00 +0100,Sri Jayawardenepura,678636,supergan,brian fisher,2025-03-21 10:35:39 +0100,2025-04-13 12:50:21 +0200,research,CC-BY-NC,https://www.inaturalist.org/observations/266210549,https://inaturalist-open-data.s3.amazonaws.com/photos/478285579/medium.jpg,,"",,1,0,false,,"Minneriya National Park, Sri Lanka",8.0156443,80.8446703,7988,,,,7988,,open,false,,,Tricolored Munia,Lonchura malacca,Capuchino Tricolor de la India,Aves,979790
266399155,2d6c9bd1-0952-4fee-ab94-fea5c9295e90,2024/10/13 6:49 AM,2024-10-13,2024-10-13 03:19:00 +0200,New Delhi,7788847,kirubakaran_valyapathi,Kirubakaran Valyapathi,2025-03-22 17:48:20 +0100,2025-04-13 17:43:22 +0200,research,,https://www.inaturalist.org/observations/266399155,https://static.inaturalist.org/photos/478637176/medium.jpeg,,"",,1,0,false,,"Rasipuram, Tamil Nadu, India",11.4243131217,78.1588084662,309,,,,309,,open,false,,,Tricolored Munia,Lonchura malacca,Capuchino Tricolor de la India,Aves,979790
266966546,1a057883-9743-4e34-90e6-3e37ff85e77f,2025/01/13 11:24 AM,2025-01-13,2025-01-13 06:54:00 +0100,Sri Jayawardenepura,3784279,wolpertinger-rus,Сичинава Екатерина,2025-03-25 23:29:44 +0100,2025-10-08 17:47:25 +0200,research,CC-BY-NC,https://www.inaturalist.org/observations/266966546,https://inaturalist-open-data.s3.amazonaws.com/photos/479703589/medium.jpg,,"",,2,0,false,,"Hambantota, Sri Lanka",6.2573338414,81.318061216,61,,,,61,,open,false,,,Tricolored Munia,Lonchura malacca,Capuchino Tricolor de la India,Aves,979790
267327924,bed9f1ba-08de-456e-93ef-33b583f470d3,2025/03/13 7:37 AM,2025-03-13,2025-03-13 03:07:00 +0100,Sri Jayawardenepura,150795,elusiveorchids,Keith Martin-Smith,2025-03-28 11:55:05 +0100,2025-10-08 17:47:23 +0200,research,CC-BY,https://www.inaturalist.org/observations/267327924,https://inaturalist-open-data.s3.amazonaws.com/photos/480400591/medium.jpg,,"",,3,0,false,,"Hambantota, Sri Lanka",6.2980561063,81.2938984176,4,,,,4,,open,false,,,Tricolored Munia,Lonchura malacca,Capuchino Tricolor de la India,Aves,979790
268046270,65db3f56-ee89-48a8-8011-5557b36c39e5,2024/10/16 5:20 PM,2024-10-16,2024-10-16 13:50:00 +0200,New Delhi,7788847,kirubakaran_valyapathi,Kirubakaran Valyapathi,2025-04-01 12:44:51 +0200,2025-04-02 15:52:42 +0200,research,,https://www.inaturalist.org/observations/268046270,https://static.inaturalist.org/photos/481770263/medium.jpeg,,"",,1,0,false,,"Tamil Nadu, India",11.811641075,78.6660700276,106,,,,106,,open,false,,,Tricolored Munia,Lonchura malacca,Capuchino Tricolor de la India,Aves,979790
268199586,172cd44d-4618-4e80-9e89-23fe3d0b7fce,2025/03/31 08:28,2025-03-31,2025-03-31 04:58:00 +0200,Sri Jayawardenepura,2573804,mirmar_birds,Антон Мир-Мар,2025-04-02 11:39:39 +0200,2025-10-08 17:46:44 +0200,research,CC-BY-NC,https://www.inaturalist.org/observations/268199586,https://inaturalist-open-data.s3.amazonaws.com/photos/482059504/medium.jpg,,"",,2,0,false,,"Hambantota, LK",6.2262519852,81.3363097178,2106,,,,31356,obscured,open,true,,,Черноголовая муния,Lonchura malacca,Capuchino Tricolor de la India,Aves,979790
268298523,0c59a4b9-7d04-4048-a7be-855c280ae7e0,2022-04-10 16:24:14,2022-04-10,2022-04-10 12:54:14 +0200,Sri Jayawardenepura,4518839,little-grey-bird,Олеся,2025-04-03 01:15:01 +0200,2026-01-09 17:19:53 +0100,research,CC-BY,https://www.inaturalist.org/observations/268298523,https://inaturalist-open-data.s3.amazonaws.com/photos/482248971/medium.jpeg,,"",,3,0,false,2,"Nuwara Eliya, LK-NW, LK",6.9655928935,80.7871380821,1032,,,,1032,,open,false,gps,gps,Черноголовая муния,Lonchura malacca,Capuchino Tricolor de la India,Aves,979790
268541946,cb30e1e3-75e9-4546-9eae-6d39d5fb9892,2025/03/26 7:16 AM,2025-03-26,2025-03-26 02:46:00 +0100,Sri Jayawardenepura,393102,lucaboscain,Luca Boscain,2025-04-04 15:34:30 +0200,2025-10-08 17:46:49 +0200,research,CC-BY-NC,https://www.inaturalist.org/observations/268541946,https://inaturalist-open-data.s3.amazonaws.com/photos/482719227/medium.jpg,,"",,2,0,false,,"Hambantota, Sri Lanka",6.1884333333,81.2207666667,,,,,,,open,false,,,Tricolored Munia,Lonchura malacca,Capuchino Tricolor de la India,Aves,979790
269260645,4c24954c-c8bd-4378-9b80-df03dbb3cfe4,2024/12/25 7:19 AM,2024-12-25,2024-12-25 02:49:00 +0100,New Delhi,4645876,hrishu,Hrishu Aravind,2025-04-08 11:37:00 +0200,2025-04-16 17:12:19 +0200,research,CC-BY-NC,https://www.inaturalist.org/observations/269260645,https://inaturalist-open-data.s3.amazonaws.com/photos/484111533/medium.jpeg,,"",,1,0,false,,"Tamil Nadu, India",12.9153176959,79.9365545411,35632,,,,35632,,open,false,,,Tricolored Munia,Lonchura malacca,Capuchino Tricolor de la India,Aves,979790
269260654,0ebc2bfe-9894-4f7c-8752-1ff89c543616,2024/12/25 7:13 AM,2024-12-25,2024-12-25 02:43:00 +0100,New Delhi,4645876,hrishu,Hrishu Aravind,2025-04-08 11:37:02 +0200,2025-04-16 17:12:19 +0200,research,CC-BY-NC,https://www.inaturalist.org/observations/269260654,https://inaturalist-open-data.s3.amazonaws.com/photos/484111580/medium.jpeg,,"",,1,0,false,,"Tamil Nadu, India",12.9153176959,79.9365545411,35632,,,,35632,,open,false,,,Tricolored Munia,Lonchura malacca,Capuchino Tricolor de la India,Aves,979790
269261419,fbf6d1be-148f-4525-8c57-1898a311a394,2024/09/22 8:43 AM,2024-09-22,2024-09-22 05:13:00 +0200,New Delhi,4645876,hrishu,Hrishu Aravind,2025-04-08 11:45:19 +0200,2025-04-16 17:12:19 +0200,research,CC-BY-NC,https://www.inaturalist.org/observations/269261419,https://inaturalist-open-data.s3.amazonaws.com/photos/484113013/medium.jpeg,,"",,1,0,false,,"Karapakkam, Chennai, Tamil Nadu, India",12.9190519,80.2300343,7656,,,,7656,,open,false,,,Tricolored Munia,Lonchura malacca,Capuchino Tricolor de la India,Aves,979790
269261422,c2ecfc2e-b4bc-48b2-9b89-4896f93bed76,2024/09/22 8:38 AM,2024-09-22,2024-09-22 05:08:00 +0200,New Delhi,4645876,hrishu,Hrishu Aravind,2025-04-08 11:45:20 +0200,2025-04-16 17:12:19 +0200,research,CC-BY-NC,https://www.inaturalist.org/observations/269261422,https://inaturalist-open-data.s3.amazonaws.com/photos/484113019/medium.jpeg,,"",,1,0,false,,"Karapakkam, Chennai, Tamil Nadu, India",12.9190519,80.2300343,7656,,,,7656,,open,false,,,Tricolored Munia,Lonchura malacca,Capuchino Tricolor de la India,Aves,979790
270215781,cc6dfaa9-17e9-4483-baa2-0bb72c10b2ba,2014/09/20 5:45 PM,2014-09-20,2014-09-20 14:15:00 +0200,New Delhi,726233,mysorekid,Keshava S R Mysore,2025-04-13 18:02:30 +0200,2025-04-14 22:06:38 +0200,research,CC-BY-NC,https://www.inaturalist.org/observations/270215781,https://inaturalist-open-data.s3.amazonaws.com/photos/485932220/medium.jpg,,"08222014to09282014IndiaVisit, 2014, EveningWalk09202014, HIKESandTRIPS2014, India, IndiaTrip2014, birding, birds, birdsofindia, countryside, karnataka, nature, nikon, nikonD5300, ramanathapura, rural, southindia, travel",Lonchura malacca,1,0,false,,"Kotavalu, Karnataka 573133, India",12.6098416667,76.0862133333,,,,,,,open,false,,,Tricolored Munia,Lonchura malacca,Capuchino Tricolor de la India,Aves,979790
270581208,dea96ab6-401d-4784-b1f1-450f26166b81,2025/04/15 7:56 AM,2025-04-15,2025-04-15 04:26:00 +0200,New Delhi,4712538,alenalex,Alen Alex Pathisseril,2025-04-15 08:58:05 +0200,2025-04-15 13:38:11 +0200,research,CC-BY-NC,https://www.inaturalist.org/observations/270581208,https://inaturalist-open-data.s3.amazonaws.com/photos/486632968/medium.jpg,,"",,2,0,false,,"Kerala, India",9.2231754336,76.6464683009,773,,,,773,,open,false,,,Tricolored Munia,Lonchura malacca,Capuchino Tricolor de la India,Aves,979790
270793319,cf57038b-d55c-4ca7-9213-555ccc63ed25,2024/12/08 7:34 AM,2024-12-08,2024-12-08 03:04:00 +0100,New Delhi,4645876,hrishu,Hrishu Aravind,2025-04-16 12:37:34 +0200,2025-04-20 11:59:36 +0200,research,CC-BY-NC,https://www.inaturalist.org/observations/270793319,https://inaturalist-open-data.s3.amazonaws.com/photos/487035963/medium.jpeg,,"",,1,0,false,,"Point Calimere Wildlife Sanctuary (Kodiakarai), Kodiyakarai, Tamil Nadu 614807, India",10.2864262,79.8299107,5144,,,,5144,,open,false,,,Tricolored Munia,Lonchura malacca,Capuchino Tricolor de la India,Aves,979790
272224013,b7df6b65-9cad-4fe4-8c96-f3ca710706e1,2025/04/15 7:04 AM,2025-04-15,2025-04-15 03:34:00 +0200,Sri Jayawardenepura,619770,alphaj16,Amanda Johnston,2025-04-22 17:57:25 +0200,2025-04-26 17:12:32 +0200,research,,https://www.inaturalist.org/observations/272224013,https://static.inaturalist.org/photos/489735940/medium.jpeg,,"","",2,0,false,,"Subaseth Villa, Sri Lanka",8.29575,80.3105,,,,,,,open,false,,,Tricolored Munia,Lonchura malacca,Capuchino Tricolor de la India,Aves,979790
272422371,a189834a-323a-45fd-b3bf-5a261d50a644,2024/06/17 11:22 AM,2024-06-17,2024-06-17 07:52:00 +0200,New Delhi,9174780,dmurty,,2025-04-23 14:18:05 +0200,2025-05-02 14:52:33 +0200,research,CC-BY-NC,https://www.inaturalist.org/observations/272422371,https://inaturalist-open-data.s3.amazonaws.com/photos/490109266/medium.jpg,,"",,3,0,false,,"HJ4G+9JV Pariej Wetland, GJ SH 16, Pariyej, Gujarat 387520, India",22.5559874,72.6265604,157,,,,157,,open,false,,,Tricolored Munia,Lonchura malacca,Capuchino Tricolor de la India,Aves,979790
272425109,f82e74fc-6dee-41a6-84ef-8e588caada84,2025-04-23 18:06:13,2025-04-23,2025-04-23 14:36:13 +0200,Sri Jayawardenepura,6936804,matthew2628,Matthew Hawtin,2025-04-23 14:37:13 +0200,2025-10-08 17:42:46 +0200,research,,https://www.inaturalist.org/observations/272425109,https://static.inaturalist.org/photos/490248169/medium.jpeg,,"",,3,0,false,2,"WQW6+CC8, Sigiriya, Sri Lanka",8.0878167633,80.7731929421,1436,,,,1436,,open,false,gps,gps,Tricolored Munia,Lonchura malacca,Capuchino Tricolor de la India,Aves,979790
272792979,6edd7c20-cd89-43c5-925b-889b22b3a749,2023/03/11 10:50 AM,2023-03-11,2023-03-11 16:50:00 +0100,Eastern Time (US & Canada),7766529,garyleavens,Gary T. Leavens,2025-04-24 23:53:51 +0200,2025-04-25 14:54:17 +0200,research,CC-BY-NC-SA,https://www.inaturalist.org/observations/272792979,https://inaturalist-open-data.s3.amazonaws.com/photos/490782745/medium.jpg,,"","Tricolored Munia (juvenile) #birdsgallery #instagram

This is a descendent of some (likely) escaped birds, as these are not native to Florida",1,0,false,,"Belle Glade, FL, USA",26.706398195,-80.7168961117,,,,,,,open,false,,,Tricolored Munia,Lonchura malacca,Capuchino Tricolor de la India,Aves,979790
273144091,e8ce9b8d-4ed1-41e6-b328-ecd1a49184dd,2025-04-25,2025-04-25,,New Delhi,9117269,dev76537,dev PATIL,2025-04-25 17:05:51 +0200,2025-04-25 18:30:50 +0200,research,CC-BY-NC,https://www.inaturalist.org/observations/273144091,https://inaturalist-open-data.s3.amazonaws.com/photos/491325951/medium.jpeg,,"",,1,0,false,2,"QG9X+86X, Shivashakti Colony, Jaysingpur, Jayshingpur Rural, Maharashtra 416101, India",16.7680635058,74.5476942882,6581,,,,6581,,open,false,gps,gps,Tricolored Munia,Lonchura malacca,Capuchino Tricolor de la India,Aves,979790
273692221,a23c43b9-f396-44e3-bfa8-2cf18f672b3a,2025/04/25 7:46 AM,2025-04-25,2025-04-25 04:16:00 +0200,New Delhi,3499217,shivaprakash,,2025-04-26 11:23:41 +0200,2025-04-26 18:16:06 +0200,research,CC-BY-NC,https://www.inaturalist.org/observations/273692221,https://inaturalist-open-data.s3.amazonaws.com/photos/492189219/medium.jpeg,,"",,1,0,false,,Ajjayyanahundi,12.2740466081,76.5998060907,61,,,,61,,open,false,,,Tricolored Munia,Lonchura malacca,Capuchino Tricolor de la India,Aves,979790
273862689,3ba5ffe2-afea-4d3e-a45f-1b927da2c921,2025/04/26 6:55 AM,2025-04-26,2025-04-26 03:25:00 +0200,New Delhi,4712538,alenalex,Alen Alex Pathisseril,2025-04-26 16:50:22 +0200,2025-05-01 14:05:33 +0200,research,CC-BY-NC,https://www.inaturalist.org/observations/273862689,https://inaturalist-open-data.s3.amazonaws.com/photos/492436252/medium.jpg,,"",,2,0,false,,"Kerala, India",9.216637085,76.6511787791,23,,,,23,,open,false,,,Tricolored Munia,Lonchura malacca,Capuchino Tricolor de la India,Aves,979790
273862722,fdeb32c7-8bd3-4126-9a9a-ef8c2cc89911,2025/04/26 6:56 AM,2025-04-26,2025-04-26 03:26:00 +0200,New Delhi,4712538,alenalex,Alen Alex Pathisseril,2025-04-26 16:50:24 +0200,2025-05-01 14:04:54 +0200,research,CC-BY-NC,https://www.inaturalist.org/observations/273862722,https://inaturalist-open-data.s3.amazonaws.com/photos/492436329/medium.jpg,,"",,2,0,false,,"Kerala, India",9.216637085,76.6511787791,23,,,,23,,open,false,,,Tricolored Munia,Lonchura malacca,Capuchino Tricolor de la India,Aves,979790
273864404,79fddaed-6dec-4f88-a6d3-d8a5fbc3b71d,2025/04/26 6:50 AM,2025-04-26,2025-04-26 03:20:00 +0200,New Delhi,4712538,alenalex,Alen Alex Pathisseril,2025-04-26 16:52:54 +0200,2025-05-02 17:57:44 +0200,research,CC-BY-NC,https://www.inaturalist.org/observations/273864404,https://inaturalist-open-data.s3.amazonaws.com/photos/492447082/medium.jpg,,"",,1,0,false,,"Kerala, India",9.2165944656,76.6515309075,8,,,,8,,open,false,,,Tricolored Munia,Lonchura malacca,Capuchino Tricolor de la India,Aves,979790
274814683,438b41a7-36ef-49db-8bad-f932b25ac031,2024/07/06 8:45 AM,2024-07-06,2024-07-06 05:15:00 +0200,New Delhi,7958395,mitra_singamaneni,Mitra,2025-04-27 18:45:47 +0200,2025-04-27 19:45:44 +0200,research,,https://www.inaturalist.org/observations/274814683,https://static.inaturalist.org/photos/493917461/medium.jpg,,"",,1,0,false,,"Andhra Pradesh, India",13.5884464047,80.1508774651,122,,,,122,,open,false,,,Tricolored Munia,Lonchura malacca,Capuchino Tricolor de la India,Aves,979790
275683964,216cb78f-ead4-429c-99b3-d43b36f162e7,2025-04-27,2025-04-27,,New Delhi,8069469,anand2937,prof.Anand Bora,2025-04-28 16:21:20 +0200,2025-04-28 18:39:57 +0200,research,,https://www.inaturalist.org/observations/275683964,https://static.inaturalist.org/photos/495300313/medium.jpeg,,"",,1,0,false,2,"2453+3R5, Saykheda, Maharashtra 422210, India",20.0077701419,74.1039405763,199,,,,199,,open,false,gps,gps,Tricolored Munia,Lonchura malacca,Capuchino Tricolor de la India,Aves,979790
277079810,41518e31-21ab-4a45-95b5-a792c75614c3,2025/04/28 7:56 AM,2025-04-28,2025-04-28 04:26:00 +0200,New Delhi,8416093,saby_mon,Sabyasachi Mondal,2025-04-30 19:45:32 +0200,2025-06-06 04:11:20 +0200,research,,https://www.inaturalist.org/observations/277079810,https://static.inaturalist.org/photos/497529785/medium.jpeg,,"",,3,1,false,,"Laxmi Nagar, Delhi, India",28.6303092703,77.264437203,15,,,,15,,open,false,,,Tricolored Munia,Lonchura malacca,Capuchino Tricolor de la India,Aves,979790
277079814,1179a027-33e8-4539-bfec-47ca276b00e4,2025/04/28 7:56 AM,2025-04-28,2025-04-28 04:26:00 +0200,New Delhi,8416093,saby_mon,Sabyasachi Mondal,2025-04-30 19:45:33 +0200,2025-06-04 19:56:04 +0200,research,,https://www.inaturalist.org/observations/277079814,https://static.inaturalist.org/photos/497529911/medium.jpeg,,"",,4,1,false,,"Laxmi Nagar, Delhi, India",28.6300738446,77.2624630972,15,,,,15,,open,false,,,Tricolored Munia,Lonchura malacca,Capuchino Tricolor de la India,Aves,979790
277461587,a5b68cd4-fbd7-4fce-b5e7-6cda5c3e07c0,2025-04-27 05:53:10,2025-04-27,2025-04-27 02:23:10 +0200,New Delhi,9110249,dipak7,Dipak kolhapure,2025-05-01 20:41:43 +0200,2025-05-02 07:18:56 +0200,research,CC-BY-NC,https://www.inaturalist.org/observations/277461587,https://inaturalist-open-data.s3.amazonaws.com/photos/498206070/medium.jpeg,,"",,1,0,false,2,"Rui, Maharashtra 416116, India",16.6918145824,74.4154496491,14,,,,14,,open,false,gps,gps,Tricolored Munia,Lonchura malacca,Capuchino Tricolor de la India,Aves,979790
277952978,7dbc6e46-8bb8-4f07-af57-388776d9d870,2025/05/01 5:20 PM,2025-05-01,2025-05-01 13:50:00 +0200,New Delhi,7557628,faisalfasaludeenfs,faisalfasaludeenfs,2025-05-03 08:00:21 +0200,2025-05-04 09:34:39 +0200,research,,https://www.inaturalist.org/observations/277952978,https://static.inaturalist.org/photos/499088546/medium.jpg,,"",,2,0,false,,"Pavumba, Kerala, India",9.1000156,76.5892774,5581,,,,5581,,open,false,,,Tricolored Munia,Lonchura malacca,Capuchino Tricolor de la India,Aves,979790
278366981,2157d792-c6cf-4af0-9cb1-471dbc74b6a7,2024-12-27 07:30:52,2024-12-27,2024-12-27 03:00:52 +0100,New Delhi,668311,afsarnayakkan,Afsar Nayakkan,2025-05-04 14:08:01 +0200,2025-05-07 13:43:12 +0200,research,CC-BY,https://www.inaturalist.org/observations/278366981,https://inaturalist-open-data.s3.amazonaws.com/photos/499829928/medium.jpeg,,"",,1,0,false,2,Kattampally,11.9446843155,75.3849381208,1860,,,,1860,,open,false,gps,gps,Tricolored Munia,Lonchura malacca,Capuchino Tricolor de la India,Aves,979790
278559615,30a9ea1a-2dd8-4068-895f-11fffb187128,2024/10/27 10:15 AM,2024-10-27,2024-10-27 16:15:00 +0100,Bogota,1256611,esteban_villa,Esteban Villa Restrepo,2025-05-05 00:04:06 +0200,2025-05-07 00:02:03 +0200,research,CC-BY,https://www.inaturalist.org/observations/278559615,https://inaturalist-open-data.s3.amazonaws.com/photos/500166650/medium.jpeg,,"",,1,0,false,,"Rionegro, Antioquia, Colombia",6.1447726616,-75.3871894812,15,,,,15,,open,false,,,Capuchino Tricolor de la India,Lonchura malacca,Capuchino Tricolor de la India,Aves,979790
278732439,5fe1b0bf-fa9b-4662-81c8-e2c267bfc2b4,2017-08-12 14:50:19,2017-08-12,2017-08-12 11:20:19 +0200,New Delhi,2675533,shrikant4,Shrikant Chandrkant Badave,2025-05-05 15:49:09 +0200,2025-05-06 03:19:01 +0200,research,,https://www.inaturalist.org/observations/278732439,https://static.inaturalist.org/photos/500496058/medium.jpeg,,"",,1,0,false,2,"Gursale, Maharashtra 413304, India",17.7247502584,75.3209127858,207,,,,207,,open,false,gps,gps,Lonchura malacca,Lonchura malacca,Capuchino Tricolor de la India,Aves,979790
278746394,8f7b12f9-fd99-4733-8e43-a090d0b62309,2025-05-04 15:09:12,2025-05-04,2025-05-04 11:39:12 +0200,New Delhi,9195230,ranga6,Ranga Images baby studio,2025-05-05 16:50:55 +0200,2025-05-22 16:47:34 +0200,research,CC-BY-NC,https://www.inaturalist.org/observations/278746394,https://inaturalist-open-data.s3.amazonaws.com/photos/500520086/medium.jpeg,,"",https://www.instagram.com/ranga_wildlife_photography?igsh=MThpYWU5YmR0ODgwYQ==,1,0,false,2,"CVW7+8RF Mamidi thota, Bobbilipeta, Andhra Pradesh 532185, India",18.4458144015,83.8645317033,795,,,,795,,open,false,gps,gps,Tricolored Munia,Lonchura malacca,Capuchino Tricolor de la India,Aves,979790
280118230,b3d4f46a-1455-4af2-823b-8f9cb19e64b0,2025/05/10 8:15 AM,2025-05-10,2025-05-10 15:15:00 +0200,Bogota,5237189,gedagach,Germán Darío Gallego Chica,2025-05-11 03:39:15 +0200,2025-05-14 21:03:36 +0200,research,,https://www.inaturalist.org/observations/280118230,https://static.inaturalist.org/photos/503071211/medium.jpeg,,"",,3,0,false,,"Calarca, Quindio, Colombia",4.4581814,-75.7057099,,,,,,,open,false,,,Tricolored Munia,Lonchura malacca,Capuchino Tricolor de la India,Aves,979790
280441077,04c1b5cc-d10e-4224-8a1a-8c0699c0a654,2025-05-10 08:19:00-05:00,2025-05-10,2025-05-10 15:19:00 +0200,Bogota,6373511,cynnnnn,Cynthia Ávila Rojas,2025-05-12 05:26:26 +0200,2025-05-14 21:03:20 +0200,research,,https://www.inaturalist.org/observations/280441077,https://static.inaturalist.org/photos/503679766/medium.jpg,,"","",2,0,false,3,Guayacan natural preserve,4.444793,-75.674526,132,,,,132,,open,false,,,Capuchino Tricolor de la India,Lonchura malacca,Capuchino Tricolor de la India,Aves,979790
280746924,851d86ca-cecf-4ce2-8c99-0e939b83d39d,2025-05-13 16:00:50,2025-05-13,2025-05-13 12:30:50 +0200,New Delhi,9194119,aleenaalpic,,2025-05-13 12:52:32 +0200,2025-06-27 08:19:28 +0200,research,CC-BY-NC,https://www.inaturalist.org/observations/280746924,https://inaturalist-open-data.s3.amazonaws.com/photos/504264534/medium.jpeg,,"",,2,0,false,2,"JM42+M53, Elevancherry, Kerala 678508, India",10.6027111111,76.6480166667,,,,,,,open,false,gps,gps,Tricolored Munia,Lonchura malacca,Capuchino Tricolor de la India,Aves,979790
280880011,32e75f9a-4940-4637-b9d9-d33cf1018590,2022/01/25 7:30 AM,2022-01-25,2022-01-25 13:30:00 +0100,Eastern Time (US & Canada),387421,seymoregulls,Seymore Gulls,2025-05-14 00:13:30 +0200,2025-05-14 03:54:01 +0200,research,CC-BY-NC,https://www.inaturalist.org/observations/280880011,https://inaturalist-open-data.s3.amazonaws.com/photos/504512720/medium.jpg,,"",,1,0,false,,"Torry Island Rd, South Bay, FL 33493, USA",26.7063982,-80.7168961,,,,,,,open,false,,,Tricolored Munia,Lonchura malacca,Capuchino Tricolor de la India,Aves,979790
281688360,3a64bf7c-0a34-4a2a-8b7f-9f5676a95b86,2025/05/17 8:59 AM,2025-05-17,2025-05-17 05:29:00 +0200,New Delhi,7557628,faisalfasaludeenfs,faisalfasaludeenfs,2025-05-17 08:55:01 +0200,2025-05-17 09:11:53 +0200,research,,https://www.inaturalist.org/observations/281688360,https://static.inaturalist.org/photos/506043832/medium.jpg,,"",,1,0,false,,"Muttakavu, Kerala, India",8.8821073813,76.6923743116,1530,,,,1530,,open,false,,,Tricolored Munia,Lonchura malacca,Capuchino Tricolor de la India,Aves,979790
281690877,791e2a87-ee1d-4cad-8691-e696070dcb80,2025/05/17 9:07 AM,2025-05-17,2025-05-17 05:37:00 +0200,New Delhi,7557628,faisalfasaludeenfs,faisalfasaludeenfs,2025-05-17 09:14:59 +0200,2025-05-18 12:11:52 +0200,research,,https://www.inaturalist.org/observations/281690877,https://static.inaturalist.org/photos/506048012/medium.jpg,,"",,1,0,false,,"Muttakavu, Kerala, India",8.8827009982,76.6901427072,2238,,,,2238,,open,false,,,Tricolored Munia,Lonchura malacca,Capuchino Tricolor de la India,Aves,979790
281826707,04eb1380-210e-45e8-944c-dfe0958ec4af,2017-03-15 21:27:18,2017-03-15,2017-03-15 16:57:18 +0100,New Delhi,1911779,souravchakraborty,Sourav Chakraborty,2025-05-17 19:44:02 +0200,2025-06-27 08:11:38 +0200,research,,https://www.inaturalist.org/observations/281826707,https://static.inaturalist.org/photos/506291219/medium.jpg,,"",,1,0,false,2,"Bankura, West Bengal, India",23.2312666366,87.078387402,3365,,,,3365,,open,false,gps,gps,Tricolored Munia,Lonchura malacca,Capuchino Tricolor de la India,Aves,979790
281929957,28d48390-ef70-40ac-9e68-98cba316b4df,2025/05/17 9:30 AM,2025-05-17,2025-05-17 15:30:00 +0200,Puerto Rico,293689,coralaviles,,2025-05-18 02:01:57 +0200,2025-10-15 23:37:46 +0200,research,CC-BY-NC,https://www.inaturalist.org/observations/281929957,https://inaturalist-open-data.s3.amazonaws.com/photos/506467106/medium.jpg,,"","",3,0,false,,"Palmas Altas, Barceloneta, Puerto Rico",18.4635566667,-66.5477916667,,,,,,,open,false,,,Tricolored Munia,Lonchura malacca,Capuchino Tricolor de la India,Aves,979790
282333753,b0be99c3-f80c-47ce-8dcb-70e39bc9a561,2024/12/07 8:00 AM,2024-12-07,2024-12-07 03:30:00 +0100,New Delhi,1912407,johnhenryvm,John Henry,2025-05-19 12:24:23 +0200,2025-05-19 15:49:49 +0200,research,,https://www.inaturalist.org/observations/282333753,https://static.inaturalist.org/photos/507245104/medium.jpg,,"",,1,0,false,,"Kollidam Vazhkai, Tamil Nadu, India",11.1102911142,79.3817130092,19515,,,,19515,,open,false,,,Tricolored Munia,Lonchura malacca,Capuchino Tricolor de la India,Aves,979790
282599602,9d96b39d-be49-4378-996b-3f0e62dbbbbc,2025-05-18,2025-05-18,,New Delhi,8069469,anand2937,prof.Anand Bora,2025-05-20 12:44:43 +0200,2025-05-21 07:52:41 +0200,research,,https://www.inaturalist.org/observations/282599602,https://static.inaturalist.org/photos/507737816/medium.jpg,,"",,1,0,false,2,"2453+3R5, Saykheda, Maharashtra 422210, India",20.0077701419,74.1039405763,199,,,,199,,open,false,gps,gps,Tricolored Munia,Lonchura malacca,Capuchino Tricolor de la India,Aves,979790
283428735,97ecd866-4aeb-47e8-b974-109455af0aa5,2025-05-23 11:50:15,2025-05-23,2025-05-23 19:50:15 +0200,Mexico City,4021344,cuau1,Cuau RT,2025-05-23 19:59:49 +0200,2025-05-24 01:34:52 +0200,research,,https://www.inaturalist.org/observations/283428735,https://static.inaturalist.org/photos/509276852/medium.jpg,,"",,1,0,false,2,"95848 Ver., México",18.5224300257,-95.4540769011,8,,,,8,,open,false,gps,gps,Capuchino Tricolor de la India,Lonchura malacca,Capuchino Tricolor de la India,Aves,979790
283714877,06733084-3688-4a82-98b6-0cd0a3ca273c,2025-05-24 09:28:48,2025-05-24,2025-05-24 15:28:48 +0200,Puerto Rico,898866,shark_7,Eric Torres,2025-05-24 20:55:55 +0200,2025-10-15 23:38:31 +0200,research,,https://www.inaturalist.org/observations/283714877,https://static.inaturalist.org/photos/509812914/medium.jpg,,"",,2,0,false,2,"Palmas Altas, Barceloneta, Puerto Rico",18.4664266695,-66.5402496234,3017,,,,3017,,open,false,gps,gps,Tricolored Munia,Lonchura malacca,Capuchino Tricolor de la India,Aves,979790
283904073,535333e7-301f-4afc-b022-f3893dec9eb8,2025/05/13 8:03 AM,2025-05-13,2025-05-13 04:33:00 +0200,New Delhi,3499217,shivaprakash,,2025-05-25 12:53:27 +0200,2025-05-31 20:54:24 +0200,research,CC-BY-NC,https://www.inaturalist.org/observations/283904073,https://inaturalist-open-data.s3.amazonaws.com/photos/510173532/medium.jpg,,"",,1,0,false,,"Choganahalli, Karnataka 570010, India",12.2430617513,76.7412079925,157,,,,157,,open,false,,,Tricolored Munia,Lonchura malacca,Capuchino Tricolor de la India,Aves,979790
284182373,5edc4411-7d91-4076-936b-526dc08b88e2,2025-05-26 08:20:11,2025-05-26,2025-05-26 04:50:11 +0200,New Delhi,8582174,narendhran,Narendhran,2025-05-26 07:27:30 +0200,2025-05-27 15:54:10 +0200,research,,https://www.inaturalist.org/observations/284182373,https://static.inaturalist.org/photos/510702399/medium.jpg,,"",,1,0,false,2,"Vadakku Venganallur, Tamil Nadu, India",9.4943059517,77.4740564078,266,,,,266,,open,false,gps,gps,Tricolored Munia,Lonchura malacca,Capuchino Tricolor de la India,Aves,979790
284230947,b6ec4968-e15a-4948-b458-e601558fdbf1,2025-05-24 09:53:13,2025-05-24,2025-05-24 06:23:13 +0200,New Delhi,8032814,yash36052,Yash Gardare,2025-05-26 13:58:40 +0200,2025-05-31 20:52:08 +0200,research,,https://www.inaturalist.org/observations/284230947,https://static.inaturalist.org/photos/510793551/medium.jpg,,"",,1,0,false,2,"J7Q3+C4Q, Vadgaon Bande, Maharashtra 412207, India",18.6378972222,74.2549861111,,,,,,,open,false,gps,gps,Tricolored Munia,Lonchura malacca,Capuchino Tricolor de la India,Aves,979790
285579186,98f276a8-9922-407b-b680-5a907577a3be,2025-05-29 07:33:57+05:30,2025-05-29,2025-05-29 04:03:57 +0200,New Delhi,9217155,dhyey16,Dhyey,2025-05-31 12:35:24 +0200,2025-06-07 15:25:05 +0200,research,CC-BY-NC,https://www.inaturalist.org/observations/285579186,https://inaturalist-open-data.s3.amazonaws.com/photos/513323408/medium.jpg,,"","",4,0,false,3,"Chorasi, Surat, Gujarat, IN",21.198127056,72.6940605831,2489,,,,2489,,open,false,,,Tricolored Munia,Lonchura malacca,Capuchino Tricolor de la India,Aves,979790
285961293,a9094f2e-26be-4ca3-acb9-e0d4de4de77a,2025-06-01 07:02:44,2025-06-01,2025-06-01 03:32:44 +0200,New Delhi,9190765,shotsbynaveen,BALAGA NAVEEN,2025-06-01 16:43:36 +0200,2025-06-02 03:50:54 +0200,research,CC-BY-NC,https://www.inaturalist.org/observations/285961293,https://inaturalist-open-data.s3.amazonaws.com/photos/514036488/medium.jpg,,"",,2,0,false,2,"Kondapur, Telangana, India",17.6594990994,78.0602997914,4285,,,,4285,,open,false,gps,gps,Tricolored Munia,Lonchura malacca,Capuchino Tricolor de la India,Aves,979790
287502323,4bd2c4d5-bcb8-415c-856a-b66c01c9c2d1,2025/06/07 8:48 AM,2025-06-07,2025-06-07 05:18:00 +0200,New Delhi,975616,rajukasambe,Raju Kasambe,2025-06-07 09:03:51 +0200,2025-06-07 17:30:19 +0200,research,,https://www.inaturalist.org/observations/287502323,https://static.inaturalist.org/photos/516953176/medium.jpg,,"",,1,0,false,,"Dombivli, Maharashtra, India",19.2094006,73.0939483,5362,,,,5362,,open,false,,,Tricolored Munia,Lonchura malacca,Capuchino Tricolor de la India,Aves,979790
287892538,ef228ab3-13f1-409e-b1fd-583995e6d85a,2025/05/21 8:28 AM,2025-05-21,2025-05-21 04:58:00 +0200,New Delhi,9388284,kavinezhilanm,,2025-06-08 16:26:32 +0200,2025-06-08 17:47:10 +0200,research,CC-BY-NC,https://www.inaturalist.org/observations/287892538,https://inaturalist-open-data.s3.amazonaws.com/photos/517672074/medium.jpg,,"","",1,0,false,,"Pushpagiri, Tamil Nadu 602301, India",12.9084876354,80.0386645728,1138,,,,1138,,open,false,,,Tricolored Munia,Lonchura malacca,Capuchino Tricolor de la India,Aves,979790
288638137,298320b9-9403-4667-91e3-ddf066a71ecf,2025-06-11 08:06:21,2025-06-11,2025-06-11 04:36:21 +0200,New Delhi,5571119,aswinsj,Aswinsribal Jayaraman,2025-06-11 04:47:38 +0200,2025-06-11 08:58:14 +0200,research,,https://www.inaturalist.org/observations/288638137,https://static.inaturalist.org/photos/519094297/medium.jpg,,"",,1,0,false,2,"BLOCK-B65, TVS GREEN HILL, Alappakam, New Perungalathur, Sadhanathapuram, Chennai, Tamil Nadu 600063, India",12.8931097918,80.1123388857,36,,,,36,,open,false,gps,gps,Tricolored Munia,Lonchura malacca,Capuchino Tricolor de la India,Aves,979790
288908292,c29b2902-a779-4487-bbe6-29a78ba76275,2022-06-12 07:20:00,2022-06-12,2022-06-12 03:50:00 +0200,New Delhi,5205617,ankit30,Ankit Goswami,2025-06-12 04:50:41 +0200,2025-06-12 11:59:28 +0200,research,,https://www.inaturalist.org/observations/288908292,https://static.inaturalist.org/photos/519599804/medium.jpg,,"",,1,0,false,2,"86CC+68R, Beliatore, West Bengal 722203, India",23.3206172559,87.2207738087,1588,,,,1588,,open,false,,,Tricolored Munia,Lonchura malacca,Capuchino Tricolor de la India,Aves,979790
289448600,c721056d-807f-4c4f-98a7-6df796d98ea7,2025/06/13 3:05 AM,2025-06-13,2025-06-13 10:05:00 +0200,Bogota,4272679,jacobo_giraldo_,Jacobo Giraldo trejos,2025-06-14 07:50:23 +0200,2025-10-15 21:56:17 +0200,research,,https://www.inaturalist.org/observations/289448600,https://static.inaturalist.org/photos/520614194/medium.jpg,,"",,1,0,false,,"Pereira, Risaralda, Colombia",4.7343536575,-75.7140201532,4,,,,4,,open,false,,,Capuchino Tricolor de la India,Lonchura malacca,Capuchino Tricolor de la India,Aves,979790
289764130,97e6ec72-c053-4470-b0c7-1b99e3b3eb27,2025/06/14 5:32 PM,2025-06-14,2025-06-14 14:02:00 +0200,New Delhi,6604460,anuragmishra1009,Anurag Mishra,2025-06-15 10:50:03 +0200,2025-06-15 15:37:10 +0200,research,,https://www.inaturalist.org/observations/289764130,https://static.inaturalist.org/photos/521167775/medium.jpg,,"",,1,0,false,,"Central Division, Odisha, India",19.8933790472,85.4353861034,122,,,,122,,open,false,,,Tricolored Munia,Lonchura malacca,Capuchino Tricolor de la India,Aves,979790
290325063,0488cda9-5ec0-47b2-b8a0-37a89b8afa75,2025/05/25 1:19 PM,2025-05-25,2025-05-25 09:49:00 +0200,Sri Jayawardenepura,2944549,ededwarddd,Edward,2025-06-17 06:52:56 +0200,2025-06-17 20:28:25 +0200,research,CC-BY-NC,https://www.inaturalist.org/observations/290325063,https://inaturalist-open-data.s3.amazonaws.com/photos/522268605/medium.jpg,,"",,1,0,false,,"Nuwara Eliya, Sri Lanka",6.8318251628,80.8066669754,244,,,,244,,open,false,,,Tricolored Munia,Lonchura malacca,Capuchino Tricolor de la India,Aves,979790
290371396,f6f22724-f9f5-41c6-bca0-bdf47b3f3d45,2025/05/10 7:18 AM,2025-05-10,2025-05-10 03:48:00 +0200,New Delhi,8813828,foreocean,Khirsagar Sahu,2025-06-17 13:27:02 +0200,2025-06-17 14:46:44 +0200,research,CC-BY-NC,https://www.inaturalist.org/observations/290371396,https://inaturalist-open-data.s3.amazonaws.com/photos/522350019/medium.jpg,,"",,1,0,false,,"Krishak Nagar, Purena, Chhattisgarh 492012, India",21.2338490434,81.7012015202,8,,,,8,,open,false,,,Tricolored Munia,Lonchura malacca,Capuchino Tricolor de la India,Aves,979790
290733802,8d97d41e-0c26-460c-ae6c-01446600fba6,2025/06/13 9:20 AM,2025-06-13,2025-06-13 05:50:00 +0200,New Delhi,4254060,mriganka_awati,Mriganka Awati,2025-06-18 20:38:40 +0200,2025-12-06 18:24:56 +0100,research,CC-BY-NC,https://www.inaturalist.org/observations/290733802,https://inaturalist-open-data.s3.amazonaws.com/photos/523031977/medium.jpg,,"",,1,0,false,,Kharghar,19.0796977473,73.0691660015,6965,,,,6965,,open,false,,,Tricolored Munia,Lonchura malacca,Capuchino Tricolor de la India,Aves,979790
290938196,a07287d6-2db8-4713-9632-ca56563ff0f1,2025/06/02 6:21 AM,2025-06-02,2025-06-02 13:21:00 +0200,Bogota,684042,ricardo_sanchez,Ricardo Sánchez,2025-06-19 16:37:37 +0200,2025-06-19 17:14:18 +0200,research,CC-BY-NC,https://www.inaturalist.org/observations/290938196,https://inaturalist-open-data.s3.amazonaws.com/photos/523388524/medium.jpg,,"",,1,0,false,,"Barbosa, Antioquia, Colombia",6.4605390373,-75.3018403777,8,,,,8,,open,false,,,Capuchino Tricolor de la India,Lonchura malacca,Capuchino Tricolor de la India,Aves,979790
291465181,a161046c-748f-4ff0-94f9-96075771c5b7,2020/11/05 4:12 AM,2020-11-05,2020-11-04 23:42:00 +0100,New Delhi,7828268,baranidharans,Baranidharan S,2025-06-21 15:30:44 +0200,2025-06-22 05:45:01 +0200,research,CC-BY-NC,https://www.inaturalist.org/observations/291465181,https://inaturalist-open-data.s3.amazonaws.com/photos/524407660/medium.jpg,,"",,2,0,false,,"Olundiyappattu, Tamil Nadu, India",12.0538839705,79.7784629127,2508,,,,2508,,open,false,,,Tricolored Munia,Lonchura malacca,Capuchino Tricolor de la India,Aves,979790
291685728,8b83f004-fd82-466a-aa4c-c4cd70b19c9c,2020/10/28 9:59 PM,2020-10-28,2020-10-28 17:29:00 +0100,New Delhi,7828268,baranidharans,Baranidharan S,2025-06-22 06:53:44 +0200,2025-06-24 18:50:33 +0200,research,CC-BY-NC,https://www.inaturalist.org/observations/291685728,https://inaturalist-open-data.s3.amazonaws.com/photos/524825141/medium.jpg,,"",,1,0,false,,"Olundiyappattu, Tamil Nadu, India",12.0522052,79.7756305,2508,,,,2508,,open,false,,,Tricolored Munia,Lonchura malacca,Capuchino Tricolor de la India,Aves,979790
291687528,ff35ce3c-258b-40ea-be98-6a5e70ad4bb4,2025/01/01 10:16 AM,2025-01-01,2025-01-01 05:46:00 +0100,New Delhi,8510000,goldenjacana,GOLDENJACANA,2025-06-22 07:08:16 +0200,2025-06-24 18:50:06 +0200,research,CC-BY-NC,https://www.inaturalist.org/observations/291687528,https://inaturalist-open-data.s3.amazonaws.com/photos/524826663/medium.jpg,,"","",1,0,false,,"Perungalathur, Tamil Nadu, India",12.9048703,80.0845623,1969,,,,1969,,open,false,,,Tricolored Munia,Lonchura malacca,Capuchino Tricolor de la India,Aves,979790
291692930,58a2041b-142f-42ec-990e-b17d6d481e79,2025/06/22 9:03 AM,2025-06-22,2025-06-22 05:33:00 +0200,New Delhi,7557628,faisalfasaludeenfs,faisalfasaludeenfs,2025-06-22 07:49:21 +0200,2025-06-22 13:07:13 +0200,research,,https://www.inaturalist.org/observations/291692930,https://static.inaturalist.org/photos/524841361/medium.jpg,,"",,2,0,false,,"Vengara, Thodiyoor, Kerala 690523, India",9.0783084146,76.5775928951,252,,,,252,,open,false,,,Tricolored Munia,Lonchura malacca,Capuchino Tricolor de la India,Aves,979790
291807316,b7c1136c-e385-4bd1-a0b0-09632dad1093,2025-06-22 07:17:06,2025-06-22,2025-06-22 03:47:06 +0200,New Delhi,4552515,ritu2008,Ritu,2025-06-22 17:29:32 +0200,2025-06-22 18:10:33 +0200,research,CC-BY-NC,https://www.inaturalist.org/observations/291807316,https://inaturalist-open-data.s3.amazonaws.com/photos/525055008/medium.jpg,,"",,1,0,false,2,"Udubarani R.F., Tamil Nadu, India",12.40212,77.7114433333,,,,,,,open,false,gps,gps,Tricolored Munia,Lonchura malacca,Capuchino Tricolor de la India,Aves,979790
291807707,4b8408c4-b7f2-404e-9f0c-08b4995166e3,2025-06-22 07:16:09,2025-06-22,2025-06-22 03:46:09 +0200,New Delhi,4552515,ritu2008,Ritu,2025-06-22 17:30:43 +0200,2025-06-22 18:10:36 +0200,research,CC-BY-NC,https://www.inaturalist.org/observations/291807707,https://inaturalist-open-data.s3.amazonaws.com/photos/525055801/medium.jpg,,"",,1,0,false,2,"Udubarani R.F., Tamil Nadu, India",12.4022616667,77.7114433333,,,,,,,open,false,gps,gps,Tricolored Munia,Lonchura malacca,Capuchino Tricolor de la India,Aves,979790
292404144,990521ff-ee21-41f5-9770-997177dea1ad,2025-06-23 07:46:54+05:30,2025-06-23,2025-06-23 04:16:54 +0200,New Delhi,7199402,tejayantrapalli,Teja Yantrapalli,2025-06-24 19:30:57 +0200,2025-06-25 10:15:15 +0200,research,CC-BY,https://www.inaturalist.org/observations/292404144,https://inaturalist-open-data.s3.amazonaws.com/photos/526193003/medium.jpg,,"","",2,0,false,3,"Badvel, YSR, Andhra Pradesh, IN",14.6750533333,79.021225,14,,,,14,,open,false,,,Tricolored Munia,Lonchura malacca,Capuchino Tricolor de la India,Aves,979790
293013502,7111261d-f01d-4c97-a630-1d35013cd580,2025/06/21 6:25 PM,2025-06-21,2025-06-21 14:55:00 +0200,New Delhi,7788847,kirubakaran_valyapathi,Kirubakaran Valyapathi,2025-06-27 02:52:13 +0200,2025-06-27 11:39:12 +0200,research,,https://www.inaturalist.org/observations/293013502,https://static.inaturalist.org/photos/527330688/medium.jpg,,"",,3,0,false,,"Maniyargundam Tank, Kalvarayan Hills",11.8115888437,78.6657951095,114,,,,114,,open,false,,,Tricolored Munia,Lonchura malacca,Capuchino Tricolor de la India,Aves,979790
293674778,a3435a00-d304-403c-9b36-57074bb9b88a,2025-06-29 09:35:55,2025-06-29,2025-06-29 06:05:55 +0200,New Delhi,4552515,ritu2008,Ritu,2025-06-29 11:11:33 +0200,2025-07-09 07:52:49 +0200,research,CC-BY-NC,https://www.inaturalist.org/observations/293674778,https://inaturalist-open-data.s3.amazonaws.com/photos/528545078/medium.jpg,,"",,2,0,false,2,"CP25+3J, Udubarani R.F., Tamil Nadu 635107, India",12.3983166667,77.7085416667,,,,,,,open,false,gps,gps,Tricolored Munia,Lonchura malacca,Capuchino Tricolor de la India,Aves,979790
293676367,7fed246b-4d3a-447e-bb7d-afa4abae9122,2025-06-29 09:12:07,2025-06-29,2025-06-29 05:42:07 +0200,New Delhi,4552515,ritu2008,Ritu,2025-06-29 11:20:25 +0200,2025-07-09 07:52:20 +0200,research,CC-BY-NC,https://www.inaturalist.org/observations/293676367,https://inaturalist-open-data.s3.amazonaws.com/photos/528547441/medium.jpg,,"",,2,0,false,2,"CP25+3J, Udubarani R.F., Tamil Nadu 635107, India",12.401585,77.7108366667,,,,,,,open,false,gps,gps,Tricolored Munia,Lonchura malacca,Capuchino Tricolor de la India,Aves,979790
293681784,51475244-44f2-4932-83dd-e4e1a7764dae,2025-06-29 07:22:21,2025-06-29,2025-06-29 03:52:21 +0200,New Delhi,4552515,ritu2008,Ritu,2025-06-29 11:49:57 +0200,2025-07-09 07:50:27 +0200,research,CC-BY-NC,https://www.inaturalist.org/observations/293681784,https://inaturalist-open-data.s3.amazonaws.com/photos/528556876/medium.jpg,,"",,2,0,false,2,"CP25+3J, Udubarani R.F., Tamil Nadu 635107, India",12.4007466667,77.7110766667,,,,,,,open,false,gps,gps,Tricolored Munia,Lonchura malacca,Capuchino Tricolor de la India,Aves,979790
293681840,22408a8a-6dac-4fb7-8dc8-0fa8f1ca9da8,2025-06-29 07:21:52,2025-06-29,2025-06-29 03:51:52 +0200,New Delhi,4552515,ritu2008,Ritu,2025-06-29 11:50:19 +0200,2025-07-09 07:50:19 +0200,research,CC-BY-NC,https://www.inaturalist.org/observations/293681840,https://inaturalist-open-data.s3.amazonaws.com/photos/528556987/medium.jpg,,"",,2,0,false,2,"CP25+3J, Udubarani R.F., Tamil Nadu 635107, India",12.4007516667,77.71107,,,,,,,open,false,gps,gps,Tricolored Munia,Lonchura malacca,Capuchino Tricolor de la India,Aves,979790
293685538,0c7bda47-753a-4223-b214-b3432ac7e7c0,2025-06-29 06:39:57,2025-06-29,2025-06-29 03:09:57 +0200,New Delhi,4552515,ritu2008,Ritu,2025-06-29 12:11:31 +0200,2025-07-09 07:48:57 +0200,research,CC-BY-NC,https://www.inaturalist.org/observations/293685538,https://inaturalist-open-data.s3.amazonaws.com/photos/528564089/medium.jpg,,"",,2,0,false,2,"CP25+3J, Udubarani R.F., Tamil Nadu 635107, India",12.3991916667,77.7102566667,,,,,,,open,false,gps,gps,Tricolored Munia,Lonchura malacca,Capuchino Tricolor de la India,Aves,979790
293707779,c440ca3d-9e0f-476c-83ad-1c69af84788d,2024/12/22 3:57 PM,2024-12-22,2024-12-22 11:27:00 +0100,New Delhi,5949176,gannu03,Gannu03,2025-06-29 14:06:33 +0200,2025-06-29 15:14:25 +0200,research,CC-BY-SA,https://www.inaturalist.org/observations/293707779,https://inaturalist-open-data.s3.amazonaws.com/photos/528603727/medium.jpg,,"",,1,0,false,,"Gujarat, India",22.6708317,71.5723953,372775,,,,372775,,open,false,,,Tricolored Munia,Lonchura malacca,Capuchino Tricolor de la India,Aves,979790
293707852,f45bf5b0-e953-41c2-adcb-892dc50b70cc,2024/12/22 3:58 PM,2024-12-22,2024-12-22 11:28:00 +0100,New Delhi,5949176,gannu03,Gannu03,2025-06-29 14:07:00 +0200,2025-06-29 15:14:24 +0200,research,CC-BY-SA,https://www.inaturalist.org/observations/293707852,https://inaturalist-open-data.s3.amazonaws.com/photos/528603886/medium.jpg,,"",,1,0,false,,"Gujarat, India",22.6708317,71.5723953,372775,,,,372775,,open,false,,,Tricolored Munia,Lonchura malacca,Capuchino Tricolor de la India,Aves,979790
294269164,f2b2b676-6728-416f-aace-4af3a8650ef8,2023/07/23 8:13 AM,2023-07-23,2023-07-23 04:43:00 +0200,New Delhi,9483455,rakesh_dhareshwar,Rakesh Dhareshwar,2025-07-01 10:41:21 +0200,2025-07-03 07:53:00 +0200,research,CC-BY-NC,https://www.inaturalist.org/observations/294269164,https://inaturalist-open-data.s3.amazonaws.com/photos/529658625/medium.jpg,,"",,2,0,false,,"Jhanjrola, Haryana, India",28.4932055968,76.8837887081,1953,,,,1953,,open,false,,,Tricolored Munia,Lonchura malacca,Capuchino Tricolor de la India,Aves,979790
294406520,e4c5c61b-cdae-4c6b-a805-e168f07752bd,2025/07/01 9:35 AM,2025-07-01,2025-07-01 16:35:00 +0200,Bogota,9472934,lordmalpus,,2025-07-01 22:04:52 +0200,2025-07-08 23:21:20 +0200,research,CC-BY-NC,https://www.inaturalist.org/observations/294406520,https://inaturalist-open-data.s3.amazonaws.com/photos/529912548/medium.jpg,,"",,1,0,false,,"Coyaima, Tolima, Colombia",3.7762876317,-75.1282285177,7325,,,,7325,,open,false,,,Capuchino Tricolor de la India,Lonchura malacca,Capuchino Tricolor de la India,Aves,979790
294859273,c33119aa-a5cb-422d-b58d-f841151e369b,2024/12/15 4:55 PM,2024-12-15,2024-12-15 12:25:00 +0100,New Delhi,7828268,baranidharans,Baranidharan S,2025-07-03 17:02:02 +0200,2025-07-04 01:42:04 +0200,research,CC-BY-NC,https://www.inaturalist.org/observations/294859273,https://inaturalist-open-data.s3.amazonaws.com/photos/530760449/medium.jpg,,"",,1,0,false,,"Olundiyappattu, Tamil Nadu, India",12.0521389948,79.7757152157,948,,,,948,,open,false,,,Tricolored Munia,Lonchura malacca,Capuchino Tricolor de la India,Aves,979790
295261793,f7de502b-8729-44a6-b187-f2e51ec261a5,2025/06/29 9:35 AM,2025-06-29,2025-06-29 06:05:00 +0200,New Delhi,7788847,kirubakaran_valyapathi,Kirubakaran Valyapathi,2025-07-05 02:30:36 +0200,2025-07-16 06:03:23 +0200,research,,https://www.inaturalist.org/observations/295261793,https://static.inaturalist.org/photos/531461881/medium.jpg,,"",,2,0,false,,"Kariyalur p, Tamil Nadu, India",11.811271705,78.713407554,343,,,,343,,open,false,,,Tricolored Munia,Lonchura malacca,Capuchino Tricolor de la India,Aves,979790
295314651,2b32c24a-8e14-4543-ba76-7aa72b69413f,2024/11/07 4:59 PM,2024-11-07,2024-11-07 12:29:00 +0100,New Delhi,2171660,sohaildatadump,Sohail Madan,2025-07-05 08:06:01 +0200,2025-07-05 08:18:40 +0200,research,CC-BY-NC,https://www.inaturalist.org/observations/295314651,https://inaturalist-open-data.s3.amazonaws.com/photos/531626979/medium.jpg,,"",,1,0,false,,"Jabalpur Division, Madhya Pradesh, India",21.8195969412,79.5034775384,1089,,,,1089,,open,false,,,Tricolored Munia,Lonchura malacca,Capuchino Tricolor de la India,Aves,979790
295330816,7a3b184e-9f4e-4fda-a411-cd16e38c1d80,2022/09/15 5:37 PM,2022-09-15,2022-09-15 14:07:00 +0200,New Delhi,2171660,sohaildatadump,Sohail Madan,2025-07-05 10:26:39 +0200,2025-07-05 15:28:35 +0200,research,CC-BY-NC,https://www.inaturalist.org/observations/295330816,https://inaturalist-open-data.s3.amazonaws.com/photos/531655278/medium.jpg,,"",,1,0,false,,"Rajapalayam, Tamil Nadu, India",9.464833695,77.5016631994,11749,,,,11749,,open,false,,,Tricolored Munia,Lonchura malacca,Capuchino Tricolor de la India,Aves,979790
296006493,fcb520e9-716b-42d8-93fe-dc6346f52ca1,2025/06/17 9:32 AM,2025-06-17,2025-06-17 16:32:00 +0200,Bogota,2627643,monroyfotografo,David Monroy R,2025-07-07 17:10:20 +0200,2025-08-15 23:56:21 +0200,research,CC-BY-NC,https://www.inaturalist.org/observations/296006493,https://inaturalist-open-data.s3.amazonaws.com/photos/532942093/medium.jpg,,"",,1,0,false,,"Bosque Kaukitá, Pereira, Risaralda, Colombia",4.8438593178,-75.8187244672,560,,,,560,,open,false,,,Tricolored Munia,Lonchura malacca,Capuchino Tricolor de la India,Aves,979790
296184694,57844402-0865-4a8d-aa85-5ba37585fe19,2025/07/07 11:00 AM,2025-07-07,2025-07-07 19:00:00 +0200,Mexico City,1527666,laurabonillaruiz,Laura bonilla ruiz,2025-07-08 08:02:07 +0200,2025-07-09 05:11:37 +0200,research,,https://www.inaturalist.org/observations/296184694,https://static.inaturalist.org/photos/533290104/medium.jpg,,"","",2,0,false,,"El Espinal, Orizaba, Ver., México",18.8799765937,-97.102964126,4,,,,4,,open,false,,,Capuchino Tricolor de la India,Lonchura malacca,Capuchino Tricolor de la India,Aves,979790
296310818,2339dc3e-c8e4-4058-a62f-31c498fd5346,2025/06/29 02:06,2025-06-29,2025-06-28 22:36:00 +0200,Sri Jayawardenepura,1989660,yichang,,2025-07-08 20:21:26 +0200,2025-07-08 22:16:37 +0200,research,,https://www.inaturalist.org/observations/296310818,https://static.inaturalist.org/photos/533522162/medium.jpg,,"","",1,0,false,,斯里蘭卡卡特勒格默,6.4034059274,81.3279546732,244,,,,244,,open,false,,,Lonchura malacca,Lonchura malacca,Capuchino Tricolor de la India,Aves,979790
296596771,fcceec01-014f-425c-8bc3-0565a23c9f76,2025/07/06 7:19 AM,2025-07-06,2025-07-06 14:19:00 +0200,America/Panama,3113857,manuelprez,Manuel A. Pérez R.,2025-07-09 22:29:59 +0200,2025-07-10 00:24:42 +0200,research,CC-BY-NC,https://www.inaturalist.org/observations/296596771,https://inaturalist-open-data.s3.amazonaws.com/photos/534069120/medium.jpg,,"","",1,0,false,,"Costa sur, Panamá, Provincia de Panamá, Panamá",9.0300551639,-79.419935522,173,,,,173,,open,false,,,Capuchino Tricolor de la India,Lonchura malacca,Capuchino Tricolor de la India,Aves,979790
297326932,f07317e2-61aa-41ae-870b-6a7c46de437d,2025-07-12 08:24:37,2025-07-12,2025-07-12 04:54:37 +0200,New Delhi,3479737,wings8venom,R. N. V. KRISHNA DEEPAK,2025-07-12 18:38:56 +0200,2025-12-15 15:50:43 +0100,research,CC-BY-NC,https://www.inaturalist.org/observations/297326932,https://inaturalist-open-data.s3.amazonaws.com/photos/535459650/medium.jpg,,"",,2,0,false,843,"Mandya, Karnataka, IN",12.4167283333,76.6551533333,6,,,,6,,open,false,,,Tricolored Munia,Lonchura malacca,Capuchino Tricolor de la India,Aves,979790
297539721,7c0684e6-aee3-4d0b-8111-2ef4c86f05f2,2025/06/29 13:55,2025-06-29,2025-06-29 10:25:00 +0200,Sri Jayawardenepura,1265435,fish2bug,"",2025-07-13 12:04:41 +0200,2025-10-08 17:40:37 +0200,research,,https://www.inaturalist.org/observations/297539721,https://static.inaturalist.org/photos/535861376/medium.jpg,,"","",2,0,false,,"78W9+4R Mahasenpura, 斯里蘭卡",6.2952583376,81.3195987445,74,,,,74,,open,false,,,Lonchura malacca,Lonchura malacca,Capuchino Tricolor de la India,Aves,979790
297915717,a6a84383-1470-4a74-9ece-694922f0fbaa,2017-04-21 10:13:49,2017-04-21,2017-04-21 06:43:49 +0200,New Delhi,2460127,adhithyannk,Adhithyan N K,2025-07-14 17:46:57 +0200,2025-07-14 17:48:31 +0200,research,,https://www.inaturalist.org/observations/297915717,https://static.inaturalist.org/photos/536572478/medium.jpg,,"",,1,0,false,2,"Adatt, Kerala 680551, India",10.5381550702,76.1776492372,214,,,,214,,open,false,gps,gps,Tricolored Munia,Lonchura malacca,Capuchino Tricolor de la India,Aves,979790
298215963,221e889e-ecf0-404d-bb74-c14fcb4d2054,2025/07/13 8:22 AM,2025-07-13,2025-07-13 04:52:00 +0200,New Delhi,6507937,gurumukhi,Ram Dayal Vaishnav,2025-07-15 19:55:46 +0200,2025-07-17 16:38:36 +0200,research,CC-BY,https://www.inaturalist.org/observations/298215963,https://inaturalist-open-data.s3.amazonaws.com/photos/537138469/medium.jpg,,"","",3,0,false,,"69PR+MMR, Posettyguda, Telangana 501218, India",17.2367375,78.3916406,866,,,,866,,open,false,,,Tricolored Munia,Lonchura malacca,Capuchino Tricolor de la India,Aves,979790
298668110,64eb15de-9a15-4df7-82fe-ec65bf5408ec,2025-07-06,2025-07-06,,New Delhi,3737538,sindhuharidas,Sindhu Haridas,2025-07-17 15:59:04 +0200,2025-07-18 05:16:55 +0200,research,CC-BY,https://www.inaturalist.org/observations/298668110,https://inaturalist-open-data.s3.amazonaws.com/photos/538011081/medium.jpg,,"",,4,0,false,2,"27J4+WMM, Madayi Para, Pazhayangadi, Kerala 670303, India",12.0323463274,75.2566564456,1235,,,,1235,,open,false,gps,gps,Tricolored Munia,Lonchura malacca,Capuchino Tricolor de la India,Aves,979790
298863709,2de731ed-54f7-4edc-9a55-5cc685d89042,2025/07/17 8:38 PM,2025-07-17,2025-07-17 17:08:00 +0200,New Delhi,5956273,deemopahan,Deepa Mohan,2025-07-18 09:11:56 +0200,2025-07-18 10:11:26 +0200,research,CC-BY-NC,https://www.inaturalist.org/observations/298863709,https://inaturalist-open-data.s3.amazonaws.com/photos/538387454/medium.jpg,,"","Tricolour Munia, Lalbagh/Muthanallurwith Russell Dicker of MS, Blr, 180725",1,0,false,,"Muthanallur Lake, Bommasandra, Karnataka",12.8225173,77.7294705,1349,,,,1349,,open,false,,,Tricolored Munia,Lonchura malacca,Capuchino Tricolor de la India,Aves,979790
299068774,f6e1746f-4bb3-4d60-97d0-235b48d9404b,2024/07/13 8:12 AM,2024-07-13,2024-07-13 04:42:00 +0200,New Delhi,7788847,kirubakaran_valyapathi,Kirubakaran Valyapathi,2025-07-19 03:01:15 +0200,2025-07-19 03:51:03 +0200,research,,https://www.inaturalist.org/observations/299068774,https://static.inaturalist.org/photos/538746898/medium.jpg,,"",https://youtu.be/tyvZSIkMlAc,1,0,false,,Poolavari Lake,11.5975126075,78.1116129174,510,,,,510,,open,false,,,Tricolored Munia,Lonchura malacca,Capuchino Tricolor de la India,Aves,979790
299068791,f2027f6b-e15d-4120-bca0-fb6c2e8aa2cd,2024/07/13 8:31 AM,2024-07-13,2024-07-13 05:01:00 +0200,New Delhi,7788847,kirubakaran_valyapathi,Kirubakaran Valyapathi,2025-07-19 03:01:17 +0200,2025-07-19 06:25:06 +0200,research,,https://www.inaturalist.org/observations/299068791,https://static.inaturalist.org/photos/538746985/medium.jpg,,"",,1,0,false,,Poolavari Lake,11.5975126075,78.1116129174,510,,,,510,,open,false,,,Tricolored Munia,Lonchura malacca,Capuchino Tricolor de la India,Aves,979790
299119994,1b893a7c-e302-4ad9-84e7-e83a44b3d2a2,2025/07/18 8:08 PM,2025-07-18,2025-07-18 16:38:00 +0200,New Delhi,5956273,deemopahan,Deepa Mohan,2025-07-19 09:03:38 +0200,2025-07-19 19:47:45 +0200,research,CC-BY-NC,https://www.inaturalist.org/observations/299119994,https://inaturalist-open-data.s3.amazonaws.com/photos/538875368/medium.jpg,,"","Tricolour Munia, Muthanallur Kere, DMW, 190725",3,0,false,,"Muthanallur Lake, Bommasandra, Karnataka",12.8225173,77.7294705,1349,,,,1349,,open,false,,,Tricolored Munia,Lonchura malacca,Capuchino Tricolor de la India,Aves,979790
300194816,3cd19153-18cc-450c-bc7d-7f3a9ece92e0,2025/07/22 4:12 PM,2025-07-22,2025-07-22 12:42:00 +0200,New Delhi,3612377,vivek_patel,Vivek Patel,2025-07-22 20:35:52 +0200,2025-07-23 07:47:14 +0200,research,CC-BY-NC,https://www.inaturalist.org/observations/300194816,https://inaturalist-open-data.s3.amazonaws.com/photos/540837414/medium.jpg,,"",,1,0,false,,"Bilaspur Division, Chhattisgarh, India",21.8061290318,83.3181106377,2639,,,,2639,,open,false,,,Tricolored Munia,Lonchura malacca,Capuchino Tricolor de la India,Aves,979790
300194818,826ee1a3-198c-4b1a-aafc-fcb593446603,2025/07/22 4:11 PM,2025-07-22,2025-07-22 12:41:00 +0200,New Delhi,3612377,vivek_patel,Vivek Patel,2025-07-22 20:35:53 +0200,2025-07-23 07:47:13 +0200,research,CC-BY-NC,https://www.inaturalist.org/observations/300194818,https://inaturalist-open-data.s3.amazonaws.com/photos/540838219/medium.jpg,,"",,1,0,false,,"Bilaspur Division, Chhattisgarh, India",21.8061290318,83.3181106377,2639,,,,2639,,open,false,,,Tricolored Munia,Lonchura malacca,Capuchino Tricolor de la India,Aves,979790
300194819,34411a65-2b28-4943-8849-12fd729393fa,2025/07/22 4:12 PM,2025-07-22,2025-07-22 12:42:00 +0200,New Delhi,3612377,vivek_patel,Vivek Patel,2025-07-22 20:35:53 +0200,2025-07-24 11:53:14 +0200,research,CC-BY-NC,https://www.inaturalist.org/observations/300194819,https://inaturalist-open-data.s3.amazonaws.com/photos/540837649/medium.jpg,,"",,2,0,false,,"Bilaspur Division, Chhattisgarh, India",21.8061290318,83.3181106377,2639,,,,2639,,open,false,,,Tricolored Munia,Lonchura malacca,Capuchino Tricolor de la India,Aves,979790
301118240,5e50d075-530e-47a1-abbd-1eeede1c3847,2025/07/24 6:23 AM,2025-07-24,2025-07-24 02:53:00 +0200,New Delhi,3612377,vivek_patel,Vivek Patel,2025-07-26 06:31:00 +0200,2025-07-26 06:35:06 +0200,research,CC-BY-NC,https://www.inaturalist.org/observations/301118240,https://inaturalist-open-data.s3.amazonaws.com/photos/542588120/medium.jpg,,"",,1,0,false,,"Bilaspur Division, Chhattisgarh, India",21.8568941441,83.2837481529,4165,,,,4165,,open,false,,,Tricolored Munia,Lonchura malacca,Capuchino Tricolor de la India,Aves,979790
301118241,baa8bead-a334-4999-a1f3-a32c8fa0484e,2025/07/24 6:23 AM,2025-07-24,2025-07-24 02:53:00 +0200,New Delhi,3612377,vivek_patel,Vivek Patel,2025-07-26 06:31:00 +0200,2025-07-26 06:35:07 +0200,research,CC-BY-NC,https://www.inaturalist.org/observations/301118241,https://inaturalist-open-data.s3.amazonaws.com/photos/542588146/medium.jpg,,"",,1,0,false,,"Bilaspur Division, Chhattisgarh, India",21.8568941441,83.2837481529,4165,,,,4165,,open,false,,,Tricolored Munia,Lonchura malacca,Capuchino Tricolor de la India,Aves,979790
301118243,fc452d12-a096-4dc1-a7b8-f131aab85100,2025/07/24 6:23 AM,2025-07-24,2025-07-24 02:53:00 +0200,New Delhi,3612377,vivek_patel,Vivek Patel,2025-07-26 06:31:01 +0200,2025-07-26 06:35:07 +0200,research,CC-BY-NC,https://www.inaturalist.org/observations/301118243,https://inaturalist-open-data.s3.amazonaws.com/photos/542588149/medium.jpg,,"",,1,0,false,,"Bilaspur Division, Chhattisgarh, India",21.8568941441,83.2837481529,4165,,,,4165,,open,false,,,Tricolored Munia,Lonchura malacca,Capuchino Tricolor de la India,Aves,979790
301118244,1eefe6c1-491c-4ce3-ab71-c16c9594c4dc,2025/07/24 6:23 AM,2025-07-24,2025-07-24 02:53:00 +0200,New Delhi,3612377,vivek_patel,Vivek Patel,2025-07-26 06:31:01 +0200,2025-07-26 06:35:08 +0200,research,CC-BY-NC,https://www.inaturalist.org/observations/301118244,https://inaturalist-open-data.s3.amazonaws.com/photos/542588158/medium.jpg,,"",,1,0,false,,"Bilaspur Division, Chhattisgarh, India",21.8568941441,83.2837481529,4165,,,,4165,,open,false,,,Tricolored Munia,Lonchura malacca,Capuchino Tricolor de la India,Aves,979790
301118245,908a1beb-496a-483c-906c-e70ca038a14b,2025/07/24 6:23 AM,2025-07-24,2025-07-24 02:53:00 +0200,New Delhi,3612377,vivek_patel,Vivek Patel,2025-07-26 06:31:01 +0200,2025-07-26 06:39:53 +0200,research,CC-BY-NC,https://www.inaturalist.org/observations/301118245,https://inaturalist-open-data.s3.amazonaws.com/photos/542588184/medium.jpg,,"",,1,0,false,,"Bilaspur Division, Chhattisgarh, India",21.8568941441,83.2837481529,4165,,,,4165,,open,false,,,Tricolored Munia,Lonchura malacca,Capuchino Tricolor de la India,Aves,979790
301118259,8d6b9328-2382-4f25-87ed-c85110783a81,2025/07/24 6:13 AM,2025-07-24,2025-07-24 02:43:00 +0200,New Delhi,3612377,vivek_patel,Vivek Patel,2025-07-26 06:31:04 +0200,2025-07-26 06:34:39 +0200,research,CC-BY-NC,https://www.inaturalist.org/observations/301118259,https://inaturalist-open-data.s3.amazonaws.com/photos/542588306/medium.jpg,,"",,1,0,false,,"Bilaspur Division, Chhattisgarh, India",21.8568941441,83.2837481529,4165,,,,4165,,open,false,,,Tricolored Munia,Lonchura malacca,Capuchino Tricolor de la India,Aves,979790
301118260,d8e20d44-3fdc-4120-8001-5ba16a1361a0,2025/07/24 6:13 AM,2025-07-24,2025-07-24 02:43:00 +0200,New Delhi,3612377,vivek_patel,Vivek Patel,2025-07-26 06:31:04 +0200,2025-07-26 06:34:40 +0200,research,CC-BY-NC,https://www.inaturalist.org/observations/301118260,https://inaturalist-open-data.s3.amazonaws.com/photos/542588325/medium.jpg,,"",,1,0,false,,"Bilaspur Division, Chhattisgarh, India",21.8568941441,83.2837481529,4165,,,,4165,,open,false,,,Tricolored Munia,Lonchura malacca,Capuchino Tricolor de la India,Aves,979790
301118263,d28710b7-33e6-4c3e-965f-51df130cc591,2025/07/24 6:13 AM,2025-07-24,2025-07-24 02:43:00 +0200,New Delhi,3612377,vivek_patel,Vivek Patel,2025-07-26 06:31:05 +0200,2025-07-26 06:34:41 +0200,research,CC-BY-NC,https://www.inaturalist.org/observations/301118263,https://inaturalist-open-data.s3.amazonaws.com/photos/542588323/medium.jpg,,"",,1,0,false,,"Bilaspur Division, Chhattisgarh, India",21.8568941441,83.2837481529,4165,,,,4165,,open,false,,,Tricolored Munia,Lonchura malacca,Capuchino Tricolor de la India,Aves,979790
301118264,11a45204-cfb2-439c-9af1-43f82ad74b5c,2025/07/24 6:13 AM,2025-07-24,2025-07-24 02:43:00 +0200,New Delhi,3612377,vivek_patel,Vivek Patel,2025-07-26 06:31:05 +0200,2025-07-26 06:34:42 +0200,research,CC-BY-NC,https://www.inaturalist.org/observations/301118264,https://inaturalist-open-data.s3.amazonaws.com/photos/542588338/medium.jpg,,"",,1,0,false,,"Bilaspur Division, Chhattisgarh, India",21.8568941441,83.2837481529,4165,,,,4165,,open,false,,,Tricolored Munia,Lonchura malacca,Capuchino Tricolor de la India,Aves,979790
301118267,5bbf0b1b-d4b4-4d47-8b89-a639ac4115c3,2025/07/24 6:06 AM,2025-07-24,2025-07-24 02:36:00 +0200,New Delhi,3612377,vivek_patel,Vivek Patel,2025-07-26 06:31:06 +0200,2025-07-26 06:34:22 +0200,research,CC-BY-NC,https://www.inaturalist.org/observations/301118267,https://inaturalist-open-data.s3.amazonaws.com/photos/542588367/medium.jpg,,"",,1,0,false,,"Bilaspur Division, Chhattisgarh, India",21.8568941441,83.2837481529,4165,,,,4165,,open,false,,,Tricolored Munia,Lonchura malacca,Capuchino Tricolor de la India,Aves,979790
301118268,bef34678-0964-4b9a-b4bc-299443f6ec8a,2025/07/24 6:06 AM,2025-07-24,2025-07-24 02:36:00 +0200,New Delhi,3612377,vivek_patel,Vivek Patel,2025-07-26 06:31:06 +0200,2025-07-26 06:34:21 +0200,research,CC-BY-NC,https://www.inaturalist.org/observations/301118268,https://inaturalist-open-data.s3.amazonaws.com/photos/542588377/medium.jpg,,"",,1,0,false,,"Bilaspur Division, Chhattisgarh, India",21.8568941441,83.2837481529,4165,,,,4165,,open,false,,,Tricolored Munia,Lonchura malacca,Capuchino Tricolor de la India,Aves,979790
301169959,28aedb92-4d60-46ea-a0a8-4cd5f3f231d2,2025/07/26 7:06 AM,2025-07-26,2025-07-26 03:36:00 +0200,New Delhi,6827947,neelakantankk,Neelakantan K.K.,2025-07-26 13:10:58 +0200,2025-07-26 15:37:48 +0200,research,CC-BY-NC,https://www.inaturalist.org/observations/301169959,https://inaturalist-open-data.s3.amazonaws.com/photos/542691168/medium.jpg,,"","",2,0,false,,"Dhanauri, Uttar Pradesh 203201, India",28.3369236624,77.6166107525,583,,,,583,,open,false,,,Tricolored Munia,Lonchura malacca,Capuchino Tricolor de la India,Aves,979790
301228958,37bb2d44-9839-437a-af61-040570da3d6d,2025/07/13 9:13 AM,2025-07-13,2025-07-13 05:43:00 +0200,New Delhi,3499217,shivaprakash,,2025-07-26 17:30:46 +0200,2025-07-27 02:36:40 +0200,research,CC-BY-NC,https://www.inaturalist.org/observations/301228958,https://inaturalist-open-data.s3.amazonaws.com/photos/542796101/medium.jpg,,"",,2,0,false,,"5J85+X3 Doddakaturu kere, Doddakaturu, Karnataka 570008, India",12.1674955,76.6076664,526,,,,526,,open,false,,,Tricolored Munia,Lonchura malacca,Capuchino Tricolor de la India,Aves,979790
301477240,3b0d3189-a44e-4936-b7e3-ec45c42caff3,2025/02/02 9:42 AM,2025-02-02,2025-02-02 05:12:00 +0100,New Delhi,4179939,vivek32,Vivek.N.Rathod,2025-07-27 13:19:46 +0200,2025-07-27 16:19:31 +0200,research,CC-BY-NC-ND,https://www.inaturalist.org/observations/301477240,https://inaturalist-open-data.s3.amazonaws.com/photos/543263972/medium.jpg,,"","",1,0,false,,"Ravivalasa, Andhra Pradesh, India",18.5910161846,84.2574548458,137,,,,137,,open,false,,,Tricolored Munia,Lonchura malacca,Capuchino Tricolor de la India,Aves,979790
301536033,20394862-0c95-473e-af95-bb145b904f6e,2025-07-27,2025-07-27,,New Delhi,628692,drvijaysinghyadav,Dr.Vijay Singh Yadav,2025-07-27 17:11:19 +0200,2025-07-27 23:38:10 +0200,research,CC-BY-NC,https://www.inaturalist.org/observations/301536033,https://inaturalist-open-data.s3.amazonaws.com/photos/543370875/medium.jpg,,"","""One More Colour Abnormal Bird in Jabalpur""

Leucistic Tricolored Munia  or  Lonchura malacca with a pigment abnormality Colour Coding resulting in reduced or absent melanin, causing pale or white patches on the plumage due to Water Pollution or Malnutrition. It's a Fifth bird species of city which is suffering with this deformity, needs more observation and research in this problem.
Maybe it is an indication of some upcoming big problem in birds.
We (Dr Aamir Nasirabadi and me) had observed this bird in the airport road today, in the same place where we had found that leucistic Large Grey Warble near water Lake.
#July2025 #Jabalpur #leucistic #cfnsociety #citizensfornature #MadhyaPradesh",4,0,false,2,Jabalpur,23.1685336207,79.9338797852,17297,,,,17297,,open,false,gps,gps,Tricolored Munia,Lonchura malacca,Capuchino Tricolor de la India,Aves,979790
301741508,7185d75a-0b2f-4c4e-a7a5-1a92bfc3b0ec,2025-07-27 07:50:33,2025-07-27,2025-07-27 04:20:33 +0200,New Delhi,8853,ivijayanand,Vijay Anand Ismavel,2025-07-28 06:26:52 +0200,2025-07-28 06:28:06 +0200,research,CC-BY-NC,https://www.inaturalist.org/observations/301741508,https://inaturalist-open-data.s3.amazonaws.com/photos/543755580/medium.jpg,,"Lonchura malacca, Salem Birds, Salem Birds-15 - Lonchura malacca","Location: Good Samaritan Center, Karumanthurai, Salem District, Tamil Nadu
Date: 27th July 2025",1,0,false,,"Good Samaritan Hospital, Karumanthurai",11.82103,78.624601,,,,,,,open,false,,"",Tricolored Munia,Lonchura malacca,Capuchino Tricolor de la India,Aves,979790
301741527,13132f27-c832-4d1e-9963-22e871ebe48b,2025-07-27 07:47:32,2025-07-27,2025-07-27 04:17:32 +0200,New Delhi,8853,ivijayanand,Vijay Anand Ismavel,2025-07-28 06:26:58 +0200,2025-07-28 06:28:02 +0200,research,CC-BY-NC,https://www.inaturalist.org/observations/301741527,https://inaturalist-open-data.s3.amazonaws.com/photos/543755611/medium.jpg,,"Lonchura malacca, Salem Birds, Salem Birds-10 - Lonchura malacca","Location: Good Samaritan Center, Karumanthurai, Salem District, Tamil Nadu
Date: 27th July 2025",1,0,false,,"Good Samaritan Hospital, Karumanthurai",11.82103,78.624601,,,,,,,open,false,,"",Tricolored Munia,Lonchura malacca,Capuchino Tricolor de la India,Aves,979790
302018662,834aa2d6-ccd5-4635-9a9b-544773813bad,2025/07/25 7:27 PM,2025-07-25,2025-07-25 15:57:00 +0200,Sri Jayawardenepura,7340523,leekelai,leekelai,2025-07-29 07:09:20 +0200,2025-10-08 17:40:55 +0200,research,CC-BY-NC,https://www.inaturalist.org/observations/302018662,https://inaturalist-open-data.s3.amazonaws.com/photos/544274237/medium.jpg,,"",,3,0,false,,"Hambantota, Sri Lanka",6.295708,81.263525,,,,,,,open,false,,,黑头文鸟,Lonchura malacca,Capuchino Tricolor de la India,Aves,979790
302873363,8affc065-bfb4-4c2c-ae3e-874b6f9c5700,2025-08-01 14:07:00,2025-08-01,2025-08-01 10:37:00 +0200,New Delhi,9303966,jeewan4,Jeewan Routela,2025-08-01 17:06:49 +0200,2025-08-02 03:06:06 +0200,research,CC-BY-NC,https://www.inaturalist.org/observations/302873363,https://inaturalist-open-data.s3.amazonaws.com/photos/545859716/medium.jpg,,"",,2,0,false,2,"North Jaspur Range, Uttarakhand, India",29.4179242479,78.9867250621,3482,,,,3482,,open,false,gps,gps,Tricolored Munia,Lonchura malacca,Capuchino Tricolor de la India,Aves,979790
303360508,5c4c4748-3e4e-426d-a4d0-87a3201a2ef4,2025-08-03 10:30:59,2025-08-03,2025-08-03 07:00:59 +0200,New Delhi,4552515,ritu2008,Ritu,2025-08-03 10:36:39 +0200,2025-08-29 17:00:53 +0200,research,CC-BY-NC,https://www.inaturalist.org/observations/303360508,https://inaturalist-open-data.s3.amazonaws.com/photos/546772694/medium.jpg,,"",,3,0,false,2,"Eluvapalli, Tamil Nadu, India",12.7878266667,77.8361566667,,,,,,,open,false,gps,gps,Tricolored Munia,Lonchura malacca,Capuchino Tricolor de la India,Aves,979790
303375127,31e1298c-f131-41b3-9d67-0ecab0dc4f5d,2025-08-03 10:35:41,2025-08-03,2025-08-03 07:05:41 +0200,New Delhi,4552515,ritu2008,Ritu,2025-08-03 12:23:57 +0200,2025-08-23 16:54:43 +0200,research,CC-BY-NC,https://www.inaturalist.org/observations/303375127,https://inaturalist-open-data.s3.amazonaws.com/photos/546801330/medium.jpg,,"",,3,0,false,2,"Eluvapalli, Tamil Nadu, India",12.7878266667,77.8361566667,,,,,,,open,false,gps,gps,Tricolored Munia,Lonchura malacca,Capuchino Tricolor de la India,Aves,979790
303375847,7209d44e-708e-4e4b-89ea-e60793ec457f,2025-08-03 10:33:07,2025-08-03,2025-08-03 07:03:07 +0200,New Delhi,4552515,ritu2008,Ritu,2025-08-03 12:29:11 +0200,2025-08-23 16:54:42 +0200,research,CC-BY-NC,https://www.inaturalist.org/observations/303375847,https://inaturalist-open-data.s3.amazonaws.com/photos/546802752/medium.jpg,,"",,3,0,false,2,"Eluvapalli, Tamil Nadu, India",12.7878116667,77.8361666667,,,,,,,open,false,gps,gps,Tricolored Munia,Lonchura malacca,Capuchino Tricolor de la India,Aves,979790
303376304,c2c988c4-ef41-4d81-a1e4-6b9fb8ff25fe,2025-08-03 10:32:09,2025-08-03,2025-08-03 07:02:09 +0200,New Delhi,4552515,ritu2008,Ritu,2025-08-03 12:32:19 +0200,2025-08-23 16:54:41 +0200,research,CC-BY-NC,https://www.inaturalist.org/observations/303376304,https://inaturalist-open-data.s3.amazonaws.com/photos/546803860/medium.jpg,,"",,3,0,false,2,"Eluvapalli, Tamil Nadu, India",12.7878116667,77.8361666667,,,,,,,open,false,gps,gps,Tricolored Munia,Lonchura malacca,Capuchino Tricolor de la India,Aves,979790
303385938,49495d57-6382-4736-86f3-43070fe3a308,2025-04-06 14:15:01+05:30,2025-04-06,2025-04-06 10:45:01 +0200,Sri Jayawardenepura,7310813,dulana007,Dulana Dulanjana,2025-08-03 13:34:16 +0200,2025-08-27 13:47:22 +0200,research,CC-BY-NC,https://www.inaturalist.org/observations/303385938,https://inaturalist-open-data.s3.amazonaws.com/photos/546823306/medium.jpg,,"","",2,0,false,3,"Horton Plains National Park, Central Province, LK",6.8018124,80.8088803,28,,,,28,,open,false,,,Tricolored Munia,Lonchura malacca,Capuchino Tricolor de la India,Aves,979790
303405770,92e2570d-f1bf-4ee6-9cc3-73e8c75fbb68,2025/08/03 6:27 AM,2025-08-03,2025-08-03 02:57:00 +0200,New Delhi,3143079,kolluruswaroop,kolluru swaroop,2025-08-03 15:12:53 +0200,2025-08-03 18:12:28 +0200,research,,https://www.inaturalist.org/observations/303405770,https://static.inaturalist.org/photos/546858045/medium.jpg,,#allrightsreserved,,3,0,false,,"Andhra Pradesh, India",17.9297544768,83.3785475376,122,,,,122,,open,false,,,Tricolored Munia,Lonchura malacca,Capuchino Tricolor de la India,Aves,979790
303412232,bbafc88b-5a63-4cc5-826f-ec483e9ddc07,2024/11/11 7:07 PM,2024-11-11,2024-11-11 14:37:00 +0100,New Delhi,5215719,shahidsshaikh,SHAHID S SHAIKH (WILDLIFE),2025-08-03 15:39:20 +0200,2025-08-27 17:30:53 +0200,research,CC-BY-NC,https://www.inaturalist.org/observations/303412232,https://inaturalist-open-data.s3.amazonaws.com/photos/546870863/medium.jpg,,"","",4,0,false,,"Sonavale, Maharashtra 421402, India",19.2557898,73.6271293,2433,,,,2433,,open,false,,,Tricolored Munia,Lonchura malacca,Capuchino Tricolor de la India,Aves,979790
303445919,6d328e84-94e6-4980-926f-71baa784d784,2016/11/13 5:45 PM,2016-11-13,2016-11-13 13:15:00 +0100,New Delhi,1517370,colorsinframes,Roshan Shetty,2025-08-03 17:45:16 +0200,2025-08-26 16:04:08 +0200,research,CC-BY-NC,https://www.inaturalist.org/observations/303445919,https://inaturalist-open-data.s3.amazonaws.com/photos/546930846/medium.jpg,,"",,3,0,false,,"Muthanallur Lake, Bommasandra, Karnataka 560099",12.8225173,77.7294705,1349,,,,1349,,open,false,,,Tricolored Munia,Lonchura malacca,Capuchino Tricolor de la India,Aves,979790
303465292,0dcd4945-cd13-4a21-9093-b1d524d315c3,2025-07-27 07:50:33,2025-07-27,2025-07-27 04:20:33 +0200,New Delhi,8853,ivijayanand,Vijay Anand Ismavel,2025-08-03 18:50:10 +0200,2025-08-26 15:49:06 +0200,research,CC-BY-NC,https://www.inaturalist.org/observations/303465292,https://inaturalist-open-data.s3.amazonaws.com/photos/543755580/medium.jpg,,"Lonchura malacca, Salem Birds, Salem Birds-15 - Lonchura malacca","Location: Good Samaritan Center, Karumanthurai, Salem District, Tamil Nadu
Date: 27th July 2025",3,0,false,,"Good Samaritan Hospital, Karumanthurai",11.82103,78.624601,,,,,,,open,false,,"",Tricolored Munia,Lonchura malacca,Capuchino Tricolor de la India,Aves,979790
303465301,d874f156-c7c6-4c67-908d-377d3c98363f,2025-07-27 07:47:32,2025-07-27,2025-07-27 04:17:32 +0200,New Delhi,8853,ivijayanand,Vijay Anand Ismavel,2025-08-03 18:50:12 +0200,2025-08-26 15:48:58 +0200,research,CC-BY-NC,https://www.inaturalist.org/observations/303465301,https://inaturalist-open-data.s3.amazonaws.com/photos/543755611/medium.jpg,,"Lonchura malacca, Salem Birds, Salem Birds-10 - Lonchura malacca","Location: Good Samaritan Center, Karumanthurai, Salem District, Tamil Nadu
Date: 27th July 2025",3,0,false,,"Good Samaritan Hospital, Karumanthurai",11.82103,78.624601,,,,,,,open,false,,"",Tricolored Munia,Lonchura malacca,Capuchino Tricolor de la India,Aves,979790
303645059,3961ab98-e4d9-4365-b8c0-93f605d5af14,2025/08/03 8:10 AM,2025-08-03,2025-08-03 15:10:00 +0200,Bogota,9582977,tiagogomez,Santiago Gomez,2025-08-04 07:20:48 +0200,2025-08-11 15:17:07 +0200,research,CC-BY-NC,https://www.inaturalist.org/observations/303645059,https://inaturalist-open-data.s3.amazonaws.com/photos/547311437/medium.jpg,,"",,1,0,false,,"Bello, Antioquia, Colombia",6.35234452,-75.5394916617,61,,,,61,,open,false,,,Capuchino Tricolor de la India,Lonchura malacca,Capuchino Tricolor de la India,Aves,979790
303837473,854c7f47-506f-4e8f-9077-10d9ca477620,2024/12/24 5:26 AM,2024-12-24,2024-12-24 00:56:00 +0100,New Delhi,9557392,francina_,Francina,2025-08-05 00:40:32 +0200,2025-08-13 20:31:56 +0200,research,CC-BY-NC,https://www.inaturalist.org/observations/303837473,https://inaturalist-open-data.s3.amazonaws.com/photos/547672962/medium.jpg,,"","",3,0,false,,"Surat, Gujarat, India",21.1702401,72.8310607,7268,,,,7268,,open,false,,,Tricolored Munia,Lonchura malacca,Capuchino Tricolor de la India,Aves,979790
304173095,881533c9-c7f4-4164-b170-63fc4e00b58f,2020-12-28 22:49:09,2020-12-28,2020-12-28 18:19:09 +0100,New Delhi,937430,mchunkat,,2025-08-06 09:42:43 +0200,2025-08-07 17:16:40 +0200,research,,https://www.inaturalist.org/observations/304173095,https://static.inaturalist.org/photos/548317168/medium.jpg,,"",,2,0,false,843,"D7 Road, Chennai, Tamil Nadu, IN",12.8824134622,80.2335826793,29,,,,29,,open,false,,,Tricolored Munia,Lonchura malacca,Capuchino Tricolor de la India,Aves,979790
304217704,f989fc1a-c619-49cf-b9fb-c8cd487572a4,2025/08/06 8:48 AM,2025-08-06,2025-08-06 05:18:00 +0200,New Delhi,3612377,vivek_patel,Vivek Patel,2025-08-06 15:05:28 +0200,2025-08-07 17:10:37 +0200,research,CC-BY-NC,https://www.inaturalist.org/observations/304217704,https://inaturalist-open-data.s3.amazonaws.com/photos/548388630/medium.jpg,,"",,2,0,false,,"Nandura Kalan, Madhya Pradesh 450331, India",21.2866975981,76.5024890238,1884,,,,1884,,open,false,,,Tricolored Munia,Lonchura malacca,Capuchino Tricolor de la India,Aves,979790
304217705,ade2be03-1fe8-47e8-ac01-f67e2d4eecc3,2025/08/06 8:48 AM,2025-08-06,2025-08-06 05:18:00 +0200,New Delhi,3612377,vivek_patel,Vivek Patel,2025-08-06 15:05:28 +0200,2025-08-07 17:10:36 +0200,research,CC-BY-NC,https://www.inaturalist.org/observations/304217705,https://inaturalist-open-data.s3.amazonaws.com/photos/548388655/medium.jpg,,"",,2,0,false,,"Nandura Kalan, Madhya Pradesh 450331, India",21.2866975981,76.5024890238,1884,,,,1884,,open,false,,,Tricolored Munia,Lonchura malacca,Capuchino Tricolor de la India,Aves,979790
304409509,19eef0de-05b3-4ac1-ad91-9a213be1373c,2025-08-06 02:24:06,2025-08-06,2025-08-05 22:54:06 +0200,New Delhi,8031594,snehith_astroyogi,Snehith,2025-08-07 08:10:36 +0200,2025-08-07 15:31:06 +0200,research,,https://www.inaturalist.org/observations/304409509,https://static.inaturalist.org/photos/548772872/medium.jpg,,"",,3,0,false,843,"Bengaluru, Karnataka, IN",13.1414138333,77.4910616667,,,,,,,open,false,,,Tricolored Munia,Lonchura malacca,Capuchino Tricolor de la India,Aves,979790
304409531,5939149b-b223-4be9-878d-9de5ae7c1747,2025-08-06 02:24:37,2025-08-06,2025-08-05 22:54:37 +0200,New Delhi,8031594,snehith_astroyogi,Snehith,2025-08-07 08:10:46 +0200,2025-08-07 15:30:59 +0200,research,,https://www.inaturalist.org/observations/304409531,https://static.inaturalist.org/photos/548772901/medium.jpg,,"",,3,0,false,843,"Bengaluru, Karnataka, IN",13.1414138333,77.4910616667,,,,,,,open,false,,,Tricolored Munia,Lonchura malacca,Capuchino Tricolor de la India,Aves,979790
304421610,eaafc1dd-b8c6-43a6-9eef-d5756c27e5d7,2023-07-23 16:29:41,2023-07-23,2023-07-23 12:59:41 +0200,New Delhi,9612920,navneetbirdboy,navneet,2025-08-07 10:11:55 +0200,2025-08-07 10:59:11 +0200,research,CC-BY-NC,https://www.inaturalist.org/observations/304421610,https://inaturalist-open-data.s3.amazonaws.com/photos/548797364/medium.jpg,,"",,2,0,false,2,"29/D, Raja Colony, Tiruchirappalli, Tamil Nadu 620001, India",10.8023958789,78.6720097438,215,,,,215,,open,false,gps,gps,Tricolored Munia,Lonchura malacca,Capuchino Tricolor de la India,Aves,979790
304433807,431ba7db-934b-4429-81c1-92154a1ee899,2025/04/01 9:50 AM,2025-04-01,2025-04-01 06:20:00 +0200,New Delhi,2119456,udayagashe,Uday Agashe,2025-08-07 11:52:23 +0200,2025-08-18 18:20:49 +0200,research,CC-BY-NC,https://www.inaturalist.org/observations/304433807,https://inaturalist-open-data.s3.amazonaws.com/photos/548818679/medium.jpg,,"Kopar, Location, Maharashtra, Thane, Wetlands around Dombivali",,3,0,false,,Kopar Creek,19.2181576712,73.072250818,592,,,,592,,open,false,,,Tricolored Munia,Lonchura malacca,Capuchino Tricolor de la India,Aves,979790
304433808,6a4c9566-07b9-454b-a9bd-70ddb0f25d88,2025/04/01 9:59 AM,2025-04-01,2025-04-01 06:29:00 +0200,New Delhi,2119456,udayagashe,Uday Agashe,2025-08-07 11:52:24 +0200,2025-08-18 18:20:44 +0200,research,CC-BY-NC,https://www.inaturalist.org/observations/304433808,https://inaturalist-open-data.s3.amazonaws.com/photos/548818681/medium.jpg,,"Kopar, Location, Maharashtra, Thane, Wetlands around Dombivali",,4,0,false,,Kopar Creek,19.2181576712,73.072250818,592,,,,592,,open,false,,,Tricolored Munia,Lonchura malacca,Capuchino Tricolor de la India,Aves,979790
304433810,6e762b77-e60a-4187-b006-7860abdd67ea,2025/04/01 10:00 AM,2025-04-01,2025-04-01 06:30:00 +0200,New Delhi,2119456,udayagashe,Uday Agashe,2025-08-07 11:52:24 +0200,2025-08-18 18:20:43 +0200,research,CC-BY-NC,https://www.inaturalist.org/observations/304433810,https://inaturalist-open-data.s3.amazonaws.com/photos/548818687/medium.jpg,,"Kopar, Location, Maharashtra, Thane, Wetlands around Dombivali",,4,0,false,,Kopar Creek,19.2181576712,73.072250818,592,,,,592,,open,false,,,Tricolored Munia,Lonchura malacca,Capuchino Tricolor de la India,Aves,979790
304433813,10133319-bbfb-4ea9-9d95-5ce7cfcfd00d,2025/04/01 10:01 AM,2025-04-01,2025-04-01 06:31:00 +0200,New Delhi,2119456,udayagashe,Uday Agashe,2025-08-07 11:52:24 +0200,2025-08-18 18:20:42 +0200,research,CC-BY-NC,https://www.inaturalist.org/observations/304433813,https://inaturalist-open-data.s3.amazonaws.com/photos/548818691/medium.jpg,,"Kopar, Location, Maharashtra, Thane, Wetlands around Dombivali",,4,0,false,,Kopar Creek,19.2181576712,73.072250818,592,,,,592,,open,false,,,Tricolored Munia,Lonchura malacca,Capuchino Tricolor de la India,Aves,979790
304433814,550cc90c-9bc8-4c3c-84ba-bc09f76f1d07,2025/04/01 10:02 AM,2025-04-01,2025-04-01 06:32:00 +0200,New Delhi,2119456,udayagashe,Uday Agashe,2025-08-07 11:52:25 +0200,2025-08-18 18:20:46 +0200,research,CC-BY-NC,https://www.inaturalist.org/observations/304433814,https://inaturalist-open-data.s3.amazonaws.com/photos/548818697/medium.jpg,,"Kopar, Location, Maharashtra, Thane, Wetlands around Dombivali",,4,0,false,,Kopar Creek,19.2181576712,73.072250818,592,,,,592,,open,false,,,Tricolored Munia,Lonchura malacca,Capuchino Tricolor de la India,Aves,979790
304817988,4fd6b712-5384-4d27-86e3-3927f2028945,2023/11/21 5:12 AM,2023-11-21,2023-11-21 00:42:00 +0100,Sri Jayawardenepura,3793572,scompeti,Simon Bradfield,2025-08-08 23:42:51 +0200,2025-10-08 17:23:49 +0200,research,CC-BY-NC,https://www.inaturalist.org/observations/304817988,https://inaturalist-open-data.s3.amazonaws.com/photos/549542315/medium.jpg,,"",,2,0,false,,"Horton Plains (lasang), Sri Lanka",6.8252778,80.7211111,211,,,,211,,open,false,,,Tricolored Munia,Lonchura malacca,Capuchino Tricolor de la India,Aves,979790
305241260,016b5016-b108-4944-adbb-01311fe89a6d,2025-08-10 10:05:52,2025-08-10,2025-08-10 06:35:52 +0200,New Delhi,4552515,ritu2008,Ritu,2025-08-10 16:13:24 +0200,2025-08-10 17:10:10 +0200,research,CC-BY-NC,https://www.inaturalist.org/observations/305241260,https://inaturalist-open-data.s3.amazonaws.com/photos/550340321/medium.jpg,,"",,2,0,false,2,"QRQM+C2R, Nallur, Tamil Nadu 635103, India",12.7881716667,77.836005,,,,,,,open,false,gps,gps,Tricolored Munia,Lonchura malacca,Capuchino Tricolor de la India,Aves,979790
305244660,cbc49a34-7f45-4afb-96b5-acd3c79bbaeb,2025-08-10 09:53:41,2025-08-10,2025-08-10 06:23:41 +0200,New Delhi,4552515,ritu2008,Ritu,2025-08-10 16:26:25 +0200,2025-08-10 17:08:44 +0200,research,CC-BY-NC,https://www.inaturalist.org/observations/305244660,https://inaturalist-open-data.s3.amazonaws.com/photos/550346855/medium.jpg,,"",,2,0,false,2,"Eluvapalli, Tamil Nadu, India",12.78809,77.8362016667,,,,,,,open,false,gps,gps,Tricolored Munia,Lonchura malacca,Capuchino Tricolor de la India,Aves,979790
305244693,477ea996-200c-4924-8c1c-34af59e1fee7,2025-08-10 09:52:50,2025-08-10,2025-08-10 06:22:50 +0200,New Delhi,4552515,ritu2008,Ritu,2025-08-10 16:26:33 +0200,2025-08-10 17:08:29 +0200,research,CC-BY-NC,https://www.inaturalist.org/observations/305244693,https://inaturalist-open-data.s3.amazonaws.com/photos/550348038/medium.jpg,,"",,2,0,false,2,"Eluvapalli, Tamil Nadu, India",12.7881016667,77.8362066667,,,,,,,open,false,gps,gps,Tricolored Munia,Lonchura malacca,Capuchino Tricolor de la India,Aves,979790
305245443,0710292f-4d1a-4bc4-8112-9b0c15a7ca28,2025-08-10 09:52:14,2025-08-10,2025-08-10 06:22:14 +0200,New Delhi,4552515,ritu2008,Ritu,2025-08-10 16:29:03 +0200,2025-08-10 17:08:27 +0200,research,CC-BY-NC,https://www.inaturalist.org/observations/305245443,https://inaturalist-open-data.s3.amazonaws.com/photos/550348515/medium.jpg,,"",,2,0,false,2,"Eluvapalli, Tamil Nadu, India",12.7881016667,77.8362066667,,,,,,,open,false,gps,gps,Tricolored Munia,Lonchura malacca,Capuchino Tricolor de la India,Aves,979790
305246341,00981003-a7fb-48dd-bd8d-c3f79bca3728,2025-08-10 09:51:48,2025-08-10,2025-08-10 06:21:48 +0200,New Delhi,4552515,ritu2008,Ritu,2025-08-10 16:31:10 +0200,2025-08-10 17:08:26 +0200,research,CC-BY-NC,https://www.inaturalist.org/observations/305246341,https://inaturalist-open-data.s3.amazonaws.com/photos/550349482/medium.jpg,,"",,2,0,false,2,"Eluvapalli, Tamil Nadu, India",12.7881016667,77.8362066667,,,,,,,open,false,gps,gps,Tricolored Munia,Lonchura malacca,Capuchino Tricolor de la India,Aves,979790
305246627,e0518d71-a106-4e4c-a2c6-414bb15ae378,2025-08-10 09:51:11,2025-08-10,2025-08-10 06:21:11 +0200,New Delhi,4552515,ritu2008,Ritu,2025-08-10 16:32:07 +0200,2025-08-10 17:10:44 +0200,research,CC-BY-NC,https://www.inaturalist.org/observations/305246627,https://inaturalist-open-data.s3.amazonaws.com/photos/550350044/medium.jpg,,"",,2,0,false,2,"Eluvapalli, Tamil Nadu, India",12.7881016667,77.8362066667,,,,,,,open,false,gps,gps,Tricolored Munia,Lonchura malacca,Capuchino Tricolor de la India,Aves,979790
305247024,8c06f2ff-d280-4611-9903-d98b542a2841,2025-08-10 09:51:06,2025-08-10,2025-08-10 06:21:06 +0200,New Delhi,4552515,ritu2008,Ritu,2025-08-10 16:33:34 +0200,2025-08-10 17:08:28 +0200,research,CC-BY-NC,https://www.inaturalist.org/observations/305247024,https://inaturalist-open-data.s3.amazonaws.com/photos/550351062/medium.jpg,,"",,2,0,false,2,"Eluvapalli, Tamil Nadu, India",12.7881016667,77.8362066667,,,,,,,open,false,gps,gps,Tricolored Munia,Lonchura malacca,Capuchino Tricolor de la India,Aves,979790
305247906,d7bf860a-3189-4ee5-9580-080aa5b79516,2025-08-10 09:49:21,2025-08-10,2025-08-10 06:19:21 +0200,New Delhi,4552515,ritu2008,Ritu,2025-08-10 16:36:44 +0200,2025-08-10 17:08:07 +0200,research,CC-BY-NC,https://www.inaturalist.org/observations/305247906,https://inaturalist-open-data.s3.amazonaws.com/photos/550352328/medium.jpg,,"",,2,0,false,2,"Eluvapalli, Tamil Nadu, India",12.7880666667,77.8362316667,,,,,,,open,false,gps,gps,Tricolored Munia,Lonchura malacca,Capuchino Tricolor de la India,Aves,979790
305251853,9198c6cc-bc15-4cf9-b3a0-441813498a4c,2025-08-10 09:39:03,2025-08-10,2025-08-10 06:09:03 +0200,New Delhi,4552515,ritu2008,Ritu,2025-08-10 16:51:17 +0200,2025-08-10 18:48:02 +0200,research,CC-BY-NC,https://www.inaturalist.org/observations/305251853,https://inaturalist-open-data.s3.amazonaws.com/photos/550359246/medium.jpg,,"",,2,0,false,2,"Eluvapalli, Tamil Nadu, India",12.7873666667,77.8363733333,,,,,,,open,false,gps,gps,Tricolored Munia,Lonchura malacca,Capuchino Tricolor de la India,Aves,979790
305262068,ac029576-a8d2-43b7-9be9-8c103ba3441a,2025-08-10 09:20:25,2025-08-10,2025-08-10 05:50:25 +0200,New Delhi,4552515,ritu2008,Ritu,2025-08-10 17:26:11 +0200,2025-08-10 18:43:17 +0200,research,CC-BY-NC,https://www.inaturalist.org/observations/305262068,https://inaturalist-open-data.s3.amazonaws.com/photos/550378080/medium.jpg,,"",,2,0,false,2,"Eluvapalli, Tamil Nadu, India",12.7873666667,77.8363816667,,,,,,,open,false,gps,gps,Tricolored Munia,Lonchura malacca,Capuchino Tricolor de la India,Aves,979790
305469371,d43fbbda-6f97-4a4b-a44b-bf6b844db4ab,2025/08/06 7:39 AM,2025-08-06,2025-08-06 04:09:00 +0200,New Delhi,3499217,shivaprakash,,2025-08-11 09:54:12 +0200,2025-09-07 12:35:49 +0200,research,CC-BY-NC,https://www.inaturalist.org/observations/305469371,https://inaturalist-open-data.s3.amazonaws.com/photos/550777137/medium.jpg,,"",,3,0,false,,"Malleshwara hillock Temple foothills, Maddur, Karnataka, India",12.1575011724,76.4627931603,61,,,,61,,open,false,,,Tricolored Munia,Lonchura malacca,Capuchino Tricolor de la India,Aves,979790
305492257,5e3a976d-9b63-4131-a30c-b26100041ce0,2025/06/28 7:01 AM,2025-06-28,2025-06-28 03:31:00 +0200,New Delhi,9370964,digvijay6,Digvijay,2025-08-11 12:44:47 +0200,2025-08-11 12:45:41 +0200,research,CC-BY-NC,https://www.inaturalist.org/observations/305492257,https://inaturalist-open-data.s3.amazonaws.com/photos/550817950/medium.jpg,,"","",1,0,false,,"5HPV+33G Tarahunise lake, Rajanukunte, Kuduragere, Karnataka 562157, India",13.1851751,77.592711,210,,,,210,,open,false,,,Tricolored Munia,Lonchura malacca,Capuchino Tricolor de la India,Aves,979790
305514938,1572a9a5-9f0c-4eb7-a5e6-e3709aee740a,2025/08/10 6:57 AM,2025-08-10,2025-08-10 03:27:00 +0200,New Delhi,3143079,kolluruswaroop,kolluru swaroop,2025-08-11 15:08:02 +0200,2025-08-11 15:11:41 +0200,research,,https://www.inaturalist.org/observations/305514938,https://static.inaturalist.org/photos/550860757/medium.jpg,,#allrightsreserved,,1,0,false,,"Andhra Pradesh, India",17.9280842199,83.3776892307,122,,,,122,,open,false,,,Tricolored Munia,Lonchura malacca,Capuchino Tricolor de la India,Aves,979790
305849650,22e2b67c-5561-4398-8dca-d6ae50663206,2025/08/01 6:45 AM,2025-08-01,2025-08-01 03:15:00 +0200,New Delhi,7171671,duncan56861,Duncan Breen,2025-08-12 21:49:17 +0200,2025-08-13 11:11:19 +0200,research,,https://www.inaturalist.org/observations/305849650,https://static.inaturalist.org/photos/551493598/medium.jpg,,"",,2,0,false,,"F-3, Uttarakhand, India",29.5533554483,78.8694777898,3906,,,,3906,,open,false,,,Tricolored Munia,Lonchura malacca,Capuchino Tricolor de la India,Aves,979790
306003357,11b9e074-1f20-493c-9980-a508e5ac34aa,2025-08-13 16:51:00,2025-08-13,2025-08-13 12:51:00 +0200,Dhaka,7971805,shabab45,Shabab Mahmood,2025-08-13 15:13:38 +0200,2025-09-01 19:04:32 +0200,research,CC-BY-NC,https://www.inaturalist.org/observations/306003357,https://inaturalist-open-data.s3.amazonaws.com/photos/551790033/medium.jpg,,"",,3,0,false,2,"557J+MVQ, Jashore, Bangladesh",23.1666755574,89.1832918301,54,,,,54,,open,false,gps,gps,Tricolored Munia,Lonchura malacca,Capuchino Tricolor de la India,Aves,979790
306678501,9f8d035d-8e51-4caf-b068-888bd1aeb56d,2020/12/27 10:05 AM,2020-12-27,2020-12-27 05:35:00 +0100,New Delhi,9643540,soumyax7,Soumya Ranjan Biswal,2025-08-16 10:26:04 +0200,2025-08-16 11:19:05 +0200,research,CC-BY-NC,https://www.inaturalist.org/observations/306678501,https://inaturalist-open-data.s3.amazonaws.com/photos/553081244/medium.jpg,,"",,1,0,false,,"Sundargarh, Odisha, India",22.120021,84.037224,4488,,,,4488,,open,false,,,Tricolored Munia,Lonchura malacca,Capuchino Tricolor de la India,Aves,979790
306706860,3e0e95d4-b4fd-4f5e-8ebb-e3841979bdbb,2025/08/15 5:50 AM,2025-08-15,2025-08-15 12:50:00 +0200,America/Cancun,536291,trinchan,Luis Trinchan,2025-08-16 13:58:37 +0200,2025-08-17 17:28:09 +0200,research,CC-BY-NC,https://www.inaturalist.org/observations/306706860,https://inaturalist-open-data.s3.amazonaws.com/photos/553131824/medium.jpg,,"",,1,0,false,,"Tulum Municipality, Quintana Roo, Mexico",20.4917474456,-87.7379135445,427,,,,427,,open,false,,,Tricolored Munia,Lonchura malacca,Capuchino Tricolor de la India,Aves,979790
306725904,36f7f274-117c-4b1e-b6ab-4e3c42e675ac,2025-08-16 18:03:55,2025-08-16,2025-08-16 14:33:55 +0200,New Delhi,4552515,ritu2008,Ritu,2025-08-16 15:36:31 +0200,2025-08-17 07:20:39 +0200,research,CC-BY-NC,https://www.inaturalist.org/observations/306725904,https://inaturalist-open-data.s3.amazonaws.com/photos/553167245/medium.jpg,,"",,2,0,false,2,"Sukkampatti, Tamil Nadu 636122, India",11.74656,78.2702166667,,,,,,,open,false,gps,gps,Tricolored Munia,Lonchura malacca,Capuchino Tricolor de la India,Aves,979790
306940090,df2b6845-6b82-4586-98a0-03cbeea363ea,2025/08/17 8:19 AM,2025-08-17,2025-08-17 04:49:00 +0200,New Delhi,1625647,sagarika_chen,Sagarika Gupta,2025-08-17 09:21:17 +0200,2025-09-06 17:17:40 +0200,research,CC-BY-NC,https://www.inaturalist.org/observations/306940090,https://inaturalist-open-data.s3.amazonaws.com/photos/553574951/medium.jpg,,"","",2,0,false,,"Karapakkam, Chennai, Tamil Nadu, India",12.9190519,80.2300343,1631,,,,1631,,open,false,,,Tricolored Munia,Lonchura malacca,Capuchino Tricolor de la India,Aves,979790
306984132,77d2157e-1513-461b-92a3-bfe51191ce44,2025-08-16 07:44:05,2025-08-16,2025-08-16 04:14:05 +0200,New Delhi,4552515,ritu2008,Ritu,2025-08-17 14:22:16 +0200,2025-09-06 17:14:44 +0200,research,CC-BY-NC,https://www.inaturalist.org/observations/306984132,https://inaturalist-open-data.s3.amazonaws.com/photos/553658605/medium.jpg,,"",,2,0,false,2,"Sukkampatti, Tamil Nadu 636122, India",11.7420733333,78.2799516667,,,,,,,open,false,gps,gps,Tricolored Munia,Lonchura malacca,Capuchino Tricolor de la India,Aves,979790
307492208,41d33aab-7a9c-4431-a4d1-a0710685e4f0,2016/11/15 7:13 AM,2016-11-15,2016-11-15 02:43:00 +0100,New Delhi,991814,metalquip,,2025-08-19 14:22:28 +0200,2025-08-19 14:30:26 +0200,research,CC-BY-NC,https://www.inaturalist.org/observations/307492208,https://inaturalist-open-data.s3.amazonaws.com/photos/554640507/medium.jpg,,"",,1,0,false,,"Mandhar, Chhattisgarh 493111, India",21.3479616,81.7075878,2760,,,,2760,,open,false,,,Tricolored Munia,Lonchura malacca,Capuchino Tricolor de la India,Aves,979790
307525432,dbf260c2-484a-4226-b749-39c6713744f1,2017/10/17 10:27 AM,2017-10-17,2017-10-17 06:57:00 +0200,New Delhi,991814,metalquip,,2025-08-19 17:11:22 +0200,2025-08-19 18:08:49 +0200,research,CC-BY-NC,https://www.inaturalist.org/observations/307525432,https://inaturalist-open-data.s3.amazonaws.com/photos/554700704/medium.jpg,,"",,2,0,false,,"Nardaha, Chhattisgarh, India",21.3031898,81.7622951,2474,,,,2474,,open,false,,,Tricolored Munia,Lonchura malacca,Capuchino Tricolor de la India,Aves,979790
307525434,b2f6da82-d2f2-4121-aea6-8eba4fbe114d,2017/10/17 9:34 AM,2017-10-17,2017-10-17 06:04:00 +0200,New Delhi,991814,metalquip,,2025-08-19 17:11:23 +0200,2025-08-19 18:08:48 +0200,research,CC-BY-NC,https://www.inaturalist.org/observations/307525434,https://inaturalist-open-data.s3.amazonaws.com/photos/554700745/medium.jpg,,"",,2,0,false,,"Nardaha, Chhattisgarh, India",21.3031898,81.7622951,2474,,,,2474,,open,false,,,Tricolored Munia,Lonchura malacca,Capuchino Tricolor de la India,Aves,979790
307861376,5edd5135-f305-46fe-86e9-bca31b3a66da,2025/08/16 5:54 PM,2025-08-16,2025-08-16 14:24:00 +0200,New Delhi,7788847,kirubakaran_valyapathi,Kirubakaran Valyapathi,2025-08-21 02:25:31 +0200,2025-09-04 18:40:31 +0200,research,,https://www.inaturalist.org/observations/307861376,https://static.inaturalist.org/photos/555348358/medium.jpg,,"",,2,0,false,,"Sri Angalamman Temple Area, Thirumanimuthar River, Kuppanur Area",11.7420104767,78.2797080521,110,,,,110,,open,false,,,Tricolored Munia,Lonchura malacca,Capuchino Tricolor de la India,Aves,979790
307861385,d3db7463-b083-4535-96ef-8c7c6ba8904c,2025/08/16 5:57 PM,2025-08-16,2025-08-16 14:27:00 +0200,New Delhi,7788847,kirubakaran_valyapathi,Kirubakaran Valyapathi,2025-08-21 02:25:34 +0200,2025-09-04 18:40:37 +0200,research,,https://www.inaturalist.org/observations/307861385,https://static.inaturalist.org/photos/555348402/medium.jpg,,"",,2,0,false,,"Sri Angalamman Temple Area, Thirumanimuthar River, Kuppanur Area",11.7420104767,78.2797080521,110,,,,110,,open,false,,,Tricolored Munia,Lonchura malacca,Capuchino Tricolor de la India,Aves,979790
307968539,c1ff8596-971f-4ffd-937d-1f9226abbedf,2025/08/04 7:43 AM,2025-08-04,2025-08-04 15:43:00 +0200,America/Costa_Rica,2794014,talibzuo,Artur Tomaszek,2025-08-21 16:33:58 +0200,2026-02-23 00:59:28 +0100,research,,https://www.inaturalist.org/observations/307968539,https://static.inaturalist.org/photos/555551279/medium.jpg,,"",,2,0,false,,"Guanacaste, CR",10.5757796391,-85.3472509879,5335,,,,31189,obscured,open,true,,,Tricolored Munia,Lonchura malacca,Capuchino Tricolor de la India,Aves,979790
308123548,9efd24af-d7d2-4aa6-99c3-41e775b2d180,2025/08/16 12:54 PM,2025-08-16,2025-08-16 09:24:00 +0200,New Delhi,411582,wouterteunissen,"",2025-08-22 06:45:37 +0200,2025-08-22 14:13:44 +0200,research,,https://www.inaturalist.org/observations/308123548,https://static.inaturalist.org/photos/555863848/medium.jpg,,"",,2,0,false,,"Jhanjraula, Jhanjrola, Haryana, India",28.5004706695,76.8522827948,8,,,,8,,open,false,,,Tricolored Munia,Lonchura malacca,Capuchino Tricolor de la India,Aves,979790
308436198,ba90c732-907a-41ab-a862-4fe77b5cbedb,2018/08/18 8:20 AM,2018-08-18,2018-08-18 04:50:00 +0200,New Delhi,991814,metalquip,,2025-08-23 16:31:11 +0200,2025-08-23 16:52:56 +0200,research,CC-BY-NC,https://www.inaturalist.org/observations/308436198,https://inaturalist-open-data.s3.amazonaws.com/photos/556458269/medium.jpg,,"","",1,0,false,,"Gudhiary Wetlands, Raipur, Chhattisgarh, India",21.258903506,81.6187155763,31,,,,31,,open,false,,,Tricolored Munia,Lonchura malacca,Capuchino Tricolor de la India,Aves,979790
308438529,c9345c26-f825-44ea-9f2c-e6a66cb5d14d,2018/08/04 8:32 AM,2018-08-04,2018-08-04 05:02:00 +0200,New Delhi,991814,metalquip,,2025-08-23 16:40:19 +0200,2025-08-23 16:52:39 +0200,research,CC-BY-NC,https://www.inaturalist.org/observations/308438529,https://inaturalist-open-data.s3.amazonaws.com/photos/556462006/medium.jpg,,"",,2,0,false,,"Gudhiary Wetlands, Raipur, Chhattisgarh, India",21.258903506,81.6187155763,31,,,,31,,open,false,,,Tricolored Munia,Lonchura malacca,Capuchino Tricolor de la India,Aves,979790
308443836,821af103-b656-42fa-a2ac-2f2c38f5ffbc,2018/08/09 7:40 AM,2018-08-09,2018-08-09 04:10:00 +0200,New Delhi,991814,metalquip,,2025-08-23 17:00:43 +0200,2025-08-24 06:49:51 +0200,research,CC-BY-NC,https://www.inaturalist.org/observations/308443836,https://inaturalist-open-data.s3.amazonaws.com/photos/556469572/medium.jpg,,"","",1,0,false,,"Gudhiary Wetlands, Raipur, Chhattisgarh, India",21.258903506,81.6187155763,31,,,,31,,open,false,,,Tricolored Munia,Lonchura malacca,Capuchino Tricolor de la India,Aves,979790
308647739,278c7aec-0f04-48ae-907b-7c9ed28ba65a,2025-06-20 12:08:00,2025-06-20,2025-06-20 08:38:00 +0200,New Delhi,7724340,arpan4438,Arpan Das,2025-08-24 09:27:51 +0200,2025-12-23 22:10:53 +0100,research,,https://www.inaturalist.org/observations/308647739,https://static.inaturalist.org/photos/556864956/medium.jpg,,"",,1,0,false,2,"3QR6+9G5, Bally, West Bengal 743370, India",22.090888961,88.7613659352,200,,,,200,,open,false,gps,gps,Tricolored Munia,Lonchura malacca,Capuchino Tricolor de la India,Aves,979790
308664074,882c29a8-7506-4697-a55b-da1e61aeeec1,2025-07-23 06:25:02,2025-07-23,2025-07-23 02:55:02 +0200,New Delhi,5674617,priyankaforester,Priyanka R,2025-08-24 11:40:31 +0200,2025-08-26 14:35:22 +0200,research,,https://www.inaturalist.org/observations/308664074,https://static.inaturalist.org/photos/556897463/medium.jpg,,"",,2,0,false,2,India,13.0512330552,80.3997557302,20960,,,,31045,obscured,open,true,gps,gps,Tricolored Munia,Lonchura malacca,Capuchino Tricolor de la India,Aves,979790
308929186,fdc680aa-8705-42a7-a9fb-a2e5e404b5e7,2025-08-18 16:33:52,2025-08-18,2025-08-18 13:03:52 +0200,New Delhi,7896520,chaitanya_t,Akshay Chaitanya Talachintala,2025-08-25 07:00:03 +0200,2025-09-25 14:50:11 +0200,research,CC-BY-NC,https://www.inaturalist.org/observations/308929186,https://inaturalist-open-data.s3.amazonaws.com/photos/557411126/medium.jpg,,"",,2,0,false,2,"Kallurpalle Rural, Andhra Pradesh, India",14.3745299986,79.9545673281,2586,,,,2586,,open,false,gps,gps,Tricolored Munia,Lonchura malacca,Capuchino Tricolor de la India,Aves,979790
309032455,fbbb14d5-98fd-48d7-98ae-71601f86951c,2019/02/18 7:46 AM,2019-02-18,2019-02-18 03:16:00 +0100,New Delhi,991814,metalquip,,2025-08-25 18:28:43 +0200,2025-08-26 13:26:25 +0200,research,CC-BY-NC,https://www.inaturalist.org/observations/309032455,https://inaturalist-open-data.s3.amazonaws.com/photos/557603904/medium.jpg,,"","",3,0,false,,"Tandula Lake, Mullegura, Chhattisgarh",20.6821703,81.1692374,8035,,,,8035,,open,false,,,Tricolored Munia,Lonchura malacca,Capuchino Tricolor de la India,Aves,979790
309525807,37053e5e-c2cc-4a3a-855b-b45fef6833e3,2025/08/27 7:19 AM,2025-08-27,2025-08-27 03:49:00 +0200,New Delhi,6827947,neelakantankk,Neelakantan K.K.,2025-08-27 19:02:54 +0200,2025-09-04 11:48:16 +0200,research,CC-BY-NC,https://www.inaturalist.org/observations/309525807,https://inaturalist-open-data.s3.amazonaws.com/photos/558553292/medium.jpg,,"","",4,0,false,,"Haryana, IN",28.5138474308,76.9328356213,574,,,,29607,obscured,open,true,,,Tricolored Munia,Lonchura malacca,Capuchino Tricolor de la India,Aves,979790
309534044,bb6359d7-7cb5-4a3c-9123-3b98dfa8c019,2025/05/24 11:00 PM,2025-05-24,2025-05-24 19:30:00 +0200,New Delhi,3744501,bibhasdn,,2025-08-27 19:37:23 +0200,2025-08-28 12:59:58 +0200,research,CC-BY-NC,https://www.inaturalist.org/observations/309534044,https://inaturalist-open-data.s3.amazonaws.com/photos/558565753/medium.jpg,,"",,2,0,false,,"Chekadi, Kerala, India",11.8401682003,76.1086561493,398,,,,398,,open,false,,,Tricolored Munia,Lonchura malacca,Capuchino Tricolor de la India,Aves,979790
309535103,0c007c4f-c896-4dfc-a9a9-54e03fb6035e,2025/08/27 8:08 AM,2025-08-27,2025-08-27 04:38:00 +0200,New Delhi,6827947,neelakantankk,Neelakantan K.K.,2025-08-27 19:42:22 +0200,2025-08-30 20:04:51 +0200,research,CC-BY-NC,https://www.inaturalist.org/observations/309535103,https://inaturalist-open-data.s3.amazonaws.com/photos/558569519/medium.jpg,,"","",2,0,false,,"Haryana, IN",28.4222108537,76.9333136253,574,,,,29607,obscured,open,true,,,Tricolored Munia,Lonchura malacca,Capuchino Tricolor de la India,Aves,979790
309728041,6723a961-8539-4987-9153-ccf9f3320559,2025/08/17 7:40 AM,2025-08-17,2025-08-17 04:10:00 +0200,New Delhi,7788847,kirubakaran_valyapathi,Kirubakaran Valyapathi,2025-08-28 16:27:07 +0200,2025-08-30 19:29:24 +0200,research,,https://www.inaturalist.org/observations/309728041,https://static.inaturalist.org/photos/558922387/medium.jpg,,"",,3,0,false,,"Paapankuttai, P.Naatamangalam",11.5960696608,78.1350332053,122,,,,122,,open,false,,,Tricolored Munia,Lonchura malacca,Capuchino Tricolor de la India,Aves,979790
309753260,78d7f9c7-676f-4b37-a598-64fd5f19c28e,2025/05/20 7:16 AM,2025-05-20,2025-05-20 03:46:00 +0200,New Delhi,3377371,navaneethsinigeorge,Navaneeth Sini George,2025-08-28 18:20:11 +0200,2025-11-11 03:40:58 +0100,research,CC-BY,https://www.inaturalist.org/observations/309753260,https://inaturalist-open-data.s3.amazonaws.com/photos/558986798/medium.jpg,,"",,1,0,false,,"Konavattam, Vellore, Tamil Nadu, India",12.920723522,79.1199968439,49,,,,49,,open,false,,,Tricolored Munia,Lonchura malacca,Capuchino Tricolor de la India,Aves,979790
309754696,ae5d506c-3cf7-4a50-bdb3-2f5bdff3dcdc,2025/08/27 10:51 AM,2025-08-27,2025-08-27 07:21:00 +0200,New Delhi,7557628,faisalfasaludeenfs,faisalfasaludeenfs,2025-08-28 18:27:22 +0200,2025-08-30 19:28:29 +0200,research,,https://www.inaturalist.org/observations/309754696,https://static.inaturalist.org/photos/558991283/medium.jpg,,"",,3,0,false,,"Kadayanallur, Tamil Nadu, India",9.0778543,77.3451861,8063,,,,8063,,open,false,,,Tricolored Munia,Lonchura malacca,Capuchino Tricolor de la India,Aves,979790
309913580,611f1b6c-5b3c-4b0e-bdee-318da5d9c379,2025/05/21 3:41 PM,2025-05-21,2025-05-21 12:11:00 +0200,New Delhi,3377371,navaneethsinigeorge,Navaneeth Sini George,2025-08-29 11:07:24 +0200,2025-11-11 03:40:58 +0100,research,CC-BY,https://www.inaturalist.org/observations/309913580,https://inaturalist-open-data.s3.amazonaws.com/photos/559300161/medium.jpg,,"",,1,0,false,,"Konavattam, Vellore, Tamil Nadu, India",12.920723522,79.1199968439,49,,,,49,,open,false,,,Tricolored Munia,Lonchura malacca,Capuchino Tricolor de la India,Aves,979790
309918509,e0dba0ee-bc49-44cd-813a-fb9f11ff378c,2024/11/07 15:09,2024-11-07,2024-11-07 10:39:00 +0100,Sri Jayawardenepura,1023164,qin_huang,HUANG QIN,2025-08-29 11:51:31 +0200,2025-10-08 17:23:48 +0200,research,CC-BY,https://www.inaturalist.org/observations/309918509,https://static.inaturalist.org/photos/559309590/medium.jpg,,"",,5,0,false,,"Pelawatte, Ruhunupura, 斯里兰卡",6.8798510627,79.9292401997,136,,,,136,,open,false,,,黑头文鸟,Lonchura malacca,Capuchino Tricolor de la India,Aves,979790
309949059,0b7c1ef3-65d6-4751-89c3-c4f2efdd9c19,2025/05/23 6:39 AM,2025-05-23,2025-05-23 03:09:00 +0200,New Delhi,3377371,navaneethsinigeorge,Navaneeth Sini George,2025-08-29 14:22:31 +0200,2025-11-11 03:40:59 +0100,research,CC-BY,https://www.inaturalist.org/observations/309949059,https://inaturalist-open-data.s3.amazonaws.com/photos/559342210/medium.jpg,,"",,1,0,false,,"Konavattam, Vellore, Tamil Nadu, India",12.920723522,79.1199968439,49,,,,49,,open,false,,,Tricolored Munia,Lonchura malacca,Capuchino Tricolor de la India,Aves,979790
310438659,8f37a894-9bbb-46c0-b99f-3b25dff4f744,2020/10/29 9:37 AM,2020-10-29,2020-10-29 05:07:00 +0100,New Delhi,9696008,ritesh_khabia,Ritesh Khabia,2025-08-31 12:37:14 +0200,2025-08-31 13:01:52 +0200,research,CC-BY-NC,https://www.inaturalist.org/observations/310438659,https://inaturalist-open-data.s3.amazonaws.com/photos/560275815/medium.jpg,,"",,1,0,false,,"Sirpur, Indore, Madhya Pradesh, India",22.6994812397,75.8155904144,15,,,,15,,open,false,,,Tricolored Munia,Lonchura malacca,Capuchino Tricolor de la India,Aves,979790
310545959,a3044cb4-3966-4146-b8e7-a0f3d311540f,2025/08/31 7:54 AM,2025-08-31,2025-08-31 04:24:00 +0200,New Delhi,3744501,bibhasdn,,2025-08-31 20:07:22 +0200,2025-09-01 13:08:00 +0200,research,CC-BY-NC,https://www.inaturalist.org/observations/310545959,https://inaturalist-open-data.s3.amazonaws.com/photos/560483781/medium.jpg,,"",,2,0,false,,"Bangalore Division, Karnataka, India",13.0896551501,77.7640945148,1159,,,,1159,,open,false,,,Tricolored Munia,Lonchura malacca,Capuchino Tricolor de la India,Aves,979790
310737788,9f9b54e3-cd1d-481d-8ae1-5a215d4f9f5b,2025/07/23 10:05 AM,2025-07-23,2025-07-23 06:35:00 +0200,New Delhi,3499217,shivaprakash,,2025-09-01 13:52:55 +0200,2025-09-04 17:58:57 +0200,research,CC-BY-NC,https://www.inaturalist.org/observations/310737788,https://inaturalist-open-data.s3.amazonaws.com/photos/560858469/medium.jpg,,"",,2,0,false,,"Metikuppe, Karnataka, India",12.1063876102,76.2416291942,122,,,,122,,open,false,,,Tricolored Munia,Lonchura malacca,Capuchino Tricolor de la India,Aves,979790
310790303,34076ba2-c6b5-4a3a-83b5-0889f0cda9c6,2025/08/29 8:50 AM,2025-08-29,2025-08-29 05:20:00 +0200,New Delhi,6793845,shilpagadgil,Shilpa Gadgil,2025-09-01 18:09:25 +0200,2025-09-02 12:40:20 +0200,research,CC-BY-NC,https://www.inaturalist.org/observations/310790303,https://inaturalist-open-data.s3.amazonaws.com/photos/560951667/medium.jpg,,"","",2,0,false,,"Tarsod Ganpati Temple, Tarsod, Jalgaon, Maharashtra, India",21.0173143943,75.6372143698,238,,,,238,,open,false,,,Tricolored Munia,Lonchura malacca,Capuchino Tricolor de la India,Aves,979790
310921232,aebfae9e-e94d-4f4b-bc0b-2b5ef7daac10,2025/08/09 7:36 AM,2025-08-09,2025-08-09 15:36:00 +0200,America/Costa_Rica,1065381,rawcomposition,Adam Jackson,2025-09-02 03:13:26 +0200,2026-02-23 01:00:27 +0100,research,CC0,https://www.inaturalist.org/observations/310921232,https://inaturalist-open-data.s3.amazonaws.com/photos/561208357/medium.jpg,,"",,3,0,false,,"Provincia de Guanacaste, Carrillo, Costa Rica",10.584341,-85.594742,,,,,,,open,false,,,Tricolored Munia,Lonchura malacca,Capuchino Tricolor de la India,Aves,979790
310978673,9446c0f0-e1a2-4509-aff5-8c9bd0b0e7ad,2025-09-02 13:40:31,2025-09-02,2025-09-02 10:10:31 +0200,New Delhi,6160565,njanthanne,Nithin,2025-09-02 10:11:45 +0200,2025-09-02 13:18:33 +0200,research,,https://www.inaturalist.org/observations/310978673,https://static.inaturalist.org/photos/561319675/medium.jpg,,"",,2,0,false,2,Edapally,10.0260677235,76.3124751672,4015,,,,4015,,open,false,gps,gps,Tricolored Munia,Lonchura malacca,Capuchino Tricolor de la India,Aves,979790
311010632,157bb353-1e9b-499b-811e-8d8f29aec511,2025/08/31 11:20 AM,2025-08-31,2025-08-31 07:50:00 +0200,New Delhi,3612377,vivek_patel,Vivek Patel,2025-09-02 14:51:13 +0200,2025-09-03 04:25:16 +0200,research,CC-BY-NC,https://www.inaturalist.org/observations/311010632,https://inaturalist-open-data.s3.amazonaws.com/photos/561379120/medium.jpg,,"",,2,0,false,,"Nagjhiri, Madhya Pradesh, India",21.2889234495,76.5142269403,5104,,,,5104,,open,false,,,Tricolored Munia,Lonchura malacca,Capuchino Tricolor de la India,Aves,979790
311010633,def6a0db-2e49-4a6f-8f33-ef65b21bd9f6,2025/08/31 11:20 AM,2025-08-31,2025-08-31 07:50:00 +0200,New Delhi,3612377,vivek_patel,Vivek Patel,2025-09-02 14:51:13 +0200,2025-09-03 04:25:15 +0200,research,CC-BY-NC,https://www.inaturalist.org/observations/311010633,https://inaturalist-open-data.s3.amazonaws.com/photos/561379079/medium.jpg,,"",,2,0,false,,"Nagjhiri, Madhya Pradesh, India",21.2889234495,76.5142269403,5104,,,,5104,,open,false,,,Tricolored Munia,Lonchura malacca,Capuchino Tricolor de la India,Aves,979790
311010663,6e0bc842-8e7f-49fc-adc4-9323282664fe,2025/08/31 11:29 AM,2025-08-31,2025-08-31 07:59:00 +0200,New Delhi,3612377,vivek_patel,Vivek Patel,2025-09-02 14:51:21 +0200,2025-09-03 04:24:17 +0200,research,CC-BY-NC,https://www.inaturalist.org/observations/311010663,https://inaturalist-open-data.s3.amazonaws.com/photos/561379585/medium.jpg,,"",,2,0,false,,"Nagjhiri, Madhya Pradesh, India",21.2889234495,76.5142269403,5104,,,,5104,,open,false,,,Tricolored Munia,Lonchura malacca,Capuchino Tricolor de la India,Aves,979790
311333098,beacda6b-c9f9-46f0-a0c7-5d7a92f0b9ea,2024/02/10 15:40,2024-02-10,2024-02-10 11:10:00 +0100,Sri Jayawardenepura,1364258,nestboxer,Aleksey Levashkin,2025-09-03 22:57:22 +0200,2025-09-04 14:34:26 +0200,research,CC-BY-NC,https://www.inaturalist.org/observations/311333098,https://inaturalist-open-data.s3.amazonaws.com/photos/561998646/medium.jpg,,"","",3,0,false,,"Хамбантота, Шри-Ланка",6.386375,81.4871111111,,,,,,,open,false,,,Черноголовая муния,Lonchura malacca,Capuchino Tricolor de la India,Aves,979790
311418205,a48f8a37-b2cd-4b2b-9257-9d4dd5fc645a,2025/08/23 11:15 AM,2025-08-23,2025-08-23 07:45:00 +0200,Sri Jayawardenepura,7340523,leekelai,leekelai,2025-09-04 09:01:48 +0200,2025-10-08 17:24:04 +0200,research,CC-BY-NC,https://www.inaturalist.org/observations/311418205,https://inaturalist-open-data.s3.amazonaws.com/photos/562159894/medium.jpg,,"",,4,0,false,,"Maha Eliya, Sri Lanka",6.81279,80.804725,,,,,,,open,false,,,黑头文鸟,Lonchura malacca,Capuchino Tricolor de la India,Aves,979790
311673160,66a34e8d-f22a-4f14-88a6-bfa465767a99,2024/12/22 9:47 AM,2024-12-22,2024-12-22 05:02:00 +0100,Kathmandu,7166630,sujanshrestha90,sujan shrestha,2025-09-05 14:06:42 +0200,2025-09-06 12:34:00 +0200,research,,https://www.inaturalist.org/observations/311673160,https://static.inaturalist.org/photos/562656398/medium.jpg,,"","",2,0,false,,"Dibyanagar 44200, Nepal",27.6039916339,84.2483064105,977,,,,977,,open,false,,,Tricolored Munia,Lonchura malacca,Capuchino Tricolor de la India,Aves,979790
311702100,88e3aac8-ea59-4408-82d7-6d92d596ce04,2025-09-05,2025-09-05,,New Delhi,9248619,sneha71262,Sneha Elango,2025-09-05 16:36:17 +0200,2025-09-09 09:40:43 +0200,research,CC-BY-NC,https://www.inaturalist.org/observations/311702100,https://inaturalist-open-data.s3.amazonaws.com/photos/562702699/medium.jpg,,"",,3,0,false,2,"XQ8X+VPF, Boluvampatti, Tamil Nadu 641109, India",10.9671821776,76.7992880568,550,,,,550,,open,false,gps,gps,Tricolored Munia,Lonchura malacca,Capuchino Tricolor de la India,Aves,979790
311789950,e4210aa4-3635-4996-bdbb-1452929e1e86,2025-08-31 07:27:30,2025-08-31,2025-08-31 14:27:30 +0200,Bogota,9091461,jescobarbarahona,Juan F. Escobar,2025-09-06 00:12:25 +0200,2025-09-06 01:51:48 +0200,research,CC-BY-NC,https://www.inaturalist.org/observations/311789950,https://inaturalist-open-data.s3.amazonaws.com/photos/562868008/medium.jpg,,"",,1,0,false,2,"Bugalagrande, Valle del Cauca, Colombia",4.240019432,-76.168480441,673,,,,673,,open,false,gps,gps,Capuchino Tricolor de la India,Lonchura malacca,Capuchino Tricolor de la India,Aves,979790
311880737,4fcc62d6-a1dc-4ce5-9cae-509a565f734e,2025-09-06 07:43:50,2025-09-06,2025-09-06 04:13:50 +0200,New Delhi,3818028,atanu_modak,Atanu Modak,2025-09-06 11:48:11 +0200,2025-09-06 15:51:39 +0200,research,,https://www.inaturalist.org/observations/311880737,https://static.inaturalist.org/photos/563045306/medium.jpg,,"",,3,0,false,2,"V62C+M89, Khaser Bheri, West Bengal 712409, India",22.8512905601,88.2193380967,179,,,,179,,open,false,gps,gps,Tricolored Munia,Lonchura malacca,Capuchino Tricolor de la India,Aves,979790
312183842,6b8643dd-54d7-490a-9a49-ab1d3b1b9310,2025/09/07 7:03 PM,2025-09-07,2025-09-07 15:33:00 +0200,New Delhi,1436437,jayantdeshpande,Jayant M Deshpande,2025-09-07 15:39:13 +0200,2025-09-09 15:16:31 +0200,research,CC-BY-NC,https://www.inaturalist.org/observations/312183842,https://inaturalist-open-data.s3.amazonaws.com/photos/563612433/medium.jpg,,"",,2,0,false,,"Pune Division, Maharashtra, India",18.3951460612,74.1194097246,2125,,,,2125,,open,false,,,Tricolored Munia,Lonchura malacca,Capuchino Tricolor de la India,Aves,979790
312345879,0a98d5d6-d811-45a5-97e3-2497ac49e356,2025/08/21 7:51 AM,2025-08-21,2025-08-21 04:06:00 +0200,Kathmandu,7166630,sujanshrestha90,sujan shrestha,2025-09-08 02:35:23 +0200,2025-09-08 17:54:53 +0200,research,,https://www.inaturalist.org/observations/312345879,https://static.inaturalist.org/photos/563922529/medium.jpg,,"","",2,0,false,,"Duwakot, Nepal",27.7053754546,85.3983137572,61,,,,61,,open,false,,,Tricolored Munia,Lonchura malacca,Capuchino Tricolor de la India,Aves,979790
312493768,ab822531-62a6-4815-bd1e-90d989a80266,2025-09-08 12:11:22,2025-09-08,2025-09-08 08:41:22 +0200,New Delhi,7683696,vivek_parmar,Vivek Parmar,2025-09-08 19:28:51 +0200,2025-09-09 12:23:59 +0200,research,,https://www.inaturalist.org/observations/312493768,https://static.inaturalist.org/photos/564210071/medium.jpg,,"",,4,0,false,2,"9X9G+X67, Dhandhuka, Gujarat 382460, India",22.3697333333,71.9763266667,,,,,,,open,false,gps,gps,Tricolored Munia,Lonchura malacca,Capuchino Tricolor de la India,Aves,979790
312633521,60b3205c-5130-4275-be81-9f302e745ba5,2025/09/06 8:47 AM,2025-09-06,2025-09-06 05:17:00 +0200,New Delhi,3499217,shivaprakash,,2025-09-09 09:40:20 +0200,2025-09-09 15:12:10 +0200,research,CC-BY-NC,https://www.inaturalist.org/observations/312633521,https://inaturalist-open-data.s3.amazonaws.com/photos/564485639/medium.jpg,,"",,2,0,false,,"Kaveri  Riverine, Mandya district",12.4245863747,76.6336040611,1456,,,,1456,,open,false,,,Tricolored Munia,Lonchura malacca,Capuchino Tricolor de la India,Aves,979790
313276849,d7fbf744-e157-4c1f-a70e-01f58175bee7,2025-09-08 09:25:46,2025-09-08,2025-09-08 05:55:46 +0200,New Delhi,9749759,kailasnadh,Kailasnadh A S,2025-09-12 08:33:20 +0200,2025-10-07 08:40:12 +0200,research,CC-BY-NC,https://www.inaturalist.org/observations/313276849,https://static.inaturalist.org/photos/565721835/medium.jpg,,"",,1,0,false,2,"5CFQ+3P9, Thalayattumpilli, Kalady, Vadakkumbhagom, Kerala 683574, India",10.1723832997,76.4395358,,,,,,,open,false,,,Tricolored Munia,Lonchura malacca,Capuchino Tricolor de la India,Aves,979790
313317912,282d2369-6238-414c-87c5-5a8454c7718f,2025/08/05 11:07 AM,2025-08-05,2025-08-05 07:37:00 +0200,New Delhi,862610,hareeshaas,Hareesha A S,2025-09-12 15:09:54 +0200,2025-09-13 14:05:49 +0200,research,CC-BY-NC,https://www.inaturalist.org/observations/313317912,https://inaturalist-open-data.s3.amazonaws.com/photos/565770609/medium.jpg,,"",,2,0,false,,"Dinnehosahalli, Karnataka 562101, India",13.4576289225,77.7094068606,52,,,,52,,open,false,,,Tricolored Munia,Lonchura malacca,Capuchino Tricolor de la India,Aves,979790
313520531,9cf3cd84-f673-47bd-9b4c-66f94b7bcfed,2025/09/13 10:09 AM,2025-09-13,2025-09-13 06:39:00 +0200,New Delhi,5956273,deemopahan,Deepa Mohan,2025-09-13 12:04:19 +0200,2025-09-13 12:29:13 +0200,research,CC-BY-NC,https://www.inaturalist.org/observations/313520531,https://inaturalist-open-data.s3.amazonaws.com/photos/566183669/medium.jpg,,"","Tricolour Munia, IVAD, Ramnagara, 130925",1,0,false,,"Q822+RH2 Ramadevarabetta Vulture Sanctuary Ramanagara district, Shri Phatthabi Rama Temple, Sri Rama Hill, Thimmegowdanadoddi, Ramanagara, Karnataka 562128, India",12.7531984,77.3013674,166,,,,166,,open,false,,,Tricolored Munia,Lonchura malacca,Capuchino Tricolor de la India,Aves,979790
313532597,fece0882-3d58-4a3e-b296-27f0c1a0a8fb,2025/09/07 11:19 AM,2025-09-07,2025-09-07 07:49:00 +0200,New Delhi,9731199,sanshardul,,2025-09-13 13:48:16 +0200,2025-09-13 13:53:56 +0200,research,CC-BY-NC,https://www.inaturalist.org/observations/313532597,https://inaturalist-open-data.s3.amazonaws.com/photos/566211209/medium.jpg,,"",,1,0,false,,"Pune Division, Maharashtra, India",18.3785471844,74.1824857942,31,,,,31,,open,false,,,Tricolored Munia,Lonchura malacca,Capuchino Tricolor de la India,Aves,979790
313611167,e91f0c71-e538-42c9-a0c8-7cbca8d43c62,2018/10/01 6:32 AM,2018-10-01,2018-10-01 03:02:00 +0200,New Delhi,991814,metalquip,,2025-09-13 19:15:13 +0200,2025-09-13 19:22:41 +0200,research,CC-BY-NC,https://www.inaturalist.org/observations/313611167,https://inaturalist-open-data.s3.amazonaws.com/photos/566351368/medium.jpg,,"","",1,0,false,,"Gudhiary Wetlands, Raipur, Chhattisgarh, India",21.258903506,81.6187155763,31,,,,31,,open,false,,,Tricolored Munia,Lonchura malacca,Capuchino Tricolor de la India,Aves,979790
313783353,8a43d866-dee1-4775-a076-b2138b3cfd13,2025-09-13 10:23:12,2025-09-13,2025-09-13 06:53:12 +0200,New Delhi,7730007,samarnature,"",2025-09-14 09:48:24 +0200,2025-09-14 11:09:16 +0200,research,CC-BY-NC,https://www.inaturalist.org/observations/313783353,https://inaturalist-open-data.s3.amazonaws.com/photos/566684743/medium.jpg,,"",,2,0,false,2,"plot no D24, sai paradise daruthenga, Bhubaneswar, Odisha 751024, India",20.3728021286,85.8141412586,113,,,,113,,open,false,gps,gps,Tricolored Munia,Lonchura malacca,Capuchino Tricolor de la India,Aves,979790
313796976,db25ca46-8f99-489c-8118-3f97276130d8,2025-04-06 14:04:00,2025-04-06,2025-04-06 10:34:00 +0200,New Delhi,9685273,dhruv97609,Dhruv Sakhuja,2025-09-14 11:35:53 +0200,2025-09-14 15:41:49 +0200,research,CC-BY-NC,https://www.inaturalist.org/observations/313796976,https://inaturalist-open-data.s3.amazonaws.com/photos/566710069/medium.jpg,,"",Nest of bird munia,1,0,false,2,"Casagrand Elan Block-A187, CASAGRAND ELAN, Semmancheri, Thazhambur, Chennai, Tamil Nadu 600130, India",12.8606103501,80.2118501812,191,,,,191,,open,false,gps,gps,Tricolored Munia,Lonchura malacca,Capuchino Tricolor de la India,Aves,979790
313843145,0e057781-659d-4518-bc0b-610185f3c5ee,2025-09-14 14:51:00+05:30,2025-09-14,2025-09-14 11:21:00 +0200,New Delhi,2151873,gopisundar,K S Gopi Sundar,2025-09-14 16:21:40 +0200,2025-09-15 13:56:00 +0200,research,CC-BY-NC,https://www.inaturalist.org/observations/313843145,https://inaturalist-open-data.s3.amazonaws.com/photos/566798065/medium.jpg,,"","",1,0,false,3,"Belgaum, IN-KA, IN",15.9038325611,74.5566595391,585,,,,30855,obscured,open,true,,,Tricolored Munia,Lonchura malacca,Capuchino Tricolor de la India,Aves,979790
313888717,9fc47500-4825-48b2-9fce-bbff7e56e0d4,2025/09/14 10:03 AM,2025-09-14,2025-09-14 06:33:00 +0200,New Delhi,975616,rajukasambe,Raju Kasambe,2025-09-14 19:07:57 +0200,2025-10-25 14:39:15 +0200,research,CC-BY-NC-SA,https://www.inaturalist.org/observations/313888717,https://inaturalist-open-data.s3.amazonaws.com/photos/566880749/medium.jpg,,"",,2,0,false,,"Kopar, Kopargaon, Dombivli West, Kopargaon, Dombivli West, Dombivli, Maharashtra 421202, India",19.2110526,73.0773322,345,,,,345,,open,false,,,Tricolored Munia,Lonchura malacca,Capuchino Tricolor de la India,Aves,979790
313898652,4f7a294d-b348-422c-9a55-b731bab86edd,2019/09/10 7:16 AM,2019-09-10,2019-09-10 03:46:00 +0200,New Delhi,991814,metalquip,,2025-09-14 19:45:00 +0200,2025-09-15 13:48:00 +0200,research,CC-BY-NC,https://www.inaturalist.org/observations/313898652,https://inaturalist-open-data.s3.amazonaws.com/photos/566900745/medium.jpg,,"","",1,0,false,,"Serikhedi, Chhattisgarh, India",21.2344613,81.7387855,2186,,,,2186,,open,false,,,Tricolored Munia,Lonchura malacca,Capuchino Tricolor de la India,Aves,979790
313901400,a5f4f0da-a82f-456b-83ac-3dd25f1bb9d4,2019/10/14 7:49 AM,2019-10-14,2019-10-14 04:19:00 +0200,New Delhi,991814,metalquip,,2025-09-14 19:53:47 +0200,2025-09-15 13:47:46 +0200,research,CC-BY-NC,https://www.inaturalist.org/observations/313901400,https://inaturalist-open-data.s3.amazonaws.com/photos/566906660/medium.jpg,,"","",2,0,false,,"Gudhiary Wetlands, Raipur, Chhattisgarh, India",21.258903506,81.6187155763,31,,,,31,,open,false,,,Tricolored Munia,Lonchura malacca,Capuchino Tricolor de la India,Aves,979790
313907311,b27dd5d1-2ddb-4722-91d4-7656719ea7e7,2019/11/10 9:03 AM,2019-11-10,2019-11-10 04:33:00 +0100,New Delhi,991814,metalquip,,2025-09-14 20:15:32 +0200,2025-09-15 13:46:37 +0200,research,CC-BY-NC,https://www.inaturalist.org/observations/313907311,https://inaturalist-open-data.s3.amazonaws.com/photos/566915536/medium.jpg,,"","",2,0,false,,"Barbanda, Chhattisgarh 493111, India",21.3550114,81.7284553,2906,,,,2906,,open,false,,,Tricolored Munia,Lonchura malacca,Capuchino Tricolor de la India,Aves,979790
313910493,209dac27-d3f9-4872-b6dc-df71a24f142a,2019/11/22 7:29 AM,2019-11-22,2019-11-22 02:59:00 +0100,New Delhi,991814,metalquip,,2025-09-14 20:26:55 +0200,2025-09-15 13:45:50 +0200,research,CC-BY-NC,https://www.inaturalist.org/observations/313910493,https://inaturalist-open-data.s3.amazonaws.com/photos/566923760/medium.jpg,,"","",2,0,false,,"Gudhiary Wetlands, Raipur, Chhattisgarh, India",21.258903506,81.6187155763,31,,,,31,,open,false,,,Tricolored Munia,Lonchura malacca,Capuchino Tricolor de la India,Aves,979790
314064439,3040b80f-bdbc-4574-bcce-a71f9708bd7c,2025/09/07 12:13 PM,2025-09-07,2025-09-07 08:43:00 +0200,New Delhi,6250688,sharadavakil,,2025-09-15 10:17:31 +0200,2025-09-15 13:15:13 +0200,research,CC-BY-NC,https://www.inaturalist.org/observations/314064439,https://inaturalist-open-data.s3.amazonaws.com/photos/567205307/medium.jpg,,"",Bhigwan Bird Sanctuary,1,0,false,,"Pune Division, Maharashtra, India",18.278745408,74.7594546852,15,,,,15,,open,false,,,Tricolored Munia,Lonchura malacca,Capuchino Tricolor de la India,Aves,979790
314748177,ee118c10-0514-43f3-bd12-edfcf37d5220,2025/09/16 2:35 PM,2025-09-16,2025-09-16 10:50:00 +0200,Kathmandu,7166630,sujanshrestha90,sujan shrestha,2025-09-18 10:32:12 +0200,2025-09-21 07:47:10 +0200,research,,https://www.inaturalist.org/observations/314748177,https://static.inaturalist.org/photos/568512859/medium.jpg,,"","",3,0,false,,"Madhyapur Thimi, Nepal",27.6937126243,85.385348754,122,,,,122,,open,false,,,Tricolored Munia,Lonchura malacca,Capuchino Tricolor de la India,Aves,979790
314907318,8a1536a2-7589-44d8-9822-938664e02e55,2025/09/09 11:39 AM,2025-09-09,2025-09-09 08:09:00 +0200,New Delhi,6793845,shilpagadgil,Shilpa Gadgil,2025-09-19 02:02:05 +0200,2025-09-19 14:16:37 +0200,research,CC-BY-NC,https://www.inaturalist.org/observations/314907318,https://inaturalist-open-data.s3.amazonaws.com/photos/568816863/medium.jpg,,"","",1,0,false,,"Girad Road,Girad, Maharashtra, India",20.717303161,75.3244113922,195,,,,195,,open,false,,,Tricolored Munia,Lonchura malacca,Capuchino Tricolor de la India,Aves,979790
315211265,b012aefe-ca3e-49e3-8b2a-60d8ea70c770,2025/08/20 6:31 PM,2025-08-20,2025-08-20 15:01:00 +0200,Sri Jayawardenepura,4149937,maria_and_david,,2025-09-20 13:21:40 +0200,2025-09-24 20:22:18 +0200,research,CC-BY-NC,https://www.inaturalist.org/observations/315211265,https://inaturalist-open-data.s3.amazonaws.com/photos/569406876/medium.jpg,,"","",4,0,false,,"Nuwara Eliya, Sri Lanka",6.7917188236,80.781390612,2788,,,,2788,,open,false,,,Tricolored Munia,Lonchura malacca,Capuchino Tricolor de la India,Aves,979790
315531613,a7657449-2d85-4ac6-849f-6646f307263b,2025-09-21 16:30:19,2025-09-21,2025-09-21 13:00:19 +0200,New Delhi,8931237,sunil_raj_kumar8,SUNIL RAJ KUMAR SEELI,2025-09-21 16:47:43 +0200,2025-09-22 07:01:25 +0200,research,,https://www.inaturalist.org/observations/315531613,https://static.inaturalist.org/photos/570007727/medium.jpg,,"",,1,0,false,2,"2FW6+66R, Pedada, Andhra Pradesh 535213, India",18.046975,83.4613555556,,,,,,,open,false,gps,gps,Tricolored Munia,Lonchura malacca,Capuchino Tricolor de la India,Aves,979790
315546898,71dfcb5a-d7d0-42ca-a6c8-0b98fec8f99c,2025-09-20,2025-09-20,,Bogota,9788909,diana_criss,Diana Criss Henao Osorio,2025-09-21 17:46:05 +0200,2025-09-21 23:36:25 +0200,research,CC-BY-NC,https://www.inaturalist.org/observations/315546898,https://inaturalist-open-data.s3.amazonaws.com/photos/570036438/medium.jpg,,"",,1,0,false,2,"Rionegro, Antioquia, Colombia",6.1406487878,-75.3796199709,35,,,,35,,open,false,gps,gps,Tricolored Munia,Lonchura malacca,Capuchino Tricolor de la India,Aves,979790
315823091,2f16a595-beea-4c0c-b0fe-53ab4bc24bd7,2019/12/03 7:50 AM,2019-12-03,2019-12-03 03:20:00 +0100,New Delhi,991814,metalquip,,2025-09-22 17:12:10 +0200,2025-09-22 18:14:28 +0200,research,CC-BY-NC,https://www.inaturalist.org/observations/315823091,https://inaturalist-open-data.s3.amazonaws.com/photos/570565180/medium.jpg,,"","",2,0,false,,"Barbanda, Chhattisgarh 493111, India",21.3550114,81.7284553,2906,,,,2906,,open,false,,,Tricolored Munia,Lonchura malacca,Capuchino Tricolor de la India,Aves,979790
316301410,6331d1dc-6e44-4326-8784-54f3613863f6,2025/09/18 8:20 AM,2025-09-18,2025-09-18 04:50:00 +0200,New Delhi,6343962,sahilzutshi,Sahil - Abu Birder 🦩,2025-09-24 17:07:13 +0200,2025-09-27 18:51:15 +0200,research,CC-BY-NC,https://www.inaturalist.org/observations/316301410,https://static.inaturalist.org/photos/571464414/medium.jpg,,"",,2,0,false,,"Apri Khera, Rajasthan, India",24.73683459,72.9299329058,6396,,,,6396,,open,false,,,Tricolored Munia,Lonchura malacca,Capuchino Tricolor de la India,Aves,979790
316312314,d1cdb9e6-8f39-4db8-b5f4-16789ac776a1,2025-09-24 16:36:43,2025-09-24,2025-09-24 13:06:43 +0200,New Delhi,4552515,ritu2008,Ritu,2025-09-24 17:56:55 +0200,2025-09-24 18:15:39 +0200,research,CC-BY-NC,https://www.inaturalist.org/observations/316312314,https://inaturalist-open-data.s3.amazonaws.com/photos/571486112/medium.jpg,,"",,1,0,false,2,"7M44+5G, Vadamugam Vellode, Tamil Nadu 638112, India",11.2554933333,77.6547,,,,,,,open,false,gps,gps,Tricolored Munia,Lonchura malacca,Capuchino Tricolor de la India,Aves,979790
316376733,6788180e-6870-40c0-a65c-65e454a0e607,2025/09/24 5:06 PM,2025-09-24,2025-09-24 13:36:00 +0200,New Delhi,7788847,kirubakaran_valyapathi,Kirubakaran Valyapathi,2025-09-24 23:07:06 +0200,2025-09-25 06:16:02 +0200,research,,https://www.inaturalist.org/observations/316376733,https://static.inaturalist.org/photos/571592669/medium.jpg,,"",,1,0,false,,"Velikaathan Karuppu Kovil, Karumandurai",11.8201357621,78.6319369512,349,,,,349,,open,false,,,Tricolored Munia,Lonchura malacca,Capuchino Tricolor de la India,Aves,979790
316480638,11629b22-2ce0-4eb7-979f-659d2cd669c0,2025/09/20 12:23 PM,2025-09-20,2025-09-20 08:53:00 +0200,New Delhi,4737481,sri_02,Sri P,2025-09-25 12:18:34 +0200,2025-09-25 13:33:39 +0200,research,,https://www.inaturalist.org/observations/316480638,https://static.inaturalist.org/photos/571795556/medium.jpg,,"",,1,0,false,,"Sirudavoor, Tamil Nadu, India",12.6828661,80.1570372,1196,,,,1196,,open,false,,,Tricolored Munia,Lonchura malacca,Capuchino Tricolor de la India,Aves,979790
316480639,b239eddb-eeef-48f3-a807-623c0d1485d6,2025/09/20 12:23 PM,2025-09-20,2025-09-20 08:53:00 +0200,New Delhi,4737481,sri_02,Sri P,2025-09-25 12:18:34 +0200,2025-09-25 13:33:40 +0200,research,,https://www.inaturalist.org/observations/316480639,https://static.inaturalist.org/photos/571795491/medium.jpg,,"",,1,0,false,,"Sirudavoor, Tamil Nadu, India",12.6828661,80.1570372,1196,,,,1196,,open,false,,,Tricolored Munia,Lonchura malacca,Capuchino Tricolor de la India,Aves,979790
316480643,ef628498-8607-4f99-aaa5-f39f82312a6e,2025/09/20 12:26 PM,2025-09-20,2025-09-20 08:56:00 +0200,New Delhi,4737481,sri_02,Sri P,2025-09-25 12:18:35 +0200,2025-09-25 13:33:41 +0200,research,,https://www.inaturalist.org/observations/316480643,https://static.inaturalist.org/photos/571795610/medium.jpg,,"",,1,0,false,,"Sirudavoor, Tamil Nadu, India",12.6828661,80.1570372,1196,,,,1196,,open,false,,,Tricolored Munia,Lonchura malacca,Capuchino Tricolor de la India,Aves,979790
316480652,f00c65a8-afc5-4375-bbfa-9ef2bfce0f21,2025/09/20 12:32 PM,2025-09-20,2025-09-20 09:02:00 +0200,New Delhi,4737481,sri_02,Sri P,2025-09-25 12:18:37 +0200,2025-09-25 13:33:43 +0200,research,,https://www.inaturalist.org/observations/316480652,https://static.inaturalist.org/photos/571795856/medium.jpg,,"",,1,0,false,,"Sirudavoor, Tamil Nadu, India",12.6828661,80.1570372,1196,,,,1196,,open,false,,,Tricolored Munia,Lonchura malacca,Capuchino Tricolor de la India,Aves,979790
316480681,ed16ad0a-99a4-4a97-b8fe-c141c404e045,2025/09/20 12:47 PM,2025-09-20,2025-09-20 09:17:00 +0200,New Delhi,4737481,sri_02,Sri P,2025-09-25 12:18:44 +0200,2025-09-25 13:33:19 +0200,research,,https://www.inaturalist.org/observations/316480681,https://static.inaturalist.org/photos/571797238/medium.jpg,,"",,1,0,false,,"Sirudavoor, Tamil Nadu, India",12.6828661,80.1570372,1196,,,,1196,,open,false,,,Tricolored Munia,Lonchura malacca,Capuchino Tricolor de la India,Aves,979790
316480682,fc71f33b-eb72-4c8a-acf1-c231c626be2a,2025/09/20 12:47 PM,2025-09-20,2025-09-20 09:17:00 +0200,New Delhi,4737481,sri_02,Sri P,2025-09-25 12:18:44 +0200,2025-09-25 13:33:18 +0200,research,,https://www.inaturalist.org/observations/316480682,https://static.inaturalist.org/photos/571797241/medium.jpg,,"",,1,0,false,,"Sirudavoor, Tamil Nadu, India",12.6828661,80.1570372,1196,,,,1196,,open,false,,,Tricolored Munia,Lonchura malacca,Capuchino Tricolor de la India,Aves,979790
316480712,557b23ba-c957-49b9-a4c1-0f5e00134943,2025/09/20 1:33 PM,2025-09-20,2025-09-20 10:03:00 +0200,New Delhi,4737481,sri_02,Sri P,2025-09-25 12:18:52 +0200,2025-09-25 13:33:07 +0200,research,,https://www.inaturalist.org/observations/316480712,https://static.inaturalist.org/photos/571799917/medium.jpg,,"",,1,0,false,,"Sirudavoor, Tamil Nadu, India",12.6828661,80.1570372,1196,,,,1196,,open,false,,,Tricolored Munia,Lonchura malacca,Capuchino Tricolor de la India,Aves,979790
316480715,cbc7daab-527f-4da3-9fd4-ac2bcb40ff38,2025/09/20 1:35 PM,2025-09-20,2025-09-20 10:05:00 +0200,New Delhi,4737481,sri_02,Sri P,2025-09-25 12:18:53 +0200,2025-09-25 13:32:56 +0200,research,,https://www.inaturalist.org/observations/316480715,https://static.inaturalist.org/photos/571800113/medium.jpg,,"",,1,0,false,,"Sirudavoor, Tamil Nadu, India",12.6828661,80.1570372,1196,,,,1196,,open,false,,,Tricolored Munia,Lonchura malacca,Capuchino Tricolor de la India,Aves,979790
316480716,502a2fb5-3196-40ab-84d9-91f7cc4532ed,2025/09/20 1:35 PM,2025-09-20,2025-09-20 10:05:00 +0200,New Delhi,4737481,sri_02,Sri P,2025-09-25 12:18:53 +0200,2025-09-25 13:32:55 +0200,research,,https://www.inaturalist.org/observations/316480716,https://static.inaturalist.org/photos/571800045/medium.jpg,,"",,1,0,false,,"Sirudavoor, Tamil Nadu, India",12.6828661,80.1570372,1196,,,,1196,,open,false,,,Tricolored Munia,Lonchura malacca,Capuchino Tricolor de la India,Aves,979790
316480717,7a6e1f00-6191-4970-b7f8-ba5f4bdae762,2025/09/20 1:35 PM,2025-09-20,2025-09-20 10:05:00 +0200,New Delhi,4737481,sri_02,Sri P,2025-09-25 12:18:54 +0200,2025-09-25 13:32:55 +0200,research,,https://www.inaturalist.org/observations/316480717,https://static.inaturalist.org/photos/571800167/medium.jpg,,"",,1,0,false,,"Sirudavoor, Tamil Nadu, India",12.6828661,80.1570372,1196,,,,1196,,open,false,,,Tricolored Munia,Lonchura malacca,Capuchino Tricolor de la India,Aves,979790
316526840,8495648e-e0dd-4e49-9d6e-98259baadd6c,2020/07/27 6:59 AM,2020-07-27,2020-07-27 03:29:00 +0200,New Delhi,991814,metalquip,,2025-09-25 17:08:15 +0200,2025-09-26 05:29:58 +0200,research,CC-BY-NC,https://www.inaturalist.org/observations/316526840,https://inaturalist-open-data.s3.amazonaws.com/photos/571887492/medium.jpg,,"","",2,0,false,,"Gudhiary Wetlands, Raipur, Chhattisgarh, India",21.258903506,81.6187155763,31,,,,31,,open,false,,,Tricolored Munia,Lonchura malacca,Capuchino Tricolor de la India,Aves,979790
316530508,26f3e024-2a9c-4866-a95d-7b9c8ff7e496,2020/08/01 8:06 AM,2020-08-01,2020-08-01 04:36:00 +0200,New Delhi,991814,metalquip,,2025-09-25 17:24:24 +0200,2025-09-26 05:28:37 +0200,research,CC-BY-NC,https://www.inaturalist.org/observations/316530508,https://inaturalist-open-data.s3.amazonaws.com/photos/571892058/medium.jpg,,"",,2,0,false,,"Gudhiary Wetlands, Raipur, Chhattisgarh, India",21.258903506,81.6187155763,31,,,,31,,open,false,,,Tricolored Munia,Lonchura malacca,Capuchino Tricolor de la India,Aves,979790
316532710,7dce96a4-1cde-4608-8c5c-bcd5b909e198,2020/09/07 7:33 AM,2020-09-07,2020-09-07 04:03:00 +0200,New Delhi,991814,metalquip,,2025-09-25 17:35:49 +0200,2025-09-26 05:28:14 +0200,research,CC-BY-NC,https://www.inaturalist.org/observations/316532710,https://inaturalist-open-data.s3.amazonaws.com/photos/571898337/medium.jpg,,"",,1,0,false,,"Gudhiary Wetlands, Raipur, Chhattisgarh, India",21.258903506,81.6187155763,31,,,,31,,open,false,,,Tricolored Munia,Lonchura malacca,Capuchino Tricolor de la India,Aves,979790
316545905,d0aecd14-7a43-47bd-9bf9-cfdd8ec96330,2020/11/17 9:38 AM,2020-11-17,2020-11-17 05:08:00 +0100,New Delhi,991814,metalquip,,2025-09-25 18:41:40 +0200,2025-09-26 05:23:01 +0200,research,CC-BY-NC,https://www.inaturalist.org/observations/316545905,https://inaturalist-open-data.s3.amazonaws.com/photos/571922212/medium.jpg,,"",,2,0,false,,"Kharora, Chhattisgarh 493225, India",21.3950837,81.9358313,204,,,,204,,open,false,,,Tricolored Munia,Lonchura malacca,Capuchino Tricolor de la India,Aves,979790
316731718,6228e41b-aeae-49e8-9adf-10f82bd25ff6,2025/08/17 1:00 PM,2025-08-17,2025-08-17 09:30:00 +0200,New Delhi,4737481,sri_02,Sri P,2025-09-26 15:55:17 +0200,2025-09-26 16:18:16 +0200,research,,https://www.inaturalist.org/observations/316731718,https://static.inaturalist.org/photos/572278270/medium.jpg,,"",,1,0,false,,"Karapakkam, Chennai, Tamil Nadu, India",12.9190519,80.2300343,1631,,,,1631,,open,false,,,Tricolored Munia,Lonchura malacca,Capuchino Tricolor de la India,Aves,979790
316731722,18c6a74f-283a-4cab-85a2-f77b5b7ea8d2,2025/08/17 1:05 PM,2025-08-17,2025-08-17 09:35:00 +0200,New Delhi,4737481,sri_02,Sri P,2025-09-26 15:55:18 +0200,2025-09-26 16:18:13 +0200,research,,https://www.inaturalist.org/observations/316731722,https://static.inaturalist.org/photos/572278347/medium.jpg,,"",,1,0,false,,"Karapakkam, Chennai, Tamil Nadu, India",12.9190519,80.2300343,1631,,,,1631,,open,false,,,Tricolored Munia,Lonchura malacca,Capuchino Tricolor de la India,Aves,979790
316731724,93b9e528-3dbe-4fd9-85de-7cc615672fb8,2025/08/17 1:04 PM,2025-08-17,2025-08-17 09:34:00 +0200,New Delhi,4737481,sri_02,Sri P,2025-09-26 15:55:18 +0200,2025-09-26 16:18:12 +0200,research,,https://www.inaturalist.org/observations/316731724,https://static.inaturalist.org/photos/572278308/medium.jpg,,"",,1,0,false,,"Karapakkam, Chennai, Tamil Nadu, India",12.9190519,80.2300343,1631,,,,1631,,open,false,,,Tricolored Munia,Lonchura malacca,Capuchino Tricolor de la India,Aves,979790
316731726,0cda02ca-41b5-4886-afcb-d00bca25a2a4,2025/08/17 1:05 PM,2025-08-17,2025-08-17 09:35:00 +0200,New Delhi,4737481,sri_02,Sri P,2025-09-26 15:55:19 +0200,2025-09-26 16:18:11 +0200,research,,https://www.inaturalist.org/observations/316731726,https://static.inaturalist.org/photos/572278362/medium.jpg,,"",,1,0,false,,"Karapakkam, Chennai, Tamil Nadu, India",12.9190519,80.2300343,1631,,,,1631,,open,false,,,Tricolored Munia,Lonchura malacca,Capuchino Tricolor de la India,Aves,979790
316731727,fefd16b5-2ef3-4a60-9146-0fc9927c84c8,2025/08/17 1:05 PM,2025-08-17,2025-08-17 09:35:00 +0200,New Delhi,4737481,sri_02,Sri P,2025-09-26 15:55:19 +0200,2025-09-26 16:18:11 +0200,research,,https://www.inaturalist.org/observations/316731727,https://static.inaturalist.org/photos/572278329/medium.jpg,,"",,1,0,false,,"Karapakkam, Chennai, Tamil Nadu, India",12.9190519,80.2300343,1631,,,,1631,,open,false,,,Tricolored Munia,Lonchura malacca,Capuchino Tricolor de la India,Aves,979790
316753282,fc28b4bb-0fde-40b4-bb2c-d6aec14d9a0e,2013-09-22 15:14:42,2013-09-22,2013-09-22 11:44:42 +0200,New Delhi,9509344,devarajansc,Devaraja.N,2025-09-26 17:36:05 +0200,2025-09-26 18:23:04 +0200,research,CC-BY-NC,https://www.inaturalist.org/observations/316753282,https://inaturalist-open-data.s3.amazonaws.com/photos/572316026/medium.jpg,,"",,2,0,false,843,"Bangalore, KA, IN",12.9422948095,77.586824644,,,,,,,open,false,,,Tricolored Munia,Lonchura malacca,Capuchino Tricolor de la India,Aves,979790
316766427,8147332e-7afe-4852-8486-9babc49b0f32,2024/10/18 7:49 AM,2024-10-18,2024-10-18 04:19:00 +0200,New Delhi,3638283,ajay_sarvagnam,Ajay Sarvagnam,2025-09-26 18:28:31 +0200,2025-09-26 18:44:04 +0200,research,CC-BY-NC,https://www.inaturalist.org/observations/316766427,https://inaturalist-open-data.s3.amazonaws.com/photos/572335503/medium.jpg,,"",,1,0,false,,"Budhera-Chandu, Gurugram, Haryana, India",28.4885508266,76.9293664076,1575,,,,1575,,open,false,,,Tricolored Munia,Lonchura malacca,Capuchino Tricolor de la India,Aves,979790
317069199,e8e4b385-1228-403d-b428-de33a9c2eca7,2025-02-10 07:12:01,2025-02-10,2025-02-10 02:42:01 +0100,Sri Jayawardenepura,3414719,bstuke,Birutė Stukė,2025-09-27 22:14:44 +0200,2025-09-29 20:52:23 +0200,research,,https://www.inaturalist.org/observations/317069199,https://static.inaturalist.org/photos/572902753/medium.jpg,,"",,4,0,false,2,"Pattipola, Šri Lanka",6.809444918,80.8023331314,4919,,,,4919,,open,false,gps,gps,Lonchura malacca,Lonchura malacca,Capuchino Tricolor de la India,Aves,979790
317211859,41f9f549-67a6-424d-8abc-696b188690c1,2025-09-27 07:16:11,2025-09-27,2025-09-27 03:46:11 +0200,New Delhi,7730007,samarnature,"",2025-09-28 12:22:34 +0200,2025-09-29 01:33:18 +0200,research,CC-BY-NC,https://www.inaturalist.org/observations/317211859,https://inaturalist-open-data.s3.amazonaws.com/photos/573180925/medium.jpg,,"",,3,0,false,2,"Jujhagada, Odisha, India",20.3877515747,85.7990062237,19,,,,19,,open,false,gps,gps,Tricolored Munia,Lonchura malacca,Capuchino Tricolor de la India,Aves,979790
317507100,4ba3329a-feaf-4962-8fa6-efd44d16cd8d,2025-08-09 06:11:56,2025-08-09,2025-08-09 02:41:56 +0200,New Delhi,5529522,kunikimu,Ayaan S,2025-09-29 13:17:41 +0200,2025-09-29 15:37:21 +0200,research,CC-BY-NC-ND,https://www.inaturalist.org/observations/317507100,https://inaturalist-open-data.s3.amazonaws.com/photos/573742365/medium.jpg,,"",,1,0,false,2,Byatarayana Doddi,12.8158467035,77.551552467,202,,,,202,,open,false,gps,gps,Tricolored Munia,Lonchura malacca,Capuchino Tricolor de la India,Aves,979790
317507752,c7aa49fd-c98d-4df9-a17a-db527263d8b9,2025-08-09 07:16:12,2025-08-09,2025-08-09 03:46:12 +0200,New Delhi,5529522,kunikimu,Ayaan S,2025-09-29 13:23:17 +0200,2025-09-29 15:37:15 +0200,research,CC-BY-NC-ND,https://www.inaturalist.org/observations/317507752,https://inaturalist-open-data.s3.amazonaws.com/photos/573743810/medium.jpg,,"",,1,0,false,2,Byatarayana Doddi,12.8158467035,77.551552467,202,,,,202,,open,false,gps,gps,Tricolored Munia,Lonchura malacca,Capuchino Tricolor de la India,Aves,979790
317558277,e5d7040f-cf90-4e6e-9200-e6b3bffa3770,2025/09/29 7:27 AM,2025-09-29,2025-09-29 03:57:00 +0200,New Delhi,4768302,barakat,Munshi Md. Abul Barakat,2025-09-29 17:43:43 +0200,2025-09-30 05:57:04 +0200,research,CC-BY-NC,https://www.inaturalist.org/observations/317558277,https://inaturalist-open-data.s3.amazonaws.com/photos/573830475/medium.jpg,,"",,3,0,false,,"Bandra, West Bengal, India",23.6457042423,88.1181274261,8,,,,8,,open,false,,,Tricolored Munia,Lonchura malacca,Capuchino Tricolor de la India,Aves,979790
317983668,44617dbc-1e1e-4d15-a5b9-93e89a3a05be,2025-08-10 06:51:33,2025-08-10,2025-08-10 03:21:33 +0200,New Delhi,5529522,kunikimu,Ayaan S,2025-10-01 15:38:47 +0200,2025-10-02 14:36:29 +0200,research,CC-BY-NC-ND,https://www.inaturalist.org/observations/317983668,https://inaturalist-open-data.s3.amazonaws.com/photos/574651903/medium.jpg,,"",,1,0,false,2,Muthanallur Lake,12.8225171671,77.7294704318,1351,,,,1351,,open,false,gps,gps,Tricolored Munia,Lonchura malacca,Capuchino Tricolor de la India,Aves,979790
318370883,15a5edd4-885f-452a-8a0d-d73575f5ba24,2025-10-03 09:06:36,2025-10-03,2025-10-03 05:36:36 +0200,New Delhi,8301465,austin_ajit,Austin_Ajit,2025-10-03 11:58:58 +0200,2025-10-03 14:21:29 +0200,research,CC-BY-NC,https://www.inaturalist.org/observations/318370883,https://inaturalist-open-data.s3.amazonaws.com/photos/575393156/medium.jpg,,"",,1,0,false,2,"CMF4+CG7, Karnataka 571427, India",12.4249833333,76.6535166667,,,,,,,open,false,gps,gps,Tricolored Munia,Lonchura malacca,Capuchino Tricolor de la India,Aves,979790
318575517,4d6b9e31-b2ff-47cf-bef2-2666fb588233,2025/10/04 9:06 AM,2025-10-04,2025-10-04 05:36:00 +0200,New Delhi,5956273,deemopahan,Deepa Mohan,2025-10-04 09:31:08 +0200,2025-10-04 09:43:19 +0200,research,CC-BY-NC,https://www.inaturalist.org/observations/318575517,https://inaturalist-open-data.s3.amazonaws.com/photos/575785120/medium.jpg,,"","Tricoloured Munia, Byatarayana Doddi Kere, DMW, 041025",1,0,false,,"Byatarayana Doddi, Karnataka 560083, India",12.8158468,77.5515527,202,,,,202,,open,false,,,Tricolored Munia,Lonchura malacca,Capuchino Tricolor de la India,Aves,979790
318575525,da2a78d8-c39d-4dcd-955e-27305ad2c2a2,2025/10/04 9:18 AM,2025-10-04,2025-10-04 05:48:00 +0200,New Delhi,5956273,deemopahan,Deepa Mohan,2025-10-04 09:31:10 +0200,2025-10-04 09:43:15 +0200,research,CC-BY-NC,https://www.inaturalist.org/observations/318575525,https://inaturalist-open-data.s3.amazonaws.com/photos/575785140/medium.jpg,,"","Munia at Baya Weavers' nest, Byatarayana Doddi Kere, DMW, 041025",1,0,false,,"Byatarayana Doddi, Karnataka 560083, India",12.8158468,77.5515527,202,,,,202,,open,false,,,Tricolored Munia,Lonchura malacca,Capuchino Tricolor de la India,Aves,979790
318593671,bbb420b3-0fc3-4650-abb1-d66b2b7a6420,2025/10/03 4:05 PM,2025-10-03,2025-10-03 12:35:00 +0200,New Delhi,144118,sunnyjosef,"",2025-10-04 12:21:29 +0200,2025-10-04 14:56:17 +0200,research,CC-BY,https://www.inaturalist.org/observations/318593671,https://inaturalist-open-data.s3.amazonaws.com/photos/575821287/medium.jpg,,"",,2,0,false,,"Kerala, India",10.1631526,76.6412712,304527,,,,304527,,open,false,,,Tricolored Munia,Lonchura malacca,Capuchino Tricolor de la India,Aves,979790
318593673,64dd2589-a1c8-4dfd-b75f-0afd1cd3e6b7,2025/10/03 4:06 PM,2025-10-03,2025-10-03 12:36:00 +0200,New Delhi,144118,sunnyjosef,"",2025-10-04 12:21:29 +0200,2025-10-04 14:56:16 +0200,research,CC-BY,https://www.inaturalist.org/observations/318593673,https://inaturalist-open-data.s3.amazonaws.com/photos/575821121/medium.jpg,,"",,2,0,false,,"Kerala, India",10.1631526,76.6412712,304527,,,,304527,,open,false,,,Tricolored Munia,Lonchura malacca,Capuchino Tricolor de la India,Aves,979790
318615907,adee9247-f519-41c6-8b50-08a82e10e373,2025/09/29 5:29 PM,2025-09-29,2025-09-29 13:59:00 +0200,New Delhi,6794740,gajju_white,L GAJANAND,2025-10-04 15:09:34 +0200,2025-10-04 18:47:34 +0200,research,,https://www.inaturalist.org/observations/318615907,https://static.inaturalist.org/photos/575862934/medium.jpg,,"",,2,0,false,,"Boregaon, Telangana 504296, India",19.3675038122,79.4524218454,878,,,,878,,open,false,,,Tricolored Munia,Lonchura malacca,Capuchino Tricolor de la India,Aves,979790
318643136,b81184eb-8b85-4a8a-9afb-eadaab500605,2025-10-02,2025-10-02,,New Delhi,9248619,sneha71262,Sneha Elango,2025-10-04 17:22:31 +0200,2025-10-04 18:39:05 +0200,research,CC-BY-NC,https://www.inaturalist.org/observations/318643136,https://inaturalist-open-data.s3.amazonaws.com/photos/575914657/medium.jpg,,"",,1,0,false,2,"7M35+V7R, Pungampadi, Tamil Nadu 638112, India",11.2543864736,77.6576908305,238,,,,238,,open,false,gps,gps,Tricolored Munia,Lonchura malacca,Capuchino Tricolor de la India,Aves,979790
318855633,ddb13eee-7dd1-4fc9-8134-45dbd52c9225,2025-08-17 09:00:22,2025-08-17,2025-08-17 05:30:22 +0200,New Delhi,5529522,kunikimu,Ayaan S,2025-10-05 13:46:16 +0200,2025-10-05 20:59:55 +0200,research,CC-BY-NC-ND,https://www.inaturalist.org/observations/318855633,https://inaturalist-open-data.s3.amazonaws.com/photos/576322613/medium.jpg,,"",,1,0,false,2,Hoskote Lake,13.070291138,77.7695255354,1117,,,,1117,,open,false,gps,gps,Tricolored Munia,Lonchura malacca,Capuchino Tricolor de la India,Aves,979790
318880941,a7564325-a9be-49be-a187-771f9526a146,2025-10-05 17:44:50,2025-10-05,2025-10-05 14:14:50 +0200,New Delhi,9332433,anil_kumar_t1,Anil Kumar T,2025-10-05 16:00:08 +0200,2025-10-18 09:43:34 +0200,research,CC-BY-NC,https://www.inaturalist.org/observations/318880941,https://inaturalist-open-data.s3.amazonaws.com/photos/576368768/medium.jpg,,"",,2,0,false,2,"Ameenpur, Telangana, India",17.576789,78.3143402,,,,,,,open,false,gps,gps,Tricolored Munia,Lonchura malacca,Capuchino Tricolor de la India,Aves,979790
318915261,6411cb80-53ef-42d9-b44a-451491b1d3ec,2025-10-05 17:03:07,2025-10-05,2025-10-05 13:33:07 +0200,New Delhi,6686380,vinothpranav,Vinoth Pranav,2025-10-05 18:25:23 +0200,2025-10-06 14:45:01 +0200,research,,https://www.inaturalist.org/observations/318915261,https://static.inaturalist.org/photos/576433568/medium.jpg,,"",,4,0,false,2,"Vadakku Venganallur, Tamil Nadu, India",9.4918403666,77.4745475873,626,,,,626,,open,false,gps,gps,Tricolored Munia,Lonchura malacca,Capuchino Tricolor de la India,Aves,979790
319089320,25e5a755-d23a-4e07-8c3a-2aaadb07ba66,2025-10-05 17:03:59,2025-10-05,2025-10-05 13:33:59 +0200,New Delhi,9191657,shafee,Sha Fee,2025-10-06 09:35:28 +0200,2025-10-06 14:16:46 +0200,research,CC-BY-NC,https://www.inaturalist.org/observations/319089320,https://inaturalist-open-data.s3.amazonaws.com/photos/576767537/medium.jpg,,"",,2,0,false,2,"Vadakku Venganallur, Tamil Nadu, India",9.4944144159,77.4736634642,251,,,,251,,open,false,gps,gps,Tricolored Munia,Lonchura malacca,Capuchino Tricolor de la India,Aves,979790
319147071,8029494b-563c-45ed-a0c1-9f34938e837a,2025-09-06 06:49:59,2025-09-06,2025-09-06 03:19:59 +0200,New Delhi,5529522,kunikimu,Ayaan S,2025-10-06 16:46:17 +0200,2025-10-06 18:07:54 +0200,research,CC-BY-NC-ND,https://www.inaturalist.org/observations/319147071,https://inaturalist-open-data.s3.amazonaws.com/photos/576877384/medium.jpg,,"",,1,0,false,2,Muthanallur Lake,12.8225171671,77.7294704318,1351,,,,1351,,open,false,gps,gps,Tricolored Munia,Lonchura malacca,Capuchino Tricolor de la India,Aves,979790
319350778,01ef427b-3803-4f78-9b77-bb67b654006c,2025/10/06 9:38 AM,2025-10-06,2025-10-06 06:08:00 +0200,New Delhi,3638283,ajay_sarvagnam,Ajay Sarvagnam,2025-10-07 14:40:49 +0200,2025-10-15 18:52:42 +0200,research,CC-BY-NC,https://www.inaturalist.org/observations/319350778,https://inaturalist-open-data.s3.amazonaws.com/photos/577265538/medium.jpg,,"",,3,0,false,,"Buffalo Field, Orakal, Bhubaneswar, Odisha 751002, India",20.2028926443,85.796957016,67,,,,67,,open,false,,,Tricolored Munia,Lonchura malacca,Capuchino Tricolor de la India,Aves,979790
319535130,e7e472e3-6fe7-4aa7-8bdc-370596c678d4,2025/10/06 11:03 AM,2025-10-06,2025-10-06 07:33:00 +0200,New Delhi,3638283,ajay_sarvagnam,Ajay Sarvagnam,2025-10-08 12:46:20 +0200,2025-10-15 18:45:35 +0200,research,CC-BY-NC,https://www.inaturalist.org/observations/319535130,https://inaturalist-open-data.s3.amazonaws.com/photos/577621508/medium.jpg,,"",,4,0,false,,"Buffalo Field, Orakal, Bhubaneswar, Odisha 751002, India",20.2028926443,85.796957016,67,,,,67,,open,false,,,Tricolored Munia,Lonchura malacca,Capuchino Tricolor de la India,Aves,979790
319921915,d91c74f1-9881-4ac5-b5f8-af78acbefeba,2023/10/14 8:18 AM,2023-10-14,2023-10-14 04:48:00 +0200,New Delhi,9797017,ramaa_ram,Ramaa Ram,2025-10-10 11:17:34 +0200,2025-10-10 14:11:41 +0200,research,CC-BY-NC,https://www.inaturalist.org/observations/319921915,https://inaturalist-open-data.s3.amazonaws.com/photos/578363107/medium.jpg,,"","",1,0,false,,"Sirudavoor, Tamil Nadu, India",12.6828661,80.1570372,1196,,,,1196,,open,false,,,Tricolored Munia,Lonchura malacca,Capuchino Tricolor de la India,Aves,979790
319957375,72288d9f-f949-43b7-8c22-b37296ba6034,2025/10/09 7:34 AM,2025-10-09,2025-10-09 04:04:00 +0200,New Delhi,4768302,barakat,Munshi Md. Abul Barakat,2025-10-10 16:12:35 +0200,2025-10-10 16:51:16 +0200,research,CC-BY-NC,https://www.inaturalist.org/observations/319957375,https://inaturalist-open-data.s3.amazonaws.com/photos/578427578/medium.jpg,,"",,1,0,false,,"Burdwan Division, West Bengal, India",23.6467569713,88.1173261783,15,,,,15,,open,false,,,Tricolored Munia,Lonchura malacca,Capuchino Tricolor de la India,Aves,979790
319957376,98dac40b-a4cf-4a5d-9cdd-9210f07d78ec,2025/10/09 7:34 AM,2025-10-09,2025-10-09 04:04:00 +0200,New Delhi,4768302,barakat,Munshi Md. Abul Barakat,2025-10-10 16:12:36 +0200,2025-10-16 06:55:57 +0200,research,CC-BY-NC,https://www.inaturalist.org/observations/319957376,https://inaturalist-open-data.s3.amazonaws.com/photos/578427599/medium.jpg,,"",,2,0,false,,"Burdwan Division, West Bengal, India",23.6467864553,88.1173369072,15,,,,15,,open,false,,,Tricolored Munia,Lonchura malacca,Capuchino Tricolor de la India,Aves,979790
320108913,edfbe950-003f-40d4-95d3-0436929028b4,2025/09/21 08:43,2025-09-21,2025-09-21 15:43:00 +0200,Bogota,7094566,reginchen,,2025-10-11 08:51:43 +0200,2025-10-15 22:10:11 +0200,research,CC-BY-NC,https://www.inaturalist.org/observations/320108913,https://inaturalist-open-data.s3.amazonaws.com/photos/578723730/medium.jpg,,"",Dreifarbnonne (Lonchura malacca),1,0,false,,"Jamundí, Valle del Cauca, Kolumbien",3.2617697,-76.5403266,2408,,,,2408,,open,false,,,Schwarzbauchnonne,Lonchura malacca,Capuchino Tricolor de la India,Aves,979790
320368105,2d997844-a5d1-451b-becf-c53e9be9e607,2025-10-12,2025-10-12,,New Delhi,8069469,anand2937,prof.Anand Bora,2025-10-12 12:09:17 +0200,2025-10-12 13:15:39 +0200,research,,https://www.inaturalist.org/observations/320368105,https://static.inaturalist.org/photos/579227425/medium.jpg,,"",,2,0,false,2,"6PJH+7PV, Waghad, Maharashtra 422003, India",20.2307442399,73.7292872742,194,,,,194,,open,false,gps,gps,Tricolored Munia,Lonchura malacca,Capuchino Tricolor de la India,Aves,979790
320420084,561d6a17-1789-4ede-909b-9f17383e3cd2,2025/10/06 7:07 AM,2025-10-06,2025-10-06 03:37:00 +0200,New Delhi,6271405,siva2003,SUBRAMANIA SIVA S,2025-10-12 17:21:01 +0200,2025-10-12 20:18:10 +0200,research,,https://www.inaturalist.org/observations/320420084,https://static.inaturalist.org/photos/579327915/medium.jpg,,"","",5,0,false,,Periyeripatty lake near amarakundhi,11.7366901492,77.9845430532,61,,,,61,,open,false,,,Tricolored Munia,Lonchura malacca,Capuchino Tricolor de la India,Aves,979790
320598630,7a067c73-d01a-4ae7-9c9c-b6ca635ca20a,2025-10-12 08:41:24,2025-10-12,2025-10-12 05:11:24 +0200,New Delhi,9191657,shafee,Sha Fee,2025-10-13 09:20:27 +0200,2025-10-13 10:48:59 +0200,research,CC-BY-NC,https://www.inaturalist.org/observations/320598630,https://inaturalist-open-data.s3.amazonaws.com/photos/579678388/medium.jpg,,"",,3,0,false,2,"FGG8+7G Prithoo Point, Rajapalayam, Vadakku Venganallur, Tamil Nadu 626117, India",9.4769605012,77.5167913735,56,,,,56,,open,false,gps,gps,Tricolored Munia,Lonchura malacca,Capuchino Tricolor de la India,Aves,979790
320797874,00a87e98-93cd-4750-9db6-e2442df77968,2025/07/10 4:36 PM,2025-07-10,2025-07-10 13:06:00 +0200,New Delhi,3112805,satya_sidharth,Satya Sidharth Das,2025-10-14 07:17:20 +0200,2025-10-14 10:20:03 +0200,research,,https://www.inaturalist.org/observations/320797874,https://static.inaturalist.org/photos/580070938/medium.jpg,,"",,2,0,false,,"Bhejia, Odisha, India",20.4776730343,85.4776275881,15625,,,,15625,,open,false,,,Tricolored Munia,Lonchura malacca,Capuchino Tricolor de la India,Aves,979790
320810809,8d59813d-a606-40ae-b920-ee16c15b1e90,2025/07/03 12:28 PM,2025-07-03,2025-07-03 08:58:00 +0200,New Delhi,3910913,vivekvaidyanathan,Vivek Vaidyanathan,2025-10-14 09:54:49 +0200,2025-10-14 10:33:04 +0200,research,CC-BY-NC,https://www.inaturalist.org/observations/320810809,https://inaturalist-open-data.s3.amazonaws.com/photos/580096167/medium.jpg,,"",,2,0,false,,"Kerala, India",10.7410852087,76.6915038223,4,,,,4,,open,false,,,Tricolored Munia,Lonchura malacca,Capuchino Tricolor de la India,Aves,979790
320810810,d6c2085e-453d-486f-bc14-cad0178d2734,2025/07/03 12:29 PM,2025-07-03,2025-07-03 08:59:00 +0200,New Delhi,3910913,vivekvaidyanathan,Vivek Vaidyanathan,2025-10-14 09:54:49 +0200,2025-10-14 10:33:00 +0200,research,CC-BY-NC,https://www.inaturalist.org/observations/320810810,https://inaturalist-open-data.s3.amazonaws.com/photos/580096174/medium.jpg,,"",,2,0,false,,"Kerala, India",10.7410852087,76.6915038223,4,,,,4,,open,false,,,Tricolored Munia,Lonchura malacca,Capuchino Tricolor de la India,Aves,979790
320810812,d24ced53-4448-4322-b211-66e70a519022,2025/07/03 12:29 PM,2025-07-03,2025-07-03 08:59:00 +0200,New Delhi,3910913,vivekvaidyanathan,Vivek Vaidyanathan,2025-10-14 09:54:50 +0200,2025-10-14 10:32:52 +0200,research,CC-BY-NC,https://www.inaturalist.org/observations/320810812,https://inaturalist-open-data.s3.amazonaws.com/photos/580096184/medium.jpg,,"",,2,0,false,,"Kerala, India",10.7410852087,76.6915038223,4,,,,4,,open,false,,,Tricolored Munia,Lonchura malacca,Capuchino Tricolor de la India,Aves,979790
320869367,8d1cca58-6109-4bfc-af74-e79888ad79b9,2025/10/13 8:25 AM,2025-10-13,2025-10-13 04:55:00 +0200,New Delhi,4768302,barakat,Munshi Md. Abul Barakat,2025-10-14 18:05:13 +0200,2025-10-14 22:10:31 +0200,research,CC-BY-NC,https://www.inaturalist.org/observations/320869367,https://inaturalist-open-data.s3.amazonaws.com/photos/580204639/medium.jpg,,"",,3,0,false,,"Basatpur, West Bengal, India",23.6417830205,88.1578624405,4,,,,4,,open,false,,,Tricolored Munia,Lonchura malacca,Capuchino Tricolor de la India,Aves,979790
320998788,f872c589-4ad5-4740-8908-30d0c933a1c0,2025-10-12 07:16:16,2025-10-12,2025-10-12 03:46:16 +0200,New Delhi,7975628,yaship1,yaship yaship,2025-10-15 09:39:23 +0200,2025-10-15 13:21:10 +0200,research,,https://www.inaturalist.org/observations/320998788,https://static.inaturalist.org/photos/580467816/medium.jpg,,"",,3,0,false,2,"2/248, near Bus stop, Thoppapatti, Rasipuram, Tamil Nadu 637408, India",11.4614411801,78.185477145,17265,,,,17265,,open,false,,,Tricolored Munia,Lonchura malacca,Capuchino Tricolor de la India,Aves,979790
321029508,17eed419-c0bb-4f71-8f03-46af5a725da5,2025/10/14 5:41 PM,2025-10-14,2025-10-14 14:11:00 +0200,New Delhi,9663056,n_shiva_kumar,N.Shiva Kumar,2025-10-15 15:00:20 +0200,2025-10-18 09:41:51 +0200,research,CC-BY-NC,https://www.inaturalist.org/observations/321029508,https://inaturalist-open-data.s3.amazonaws.com/photos/580526350/medium.jpg,,"",,2,0,false,,"HH5H+8XV, Anthaipally, Secunderabad, Telangana 500078, India",17.55836,78.5799246,258,,,,258,,open,false,,,Tricolored Munia,Lonchura malacca,Capuchino Tricolor de la India,Aves,979790
321233830,f3e578bf-2062-420b-bd79-acf196d32010,2025/10/10 3:26 PM,2025-10-10,2025-10-10 11:56:00 +0200,New Delhi,2171660,sohaildatadump,Sohail Madan,2025-10-16 16:35:13 +0200,2025-10-16 17:59:37 +0200,research,CC-BY-NC,https://www.inaturalist.org/observations/321233830,https://inaturalist-open-data.s3.amazonaws.com/photos/580924640/medium.jpg,,"",,3,0,false,,"Sarai Kale Khan, New Delhi, Delhi, India",28.5823745648,77.2684744428,203,,,,203,,open,false,,,Tricolored Munia,Lonchura malacca,Capuchino Tricolor de la India,Aves,979790
321233831,ccef789a-5ea7-46b7-9c1a-7431a2076257,2025/10/10 3:27 PM,2025-10-10,2025-10-10 11:57:00 +0200,New Delhi,2171660,sohaildatadump,Sohail Madan,2025-10-16 16:35:13 +0200,2025-10-16 17:59:32 +0200,research,CC-BY-NC,https://www.inaturalist.org/observations/321233831,https://inaturalist-open-data.s3.amazonaws.com/photos/580924664/medium.jpg,,"",,3,0,false,,"Sarai Kale Khan, New Delhi, Delhi, India",28.5823745648,77.2684744428,203,,,,203,,open,false,,,Tricolored Munia,Lonchura malacca,Capuchino Tricolor de la India,Aves,979790
321279825,a314fbfd-71db-47a6-ac4a-5e16efe8db46,2025-10-16 15:34:00,2025-10-16,2025-10-16 12:04:00 +0200,New Delhi,8931237,sunil_raj_kumar8,SUNIL RAJ KUMAR SEELI,2025-10-16 21:01:42 +0200,2025-10-17 05:49:12 +0200,research,,https://www.inaturalist.org/observations/321279825,https://static.inaturalist.org/photos/581012883/medium.jpg,,"",,2,0,false,2,"Kella, Andhra Pradesh 535217, India",18.1487366869,83.4518956393,38,,,,38,,open,false,,,Tricolored Munia,Lonchura malacca,Capuchino Tricolor de la India,Aves,979790
321365165,daccfb27-f22e-4f0e-98cf-98b09acdacda,2024/10/28 5:28 PM,2024-10-28,2024-10-28 12:58:00 +0100,New Delhi,8833394,aniat2023,Aniruddha Tondlekar,2025-10-17 08:30:50 +0200,2026-01-29 06:39:25 +0100,research,,https://www.inaturalist.org/observations/321365165,https://static.inaturalist.org/photos/581183421/medium.jpg,,"",,1,0,false,,"Pune, IN-MH, IN",18.3646352194,74.8890180745,3728,,,,30666,obscured,open,true,,,Tricolored Munia,Lonchura malacca,Capuchino Tricolor de la India,Aves,979790
321425066,4f072cbe-776c-43d9-9920-7fddb5745d08,2025/10/09 8:53 AM,2025-10-09,2025-10-09 05:23:00 +0200,New Delhi,6793845,shilpagadgil,Shilpa Gadgil,2025-10-17 17:34:01 +0200,2025-10-19 02:49:39 +0200,research,CC-BY-NC,https://www.inaturalist.org/observations/321425066,https://inaturalist-open-data.s3.amazonaws.com/photos/581300904/medium.jpg,,"",,3,0,false,,"Shri Narmadeshwar Mahadev Temple, Shivaji Nagar, Jalgaon, Maharashtra, India",21.0257929944,75.5633367452,113,,,,113,,open,false,,,Tricolored Munia,Lonchura malacca,Capuchino Tricolor de la India,Aves,979790
321604423,2e64ed7f-1872-406d-ac1b-9666401dd0ee,2025/10/18 7:24 AM,2025-10-18,2025-10-18 03:54:00 +0200,New Delhi,4768302,barakat,Munshi Md. Abul Barakat,2025-10-18 15:41:05 +0200,2025-10-19 16:52:02 +0200,research,CC-BY-NC,https://www.inaturalist.org/observations/321604423,https://inaturalist-open-data.s3.amazonaws.com/photos/581644208/medium.jpg,,"",,1,0,false,,"Rautara, West Bengal 713140, India",23.650973163,88.1024147739,16,,,,16,,open,false,,,Tricolored Munia,Lonchura malacca,Capuchino Tricolor de la India,Aves,979790
321604428,162cb6bb-6c65-42c7-96c7-808fafcd2b9c,2025/10/18 7:34 AM,2025-10-18,2025-10-18 04:04:00 +0200,New Delhi,4768302,barakat,Munshi Md. Abul Barakat,2025-10-18 15:41:06 +0200,2025-10-19 13:17:08 +0200,research,CC-BY-NC,https://www.inaturalist.org/observations/321604428,https://inaturalist-open-data.s3.amazonaws.com/photos/581644195/medium.jpg,,"",,1,0,false,,"Rautara, West Bengal 713140, India",23.6483969924,88.1021235293,8,,,,8,,open,false,,,Tricolored Munia,Lonchura malacca,Capuchino Tricolor de la India,Aves,979790
321604429,46e784eb-6236-4783-a2bc-2efe2f3698a2,2025/10/18 7:35 AM,2025-10-18,2025-10-18 04:05:00 +0200,New Delhi,4768302,barakat,Munshi Md. Abul Barakat,2025-10-18 15:41:06 +0200,2025-10-19 16:52:00 +0200,research,CC-BY-NC,https://www.inaturalist.org/observations/321604429,https://inaturalist-open-data.s3.amazonaws.com/photos/581644230/medium.jpg,,"",,1,0,false,,"Rautara, West Bengal 713140, India",23.6483243631,88.1019512036,4,,,,4,,open,false,,,Tricolored Munia,Lonchura malacca,Capuchino Tricolor de la India,Aves,979790
321604431,acc1019d-5cde-4452-a85c-4ef47974cd7f,2025/10/18 7:36 AM,2025-10-18,2025-10-18 04:06:00 +0200,New Delhi,4768302,barakat,Munshi Md. Abul Barakat,2025-10-18 15:41:07 +0200,2025-10-19 13:17:01 +0200,research,CC-BY-NC,https://www.inaturalist.org/observations/321604431,https://inaturalist-open-data.s3.amazonaws.com/photos/581644272/medium.jpg,,"",,1,0,false,,"Rautara, West Bengal 713140, India",23.6484626234,88.1022149553,4,,,,4,,open,false,,,Tricolored Munia,Lonchura malacca,Capuchino Tricolor de la India,Aves,979790
321604437,65ba6fba-7d22-4525-885d-b5aee4d8caba,2025/10/18 7:43 AM,2025-10-18,2025-10-18 04:13:00 +0200,New Delhi,4768302,barakat,Munshi Md. Abul Barakat,2025-10-18 15:41:08 +0200,2025-10-19 16:51:29 +0200,research,CC-BY-NC,https://www.inaturalist.org/observations/321604437,https://inaturalist-open-data.s3.amazonaws.com/photos/581644305/medium.jpg,,"",,1,0,false,,"Rautara, West Bengal 713140, India",23.6484150087,88.1021920765,2,,,,2,,open,false,,,Tricolored Munia,Lonchura malacca,Capuchino Tricolor de la India,Aves,979790
321997359,4f630037-3441-4a30-9ff7-3be5f195a247,2017-05-06 06:50:49,2017-05-06,2017-05-06 03:20:49 +0200,New Delhi,2852333,elavarasan_mm,Elavarasan M,2025-10-20 07:23:26 +0200,2025-10-20 07:32:38 +0200,research,CC-BY-NC,https://www.inaturalist.org/observations/321997359,https://inaturalist-open-data.s3.amazonaws.com/photos/582419461/medium.jpg,,"",,1,0,false,2,Marungoor,11.3230383995,79.2433527857,396,,,,396,,open,false,gps,gps,Tricolored Munia,Lonchura malacca,Capuchino Tricolor de la India,Aves,979790
322025390,98aed3db-cf83-4d4e-a412-17d17b40aae9,2018-12-25 08:01:06,2018-12-25,2018-12-25 03:31:06 +0100,New Delhi,2852333,elavarasan_mm,Elavarasan M,2025-10-20 12:55:38 +0200,2025-10-20 12:58:11 +0200,research,CC-BY-NC,https://www.inaturalist.org/observations/322025390,https://inaturalist-open-data.s3.amazonaws.com/photos/582476697/medium.jpg,,"",,1,0,false,2,Manakkudaiyan,11.3326163775,79.2281972989,2645,,,,2645,,open,false,gps,gps,Tricolored Munia,Lonchura malacca,Capuchino Tricolor de la India,Aves,979790
322343754,c4b6f7f1-17eb-40d8-8414-1b65ef77073c,2025/10/05 7:47 AM,2025-10-05,2025-10-05 04:17:00 +0200,New Delhi,4749129,vasensuli,,2025-10-22 04:53:58 +0200,2025-10-22 07:02:58 +0200,research,CC-BY-NC,https://www.inaturalist.org/observations/322343754,https://inaturalist-open-data.s3.amazonaws.com/photos/583111727/medium.jpg,,"","",2,0,false,,periyeripatty lake near omalur,11.7370604037,77.98465189,15,,,,15,,open,false,,,Tricolored Munia,Lonchura malacca,Capuchino Tricolor de la India,Aves,979790
322687763,2248d25f-bb4e-4a4f-a1da-7c64a96018e8,2025/10/12 7:56 AM,2025-10-12,2025-10-12 15:56:00 +0200,America/Merida,272655,walco_santamaria,,2025-10-24 04:57:16 +0200,2025-10-26 01:59:03 +0200,research,CC-BY-NC,https://www.inaturalist.org/observations/322687763,https://inaturalist-open-data.s3.amazonaws.com/photos/583796432/medium.jpg,,"",,3,0,false,,"Escárcega, Camp., México",18.6212160329,-90.8533528345,8,,,,8,,open,false,,,Capuchino Tricolor de la India,Lonchura malacca,Capuchino Tricolor de la India,Aves,979790
322763116,7c17fe9d-e2f4-4f99-a268-ee553847893c,2025/10/24 7:37 AM,2025-10-24,2025-10-24 04:07:00 +0200,New Delhi,1131461,anil_kumar_verma,Anil Kumar Verma,2025-10-24 15:54:36 +0200,2025-10-24 18:22:05 +0200,research,CC-BY-NC,https://www.inaturalist.org/observations/322763116,https://inaturalist-open-data.s3.amazonaws.com/photos/583942885/medium.jpg,,"",,1,0,false,,"Vardhaman Developers, Naya Gaon, Haridwar, Uttarakhand 249404, India",29.9153806,78.0969076,2606,,,,2606,,open,false,,,Tricolored Munia,Lonchura malacca,Capuchino Tricolor de la India,Aves,979790
322783118,5fa8fce4-37f9-4f3f-87e0-af9a0d7634eb,2025/10/22 7:45 AM,2025-10-22,2025-10-22 04:15:00 +0200,New Delhi,4768302,barakat,Munshi Md. Abul Barakat,2025-10-24 18:07:42 +0200,2025-10-24 18:09:18 +0200,research,CC-BY-NC,https://www.inaturalist.org/observations/322783118,https://inaturalist-open-data.s3.amazonaws.com/photos/583972523/medium.jpg,,"",,1,0,false,,"Burdwan Division, West Bengal, India",23.6712802505,88.0936019851,8,,,,8,,open,false,,,Tricolored Munia,Lonchura malacca,Capuchino Tricolor de la India,Aves,979790
322811978,7826b3f0-02e4-4571-825e-4774e3478724,2025/10/13 3:13 PM,2025-10-13,2025-10-13 11:43:00 +0200,New Delhi,4712538,alenalex,Alen Alex Pathisseril,2025-10-24 20:46:15 +0200,2025-10-24 21:43:51 +0200,research,CC-BY-NC,https://www.inaturalist.org/observations/322811978,https://inaturalist-open-data.s3.amazonaws.com/photos/584034297/medium.jpg,,"",,2,0,false,,"Maharashtra, IN",18.8976489915,76.9894872989,,,,,30615,obscured,open,true,,,Tricolored Munia,Lonchura malacca,Capuchino Tricolor de la India,Aves,979790
323141129,2a220c39-6a76-405d-9d7a-a293fd2be934,2025-10-25 07:22:28,2025-10-25,2025-10-25 03:52:28 +0200,New Delhi,7730007,samarnature,"",2025-10-26 07:29:56 +0100,2025-10-26 07:32:01 +0100,research,CC-BY-NC,https://www.inaturalist.org/observations/323141129,https://inaturalist-open-data.s3.amazonaws.com/photos/584685933/medium.jpg,,"",,1,0,false,2,"Krushnanagar, Odisha 751024, India",20.402859835,85.8003097773,69,,,,69,,open,false,gps,gps,Tricolored Munia,Lonchura malacca,Capuchino Tricolor de la India,Aves,979790
323441318,a74933fb-6d2a-49fe-867b-d8f7e1841274,2020/02/02 8:39 AM,2020-02-02,2020-02-02 04:09:00 +0100,New Delhi,8900238,naturallyvenky,Venky Ramaswamy,2025-10-27 13:18:14 +0100,2025-10-27 13:41:17 +0100,research,,https://www.inaturalist.org/observations/323441318,https://static.inaturalist.org/photos/585242139/medium.jpg,,"",,1,0,false,,"W5GC+FV3 Nanmangalam Reserve Forest, Medavakkam Main Rd, Medavakkam, Chennai, Tamil Nadu 600117, India",12.9261405,80.1721613,298,,,,298,,open,false,,,Tricolored Munia,Lonchura malacca,Capuchino Tricolor de la India,Aves,979790
323474906,214edec8-a8c7-4283-b0ca-a80c3c6a23d5,2019/12/24 8:19 AM,2019-12-24,2019-12-24 03:49:00 +0100,New Delhi,8900238,naturallyvenky,Venky Ramaswamy,2025-10-27 16:49:02 +0100,2025-10-27 17:02:04 +0100,research,,https://www.inaturalist.org/observations/323474906,https://static.inaturalist.org/photos/585306135/medium.jpg,,"",,1,0,false,,"Injambakkam, Chennai, Tamil Nadu, India",12.9197836,80.2511237,1986,,,,1986,,open,false,,,Tricolored Munia,Lonchura malacca,Capuchino Tricolor de la India,Aves,979790
323656954,403dfac9-9403-42f8-b89b-a3cf73ca2aa1,2025/10/19 10:02 AM,2025-10-19,2025-10-19 16:02:00 +0200,America/Santo_Domingo,785045,josh_vandermeulen,Josh van der Meulen,2025-10-28 15:30:48 +0100,2026-03-01 20:47:53 +0100,research,CC-BY-NC-ND,https://www.inaturalist.org/observations/323656954,https://inaturalist-open-data.s3.amazonaws.com/photos/585653290/medium.jpg,,"",,3,0,false,,"Municipio de Sabana de la Mar, Dominican Republic",19.0501336684,-69.4388490086,4,,,,4,,open,false,,,Tricolored Munia,Lonchura malacca,Capuchino Tricolor de la India,Aves,979790
323656956,626a791c-c7bb-4159-964e-6266ced11e29,2025/10/19 10:03 AM,2025-10-19,2025-10-19 16:03:00 +0200,America/Santo_Domingo,785045,josh_vandermeulen,Josh van der Meulen,2025-10-28 15:30:49 +0100,2026-03-01 20:47:54 +0100,research,CC-BY-NC-ND,https://www.inaturalist.org/observations/323656956,https://inaturalist-open-data.s3.amazonaws.com/photos/585653303/medium.jpg,,"",,3,0,false,,"Municipio de Sabana de la Mar, Dominican Republic",19.0501336684,-69.4388490086,4,,,,4,,open,false,,,Tricolored Munia,Lonchura malacca,Capuchino Tricolor de la India,Aves,979790
323727957,5a6893e2-f6b2-4eab-9abc-515023434512,2024/10/11 7:31 AM,2024-10-11,2024-10-11 14:31:00 +0200,Bogota,2675791,davidrianocortes,David Riaño Cortés,2025-10-28 23:10:26 +0100,2025-10-29 03:38:21 +0100,research,CC-BY-NC,https://www.inaturalist.org/observations/323727957,https://inaturalist-open-data.s3.amazonaws.com/photos/585810617/medium.jpg,,"","",2,0,false,,"Ibagué, Tolima, Colombia",4.398837221,-75.1389698565,122,,,,122,,open,false,,,Capuchino Tricolor de la India,Lonchura malacca,Capuchino Tricolor de la India,Aves,979790
323946671,5e6e1c72-bc33-47a1-aadf-49ecc1f23285,2025-10-29 15:24:00,2025-10-29,2025-10-29 10:54:00 +0100,New Delhi,8059390,akhilack,"",2025-10-30 05:29:30 +0100,2025-10-30 05:42:50 +0100,research,CC-BY-NC,https://www.inaturalist.org/observations/323946671,https://inaturalist-open-data.s3.amazonaws.com/photos/586243544/medium.jpg,,"",,1,0,false,2,"Holesalu, Karnataka, India",12.1920613892,77.091688402,1858,,,,1858,,open,false,gps,gps,Tricolored Munia,Lonchura malacca,Capuchino Tricolor de la India,Aves,979790
324120284,6141d88b-0c73-4392-8378-5e71364347bc,2025/10/30 7:40 AM,2025-10-30,2025-10-30 03:10:00 +0100,New Delhi,7557628,faisalfasaludeenfs,faisalfasaludeenfs,2025-10-31 09:33:48 +0100,2025-10-31 10:29:19 +0100,research,,https://www.inaturalist.org/observations/324120284,https://static.inaturalist.org/photos/586590808/medium.jpg,,"",,1,0,false,,"2GF8+7F3, Vellanathuruthu Road, Alappad, Kerala 690573, India",9.0231435,76.5161813,247,,,,247,,open,false,,,Tricolored Munia,Lonchura malacca,Capuchino Tricolor de la India,Aves,979790
324150226,cfd149bb-b727-4cd9-be99-0e5c1bd489db,2025/06/28 4:26 PM,2025-06-28,2025-06-28 12:56:00 +0200,New Delhi,3112805,satya_sidharth,Satya Sidharth Das,2025-10-31 14:36:02 +0100,2025-11-01 06:32:21 +0100,research,,https://www.inaturalist.org/observations/324150226,https://static.inaturalist.org/photos/586650042/medium.jpg,,"","",1,0,false,,"Northern Division, Odisha, India",20.5162483441,85.4103573312,7813,,,,7813,,open,false,,,Tricolored Munia,Lonchura malacca,Capuchino Tricolor de la India,Aves,979790
324176727,4671f00f-c174-482e-bc0c-2e3d03903cb5,2025/07/10 4:36 PM,2025-07-10,2025-07-10 13:06:00 +0200,New Delhi,3112805,satya_sidharth,Satya Sidharth Das,2025-10-31 17:23:27 +0100,2025-12-08 03:42:54 +0100,research,,https://www.inaturalist.org/observations/324176727,https://static.inaturalist.org/photos/586698183/medium.jpg,,"","",1,0,false,,"Dulanapur, Odisha, India",20.3707759762,85.6017028126,3906,,,,3906,,open,false,,,Tricolored Munia,Lonchura malacca,Capuchino Tricolor de la India,Aves,979790
324504857,c5911e9d-50ab-4545-8664-f16de2d4c125,2025-11-01 11:15:25,2025-11-01,2025-11-01 06:45:25 +0100,New Delhi,8364,ashoksengupta5,Ashok Sengupta,2025-11-02 14:15:33 +0100,2025-11-02 14:16:04 +0100,research,CC-BY,https://www.inaturalist.org/observations/324504857,https://inaturalist-open-data.s3.amazonaws.com/photos/587354811/medium.jpg,,"",,1,0,false,2,"Byatha, Karnataka 560089, India",13.1692966538,77.4887384847,209,,,,209,,open,false,gps,gps,Tricolored Munia,Lonchura malacca,Capuchino Tricolor de la India,Aves,979790
324710168,3d2c398a-ba78-454b-b4cc-35f5f1baa799,2019/08/31 10:38 AM,2019-08-31,2019-08-31 07:08:00 +0200,New Delhi,8900238,naturallyvenky,Venky Ramaswamy,2025-11-03 15:38:03 +0100,2025-11-04 13:41:44 +0100,research,,https://www.inaturalist.org/observations/324710168,https://static.inaturalist.org/photos/587766662/medium.jpg,,"",,1,0,false,,"Chennai, Tamil Nadu, India",13.0843007,80.2704622,20894,,,,20894,,open,false,,,Tricolored Munia,Lonchura malacca,Capuchino Tricolor de la India,Aves,979790
324841219,5878c100-32ec-4494-8471-3b429afafb44,2025/10/11 11:17 AM,2025-10-11,2025-10-11 07:47:00 +0200,Sri Jayawardenepura,3350922,yuwaree_k,Yuwaree Kamolsawat,2025-11-04 09:40:40 +0100,2025-11-09 18:53:14 +0100,research,CC-BY-NC,https://www.inaturalist.org/observations/324841219,https://inaturalist-open-data.s3.amazonaws.com/photos/588041982/medium.jpg,,"",,3,0,false,,"Pattipola, Sri Lanka",6.809444918,80.8023331314,4919,,,,4919,,open,false,gps,gps,Tricolored Munia,Lonchura malacca,Capuchino Tricolor de la India,Aves,979790
325207275,1c81cbbf-e746-4c67-b291-02835c32b2ab,2025/11/04 10:48 AM,2025-11-04,2025-11-04 06:18:00 +0100,New Delhi,3421691,naturalist_aditya,Aditya Bari,2025-11-06 17:58:47 +0100,2025-11-06 19:58:52 +0100,research,CC-BY-NC,https://www.inaturalist.org/observations/325207275,https://inaturalist-open-data.s3.amazonaws.com/photos/588762755/medium.jpg,,"",,2,0,false,,"Kumarakom, Kerala, India",9.6175449,76.430095,8000,,,,8000,,open,false,,,Tricolored Munia,Lonchura malacca,Capuchino Tricolor de la India,Aves,979790
325208698,637c80ab-9a87-4d7d-8546-d9b7583552fe,2025/11/04 11:44 AM,2025-11-04,2025-11-04 07:14:00 +0100,New Delhi,3421691,naturalist_aditya,Aditya Bari,2025-11-06 18:10:41 +0100,2025-11-06 19:55:16 +0100,research,CC-BY-NC,https://www.inaturalist.org/observations/325208698,https://inaturalist-open-data.s3.amazonaws.com/photos/588765909/medium.jpg,,"",,2,0,false,,"Kumarakom, Kerala, India",9.6175449,76.430095,8000,,,,8000,,open,false,,,Tricolored Munia,Lonchura malacca,Capuchino Tricolor de la India,Aves,979790
325258317,2419f1ac-6758-412b-bf07-c8794fc1bc84,2024-05-23 16:29:34,2024-05-23,2024-05-23 23:29:34 +0200,America/Panama,8004603,patriciaqm,,2025-11-07 00:30:04 +0100,2025-11-07 01:26:03 +0100,research,CC-BY-NC,https://www.inaturalist.org/observations/325258317,https://inaturalist-open-data.s3.amazonaws.com/photos/588863880/medium.jpg,,"",,1,0,false,843,"Chiriqui, PA",8.359175,-82.5164333333,4,,,,4,,open,false,,,Capuchino Tricolor de la India,Lonchura malacca,Capuchino Tricolor de la India,Aves,979790
325312383,be9b8b8c-4323-408e-8ec4-cd3e1caaa262,2025-11-07 07:48:10,2025-11-07,2025-11-07 03:18:10 +0100,New Delhi,9897278,babaji_ghewade,Dr Babaji Ghewade,2025-11-07 10:12:23 +0100,2025-11-14 15:06:48 +0100,research,CC-BY-NC,https://www.inaturalist.org/observations/325312383,https://inaturalist-open-data.s3.amazonaws.com/photos/588975218/medium.jpg,,"",,3,0,false,843,"Wardha, Maharashtra, IN",20.7557003664,78.5520259797,1096,,,,1096,,open,false,,,Tricolored Munia,Lonchura malacca,Capuchino Tricolor de la India,Aves,979790
325480439,44d9545f-f488-48ea-9e8e-3d9a8e27c21e,2025-11-08 16:30:54,2025-11-08,2025-11-08 12:00:54 +0100,New Delhi,9897278,babaji_ghewade,Dr Babaji Ghewade,2025-11-08 13:49:30 +0100,2025-11-14 14:55:22 +0100,research,CC-BY-NC,https://www.inaturalist.org/observations/325480439,https://inaturalist-open-data.s3.amazonaws.com/photos/589311766/medium.jpg,,"",,3,0,false,843,"Wardha, Maharashtra, IN",20.759528945,78.5457189585,3647,,,,3647,,open,false,,,Tricolored Munia,Lonchura malacca,Capuchino Tricolor de la India,Aves,979790
325484160,7b8cf777-e5db-4360-b948-71285bdf6dba,2017/08/22 8:14 AM,2017-08-22,2017-08-22 04:44:00 +0200,New Delhi,5467443,souravnaturalist,Sourav Halder,2025-11-08 14:20:37 +0100,2025-11-15 13:16:59 +0100,research,CC-BY-NC,https://www.inaturalist.org/observations/325484160,https://inaturalist-open-data.s3.amazonaws.com/photos/589319194/medium.jpg,,"","",3,0,false,,"Rajarhat, Kolkata, West Bengal, India",22.6236287,88.44098,6216,,,,6216,,open,false,,,Tricolored Munia,Lonchura malacca,Capuchino Tricolor de la India,Aves,979790
325491051,5b55d5db-98bc-4047-9372-3c0f734de64b,2023/11/15 6:09 AM,2023-11-15,2023-11-15 01:39:00 +0100,New Delhi,32125,thomsonsaburaj,THOMSON SABURAJ,2025-11-08 15:13:31 +0100,2025-12-05 21:00:07 +0100,research,CC-BY-NC,https://www.inaturalist.org/observations/325491051,https://inaturalist-open-data.s3.amazonaws.com/photos/589331234/medium.jpg,,"",,1,0,false,,"Kerala, India",8.4429306347,76.9831735801,31,,,,31,,open,false,,,Tricolored Munia,Lonchura malacca,Capuchino Tricolor de la India,Aves,979790
325627172,c69fa350-9d58-4708-8af9-19cf5a8a9397,2025/10/19 10:09 AM,2025-10-19,2025-10-19 16:09:00 +0200,America/Santo_Domingo,600928,driley,Dan Riley,2025-11-09 05:49:35 +0100,2026-03-01 20:36:01 +0100,research,CC-BY-NC,https://www.inaturalist.org/observations/325627172,https://static.inaturalist.org/photos/589595142/medium.jpg,,"","",2,0,false,,"Municipio de Sabana de la Mar, Dominican Republic",19.0500603017,-69.4386428312,100,,,,100,,open,false,,,Tricolored Munia,Lonchura malacca,Capuchino Tricolor de la India,Aves,979790
325627173,6cafb363-29e5-4043-a4c6-f3244857b929,2025/10/19 10:12 AM,2025-10-19,2025-10-19 16:12:00 +0200,America/Santo_Domingo,600928,driley,Dan Riley,2025-11-09 05:49:35 +0100,2026-03-01 20:36:01 +0100,research,CC-BY-NC,https://www.inaturalist.org/observations/325627173,https://static.inaturalist.org/photos/589595180/medium.jpg,,"","",2,0,false,,"Municipio de Sabana de la Mar, Dominican Republic",19.0500603017,-69.4386428312,100,,,,100,,open,false,,,Tricolored Munia,Lonchura malacca,Capuchino Tricolor de la India,Aves,979790
325641191,a7e65405-a6c7-4382-884b-7889b658d3dd,2025/11/09 7:58 AM,2025-11-09,2025-11-09 03:28:00 +0100,New Delhi,5956273,deemopahan,Deepa Mohan,2025-11-09 08:13:17 +0100,2025-11-10 19:24:40 +0100,research,CC-BY-NC,https://www.inaturalist.org/observations/325641191,https://inaturalist-open-data.s3.amazonaws.com/photos/589628572/medium.jpg,,"","Tricoloured Munias, Ravugodlu, DMW,091125",1,0,false,,"Sunkadakatte, Karnataka 560116, India",12.749301085,77.5117474737,808,,,,808,,open,false,,,Tricolored Munia,Lonchura malacca,Capuchino Tricolor de la India,Aves,979790
325672712,8e259cab-e33f-450b-862a-becd9356c5c2,2025/10/05 5:52 PM,2025-10-05,2025-10-05 14:22:00 +0200,Sri Jayawardenepura,9927868,ssrikumar,Sri Srikumar,2025-11-09 13:24:28 +0100,2025-11-09 17:00:59 +0100,research,CC-BY-NC,https://www.inaturalist.org/observations/325672712,https://inaturalist-open-data.s3.amazonaws.com/photos/589693056/medium.jpg,,"",Tri Coloured Munia,3,0,false,,"Nelum Wewa, Eluwankulam, Puttalam, Sri Lanka",8.278877698,79.8751084382,31,,,,31,,open,false,,,Tricolored Munia,Lonchura malacca,Capuchino Tricolor de la India,Aves,979790
325867196,69573814-64ef-4021-8b30-bae83cd3c17e,2025/08/07 7:12 PM,2025-08-07,2025-08-07 15:42:00 +0200,Sri Jayawardenepura,9927868,ssrikumar,Sri Srikumar,2025-11-10 14:43:45 +0100,2025-11-11 02:32:15 +0100,research,CC-BY-NC,https://www.inaturalist.org/observations/325867196,https://inaturalist-open-data.s3.amazonaws.com/photos/590081919/medium.jpg,,"",Tri Coloured Munia,2,0,false,,"Ruhunuketha Lake, Welikande, Sri Lanka",7.9610517,81.2291645,457,,,,457,,open,false,,,Tricolored Munia,Lonchura malacca,Capuchino Tricolor de la India,Aves,979790
326050227,9eb90f2b-105b-46a4-8a70-39158ff886ba,2025/10/04 10:42 PM,2025-10-04,2025-10-04 19:12:00 +0200,New Delhi,3744501,bibhasdn,,2025-11-11 18:18:37 +0100,2025-11-12 14:54:07 +0100,research,CC-BY-NC,https://www.inaturalist.org/observations/326050227,https://inaturalist-open-data.s3.amazonaws.com/photos/590440868/medium.jpg,,"",,1,0,false,,"Bengaluru, Karnataka, India",12.8187655583,77.5491923561,456,,,,456,,open,false,,,Tricolored Munia,Lonchura malacca,Capuchino Tricolor de la India,Aves,979790
326124814,e5399e9b-b28f-4abe-b6c8-48905de9ba15,2025-10-12 08:00:49,2025-10-12,2025-10-12 16:00:49 +0200,America/Merida,2377827,ebennynnebe,Eben Ezer Caamal Cahuich,2025-11-12 03:25:56 +0100,2025-11-15 19:53:32 +0100,research,,https://www.inaturalist.org/observations/326124814,https://static.inaturalist.org/photos/590595815/medium.jpg,,"",Y sorgo,2,0,false,2,"24368 Camp., México",18.6226816708,-90.8454979956,459,,,,459,,open,false,gps,gps,Tricolored Munia,Lonchura malacca,Capuchino Tricolor de la India,Aves,979790
326128326,95cecc5b-e947-4fcb-b471-94dbfb8f71bc,2025/11/12,2025-11-12,,New Delhi,5898321,suzhal_arivom,சூழல் அறிவோம்,2025-11-12 03:57:55 +0100,2025-12-08 03:42:15 +0100,research,CC-BY-NC,https://www.inaturalist.org/observations/326128326,https://inaturalist-open-data.s3.amazonaws.com/photos/590601949/medium.jpg,,"",,1,0,false,,Sathur Lake,12.8795075785,79.3245702527,15,,,,15,,open,false,,,Tricolored Munia,Lonchura malacca,Capuchino Tricolor de la India,Aves,979790
326162278,e554b96d-6d17-4ef1-9414-a5447440ff43,2025-11-12 15:19:48,2025-11-12,2025-11-12 10:49:48 +0100,New Delhi,9927792,aditya_6101,,2025-11-12 10:52:19 +0100,2025-11-13 07:36:41 +0100,research,CC-BY-NC,https://www.inaturalist.org/observations/326162278,https://inaturalist-open-data.s3.amazonaws.com/photos/590672091/medium.jpg,,"",,1,0,false,2,"C29, Block C, Bali Nagar, Delhi, 110015, India",28.6547009449,77.1258952841,201,,,,201,,open,false,gps,gps,Tricolored Munia,Lonchura malacca,Capuchino Tricolor de la India,Aves,979790
326342603,6c5b0224-b019-4fab-9253-896b791379cd,2025/11/13 16:07,2025-11-13,2025-11-13 11:22:00 +0100,Kathmandu,6470563,drukru,,2025-11-13 17:10:03 +0100,2025-11-14 20:13:21 +0100,research,CC-BY-NC,https://www.inaturalist.org/observations/326342603,https://inaturalist-open-data.s3.amazonaws.com/photos/591023285/medium.jpg,,"",,2,0,false,,"Bhim Datta, Nepal",28.9586116667,80.1166666667,,,,,,,open,false,,,Schwarzbauchnonne,Lonchura malacca,Capuchino Tricolor de la India,Aves,979790
326369038,3902c88a-a09b-4b63-b919-9a6773ac5d8b,2024/02/12 08:47,2024-02-12,2024-02-12 04:17:00 +0100,Sri Jayawardenepura,1364258,nestboxer,Aleksey Levashkin,2025-11-13 20:40:38 +0100,2025-11-15 05:27:09 +0100,research,CC-BY-NC,https://www.inaturalist.org/observations/326369038,https://inaturalist-open-data.s3.amazonaws.com/photos/591073748/medium.jpg,,"","",2,0,false,,"Хамбантота, Шри-Ланка",6.1745194444,81.2133194444,,,,,,,open,false,,,Черноголовая муния,Lonchura malacca,Capuchino Tricolor de la India,Aves,979790
326371998,3316ff29-7897-432a-8025-30e8ff57f7f7,2024/02/12 16:59,2024-02-12,2024-02-12 12:29:00 +0100,Sri Jayawardenepura,1364258,nestboxer,Aleksey Levashkin,2025-11-13 21:01:33 +0100,2025-11-15 19:14:47 +0100,research,CC-BY-NC,https://www.inaturalist.org/observations/326371998,https://inaturalist-open-data.s3.amazonaws.com/photos/591079744/medium.jpg,,"","",4,0,false,,"Хамбантота, Шри-Ланка",6.18825,81.2203472222,,,,,,,open,false,,,Черноголовая муния,Lonchura malacca,Capuchino Tricolor de la India,Aves,979790
326550366,0c16938e-cad8-40c6-8a09-9d9d6db1fe0a,2025/10/13 6:47 AM,2025-10-13,2025-10-13 03:17:00 +0200,Sri Jayawardenepura,108966,nyoni-pete,Pete Woodall,2025-11-15 02:26:15 +0100,2026-02-02 21:32:11 +0100,research,CC-BY,https://www.inaturalist.org/observations/326550366,https://inaturalist-open-data.s3.amazonaws.com/photos/591440882/medium.jpg,,"",9463/5,3,0,false,,"Bundala NP, Hambantota, Sri Lanka",6.188,81.22,2500,,,,2500,,open,false,,,Tricolored Munia,Lonchura malacca,Capuchino Tricolor de la India,Aves,979790
326731292,431b03aa-9760-40b2-a8ce-3fed03f9dc90,2025/11/16,2025-11-16,,New Delhi,5898321,suzhal_arivom,சூழல் அறிவோம்,2025-11-16 05:04:09 +0100,2025-11-16 05:17:54 +0100,research,CC-BY-NC,https://www.inaturalist.org/observations/326731292,https://inaturalist-open-data.s3.amazonaws.com/photos/591800653/medium.jpg,,"",,1,0,false,,"Tamil Nadu, India",12.8641770148,79.2944121175,2,,,,2,,open,false,,,Tricolored Munia,Lonchura malacca,Capuchino Tricolor de la India,Aves,979790
326828934,47fbe893-fc79-4207-9315-1614a7b4b8eb,2025-11-15 22:29:03,2025-11-15,2025-11-15 17:59:03 +0100,New Delhi,7943671,abhishek5461,Abhishek Kapsi,2025-11-16 19:32:45 +0100,2025-11-16 21:18:19 +0100,research,,https://www.inaturalist.org/observations/326828934,https://static.inaturalist.org/photos/591997637/medium.jpg,,"",,1,0,false,2,"HWP6+RQ Nagalapura lake, Nagalapura Thanda, Karnataka 583137, India",14.5868787883,75.9117333591,140,,,,140,,open,false,gps,gps,Tricolored Munia,Lonchura malacca,Capuchino Tricolor de la India,Aves,979790
327092154,62670ee4-8e82-484c-9268-cc1900ea70af,2025-11-16 08:33:00,2025-11-16,2025-11-16 04:03:00 +0100,New Delhi,8795488,noopur97,Noopur🍀,2025-11-18 11:03:56 +0100,2025-11-19 17:27:24 +0100,research,CC-BY-NC,https://www.inaturalist.org/observations/327092154,https://inaturalist-open-data.s3.amazonaws.com/photos/592519502/medium.jpg,,"",,2,0,false,2,"5QXV+98 Abhera Biological and Zoological Park main gate, Kota, Rajasthan 324008, India",25.1984934842,75.7933543995,205,,,,205,,open,false,gps,gps,Tricolored Munia,Lonchura malacca,Capuchino Tricolor de la India,Aves,979790
327208136,52e6ea5f-6076-44e5-bc31-6672537738a8,2025/11/18 9:49 AM,2025-11-18,2025-11-18 05:19:00 +0100,Sri Jayawardenepura,7561084,rajitha_indunil_welithara,Rajitha Indunil Welithara,2025-11-19 05:39:01 +0100,2025-11-19 07:33:32 +0100,research,,https://www.inaturalist.org/observations/327208136,https://static.inaturalist.org/photos/592749278/medium.jpg,,"",,1,0,false,,"Moneragala, Sri Lanka",7.3047684038,81.3880696405,15,,,,15,,open,false,,,Tricolored Munia,Lonchura malacca,Capuchino Tricolor de la India,Aves,979790
327307658,76d938da-8402-4358-9c01-7404104d1a15,2025/10/14 10:03 AM,2025-10-14,2025-10-14 06:33:00 +0200,Sri Jayawardenepura,108966,nyoni-pete,Pete Woodall,2025-11-19 23:36:38 +0100,2026-02-02 21:32:11 +0100,research,CC-BY,https://www.inaturalist.org/observations/327307658,https://inaturalist-open-data.s3.amazonaws.com/photos/592951881/medium.jpg,,"",9883,1,0,false,,"Horton Plains HQ, Nuwara Eliya, Sri Lanka",6.8019161865,80.8071823902,75,,,,75,,open,false,,,Tricolored Munia,Lonchura malacca,Capuchino Tricolor de la India,Aves,979790
327464907,8109d472-b4c2-46d5-8b57-2084a5adfb90,2025-11-19 16:28:31,2025-11-19,2025-11-19 11:58:31 +0100,New Delhi,7440475,pri_ya,"",2025-11-21 05:07:46 +0100,2025-12-08 03:46:10 +0100,research,CC-BY-NC,https://www.inaturalist.org/observations/327464907,https://inaturalist-open-data.s3.amazonaws.com/photos/593268904/medium.jpg,,"",,2,0,false,2,Bhigwan Flamingo Bird Sanctuary,18.278667355,74.7594399378,186,,,,186,,open,false,gps,gps,Tricolored Munia,Lonchura malacca,Capuchino Tricolor de la India,Aves,979790
327466944,5f3f0e3d-fb9f-42c7-bedc-ad94b67cb86a,2025-11-20 08:15:34,2025-11-20,2025-11-20 03:45:34 +0100,New Delhi,7440475,pri_ya,"",2025-11-21 05:31:28 +0100,2025-12-01 06:16:50 +0100,research,CC-BY-NC,https://www.inaturalist.org/observations/327466944,https://inaturalist-open-data.s3.amazonaws.com/photos/593272656/medium.jpg,,"",,1,0,false,2,"6295+7FG, Kumbhargaon, Maharashtra 415103, India",17.2182114416,74.0087124333,478,,,,478,,open,false,gps,gps,Tricolored Munia,Lonchura malacca,Capuchino Tricolor de la India,Aves,979790
327510579,1b4b96b2-7be0-4c75-87c4-32d2f94e4a26,2025/10/30 7:42 AM,2025-10-30,2025-10-30 03:12:00 +0100,New Delhi,1626712,flowergirl_madras,,2025-11-21 15:09:14 +0100,2025-11-21 15:25:00 +0100,research,CC-BY-NC,https://www.inaturalist.org/observations/327510579,https://inaturalist-open-data.s3.amazonaws.com/photos/593356753/medium.jpg,,"",,1,0,false,,"Kumbhargaon, Maharashtra, India",18.2748370167,74.7886380198,1049,,,,1049,,open,false,,,Tricolored Munia,Lonchura malacca,Capuchino Tricolor de la India,Aves,979790
327644975,291da912-986f-4c3a-af80-ccb8852e6572,2025/11/22 7:45 AM,2025-11-22,2025-11-22 03:15:00 +0100,New Delhi,8391900,naturalists_minee,,2025-11-22 12:23:28 +0100,2025-11-23 08:00:50 +0100,research,CC-BY-NC,https://www.inaturalist.org/observations/327644975,https://static.inaturalist.org/photos/593621292/medium.jpg,,"",,1,0,false,,"Byatarayana Doddi, Karnataka 560083, India",12.8158468,77.5515527,202,,,,202,,open,false,,,Tricolored Munia,Lonchura malacca,Capuchino Tricolor de la India,Aves,979790
327811990,395ee233-efa5-4466-bfdd-70b63a16bd2c,2025/02/08 12:34 PM,2025-02-08,2025-02-08 08:04:00 +0100,Sri Jayawardenepura,9927868,ssrikumar,Sri Srikumar,2025-11-23 08:05:57 +0100,2025-11-26 14:14:04 +0100,research,CC-BY-NC,https://www.inaturalist.org/observations/327811990,https://inaturalist-open-data.s3.amazonaws.com/photos/593936121/medium.jpg,,"","Tri Coloured Munia
Black Headed Munia",1,0,false,,"Periya Kalappuwa, Thiruketheeswaram, Sri Lanka",8.9375997222,79.9487730556,,,,,,,open,false,,,Tricolored Munia,Lonchura malacca,Capuchino Tricolor de la India,Aves,979790
327814369,80907463-f594-44d0-aad1-e49f1e123f15,2025-11-23 11:12:20,2025-11-23,2025-11-23 06:42:20 +0100,New Delhi,2852333,elavarasan_mm,Elavarasan M,2025-11-23 08:35:50 +0100,2025-12-13 13:30:13 +0100,research,CC-BY-NC,https://www.inaturalist.org/observations/327814369,https://inaturalist-open-data.s3.amazonaws.com/photos/593940932/medium.jpg,,"",,2,0,false,2,Chinna Thirupathi,11.6838454714,78.16556409,210,,,,210,,open,false,gps,gps,Tricolored Munia,Lonchura malacca,Capuchino Tricolor de la India,Aves,979790
328314824,2f9495e5-b4a3-4f95-8124-3c8f595bc8e1,2025/11/26 6:47 AM,2025-11-26,2025-11-26 02:17:00 +0100,New Delhi,5956273,deemopahan,Deepa Mohan,2025-11-26 08:09:16 +0100,2025-11-26 10:47:38 +0100,research,CC-BY-NC,https://www.inaturalist.org/observations/328314824,https://inaturalist-open-data.s3.amazonaws.com/photos/594902649/medium.jpg,,"","",1,0,false,,"Muthanallur, Bommasandra, Karnataka, India",12.8286984057,77.7361623932,1349,,,,1349,,open,false,,,Tricolored Munia,Lonchura malacca,Capuchino Tricolor de la India,Aves,979790
328344702,09fc7aee-94bd-489f-80ef-efa4cc8f9f50,2025/11/26 7:08 AM,2025-11-26,2025-11-26 02:38:00 +0100,New Delhi,8391900,naturalists_minee,,2025-11-26 15:04:16 +0100,2025-11-27 05:16:59 +0100,research,CC-BY-NC,https://www.inaturalist.org/observations/328344702,https://static.inaturalist.org/photos/594953324/medium.jpg,,"",,1,0,false,,"Muthanallur Lake, Bommasandra, Karnataka",12.8225173,77.7294705,1349,,,,1349,,open,false,,,Tricolored Munia,Lonchura malacca,Capuchino Tricolor de la India,Aves,979790
328482218,3fbe34ed-424a-436b-90a2-3ea5e722e208,2014/11/30 10:01 AM,2014-11-30,2014-11-30 05:31:00 +0100,New Delhi,2610131,sourabhbiswas,Sourabh Biswas,2025-11-27 14:47:31 +0100,2025-11-28 11:54:37 +0100,research,,https://www.inaturalist.org/observations/328482218,https://static.inaturalist.org/photos/595241212/medium.jpg,,"",,1,0,false,,"Barajaguli, West Bengal, India",22.9499570781,88.5405152687,15,,,,15,,open,false,,,Tricolored Munia,Lonchura malacca,Capuchino Tricolor de la India,Aves,979790
328546739,439e7af7-34b8-4481-a9ae-3bde15f6cf55,2025/10/14 10:02 AM,2025-10-14,2025-10-14 06:32:00 +0200,Sri Jayawardenepura,412258,leithallb,"",2025-11-27 23:47:59 +0100,2025-12-01 04:57:46 +0100,research,CC-BY-NC,https://www.inaturalist.org/observations/328546739,https://inaturalist-open-data.s3.amazonaws.com/photos/595372975/medium.jpg,,"",0821/24,3,0,false,,"Horton Plains HQ, Nuwara Eliya, Sri Lanka",6.8020378398,80.8074374921,115,,,,115,,open,false,,,Tricolored Munia,Lonchura malacca,Capuchino Tricolor de la India,Aves,979790
329323147,f81cd2d7-c5c9-44bb-8b42-8419d9eaaa67,2025/11/23 07:46,2025-11-23,2025-11-23 03:16:00 +0100,Sri Jayawardenepura,2497639,zhukovasveser,Zhukova Svetlana,2025-12-03 13:11:07 +0100,2025-12-04 01:19:23 +0100,research,,https://www.inaturalist.org/observations/329323147,https://static.inaturalist.org/photos/596926091/medium.jpg,,"",,2,0,false,,"Элла, Шри-Ланка",6.8633679584,81.0457099852,,,,,,,open,false,,,Черноголовая муния,Lonchura malacca,Capuchino Tricolor de la India,Aves,979790
329325569,512b8e0d-bebf-4878-ba17-bcdd9d26044a,2025/11/22 9:31 AM,2025-11-22,2025-11-22 05:01:00 +0100,New Delhi,479031,dbmcc09,David McCorquodale,2025-12-03 13:45:23 +0100,2025-12-03 17:07:55 +0100,research,CC-BY,https://www.inaturalist.org/observations/329325569,https://inaturalist-open-data.s3.amazonaws.com/photos/596936834/medium.jpg,,"",,2,0,false,,"Gujarat, India",22.7685028232,72.5919126744,25,,,,25,,open,false,,,Tricolored Munia,Lonchura malacca,Capuchino Tricolor de la India,Aves,979790
329325570,c9a09b16-c0d7-4232-a11d-36fb8e6976ab,2025/11/22 9:32 AM,2025-11-22,2025-11-22 05:02:00 +0100,New Delhi,479031,dbmcc09,David McCorquodale,2025-12-03 13:45:24 +0100,2025-12-03 17:07:54 +0100,research,CC-BY,https://www.inaturalist.org/observations/329325570,https://inaturalist-open-data.s3.amazonaws.com/photos/596936847/medium.jpg,,"",,2,0,false,,"Gujarat, India",22.7685028232,72.5919126744,25,,,,25,,open,false,,,Tricolored Munia,Lonchura malacca,Capuchino Tricolor de la India,Aves,979790
330010133,7916b727-6df2-4461-8d65-32dd41ce47d5,2025-11-15,2025-11-15,,New Delhi,4645876,hrishu,Hrishu Aravind,2025-12-08 19:57:01 +0100,2025-12-17 11:12:28 +0100,research,CC-BY-NC,https://www.inaturalist.org/observations/330010133,https://inaturalist-open-data.s3.amazonaws.com/photos/598317950/medium.jpg,,"","",1,0,false,,"Sirudavoor, Tamil Nadu, India",12.6828661,80.1570372,1196,,,,1196,,open,false,,"",Tricolored Munia,Lonchura malacca,Capuchino Tricolor de la India,Aves,979790
330010149,c8d1968c-b9e6-4d6b-a46c-f5c99bb3e11a,2025-11-15,2025-11-15,,New Delhi,4645876,hrishu,Hrishu Aravind,2025-12-08 19:57:05 +0100,2025-12-17 11:12:27 +0100,research,CC-BY-NC,https://www.inaturalist.org/observations/330010149,https://inaturalist-open-data.s3.amazonaws.com/photos/598318020/medium.jpg,,"","",1,0,false,,"Sirudavoor, Tamil Nadu, India",12.6828661,80.1570372,1196,,,,1196,,open,false,,"",Tricolored Munia,Lonchura malacca,Capuchino Tricolor de la India,Aves,979790
330428736,b2b04e6e-49fe-44ce-88ec-cb61b97fae67,2025-12-09 17:02:02,2025-12-09,2025-12-09 12:32:02 +0100,New Delhi,5566967,prabhaj,Prabha Jayaraman,2025-12-12 06:31:32 +0100,2025-12-13 13:13:31 +0100,research,,https://www.inaturalist.org/observations/330428736,https://static.inaturalist.org/photos/599176286/medium.jpg,,"",,2,0,false,2,"HMV4+H28, Attur, Tamil Nadu 636141, India",11.5960361111,78.656575,,,,,,,open,false,gps,gps,Tricolored Munia,Lonchura malacca,Capuchino Tricolor de la India,Aves,979790
330545862,e31302a3-61c2-4924-8ab5-acd77963f301,2025/11/29 10:26 AM,2025-11-29,2025-11-29 05:56:00 +0100,New Delhi,7274183,lazybirders,lazybirders,2025-12-13 06:29:00 +0100,2025-12-13 06:40:52 +0100,research,CC-BY-NC,https://www.inaturalist.org/observations/330545862,https://inaturalist-open-data.s3.amazonaws.com/photos/599418698/medium.jpg,,"",,1,0,false,,"Ezhome, Kerala, India",12.0412900537,75.2930218042,488,,,,488,,open,false,,,Tricolored Munia,Lonchura malacca,Capuchino Tricolor de la India,Aves,979790
330696448,dda0ac79-5fa0-4526-a903-d7c598123c1c,2025-12-13 11:05:55,2025-12-13,2025-12-13 06:35:55 +0100,New Delhi,8385914,bipasa,Bipasa Show,2025-12-14 11:00:23 +0100,2025-12-31 05:13:57 +0100,research,CC-BY-NC,https://www.inaturalist.org/observations/330696448,https://inaturalist-open-data.s3.amazonaws.com/photos/600054543/medium.jpg,,"","One male and one female was observed, they were building a nest. The female was an Indian silverbill (possiblity of hybridization)",2,0,false,2,"52RJ+G2X, Raj Kumar, Sibrampur, West Bengal 722146, India",23.1920869911,87.0306464285,107,,,,107,,open,false,,,Tricolored Munia,Lonchura malacca,Capuchino Tricolor de la India,Aves,979790
330699254,407599c4-4ae6-47cb-8955-34d22aeb05e0,2025-12-14 11:22:04,2025-12-14,2025-12-14 06:52:04 +0100,New Delhi,8986868,rishitp,Rishit,2025-12-14 11:40:57 +0100,2025-12-30 10:47:10 +0100,research,CC-BY-NC,https://www.inaturalist.org/observations/330699254,https://inaturalist-open-data.s3.amazonaws.com/photos/599740486/medium.jpg,,"",Is this rare?,2,0,false,2,"JMF3+5X, Kusgaon P.m., Maharashtra 410506, India",18.6230041581,73.6544663832,62,,,,62,,open,false,gps,gps,Tricolored Munia,Lonchura malacca,Capuchino Tricolor de la India,Aves,979790
330775239,a33ca955-3090-440e-a08c-d1a93fa0cb6e,2025/11/24 4:11 PM,2025-11-24,2025-11-24 11:41:00 +0100,New Delhi,479031,dbmcc09,David McCorquodale,2025-12-14 23:33:18 +0100,2025-12-15 14:51:13 +0100,research,CC-BY,https://www.inaturalist.org/observations/330775239,https://inaturalist-open-data.s3.amazonaws.com/photos/599890387/medium.jpg,,"",,1,0,false,,"Gujarat, India",22.8850605066,72.0705771567,15,,,,15,,open,false,,,Tricolored Munia,Lonchura malacca,Capuchino Tricolor de la India,Aves,979790
330800572,aff08317-ad1d-408c-910f-fd5ae070cfb0,2025/06/15 7:07 AM,2025-06-15,2025-06-15 03:37:00 +0200,New Delhi,3377371,navaneethsinigeorge,Navaneeth Sini George,2025-12-15 03:23:37 +0100,2025-12-18 04:09:23 +0100,research,CC-BY,https://www.inaturalist.org/observations/330800572,https://inaturalist-open-data.s3.amazonaws.com/photos/599944612/medium.jpg,,"",,1,0,false,,"Vellanikkara, Thrissur, Kerala, India",10.5459260309,76.2708972732,27,,,,27,,open,false,,,Tricolored Munia,Lonchura malacca,Capuchino Tricolor de la India,Aves,979790
330804745,3953409d-825d-4b9d-90a5-8c8daea07c3e,2022-12-22 08:50 AM,2022-12-22,2022-12-22 04:20:00 +0100,New Delhi,2353376,kalpeshkrishna,Kalpesh Krishna,2025-12-15 04:04:00 +0100,2025-12-19 00:27:44 +0100,research,,https://www.inaturalist.org/observations/330804745,https://static.inaturalist.org/photos/599953511/medium.jpg,,"","Observation created using github.com/Sajmani/birdsync 
Checklist: https://ebird.org/checklist/S124398169
Protocol: eBird - Traveling Count
Macaulay Library Asset: https://macaulaylibrary.org/asset/520578031
",1,0,false,,"Gurgaon, IN-HR, IN",28.4768398,76.920433,1000,,,,1000,,open,false,,,Tricolored Munia,Lonchura malacca,Capuchino Tricolor de la India,Aves,979790
330815361,123b5884-906d-42f7-9fd2-f82cbc90a9da,2021-06-25 05:59 AM,2021-06-25,2021-06-25 02:29:00 +0200,New Delhi,2353376,kalpeshkrishna,Kalpesh Krishna,2025-12-15 05:59:12 +0100,2025-12-15 12:34:48 +0100,research,,https://www.inaturalist.org/observations/330815361,https://static.inaturalist.org/photos/599976153/medium.jpg,,"","Observation created using github.com/Sajmani/birdsync 
eBird observation details:
Lifer! Photos
Checklist: https://ebird.org/checklist/S90729255
Protocol: eBird - Traveling Count
Macaulay Library Asset: https://macaulaylibrary.org/asset/350139781
",2,0,false,,"Pune, IN-MH, IN",18.505384,74.0005752,1000,,,,1000,,open,false,,,Tricolored Munia,Lonchura malacca,Capuchino Tricolor de la India,Aves,979790
330815364,c9d347c5-ea2e-4ad7-a224-466b39a6a633,2021-07-25 06:04 AM,2021-07-25,2021-07-25 02:34:00 +0200,New Delhi,2353376,kalpeshkrishna,Kalpesh Krishna,2025-12-15 05:59:17 +0100,2025-12-15 06:23:38 +0100,research,,https://www.inaturalist.org/observations/330815364,https://static.inaturalist.org/photos/599976162/medium.jpg,,"","Observation created using github.com/Sajmani/birdsync 
Checklist: https://ebird.org/checklist/S92260693
Protocol: eBird - Traveling Count
eBird checklist comments:
Special thanks to Sandip Nagare for showing up around!
Macaulay Library Asset: https://macaulaylibrary.org/asset/357560871
",1,0,false,,"Pune, IN-MH, IN",18.2887021,74.7760435,1000,,,,1000,,open,false,,,Tricolored Munia,Lonchura malacca,Capuchino Tricolor de la India,Aves,979790
330869524,8fcb5919-d562-4509-9be3-e798cbb32309,2025/11/23 8:25 PM,2025-11-23,2025-11-24 01:25:00 +0100,America/Port_of_Spain,1641060,russhedley,Russ Hedley,2025-12-15 18:34:07 +0100,2025-12-16 08:39:47 +0100,research,CC-BY-NC,https://www.inaturalist.org/observations/330869524,https://inaturalist-open-data.s3.amazonaws.com/photos/600083743/medium.jpg,,"",,2,0,false,,"Bejucal, Trinidad and Tobago",10.6024138181,-61.4180098643,122,,,,122,,open,false,,,Tricolored Munia,Lonchura malacca,Capuchino Tricolor de la India,Aves,979790
330985931,83d1205f-9b97-4b49-ac51-26e637e68789,2025/12/14 8:12 AM,2025-12-14,2025-12-14 03:42:00 +0100,New Delhi,3792546,kishorenath,kishore T,2025-12-16 18:09:53 +0100,2025-12-16 18:50:16 +0100,research,CC-BY-NC,https://www.inaturalist.org/observations/330985931,https://inaturalist-open-data.s3.amazonaws.com/photos/600328597/medium.jpg,,"",,1,0,false,,"Kotturu, Andhra Pradesh, India",16.6237806353,80.6188328338,77,,,,77,,open,false,,,Tricolored Munia,Lonchura malacca,Capuchino Tricolor de la India,Aves,979790
331166042,6a147678-5e6c-42fa-ad26-64c11e1ed2d9,2025/12/18 7:38 AM,2025-12-18,2025-12-18 03:08:00 +0100,New Delhi,759124,sushilthomas,Sushil Thomas David,2025-12-18 06:28:15 +0100,2025-12-18 14:30:49 +0100,research,,https://www.inaturalist.org/observations/331166042,https://static.inaturalist.org/photos/600692959/medium.jpg,,"",,2,0,false,,"Kerala, India",9.2650465886,76.6050826934,879,,,,879,,open,false,,,Tricolored Munia,Lonchura malacca,Capuchino Tricolor de la India,Aves,979790
331263984,3bf7b56b-153b-4df3-a79e-36c9f5eaec10,2025/12/15 11:56 AM,2025-12-15,2025-12-15 17:56:00 +0100,America/Cancun,18446,royaltyler,Royal Tyler,2025-12-19 04:02:09 +0100,2025-12-19 21:07:21 +0100,research,CC-BY-NC-SA,https://www.inaturalist.org/observations/331263984,https://inaturalist-open-data.s3.amazonaws.com/photos/600901766/medium.jpg,,"","",2,0,false,,"Cozumel, MX-QR, MX",20.47558,-86.96936,5,,,,5,,open,false,,,Tricolored Munia,Lonchura malacca,Capuchino Tricolor de la India,Aves,979790
331423017,f6de26d8-f796-4638-bb36-c0015aecb2a2,2021/01/06 9:27 AM,2021-01-06,2021-01-06 15:27:00 +0100,Bogota,1333204,john830,John Jairo Estrada,2025-12-20 15:40:00 +0100,2025-12-20 22:45:16 +0100,research,,https://www.inaturalist.org/observations/331423017,https://static.inaturalist.org/photos/601231664/medium.jpg,,"colombia, Santafé de los Guaduales, Ibague, tolima",,1,0,false,,"Ibagué, Ibague, Tolima, Colombia",4.4049562,-75.1961171,294,,,,294,,open,false,,,Tricolored Munia,Lonchura malacca,Capuchino Tricolor de la India,Aves,979790
331434625,e448fc5e-9848-4815-b4d3-5c03377fe520,2025/12/20 5:16 PM,2025-12-20,2025-12-20 12:46:00 +0100,Sri Jayawardenepura,8818564,antoine_vespe,,2025-12-20 17:44:26 +0100,2025-12-22 05:07:13 +0100,research,CC-BY-NC,https://www.inaturalist.org/observations/331434625,https://inaturalist-open-data.s3.amazonaws.com/photos/601254699/medium.jpg,,"",,4,0,false,,"Polonnaruwa, Sri Lanka",8.121791037,80.8028900948,8,,,,8,,open,false,,,Tricolored Munia,Lonchura malacca,Capuchino Tricolor de la India,Aves,979790
331759905,f7650d5c-1e25-4087-9a31-b135e79499d7,2025/12/18 8:12 AM,2025-12-18,2025-12-18 15:12:00 +0100,Mexico City,132585,diegoman,Diego Manzano Méndez,2025-12-23 04:52:44 +0100,2025-12-23 04:53:13 +0100,research,CC-BY-NC,https://www.inaturalist.org/observations/331759905,https://inaturalist-open-data.s3.amazonaws.com/photos/601913039/medium.jpg,,"","",1,0,false,,"Huixtla, Chis., México",15.028085991,-92.5414982047,4,,,,4,,open,false,,,Capuchino Tricolor de la India,Lonchura malacca,Capuchino Tricolor de la India,Aves,979790
331763379,bcb1b24d-b93a-4a2c-a2fc-7192f36c15d1,2025-12-19 10:04:00,2025-12-19,2025-12-19 05:34:00 +0100,New Delhi,6559220,jagz88,Jagdish Parmar,2025-12-23 05:35:04 +0100,2025-12-23 07:43:11 +0100,research,,https://www.inaturalist.org/observations/331763379,https://static.inaturalist.org/photos/601924579/medium.jpg,,"",,2,0,false,2,"6MFR+5JX, Barbodhan, Hazira, Gujarat 395005, India",21.2236399116,72.6897877827,69,,,,69,,open,false,gps,gps,Tricolored Munia,Lonchura malacca,Capuchino Tricolor de la India,Aves,979790
331803172,6d0bf601-bd11-4c33-84f4-009d278f1a5c,2025/12/07 8:38 AM,2025-12-07,2025-12-07 04:08:00 +0100,New Delhi,4768302,barakat,Munshi Md. Abul Barakat,2025-12-23 15:22:20 +0100,2025-12-23 18:48:22 +0100,research,CC-BY-NC,https://www.inaturalist.org/observations/331803172,https://inaturalist-open-data.s3.amazonaws.com/photos/602000089/medium.jpg,,"",,1,0,false,,"Burdwan Division, West Bengal, India",23.6715334438,88.0927689216,31,,,,31,,open,false,,,Tricolored Munia,Lonchura malacca,Capuchino Tricolor de la India,Aves,979790
331814918,8d57a4bb-c804-44fb-b861-aae2e0c0b1f1,2025/12/02 1:13 PM,2025-12-02,2025-12-02 08:43:00 +0100,New Delhi,479031,dbmcc09,David McCorquodale,2025-12-23 17:31:30 +0100,2025-12-25 06:31:35 +0100,research,CC-BY,https://www.inaturalist.org/observations/331814918,https://inaturalist-open-data.s3.amazonaws.com/photos/602027169/medium.jpg,,"",,2,0,false,,"Indranaj, Gujarat 388180, India",22.503395753,72.548192691,150,,,,150,,open,false,,,Tricolored Munia,Lonchura malacca,Capuchino Tricolor de la India,Aves,979790
331814920,d6d862d2-2e55-473b-8af2-2b3dabcc430d,2025/12/02 1:15 PM,2025-12-02,2025-12-02 08:45:00 +0100,New Delhi,479031,dbmcc09,David McCorquodale,2025-12-23 17:31:31 +0100,2025-12-25 06:30:32 +0100,research,CC-BY,https://www.inaturalist.org/observations/331814920,https://inaturalist-open-data.s3.amazonaws.com/photos/602027179/medium.jpg,,"",,2,0,false,,"Indranaj, Gujarat 388180, India",22.503395753,72.548192691,150,,,,150,,open,false,,,Tricolored Munia,Lonchura malacca,Capuchino Tricolor de la India,Aves,979790
331872191,1ee72719-e48a-4a59-9a69-9c08fe7c5a67,2025/12/23 10:25 AM,2025-12-23,2025-12-23 15:25:00 +0100,Puerto Rico,2059238,lma82,Luis Agosto,2025-12-24 03:07:27 +0100,2025-12-24 16:56:28 +0100,research,CC-BY-NC,https://www.inaturalist.org/observations/331872191,https://inaturalist-open-data.s3.amazonaws.com/photos/602147462/medium.jpg,,"","",2,0,false,,"Tierras Nuevas Poniente, Manatí 00674, Puerto Rico",18.4742809048,-66.5181806125,8,,,,8,,open,false,,,Tricolored Munia,Lonchura malacca,Capuchino Tricolor de la India,Aves,979790
331899493,decdbf03-f191-4741-84b2-061390babc55,2025/12/10 10:13,2025-12-10,2025-12-10 05:43:00 +0100,Sri Jayawardenepura,5811582,urielevy,Uriel Levy,2025-12-24 09:18:52 +0100,2026-01-09 11:03:00 +0100,research,CC-BY-NC,https://www.inaturalist.org/observations/331899493,https://inaturalist-open-data.s3.amazonaws.com/photos/602201787/medium.jpg,,"",,4,0,false,,"נווארה אלייה, סרי לנקה",6.8078408452,80.8044014318,531,,,,531,,open,false,,,Lonchura malacca,Lonchura malacca,Capuchino Tricolor de la India,Aves,979790
332050478,2c17266b-85f2-4d50-b5fc-f1aa5c71b0d5,2025/12/23 6:40 AM,2025-12-23,2025-12-23 02:10:00 +0100,Sri Jayawardenepura,3882861,kingmaphotos,"",2025-12-25 19:14:38 +0100,2025-12-26 05:54:18 +0100,research,CC-BY-NC,https://www.inaturalist.org/observations/332050478,https://static.inaturalist.org/photos/602514348/medium.jpg,,"",,2,0,false,,"Hambantota, Sri Lanka",6.2620005715,81.3380545764,488,,,,488,,open,false,,,Tricolored Munia,Lonchura malacca,Capuchino Tricolor de la India,Aves,979790
332171806,a648d336-9c8e-4481-b4cd-2a8646521486,2025/12/25 9:32 AM,2025-12-25,2025-12-25 05:02:00 +0100,New Delhi,9898616,vinayherleg,Vinay Herle G,2025-12-26 18:54:52 +0100,2025-12-26 19:29:50 +0100,research,CC-BY-NC,https://www.inaturalist.org/observations/332171806,https://inaturalist-open-data.s3.amazonaws.com/photos/602764864/medium.jpg,,"Tricolored Munia, Munia, Lonchura malacca, Lonchura, Bangalore, Bird, Byatarayana Doddi Kere","",1,0,false,,"Byatarayana Doddi, Karnataka 560083, India",12.8158468,77.5515527,202,,,,202,,open,false,,,Tricolored Munia,Lonchura malacca,Capuchino Tricolor de la India,Aves,979790
332269363,6f7e8c92-b467-43c3-a30b-83d2beac58a3,2025/12/27 10:42 AM,2025-12-27,2025-12-27 06:12:00 +0100,New Delhi,8630910,dhruvapunde,Dhruva Punde,2025-12-27 11:27:55 +0100,2025-12-28 18:13:13 +0100,research,CC-BY-NC,https://www.inaturalist.org/observations/332269363,https://inaturalist-open-data.s3.amazonaws.com/photos/602966271/medium.jpg,,"","",4,0,false,,"Gokhalenagar, Pune, Maharashtra, India",18.5312277827,73.8171238039,2,,,,2,,open,false,,,Tricolored Munia,Lonchura malacca,Capuchino Tricolor de la India,Aves,979790
332461746,0045407a-646c-4b17-8b9b-ff6682db258b,2025/12/24 8:43 AM,2025-12-24,2025-12-24 15:43:00 +0100,America/Merida,100132,angel_castillo_birdingtours,"",2025-12-28 18:32:45 +0100,2025-12-30 16:19:06 +0100,research,CC-BY-NC,https://www.inaturalist.org/observations/332461746,https://inaturalist-open-data.s3.amazonaws.com/photos/603357951/medium.jpg,,"","",2,0,false,,"Tizimín, Yuc., México",21.3786830697,-87.7299830969,15,,,,15,,open,false,,,Capuchino Tricolor de la India,Lonchura malacca,Capuchino Tricolor de la India,Aves,979790
332522046,3cc47db6-8285-42d9-a4b2-e8da0baa120e,2025/09/10 8:56 PM,2025-09-10,2025-09-11 02:56:00 +0200,America/Santo_Domingo,312076,carlos2262,Carlos De Soto,2025-12-29 01:58:30 +0100,2026-03-01 20:12:49 +0100,research,CC0,https://www.inaturalist.org/observations/332522046,https://static.inaturalist.org/photos/603483976/medium.jpg,,"",,3,0,false,,"41000 La Vega, Dominican Republic",19.2211421,-70.5288768,4788,,,,4788,,open,false,,,Monjita Tricolor,Lonchura malacca,Capuchino Tricolor de la India,Aves,979790
332578559,36647efa-c228-4f97-80c8-000c174bb39e,2025/12/21 9:35 AM,2025-12-21,2025-12-21 05:05:00 +0100,Sri Jayawardenepura,1130007,sebastianow,Sebastian Ow,2025-12-29 12:42:33 +0100,2025-12-29 16:35:48 +0100,research,CC-BY-NC,https://www.inaturalist.org/observations/332578559,https://inaturalist-open-data.s3.amazonaws.com/photos/603602341/medium.jpg,,"",,2,0,false,,"Horton Plains National Park, Sri Lanka",6.809446,80.8023333,4914,,,,4914,,open,false,,,Tricolored Munia,Lonchura malacca,Capuchino Tricolor de la India,Aves,979790
332644120,871a1b73-1197-49a4-9287-f7e640aa2fc0,2018/07/30,2018-07-30,,Sri Jayawardenepura,1554823,ralphaba,,2025-12-29 22:48:41 +0100,2026-01-10 14:01:45 +0100,research,CC-BY-NC,https://www.inaturalist.org/observations/332644120,https://inaturalist-open-data.s3.amazonaws.com/photos/603733783/medium.jpg,,"",,3,0,false,,"Hambantota, Sri Lanka",6.19835,81.21061,,,,,,,open,false,,,Lonchura malacca,Lonchura malacca,Capuchino Tricolor de la India,Aves,979790
332701377,eaca7d12-58d5-4f31-8a3e-3309fc9d3782,2025-12-27 23:17:11,2025-12-27,2025-12-27 18:47:11 +0100,New Delhi,2469386,nikkitha,Nikkitha,2025-12-30 08:00:54 +0100,2025-12-30 10:06:17 +0100,research,CC-BY-NC-SA,https://www.inaturalist.org/observations/332701377,https://inaturalist-open-data.s3.amazonaws.com/photos/603851593/medium.jpg,,"",,1,0,false,2,"Kanchipuram No 57 raja nagar Pattangulam malliyangarabai, Perumgozhi, Tamil Nadu 603406, India",12.6012824457,79.8044588417,2328,,,,2328,,open,false,gps,gps,Tricolored Munia,Lonchura malacca,Capuchino Tricolor de la India,Aves,979790
332749527,f0d74774-7df1-4388-a494-00f801151e87,2024/01/26 8:53 AM,2024-01-26,2024-01-26 14:53:00 +0100,America/Havana,6832670,lhughes170,,2025-12-30 17:46:26 +0100,2026-01-12 04:45:07 +0100,research,CC-BY-NC,https://www.inaturalist.org/observations/332749527,https://inaturalist-open-data.s3.amazonaws.com/photos/603946224/medium.jpg,,"",,1,0,false,,"Cienaga de Zapata, Cuba",22.5198556359,-81.3407373125,253406,,,,253406,,open,false,,,Tricolored Munia,Lonchura malacca,Capuchino Tricolor de la India,Aves,979790
332754050,a7aeb4f4-d8ce-454d-a7dd-c1dff95edf58,2025-12-26 07:24:38,2025-12-26,2025-12-26 02:54:38 +0100,Sri Jayawardenepura,9322531,pasquiat,Pascal Ribi,2025-12-30 18:24:48 +0100,2025-12-30 19:12:23 +0100,research,CC-BY-NC,https://www.inaturalist.org/observations/332754050,https://inaturalist-open-data.s3.amazonaws.com/photos/603955504/medium.jpg,,"",,1,0,false,843,"Uda Walawe, LK-MJ-TH, LK-MJ, LK",6.4495011802,80.8797839992,6,,,,6,,open,false,,,Schwarzbauchnonne,Lonchura malacca,Capuchino Tricolor de la India,Aves,979790
332775205,d1bb75f2-f6d6-4878-b9d6-5dad8fb5d835,2025/11/24 10:20 PM,2025-11-24,2025-11-24 17:50:00 +0100,Sri Jayawardenepura,5790692,kultasiipi,,2025-12-30 21:27:40 +0100,2025-12-31 16:14:23 +0100,research,CC-BY-NC,https://www.inaturalist.org/observations/332775205,https://inaturalist-open-data.s3.amazonaws.com/photos/603999397/medium.jpg,,"",,1,0,false,,"Hambantotan piirikunta, Sri Lanka",6.1972764367,81.2135696411,15,,,,15,,open,false,,,kastanjamanikki,Lonchura malacca,Capuchino Tricolor de la India,Aves,979790
332823438,88d1da34-3ab2-4f9b-98d4-7e3d0d0a146e,2025-12-27 15:21:14,2025-12-27,2025-12-27 10:51:14 +0100,Sri Jayawardenepura,9322531,pasquiat,Pascal Ribi,2025-12-31 04:14:25 +0100,2025-12-31 07:29:00 +0100,research,CC-BY-NC,https://www.inaturalist.org/observations/332823438,https://inaturalist-open-data.s3.amazonaws.com/photos/604099819/medium.jpg,,"",,1,0,false,843,"Southern Province, LK",6.2003716233,81.218564169,34,,,,34,,open,false,,,Schwarzbauchnonne,Lonchura malacca,Capuchino Tricolor de la India,Aves,979790
333153082,b4637fa7-152c-455f-b275-b8fc46c2bee4,2026-01-02 16:53:51,2026-01-02,2026-01-02 12:23:51 +0100,New Delhi,8751978,yogeshpunde,Yogesh Punde,2026-01-02 15:36:33 +0100,2026-01-03 06:06:58 +0100,research,CC-BY-NC,https://www.inaturalist.org/observations/333153082,https://inaturalist-open-data.s3.amazonaws.com/photos/604777545/medium.jpg,,"",,1,0,false,2,"Moti Kathechi, Gujarat, India",22.9127389997,71.9694209997,,,,,,,open,false,gps,gps,Tricolored Munia,Lonchura malacca,Capuchino Tricolor de la India,Aves,979790
333154445,1f4b4a6e-e120-4d83-b413-b29960bab581,2025/12/24 9:25 AM,2025-12-24,2025-12-24 04:55:00 +0100,Sri Jayawardenepura,1130007,sebastianow,Sebastian Ow,2026-01-02 15:51:19 +0100,2026-01-02 18:46:02 +0100,research,CC-BY-NC,https://www.inaturalist.org/observations/333154445,https://inaturalist-open-data.s3.amazonaws.com/photos/604779783/medium.jpg,,"",,1,0,false,,"Debarawewa lake, Sri Lanka",6.2959043,81.2670255,838,,,,838,,open,false,,,Tricolored Munia,Lonchura malacca,Capuchino Tricolor de la India,Aves,979790
333422353,7d0ec6d0-4c9b-4699-955e-1ddac6f526f4,2025/12/25 10:38 AM,2025-12-25,2025-12-25 06:08:00 +0100,Sri Jayawardenepura,1130007,sebastianow,Sebastian Ow,2026-01-04 11:22:19 +0100,2026-01-04 12:03:31 +0100,research,CC-BY-NC,https://www.inaturalist.org/observations/333422353,https://inaturalist-open-data.s3.amazonaws.com/photos/605323255/medium.jpg,,"",,1,0,false,,"Bundala National Park, Weligatta, bundala 82004, Sri Lanka",6.1990863,81.2104935,216,,,,216,,open,false,,,Tricolored Munia,Lonchura malacca,Capuchino Tricolor de la India,Aves,979790
333440107,39bd7223-4f4a-44aa-85f5-fac7dc51e22d,2026-01-02 06:37 AM,2026-01-02,2026-01-02 02:07:00 +0100,New Delhi,2353376,kalpeshkrishna,Kalpesh Krishna,2026-01-04 14:58:26 +0100,2026-01-04 15:11:08 +0100,research,,https://www.inaturalist.org/observations/333440107,https://static.inaturalist.org/photos/605358893/medium.jpg,,"","Observation created using github.com/Sajmani/birdsync 
Checklist: https://ebird.org/checklist/S291796572
Protocol: eBird - Traveling Count
Macaulay Library Asset: https://macaulaylibrary.org/asset/648048159
",1,0,false,,"Pune, IN-MH, IN",18.2887021,74.7760435,1000,,,,1000,,open,false,,,Tricolored Munia,Lonchura malacca,Capuchino Tricolor de la India,Aves,979790
333448506,7b9d0638-8c98-40bc-84bf-87cbe2db8eb5,2025/12/25 1:13 PM,2025-12-25,2025-12-25 08:43:00 +0100,Sri Jayawardenepura,1130007,sebastianow,Sebastian Ow,2026-01-04 16:23:00 +0100,2026-01-04 20:17:36 +0100,research,CC-BY-NC,https://www.inaturalist.org/observations/333448506,https://inaturalist-open-data.s3.amazonaws.com/photos/605375361/medium.jpg,,"",,2,0,false,,"Tissamaharama, Sri Lanka",6.277566,81.2860315,3009,,,,3009,,open,false,,,Tricolored Munia,Lonchura malacca,Capuchino Tricolor de la India,Aves,979790
333781262,e23583e3-37bb-4450-88cf-148f00499549,2025/12/15 1:45 PM,2025-12-15,2025-12-15 09:15:00 +0100,New Delhi,342947,sergeyyeliseev,Sergey Yeliseev,2026-01-06 23:45:57 +0100,2026-01-07 09:35:57 +0100,research,CC-BY-NC,https://www.inaturalist.org/observations/333781262,https://inaturalist-open-data.s3.amazonaws.com/photos/605998666/medium.jpg,,"",,1,0,false,,"Pune Division, Maharashtra, India",18.2882585675,74.8052787781,1101,,,,1101,,open,false,,,Tricolored Munia,Lonchura malacca,Capuchino Tricolor de la India,Aves,979790
333781266,bb4ed95e-487f-4905-9d50-34804fccc136,2025/12/15 1:58 PM,2025-12-15,2025-12-15 09:28:00 +0100,New Delhi,342947,sergeyyeliseev,Sergey Yeliseev,2026-01-06 23:45:58 +0100,2026-01-07 09:35:51 +0100,research,CC-BY-NC,https://www.inaturalist.org/observations/333781266,https://inaturalist-open-data.s3.amazonaws.com/photos/605998692/medium.jpg,,"",,1,0,false,,"Pune Division, Maharashtra, India",18.2882585675,74.8052787781,1101,,,,1101,,open,false,,,Tricolored Munia,Lonchura malacca,Capuchino Tricolor de la India,Aves,979790
333960822,46c6ea7f-4640-4abd-abb6-be6b38fadbf4,2024/04/15 7:14 AM,2024-04-15,2024-04-15 03:44:00 +0200,Sri Jayawardenepura,4665719,niallp,Niall Perrins,2026-01-08 12:51:24 +0100,2026-01-08 15:46:30 +0100,research,CC-BY-NC,https://www.inaturalist.org/observations/333960822,https://inaturalist-open-data.s3.amazonaws.com/photos/606366990/medium.jpg,,"",,3,0,false,,"Nuwara Eliya, Sri Lanka",6.821869,80.805893,25,,,,25,,open,false,,,Tricolored Munia,Lonchura malacca,Capuchino Tricolor de la India,Aves,979790
333975609,8d4fe715-4af3-496d-8b1e-9e05173ae4a3,2025/12/21 10:17 AM,2025-12-21,2025-12-21 05:47:00 +0100,Sri Jayawardenepura,2564410,dmka,Dmytro and Elena,2026-01-08 16:10:45 +0100,2026-01-08 19:07:50 +0100,research,CC-BY-NC,https://www.inaturalist.org/observations/333975609,https://static.inaturalist.org/photos/606384486/medium.jpg,,"","December 21, 2025 10:17 AM
Bundala National Park, Hambantota District, Southern Province, Sri Lanka",2,0,false,,"Hambantota, Sri Lanka",6.205578,81.2380519,,,,,,,open,false,,,Tricolored Munia,Lonchura malacca,Capuchino Tricolor de la India,Aves,979790
334346294,9279dad5-47f2-44b2-b5b3-41bf18e88df5,2026/01/03 8:03 AM,2026-01-03,2026-01-03 03:33:00 +0100,New Delhi,3446494,nishandv,Nishand Venugopal,2026-01-11 14:15:04 +0100,2026-01-11 19:26:31 +0100,research,CC-BY-NC,https://www.inaturalist.org/observations/334346294,https://inaturalist-open-data.s3.amazonaws.com/photos/607152346/medium.jpg,,"",,2,0,false,,"Gajwel, Telangana 502278, India",17.8434478,78.6849386,2379,,,,2379,,open,false,,,Tricolored Munia,Lonchura malacca,Capuchino Tricolor de la India,Aves,979790
334501361,43d8b564-6748-4531-a498-698ef4ff270a,2026/01/04 10:29 AM,2026-01-04,2026-01-04 16:29:00 +0100,Bogota,684042,ricardo_sanchez,Ricardo Sánchez,2026-01-12 17:00:14 +0100,2026-01-12 18:17:23 +0100,research,CC-BY-NC,https://www.inaturalist.org/observations/334501361,https://inaturalist-open-data.s3.amazonaws.com/photos/607100126/medium.jpg,,"","Individuo adulto en la parte superior izquierda de la foto. 
Hacía parte de una bandada conformada en su mayoría por individuos de L. atricapilla",1,0,false,,"Rionegro, Antioquia, Colombia",6.1464960793,-75.4057377847,2,,,,2,,open,false,,,Capuchino Tricolor de la India,Lonchura malacca,Capuchino Tricolor de la India,Aves,979790
334703225,aa49698c-ddba-485b-bc41-c31f95555c76,2025-10-01 08:26:16,2025-10-01,2025-10-01 04:56:16 +0200,New Delhi,668311,afsarnayakkan,Afsar Nayakkan,2026-01-14 10:07:47 +0100,2026-01-14 13:24:09 +0100,research,CC-BY,https://www.inaturalist.org/observations/334703225,https://inaturalist-open-data.s3.amazonaws.com/photos/607876237/medium.jpg,,"",,3,0,false,2,Ezhome,12.0400924369,75.2974850312,5500,,,,5500,,open,false,gps,gps,Tricolored Munia,Lonchura malacca,Capuchino Tricolor de la India,Aves,979790
334703230,f915f0b6-ddf9-4d95-9867-ea531accf38b,2025-10-01 08:27:04,2025-10-01,2025-10-01 04:57:04 +0200,New Delhi,668311,afsarnayakkan,Afsar Nayakkan,2026-01-14 10:07:59 +0100,2026-01-14 13:24:07 +0100,research,CC-BY,https://www.inaturalist.org/observations/334703230,https://inaturalist-open-data.s3.amazonaws.com/photos/607876272/medium.jpg,,"",,2,0,false,2,Ezhome,12.0400924369,75.2974850312,5500,,,,5500,,open,false,gps,gps,Tricolored Munia,Lonchura malacca,Capuchino Tricolor de la India,Aves,979790
334717229,046f8d3d-a8b2-431c-bec4-17ed636689ab,2025/12/24 10:18 AM,2025-12-24,2025-12-24 05:48:00 +0100,Sri Jayawardenepura,2564410,dmka,Dmytro and Elena,2026-01-14 13:57:16 +0100,2026-01-15 11:59:45 +0100,research,CC-BY-NC,https://www.inaturalist.org/observations/334717229,https://static.inaturalist.org/photos/607897923/medium.jpg,,"","December 24, 2025 10:18 AM
B355, Panama, Ampara District, Eastern Province, Sri Lanka",1,0,false,,"B355, Panama, Sri Lanka",6.7520439,81.7981698,,,,,,,open,false,,"",Tricolored Munia,Lonchura malacca,Capuchino Tricolor de la India,Aves,979790
334819641,0f479588-c50e-4187-8054-63bdc8a635d5,2025/12/30 8:07 AM,2025-12-30,2025-12-30 03:37:00 +0100,Sri Jayawardenepura,2564410,dmka,Dmytro and Elena,2026-01-15 10:21:06 +0100,2026-01-15 14:52:47 +0100,research,CC-BY-NC,https://www.inaturalist.org/observations/334819641,https://static.inaturalist.org/photos/608111260/medium.jpg,,"","December 30, 2025 8:07 AM
Panama Rd (B374), Ampara District, Eastern Province, Sri Lanka",1,0,false,,"Panama Rd (B374), Sri Lanka",6.7764593,81.7995482,,,,,,,open,false,,"",Tricolored Munia,Lonchura malacca,Capuchino Tricolor de la India,Aves,979790
334954033,9ecce2d1-84d5-4b84-b441-7f292025d6b5,2026-01-16 12:37:56,2026-01-16,2026-01-16 08:07:56 +0100,Sri Jayawardenepura,3269256,felix_h,Felix Hohn,2026-01-16 16:19:15 +0100,2026-01-16 16:27:33 +0100,research,CC-BY-NC,https://www.inaturalist.org/observations/334954033,https://inaturalist-open-data.s3.amazonaws.com/photos/608392336/medium.jpg,,"",,1,0,false,2,"Habarana, Sri Lanka",8.092952195,80.7796215266,2428,,,,2428,,open,false,gps,gps,Schwarzbauchnonne,Lonchura malacca,Capuchino Tricolor de la India,Aves,979790
334987390,8daaabd9-d567-4e1f-9400-331c039b09b9,2025/01/06 3:44 AM,2025-01-06,2025-01-05 23:14:00 +0100,Sri Jayawardenepura,7943731,dav7d_e,David Epple,2026-01-16 22:17:45 +0100,2026-01-17 15:04:40 +0100,research,CC-BY-NC,https://www.inaturalist.org/observations/334987390,https://inaturalist-open-data.s3.amazonaws.com/photos/608460341/medium.jpg,,"","",2,0,false,,"Badulla, Sri Lanka",6.7528341956,80.9247350278,61,,,,61,,open,false,,,Tricolored Munia,Lonchura malacca,Capuchino Tricolor de la India,Aves,979790
335035501,0cb0a820-5c48-4308-9f59-abab5332caf6,2026-01-17 07:25:22,2026-01-17,2026-01-17 02:55:22 +0100,New Delhi,6200101,malathi3,MALATHI E,2026-01-17 07:12:00 +0100,2026-01-17 07:23:21 +0100,research,,https://www.inaturalist.org/observations/335035501,https://static.inaturalist.org/photos/608561803/medium.jpg,,"",,1,0,false,2,"Q6PH+CW9, Kelambakkam, Tamil Nadu 603103, India",12.7857816571,80.2294994518,116,,,,116,,open,false,gps,gps,Tricolored Munia,Lonchura malacca,Capuchino Tricolor de la India,Aves,979790
335239700,77e15eb3-e029-409c-89bc-f97d8e7104d4,2025/12/28 7:28 AM,2025-12-28,2025-12-28 02:58:00 +0100,New Delhi,3611710,ganeswari,Ganeswari Chandrasekaran,2026-01-18 18:30:14 +0100,2026-01-18 18:32:44 +0100,research,,https://www.inaturalist.org/observations/335239700,https://static.inaturalist.org/photos/608967062/medium.jpg,,"",,1,0,false,,"VANDIYUR, Madurai, Tamil Nadu, India",9.936414889,78.1583448566,1412,,,,1412,,open,false,,,Tricolored Munia,Lonchura malacca,Capuchino Tricolor de la India,Aves,979790
335270795,3c56bbf0-cecb-4f96-b828-dc91440f3d55,2025/11/06 4:28 PM,2025-11-06,2025-11-06 11:43:00 +0100,Kathmandu,2609452,brewmaster,"",2026-01-18 22:37:21 +0100,2026-01-19 08:14:30 +0100,research,CC-BY-NC,https://www.inaturalist.org/observations/335270795,https://inaturalist-open-data.s3.amazonaws.com/photos/609028551/medium.jpg,,"",,1,0,false,,"Meghauli, 44200, Nepal",27.5816983333,84.21421,,,,,,,open,false,,,Tricolored Munia,Lonchura malacca,Capuchino Tricolor de la India,Aves,979790
335354278,2eb112e5-7dac-496d-85b6-8d9c59abb1d0,2026-01-16 11:37:41,2026-01-16,2026-01-16 07:07:41 +0100,New Delhi,2852333,elavarasan_mm,Elavarasan M,2026-01-19 14:29:40 +0100,2026-01-19 16:10:52 +0100,research,CC-BY-NC,https://www.inaturalist.org/observations/335354278,https://inaturalist-open-data.s3.amazonaws.com/photos/609202509/medium.jpg,,"",,1,0,false,2,Manakkudaiyan,11.3326163775,79.2281972989,2645,,,,2645,,open,false,gps,gps,Tricolored Munia,Lonchura malacca,Capuchino Tricolor de la India,Aves,979790
335363801,4b06e0bc-612c-43c2-b25b-23c9b4631c4c,2026-01-11 13:56:50,2026-01-11,2026-01-11 09:26:50 +0100,New Delhi,3417530,sayak_dolai,Sayak Dolai,2026-01-19 16:23:17 +0100,2026-01-21 04:05:21 +0100,research,CC-BY-NC-ND,https://www.inaturalist.org/observations/335363801,https://static.inaturalist.org/photos/609222671/medium.jpg,,"",,1,0,false,2,"994R+Q96, Bamangachi, Dakshin Gobindopur, Baruipur, Jela Sadar, West Bengal 700145, India",22.3578591433,88.390510641,1328,,,,1328,,open,false,gps,gps,Tricolored Munia,Lonchura malacca,Capuchino Tricolor de la India,Aves,979790
335540241,49243410-1b53-4cc0-9285-a6fb6fc2f6b5,2017-06-02 06:29:58,2017-06-02,2017-06-02 02:59:58 +0200,New Delhi,2852333,elavarasan_mm,Elavarasan M,2026-01-21 01:48:06 +0100,2026-01-21 07:38:24 +0100,research,CC-BY-NC,https://www.inaturalist.org/observations/335540241,https://inaturalist-open-data.s3.amazonaws.com/photos/609576695/medium.jpg,,"",,1,0,false,2,Marungoor,11.3230383995,79.2433527857,396,,,,396,,open,false,gps,gps,Tricolored Munia,Lonchura malacca,Capuchino Tricolor de la India,Aves,979790
335816868,d8073695-9d9c-4439-9031-b99ab0995e8f,2025/02/21 11:16 AM,2025-02-21,2025-02-21 06:46:00 +0100,Sri Jayawardenepura,6448351,ngaunt,,2026-01-23 12:42:38 +0100,2026-01-24 11:11:01 +0100,research,CC-BY-NC,https://www.inaturalist.org/observations/335816868,https://inaturalist-open-data.s3.amazonaws.com/photos/610136441/medium.jpg,,"Wildlife, Animal, Vertebrate, Bird, Munia, Tri-coloured Munia",,1,0,false,,"Tissamaharama, Sri Lanka",6.2888352856,81.2762774157,173,,,,173,,open,false,,,Tricolored Munia,Lonchura malacca,Capuchino Tricolor de la India,Aves,979790
335836641,051b06f4-37d1-46cc-8768-ebd1e9e0d071,2026/01/18 8:19 AM,2026-01-18,2026-01-18 03:49:00 +0100,New Delhi,6263591,parthparikh,PARTH PARIKH_BIRDER,2026-01-23 16:48:48 +0100,2026-01-23 18:09:56 +0100,research,CC-BY-NC,https://www.inaturalist.org/observations/335836641,https://inaturalist-open-data.s3.amazonaws.com/photos/610176804/medium.jpg,,"",,1,0,false,,"Tarakpur, Gujarat 388625, India",22.3761577,72.4280337,340,,,,340,,open,false,,,Tricolored Munia,Lonchura malacca,Capuchino Tricolor de la India,Aves,979790
335962914,e8f0140e-3bf9-45af-91b1-2386b168f165,2026/01/12 3:00 PM,2026-01-12,2026-01-12 20:00:00 +0100,America/Port_of_Spain,216550,redabbott,David J Barton,2026-01-24 17:38:03 +0100,2026-01-24 18:00:55 +0100,research,CC-BY-NC,https://www.inaturalist.org/observations/335962914,https://inaturalist-open-data.s3.amazonaws.com/photos/610421573/medium.jpg,,"",,1,0,false,,"Charlieville, Trinidad and Tobago",10.5642316667,-61.4283283333,,,,,,,open,false,,,Tricolored Munia,Lonchura malacca,Capuchino Tricolor de la India,Aves,979790
336174760,35bcc0dc-a072-4932-b125-54e96956bf75,2026-01-24 15:52:51,2026-01-24,2026-01-24 21:52:51 +0100,Bogota,6636730,maria_alejandra43,MARÍA ALEJANDRA SANTOFIMIO VARON,2026-01-26 02:13:46 +0100,2026-01-27 00:37:04 +0100,research,,https://www.inaturalist.org/observations/336174760,https://static.inaturalist.org/photos/610845851/medium.jpg,,"",,2,0,false,2,"Cl 153 - Kr 12 C, Usaquén, Bogotá, Colombia",4.733342,-74.038521,,,,,,,open,false,,,Tricolored Munia,Lonchura malacca,Capuchino Tricolor de la India,Aves,979790
336254624,8d0ceee7-c3ff-4f3a-8356-0a2b4c876bf0,2025-10-13 08:04:31,2025-10-13,2025-10-13 04:34:31 +0200,New Delhi,668311,afsarnayakkan,Afsar Nayakkan,2026-01-26 18:24:14 +0100,2026-01-27 08:14:51 +0100,research,CC-BY,https://www.inaturalist.org/observations/336254624,https://inaturalist-open-data.s3.amazonaws.com/photos/611008099/medium.jpg,,"",,3,0,false,2,"W9VM+VXG, Kattampally, Kerala 670011, India",11.9446843155,75.3849381208,1860,,,,1860,,open,false,gps,gps,Tricolored Munia,Lonchura malacca,Capuchino Tricolor de la India,Aves,979790
336262081,c9b51091-dba2-4eb5-a3c4-68ef85e9999d,2025/12/31 08:25,2025-12-31,2025-12-31 03:55:00 +0100,Sri Jayawardenepura,7113263,jw66,,2026-01-26 19:39:19 +0100,2026-01-27 08:22:06 +0100,research,CC-BY-NC,https://www.inaturalist.org/observations/336262081,https://inaturalist-open-data.s3.amazonaws.com/photos/611012312/medium.jpg,,"",,3,0,false,,"Puttalam, Sri Lanka",8.3444122376,79.887845855,31,,,,31,,open,false,,,Schwarzbauchnonne,Lonchura malacca,Capuchino Tricolor de la India,Aves,979790
336471065,61e5cb97-c73a-4878-99d4-f3fade625d48,2025/08/22 6:28 PM,2025-08-22,2025-08-22 14:58:00 +0200,New Delhi,2304517,supratimdeb,Supratim Deb,2026-01-28 16:00:28 +0100,2026-01-29 05:18:21 +0100,research,,https://www.inaturalist.org/observations/336471065,https://inaturalist-open-data.s3.amazonaws.com/photos/611443089/medium.jpg,,"",,3,0,false,,"Bhigwan, Maharashtra, India",18.2989478,74.7542571,1687,,,,1687,,open,false,,,Tricolored Munia,Lonchura malacca,Capuchino Tricolor de la India,Aves,979790
336726718,30700172-de22-469f-8bd6-6018f8ebf75a,2026-01-30 11:09:02,2026-01-30,2026-01-30 18:09:02 +0100,America/El_Salvador,5361764,luis_manuel8,Luis Manuel Gomez,2026-01-30 21:18:54 +0100,2026-01-30 23:02:30 +0100,research,,https://www.inaturalist.org/observations/336726718,https://static.inaturalist.org/photos/611968102/medium.jpg,,"",,1,0,false,2,"X8WM+X8F, Chalchuapa, El Salvador",13.9974421796,-89.6666929498,177,,,,177,,open,false,gps,gps,Tricolored Munia,Lonchura malacca,Capuchino Tricolor de la India,Aves,979790
336773141,1584c8de-f796-4e26-b87a-4c8e6c571168,2025-10-14 07:42:14,2025-10-14,2025-10-14 04:12:14 +0200,New Delhi,668311,afsarnayakkan,Afsar Nayakkan,2026-01-31 05:14:48 +0100,2026-01-31 16:48:22 +0100,research,CC-BY,https://www.inaturalist.org/observations/336773141,https://inaturalist-open-data.s3.amazonaws.com/photos/612061896/medium.jpg,,"",,5,0,false,2,Kattampally,11.9446843155,75.3849381208,1860,,,,1860,,open,false,gps,gps,Tricolored Munia,Lonchura malacca,Capuchino Tricolor de la India,Aves,979790
336788337,e637ccf2-ad91-4eb3-acba-9607bd2b7ab9,2025-10-14 08:55:39,2025-10-14,2025-10-14 05:25:39 +0200,New Delhi,668311,afsarnayakkan,Afsar Nayakkan,2026-01-31 09:02:22 +0100,2026-01-31 16:43:32 +0100,research,CC-BY,https://www.inaturalist.org/observations/336788337,https://inaturalist-open-data.s3.amazonaws.com/photos/612094331/medium.jpg,,"",,2,0,false,2,"W9VM+VXG, Kattampally, Kerala 670011, India",11.9446843155,75.3849381208,1860,,,,1860,,open,false,gps,gps,Tricolored Munia,Lonchura malacca,Capuchino Tricolor de la India,Aves,979790
336809096,8df047f3-644d-4c59-8b93-0d1813d8b7eb,2025/09/18 3:15 AM,2025-09-18,2025-09-17 23:45:00 +0200,Sri Jayawardenepura,10094191,stevecarter27,,2026-01-31 14:09:58 +0100,2026-01-31 18:24:05 +0100,research,CC-BY-NC,https://www.inaturalist.org/observations/336809096,https://inaturalist-open-data.s3.amazonaws.com/photos/612135198/medium.jpg,,"","",2,0,false,,"Hambantota, Sri Lanka",6.1985141864,81.2102526233,15,,,,15,,open,false,,,Tricolored Munia,Lonchura malacca,Capuchino Tricolor de la India,Aves,979790
336841700,c47ecfe4-f09f-4838-8b34-618a24494c97,2025/08/23 5:18 PM,2025-08-23,2025-08-23 13:48:00 +0200,New Delhi,2304517,supratimdeb,Supratim Deb,2026-01-31 19:08:27 +0100,2026-02-01 05:44:59 +0100,research,,https://www.inaturalist.org/observations/336841700,https://inaturalist-open-data.s3.amazonaws.com/photos/612197926/medium.jpg,,"",,2,0,false,,"Bhigwan, Maharashtra, India",18.2989478,74.7542571,1687,,,,1687,,open,false,,,Tricolored Munia,Lonchura malacca,Capuchino Tricolor de la India,Aves,979790
336907411,6a2a40f4-a453-4456-9fa5-d4250a3f3156,2026/01/18 8:15 AM,2026-01-18,2026-01-18 13:15:00 +0100,America/Port_of_Spain,216550,redabbott,David J Barton,2026-02-01 05:14:17 +0100,2026-03-03 15:14:05 +0100,research,CC-BY-NC,https://www.inaturalist.org/observations/336907411,https://inaturalist-open-data.s3.amazonaws.com/photos/612331927/medium.jpg,,"",,1,0,false,,"Tunapuna/Piarco, Trinidad and Tobago",10.5866916667,-61.3946116667,,,,,,,open,false,,,Tricolored Munia,Lonchura malacca,Capuchino Tricolor de la India,Aves,979790
336911857,fff7f4a3-62f3-4015-b7db-f41fd472eb10,2024-08-09 17:54:13,2024-08-09,2024-08-10 01:54:13 +0200,Mexico City,744258,aldoeduardocadenacadenablanco,Aldo Eduardo Cadena Cadena Blanco,2026-02-01 06:07:58 +0100,2026-02-02 18:36:58 +0100,research,,https://www.inaturalist.org/observations/336911857,https://static.inaturalist.org/photos/612343262/medium.jpg,,"",,1,0,false,2,"91656 Ver., México",19.3638219493,-96.4715692028,,,,,,,open,false,gps,gps,Tricolored Munia,Lonchura malacca,Capuchino Tricolor de la India,Aves,979790
337621291,9f9bb2cc-726e-4684-b7ca-7a66210976e0,2026-02-04 09:26:12,2026-02-04,2026-02-04 15:26:12 +0100,Bogota,151757,jhskevington,Jeffrey H. Skevington,2026-02-07 04:27:57 +0100,2026-02-07 04:32:48 +0100,research,CC-BY-NC,https://www.inaturalist.org/observations/337621291,https://inaturalist-open-data.s3.amazonaws.com/photos/613798917/medium.jpg,,"",,1,0,false,843,"Puerto Asís, Putumayo, CO",0.5168283333,-76.51455,4,,,,4,,open,false,,,Tricolored Munia,Lonchura malacca,Capuchino Tricolor de la India,Aves,979790
337650329,15b0cfae-7651-4431-aaa7-78bd10b95c72,2026/01/31 9:17 AM,2026-01-31,2026-01-31 04:47:00 +0100,New Delhi,8813828,foreocean,Khirsagar Sahu,2026-02-07 11:32:22 +0100,2026-02-08 20:54:19 +0100,research,CC-BY-NC,https://www.inaturalist.org/observations/337650329,https://inaturalist-open-data.s3.amazonaws.com/photos/613855272/medium.jpg,,"",,1,0,false,,"Tamil Nadu, India",8.609622584,77.5786110697,977,,,,977,,open,false,,,Tricolored Munia,Lonchura malacca,Capuchino Tricolor de la India,Aves,979790
337725733,a1b3d707-23ef-4d62-bc0f-12684a7efe7a,2026/01/27 12:44 PM,2026-01-27,2026-01-27 08:14:00 +0100,Sri Jayawardenepura,117614,dhfischer,"",2026-02-07 23:31:26 +0100,2026-02-08 04:31:38 +0100,research,CC-BY-SA,https://www.inaturalist.org/observations/337725733,https://inaturalist-open-data.s3.amazonaws.com/photos/614005962/medium.jpg,,"",,1,0,false,,Horton Plains NP,6.7694547279,80.8047866827,2293,,,,2293,,open,false,,,Tricolored Munia,Lonchura malacca,Capuchino Tricolor de la India,Aves,979790
337725734,2d4ab640-3a47-4107-ba0f-4149a7c3098f,2026/01/27 12:43 PM,2026-01-27,2026-01-27 08:13:00 +0100,Sri Jayawardenepura,117614,dhfischer,"",2026-02-07 23:31:26 +0100,2026-02-08 04:31:35 +0100,research,CC-BY-SA,https://www.inaturalist.org/observations/337725734,https://inaturalist-open-data.s3.amazonaws.com/photos/614005974/medium.jpg,,"",,1,0,false,,Horton Plains NP,6.7694547279,80.8047866827,2293,,,,2293,,open,false,,,Tricolored Munia,Lonchura malacca,Capuchino Tricolor de la India,Aves,979790
337870128,51ae0375-ed34-451d-aaff-e7c02a4946e0,2018/08/07 10:49 PM,2018-08-07,2018-08-08 06:49:00 +0200,America/Tegucigalpa,10051401,alf_auerbach,Alfonso Auerbach,2026-02-08 23:43:37 +0100,2026-02-09 21:48:59 +0100,research,CC-BY-NC,https://www.inaturalist.org/observations/337870128,https://inaturalist-open-data.s3.amazonaws.com/photos/614304636/medium.jpg,,"","",2,0,false,,"La Lima, Cortés, Honduras",15.4564572546,-87.9337429461,31,,,,31,,open,false,,,Capuchino Tricolor de la India,Lonchura malacca,Capuchino Tricolor de la India,Aves,979790
338166559,4c0ba424-f837-47c8-be84-14fdbc72edca,2026/01/27 10:46 AM,2026-01-27,2026-01-27 06:16:00 +0100,Sri Jayawardenepura,724787,johnlenagan,john lenagan,2026-02-11 06:23:45 +0100,2026-02-11 07:09:10 +0100,research,,https://www.inaturalist.org/observations/338166559,https://static.inaturalist.org/photos/614908249/medium.jpg,,"",,1,0,false,,"Nuwara Eliya, Sri Lanka",6.7891609623,80.7981530429,2447,,,,2447,,open,false,,,Tricolored Munia,Lonchura malacca,Capuchino Tricolor de la India,Aves,979790
338166577,6b728509-5587-405c-9c41-faf7e1834889,2026/01/27 3:33 PM,2026-01-27,2026-01-27 11:03:00 +0100,Sri Jayawardenepura,724787,johnlenagan,john lenagan,2026-02-11 06:23:49 +0100,2026-02-11 07:04:56 +0100,research,,https://www.inaturalist.org/observations/338166577,https://static.inaturalist.org/photos/614908526/medium.jpg,,"",,1,0,false,,"Nuwara Eliya, Sri Lanka",6.7891609623,80.7981530429,2447,,,,2447,,open,false,,,Tricolored Munia,Lonchura malacca,Capuchino Tricolor de la India,Aves,979790
338449816,fc42b14f-75ad-4454-86c8-f5f5d237f517,2026-02-13 17:23:28,2026-02-13,2026-02-13 12:53:28 +0100,Sri Jayawardenepura,1626955,sophieheadland,Sophie Headland,2026-02-13 17:36:18 +0100,2026-02-13 20:54:35 +0100,research,CC-BY-NC,https://www.inaturalist.org/observations/338449816,https://inaturalist-open-data.s3.amazonaws.com/photos/615504191/medium.jpg,,"",,1,0,false,2,"Buttala, Yala (Ruhuna), LK-MJ, LK",6.53922806,81.29574026,6,,,,6,,open,false,,,Tricolored Munia,Lonchura malacca,Capuchino Tricolor de la India,Aves,979790
338515876,77e1348e-f8e3-4470-8358-45b8838c0c6e,2026/02/02 20:10,2026-02-02,2026-02-02 15:40:00 +0100,Sri Jayawardenepura,4207083,n-hydrophylla,莕菜,2026-02-14 04:43:30 +0100,2026-02-14 04:54:08 +0100,research,,https://www.inaturalist.org/observations/338515876,https://static.inaturalist.org/photos/615635488/medium.jpg,,"",,1,0,false,,"Rajanganaya, 斯里蘭卡",8.2259432472,80.0864942711,7813,,,,7813,,open,false,,,栗腹文鳥,Lonchura malacca,Capuchino Tricolor de la India,Aves,979790
338613402,dd7d9c19-a14c-4e58-a9ee-aaaabf515cf1,2026-02-14 11:41:58-05:00,2026-02-14,2026-02-14 17:41:58 +0100,Eastern Time (US & Canada),3452097,gotcritters,gotcritters,2026-02-14 21:37:15 +0100,2026-02-14 21:54:28 +0100,research,CC-BY-NC,https://www.inaturalist.org/observations/338613402,https://inaturalist-open-data.s3.amazonaws.com/photos/615829056/medium.jpg,,"","",1,0,false,3,"Torry Island, Belle Glade, FL, US",26.7009615932,-80.7209686144,196,,,,196,,open,false,,,Tricolored Munia,Lonchura malacca,Capuchino Tricolor de la India,Aves,979790
338639755,8d972a6e-410f-4e9a-b537-f4292858e4bf,2026-02-14 08:23:00,2026-02-14,2026-02-14 14:23:00 +0100,Eastern Time (US & Canada),7154283,ben_tk,,2026-02-15 00:49:32 +0100,2026-02-21 00:26:45 +0100,research,CC-BY-NC,https://www.inaturalist.org/observations/338639755,https://inaturalist-open-data.s3.amazonaws.com/photos/615877515/medium.jpg,,"",Field sketch W?,2,0,false,2,"Palm Beach County, Florida, USA",26.7006714335,-80.7212466002,58,,,,58,,open,false,gps,gps,Schwarzbauchnonne,Lonchura malacca,Capuchino Tricolor de la India,Aves,979790
338691163,6819fd81-d40e-47ca-b87b-10cc8ef72d02,2026/02/02 19:14,2026-02-02,2026-02-02 14:44:00 +0100,Sri Jayawardenepura,1989660,yichang,,2026-02-15 09:46:23 +0100,2026-02-16 19:34:30 +0100,research,,https://www.inaturalist.org/observations/338691163,https://static.inaturalist.org/photos/615974434/medium.jpg,,"","",2,0,false,,"Mahawilachchiya, 斯里蘭卡",8.4968558145,80.2192479129,244,,,,244,,open,false,,,栗腹文鳥,Lonchura malacca,Capuchino Tricolor de la India,Aves,979790
338999111,8ac10d13-36e8-4213-9028-cb45d3d2ee12,2026/02/02 19:13,2026-02-02,2026-02-02 14:43:00 +0100,Sri Jayawardenepura,1265435,fish2bug,"",2026-02-17 08:02:21 +0100,2026-02-17 12:49:34 +0100,research,,https://www.inaturalist.org/observations/338999111,https://static.inaturalist.org/photos/616587596/medium.jpg,,"","",2,0,false,,斯里蘭卡阿努拉德普勒,8.2926339103,80.1424846029,55,,,,55,,open,false,,,栗腹文鳥,Lonchura malacca,Capuchino Tricolor de la India,Aves,979790
339306092,3b9b1a6a-d82b-49b7-bee4-bd8f2872996e,2026/02/14 09:58,2026-02-14,2026-02-14 05:28:00 +0100,Sri Jayawardenepura,8577948,rashidchan,,2026-02-19 17:07:45 +0100,2026-02-19 17:40:31 +0100,research,CC-BY,https://www.inaturalist.org/observations/339306092,https://inaturalist-open-data.s3.amazonaws.com/photos/617218292/medium.jpg,,"",,1,0,false,,斯里兰卡汉班托特,6.2919157237,81.2430160008,8,,,,8,,open,false,,,黑头文鸟,Lonchura malacca,Capuchino Tricolor de la India,Aves,979790
339306142,f1db418d-db91-4131-976e-46eef4ccd6c7,2026/02/14 18:14,2026-02-14,2026-02-14 13:44:00 +0100,Sri Jayawardenepura,8577948,rashidchan,,2026-02-19 17:07:54 +0100,2026-02-19 17:38:31 +0100,research,CC-BY,https://www.inaturalist.org/observations/339306142,https://inaturalist-open-data.s3.amazonaws.com/photos/617218919/medium.jpg,,"",,1,0,false,,斯里兰卡汉班托特,6.2984716911,81.2635736991,61,,,,61,,open,false,,,黑头文鸟,Lonchura malacca,Capuchino Tricolor de la India,Aves,979790
339426435,30befab3-ac98-4571-8dec-290348934f5e,2021-11-22 08:06:02,2021-11-22,2021-11-22 03:36:02 +0100,New Delhi,1454264,omkarsd,Omkar S Damle,2026-02-20 14:45:38 +0100,2026-02-28 10:25:20 +0100,research,CC-BY-NC,https://www.inaturalist.org/observations/339426435,https://inaturalist-open-data.s3.amazonaws.com/photos/617485363/medium.jpg,,"",,3,0,false,2,"Village & PO Dhela, Ramnagar Corbett Tiger Reserve Ramnagar S.O, Dhela, Uttarakhand 244715, India",19.2191965943,73.0709803104,87,,,,87,,open,false,gps,gps,Tricolored Munia,Lonchura malacca,Capuchino Tricolor de la India,Aves,979790
339642113,b0ed14f2-ffc7-4c62-a420-bab7b75c486e,2025/11/22 9:39 AM,2025-11-22,2025-11-22 05:09:00 +0100,New Delhi,3608490,jd1108,JD Bharvad,2026-02-22 00:17:07 +0100,2026-02-26 22:23:41 +0100,research,CC-BY-NC,https://www.inaturalist.org/observations/339642113,https://inaturalist-open-data.s3.amazonaws.com/photos/617895157/medium.jpg,,"",,1,0,false,,"Gujarat, India",22.768622029,72.5919411386,63,,,,63,,open,false,,,Tricolored Munia,Lonchura malacca,Capuchino Tricolor de la India,Aves,979790
339642127,ea7ffded-8137-4d17-943c-bbb2122ca38a,2025/11/22 9:39 AM,2025-11-22,2025-11-22 05:09:00 +0100,New Delhi,3608490,jd1108,JD Bharvad,2026-02-22 00:17:08 +0100,2026-02-22 06:14:11 +0100,research,CC-BY-NC,https://www.inaturalist.org/observations/339642127,https://inaturalist-open-data.s3.amazonaws.com/photos/617895364/medium.jpg,,"",,1,0,false,,"Gujarat, India",22.768467236,72.5920092339,47,,,,47,,open,false,,,Tricolored Munia,Lonchura malacca,Capuchino Tricolor de la India,Aves,979790
340079165,0a8890c0-a7e1-4430-a0e3-0fde79e66126,2023/09/11 09:24,2023-09-11,2023-09-11 05:54:00 +0200,Sri Jayawardenepura,1411159,grishahasanov,Griha Hasanov,2026-02-24 22:59:26 +0100,2026-02-25 04:40:40 +0100,research,CC-BY,https://www.inaturalist.org/observations/340079165,https://inaturalist-open-data.s3.amazonaws.com/photos/618792809/medium.jpg,,"",,1,0,false,,"Коппавели, Шри-Ланка",7.6251075521,81.4560930746,15,,,,15,,open,false,,,Трёхцветная муния,Lonchura malacca,Capuchino Tricolor de la India,Aves,979790
340099226,5fd3ea88-2d56-4e12-8544-c9bc0edd242b,2026/01/07 8:24 AM,2026-01-07,2026-01-07 03:54:00 +0100,Sri Jayawardenepura,318400,birdbug62,Candy McNamee,2026-02-25 01:57:46 +0100,2026-02-25 04:30:38 +0100,research,,https://www.inaturalist.org/observations/340099226,https://static.inaturalist.org/photos/618834585/medium.jpg,,"",,1,0,false,,"Yala National Park, Sri Lanka",6.4639613,81.4718847,12250,,,,12250,,open,false,,,Tricolored Munia,Lonchura malacca,Capuchino Tricolor de la India,Aves,979790
340747679,83088866-c402-48f8-8df1-34c3bc638a9a,2026/02/28 9:05 AM,2026-02-28,2026-02-28 04:35:00 +0100,Sri Jayawardenepura,5848349,lasse167,Lasse W.,2026-03-01 11:29:07 +0100,2026-03-01 18:39:24 +0100,research,,https://www.inaturalist.org/observations/340747679,https://static.inaturalist.org/photos/620151850/medium.jpg,,"",,1,0,false,,"Nuwara Eliya, Sri Lanka",6.8032848721,80.8072073775,246,,,,246,,open,false,,,Tricolored Munia,Lonchura malacca,Capuchino Tricolor de la India,Aves,979790
340929517,2b776958-a3b8-40eb-9cfd-ef29dd3f54f1,2026/02/07 7:43 AM,2026-02-07,2026-02-07 03:13:00 +0100,New Delhi,4737481,sri_02,Sri P,2026-03-02 11:31:33 +0100,2026-03-02 12:42:00 +0100,research,,https://www.inaturalist.org/observations/340929517,https://static.inaturalist.org/photos/620521663/medium.jpg,,"",,1,0,false,,"Sirudavoor Lake, Tamil Nadu 603105",12.6835923,80.144254,1358,,,,1358,,open,false,,,Tricolored Munia,Lonchura malacca,Capuchino Tricolor de la India,Aves,979790
341070337,c0dbd555-e506-4798-b904-9426bb25997c,2026/03/02 9:23 AM,2026-03-02,2026-03-02 04:53:00 +0100,New Delhi,9684853,wingsacrossworlds,Samay Srivastava,2026-03-03 10:21:08 +0100,2026-03-04 09:56:11 +0100,research,CC-BY-NC,https://www.inaturalist.org/observations/341070337,https://inaturalist-open-data.s3.amazonaws.com/photos/620812747/medium.jpg,,"",,3,0,false,,"Kusgaon P.m., Maharashtra, India",18.626086691,73.6496337301,8,,,,8,,open,false,,,Tricolored Munia,Lonchura malacca,Capuchino Tricolor de la India,Aves,979790
341254488,6ee1f569-29ca-486d-a238-3c548ff072d4,2026/02/22 05:44,2026-02-22,2026-02-22 01:14:00 +0100,Sri Jayawardenepura,5271030,legolas1,,2026-03-04 18:14:02 +0100,2026-03-04 18:20:37 +0100,research,CC-BY-NC,https://www.inaturalist.org/observations/341254488,https://inaturalist-open-data.s3.amazonaws.com/photos/621186752/medium.jpg,,"","",1,0,false,,"Nuwara Eliya, Sri Lanka",6.8024184057,80.8062998534,10,,,,10,,open,false,,,Schwarzbauchnonne,Lonchura malacca,Capuchino Tricolor de la India,Aves,979790
341533530,f3a9906f-4959-41f0-bc05-a624566c0cbb,2026/02/17 8:11 AM,2026-02-17,2026-02-17 03:41:00 +0100,New Delhi,3499217,shivaprakash,,2026-03-06 16:53:37 +0100,2026-03-06 18:36:18 +0100,research,CC-BY-NC,https://www.inaturalist.org/observations/341533530,https://inaturalist-open-data.s3.amazonaws.com/photos/621766357/medium.jpg,,"",,1,0,false,,"8M64+M7P, Benchaldoddi, Karnataka 584139, India",16.311717,76.655699,295,,,,295,,open,false,,,Tricolored Munia,Lonchura malacca,Capuchino Tricolor de la India,Aves,979790
342095796,23389cc5-eef3-4139-8e94-09ce13d33f80,2026-03-09 11:30:59-05:00,2026-03-09,2026-03-09 17:30:59 +0100,Bogota,878865,mariamatijasevic,,2026-03-09 17:31:14 +0100,2026-03-09 18:02:13 +0100,research,,https://www.inaturalist.org/observations/342095796,https://static.inaturalist.org/photos/622905236/medium.jpg,,"","",2,0,false,3,"Palestina, Palestina, Caldas, CO",5.0026955,-75.662061,5053,,,,5053,,open,false,,,Capuchino Tricolor de la India,Lonchura malacca,Capuchino Tricolor de la India,Aves,979790
