id,uuid,observed_on_string,observed_on,time_observed_at,time_zone,user_id,user_login,user_name,created_at,updated_at,quality_grade,license,url,image_url,sound_url,tag_list,description,num_identification_agreements,num_identification_disagreements,captive_cultivated,oauth_application_id,place_guess,latitude,longitude,positional_accuracy,private_place_guess,private_latitude,private_longitude,public_positional_accuracy,geoprivacy,taxon_geoprivacy,coordinates_obscured,positioning_method,positioning_device,species_guess,scientific_name,common_name,iconic_taxon_name,taxon_id
304931,78f77e09-2d59-4b6f-8337-8c5ca09ef322,2011-11-21,2011-11-21,,Hawaii,15211,carmelo_lopez,Carmelo López Abad,2013-06-19 23:02:59 UTC,2014-10-20 04:18:26 UTC,research,CC-BY-NC,http://www.inaturalist.org/observations/304931,https://inaturalist-open-data.s3.amazonaws.com/photos/378503/medium.JPG,,"","",1,0,false,,"Cristalino Jungle Lodge, Alta Floresta, Mato Grosso, Brasil",-9.599396,-55.931053,523,,,,523,,open,false,,,Ruddy Pigeon,Patagioenas subvinacea,Torcaza colorada,Aves,3095
325847,9e4b15bb-b752-4d5b-bdf6-bc0a63749601,2013-01-15,2013-01-15,,Quito,18636,ronald1962,Ronald Navarrete-Amaya,2013-07-09 01:37:33 UTC,2025-03-04 15:59:07 UTC,research,CC-BY-ND,http://www.inaturalist.org/observations/325847,https://inaturalist-open-data.s3.amazonaws.com/photos/405649/medium.jpg,,"","",1,0,false,,Río Milagro en Yaguachi. Prov. Guayas,-2.1055417,-79.6948408,,,,,,,open,false,,,Ruddy Pigeon,Patagioenas subvinacea,Torcaza colorada,Aves,3095
2604373,03d71176-cfa7-4e86-a5fd-45b34ce44681,2014-05-19,2014-05-19,,Eastern Time (US & Canada),4172,chia,Chia⚡aka Cory Chiappone,2016-01-21 15:44:13 UTC,2017-12-02 03:51:33 UTC,research,CC-BY-NC,http://www.inaturalist.org/observations/2604373,https://inaturalist-open-data.s3.amazonaws.com/photos/2908911/medium.JPG,,"","",2,0,false,,"Savegre Cloud Forest, Costa Rica",9.547409,-83.799956,564,,,,564,,open,false,,,Ruddy Pigeon,Patagioenas subvinacea,Torcaza colorada,Aves,3095
2878626,6b6aacdd-0dfe-4fe3-8044-824e27a67d1b,2016-03-11,2016-03-11,,Bogota,101061,seanhiggins,Sean A. Higgins,2016-04-04 05:54:47 UTC,2018-12-28 04:02:27 UTC,research,CC-BY-NC,http://www.inaturalist.org/observations/2878626,https://static.inaturalist.org/photos/3287340/medium.jpg,,"","",5,1,false,,"Upper Anchicaya Road, Valle del Cauca, Colombia ",3.800889,-76.641271,170324,,,,170324,,open,false,,,Ruddy Pigeon,Patagioenas subvinacea,Torcaza colorada,Aves,3095
4531639,80ef6d6d-1fae-4564-a596-2a3c8694568e,2016/11/04 12:45 PM CET,2016-11-04,2016-11-04 11:45:00 UTC,Paris,175009,jujurenoult,Julien Renoult,2016-11-11 17:52:13 UTC,2025-03-13 07:26:29 UTC,research,CC0,http://www.inaturalist.org/observations/4531639,https://inaturalist-open-data.s3.amazonaws.com/photos/5489590/medium.jpg,,"",,1,0,false,,"Sinnamary, Französisch-Guyana",5.3126718861,-53.0474853516,662,,,,662,,open,false,,,Ruddy Pigeon,Patagioenas subvinacea,Torcaza colorada,Aves,3095
5082881,a9e68164-040e-4d49-9bfe-1f2a6621a203,2008/03/18 8:20 AM PDT,2008-03-18,2008-03-18 15:20:00 UTC,Pacific Time (US & Canada),403928,alisonke,,2017-02-10 03:50:31 UTC,2025-07-16 04:01:25 UTC,research,CC-BY-NC,https://www.inaturalist.org/observations/5082881,https://inaturalist-open-data.s3.amazonaws.com/photos/6242460/medium.jpg,,"","",2,0,false,,Costa Rica,9.748917,-83.753428,209718,,,,209718,,open,false,,,Ruddy Pigeon,Patagioenas subvinacea,Torcaza colorada,Aves,3095
5197916,b8d03de2-88f6-4fe1-8470-7cbe39e38ae1,2008/02/06 9:09 PM EST,2008-02-06,2008-02-07 02:09:00 UTC,Eastern Time (US & Canada),167033,heatherpickard,Heather Pickard,2017-02-28 13:46:53 UTC,2017-12-02 03:51:31 UTC,research,CC-BY-NC,https://www.inaturalist.org/observations/5197916,https://inaturalist-open-data.s3.amazonaws.com/photos/6414402/medium.jpg,,"","",3,0,false,,"San José Province, Dota, Costa Rica",9.5505191813,-83.8074660301,31,,,,31,,open,false,,,Ruddy Pigeon,Patagioenas subvinacea,Torcaza colorada,Aves,3095
5763115,458855f8-8a23-4216-bfdd-2f8296ef102e,2012/03/23 10:37 AM EDT,2012-03-23,2012-03-23 14:37:00 UTC,Eastern Time (US & Canada),20957,tapaculo99,"",2017-04-16 19:18:54 UTC,2017-12-02 03:51:27 UTC,research,CC-BY-NC,https://www.inaturalist.org/observations/5763115,https://inaturalist-open-data.s3.amazonaws.com/photos/7153735/medium.jpeg,,"",,2,0,false,,"Provincia de Puntarenas, Monteverde, Costa Rica",10.32405867,-84.8160463572,56,,,,56,,open,false,,,Ruddy Pigeon,Patagioenas subvinacea,Torcaza colorada,Aves,3095
6718276,8c9f59e7-c53d-496f-af0c-1783eb1bfd21,2011/05/18 7:15 PM EDT,2011-05-18,2011-05-18 23:15:00 UTC,Eastern Time (US & Canada),154438,birdizlife,Frank Izaguirre,2017-06-19 17:06:14 UTC,2017-12-02 03:51:24 UTC,research,CC-BY-NC,https://www.inaturalist.org/observations/6718276,https://inaturalist-open-data.s3.amazonaws.com/photos/8526304/medium.jpeg,,"",,2,0,false,,"Cartago Province, Costa Rica",9.7590409,-83.7836918,210,,,,210,,open,false,,,Ruddy Pigeon,Patagioenas subvinacea,Torcaza colorada,Aves,3095
7207414,1264265c-595e-445f-9e7b-b23f598b7275,2017-07-15 10:35:15 AM CDT,2017-07-15,2017-07-15 15:35:15 UTC,Central Time (US & Canada),19145,elhaase,Erin Haase,2017-07-25 21:23:54 UTC,2018-02-09 01:53:37 UTC,research,CC-BY-NC,https://www.inaturalist.org/observations/7207414,https://inaturalist-open-data.s3.amazonaws.com/photos/9298950/medium.jpeg,,"","",2,0,false,2,"Puntarenas, CR-PU, CR",10.30713133,-84.80424013,13,,,,13,,open,false,,,Ruddy Pigeon,Patagioenas subvinacea,Torcaza colorada,Aves,3095
7216948,b7beb245-8ae1-4a6c-afea-d17d449566f4,2017/07/17 9:50 AM BRT,2017-07-17,2017-07-17 12:50:00 UTC,Brasilia,375428,douglasbete,Douglas Bete,2017-07-26 13:23:58 UTC,2017-07-26 16:44:32 UTC,research,CC-BY-NC,https://www.inaturalist.org/observations/7216948,https://inaturalist-open-data.s3.amazonaws.com/photos/9313938/medium.jpg,,"",,1,0,false,,"Sinop, MT, Brasil",-11.8608456,-55.5095451,6178,,,,6178,,open,false,,,Ruddy Pigeon,Patagioenas subvinacea,Torcaza colorada,Aves,3095
8893925,1c8311db-cc3d-4dbc-966b-cdd755118148,2017/10/19 3:12 PM -05,2017-10-19,,Bogota,86081,camilojotage,Gabriel Camilo Jaramillo Giraldo,2017-11-22 05:45:31 UTC,2023-07-08 12:52:58 UTC,research,CC-BY-NC-SA,https://www.inaturalist.org/observations/8893925,https://inaturalist-open-data.s3.amazonaws.com/photos/11964851/medium.jpeg,,"",,1,0,false,,"Titiribí, Antioquia, Colombia",6.0763750665,-75.8325397968,8,,,,8,,open,false,,,Patagioenas subvinacea,Patagioenas subvinacea,Torcaza colorada,Aves,3095
9223941,2a299b31-8668-4ad0-b247-cfcd0642c772,2009/11/09 2:59 PM CET,2009-11-09,2009-11-09 13:59:00 UTC,Paris,464262,jeremybarker,Jeremy Barker,2017-12-21 09:10:51 UTC,2024-07-11 15:53:23 UTC,research,CC0,https://www.inaturalist.org/observations/9223941,https://inaturalist-open-data.s3.amazonaws.com/photos/12481639/medium.jpeg,,"",,1,0,false,,"Pichincha, Ecuador",-0.0619697454,-78.7679386139,,,,,,,open,false,,,Ruddy Pigeon,Patagioenas subvinacea,Torcaza colorada,Aves,3095
9460405,1b1f05dd-eda0-4873-8090-b5bb4c8e9085,2018/01/13 10:39 AM -05,2018-01-13,,Bogota,348994,julianbiol,Julian Alzate,2018-01-13 19:44:56 UTC,2018-08-20 16:05:09 UTC,research,CC-BY-NC,https://www.inaturalist.org/observations/9460405,https://inaturalist-open-data.s3.amazonaws.com/photos/12869481/medium.jpeg,,"",,2,0,false,,"Campamento, Antioquia, Colombia",7.0142561853,-75.309776964,122,,,,122,,open,false,,,Patagioenas subvinacea,Patagioenas subvinacea,Torcaza colorada,Aves,3095
10411117,cab4cac2-1f44-4a68-95ed-2b9d36792e97,2018-02-25 21:33:50,2018-02-25,2018-02-25 21:33:50 UTC,Europe/London,97542,paulcools,Paul Cools,2018-03-25 13:21:24 UTC,2018-04-18 16:04:35 UTC,research,CC-BY-NC,https://www.inaturalist.org/observations/10411117,https://inaturalist-open-data.s3.amazonaws.com/photos/14459575/medium.jpg,,"",,3,0,false,,"Pérez Zeledón, CR-SJ, CR",9.341202,-83.768692,4194,,,,4194,,open,false,,,Ruddy Pigeon,Patagioenas subvinacea,Torcaza colorada,Aves,3095
12232464,e6e1a3a3-b84b-4852-a92d-2d4bd53710da,2018/05/05 9:04 AM -05,2018-05-05,,Bogota,654836,sebasjuglans,Sebas Arango,2018-05-07 14:40:59 UTC,2023-07-06 21:04:13 UTC,research,CC-BY,https://www.inaturalist.org/observations/12232464,https://inaturalist-open-data.s3.amazonaws.com/photos/17579697/medium.jpeg,,"",,1,0,false,,"Pereira, Risaralda, Colombia",4.7902164,-75.6890738,211,,,,211,,open,false,,,Patagioenas subvinacea,Patagioenas subvinacea,Torcaza colorada,Aves,3095
13790129,0272023e-8fb5-4e7a-bb53-9ab85d381569,2014-03-14 08:51:56,2014-03-14,2014-03-14 15:51:56 UTC,Pacific Time (US & Canada),459714,guyincognito,"",2018-06-26 02:05:42 UTC,2018-07-10 00:57:44 UTC,research,CC-BY-NC,https://www.inaturalist.org/observations/13790129,https://static.inaturalist.org/photos/20337435/medium.jpg,,Ruddy Pigeon,"Patagioenas subvinacea
Silent Mountain, Costa Rica",1,0,false,,"Jicotea, Cartago Province, Costa Rica",9.800277,-83.560956,,,,,,,open,false,,"",Ruddy Pigeon,Patagioenas subvinacea,Torcaza colorada,Aves,3095
13821226,51407e8f-ec68-4053-a23c-0cc69a4ca14c,2017-08-12 09:01:40,2017-08-12,2017-08-12 16:01:40 UTC,Pacific Time (US & Canada),459714,guyincognito,"",2018-06-27 02:42:03 UTC,2018-10-19 17:12:17 UTC,research,CC-BY-NC,https://www.inaturalist.org/observations/13821226,https://static.inaturalist.org/photos/20392326/medium.jpg,,Ruddy Pigeon,"Patagioenas subvinacea
Rio Silanche Bird Sanctuary, Pichincha, Ecuador",1,0,false,,"Pedro Vicente Maldonado, Pichincha Province, Ecuador",0.144444,-79.142128,,,,,,,open,false,,"",Ruddy Pigeon,Patagioenas subvinacea,Torcaza colorada,Aves,3095
15319117,6baae41d-0e99-482b-93fa-76b8c916bece,2018/06/27 7:55 AM CDT,2018-06-27,2018-06-27 12:55:00 UTC,Central Time (US & Canada),63375,rkostecke,Rich Kostecke,2018-08-11 15:34:52 UTC,2018-08-11 18:09:05 UTC,research,CC-BY-NC,https://www.inaturalist.org/observations/15319117,https://inaturalist-open-data.s3.amazonaws.com/photos/22938287/medium.jpg,,"",,1,0,false,,"San José, Copey, Costa Rica",9.5586833333,-83.80244,,,,,,,open,false,,,Ruddy Pigeon,Patagioenas subvinacea,Torcaza colorada,Aves,3095
16546157,a4ac5a7a-1850-433b-9032-6cce36a59247,2018/09/10 11:07 PM -05,2018-09-10,,Bogota,101061,seanhiggins,Sean A. Higgins,2018-09-15 09:31:47 UTC,2023-07-09 04:02:31 UTC,research,CC-BY-NC,https://www.inaturalist.org/observations/16546157,https://static.inaturalist.org/photos/24914513/medium.jpeg,,"",,2,0,false,,"Manaus - State of Amazonas, Brazil",-3.0032475,-59.9396902,211,,,,211,,open,false,,,Pomba-botafogo,Patagioenas subvinacea,Torcaza colorada,Aves,3095
17360026,b399b1fc-a137-4df8-9708-27c346431308,2018/10/01 12:05 PM -05,2018-10-01,,Bogota,86081,camilojotage,Gabriel Camilo Jaramillo Giraldo,2018-10-09 21:16:52 UTC,2023-07-07 02:48:22 UTC,research,CC-BY-NC-SA,https://www.inaturalist.org/observations/17360026,https://inaturalist-open-data.s3.amazonaws.com/photos/26361575/medium.jpeg,,"",,1,0,false,,"San Carlos, Antioquia, Colombia",6.1397052043,-75.061817544,4,,,,4,,open,false,,,Torcaza colorada,Patagioenas subvinacea,Torcaza colorada,Aves,3095
17577833,7d0f5df9-c165-419e-b954-e6f1b9bb3385,2018/10/13 10:58 AM -05,2018-10-13,,Bogota,86081,camilojotage,Gabriel Camilo Jaramillo Giraldo,2018-10-16 22:13:15 UTC,2023-07-07 02:45:59 UTC,research,CC-BY-NC-SA,https://www.inaturalist.org/observations/17577833,https://inaturalist-open-data.s3.amazonaws.com/photos/26758531/medium.jpeg,,Patagioenas subvinacea,,3,0,false,,"Marinilla, Antioquia, Colombia",6.1677626,-75.2778241,211,,,,211,,open,false,,,Torcaza colorada,Patagioenas subvinacea,Torcaza colorada,Aves,3095
18869846,e1606208-c5bf-49d3-9ffe-9ea7986b135d,2018/11/14 2:33 PM EST,2018-11-14,2018-11-14 19:33:00 UTC,Eastern Time (US & Canada),785045,josh_vandermeulen,Josh van der Meulen,2018-12-07 00:09:22 UTC,2018-12-07 19:05:41 UTC,research,CC-BY-NC-ND,https://www.inaturalist.org/observations/18869846,https://inaturalist-open-data.s3.amazonaws.com/photos/28912339/medium.jpg,,"",,1,0,false,,"Metropolitan District of Quito, Ecuador",0.1691378331,-78.860417419,940,,,,940,,open,false,,,Ruddy Pigeon,Patagioenas subvinacea,Torcaza colorada,Aves,3095
19085737,87e1889e-4130-4901-9140-2ef6a2f8b4df,2018-12-16 11:09:00 AM GMT-05:00,2018-12-16,2018-12-16 06:09:00 UTC,Ekaterinburg,1394710,paulina-bravo,Guía-naturalista,2018-12-18 16:10:18 UTC,2018-12-19 03:59:44 UTC,needs_id,,https://www.inaturalist.org/observations/19085737,https://static.inaturalist.org/photos/29286345/medium.jpeg,,"",Paloma,0,0,false,2,"Vía Los Bancos, Ecuador",0.0811407203,-79.0407292452,10,,,,10,,open,false,,,,Patagioenas subvinacea,Torcaza colorada,Aves,3095
19275470,a9bbeb95-fab7-4941-afc5-0ce3bd29273b,2018/12/23 4:05 PM HST,2018-12-23,2018-12-24 02:05:00 UTC,Hawaii,440178,markdorriesfield,Mark Dorriesfield,2018-12-28 21:08:58 UTC,2022-05-18 02:07:32 UTC,needs_id,CC-BY-NC,https://www.inaturalist.org/observations/19275470,https://inaturalist-open-data.s3.amazonaws.com/photos/29623438/medium.jpeg,,"",,0,0,false,,Reserva Mangaloma,0.1127513889,-78.9920547222,,,,,,,open,false,,,Ruddy Pigeon,Patagioenas subvinacea,Torcaza colorada,Aves,3095
19275670,1182a979-6df4-4a51-a8bd-3e2fa4b79750,2018/12/25 10:10 AM HST,2018-12-25,2018-12-25 20:10:00 UTC,Hawaii,440178,markdorriesfield,Mark Dorriesfield,2018-12-28 21:20:59 UTC,2022-05-18 02:07:32 UTC,needs_id,CC-BY-NC,https://www.inaturalist.org/observations/19275670,https://inaturalist-open-data.s3.amazonaws.com/photos/29623804/medium.jpeg,,"",,0,0,false,,Rio Silanche,0.1445130556,-79.1421463889,,,,,,,open,false,,,Ruddy Pigeon,Patagioenas subvinacea,Torcaza colorada,Aves,3095
19555023,a0b2f1e2-7714-4e8b-982f-a088a88b2af5,2019/01/09 7:57 AM -05,2019-01-09,,Bogota,348994,julianbiol,Julian Alzate,2019-01-10 17:48:57 UTC,2019-01-10 20:02:20 UTC,research,CC-BY-NC,https://www.inaturalist.org/observations/19555023,https://inaturalist-open-data.s3.amazonaws.com/photos/30098182/medium.jpeg,,"",,1,0,false,,"Campamento, Antioquia, Colombia",7.017673241,-75.305036591,61,,,,61,,open,false,,,Torcaza colorada,Patagioenas subvinacea,Torcaza colorada,Aves,3095
19591758,f563ce64-e224-4868-a22f-f40908185e13,2019/01/04 1:53 PM PST,2019-01-04,2019-01-04 21:53:00 UTC,Pacific Time (US & Canada),425713,trevvan,Trevor Van Loon,2019-01-12 17:28:56 UTC,2020-10-09 00:14:11 UTC,research,CC-BY-NC,https://www.inaturalist.org/observations/19591758,https://inaturalist-open-data.s3.amazonaws.com/photos/30160261/medium.jpg,,"",,1,0,false,,"Orellana Province, Ecuador",-0.5270762947,-76.4349927949,8,,,,8,,open,false,,,Ruddy Pigeon,Patagioenas subvinacea,Torcaza colorada,Aves,3095
20038396,e773c739-c925-43df-b3f6-56a0023fa418,2018-12-18 7:52:32 a. m. GMT-05:00,2018-12-18,2018-12-18 12:52:32 UTC,Bogota,909125,omarjavier48,Omar Javier López Gómez,2019-02-02 21:28:45 UTC,2019-02-03 11:32:04 UTC,research,CC-BY-NC,https://www.inaturalist.org/observations/20038396,https://inaturalist-open-data.s3.amazonaws.com/photos/30935917/medium.jpg,,"",,1,0,false,2,"Acevedo, Huila, Colombia",1.631393081,-76.1097058654,1052,,,,1052,,open,false,gps,gps,Torcaza colorada,Patagioenas subvinacea,Torcaza colorada,Aves,3095
21061081,3b41ffb7-955b-4bba-b148-02e47da92e6a,2019/02/27 10:12 AM -05,2019-02-27,,Lima,1453877,wouter_oe,"",2019-03-08 20:23:22 UTC,2025-11-15 18:14:55 UTC,needs_id,CC-BY-NC,https://www.inaturalist.org/observations/21061081,https://inaturalist-open-data.s3.amazonaws.com/photos/32537653/medium.jpeg,,"",,0,0,false,,"Las Tolas via Ayapi-Pachijal s/n Parroquia, Gualea, Quito 170184, Ecuador",0.0530272367,-78.8421053996,8,,,,8,,open,false,,,Ruddy Pigeon,Patagioenas subvinacea,Torcaza colorada,Aves,3095
21318793,93031927-7eec-42bd-af3d-0f7d87ecf498,2019/02/21 8:26 AM CST,2019-02-21,,Central Time (US & Canada),68260,ecarpe,Eric Carpenter,2019-03-17 14:56:25 UTC,2019-03-17 18:34:19 UTC,research,CC-BY-NC,https://www.inaturalist.org/observations/21318793,https://inaturalist-open-data.s3.amazonaws.com/photos/32968545/medium.jpeg,,"",,1,0,false,,"Rio Silanche, Pichincha, Ecuador",0.1444638889,-79.1421638889,,,,,,,open,false,,,Pigeon vineux,Patagioenas subvinacea,Torcaza colorada,Aves,3095
21432430,1ca6c084-00f5-44ab-afc3-478b32beaa75,2010/01/02 8:17 PM CET,2010-01-02,2010-01-02 19:17:00 UTC,Amsterdam,427689,neomorphus,Mikael Bauer,2019-03-20 22:00:30 UTC,2019-03-26 01:04:12 UTC,research,CC-BY-NC,https://www.inaturalist.org/observations/21432430,https://inaturalist-open-data.s3.amazonaws.com/photos/33212660/medium.jpeg,,"","",1,0,false,,"Darién, Panama",7.7598867801,-77.6887893495,3170,,,,3170,,open,false,,,Ruddy Pigeon,Patagioenas subvinacea,Torcaza colorada,Aves,3095
22216037,badc1425-b6a5-44ca-93b7-81c4a998921e,2017/09/04 9:28 AM -05,2017-09-04,,Lima,586271,diego_amazonia,Diego Balbuena,2019-04-08 23:34:38 UTC,2020-03-21 04:51:53 UTC,research,,https://www.inaturalist.org/observations/22216037,https://static.inaturalist.org/photos/34398249/medium.jpeg,,"",,1,0,false,,"Maynas Province, Peru",-3.2913088163,-74.6407940228,24669,,,,24669,,open,false,,,Ruddy Pigeon,Patagioenas subvinacea,Torcaza colorada,Aves,3095
22218488,99305333-eccc-48ec-bac3-d6821865960a,2017/09/07 11:10 AM -05,2017-09-07,,Lima,586271,diego_amazonia,Diego Balbuena,2019-04-09 00:33:27 UTC,2019-06-28 06:04:49 UTC,research,,https://www.inaturalist.org/observations/22218488,https://static.inaturalist.org/photos/34403499/medium.jpeg,,"",,2,0,false,,"Maynas Province, Peru",-3.337323161,-74.6119244681,10142,,,,10142,,open,false,,,Patagioenas subvinacea ogilviegranti,Patagioenas subvinacea,Torcaza colorada,Aves,3095
22218635,f30b396f-8eda-4b1a-8541-b771453306ab,2017/09/08 8:01 AM -05,2017-09-08,,Lima,586271,diego_amazonia,Diego Balbuena,2019-04-09 00:37:22 UTC,2019-06-28 06:04:43 UTC,research,,https://www.inaturalist.org/observations/22218635,https://static.inaturalist.org/photos/34404245/medium.jpeg,,"",,2,0,false,,"Maynas Province, Peru",-3.2813185018,-74.6362394197,10669,,,,10669,,open,false,,,Patagioenas subvinacea ogilviegranti,Patagioenas subvinacea,Torcaza colorada,Aves,3095
24016821,e8602cbd-c4f3-437c-9152-e5e65847dfd8,2018/04/12 10:27 AM BST,2018-04-12,2018-04-12 09:27:00 UTC,Edinburgh,1527518,a_emmerson,A Emmerson,2019-04-29 20:34:55 UTC,2019-04-29 20:34:55 UTC,needs_id,CC-BY,https://www.inaturalist.org/observations/24016821,https://inaturalist-open-data.s3.amazonaws.com/photos/37135960/medium.jpeg,,"",,0,0,false,,"Alajuela Province, San Ramón, Costa Rica",10.3209030984,-84.7040664371,1315,,,,1315,,open,false,,,Ruddy Pigeon,Patagioenas subvinacea,Torcaza colorada,Aves,3095
24181647,79b9a198-a65b-437c-b0ed-08a99de8ff48,2019-04-29 10:08:03 a. m. GMT-04:00,2019-04-29,2019-04-29 13:08:03 UTC,Atlantic Time (Canada),1603263,ticonachallcoherminio,Herminio Ticona,2019-04-30 14:17:42 UTC,2019-05-03 05:17:49 UTC,research,,https://www.inaturalist.org/observations/24181647,https://static.inaturalist.org/photos/37395205/medium.jpeg,,"",Patagioenas fasciata,2,0,false,2,"Pedro Domingo Murillo, BO-LP, BO",-16.1382007599,-68.1233825684,,,,,,,open,false,gps,gps,Ruddy Pigeon,Patagioenas subvinacea,Torcaza colorada,Aves,3095
24690205,1a0dbd43-209b-4a00-82c2-984f94e49a09,2019/05/04 9:02 AM -05,2019-05-04,,Quito,780896,rudygelis,Rudy Gelis,2019-05-06 21:08:59 UTC,2020-03-21 04:51:10 UTC,research,,https://www.inaturalist.org/observations/24690205,https://static.inaturalist.org/photos/38178677/medium.jpeg,,"","",1,0,false,,Ecuador,0.1449159,-79.1412988,200,,,,200,,open,false,,,Ruddy Pigeon,Patagioenas subvinacea,Torcaza colorada,Aves,3095
25533475,8945db14-540b-45c9-8ee5-635638f7a232,2019/05/19 4:58 PM -05,2019-05-19,,Quito,780896,rudygelis,Rudy Gelis,2019-05-22 00:22:06 UTC,2020-03-21 04:50:03 UTC,research,,https://www.inaturalist.org/observations/25533475,https://static.inaturalist.org/photos/39560940/medium.jpeg,,"",,1,0,false,,"Pichincha, Ecuador",-0.0543392005,-78.7623897199,244,,,,244,,open,false,,,Ruddy Pigeon,Patagioenas subvinacea,Torcaza colorada,Aves,3095
26031825,0ce70d70-adf0-488e-a4bc-48179e84d6cd,2019/05/03 10:15 AM -05,2019-05-03,,Bogota,86081,camilojotage,Gabriel Camilo Jaramillo Giraldo,2019-05-30 00:33:17 UTC,2023-07-07 11:25:20 UTC,research,CC-BY-NC-SA,https://www.inaturalist.org/observations/26031825,https://inaturalist-open-data.s3.amazonaws.com/photos/40385116/medium.jpeg,,"",,1,0,false,,"Nuquí, Chocó, Colombia",5.6209664969,-77.4195649083,31,,,,31,,open,false,,,Torcaza colorada,Patagioenas subvinacea,Torcaza colorada,Aves,3095
27596531,234ce7c0-0466-40bb-8592-762c01832b14,Tue Sep 26 2017 08:45:59 GMT-0400 (EDT),2017-09-26,2017-09-26 12:45:59 UTC,Eastern Time (US & Canada),1819353,wsweet321,Will Sweet,2019-06-24 22:38:12 UTC,2023-04-20 20:30:08 UTC,research,CC-BY-NC,https://www.inaturalist.org/observations/27596531,https://static.inaturalist.org/photos/42954554/medium.jpg,,"",,1,0,false,3,"Reserva Forestal Los Santos, Perez Zeledon, San Jose, CR",9.5473058455,-83.8022642328,52,,,,52,,open,false,,,Ruddy Pigeon,Patagioenas subvinacea,Torcaza colorada,Aves,3095
27835526,e9365d0a-17e8-4813-990c-f0564b888595,2010/02/01 2:09 PM EST,2010-02-01,2010-02-01 19:09:00 UTC,Eastern Time (US & Canada),1501126,stephen220,Stephen John Davies,2019-06-28 22:00:51 UTC,2021-09-12 03:29:41 UTC,research,CC0,https://www.inaturalist.org/observations/27835526,https://inaturalist-open-data.s3.amazonaws.com/photos/43350269/medium.jpg,,"Animalia, Animals, Birds, Columbidae, Patagioenas subvinacea, Pigeons and Doves, Ruddy Pigeon, Vertebrates",,2,0,false,,"Pinogana, Darién, Darién, Panama",7.7562166667,-77.6840833333,,,,,,,open,false,,,Torcaza colorada,Patagioenas subvinacea,Torcaza colorada,Aves,3095
27971656,09b24a34-9654-41e9-8b6a-d818362adf50,2018/03/10 2:24 PM EST,2018-03-10,2018-03-10 19:24:00 UTC,Eastern Time (US & Canada),666353,gatodiablo,Dan Miller,2019-07-01 01:14:13 UTC,2026-01-27 23:03:31 UTC,research,CC-BY-NC,https://www.inaturalist.org/observations/27971656,https://inaturalist-open-data.s3.amazonaws.com/photos/43570646/medium.jpg,,Costa RIca,,1,0,false,,"Puntarenas Province, Monteverde, Costa Rica",10.3068480664,-84.8058115571,186,,,,186,,open,false,,,Ruddy Pigeon,Patagioenas subvinacea,Torcaza colorada,Aves,3095
28059267,80c2ebb8-ea8a-4fbc-9408-c76c4d77ded3,2012/03/17 8:03 AM EDT,2012-03-17,2012-03-17 12:03:00 UTC,Eastern Time (US & Canada),1501126,stephen220,Stephen John Davies,2019-07-02 15:03:16 UTC,2021-09-12 03:29:41 UTC,research,CC0,https://www.inaturalist.org/observations/28059267,https://inaturalist-open-data.s3.amazonaws.com/photos/43713989/medium.jpg,,"Animalia, Animals, Birds, Columbidae, Patagioenas subvinacea, Pigeons and Doves, Ruddy Pigeon, Vertebrates",,1,0,false,,"San Miguel de los Bancos, Pichincha, Ecuador",0.033169445,-78.8664777783,,,,,,,open,false,,,Ruddy Pigeon,Patagioenas subvinacea,Torcaza colorada,Aves,3095
28204992,110c9228-3f72-493b-9a90-8aebff9aacfe,2017/05/31 4:37 AM EDT,2017-05-31,2017-05-31 08:37:00 UTC,Eastern Time (US & Canada),742255,sebastianberrio,Sebastián Berrío,2019-07-04 23:57:48 UTC,2019-07-05 00:35:01 UTC,research,CC-BY-NC,https://www.inaturalist.org/observations/28204992,https://inaturalist-open-data.s3.amazonaws.com/photos/43950054/medium.jpeg,,"",,1,0,false,,"Anorí, Antioquia, Colombia",6.9862790471,-75.1112937995,395,,,,395,,open,false,,,Ruddy Pigeon,Patagioenas subvinacea,Torcaza colorada,Aves,3095
28687008,209e49d2-2e60-47a2-8c8e-56a912059989,2019/05/23 7:04 AM PDT,2019-05-23,2019-05-23 14:04:00 UTC,Pacific Time (US & Canada),147487,ryanandrews,Ryan Andrews,2019-07-12 19:01:20 UTC,2025-08-05 20:09:07 UTC,research,CC-BY-NC,https://www.inaturalist.org/observations/28687008,https://inaturalist-open-data.s3.amazonaws.com/photos/44730703/medium.jpg,,"",,1,0,false,,"San José Province, Rivas, Costa Rica",9.4720264221,-83.5772168312,210,,,,210,,open,false,,,Ruddy Pigeon,Patagioenas subvinacea,Torcaza colorada,Aves,3095
28852193,24c5ef44-3619-4f53-847c-5406ba79cb58,Thu Jul 04 2019 19:54:06 GMT+0200 (GMT+2),2019-07-04,2019-07-04 17:54:06 UTC,Pretoria,1988781,jeroensangers,Jeroen,2019-07-15 06:31:24 UTC,2023-01-12 19:19:58 UTC,research,CC-BY-NC,https://www.inaturalist.org/observations/28852193,https://inaturalist-open-data.s3.amazonaws.com/photos/45003444/medium.jpg,,"",,2,1,false,3,"Sendero Wilford Guindon, Abangares, Província de Guanacaste, CR",10.3009716667,-84.787405,5005,,,,5005,,open,false,,,Ruddy Pigeon,Patagioenas subvinacea,Torcaza colorada,Aves,3095
29420793,cf1537ed-e865-4d1e-8090-19e68e063e66,2019/05/28 9:25 AM -03,2019-05-28,,Brasilia,1727839,jeh_biologa,Jessica dos Anjos,2019-07-24 02:07:09 UTC,2019-07-31 15:35:00 UTC,research,,https://www.inaturalist.org/observations/29420793,https://static.inaturalist.org/photos/45915785/medium.jpg,,"",,1,0,false,,"Margem direita do Rio Cristalino, s/n, Alta Floresta - MT, 78580-000, Brasil",-9.597507,-55.931335,210,,,,210,,open,false,,,Ruddy Pigeon,Patagioenas subvinacea,Torcaza colorada,Aves,3095
30122547,30828943-c3db-445c-bb0f-e37360067625,2016/10/23 8:26 AM -02,2016-10-23,,Brasilia,1729870,edenfontes,Eden Fontes,2019-08-03 19:14:09 UTC,2024-11-28 01:03:06 UTC,research,,https://www.inaturalist.org/observations/30122547,https://static.inaturalist.org/photos/47041202/medium.jpg,,"AM, Amazonas, Amazônia, Jardim Botânico, MUSA, Manaus, Patagioenas subvinacea, Torre do Jardim Botânico, aves, birds, pomba-botafogo",,1,0,false,,"Manaus - AM, Brasil",-3.0025537878,-59.9392850811,488,,,,488,,open,false,,,Pomba-botafogo,Patagioenas subvinacea,Torcaza colorada,Aves,3095
30213793,769a85be-6c48-4ab5-b52a-3bc345472bc1,2019/08/04 7:43 AM -05,2019-08-04,,Quito,780896,rudygelis,Rudy Gelis,2019-08-05 00:42:46 UTC,2022-02-12 02:06:44 UTC,research,,https://www.inaturalist.org/observations/30213793,https://static.inaturalist.org/photos/47189703/medium.jpeg,,"","",1,0,false,,"San Miguel de los Bancos, Ecuador",-0.0338354865,-78.8688184462,2354,,,,2354,,open,false,,"",Ruddy Pigeon,Patagioenas subvinacea,Torcaza colorada,Aves,3095
30213797,5ad295bd-c263-4477-8f92-28d30d11a7a0,2019/08/04 8:04 AM -05,2019-08-04,,Quito,780896,rudygelis,Rudy Gelis,2019-08-05 00:42:48 UTC,2022-02-12 02:06:42 UTC,research,,https://www.inaturalist.org/observations/30213797,https://static.inaturalist.org/photos/47189909/medium.jpeg,,"","",1,0,false,,"San Miguel de los Bancos, Ecuador",-0.0338354865,-78.8688184462,2354,,,,2354,,open,false,,"",Ruddy Pigeon,Patagioenas subvinacea,Torcaza colorada,Aves,3095
30213804,08186f53-e019-48b1-882e-3ffb9cfd804d,2019/08/04 9:52 AM -05,2019-08-04,,Quito,780896,rudygelis,Rudy Gelis,2019-08-05 00:42:52 UTC,2022-02-12 02:06:21 UTC,research,,https://www.inaturalist.org/observations/30213804,https://static.inaturalist.org/photos/47190146/medium.jpeg,,"","",1,0,false,,"San Miguel de los Bancos, Ecuador",-0.0338354865,-78.8688184462,2354,,,,2354,,open,false,,"",Ruddy Pigeon,Patagioenas subvinacea,Torcaza colorada,Aves,3095
31523976,0fa0eeb2-d535-45fd-afd1-fc6b131f6a9c,2018/11/26 2:16 PM -05,2018-11-26,,Lima,2166700,linethgonzalez,Lineth Alexandra González Mora,2019-08-26 02:29:17 UTC,2020-09-01 04:45:13 UTC,research,CC-BY-NC,https://www.inaturalist.org/observations/31523976,https://inaturalist-open-data.s3.amazonaws.com/photos/49344954/medium.jpeg,,"",,1,0,false,,"Mera, Ecuador",-1.4297013514,-78.1182793614,122,,,,122,,open,false,,,Torcaza colorada,Patagioenas subvinacea,Torcaza colorada,Aves,3095
32667152,4d2e25a3-ec06-4588-9f3d-3ea8f32c5642,2019/09/02 9:30 AM -0500,2019-09-02,2019-09-02 14:30:00 UTC,Quito,780896,rudygelis,Rudy Gelis,2019-09-13 22:31:41 UTC,2022-02-12 02:06:44 UTC,research,,https://www.inaturalist.org/observations/32667152,https://static.inaturalist.org/photos/51251432/medium.jpeg,,"","",1,0,false,,"Mindo Valley, Ecuador",-0.048717,-78.775198,2169,,,,2169,,open,false,,"",Torcaza colorada,Patagioenas subvinacea,Torcaza colorada,Aves,3095
33401388,d66d0035-7bb0-413b-82bb-88877bf98f8d,2012/01/24 9:09 AM UTC,2012-01-24,,UTC,1560749,subhashc,,2019-09-25 23:24:32 UTC,2019-09-26 14:00:10 UTC,research,CC-BY-NC,https://www.inaturalist.org/observations/33401388,https://inaturalist-open-data.s3.amazonaws.com/photos/52457117/medium.jpeg,,"",Seen west of Mindo,1,0,false,,"Mindo, Ecuador",-0.0267443486,-78.7058468037,5456,,,,5456,,open,false,,,Ruddy Pigeon,Patagioenas subvinacea,Torcaza colorada,Aves,3095
34104073,53bd4480-935a-46f2-922a-2f09142605c8,2019/04/06 9:50 AM MST,2019-04-06,2019-04-06 16:50:00 UTC,Arizona,922012,radinis,"",2019-10-09 05:38:02 UTC,2019-10-09 14:41:17 UTC,research,CC-BY-NC,https://www.inaturalist.org/observations/34104073,https://inaturalist-open-data.s3.amazonaws.com/photos/53577419/medium.jpeg,,"",,1,0,false,,"Puntarenas Province, Monteverde, Costa Rica",10.3072839412,-84.8044103767,224,,,,224,,open,false,,,Torcaza colorada,Patagioenas subvinacea,Torcaza colorada,Aves,3095
34134921,d008b0e5-e88f-4ed8-8bb1-c0dbabb88ecd,2015/04/12 2:21 PM UTC,2015-04-12,,UTC,2268092,reservatesoroescondido,Reserva Tesoro Escondido,2019-10-09 21:32:08 UTC,2025-04-02 14:20:36 UTC,research,,https://www.inaturalist.org/observations/34134921,https://static.inaturalist.org/photos/53680531/medium.jpeg,,"",,1,0,false,,"Eloy Alfaro, Ecuador",0.530397,-79.148747,,,,,,,open,false,,,Ruddy Pigeon,Patagioenas subvinacea,Torcaza colorada,Aves,3095
34276061,86e7111a-68b7-4675-821c-a8537fb84c0e,2011/08/12 7:32 PM HST,2011-08-12,2011-08-13 05:32:00 UTC,Hawaii,1545311,felipecampos,Felipe Campos,2019-10-12 23:29:48 UTC,2019-10-16 16:41:27 UTC,needs_id,CC-BY-NC,https://www.inaturalist.org/observations/34276061,https://inaturalist-open-data.s3.amazonaws.com/photos/53916478/medium.jpg,,"Animalia, Ecosistemas tropicales húmedos, BioEcuador, Amazonía, Ecosistemas terrestres continentales, Chordata, Aves, Ecosistemas",,0,0,false,,"Río Cocaya, Aguarico, Ecuador (220 msnm)",-0.9304138591,-75.2414982022,200,,,,200,,open,false,,,New World Pigeons,Patagioenas subvinacea,Torcaza colorada,Aves,3095
34549092,f4ab0d96-0bd2-4cf9-8295-34432feceac4,2016/09/29 7:30 AM -0500,2016-09-29,2016-09-29 12:30:00 UTC,Quito,1739120,holgerbeck,Holger Beck,2019-10-18 19:14:35 UTC,2019-10-18 19:14:35 UTC,needs_id,CC-BY-NC,https://www.inaturalist.org/observations/34549092,https://inaturalist-open-data.s3.amazonaws.com/photos/54386078/medium.jpeg,,"Vogel, Taube",,0,0,false,,"Baeza, Ecuador",-0.4644385,-77.8896034,843,,,,843,,open,false,,,Ruddy Pigeon,Patagioenas subvinacea,Torcaza colorada,Aves,3095
34644746,d9c4d5af-0fcc-412d-aa2e-d20453cc096f,2019/07/17 11:18 AM -0700,2019-07-17,2019-07-17 18:18:00 UTC,Arizona,71307,philkahler,Phil Kahler,2019-10-20 18:28:51 UTC,2019-10-20 18:28:54 UTC,needs_id,CC-BY-NC,https://www.inaturalist.org/observations/34644746,https://inaturalist-open-data.s3.amazonaws.com/photos/54546056/medium.jpg,,"",,0,0,false,,"Maynas Province, Peru",-3.2773887475,-72.9155714226,732,,,,732,,open,false,,,Ruddy Pigeon,Patagioenas subvinacea,Torcaza colorada,Aves,3095
35062615,28cee2df-860f-4239-a883-c5073f532d6c,2019/06/06 12:40 PM -0500,2019-06-06,2019-06-06 17:40:00 UTC,Bogota,677774,luchogu,Luis G Restrepo,2019-10-29 21:14:20 UTC,2025-12-07 22:29:37 UTC,research,CC-BY,https://www.inaturalist.org/observations/35062615,https://inaturalist-open-data.s3.amazonaws.com/photos/55265362/medium.jpeg,,Columbidae,"",1,0,false,,"El Engaño, Dagua, Valle del Cauca, Colombia",3.585785,-76.796387,200,,,,200,,open,false,,,Ruddy Pigeon,Patagioenas subvinacea,Torcaza colorada,Aves,3095
35634153,bd935c52-b530-47da-92a9-2a85ad3c716e,2007/03/09 6:18 AM PST,2007-03-09,2007-03-09 14:18:00 UTC,Pacific Time (US & Canada),2426657,mkdwoodruff,Michael Woodruff,2019-11-13 05:56:47 UTC,2019-11-13 05:56:47 UTC,needs_id,,https://www.inaturalist.org/observations/35634153,https://static.inaturalist.org/photos/56208958/medium.jpeg,,"",,0,0,false,,Ecuador,0.1449159,-79.1412988,587,,,,587,,open,false,,,Ruddy Pigeon,Patagioenas subvinacea,Torcaza colorada,Aves,3095
35634469,107ea389-ad86-4b0f-ba32-a5349a346d87,2007/03/10 5:06 AM PST,2007-03-10,2007-03-10 13:06:00 UTC,Pacific Time (US & Canada),2426657,mkdwoodruff,Michael Woodruff,2019-11-13 06:13:31 UTC,2020-04-22 23:06:43 UTC,needs_id,CC-BY-NC,https://www.inaturalist.org/observations/35634469,https://static.inaturalist.org/photos/56209529/medium.jpeg,,"","",0,0,false,,"0.030185, -78.866469",0.030185,-78.866469,785,,,,785,,open,false,,,Ruddy Pigeon,Patagioenas subvinacea,Torcaza colorada,Aves,3095
35651274,5c6d8b94-a72b-47aa-a807-3686eca3bfbb,2014-10-23 23:03:15,2014-10-23,2014-10-24 03:03:15 UTC,Eastern Time (US & Canada),273707,dbeadle,"",2019-11-13 20:19:23 UTC,2020-01-07 19:21:49 UTC,research,CC-BY-NC,https://www.inaturalist.org/observations/35651274,https://static.inaturalist.org/photos/56238944/medium.jpg,,"Pigeon, Ruddy - Amazonia Lodge, Madre de Dios Province, Peru","Ruddy Pigeon. Photographed at Amazonia Lodge, Madre de Dios Province, Peru on 23 October 2014. ",1,0,false,,"Amazonia Lodge, Madre de Dios Province, Peru",-12.878206,-71.371239,1,,,,1,,open,false,,manual,Pigeon vineux,Patagioenas subvinacea,Torcaza colorada,Aves,3095
35807729,87906e82-338d-44c2-8fdb-84d23815373c,2019/11/16 8:11 AM -0500,2019-11-16,2019-11-16 13:11:00 UTC,Quito,1428321,dawicho,David Torres,2019-11-18 05:04:17 UTC,2021-10-18 14:35:57 UTC,needs_id,CC-BY-NC,https://www.inaturalist.org/observations/35807729,https://inaturalist-open-data.s3.amazonaws.com/photos/56506996/medium.jpg,,"",,1,0,false,,"San Miguel de los Bancos, Ecuador",-0.0642205444,-78.7649692532,4,,,,4,,open,false,,,Patagioenas,Patagioenas subvinacea,Torcaza colorada,Aves,3095
35857472,d7bdefcf-c0c2-41b0-ab32-ddc35995f51c,2019/11/17 10:11 AM -0500,2019-11-17,2019-11-17 15:11:00 UTC,Quito,1428321,dawicho,David Torres,2019-11-19 18:52:36 UTC,2019-11-20 02:29:19 UTC,research,CC-BY-NC,https://www.inaturalist.org/observations/35857472,https://inaturalist-open-data.s3.amazonaws.com/photos/56595828/medium.jpeg,,"",,1,0,false,,"San Miguel de los Bancos, Ecuador",-0.0642401117,-78.765118827,4,,,,4,,open,false,,,Torcaza colorada,Patagioenas subvinacea,Torcaza colorada,Aves,3095
35915937,78159642-ec53-4281-aaa0-59b1d4ecb978,2015-10-26 07:43:44,2015-10-26,2015-10-26 11:43:44 UTC,Eastern Time (US & Canada),273707,dbeadle,"",2019-11-21 13:29:48 UTC,2019-11-21 20:40:49 UTC,research,CC-BY-NC,https://www.inaturalist.org/observations/35915937,https://static.inaturalist.org/photos/56697810/medium.jpg,,"Ruddy Pigeon - Plataforma, San Martin Department, Peru","Ruddy Pigeon. Photographed at Plataforma,  San Martin Department, Peru on 26 October 2015. ",1,0,false,,"Plataforma, San Martin Department, Peru",-7.397027,-76.298096,441,,,,441,,open,false,,manual,Ruddy Pigeon,Patagioenas subvinacea,Torcaza colorada,Aves,3095
36391411,561cef6e-610b-421d-8319-d485096fee25,2010/01/22 5:46 PM -0500,2010-01-22,2010-01-22 22:46:00 UTC,Eastern Time (US & Canada),273707,dbeadle,"",2019-12-05 23:03:24 UTC,2024-10-26 15:49:20 UTC,research,CC-BY-NC,https://www.inaturalist.org/observations/36391411,,https://static.inaturalist.org/sounds/51845.mp3?1575585985,Ruddy Pigeon,"Ruddy Pigeon. Recorded at RNA Reinita Cielo Azul, Santander, Colombia on 22 January 2010. Humid montane forest and forest edge. Distant song. ",1,0,false,,"San Vicente de Chucurí, Santander, Colombia",6.8728748019,-73.3742284772,260,,,,260,,open,false,,,Torcaza colorada,Patagioenas subvinacea,Torcaza colorada,Aves,3095
36789872,a4b26190-1c98-4976-a003-acdf035aa9da,2019/12/12 6:49 AM -0500,2019-12-12,2019-12-12 11:49:00 UTC,Bogota,412180,juan_carlos_caicedo_hdz,Juan Carlos Caicedo Hernández,2019-12-20 02:09:27 UTC,2023-07-30 02:08:57 UTC,research,CC-BY,https://www.inaturalist.org/observations/36789872,https://inaturalist-open-data.s3.amazonaws.com/photos/58210446/medium.jpeg,,"","Natura Park Lodge. Verdeda El Vergel. Km 23 Leticia-Puerto Nariño, Amazonas",1,0,false,,"Leticia, Amazonas Department, Colombia",-3.864973869,-70.2057178555,4,,,,4,,open,false,,,Torcaza colorada,Patagioenas subvinacea,Torcaza colorada,Aves,3095
36968556,eb8e8a47-6c3a-4bfd-9426-88a13d06fb92,2015/12/23 7:40 AM MST,2015-12-23,2015-12-23 14:40:00 UTC,Mountain Time (US & Canada),122831,chartuso,Christian Artuso,2019-12-26 15:40:12 UTC,2021-11-10 09:31:47 UTC,needs_id,CC-BY-NC-ND,https://www.inaturalist.org/observations/36968556,https://inaturalist-open-data.s3.amazonaws.com/photos/58524661/medium.jpg,,"",,1,0,false,,"Los QUetzales, San José, Costa Rica",9.6293213616,-83.8400037484,270,,,,270,,open,false,,,Ruddy Pigeon,Patagioenas subvinacea,Torcaza colorada,Aves,3095
37526657,04ca5bbe-f43e-446e-9b22-efb8281d9c3c,2020/01/06 8:34 AM PST,2020-01-06,2020-01-06 16:34:00 UTC,Pacific Time (US & Canada),8706,howardfriedman1,Howard Friedman,2020-01-12 16:38:21 UTC,2020-01-13 14:08:32 UTC,research,CC-BY-NC,https://www.inaturalist.org/observations/37526657,https://inaturalist-open-data.s3.amazonaws.com/photos/59506569/medium.jpeg,,"","",1,0,false,,"Shushufindi, Ecuador",-0.4674395219,-76.4576146431,225,,,,225,,open,false,,,Ruddy Pigeon,Patagioenas subvinacea,Torcaza colorada,Aves,3095
37604171,565e3092-a86a-4dde-9091-84a711ce9625,2020/01/01 8:13 AM HST,2020-01-01,2020-01-01 18:13:00 UTC,Hawaii,327210,jss367,Julius Simonelli,2020-01-15 02:37:15 UTC,2021-11-10 09:44:18 UTC,needs_id,CC-BY-NC,https://www.inaturalist.org/observations/37604171,https://inaturalist-open-data.s3.amazonaws.com/photos/59644389/medium.jpg,,Curi-Cancha Reserve,,1,0,false,,"300 m noroeste Fabrica de Quesos Monteverde, Provincia de Puntarenas, Monteverde, 60109, Costa Rica",10.3064282,-84.8075365,210,,,,210,,open,false,,,Ruddy Pigeon,Patagioenas subvinacea,Torcaza colorada,Aves,3095
37716703,7b56d8a5-f125-4acc-bbf3-8dc15daa6898,2018-12-16 3:03:12 PM EST,2018-12-16,2018-12-16 20:03:12 UTC,Eastern Time (US & Canada),673834,aileenbarclay1,Aileen Barclay,2020-01-18 19:19:05 UTC,2025-04-02 23:01:26 UTC,research,CC-BY,https://www.inaturalist.org/observations/37716703,https://static.inaturalist.org/photos/59849242/medium.jpg,,"",,1,0,false,2,Wasaí Tambopata Lodge,-12.8510993633,-69.4694253802,263,,,,263,,open,false,gps,gps,Ruddy Pigeon,Patagioenas subvinacea,Torcaza colorada,Aves,3095
37976648,89c1458f-c35b-45d1-bdfd-3a962cf041c6,2019/12/28 11:06 AM PST,2019-12-28,2019-12-28 19:06:00 UTC,Pacific Time (US & Canada),8706,howardfriedman1,Howard Friedman,2020-01-26 05:31:23 UTC,2020-01-26 05:31:23 UTC,needs_id,CC-BY-NC,https://www.inaturalist.org/observations/37976648,https://inaturalist-open-data.s3.amazonaws.com/photos/60288359/medium.jpeg,,"","",0,0,false,,"Quito, Ecuador",0.0305269,-78.6811795,214,,,,214,,open,false,,,Ruddy Pigeon,Patagioenas subvinacea,Torcaza colorada,Aves,3095
38061339,2ceae558-285f-450c-9d46-1c05c3309f73,2020-01-25 7:58:14 AM GMT-04:00,2020-01-25,2020-01-25 11:58:14 UTC,Caracas,1822892,ozzhernandez,Oswaldo Hernández,2020-01-28 16:15:51 UTC,2025-04-03 04:07:07 UTC,research,CC-BY-NC,https://www.inaturalist.org/observations/38061339,https://inaturalist-open-data.s3.amazonaws.com/photos/60436641/medium.jpeg,,"",,1,0,false,2,"San Bernardino, 1011, Distrito Capital, Venezuela",10.5361084458,-66.897690855,132,,,,132,,open,false,gps,gps,Torcaza colorada,Patagioenas subvinacea,Torcaza colorada,Aves,3095
38203949,e665b190-bbb6-41ea-a69b-33495637929a,2020/01/20 7:32 AM COT,2020-01-20,2020-01-20 12:32:00 UTC,Eastern Time (US & Canada),792319,djringer,David Jeffrey Ringer,2020-02-02 02:23:56 UTC,2025-04-03 05:56:51 UTC,research,CC-BY-NC,https://www.inaturalist.org/observations/38203949,https://inaturalist-open-data.s3.amazonaws.com/photos/60681937/medium.jpg,,"",,1,0,false,,"Puerto Inírida, Guainía, Colombia",3.862253,-67.965111,,,,,,,open,false,,,Torcaza colorada,Patagioenas subvinacea,Torcaza colorada,Aves,3095
38669061,7768d35d-2727-49fb-a332-ad3f44aa9c11,2018/07/16,2018-07-16,,Eastern Time (US & Canada),73919,michiganhummingbirdguy,Allen Chartier,2020-02-15 14:56:07 UTC,2025-04-03 11:45:06 UTC,research,CC-BY-NC,https://www.inaturalist.org/observations/38669061,https://inaturalist-open-data.s3.amazonaws.com/photos/61491614/medium.jpg,,"","Ruddy Pigeon
Llanteria/Afluente area
San Martin, Peru
16 July 2018
Photo by Allen T. Chartier",1,0,false,,"Rioja Province, Peru",-5.6749176689,-77.7038047257,266,,,,266,,open,false,,,Patagioenas subvinacea,Patagioenas subvinacea,Torcaza colorada,Aves,3095
40216541,12cda59c-6578-47e4-acfc-ca8a63b4fc55,2014/10/17 11:41 AM HST,2014-10-17,2014-10-17 21:41:00 UTC,Hawaii,777230,ericvandenberghe,Eric van den Berghe,2020-03-19 02:28:29 UTC,2023-05-26 06:04:49 UTC,research,CC-BY-NC,https://www.inaturalist.org/observations/40216541,https://inaturalist-open-data.s3.amazonaws.com/photos/63883467/medium.jpeg,,"","",1,0,false,,"Quijos, Ecuador",-0.4533627388,-77.8792047447,61,,,,61,,open,false,,,Torcaza colorada,Patagioenas subvinacea,Torcaza colorada,Aves,3095
40231177,44883f6d-b7fd-4155-9dcb-17bab9fe35a9,2020-03-18 9:14:22 AM GMT-05:00,2020-03-18,2020-03-18 14:14:22 UTC,Quito,637628,vilmer22,Vilmer Herrera,2020-03-19 13:30:05 UTC,2020-03-19 17:11:23 UTC,research,CC-BY-NC,https://www.inaturalist.org/observations/40231177,https://inaturalist-open-data.s3.amazonaws.com/photos/63910219/medium.jpeg,,"",,2,0,false,2,"Flavio Alfaro, Ecuador",-0.3345580759,-79.7579433024,9,,,,9,,open,false,gps,gps,Torcaza colorada,Patagioenas subvinacea,Torcaza colorada,Aves,3095
40781466,fc63988c-77d6-4061-a57b-f61764e40dde,2020/01/05 1:51 PM -0500,2020-01-05,2020-01-05 18:51:00 UTC,Lima,2627643,monroyfotografo,David Monroy R,2020-03-26 21:56:43 UTC,2020-03-27 01:02:03 UTC,research,CC-BY-NC,https://www.inaturalist.org/observations/40781466,https://inaturalist-open-data.s3.amazonaws.com/photos/64644718/medium.jpg,,"",,1,0,false,,"EL Danubio, Buenaventura, Valle del Cauca, Colombia",3.6161,-76.884,,,,,,,open,false,,,Patagioenas subvinacea berlepschi,Patagioenas subvinacea berlepschi,,Aves,727769
40781467,c63032a8-b6dd-4476-8b4c-b322da8de27b,2019/02/15 7:29 AM -0500,2019-02-15,2019-02-15 12:29:00 UTC,Lima,2627643,monroyfotografo,David Monroy R,2020-03-26 21:56:43 UTC,2020-03-27 01:01:58 UTC,research,CC-BY-NC,https://www.inaturalist.org/observations/40781467,https://inaturalist-open-data.s3.amazonaws.com/photos/64644708/medium.jpg,,"",,1,0,false,,"Santuario de Fauna y Flora Otún Quimbaya, Pereira, Risaralda, Colombia",4.7278874763,-75.5751657486,61,,,,61,,open,false,,,Torcaza colorada,Patagioenas subvinacea,Torcaza colorada,Aves,3095
41755296,df26d416-0013-4c2d-9821-e460153d81f5,2019/02/09 6:32 AM HKT,2019-02-09,2019-02-08 22:32:00 UTC,Hong Kong,364517,blackdogto,"",2020-04-09 13:19:56 UTC,2020-04-10 18:18:13 UTC,research,CC-BY-NC,https://www.inaturalist.org/observations/41755296,https://inaturalist-open-data.s3.amazonaws.com/photos/66248393/medium.jpeg,,"ECU, Ecuador, geo:lat=-0.07552300, geo:lon=-78.76629600, geotagged, Miraflores, Pichincha",,1,0,false,,"San Miguel de los Bancos, Ecuador",-0.075523,-78.766296,,,,,,,open,false,,,Ruddy Pigeon,Patagioenas subvinacea,Torcaza colorada,Aves,3095
42242917,4996b3f0-a5c3-4733-8ca0-d170c36ba45d,2008/01/17 1:21 AM PST,2008-01-17,2008-01-17 09:21:00 UTC,Pacific Time (US & Canada),304776,bit,Bitty A. Roy,2020-04-15 16:27:48 UTC,2023-02-10 05:15:22 UTC,research,CC-BY,https://www.inaturalist.org/observations/42242917,https://inaturalist-open-data.s3.amazonaws.com/photos/67063497/medium.jpeg,,"",Photo by Michael Wherley; used with permission.  From the balcony of the bunkhouse at Reserva Los Cedros.,1,0,false,,"Reserva Los Cedros, Cotacachi, Ecuador",0.308986,-78.779328,10,,,,10,,open,false,,,Torcaza colorada,Patagioenas subvinacea,Torcaza colorada,Aves,3095
42266768,e3dad07e-24a1-40ee-a631-d2f3a03a280f,2015/03/15 1:10 PM PDT,2015-03-15,2015-03-15 20:10:00 UTC,Pacific Time (US & Canada),802004,docprt,"",2020-04-15 21:25:37 UTC,2020-04-16 00:03:09 UTC,research,CC-BY-NC,https://www.inaturalist.org/observations/42266768,https://inaturalist-open-data.s3.amazonaws.com/photos/67102005/medium.jpeg,,"",,2,0,false,,"San Miguel de los Bancos, Ecuador",-0.0265323977,-78.7594206295,4,,,,4,,open,false,,,Ruddy Pigeon,Patagioenas subvinacea,Torcaza colorada,Aves,3095
42541987,98412fd1-7c63-4eb8-8540-9291bd422e76,2014/04/04 9:56 AM UTC,2014-04-04,,UTC,2761991,gustavogonsioroski,Gustavo Gonsioroski,2020-04-19 03:47:10 UTC,2020-09-19 00:06:21 UTC,research,CC-BY-NC,https://www.inaturalist.org/observations/42541987,https://inaturalist-open-data.s3.amazonaws.com/photos/67546364/medium.jpeg,,"",,1,0,false,,"Rondônia, BR",-9.323232334,-61.6994203001,84958,,,,84958,,open,false,,,Pomba-botafogo,Patagioenas subvinacea,Torcaza colorada,Aves,3095
42780011,2c8fd4a3-7441-4c99-9f09-9149e02f8e8d,2007/03/10 5:06 AM PST,2007-03-10,2007-03-10 13:06:00 UTC,Pacific Time (US & Canada),2426657,mkdwoodruff,Michael Woodruff,2020-04-21 19:24:23 UTC,2020-04-22 22:58:27 UTC,research,CC-BY-NC,https://www.inaturalist.org/observations/42780011,https://inaturalist-open-data.s3.amazonaws.com/photos/67937306/medium.jpeg,,"","",1,0,false,,"0.030185, -78.866469",0.030185,-78.866469,700,,,,700,,open,false,,,Ruddy Pigeon,Patagioenas subvinacea,Torcaza colorada,Aves,3095
44960813,cd1ee1e4-011e-4841-9ae3-a2ee1bed1c14,2020/02/19 6:26 AM -0500,2020-02-19,2020-02-19 11:26:00 UTC,Bogota,86081,camilojotage,Gabriel Camilo Jaramillo Giraldo,2020-05-05 09:47:17 UTC,2023-07-07 20:15:18 UTC,research,CC-BY-NC-SA,https://www.inaturalist.org/observations/44960813,https://inaturalist-open-data.s3.amazonaws.com/photos/71277910/medium.jpeg,,"","",1,0,false,,"Cisneros, Antioquia, Colombia",6.5415472649,-75.076172541,4,,,,4,,open,false,,,Torcaza colorada,Patagioenas subvinacea,Torcaza colorada,Aves,3095
47429099,1682ef8c-cbe2-40ce-b54a-d87c8ebb1a70,2020-05-26 12:12:43 PM EST,2020-05-26,2020-05-26 17:12:43 UTC,Bogota,2275589,carloscastillo5,Carlos Castillo,2020-05-26 18:57:20 UTC,2024-08-08 02:30:55 UTC,research,CC-BY-NC,https://www.inaturalist.org/observations/47429099,https://static.inaturalist.org/photos/75223650/medium.jpeg,https://static.inaturalist.org/sounds/96810.mp3?1590519574,"",,1,0,false,2,"Boquete, PA-CH, PA",8.734946,-82.2711089722,,,,,,,open,false,gps,gps,Ruddy Pigeon,Patagioenas subvinacea,Torcaza colorada,Aves,3095
47528109,35bf0853-2ece-4494-bdd0-bc849e80b6d8,2013/05/12 10:16 AM -0500,2013-05-12,2013-05-12 15:16:00 UTC,Quito,1761530,aeleon,Andrés León-Reyes,2020-05-27 16:58:46 UTC,2023-07-07 20:57:31 UTC,needs_id,CC-BY-NC,https://www.inaturalist.org/observations/47528109,https://inaturalist-open-data.s3.amazonaws.com/photos/75381002/medium.jpg,,"",,0,0,false,,"San Miguel de los Bancos, Ecuador",-0.0338674838,-78.7601189112,186,,,,186,,open,false,,,Patagioenas subvinacea,Patagioenas subvinacea,Torcaza colorada,Aves,3095
47772895,6a154d50-23c2-4920-b5a7-c24d769bcae0,2018/02/14 8:43 AM -0500,2018-02-14,2018-02-14 13:43:00 UTC,Quito,1739120,holgerbeck,Holger Beck,2020-05-29 20:45:48 UTC,2020-05-29 20:45:48 UTC,needs_id,CC-BY-NC,https://www.inaturalist.org/observations/47772895,https://inaturalist-open-data.s3.amazonaws.com/photos/75779594/medium.jpeg,,"",Identified by call,0,0,false,,"Nanegal, Barrio La Delicia",0.1317589675,-78.6692925952,91,,,,91,,open,false,,,Ruddy Pigeon,Patagioenas subvinacea,Torcaza colorada,Aves,3095
48541697,de0a0734-222f-42cc-a9ff-7d4986db0780,2019/04/10 7:28 AM -0500,2019-04-10,2019-04-10 12:28:00 UTC,Quito,1739120,holgerbeck,Holger Beck,2020-06-05 14:52:20 UTC,2020-06-14 00:49:51 UTC,research,CC-BY-NC,https://www.inaturalist.org/observations/48541697,https://inaturalist-open-data.s3.amazonaws.com/photos/77028452/medium.jpeg,,"",,1,0,false,,"Puerto Quito, Ecuador",0.1205129287,-79.2471834363,723,,,,723,,open,false,,,Ruddy Pigeon,Patagioenas subvinacea,Torcaza colorada,Aves,3095
54320654,cd15e6d2-f1c3-4c55-94b2-83f958c3733f,2019/10/10 8:13 PM -0500,2019-10-10,2019-10-11 01:13:00 UTC,Bogota,2275589,carloscastillo5,Carlos Castillo,2020-07-25 21:08:55 UTC,2020-10-16 01:14:49 UTC,research,CC-BY-NC,https://www.inaturalist.org/observations/54320654,https://static.inaturalist.org/photos/86421370/medium.jpeg,,"",,1,0,false,,"Willie Mazu, Bürí, Panamá",8.7934548252,-82.1888793596,4,,,,4,,open,false,,,Ruddy Pigeon,Patagioenas subvinacea,Torcaza colorada,Aves,3095
54542187,e94735f7-f76f-4537-8e17-c0a2a6684436,2014/03/08 10:42 AM UTC,2014-03-08,,UTC,2147595,seandaniels,Sean Daniels,2020-07-27 17:20:44 UTC,2020-08-07 23:15:25 UTC,research,CC-BY-NC,https://www.inaturalist.org/observations/54542187,https://inaturalist-open-data.s3.amazonaws.com/photos/86714774/medium.jpeg,,"","",1,0,false,,"Puntarenas Province, Monteverde, Costa Rica",10.3074523216,-84.8044044745,4,,,,4,,open,false,,,Ruddy Pigeon,Patagioenas subvinacea,Torcaza colorada,Aves,3095
55480698,a5ac8828-1ed5-4f5b-afdf-e5edbeb8a65a,2019/02/09 6:33 AM HKT,2019-02-09,2019-02-08 22:33:00 UTC,Hong Kong,716148,carol_kwok,Carol Kwok,2020-08-05 11:54:43 UTC,2020-11-26 21:19:49 UTC,research,CC-BY-NC-ND,https://www.inaturalist.org/observations/55480698,https://static.inaturalist.org/photos/88346202/medium.jpg,,"","",1,0,false,,"Km 52 Ruta Antigua Quito - Nanegalito, Tandayapa, Ecuador",-0.0160393,-78.6808771,918,,,,918,,open,false,,,Ruddy Pigeon,Patagioenas subvinacea,Torcaza colorada,Aves,3095
56169768,84984c2e-3421-47ca-a826-4b7373dac7cf,2020/08/09 7:40 AM -0500,2020-08-09,2020-08-09 12:40:00 UTC,Quito,1428321,dawicho,David Torres,2020-08-11 22:20:49 UTC,2020-11-26 21:23:15 UTC,research,CC-BY-NC,https://www.inaturalist.org/observations/56169768,https://inaturalist-open-data.s3.amazonaws.com/photos/89486956/medium.jpg,,"",,1,0,false,,"Puerto Quito, Ecuador",0.1444958121,-79.1421859625,8,,,,8,,open,false,,,Ruddy Pigeon,Patagioenas subvinacea,Torcaza colorada,Aves,3095
56270621,ca0d2d38-f571-4bb4-a1df-4fe8e46579e6,2020/08/10 10:43 AM -0500,2020-08-10,2020-08-10 15:43:00 UTC,Quito,1428321,dawicho,David Torres,2020-08-12 23:13:50 UTC,2020-08-13 13:49:40 UTC,research,CC-BY-NC,https://www.inaturalist.org/observations/56270621,https://inaturalist-open-data.s3.amazonaws.com/photos/89659758/medium.jpg,,"",,1,0,false,,"Pedro Vicente Maldonado, Ecuador",0.1116125466,-79.1026758739,15,,,,15,,open,false,,,Ruddy Pigeon,Patagioenas subvinacea,Torcaza colorada,Aves,3095
57085386,512c97db-a722-4369-b337-1a5fa6488473,2020-08-07 8:06:36 AM GMT-05:00,2020-08-07,2020-08-07 13:06:36 UTC,Lima,3453110,edwinmunera,Edwin Múnera Chavarría,2020-08-21 01:39:36 UTC,2024-08-25 12:58:38 UTC,research,CC-BY-NC,https://www.inaturalist.org/observations/57085386,https://inaturalist-open-data.s3.amazonaws.com/photos/91027981/medium.jpeg,,"",,1,0,false,2,"Yarumal, Antioquia, Colombia",7.0590172353,-75.4045668617,26,,,,26,,open,false,gps,gps,Torcaza colorada,Patagioenas subvinacea,Torcaza colorada,Aves,3095
59040917,ee740f1c-08ea-4044-a114-c626d107738b,2017-04-19 9:25:40 AM GMT-05:00,2017-04-19,2017-04-19 13:25:40 UTC,Eastern Time (US & Canada),793889,ecuadornaturetours,Nelson Apolo,2020-09-09 14:07:15 UTC,2024-03-31 18:50:45 UTC,research,CC-BY-NC,https://www.inaturalist.org/observations/59040917,https://inaturalist-open-data.s3.amazonaws.com/photos/94306218/medium.jpeg,,"",,1,0,false,2,WildSumaco Lodge,-0.622951557,-77.6028178632,263,,,,263,,open,false,gps,gps,Ruddy Pigeon,Patagioenas subvinacea,Torcaza colorada,Aves,3095
59640758,4648b18b-094c-43db-b5a6-702b7ab92b05,2018/11/27,2018-11-27,,Pacific Time (US & Canada),1110622,andyfrank,Andy Frank,2020-09-15 01:39:06 UTC,2020-09-15 03:35:07 UTC,research,CC-BY-NC,https://www.inaturalist.org/observations/59640758,https://inaturalist-open-data.s3.amazonaws.com/photos/95309164/medium.jpg,,"",,1,0,false,,"Unnamed Road, San Vicente de Chucurí, Santander, Colombia",6.8521911,-73.3768272,2864,,,,2864,,open,false,,,Ruddy Pigeon,Patagioenas subvinacea,Torcaza colorada,Aves,3095
61315682,2d53bc28-8a1b-40e6-b5cf-d18749687483,2020-09-26 3:10:58 PM GMT-05:00,2020-09-26,2020-09-26 19:10:58 UTC,America/New_York,623533,macu13,Mauricio Ramirez,2020-09-30 17:21:56 UTC,2021-03-10 00:14:49 UTC,research,,https://www.inaturalist.org/observations/61315682,https://static.inaturalist.org/photos/98104255/medium.jpeg,,"",,2,0,false,2,"Valparaíso, Caquetá, Colombia",1.313883941,-75.7390111685,3163,,,,3163,,open,false,gps,gps,Torcaza colorada,Patagioenas subvinacea,Torcaza colorada,Aves,3095
61661086,da8ba1b0-d194-429f-a109-7717755c7b1e,2020-09-27 4:09:02 AM GMT-05:00,2020-09-27,2020-09-27 08:09:02 UTC,America/New_York,793889,ecuadornaturetours,Nelson Apolo,2020-10-04 12:15:39 UTC,2023-05-30 23:25:57 UTC,research,CC-BY-NC,https://www.inaturalist.org/observations/61661086,https://inaturalist-open-data.s3.amazonaws.com/photos/98691776/medium.jpeg,,"",,1,0,false,2,"Pedro Vicente Maldonado, Ecuador",0.1021401416,-79.1367094964,197,,,,197,,open,false,gps,gps,Torcaza colorada,Patagioenas subvinacea,Torcaza colorada,Aves,3095
63854254,126d30e8-c32a-4d1e-8547-22a5eedac369,2019/02/03 12:17 PM EST,2019-02-03,2019-02-03 17:17:00 UTC,Eastern Time (US & Canada),254559,tmurray74,Tom Murray,2020-10-31 00:27:28 UTC,2020-11-20 21:13:00 UTC,research,CC-BY-NC,https://www.inaturalist.org/observations/63854254,https://inaturalist-open-data.s3.amazonaws.com/photos/102553931/medium.jpeg,,"",,1,0,false,,"Talamanca Nature Reserve, Pérez Zeledón, San José, San Gerardo, Costa Rica",9.4683835,-83.5891721,218,,,,218,,open,false,,,Ruddy Pigeon,Patagioenas subvinacea,Torcaza colorada,Aves,3095
64008976,f003ab4b-3ec2-4e71-a3d9-28d128a70ec3,2020-11-01 8:34:09 AM GMT-05:00,2020-11-01,2020-11-01 13:34:09 UTC,Bogota,3793772,steeven6,Steeven Ocampo,2020-11-02 01:48:37 UTC,2025-06-05 00:40:58 UTC,needs_id,,https://www.inaturalist.org/observations/64008976,,https://static.inaturalist.org/sounds/146468.wav?1604281732,"",,1,0,false,2,"San Miguel de los Bancos, EC-PI, EC",0.0241714,-78.8900989,800,,,,800,,open,false,,,Ruddy Pigeon,Patagioenas subvinacea,Torcaza colorada,Aves,3095
64029262,0dd126a2-5a0a-4b5f-b5a2-17c281fe8110,2020-11-01 9:01:44 AM GMT-05:00,2020-11-01,2020-11-01 14:01:44 UTC,Bogota,3793772,steeven6,Steeven Ocampo,2020-11-02 10:38:09 UTC,2025-06-05 00:43:01 UTC,needs_id,,https://www.inaturalist.org/observations/64029262,,https://static.inaturalist.org/sounds/146512.wav?1604313499,"",Me pueden ayudar a identificar que especie de ave es porfa,1,0,false,2,"San Miguel de los Bancos, EC-PI, EC",0.0352533333,-78.87171,5,,,,5,,open,false,,,Ruddy Pigeon,Patagioenas subvinacea,Torcaza colorada,Aves,3095
64288816,838dcd92-3d79-4666-82e5-6e9aea7f0fe1,2020/11/02 6:16 AM -0500,2020-11-02,2020-11-02 11:16:00 UTC,Quito,1428321,dawicho,David Torres,2020-11-06 12:54:28 UTC,2020-11-06 12:54:28 UTC,needs_id,CC-BY-NC,https://www.inaturalist.org/observations/64288816,https://inaturalist-open-data.s3.amazonaws.com/photos/103332548/medium.jpg,,"",,0,0,false,,"Cojimies, Ecuador",0.3238084322,-80.0310088289,8,,,,8,,open,false,,,Ruddy Pigeon,Patagioenas subvinacea,Torcaza colorada,Aves,3095
64390863,64146a8f-1c83-44e3-8364-ba54a3155490,2020-10-18 9:00:23 AM GMT-05:00,2020-10-18,2020-10-18 14:00:23 UTC,Lima,3453110,edwinmunera,Edwin Múnera Chavarría,2020-11-07 21:37:40 UTC,2024-08-25 14:17:51 UTC,research,CC-BY-NC,https://www.inaturalist.org/observations/64390863,https://inaturalist-open-data.s3.amazonaws.com/photos/103511985/medium.jpeg,,"",,1,0,false,2,"Yarumal, Antioquia, Colombia",7.066165,-75.4089466667,,,,,,,open,false,gps,gps,Ruddy Pigeon,Patagioenas subvinacea,Torcaza colorada,Aves,3095
64626152,9282612d-1f0a-431a-97da-da30be064cbf,2020-11-10 2:52:34 PM GMT-05:00,2020-11-10,2020-11-10 19:52:34 UTC,America/Indiana/Indianapolis,3788291,cinthia85,"",2020-11-10 21:47:40 UTC,2024-07-31 17:36:23 UTC,research,CC-BY-NC,https://www.inaturalist.org/observations/64626152,,https://static.inaturalist.org/sounds/147967.m4a?1605044868,"",,2,0,false,2,"San Miguel de los Bancos, EC-PI, EC",-0.04901714,-78.78153053,10,,,,10,,open,false,,,Torcaza colorada,Patagioenas subvinacea,Torcaza colorada,Aves,3095
64793313,b9b71273-445c-44c7-9b70-db6bdd7860a8,2013/11/29 6:42 AM EST,2013-11-29,2013-11-29 11:42:00 UTC,Eastern Time (US & Canada),254559,tmurray74,Tom Murray,2020-11-13 15:07:49 UTC,2020-11-13 20:58:14 UTC,research,CC-BY-NC,https://www.inaturalist.org/observations/64793313,https://inaturalist-open-data.s3.amazonaws.com/photos/104228132/medium.jpeg,,"",,1,0,false,," Yellow House Trail & Lodge (Casa Amarilla), Mindo, Ecuador",-0.0512537,-78.7723046,218,,,,218,,open,false,,,Ruddy Pigeon,Patagioenas subvinacea,Torcaza colorada,Aves,3095
65081571,8359fd85-47b5-46d5-bc00-932865977b6a,2020/11/15 8:05 AM -0500,2020-11-15,2020-11-15 13:05:00 UTC,Bogota,1236467,smejiadu,Santi MD,2020-11-17 16:22:51 UTC,2020-11-17 16:26:27 UTC,research,CC-BY-NC,https://www.inaturalist.org/observations/65081571,https://inaturalist-open-data.s3.amazonaws.com/photos/104726050/medium.jpeg,,"","",1,0,false,,"Santa Rosa de Osos, Antioquia, Colombia",6.8028916667,-75.5602116667,,,,,,,open,false,,,Ruddy Pigeon,Patagioenas subvinacea,Torcaza colorada,Aves,3095
65238003,a083a3ad-3216-452c-a18d-e1ab68b5ec83,2017/08/22 5:22 PM -0300,2017-08-22,2017-08-22 20:22:00 UTC,Brasilia,3141256,vkurtlo,Vincent,2020-11-19 21:39:59 UTC,2020-11-19 22:10:01 UTC,research,,https://www.inaturalist.org/observations/65238003,https://static.inaturalist.org/photos/104965665/medium.jpg,,"","",1,0,false,,"Manaus - AM, Brasil",-2.7790533333,-60.1614316667,,,,,,,open,false,,,Ruddy Pigeon,Patagioenas subvinacea,Torcaza colorada,Aves,3095
65331185,b7542588-0e2c-44ae-95cd-9fbc0421a180,2020-11-18 9:35:58 AM GMT-05:00,2020-11-18,2020-11-18 19:35:58 UTC,Eastern Time (US & Canada),2457464,eimernorbertogonzlezperez,Eimer González perez,2020-11-21 14:10:58 UTC,2024-08-05 15:34:07 UTC,needs_id,,https://www.inaturalist.org/observations/65331185,,https://static.inaturalist.org/sounds/150000.wav?1605967979,"",,0,0,false,2,"Otanche, Boyacá, Colombia",5.82527349,-74.13348279,10,,,,10,,open,false,,,Torcaza colorada,Patagioenas subvinacea,Torcaza colorada,Aves,3095
66481677,402ceb61-f5f9-4eac-ab20-fa686b20bc25,2020/12/05 4:28 PM -0500,2020-12-05,2020-12-05 21:28:00 UTC,Quito,1428321,dawicho,David Torres,2020-12-12 20:41:06 UTC,2024-08-03 16:53:00 UTC,research,CC-BY-NC,https://www.inaturalist.org/observations/66481677,,https://static.inaturalist.org/sounds/153501.m4a?1607805621,"",,1,0,false,,"Pedro Vicente Maldonado, Ecuador",0.0772616398,-79.0414178915,8,,,,8,,open,false,,,Ruddy Pigeon,Patagioenas subvinacea,Torcaza colorada,Aves,3095
66481795,9ca53ca5-22e9-4a9d-8eec-22e7c126e2bd,2020/12/06 8:06 AM -05,2020-12-06,2020-12-06 13:06:00 UTC,Quito,1428321,dawicho,David Torres,2020-12-12 20:44:49 UTC,2024-08-01 10:00:20 UTC,research,CC-BY-NC,https://www.inaturalist.org/observations/66481795,,https://static.inaturalist.org/sounds/153502.m4a?1607805814,"",,1,0,false,,"Pedro Vicente Maldonado, Ecuador",0.1444215062,-79.1398985161,15,,,,15,,open,false,,,Ruddy Pigeon,Patagioenas subvinacea,Torcaza colorada,Aves,3095
66489385,776d6243-524f-4580-a27b-be140711efd9,2020/12/07 6:44 AM -0500,2020-12-07,2020-12-07 11:44:00 UTC,Quito,1428321,dawicho,David Torres,2020-12-12 23:12:50 UTC,2020-12-12 23:12:50 UTC,needs_id,CC-BY-NC,https://www.inaturalist.org/observations/66489385,https://inaturalist-open-data.s3.amazonaws.com/photos/107195732/medium.jpg,,"",,0,0,false,,"Pedro Vicente Maldonado, Ecuador",0.0771846801,-79.0414117083,8,,,,8,,open,false,,,Ruddy Pigeon,Patagioenas subvinacea,Torcaza colorada,Aves,3095
66669189,eed3742a-f79b-4f79-8afc-ba68defa82bc,2020/12/12 9:43 AM -0400,2020-12-12,2020-12-12 13:43:00 UTC,La Paz,1028190,naturesebas,Sebastián Vizcarra,2020-12-16 20:43:43 UTC,2020-12-16 21:38:58 UTC,research,,https://www.inaturalist.org/observations/66669189,https://static.inaturalist.org/photos/107524887/medium.jpeg,,"",,1,0,false,,"Distrito Metropolitano de Quito, Ecuador",0.2043485719,-78.7520424633,244,,,,244,,open,false,,,Ruddy Pigeon,Patagioenas subvinacea,Torcaza colorada,Aves,3095
66897003,d3331ba6-8ae1-4082-88d1-f3226a3c1276,2020/12/19 11:00 AM UTC,2020-12-19,2020-12-19 11:00:00 UTC,UTC,1519434,mickaelagallo,Mickaela Gallo,2020-12-21 23:51:50 UTC,2020-12-22 03:09:41 UTC,research,,https://www.inaturalist.org/observations/66897003,https://static.inaturalist.org/photos/107947035/medium.jpeg,,"","",1,0,false,,"canton, Archidona, Ecuador",-0.5438576,-77.6288304,212,,,,212,,open,false,,,Ruddy Pigeon,Patagioenas subvinacea,Torcaza colorada,Aves,3095
67176703,1d39b0ee-590c-4916-9434-f2902d14feac,2019/09/21 10:13 AM EDT,2019-09-21,2019-09-21 14:13:00 UTC,Eastern Time (US & Canada),785045,josh_vandermeulen,Josh van der Meulen,2020-12-28 04:10:41 UTC,2020-12-28 13:54:12 UTC,research,CC-BY-NC-ND,https://www.inaturalist.org/observations/67176703,https://inaturalist-open-data.s3.amazonaws.com/photos/108470875/medium.jpg,,"",,1,0,false,,"San Miguel de los Bancos, Ecuador",-0.0509945059,-78.772213108,31,,,,31,,open,false,,,Ruddy Pigeon,Patagioenas subvinacea,Torcaza colorada,Aves,3095
67220965,dc9158ba-4129-4632-abd9-3def35d7958a,2020/12/27 7:40 AM -0500,2020-12-27,2020-12-27 12:40:00 UTC,Quito,1428321,dawicho,David Torres,2020-12-29 00:09:12 UTC,2021-10-18 17:54:28 UTC,research,CC-BY-NC,https://www.inaturalist.org/observations/67220965,https://inaturalist-open-data.s3.amazonaws.com/photos/108549091/medium.jpg,,"",,1,0,false,,"Santo Domingo, Ecuador",-0.2689896812,-78.7856777654,15,,,,15,,open,false,,,Torcaza colorada,Patagioenas subvinacea,Torcaza colorada,Aves,3095
67894560,c5d77047-09fc-4efa-a924-532f3756d2c2,2020/12/20 1:02 PM -0500,2020-12-20,2020-12-20 18:02:00 UTC,Lima,2627643,monroyfotografo,David Monroy R,2021-01-11 04:11:47 UTC,2021-01-11 21:52:02 UTC,research,CC-BY-NC,https://www.inaturalist.org/observations/67894560,https://inaturalist-open-data.s3.amazonaws.com/photos/109810126/medium.jpg,,"",,1,0,false,,"EL Danubio, Buenaventura, Valle del Cauca, Colombia",3.6161,-76.884,,,,,,,open,false,,,Torcaza colorada,Patagioenas subvinacea,Torcaza colorada,Aves,3095
68036417,7cfe3f9a-5d1b-4ef9-8409-10f4e1b25073,2021/01/09 7:48 AM -0500,2021-01-09,2021-01-09 12:48:00 UTC,Quito,780896,rudygelis,Rudy Gelis,2021-01-14 03:28:05 UTC,2021-01-14 13:32:47 UTC,research,,https://www.inaturalist.org/observations/68036417,https://static.inaturalist.org/photos/110073476/medium.jpeg,,"",,1,0,false,,"Quijos, Ecuador",-0.4576757054,-77.860559987,624,,,,624,,open,false,,,Ruddy Pigeon,Patagioenas subvinacea,Torcaza colorada,Aves,3095
68562311,49bdaa9e-3cc4-4573-90f9-835cd4000b1c,2021/01/24 2:42 PM -05,2021-01-24,2021-01-24 19:42:00 UTC,Quito,1477175,yantzafarm,"Yantza Farm, Zamora-Chinchipe, Ecuador",2021-01-24 20:17:43 UTC,2022-03-20 01:17:17 UTC,research,CC-BY-NC,https://www.inaturalist.org/observations/68562311,https://inaturalist-open-data.s3.amazonaws.com/photos/111049445/medium.jpg,,"",,2,0,false,,"Yantzaza Canton, Ecuador",-3.7515369462,-78.6307473065,208,,,,208,,open,false,,,Ruddy Pigeon,Patagioenas subvinacea,Torcaza colorada,Aves,3095
68758973,68114a16-1c96-42db-bccc-43c299ffad76,2021/01/27 10:13 AM -0400,2021-01-27,2021-01-27 14:13:00 UTC,La Paz,769183,layme,Ruben D. Layme,2021-01-29 13:28:34 UTC,2021-01-29 14:19:45 UTC,research,CC-BY-NC,https://www.inaturalist.org/observations/68758973,https://inaturalist-open-data.s3.amazonaws.com/photos/111417269/medium.jpeg,,"",,1,0,false,,"Vaca Diez, Bolivia",-10.7911339871,-65.7485731828,8,,,,8,,open,false,,,Ruddy Pigeon,Patagioenas subvinacea,Torcaza colorada,Aves,3095
68938469,3e4ef8ec-d8f0-4be2-9cf1-c714c747cf71,2021/01/27 1:04 PM -0400,2021-01-27,2021-01-27 17:04:00 UTC,Caracas,1822892,ozzhernandez,Oswaldo Hernández,2021-02-01 23:58:16 UTC,2021-02-09 16:08:37 UTC,research,CC-BY-NC,https://www.inaturalist.org/observations/68938469,https://inaturalist-open-data.s3.amazonaws.com/photos/111750887/medium.jpg,,"",,1,0,false,,"3028, Lara, Venezuela",9.7069596,-69.5769418,198,,,,198,,open,false,,,Torcaza colorada,Patagioenas subvinacea,Torcaza colorada,Aves,3095
68981281,8c2bf57a-2958-42d5-9975-2e4a07cfa570,2021/01/28 1:30 PM -0400,2021-01-28,2021-01-28 17:30:00 UTC,Caracas,1822892,ozzhernandez,Oswaldo Hernández,2021-02-03 00:05:03 UTC,2021-02-03 14:12:38 UTC,research,CC-BY-NC,https://www.inaturalist.org/observations/68981281,https://inaturalist-open-data.s3.amazonaws.com/photos/111829296/medium.jpg,,"",,1,0,false,,"3028, Lara, Venezuela",9.7069596,-69.5769418,198,,,,198,,open,false,,,Ruddy Pigeon,Patagioenas subvinacea,Torcaza colorada,Aves,3095
69539956,de65ba3b-8834-4afd-9c4e-0e8d51062725,2019/03/25 3:14 PM CST,2019-03-25,2019-03-25 21:14:00 UTC,Central America,553511,oliverkomar,Oliver Komar,2021-02-14 03:23:09 UTC,2021-03-29 20:18:26 UTC,needs_id,CC-BY-NC,https://www.inaturalist.org/observations/69539956,https://inaturalist-open-data.s3.amazonaws.com/photos/112848235/medium.jpeg,,"",Ruddy Pigeon male?,1,0,false,,"Provincia de Cartago, Turrialba, Costa Rica",9.8320672622,-83.5640954454,28,,,,28,,open,false,,,Ruddy Pigeon,Patagioenas subvinacea,Torcaza colorada,Aves,3095
70015469,2a79dbbe-30a6-4a8a-8f02-b654833cc10c,Mon Feb 22 2021 15:54:09 GMT-0500 (GMT-5),2021-02-22,2021-02-22 20:54:09 UTC,Bogota,3749931,juanbuitragom,Juan Manuel Buitrago Munoz,2021-02-23 01:11:54 UTC,2021-04-14 00:26:33 UTC,research,,https://www.inaturalist.org/observations/70015469,https://static.inaturalist.org/photos/113741078/medium.jpg,,"","",1,0,false,3,"Parque Nacional Natural Selva de Florencia, Samaná, Caldas, CO",5.4296039454,-75.0384547366,71,,,,71,,open,false,,,Ruddy Pigeon,Patagioenas subvinacea,Torcaza colorada,Aves,3095
70060737,3b3887a4-4a2b-4699-93e6-781c52b0cfaf,2015-06-18 7:15:52 AM GMT-04:00,2015-06-18,2015-06-18 10:15:52 UTC,Atlantic Time (Canada),874916,tomaz_melo,Tomaz Nascimento de Melo,2021-02-23 23:01:23 UTC,2023-07-08 21:27:18 UTC,research,CC0,https://www.inaturalist.org/observations/70060737,https://inaturalist-open-data.s3.amazonaws.com/photos/113823651/medium.jpeg,,"","Museu da Amazônia, Manaus, AM, Brasil.",2,0,false,2,"Manaus - AM, Brasil",-3.0027150772,-59.9395900592,189,,,,189,,open,false,gps,gps,Ruddy Pigeon,Patagioenas subvinacea,Torcaza colorada,Aves,3095
70178864,03628b9f-41b8-451d-8770-5e7a8aa03ad0,2021/02/24 10:25 AM -0500,2021-02-24,2021-02-24 15:25:00 UTC,Quito,1461951,estebansuarez_r,Esteban Suárez,2021-02-26 03:06:06 UTC,2021-04-14 00:25:11 UTC,needs_id,,https://www.inaturalist.org/observations/70178864,https://static.inaturalist.org/photos/114036349/medium.jpg,,"",,1,0,false,,"Quininde, Ecuador",0.3900877919,-79.6864580525,15,,,,15,,open,false,,,Ruddy Pigeon,Patagioenas subvinacea,Torcaza colorada,Aves,3095
70354236,f6191215-e108-4202-8f89-14fd9cadf90c,2021-02-28 10:51:46 AM GMT-05:00,2021-02-28,2021-02-28 15:51:46 UTC,America/New_York,2570780,quilicotriste,Esteban Poveda,2021-02-28 22:58:50 UTC,2024-12-16 01:01:06 UTC,research,CC-BY,https://www.inaturalist.org/observations/70354236,https://inaturalist-open-data.s3.amazonaws.com/photos/114354642/medium.jpeg,,"",,1,0,false,2,"Rio Negro, Ecuador",-1.4275371554,-78.2221084088,330,,,,330,,open,false,gps,gps,Ruddy Pigeon,Patagioenas subvinacea,Torcaza colorada,Aves,3095
70369847,95d71a9d-97c6-4d74-ae11-3dba1df4fd3c,2015-08-01 8:09:11 AM GMT-04:00,2015-08-01,2015-08-01 11:09:11 UTC,Atlantic Time (Canada),874916,tomaz_melo,Tomaz Nascimento de Melo,2021-03-01 03:13:47 UTC,2023-07-08 21:26:13 UTC,research,CC0,https://www.inaturalist.org/observations/70369847,https://inaturalist-open-data.s3.amazonaws.com/photos/114384287/medium.jpeg,,"","Ramal do Pau Rosa, Manaus, AM, Brasil.",3,0,false,2,Ramal do Pau Rosa,-2.8012459416,-60.0531775877,212,,,,212,,open,false,gps,gps,Ruddy Pigeon,Patagioenas subvinacea,Torcaza colorada,Aves,3095
70496990,95a835d7-08d4-4cfc-aef9-44e265656a51,2021/01/20 7:50 AM CET,2021-01-20,2021-01-20 06:50:00 UTC,Paris,645653,thibaudaronson,Thibaud Aronson,2021-03-03 13:22:33 UTC,2021-03-03 14:06:01 UTC,research,CC-BY-SA,https://www.inaturalist.org/observations/70496990,https://inaturalist-open-data.s3.amazonaws.com/photos/114618854/medium.jpg,,"",,1,0,false,,Owlet Lodge,-5.695792,-77.811229,1224,,,,1224,,open,false,,,Ruddy Pigeon,Patagioenas subvinacea,Torcaza colorada,Aves,3095
70596530,f55ebbcc-6c39-4c85-ad81-7b2d9ce0c7c5,2021/02/11 6:49 AM -0500,2021-02-11,2021-02-11 11:49:00 UTC,Bogota,86081,camilojotage,Gabriel Camilo Jaramillo Giraldo,2021-03-05 06:18:31 UTC,2021-03-06 20:19:33 UTC,research,CC-BY-NC-SA,https://www.inaturalist.org/observations/70596530,https://inaturalist-open-data.s3.amazonaws.com/photos/114798541/medium.jpeg,,"","",2,0,false,,"Campamento, Antioquia, Colombia",7.1324140311,-75.3281265984,15,,,,15,,open,false,,,Torcaza colorada,Patagioenas subvinacea,Torcaza colorada,Aves,3095
70688412,8c3a8cdf-310d-446b-8fe1-3c91bea3516b,2021/01/15 1:56 PM -0500,2021-01-15,2021-01-15 18:56:00 UTC,Quito,780896,rudygelis,Rudy Gelis,2021-03-06 20:54:18 UTC,2021-03-06 22:26:34 UTC,research,,https://www.inaturalist.org/observations/70688412,https://static.inaturalist.org/photos/114961186/medium.jpeg,,"","",1,0,false,,"San Miguel de los Bancos, Ecuador",-0.0519785649,-78.7721080952,430,,,,430,,open,false,,,Torcaza colorada,Patagioenas subvinacea,Torcaza colorada,Aves,3095
70844969,706c6e36-97fc-4053-8bf2-c5734176e397,2019/12/17 ,2019-12-17,,Eastern Time (US & Canada),785045,josh_vandermeulen,Josh van der Meulen,2021-03-08 23:48:41 UTC,2024-10-25 13:02:43 UTC,research,CC-BY-NC-ND,https://www.inaturalist.org/observations/70844969,,https://static.inaturalist.org/sounds/170361.m4a?1615247288,"",,1,0,false,,"Puerto Quito, Ecuador",0.1447570622,-79.1424591399,15,,,,15,,open,false,,,Ruddy Pigeon,Patagioenas subvinacea,Torcaza colorada,Aves,3095
71006821,51aeb217-c575-43cd-bf03-932bae28b02f,2021-02-18 1:55:00 PM GMT-05:00,2021-02-18,2021-02-18 18:55:00 UTC,America/New_York,3546244,leandrorzc,Leandro Ramírez Zuluaga,2021-03-11 16:58:48 UTC,2021-03-12 14:42:03 UTC,research,,https://www.inaturalist.org/observations/71006821,https://static.inaturalist.org/photos/115535785/medium.jpeg,,"",,1,0,false,2,"Samaná, Caldas, Colombia",5.4296554791,-75.0376312807,58,,,,58,,open,false,gps,gps,Torcaza colorada,Patagioenas subvinacea,Torcaza colorada,Aves,3095
71527194,9cb7764b-72ca-4d67-9309-73cf27bb87e6,2021/03/09 8:45 AM CST,2021-03-09,2021-03-09 14:45:00 UTC,Central America,180095,mrbirding,Diego Ramírez,2021-03-19 02:30:18 UTC,2021-06-11 02:14:53 UTC,research,CC-BY-NC,https://www.inaturalist.org/observations/71527194,https://inaturalist-open-data.s3.amazonaws.com/photos/116468631/medium.jpeg,,"","",1,0,false,,"San José, Copey, Costa Rica",9.5732860331,-83.8502374736,244,,,,244,,open,false,,,Ruddy Pigeon,Patagioenas subvinacea,Torcaza colorada,Aves,3095
71941942,abdb35d3-d731-4d55-ac09-65dd30f4d3b4,2015-11-06 4:23:21 PM GMT-04:00,2015-11-06,2015-11-06 20:23:21 UTC,Atlantic Time (Canada),874916,tomaz_melo,Tomaz Nascimento de Melo,2021-03-24 12:45:19 UTC,2023-07-08 21:22:36 UTC,research,CC0,https://www.inaturalist.org/observations/71941942,https://inaturalist-open-data.s3.amazonaws.com/photos/117210821/medium.jpeg,,"","Museu da Amazônia, Manaus, AM, Brasil.",2,0,false,2,"Manaus - AM, Brasil",-3.0029343815,-59.9397395924,189,,,,189,,open,false,gps,gps,Ruddy Pigeon,Patagioenas subvinacea,Torcaza colorada,Aves,3095
72269369,a525c7c6-10c3-4551-bd5d-c6c4ad80267b,2018/04/09 ,2018-04-09,,Brasilia,4140797,luciano_bernardes,Luciano Bernardes,2021-03-28 15:09:48 UTC,2024-10-27 16:50:39 UTC,research,CC-BY-NC,https://www.inaturalist.org/observations/72269369,https://inaturalist-open-data.s3.amazonaws.com/photos/117798057/medium.jpg,https://static.inaturalist.org/sounds/178265.mp3?1616944175,"",,2,0,false,," Musa Jardim Botânico, Manaus - AM, Brasil",-3.0032475,-59.9396902,211,,,,211,,open,false,,,Ruddy Pigeon,Patagioenas subvinacea,Torcaza colorada,Aves,3095
73245920,d9e74bde-313d-40c2-bc5a-b6687777ab06,2011/08/06 1:51 PM EDT,2011-08-06,2011-08-06 17:51:00 UTC,Eastern Time (US & Canada),2216810,neil_mass,Neil Rosser,2021-04-07 23:44:41 UTC,2021-04-19 04:16:03 UTC,research,CC-BY-NC,https://www.inaturalist.org/observations/73245920,https://inaturalist-open-data.s3.amazonaws.com/photos/119562309/medium.jpeg,,"",,2,0,false,,"Loreto Province, Peru",-5.202128,-75.519067,,,,,,,open,false,,,Ruddy Pigeon,Patagioenas subvinacea,Torcaza colorada,Aves,3095
73387530,6e0bddd3-0a03-4b08-b68a-ccbe0a4353f4,2010/09/06 9:05 AM MDT,2010-09-06,2010-09-06 15:05:00 UTC,Mountain Time (US & Canada),122831,chartuso,Christian Artuso,2021-04-09 14:07:08 UTC,2021-04-10 00:01:17 UTC,research,CC-BY-NC-ND,https://www.inaturalist.org/observations/73387530,https://inaturalist-open-data.s3.amazonaws.com/photos/58893726/medium.jpg,,"","",2,0,false,,"between Pilcopata and Atalaya on Manu Rd, Peru",-12.676389,-71.242361,3000,,,,3000,,open,false,,,Ruddy Pigeon,Patagioenas subvinacea,Torcaza colorada,Aves,3095
74037230,9a9b6d7f-b22d-4ebf-bede-e535c85f4294,2017/11/19 2:38 PM -0500,2017-11-19,2017-11-19 19:38:00 UTC,Lima,776227,edson_guilherme,Edson Guilherme,2021-04-15 13:01:10 UTC,2021-04-15 18:18:05 UTC,research,CC-BY-NC,https://www.inaturalist.org/observations/74037230,https://inaturalist-open-data.s3.amazonaws.com/photos/120958812/medium.jpg,,"",,1,0,false,,"Floresta Estadual do Antimary - Sena Madureira - State of Acre, Brazil",-9.2362108973,-68.3445121751,977,,,,977,,open,false,,,Ruddy Pigeon,Patagioenas subvinacea,Torcaza colorada,Aves,3095
74309911,411dc86f-4ac2-4114-84bd-cc5a58015bdc,2021-04-17 9:44:27 AM GMT-05:00,2021-04-17,2021-04-17 14:44:27 UTC,Bogota,2570780,quilicotriste,Esteban Poveda,2021-04-17 23:45:28 UTC,2024-12-16 01:05:53 UTC,research,CC-BY,https://www.inaturalist.org/observations/74309911,https://inaturalist-open-data.s3.amazonaws.com/photos/121432312/medium.jpeg,,"",,2,0,false,2,Río Negro,-1.4251185525,-78.2180820778,330,,,,330,,open,false,gps,gps,Torcaza colorada,Patagioenas subvinacea,Torcaza colorada,Aves,3095
76501680,d04738bb-539b-482d-8567-bb5aad283d33,2016/03/09 10:07 PM CET,2016-03-09,2016-03-09 21:07:00 UTC,Paris,3880982,sooty-2000-falcon,Winfried Daunicht,2021-05-02 12:06:17 UTC,2021-05-03 17:52:28 UTC,research,CC-BY-NC,https://www.inaturalist.org/observations/76501680,https://inaturalist-open-data.s3.amazonaws.com/photos/125137732/medium.jpg,,"",,1,0,false,,"Provinz Cartago, Costa Rica",9.7839737103,-83.7517619133,73,,,,73,,open,false,,,Ruddy Pigeon,Patagioenas subvinacea,Torcaza colorada,Aves,3095
78598273,6dbbc571-5002-402e-8ac3-8015fda05002,2015/05/28 11:39 AM -0500,2015-05-28,2015-05-28 16:39:00 UTC,Lima,3453110,edwinmunera,Edwin Múnera Chavarría,2021-05-13 17:29:23 UTC,2021-05-15 14:48:21 UTC,research,CC-BY-NC,https://www.inaturalist.org/observations/78598273,https://inaturalist-open-data.s3.amazonaws.com/photos/128647794/medium.jpeg,,"","",1,0,false,,"San José Del Guaviare, Guaviare, Colombia",2.5721149472,-72.6919683265,31,,,,31,,open,false,,,Torcaza colorada,Patagioenas subvinacea,Torcaza colorada,Aves,3095
78723904,0ec2932c-9a35-4fbf-b12f-abfdd551b949,2016/10/11 1:49 PM -0500,2016-10-11,2016-10-11 18:49:00 UTC,Lima,3453110,edwinmunera,Edwin Múnera Chavarría,2021-05-14 17:50:02 UTC,2021-05-14 17:50:02 UTC,needs_id,CC-BY-NC,https://www.inaturalist.org/observations/78723904,https://inaturalist-open-data.s3.amazonaws.com/photos/128868856/medium.jpeg,,"","",0,0,false,,"Dagua, Valle del Cauca, Colombia",3.5319387443,-76.7574872756,31,,,,31,,open,false,,,Patagioenas subvinacea,Patagioenas subvinacea,Torcaza colorada,Aves,3095
79625975,5f6afa64-ce50-4898-bf57-bac1fc7ed93f,2004/02/25 8:29 AM EST,2004-02-25,2004-02-25 13:29:00 UTC,Eastern Time (US & Canada),800658,mangoverde,William Hull,2021-05-21 10:43:53 UTC,2021-05-21 17:59:40 UTC,research,CC-BY-NC,https://www.inaturalist.org/observations/79625975,https://inaturalist-open-data.s3.amazonaws.com/photos/130436353/medium.jpeg,,"","",2,0,false,,"Shushufindi, Ecuador",-0.4969243379,-76.3715796249,1904,,,,1904,,open,false,,,Ruddy Pigeon,Patagioenas subvinacea,Torcaza colorada,Aves,3095
79733193,89851416-cd18-443c-928a-90f08edb1595,2021/05/10 9:36 AM -05,2021-05-10,2021-05-10 14:36:00 UTC,Quito,780896,rudygelis,Rudy Gelis,2021-05-22 04:14:11 UTC,2024-07-31 21:18:20 UTC,needs_id,,https://www.inaturalist.org/observations/79733193,,https://static.inaturalist.org/sounds/229113.wav?1621656295,"",,0,0,false,,"Tena, Ecuador",-0.811091051,-77.5674637418,1027,,,,1027,,open,false,,,Patagioenas subvinacea,Patagioenas subvinacea,Torcaza colorada,Aves,3095
80758098,e2af1f57-529d-4018-bea6-f70dd2befb29,2021-05-23 14:22:44,2021-05-23,2021-05-23 19:22:44 UTC,UTC,793889,ecuadornaturetours,Nelson Apolo,2021-05-29 17:23:21 UTC,2023-05-30 23:25:57 UTC,research,CC-BY-NC,https://www.inaturalist.org/observations/80758098,https://inaturalist-open-data.s3.amazonaws.com/photos/132389540/medium.jpeg,,"",,1,0,false,2,"Pedro Vicente Maldonado, Ecuador",0.1353525229,-79.1398952901,200,,,,200,,open,false,gps,gps,Ruddy Pigeon,Patagioenas subvinacea,Torcaza colorada,Aves,3095
80955238,7fbb9230-9331-4c90-b7d8-38b164e6fa21,2020/01/31 7:59 AM EST,2020-01-31,2020-01-31 12:59:00 UTC,Eastern Time (US & Canada),404534,ziggypop74,Tristan Jobin,2021-05-30 22:15:10 UTC,2023-09-14 17:16:48 UTC,needs_id,CC-BY,https://www.inaturalist.org/observations/80955238,https://inaturalist-open-data.s3.amazonaws.com/photos/132726991/medium.jpeg,,"","",0,0,false,,"Shushufindi, Ecuador",-0.4670915479,-76.3124510226,2753,,,,2753,,open,false,,,Ruddy Pigeon,Patagioenas subvinacea,Torcaza colorada,Aves,3095
82945339,9394a34f-8491-4672-aed3-cfdea594ba6e,2019/06/22 6:56 AM +0800,2019-06-22,2019-06-21 22:56:00 UTC,Singapore,4417823,mike_hooper,Mike Hooper,2021-06-14 02:03:23 UTC,2022-01-14 23:16:41 UTC,research,CC-BY-NC,https://www.inaturalist.org/observations/82945339,https://static.inaturalist.org/photos/136180695/medium.jpg,,"",,2,0,false,,"San José Province, Dota, Costa Rica",9.5512809695,-83.8050359207,218,,,,218,,open,false,,,Ruddy Pigeon,Patagioenas subvinacea,Torcaza colorada,Aves,3095
83187378,da66a14c-198a-4292-82dc-0cd957de2428,2019/03/26 9:55 AM EDT,2019-03-26,2019-03-26 13:55:00 UTC,Eastern Time (US & Canada),404534,ziggypop74,Tristan Jobin,2021-06-15 21:40:04 UTC,2023-09-14 17:16:48 UTC,research,CC-BY,https://www.inaturalist.org/observations/83187378,https://inaturalist-open-data.s3.amazonaws.com/photos/136600494/medium.jpeg,,"Ruddy Pigeon, NEOTROPICALS",,1,0,false,,"2 Km from Y of Mindo, towards the town on Mindo, Mindo 170751, Ecuador",-0.0303199,-78.7638854,471,,,,471,,open,false,,,Ruddy Pigeon,Patagioenas subvinacea,Torcaza colorada,Aves,3095
83187392,fe87333b-ab06-4c87-8d30-3d8b06d3daf3,2019/03/26 12:27 PM EDT,2019-03-26,2019-03-26 16:27:00 UTC,Eastern Time (US & Canada),404534,ziggypop74,Tristan Jobin,2021-06-15 21:40:08 UTC,2023-09-14 17:16:48 UTC,research,CC-BY,https://www.inaturalist.org/observations/83187392,https://inaturalist-open-data.s3.amazonaws.com/photos/136600742/medium.jpeg,,"Ruddy Pigeon, NEOTROPICALS",,1,0,false,,"2 Km from Y of Mindo, towards the town on Mindo, Mindo 170751, Ecuador",-0.0303199,-78.7638854,471,,,,471,,open,false,,,Ruddy Pigeon,Patagioenas subvinacea,Torcaza colorada,Aves,3095
83191263,5eb8c0ec-99c5-4afb-96ef-b0e62e5443bb,2019/03/27 2:33 PM EDT,2019-03-27,2019-03-27 18:33:00 UTC,Eastern Time (US & Canada),404534,ziggypop74,Tristan Jobin,2021-06-15 22:13:43 UTC,2023-09-14 17:16:48 UTC,needs_id,CC-BY,https://www.inaturalist.org/observations/83191263,https://inaturalist-open-data.s3.amazonaws.com/photos/136607458/medium.jpeg,,"","",0,0,false,,"Puerto Quito, Ecuador",0.1519918797,-79.2653959727,530,,,,530,,open,false,,,Ruddy Pigeon,Patagioenas subvinacea,Torcaza colorada,Aves,3095
85056495,43e0639e-036e-498f-b9f6-d0f0af542731,2019/01/27 10:35 AM UTC,2019-01-27,2019-01-27 10:35:00 UTC,UTC,4066201,davgarrigues,David Garrigues,2021-06-30 04:26:56 UTC,2021-09-07 00:36:40 UTC,research,CC-BY-NC,https://www.inaturalist.org/observations/85056495,https://inaturalist-open-data.s3.amazonaws.com/photos/139881784/medium.jpg,,"",,1,0,false,,"San José, Santa María, Costa Rica",9.6085917,-83.822392,200,,,,200,,open,false,,,Ruddy Pigeon,Patagioenas subvinacea,Torcaza colorada,Aves,3095
85056497,495c18d5-9a5c-4e8f-b28f-7ba6e3d90a71,2019/07/28 8:43 AM UTC,2019-07-28,2019-07-28 08:43:00 UTC,UTC,4066201,davgarrigues,David Garrigues,2021-06-30 04:26:57 UTC,2021-06-30 11:16:55 UTC,research,CC-BY-NC,https://www.inaturalist.org/observations/85056497,https://inaturalist-open-data.s3.amazonaws.com/photos/139881849/medium.jpg,,"",,1,0,false,,"Provincia de Alajuela, Alajuela, Costa Rica",10.2099637,-84.1692762,176,,,,176,,open,false,,,Ruddy Pigeon,Patagioenas subvinacea,Torcaza colorada,Aves,3095
85056498,1c605262-9320-414d-be12-823836582633,2020/06/02 8:52 AM UTC,2020-06-02,2020-06-02 08:52:00 UTC,UTC,4066201,davgarrigues,David Garrigues,2021-06-30 04:26:57 UTC,2022-01-14 23:15:49 UTC,research,CC-BY-NC,https://www.inaturalist.org/observations/85056498,https://inaturalist-open-data.s3.amazonaws.com/photos/139881919/medium.jpg,,"",,2,0,false,,"Provincia de Cartago, Costa Rica",9.7590409,-83.7836918,206,,,,206,,open,false,,,Ruddy Pigeon,Patagioenas subvinacea,Torcaza colorada,Aves,3095
85155697,1474a1a9-4094-4149-b3ca-a84d53486bb3,2019/03/26 8:24 AM UTC,2019-03-26,2019-03-26 08:24:00 UTC,UTC,1930242,ninawenoli,NINA WENÓLI,2021-07-01 00:35:55 UTC,2021-08-03 02:12:01 UTC,research,CC0,https://www.inaturalist.org/observations/85155697,https://inaturalist-open-data.s3.amazonaws.com/photos/140063047/medium.jpg,,"",,1,0,false,,"Estrada de Novo Airão AM 352, Km 10, s/n - Zona Rural, Manacapuru - AM, 69400-000, Brasil",-3.198276,-60.6824378,197,,,,197,,open,false,,,Ruddy Pigeon,Patagioenas subvinacea,Torcaza colorada,Aves,3095
85687997,f7a3df76-6e05-42b8-a722-7a300df0ad3f,2021-07-03 9:16:51 AM GMT-05:00,2021-07-03,2021-07-03 09:16:51 UTC,UTC,2570780,quilicotriste,Esteban Poveda,2021-07-04 22:15:04 UTC,2024-12-16 01:11:01 UTC,research,CC-BY,https://www.inaturalist.org/observations/85687997,https://inaturalist-open-data.s3.amazonaws.com/photos/141025613/medium.jpeg,,"",,1,0,false,2,"Rio Negro, Ecuador",-1.4244126793,-78.2184837386,330,,,,330,,open,false,,,Torcaza colorada,Patagioenas subvinacea,Torcaza colorada,Aves,3095
89556068,7e673bf8-1f29-4583-9988-5c95fa687896,2021/07/24 3:23 PM UTC,2021-07-24,2021-07-24 15:23:00 UTC,UTC,4811870,douglascook,,2021-08-01 22:06:03 UTC,2022-08-22 23:40:28 UTC,research,CC-BY-NC,https://www.inaturalist.org/observations/89556068,https://inaturalist-open-data.s3.amazonaws.com/photos/147902672/medium.jpg,,"",,2,0,false,,"Oxapampa Province, Peru",-10.5462752979,-75.3714602416,2,,,,2,,open,false,,,Ruddy Pigeon,Patagioenas subvinacea,Torcaza colorada,Aves,3095
90287725,f556f298-2429-4b5c-8086-ea80a3fbc591,2021/07/31 5:20 PM UTC,2021-07-31,2021-07-31 17:20:00 UTC,UTC,4811870,douglascook,,2021-08-07 17:53:33 UTC,2022-08-22 23:40:28 UTC,research,CC-BY-NC,https://www.inaturalist.org/observations/90287725,https://inaturalist-open-data.s3.amazonaws.com/photos/149202463/medium.jpg,,"",,2,0,false,,"Oxapampa Province, Peru",-10.5465594735,-75.3716071852,4,,,,4,,open,false,,,Ruddy Pigeon,Patagioenas subvinacea,Torcaza colorada,Aves,3095
90345170,7c50baf7-dc8f-4e2b-86ba-1da4e932bd27,2021-04-22 06:55:59,2021-04-22,2021-04-22 11:55:59 UTC,Lima,4777366,mauricioregalado,Mauricio Regalado,2021-08-08 02:28:25 UTC,2021-08-14 00:05:04 UTC,research,CC-BY-NC,https://www.inaturalist.org/observations/90345170,https://inaturalist-open-data.s3.amazonaws.com/photos/149306209/medium.jpeg,,"",,1,0,false,2,"+593 Tulipe, Ecuador",0.0886905584,-78.7352297455,210,,,,210,,open,false,gps,gps,Ruddy Pigeon,Patagioenas subvinacea,Torcaza colorada,Aves,3095
90948744,46a41789-14d4-4373-b9fd-5404a99e8e2f,2021/08/12 4:20 PM UTC,2021-08-12,2021-08-12 16:20:00 UTC,UTC,1409077,ymber_flores,Ymber Flores B,2021-08-13 00:35:37 UTC,2021-08-24 03:00:03 UTC,research,CC-BY-NC,https://www.inaturalist.org/observations/90948744,https://inaturalist-open-data.s3.amazonaws.com/photos/150366539/medium.jpeg,,"",,1,0,false,,"laura rosa, Pucallpa, Perú",-8.3758069979,-74.5670018254,244,,,,244,,open,false,,,Torcaza colorada,Patagioenas subvinacea,Torcaza colorada,Aves,3095
90962848,506b372b-d460-4f4a-9d8f-cd08d27b0c84,2021/04/01 9:59 AM -0500,2021-04-01,2021-04-01 14:59:00 UTC,Lima,2627643,monroyfotografo,David Monroy R,2021-08-13 04:02:06 UTC,2021-11-17 17:55:45 UTC,research,CC-BY-NC,https://www.inaturalist.org/observations/90962848,https://inaturalist-open-data.s3.amazonaws.com/photos/169234094/medium.jpg,,"","",1,0,false,,"Palestina-Mocoa, Palestina, Huila, Colombia",1.702,-76.184,,,,,,,open,false,,,Patagioenas subvinacea,Patagioenas subvinacea,Torcaza colorada,Aves,3095
91342374,af121e00-0f0b-4be3-93f3-03df55cbb7cb,2021/07/29 5:52 PM MDT,2021-07-29,2021-07-29 23:52:00 UTC,Mountain Time (US & Canada),265030,nickmoore91,Nick Moore,2021-08-15 23:24:27 UTC,2023-01-10 23:06:53 UTC,needs_id,CC0,https://www.inaturalist.org/observations/91342374,https://inaturalist-open-data.s3.amazonaws.com/photos/151067357/medium.jpg,,"",,0,0,false,,"Guayabetal, Cundinamarca, Colombia",4.2555180327,-73.8132906282,102,,,,102,,open,false,,,Ruddy Pigeon,Patagioenas subvinacea,Torcaza colorada,Aves,3095
92377151,7ff5264d-b84b-4a3c-8887-e35943e27b11,2021/08/10 7:53 AM -0500,2021-08-10,2021-08-10 12:53:00 UTC,Quito,1341924,glendapozo,Glenda Pozo,2021-08-24 17:06:10 UTC,2021-08-24 18:09:40 UTC,research,CC-BY-NC,https://www.inaturalist.org/observations/92377151,https://inaturalist-open-data.s3.amazonaws.com/photos/152947260/medium.jpeg,,"",,1,0,false,,"Cuyabeno, Ecuador",-0.0243281004,-76.1816705778,188,,,,188,,open,false,,,Torcaza colorada,Patagioenas subvinacea,Torcaza colorada,Aves,3095
93732912,bea2a119-4d58-4226-8784-e2e34faef609,2021-09-01 10:54:04,2021-09-01,2021-09-01 15:54:04 UTC,UTC,2527636,javierarias29,Javier Arias Bird Watcher Guide,2021-09-05 16:19:37 UTC,2021-09-06 18:40:38 UTC,research,,https://www.inaturalist.org/observations/93732912,https://static.inaturalist.org/photos/155392600/medium.jpeg,,"",,1,0,false,2,"Mindo, Ecuador",-0.0501821339,-78.7817840575,,,,,,,open,false,gps,gps,Torcaza colorada,Patagioenas subvinacea,Torcaza colorada,Aves,3095
93802113,2890330c-bc7f-4f0d-bac2-900dc7213c50,2021/09/05 9:03 AM -0300,2021-09-05,2021-09-05 12:03:00 UTC,Brasilia,1801165,siddantas,Sidnei Dantas,2021-09-06 00:39:40 UTC,2025-07-10 23:39:54 UTC,research,CC-BY-SA,https://www.inaturalist.org/observations/93802113,https://inaturalist-open-data.s3.amazonaws.com/photos/155515748/medium.jpeg,,"","",1,0,false,,Brazil - MT - Alta Floresta - Cristalino Lodge,-9.5976042826,-55.9318649978,977,,,,977,,open,false,,,Pomba-botafogo,Patagioenas subvinacea,Torcaza colorada,Aves,3095
93945417,24b4d477-e420-46b1-872c-883b90f543dc,2014/12/23 7:45 AM PST,2014-12-23,2014-12-23 15:45:00 UTC,Pacific Time (US & Canada),276276,cgbc,Cole Gaerber,2021-09-07 01:30:47 UTC,2021-09-07 01:30:47 UTC,needs_id,CC-BY-NC,https://www.inaturalist.org/observations/93945417,https://inaturalist-open-data.s3.amazonaws.com/photos/155773328/medium.jpeg,,"","",0,0,false,,Costa Rica,10.3702597966,-84.0904392252,15,,,,31199,obscured,open,true,,,Patagioenas subvinacea subvinacea,Patagioenas subvinacea subvinacea,,Aves,727775
94812165,22fc2517-8c2f-4c4c-9e5f-1c8d12484722,2021/08/07 8:57 AM UTC,2021-08-07,2021-08-07 08:57:00 UTC,UTC,1674817,batfalcon2,Jeffrey Offermann,2021-09-14 12:35:53 UTC,2025-08-08 21:20:14 UTC,research,,https://www.inaturalist.org/observations/94812165,https://static.inaturalist.org/photos/157321922/medium.jpg,,"",,1,0,false,,"El Chaco, Ecuador",-0.3921736,-77.8170711,,,,,,,open,false,,,Ruddy Pigeon,Patagioenas subvinacea,Torcaza colorada,Aves,3095
94868024,ebdf0f33-a223-4f2b-8d4e-54e1d69e2c8a,2021/08/16 5:04 AM UTC,2021-08-16,2021-08-16 05:04:00 UTC,UTC,2486648,benjaminnavas,Benjamin Navas,2021-09-14 21:15:59 UTC,2025-11-14 02:01:49 UTC,research,CC-BY-NC,https://www.inaturalist.org/observations/94868024,https://static.inaturalist.org/photos/157417712/medium.jpeg,,"","",1,0,false,,"Bosque La Esperanza, Manabí, Ecuador",-0.3751824203,-79.6055256252,61,,,,61,,open,false,,,Torcaza colorada,Patagioenas subvinacea,Torcaza colorada,Aves,3095
95700172,77fbd569-3d50-487f-bff2-0fdd04cf6c16,2021/08/02 9:49 AM UTC,2021-08-02,2021-08-02 09:49:00 UTC,UTC,1674817,batfalcon2,Jeffrey Offermann,2021-09-21 21:45:30 UTC,2025-08-08 21:20:14 UTC,research,,https://www.inaturalist.org/observations/95700172,https://static.inaturalist.org/photos/158901292/medium.jpg,,"",,1,0,false,,"San Miguel de los Bancos, Ecuador",-0.05492,-78.86113,,,,,,,open,false,,,Torcaza colorada,Patagioenas subvinacea,Torcaza colorada,Aves,3095
97333085,ae86392f-ec2f-415e-9518-0372e50b0703,2014/10/06 4:32 PM BST,2014-10-06,2014-10-06 15:32:00 UTC,Edinburgh,2513093,ltaylor578,Babbling Birder,2021-10-06 11:23:07 UTC,2022-02-08 10:34:37 UTC,research,CC-BY-NC,https://www.inaturalist.org/observations/97333085,https://inaturalist-open-data.s3.amazonaws.com/photos/161858544/medium.jpg,,"",,1,0,false,,"Mindo Cloud Forest, Ecuador",-0.0528722262,-78.7775335834,61,,,,61,,open,false,,,Torcaza colorada,Patagioenas subvinacea,Torcaza colorada,Aves,3095
98459066,d314a71a-c558-4d94-b3ef-595d6292e0e5,2021/05/15 9:08 AM -0500,2021-05-15,2021-05-15 14:08:00 UTC,Bogota,410330,bioexploradoresfarallones,Bioexploradores Farallones,2021-10-17 05:12:19 UTC,2021-10-17 13:32:24 UTC,research,CC-BY-NC,https://www.inaturalist.org/observations/98459066,https://inaturalist-open-data.s3.amazonaws.com/photos/163917644/medium.jpg,,"aves, columbidae, columbiformes, patagioenas subvinacea",Fotografía: @sebastianberrio,1,0,false,,"Ciudad Bolívar, Antioquia, Colombia",5.8562028249,-76.0983305933,61,,,,61,,open,false,,,Ruddy Pigeon,Patagioenas subvinacea,Torcaza colorada,Aves,3095
99313219,2001db7c-d2ad-4760-a155-7275f7504600,Sat Oct 23 2021 13:29:42 GMT-0500 (GMT-5),2021-10-23,2021-10-23 18:29:42 UTC,Bogota,247323,anna22,Anna Stalcup,2021-10-25 05:04:28 UTC,2021-10-25 18:41:45 UTC,research,,https://www.inaturalist.org/observations/99313219,https://static.inaturalist.org/photos/165530258/medium.jpg,,"","",1,0,false,3,"Vía Calacalí - La Independencia, SN Miguel Bancos, Pichincha, EC",0.1078471667,-79.1665445,,,,,,,open,false,,,Torcaza colorada,Patagioenas subvinacea,Torcaza colorada,Aves,3095
101137811,fcc76960-b77c-487e-b100-1b1646f8705f,2021/04/09 5:53 PM -0300,2021-04-09,2021-04-09 20:53:00 UTC,Brasilia,168878,leonardomercon,Leonardo Merçon,2021-11-14 21:06:34 UTC,2025-10-02 19:36:31 UTC,research,CC-BY-NC,https://www.inaturalist.org/observations/101137811,https://static.inaturalist.org/photos/168808401/medium.jpg,,"","Fotos feitas durante trabalho de registro da expedição BIOTRIPS AMAZÔNIA, realizada pelo parceiro Thiago Silva-Soares. 

* Todos os participantes da expedição fizeram o teste de COVID.",1,0,false,,"Lago Juma, Autazes - State of Amazonas, 69240-000, Brazil",-3.7198908,-59.8237188459,3436,,,,3436,,open,false,,,Pomba-botafogo,Patagioenas subvinacea,Torcaza colorada,Aves,3095
101144251,d2981368-724a-4eb0-9b35-22afdbe9730c,2020/12/31 2:06 PM UTC,2020-12-31,2020-12-31 14:06:00 UTC,UTC,3714647,juan_david_solano_salazar,Juan David Solano Salazar,2021-11-14 22:17:29 UTC,2021-11-20 05:17:06 UTC,research,CC-BY-NC,https://www.inaturalist.org/observations/101144251,https://inaturalist-open-data.s3.amazonaws.com/photos/168872182/medium.jpeg,,"","",1,0,false,,"La Plata, Huila, Colombia",2.1655742922,-76.1537144996,8,,,,8,,open,false,,,Ruddy Pigeon,Patagioenas subvinacea,Torcaza colorada,Aves,3095
101448428,883a28e1-c3d5-4b2f-8b7e-fce5cd1fee74,2018/11/04 6:08 AM UTC,2018-11-04,2018-11-04 06:08:00 UTC,UTC,1031146,cristianyamith,Cristian Yamith Quijano Mosquera,2021-11-19 05:14:01 UTC,2022-08-01 20:35:08 UTC,research,,https://www.inaturalist.org/observations/101448428,https://static.inaturalist.org/photos/169429994/medium.jpeg,,"",,1,0,false,,"Acevedo, Huila, Colombia",1.6160225812,-76.102271453,31,,,,31,,open,false,,,Ruddy Pigeon,Patagioenas subvinacea,Torcaza colorada,Aves,3095
104342313,0e5ea83f-cf29-423e-9d3b-507155d47708,2021/12/18 3:58 PM EST,2021-12-18,2021-12-18 20:58:00 UTC,Eastern Time (US & Canada),12049,gaudettelaura,Laura Gaudette,2022-01-04 13:33:46 UTC,2022-01-04 19:12:16 UTC,needs_id,CC-BY,https://www.inaturalist.org/observations/104342313,https://inaturalist-open-data.s3.amazonaws.com/photos/174816489/medium.jpeg,,"","",0,0,false,,"Acevedo, Huila, Colombia",1.6660316667,-76.1078116667,,,,,,,open,false,,,Ruddy Pigeon,Patagioenas subvinacea,Torcaza colorada,Aves,3095
104343629,8199f354-4b8f-42a1-98dc-be22ca2d19b3,2021/12/18 4:12 AM EST,2021-12-18,2021-12-18 09:12:00 UTC,Eastern Time (US & Canada),12049,gaudettelaura,Laura Gaudette,2022-01-04 14:03:56 UTC,2022-01-04 19:09:48 UTC,research,CC-BY,https://www.inaturalist.org/observations/104343629,https://inaturalist-open-data.s3.amazonaws.com/photos/174819193/medium.jpeg,,"","",1,0,false,,"Acevedo, Huila, Colombia",1.6669355791,-76.1019975925,244,,,,244,,open,false,,,Ruddy Pigeon,Patagioenas subvinacea,Torcaza colorada,Aves,3095
104888457,0c97d12a-d863-4d0d-b7b7-561562b37d13,2017/09/20 10:50 AM -0300,2017-09-20,2017-09-20 13:50:00 UTC,Brasilia,5254179,ingridsessegolo,Ingrid Schumann Sessegolo,2022-01-13 23:26:08 UTC,2023-07-08 04:03:08 UTC,research,CC-BY-NC-SA,https://www.inaturalist.org/observations/104888457,https://inaturalist-open-data.s3.amazonaws.com/photos/175855266/medium.jpg,,"","",2,0,false,,"Torre de observaçao- MUSA-Manaus - AM, Brasil",-3.002419246,-59.939962,189,,,,189,,open,false,,,Pomba-botafogo,Patagioenas subvinacea,Torcaza colorada,Aves,3095
104937073,8b97dfbe-6a7e-4892-b42e-12ac8fd5a176,2022-01-14 08:55:00,2022-01-14,2022-01-14 14:55:00 UTC,Central Time (US & Canada),1451099,lmdalessio,Lorenzo D'Alessio,2022-01-14 22:18:46 UTC,2024-08-03 16:56:03 UTC,research,CC-BY-NC,https://www.inaturalist.org/observations/104937073,,https://static.inaturalist.org/sounds/346472.wav?1642201489,"",,1,0,false,2,Monteverde Cloud Forest Biological Preserve,10.3026397695,-84.7956900671,198,,,,198,,open,false,gps,gps,Ruddy Pigeon,Patagioenas subvinacea,Torcaza colorada,Aves,3095
105356627,a1a06c3e-cef8-4215-82a2-24c9c27608e9,2021/10/26 8:28 AM CEST,2021-10-26,2021-10-26 06:28:00 UTC,Paris,1442162,rob-westerduijn,Rob Westerduijn,2022-01-22 11:26:50 UTC,2022-01-22 12:03:23 UTC,needs_id,CC-BY-NC,https://www.inaturalist.org/observations/105356627,https://inaturalist-open-data.s3.amazonaws.com/photos/176754259/medium.jpeg,,"","",0,0,false,,"Mariscal Cáceres, Peru",-7.3319895725,-76.7683058135,8,,,,8,,open,false,,,Purperduif,Patagioenas subvinacea,Torcaza colorada,Aves,3095
105889677,1d23f125-7738-430e-949e-e275650077df,2022/01/29 7:46 AM -0500,2022-01-29,2022-01-29 12:46:00 UTC,Quito,780896,rudygelis,Rudy Gelis,2022-01-31 04:59:05 UTC,2022-01-31 15:57:03 UTC,research,,https://www.inaturalist.org/observations/105889677,https://static.inaturalist.org/photos/177771852/medium.jpeg,,"",,1,0,false,,"4VV5+XF8, Pedro Vicente Maldonado, Ecuador",0.1449159,-79.1412988,200,,,,200,,open,false,,,Ruddy Pigeon,Patagioenas subvinacea,Torcaza colorada,Aves,3095
105942181,d9983eaf-546e-4fda-a3a9-392693e2dcf9,Fri Jan 21 2022 07:39:53 GMT-0800 (PST),2022-01-21,2022-01-21 15:39:53 UTC,Pacific Time (US & Canada),32912,debaraj,Debara,2022-02-01 02:17:56 UTC,2025-04-19 14:01:45 UTC,needs_id,CC-BY-NC,https://www.inaturalist.org/observations/105942181,https://inaturalist-open-data.s3.amazonaws.com/photos/177874562/medium.jpg,,"","",0,0,false,3,"Aguarico, Orellana, EC",-1.07149005,-76.09647655,49001,,,,49001,,open,false,,,"",Patagioenas subvinacea,Torcaza colorada,Aves,3095
105993824,9e9f4455-1d19-474d-934c-2f7419e3f12a,Fri Jan 21 2022 08:55:51 GMT-0800 (PST),2022-01-21,2022-01-21 16:55:51 UTC,Pacific Time (US & Canada),32912,debaraj,Debara,2022-02-02 00:36:50 UTC,2025-04-19 14:01:45 UTC,research,CC-BY-NC,https://www.inaturalist.org/observations/105993824,https://inaturalist-open-data.s3.amazonaws.com/photos/177968327/medium.jpg,,"","",1,0,false,3,"Aguarico, Orellana, EC",-1.07149005,-76.09647655,49001,,,,49001,,open,false,,,Ruddy Pigeon,Patagioenas subvinacea,Torcaza colorada,Aves,3095
106974755,9049b09c-4495-406e-b7ac-f2e1d98b6260,2021/11/28 10:27 AM UTC,2021-11-28,2021-11-28 10:27:00 UTC,UTC,1386693,luizfernandomatos,Luiz Fernando Matos,2022-02-18 15:04:34 UTC,2022-02-22 11:19:33 UTC,research,,https://www.inaturalist.org/observations/106974755,https://static.inaturalist.org/photos/179825069/medium.jpg,,"",,2,0,false,,"Carajás, Parauapebas - PA, 68515-000, Brasil",-6.0695787,-50.0665873,212,,,,212,,open,false,,,Ruddy Pigeon,Patagioenas subvinacea,Torcaza colorada,Aves,3095
106978600,004f2c9b-bc24-4414-8792-f5046c82ddd3,2021/11/26 11:54 AM PST,2021-11-26,2021-11-26 19:54:00 UTC,Pacific Time (US & Canada),213838,vireolanius,Justyn Stahl,2022-02-18 16:29:21 UTC,2025-07-31 16:40:41 UTC,research,CC-BY-NC,https://www.inaturalist.org/observations/106978600,https://inaturalist-open-data.s3.amazonaws.com/photos/179832173/medium.jpg,,"",,1,0,false,,"San José Province, Dota, Costa Rica",9.5411429859,-83.8173998307,419,,,,419,,open,false,,,Ruddy Pigeon,Patagioenas subvinacea,Torcaza colorada,Aves,3095
107136556,c4eb657a-2c0c-46fa-872f-7de6bb73c677,2022-02-20 15:10:59,2022-02-20,2022-02-20 21:10:59 UTC,Central Time (US & Canada),842730,m_ellis,Mike Ellis,2022-02-20 21:26:54 UTC,2022-03-02 00:55:39 UTC,research,CC-BY-NC,https://www.inaturalist.org/observations/107136556,https://inaturalist-open-data.s3.amazonaws.com/photos/180131093/medium.jpeg,,"",,1,0,false,2,"Cube, Ecuador",0.3730434722,-79.6652744722,,,,,,,open,false,gps,gps,Ruddy Pigeon,Patagioenas subvinacea,Torcaza colorada,Aves,3095
107422685,dbfb89ba-763f-4472-a766-bea2264fb2b1,2021/11/26 11:55 AM PST,2021-11-26,2021-11-26 19:55:00 UTC,Pacific Time (US & Canada),266196,shrike2,"",2022-02-25 17:01:21 UTC,2024-06-18 22:04:21 UTC,needs_id,CC-BY-NC,https://www.inaturalist.org/observations/107422685,https://inaturalist-open-data.s3.amazonaws.com/photos/180669591/medium.jpeg,,"",,0,0,false,,"Pérez Zeledón, San José, Costa Rica",9.5401583333,-83.8175833333,,,,,,,open,false,,,Ruddy Pigeon,Patagioenas subvinacea,Torcaza colorada,Aves,3095
107920530,34bdef2a-64af-4d3f-997d-f1165b10bb33,2022/01/03 9:27 AM PST,2022-01-03,2022-01-03 17:27:00 UTC,Pacific Time (US & Canada),1802927,csj9999999,Christine Jacobs,2022-03-05 00:48:48 UTC,2022-09-12 02:38:39 UTC,needs_id,CC-BY-NC,https://www.inaturalist.org/observations/107920530,https://inaturalist-open-data.s3.amazonaws.com/photos/181600753/medium.jpg,,"",,0,0,false,,"San José Province, Dota, Costa Rica",9.5491226211,-83.805148572,218,,,,218,,open,false,,,Ruddy Pigeon,Patagioenas subvinacea,Torcaza colorada,Aves,3095
108048795,59129a68-6fb0-4882-b35a-9746ef3fcb9f,2022/02/27 12:42 PM UTC,2022-02-27,2022-02-27 12:42:00 UTC,UTC,974482,johannagu,,2022-03-06 19:52:27 UTC,2024-03-06 08:22:30 UTC,needs_id,CC-BY-NC,https://www.inaturalist.org/observations/108048795,https://static.inaturalist.org/photos/181841607/medium.jpg,,"",,1,0,false,,"San José Province, Rivas, Costa Rica, Cloudebridge Nature Reserve",9.4701057264,-83.5746880907,330,,,,330,,open,false,,,Purperduif,Patagioenas subvinacea,Torcaza colorada,Aves,3095
108321003,b967ab5e-ec39-4df1-9bf6-46fccb44d672,2022/02/10 4:40 AM PST,2022-02-10,2022-02-10 12:40:00 UTC,Pacific Time (US & Canada),1477307,noverholtz,Nancy Overholtz,2022-03-10 20:00:32 UTC,2022-03-10 20:12:17 UTC,research,CC0,https://www.inaturalist.org/observations/108321003,https://inaturalist-open-data.s3.amazonaws.com/photos/182353470/medium.jpg,,"","",1,0,false,,"Quijos, Ecuador",-0.4693784975,-77.8823054494,3906,,,,3906,,open,false,,,Ruddy Pigeon,Patagioenas subvinacea,Torcaza colorada,Aves,3095
108688892,66e4ff35-a6bb-4960-b5ee-b7c8d9588a6a,2019/07/18 3:18 PM CEST,2019-07-18,2019-07-18 13:18:00 UTC,Paris,5422932,rudyclaeys,,2022-03-15 23:12:36 UTC,2022-03-15 23:12:36 UTC,needs_id,CC-BY-NC,https://www.inaturalist.org/observations/108688892,https://inaturalist-open-data.s3.amazonaws.com/photos/183044671/medium.jpeg,,"",,0,0,false,,"Calcutta, Suriname",5.4939771246,-55.5678872951,8,,,,8,,open,false,,,Purperduif,Patagioenas subvinacea,Torcaza colorada,Aves,3095
108792623,b4708c64-d3bd-425b-8869-b8b4b400b33d,2022/03/06 3:44 PM EST,2022-03-06,2022-03-06 20:44:00 UTC,Eastern Time (US & Canada),800658,mangoverde,William Hull,2022-03-17 11:30:00 UTC,2022-03-17 18:58:52 UTC,research,CC-BY-NC,https://www.inaturalist.org/observations/108792623,https://inaturalist-open-data.s3.amazonaws.com/photos/183242557/medium.jpeg,,"",,1,0,false,,"Quijos, Ecuador",-0.469785,-77.8654133333,,,,,,,open,false,,,Ruddy Pigeon,Patagioenas subvinacea,Torcaza colorada,Aves,3095
108819243,fa129694-1bc1-4346-8331-425c5e0e71e8,2021/05/08 12:30 PM UTC,2021-05-08,2021-05-08 12:30:00 UTC,UTC,3112862,lilatomazelli,Lilian Tomazelli,2022-03-17 19:40:01 UTC,2022-03-17 22:06:05 UTC,research,CC-BY-NC,https://www.inaturalist.org/observations/108819243,https://inaturalist-open-data.s3.amazonaws.com/photos/183291949/medium.jpg,,"",,1,0,false,,Feliz Natal MT ,-12.3820733,-54.936976,2148,,,,2148,,open,false,,,Pomba-botafogo,Patagioenas subvinacea,Torcaza colorada,Aves,3095
110523462,60f365d7-3545-4c1c-8738-78687094afbd,2022/03/26 8:19 AM CST,2022-03-26,2022-03-26 14:19:00 UTC,Mexico City,4811870,douglascook,,2022-04-05 21:52:05 UTC,2022-08-22 23:40:28 UTC,research,CC-BY-NC,https://www.inaturalist.org/observations/110523462,https://inaturalist-open-data.s3.amazonaws.com/photos/186452935/medium.jpg,,"",,1,0,false,,"Oxapampa Province, Peru",-10.7485669173,-75.2865475864,122,,,,122,,open,false,,,Ruddy Pigeon,Patagioenas subvinacea,Torcaza colorada,Aves,3095
110526869,17d23006-c9c4-474b-ba22-666f97f191f4,2022/03/27 11:41 AM CST,2022-03-27,2022-03-27 17:41:00 UTC,Mexico City,4811870,douglascook,,2022-04-05 22:33:41 UTC,2022-08-22 23:40:28 UTC,needs_id,CC-BY-NC,https://www.inaturalist.org/observations/110526869,https://inaturalist-open-data.s3.amazonaws.com/photos/186460084/medium.jpg,,"",,0,0,false,,"Oxapampa Province, Peru",-10.774426345,-75.2859153564,4,,,,4,,open,false,,,Ruddy Pigeon,Patagioenas subvinacea,Torcaza colorada,Aves,3095
110807831,f17f4f8d-dd42-4b51-8334-930332eb179e,2022/03/09 11:10 AM EST,2022-03-09,2022-03-09 16:10:00 UTC,Eastern Time (US & Canada),800658,mangoverde,William Hull,2022-04-09 01:52:39 UTC,2024-07-29 19:57:41 UTC,research,CC-BY-NC,https://www.inaturalist.org/observations/110807831,,https://static.inaturalist.org/sounds/388106.wav?1649468822,"",,1,0,false,,"Archidona Canton, Ecuador",-0.6806436332,-77.5984871975,172,,,,172,,open,false,,,Ruddy Pigeon,Patagioenas subvinacea,Torcaza colorada,Aves,3095
110938978,64020755-a601-4309-98b1-7e4e1ad22cb4,2018/06/03,2018-06-03,,Paris,5496020,lebreton_jean-do,Jean-Dominique LEBRETON,2022-04-10 07:33:07 UTC,2022-05-04 21:40:36 UTC,research,CC-BY-NC,https://www.inaturalist.org/observations/110938978,https://inaturalist-open-data.s3.amazonaws.com/photos/187509088/medium.jpg,,"plusieurs obs et (mauvaises), class-bulkobservationfile-user_id-5496020-filename-oiseaux_hors_europe_pour_inaturalist-csv-project_id-2022-04-10 00:31:10 -0700.csv",C:\LEBRETON\PHOTOS\2018_06_1_BRESIL_Manaus\2018_06_1_506.jpg,1,0,false,,Anavilhanas,-2.519,-60.835,,,,,,,open,false,,,Pomba-botafogo,Patagioenas subvinacea,Torcaza colorada,Aves,3095
110938994,2a27d5a6-f95c-4b8c-a9ab-df4ac57a1262,2018/06/03,2018-06-03,,Paris,5496020,lebreton_jean-do,Jean-Dominique LEBRETON,2022-04-10 07:33:09 UTC,2022-05-04 21:37:43 UTC,research,CC-BY-NC,https://www.inaturalist.org/observations/110938994,https://inaturalist-open-data.s3.amazonaws.com/photos/187507887/medium.jpg,,class-bulkobservationfile-user_id-5496020-filename-oiseaux_hors_europe_pour_inaturalist-csv-project_id-2022-04-10 00:31:10 -0700.csv,C:\LEBRETON\PHOTOS\2018_06_1_BRESIL_Manaus\2018_06_1_595.jpg,1,0,false,,Anavilhanas,-2.519,-60.835,,,,,,,open,false,,,Pomba-botafogo,Patagioenas subvinacea,Torcaza colorada,Aves,3095
112720936,a91acdaf-ca96-44f3-b2f6-82e8b9396107,2022/04/13 4:40 PM,2022-04-13,2022-04-13 22:40:00 UTC,America/Costa_Rica,1529609,jonathanvsv,,2022-04-24 19:32:22 UTC,2022-04-24 19:32:22 UTC,needs_id,CC-BY-NC,https://www.inaturalist.org/observations/112720936,https://inaturalist-open-data.s3.amazonaws.com/photos/190411687/medium.jpeg,,"","",0,0,false,,"Unnamed Road, Los Olivos, Guanacaste Province, Costa Rica",10.3743198,-84.8316549,495,,,,495,,open,false,,,Torcaza Colorada,Patagioenas subvinacea,Torcaza colorada,Aves,3095
112980259,de373256-9204-4bdb-ad15-c9fa755fbf7a,2022-03-07 09:31:58,2022-03-07,2022-03-07 14:31:58 UTC,America/Guayaquil,5288437,amado_cruz_chavez,Amado de la Cruz Chávez,2022-04-26 16:07:28 UTC,2022-04-26 17:04:18 UTC,research,,https://www.inaturalist.org/observations/112980259,https://static.inaturalist.org/photos/190881830/medium.jpeg,,"",,1,0,false,2,"Malimpia, Ecuador",0.4273410008,-79.2176833749,178,,,,178,,open,false,gps,gps,Ruddy Pigeon,Patagioenas subvinacea,Torcaza colorada,Aves,3095
113505074,4e1e0265-9cd2-40ab-9495-1b53fc2a0b16,2021-11-19 09:56:15,2021-11-19,2021-11-19 14:56:15 UTC,America/Guayaquil,4930274,eliza_df,Elizabeth Días,2022-04-29 18:49:28 UTC,2025-11-24 01:12:59 UTC,research,,https://www.inaturalist.org/observations/113505074,https://static.inaturalist.org/photos/191756065/medium.jpeg,,"",,1,0,false,2,"Palanda, Ecuador",-4.6618842694,-79.142267704,758,,,,758,,open,false,,,Ruddy Pigeon,Patagioenas subvinacea,Torcaza colorada,Aves,3095
117175276,8964e68a-ddc9-428f-8f6e-11522afaff0c,2022/05/14 8:44 AM,2022-05-14,2022-05-14 13:44:00 UTC,America/Guayaquil,1428321,dawicho,David Torres,2022-05-15 17:57:49 UTC,2022-05-27 20:37:39 UTC,research,CC-BY-NC,https://www.inaturalist.org/observations/117175276,https://inaturalist-open-data.s3.amazonaws.com/photos/197856541/medium.jpg,,"",,1,0,false,,"Cantón San Miguel de Los Bancos, Ecuador",0.0336435299,-78.8678955761,15,,,,15,,open,false,,,Ruddy Pigeon,Patagioenas subvinacea,Torcaza colorada,Aves,3095
117247519,470a1ada-83d2-4be1-a02d-4bd389f41eeb,2022/05/06 11:47 AM,2022-05-06,2022-05-06 17:47:00 UTC,America/Costa_Rica,144923,nycticorax,"",2022-05-16 01:39:28 UTC,2022-05-16 01:39:28 UTC,needs_id,CC-BY-NC,https://www.inaturalist.org/observations/117247519,https://inaturalist-open-data.s3.amazonaws.com/photos/197986804/medium.jpeg,,"","",0,0,false,,"Tapantí National Park, Cartago Province, San Rafael, Costa Rica",9.7590409,-83.7836918,206,,,,206,,open,false,,,Ruddy Pigeon,Patagioenas subvinacea,Torcaza colorada,Aves,3095
117354897,e883f688-3bb2-4685-aba4-747b1278471d,2022/04/21 8:29 AM,2022-04-21,2022-04-21 14:29:00 UTC,America/Costa_Rica,1744563,attilaolah,Attila Oláh,2022-05-16 19:55:48 UTC,2022-05-21 02:28:16 UTC,needs_id,CC-BY,https://www.inaturalist.org/observations/117354897,https://inaturalist-open-data.s3.amazonaws.com/photos/198181686/medium.jpg,,"","",1,0,false,,"Puntarenas Province, Monteverde, Costa Rica",10.301964,-84.793486,,,,,,,open,false,,,Ruddy Pigeon,Patagioenas subvinacea,Torcaza colorada,Aves,3095
117387587,15e73b87-fbc2-4721-843e-2731777c8327,2022/05/14 7:43 AM,2022-05-14,2022-05-14 11:43:00 UTC,La Paz,9414,vincentvosriberalta,Vincent A. Vos,2022-05-17 00:32:24 UTC,2024-10-10 19:54:57 UTC,research,CC-BY,https://www.inaturalist.org/observations/117387587,https://inaturalist-open-data.s3.amazonaws.com/photos/198237515/medium.jpeg,,"","",1,0,false,,"Vaca Diez, Bolivia",-11.1397369794,-66.179300706,8,,,,8,,open,false,,,Ruddy Pigeon,Patagioenas subvinacea,Torcaza colorada,Aves,3095
118988472,1b0306a0-27b5-495f-9891-8770278cd2e7,2022/05/26 12:51 PM,2022-05-26,2022-05-26 17:51:00 UTC,Bogota,1236467,smejiadu,Santi MD,2022-05-27 23:39:17 UTC,2022-05-27 23:40:27 UTC,needs_id,CC-BY-NC,https://www.inaturalist.org/observations/118988472,https://inaturalist-open-data.s3.amazonaws.com/photos/201100878/medium.jpeg,,"","",0,0,false,,"San Rafael, Antioquia, Colombia",6.2805166667,-75.1280616667,,,,,,,open,false,,,Torcaza Colorada,Patagioenas subvinacea,Torcaza colorada,Aves,3095
119266486,8b71e87d-efe5-4034-a7d5-b8a6feed6399,2021-12-19 07:42:59,2021-12-19,2021-12-19 13:42:59 UTC,America/Costa_Rica,4416429,mappingthewild,Andrés Paniagua,2022-05-29 16:45:11 UTC,2025-07-18 10:00:20 UTC,needs_id,CC-BY-NC,https://www.inaturalist.org/observations/119266486,https://inaturalist-open-data.s3.amazonaws.com/photos/201594732/medium.jpeg,,"",,0,0,false,2,Hospedaje Cerro Pittier,9.0203623612,-82.9650146887,222,,,,222,,open,false,gps,gps,Torcaza colorada,Patagioenas subvinacea,Torcaza colorada,Aves,3095
119970674,1abe7428-36a2-46f9-a177-b0671e59fa54,2022-05-04 06:42:49-06:00,2022-05-04,2022-05-04 12:42:49 UTC,Bogota,33038,armanmoreno,Arman Moreno,2022-06-03 04:33:20 UTC,2022-06-03 10:20:58 UTC,research,CC-BY-NC,https://www.inaturalist.org/observations/119970674,https://inaturalist-open-data.s3.amazonaws.com/photos/202863854/medium.jpg,,"","",1,0,false,3,"Pueblo Rico, Risaralda, CO",5.2396466667,-76.0894861667,4,,,,4,,open,false,,,Ruddy Pigeon,Patagioenas subvinacea,Torcaza colorada,Aves,3095
120623461,b6ce2a79-25b2-4b19-b180-268275b584dc,2016/06/05 11:49 PM,2016-06-05,2016-06-06 04:49:00 UTC,America/Guayaquil,3617467,kdbishop69,David Bishop,2022-06-07 04:41:51 UTC,2022-06-07 13:40:53 UTC,research,CC-BY-NC,https://www.inaturalist.org/observations/120623461,https://inaturalist-open-data.s3.amazonaws.com/photos/204038519/medium.jpg,,"",,1,0,false,,"4VV5+XF8, Pedro Vicente Maldonado, Ecuador",0.1449159,-79.1412988,200,,,,200,,open,false,,,Torcaza colorada,Patagioenas subvinacea,Torcaza colorada,Aves,3095
121252858,62cc88fb-9b13-4522-8f96-0b87c9d96a30,2022-06-11 08:16:37,2022-06-11,2022-06-11 14:16:37 UTC,America/Costa_Rica,5271997,sebastiaanbosma,,2022-06-11 16:02:54 UTC,2022-06-11 16:08:29 UTC,needs_id,CC-BY-NC,https://www.inaturalist.org/observations/121252858,https://inaturalist-open-data.s3.amazonaws.com/photos/205162787/medium.jpeg,,"",,0,0,false,2,"HFVC+FW5, San Francisco de Tortuguero, Limón, Pococí, Costa Rica",10.5934829324,-83.5277538747,85,,,,85,,open,false,gps,gps,Ruddy Pigeon,Patagioenas subvinacea,Torcaza colorada,Aves,3095
123306599,9744cb8d-f193-495b-ac54-8a23c3add849,2008/03/16 8:03 AM,2008-03-16,2008-03-16 14:03:00 UTC,America/Costa_Rica,586546,stevecollins,Steve Collins,2022-06-25 02:06:39 UTC,2023-12-10 19:09:05 UTC,research,CC-BY,https://www.inaturalist.org/observations/123306599,https://static.inaturalist.org/photos/208872687/medium.jpg,,"",,1,0,false,,"San José Province, Copey District, Costa Rica",9.6407805089,-83.9118134863,126,,,,126,,open,false,,,Ruddy Pigeon,Patagioenas subvinacea,Torcaza colorada,Aves,3095
123306604,3fa1582a-a35d-478c-b128-c6b641d60c26,2008/03/16 8:32 AM,2008-03-16,2008-03-16 14:32:00 UTC,America/Costa_Rica,586546,stevecollins,Steve Collins,2022-06-25 02:06:41 UTC,2023-12-10 19:09:05 UTC,research,CC-BY,https://www.inaturalist.org/observations/123306604,https://static.inaturalist.org/photos/208872726/medium.jpg,,"",,1,0,false,,"San José Province, Copey District, Costa Rica",9.6407805089,-83.9118134863,126,,,,126,,open,false,,,Ruddy Pigeon,Patagioenas subvinacea,Torcaza colorada,Aves,3095
125150919,95a3682d-d723-4eed-b8f5-f004c9c432cd,2022/07/06 09:09,2022-07-06,2022-07-06 13:09:00 UTC,America/Cuiaba,3112862,lilatomazelli,Lilian Tomazelli,2022-07-07 11:52:09 UTC,2022-07-07 12:05:16 UTC,research,CC-BY-NC,https://www.inaturalist.org/observations/125150919,https://inaturalist-open-data.s3.amazonaws.com/photos/212213302/medium.jpg,,"",,1,0,false,,Feliz Natal MT ,-12.3820733,-54.936976,2148,,,,2148,,open,false,,,Ruddy Pigeon,Patagioenas subvinacea,Torcaza colorada,Aves,3095
125491574,a9b5489d-fc39-4111-8f74-eae2ec210fac,2022/05/06 9:54 AM,2022-05-06,2022-05-06 15:54:00 UTC,America/Costa_Rica,6075,fm5050,fm5050,2022-07-09 19:03:28 UTC,2023-02-15 14:40:18 UTC,research,CC-BY-NC,https://www.inaturalist.org/observations/125491574,https://static.inaturalist.org/photos/212813875/medium.jpeg,,"","",1,0,false,,"Parque Nacional Tapantí - Macizo de la Muerte, Costa Rica",9.7590713257,-83.7837747227,984,,,,984,,open,false,,,Ruddy Pigeon,Patagioenas subvinacea,Torcaza colorada,Aves,3095
125559368,1c32efb6-e96a-4e82-bd5a-807e294c39ff,2022-06-29 11:09:15-05:00,2022-06-29,2022-06-29 16:09:15 UTC,America/Guayaquil,3930629,emilyscherer,Emily Scherer,2022-07-10 04:11:15 UTC,2022-10-03 05:25:38 UTC,research,CC-BY-NC,https://www.inaturalist.org/observations/125559368,https://inaturalist-open-data.s3.amazonaws.com/photos/212940244/medium.jpg,,"","",2,0,false,3,"Orellana, Orellana, EC",-0.6272033333,-76.6886,4,,,,4,,open,false,,,Ruddy Pigeon,Patagioenas subvinacea,Torcaza colorada,Aves,3095
126287704,b7130754-14fa-4596-bca3-984425571863,2022-07-14 12:05:26-05:00,2022-07-14,2022-07-14 17:05:26 UTC,America/Panama,4322475,christopherrustay,Christopher Rustay,2022-07-15 01:48:37 UTC,2024-10-27 16:06:16 UTC,needs_id,CC-BY-NC,https://www.inaturalist.org/observations/126287704,,https://static.inaturalist.org/sounds/499411.m4a?1657849723,"","",0,0,false,3,Panama,8.5509191883,-77.8538154026,11,,,,11,,open,false,,,ruddy pigeon,Patagioenas subvinacea,Torcaza colorada,Aves,3095
126729314,cf8fb55e-5ac9-48ff-adbd-f2b5195d7d08,2018/05/05 12:02 PM,2018-05-05,2018-05-05 16:02:00 UTC,La Paz,9414,vincentvosriberalta,Vincent A. Vos,2022-07-17 22:59:00 UTC,2024-10-10 19:54:57 UTC,needs_id,CC-BY,https://www.inaturalist.org/observations/126729314,https://inaturalist-open-data.s3.amazonaws.com/photos/215048839/medium.jpeg,,"","",0,0,false,,"Vaca Diez, Bolivia",-11.1650414394,-65.7639607325,3376,,,,3376,,open,false,,,Patagioenas subvinacea,Patagioenas subvinacea,Torcaza colorada,Aves,3095
127892478,f8f90601-d448-417c-80e4-4657b9c40156,2022/07/21 13:18,2022-07-21,2022-07-21 17:18:00 UTC,America/Cuiaba,3112862,lilatomazelli,Lilian Tomazelli,2022-07-25 20:03:34 UTC,2024-01-17 12:59:37 UTC,research,CC-BY-NC,https://www.inaturalist.org/observations/127892478,https://inaturalist-open-data.s3.amazonaws.com/photos/217175296/medium.jpg,,"",,1,0,false,,Feliz Natal MT ,-12.3820733,-54.936976,2148,,,,2148,,open,false,,,Pomba-botafogo,Patagioenas subvinacea,Torcaza colorada,Aves,3095
129365822,683992ed-7f45-47c8-8513-b82061696f16,2022/07/27 14:29,2022-07-27,2022-07-27 19:29:00 UTC,Quito,1493700,karsten_s,"",2022-08-04 02:47:19 UTC,2025-01-17 20:09:39 UTC,needs_id,CC-BY,https://www.inaturalist.org/observations/129365822,https://static.inaturalist.org/photos/219833253/medium.jpeg,,"",,1,0,false,,"Maynas, PE-LO, PE",-3.6058166934,-74.014694193,100,,,,100,,open,false,,,Ruddy Pigeon,Patagioenas subvinacea,Torcaza colorada,Aves,3095
129492541,17a6c791-cf3a-489d-88bc-ba65c0045934,2022/07/14 11:55 AM,2022-07-14,2022-07-14 16:55:00 UTC,Bogota,748699,don54,Don Wellmann,2022-08-05 02:08:44 UTC,2026-02-11 00:28:44 UTC,research,,https://www.inaturalist.org/observations/129492541,https://static.inaturalist.org/photos/220065758/medium.jpeg,,"",,1,0,false,,"Buenaventura, Dagua, Valle del Cauca, Colombia",3.5346753,-76.7535688,216,,,,216,,open,false,,,Ruddy Pigeon,Patagioenas subvinacea,Torcaza colorada,Aves,3095
129532631,ade4a0ed-78bf-41ca-849a-7b0a7e879da7,2022-08-05 06:53:43-04:00,2022-08-05,2022-08-05 10:53:43 UTC,America/Manaus,994527,embrenhar,"",2022-08-05 12:34:05 UTC,2024-08-02 18:15:21 UTC,research,CC-BY-NC,https://www.inaturalist.org/observations/129532631,,https://static.inaturalist.org/sounds/514877.m4a?1659702855,"","",2,0,false,3,"Presidente Figueiredo, BR-AM, BR",-1.9812984065,-60.0510854974,4,,,,4,,open,false,,,Pomba-botafogo,Patagioenas subvinacea,Torcaza colorada,Aves,3095
129689944,1faa98d3-00dd-4b06-8abf-c2e87b9115b4,2018/05/19 11:31 AM,2018-05-19,2018-05-19 15:31:00 UTC,La Paz,9414,vincentvosriberalta,Vincent A. Vos,2022-08-06 15:59:41 UTC,2024-10-10 19:54:57 UTC,needs_id,CC-BY,https://www.inaturalist.org/observations/129689944,https://inaturalist-open-data.s3.amazonaws.com/photos/220429988/medium.jpeg,,"","",0,0,false,,"Vaca Diez, Bolivia",-10.8821010542,-65.9617621304,286,,,,286,,open,false,,,Patagioenas subvinacea,Patagioenas subvinacea,Torcaza colorada,Aves,3095
129833057,73a73c2e-b5f6-45a3-8ca4-bae02205fece,2018/08/28 8:20 AM,2018-08-28,2018-08-28 12:20:00 UTC,La Paz,9414,vincentvosriberalta,Vincent A. Vos,2022-08-07 15:12:59 UTC,2024-10-10 19:54:57 UTC,needs_id,CC-BY,https://www.inaturalist.org/observations/129833057,https://inaturalist-open-data.s3.amazonaws.com/photos/220689242/medium.jpeg,,"","",0,0,false,,"Vaca Diez, Bolivia",-11.1370396887,-66.1673286944,97,,,,97,,open,false,,,Patagioenas subvinacea,Patagioenas subvinacea,Torcaza colorada,Aves,3095
130428271,2cc0953e-51fb-4ebb-b2b5-e090bd51c060,2022/07/08 7:59 AM,2022-07-08,2022-07-08 12:59:00 UTC,Quito,229502,benoit_segerer,Benoît Segerer,2022-08-11 21:38:58 UTC,2022-08-11 21:38:58 UTC,needs_id,CC-BY-NC,https://www.inaturalist.org/observations/130428271,https://inaturalist-open-data.s3.amazonaws.com/photos/221804022/medium.jpeg,,"","",0,0,false,,Around Canaan,-6.8878769976,-77.4596659699,461,,,,461,,open,false,,,Ruddy Pigeon,Patagioenas subvinacea,Torcaza colorada,Aves,3095
130649257,2c384e21-7358-48be-8289-ebf2e3e854ca,2022/07/05 2:38 PM,2022-07-05,2022-07-05 20:38:00 UTC,America/Costa_Rica,586546,stevecollins,Steve Collins,2022-08-13 16:48:02 UTC,2023-12-10 19:09:05 UTC,needs_id,CC-BY,https://www.inaturalist.org/observations/130649257,https://static.inaturalist.org/photos/222217368/medium.jpg,,"",,0,0,false,,"Cartago Province, Costa Rica",9.746835,-83.78168,,,,,,,open,false,,,Ruddy Pigeon,Patagioenas subvinacea,Torcaza colorada,Aves,3095
130969918,d708d4bf-2eaa-4d95-8be5-07d2ec4ede44,2022/07/06 1:25 PM,2022-07-06,2022-07-06 18:25:00 UTC,Quito,229502,benoit_segerer,Benoît Segerer,2022-08-15 18:49:44 UTC,2022-08-16 01:34:50 UTC,research,CC-BY-NC,https://www.inaturalist.org/observations/130969918,https://inaturalist-open-data.s3.amazonaws.com/photos/222801054/medium.jpeg,,"","",1,0,false,,Around Canaan,-6.8878769976,-77.4596659699,639,,,,639,,open,false,,,Ruddy Pigeon,Patagioenas subvinacea,Torcaza colorada,Aves,3095
131428292,00255528-9ed9-402b-b785-d506778a9cda,2022-08-18 06:57:23-05:00,2022-08-18,2022-08-18 11:57:23 UTC,Quito,2917974,acastelein,Alex Castelein,2022-08-19 07:46:46 UTC,2022-08-19 12:16:52 UTC,research,CC-BY-NC,https://www.inaturalist.org/observations/131428292,https://inaturalist-open-data.s3.amazonaws.com/photos/223663299/medium.jpg,,"","",1,0,false,3,"Madre de Dios, PE",-12.9160533333,-69.524245,,,,,,,open,false,,,Ruddy Pigeon,Patagioenas subvinacea,Torcaza colorada,Aves,3095
131873083,fa9f1df6-95c1-4abc-898f-bd09bf3de4b8,2018/10/16 8:16 AM,2018-10-16,2018-10-16 13:16:00 UTC,Quito,5862949,probreviceps,,2022-08-22 11:35:49 UTC,2022-08-22 11:35:49 UTC,needs_id,CC-BY-NC,https://www.inaturalist.org/observations/131873083,https://inaturalist-open-data.s3.amazonaws.com/photos/224481937/medium.jpeg,,"","",0,0,false,,"Tambopata, Peru",-12.5418425758,-69.0442514475,3906,,,,3906,,open,false,,,Ruddy Pigeon,Patagioenas subvinacea,Torcaza colorada,Aves,3095
131899338,74de09ad-8208-448c-adb9-fe36d53880bb,2022/07/31 1:43 PM,2022-07-31,2022-07-31 18:43:00 UTC,Quito,2110371,davidroche,David Roche,2022-08-22 16:06:54 UTC,2022-08-24 19:15:48 UTC,research,CC-BY-NC,https://www.inaturalist.org/observations/131899338,https://static.inaturalist.org/photos/224531777/medium.jpg,,"",,2,0,false,,"Loreto Province, Peru",-4.685052612,-73.9726862652,4,,,,4,,open,false,,,Ruddy Pigeon,Patagioenas subvinacea,Torcaza colorada,Aves,3095
131917464,c0fd2941-5487-4ad4-8ea0-03f9869d127d,2022/08/08 12:28 PM,2022-08-08,2022-08-08 17:28:00 UTC,Bogota,220795,neontetraploid,Steven Kurniawidjaja,2022-08-22 18:42:22 UTC,2022-08-22 18:42:23 UTC,needs_id,CC-BY-NC,https://www.inaturalist.org/observations/131917464,https://inaturalist-open-data.s3.amazonaws.com/photos/224563308/medium.jpeg,,"",,0,0,false,,"66H6+4Q8, Guayabetal, Cundinamarca, Colombia",4.2277875,-73.7880469,211,,,,211,,open,false,,,Ruddy Pigeon,Patagioenas subvinacea,Torcaza colorada,Aves,3095
134461582,64e2ca07-59df-4ed3-be5e-4a507f4b2058,2022/08/12 10:24 AM,2022-08-12,2022-08-12 15:24:00 UTC,America/Guayaquil,1212279,mschneider,,2022-09-10 18:32:48 UTC,2022-09-10 18:32:48 UTC,needs_id,CC-BY-NC,https://www.inaturalist.org/observations/134461582,https://inaturalist-open-data.s3.amazonaws.com/photos/229191911/medium.jpeg,,"",,0,0,false,,"Puerto Quito, Ecuador",0.1558531353,-79.2586432173,977,,,,977,,open,false,,,Ruddy Pigeon,Patagioenas subvinacea,Torcaza colorada,Aves,3095
136080300,9ac66acb-90d9-466b-bda7-02a1fec27dc5,2022/07/25 3:27 PM,2022-07-25,2022-07-25 20:27:00 UTC,America/Guayaquil,3111958,manuel_ruedi,Manuel Ruedi,2022-09-22 20:07:26 UTC,2023-02-27 18:24:31 UTC,research,CC-BY-NC,https://www.inaturalist.org/observations/136080300,https://inaturalist-open-data.s3.amazonaws.com/photos/232189131/medium.jpeg,,"Ecuador, Mindo, Patagioenas subvinacea",,2,0,false,,"Los Bancos Canton, Ecuador",-0.05467981,-78.77512473,,,,,,,open,false,,,Ruddy Pigeon,Patagioenas subvinacea,Torcaza colorada,Aves,3095
137185611,0779a724-b975-47f2-8aa4-ec3bc47a9831,2022-09-13 11:30:00,2022-09-13,2022-09-13 16:30:00 UTC,America/Guayaquil,1447720,damian_zabala,Damian Zabala,2022-10-01 19:23:11 UTC,2024-08-09 01:05:26 UTC,research,CC-BY-NC,https://www.inaturalist.org/observations/137185611,,https://static.inaturalist.org/sounds/543827.wav?1664652198,"",,1,0,false,2,"Sarayacu, Ecuador",-1.7366326791,-77.4870835617,350,,,,350,,open,false,,,Ruddy Pigeon,Patagioenas subvinacea,Torcaza colorada,Aves,3095
138868866,633cd19d-58fc-4d50-ac56-f6ba4ca7055b,2022/08/17 3:11 PM,2022-08-17,2022-08-17 20:11:00 UTC,Bogota,2533480,christoph_moning,Christoph Moning,2022-10-15 18:05:12 UTC,2024-09-30 14:28:10 UTC,research,CC-BY,https://www.inaturalist.org/observations/138868866,https://inaturalist-open-data.s3.amazonaws.com/photos/237408715/medium.jpeg,,"",,2,0,false,,"Anorí, Antioquia, Kolumbien",6.9825641644,-75.1076652683,8,,,,8,,open,false,,,Torcaza colorada,Patagioenas subvinacea,Torcaza colorada,Aves,3095
139829241,d050c330-a028-47fc-8ef3-9421c89d3661,2022-10-23 21:35:22,2022-10-23,2022-10-24 01:35:22 UTC,America/Cuiaba,5911610,alexandre477,Alexandre Fontes,2022-10-24 02:26:46 UTC,2022-10-24 16:05:49 UTC,research,,https://www.inaturalist.org/observations/139829241,https://static.inaturalist.org/photos/239240175/medium.jpeg,,"",,1,0,false,2,Itiquira,-17.205822136,-54.1468882933,1914,,,,1914,,open,false,gps,gps,Pomba-botafogo,Patagioenas subvinacea,Torcaza colorada,Aves,3095
140062843,1c727ba1-bdc6-4ae5-b4aa-f48eee9de5b3,2022-10-08,2022-10-08,,Bogota,1643870,stivenmazabuel,Yunior Mazabuel,2022-10-26 15:01:01 UTC,2022-10-26 21:58:58 UTC,research,,https://www.inaturalist.org/observations/140062843,https://static.inaturalist.org/photos/239689961/medium.jpeg,,"",,1,0,false,2,Reserva Natural Privada Merenberg,2.2184031728,-76.1169307306,157,,,,157,,open,false,gps,gps,Torcaza colorada,Patagioenas subvinacea,Torcaza colorada,Aves,3095
141224528,583d6e43-2b7f-4ce4-a97b-80c0a36895d5,2022/11/01 11:52 AM,2022-11-01,2022-11-01 17:52:00 UTC,America/Costa_Rica,149526,stevestevens,steve b,2022-11-06 02:39:38 UTC,2022-11-06 02:51:57 UTC,research,CC0,https://www.inaturalist.org/observations/141224528,https://inaturalist-open-data.s3.amazonaws.com/photos/241886086/medium.jpeg,,"",,1,0,false,,"854V+X79, Puntarenas Province, Monteverde, Costa Rica",10.3078434,-84.8051376,,,,,,,open,false,,,Ruddy Pigeon,Patagioenas subvinacea,Torcaza colorada,Aves,3095
141415522,e2fd0b4c-9a29-4c80-aa23-95cf7bd925a7,2022/10/25 8:51 AM,2022-10-25,2022-10-25 14:51:00 UTC,America/Costa_Rica,1714190,scottgillingwater,"",2022-11-08 00:25:53 UTC,2022-11-08 00:25:53 UTC,needs_id,CC-BY-NC,https://www.inaturalist.org/observations/141415522,https://inaturalist-open-data.s3.amazonaws.com/photos/242262352/medium.jpeg,,"","",0,0,false,,"Heredia Province, Sarapiqui, Costa Rica",10.4002023888,-84.1099269282,4,,,,4,,open,false,,,Ruddy Pigeon,Patagioenas subvinacea,Torcaza colorada,Aves,3095
142158981,f1602688-97b0-4757-8a09-a7b5ab25ae69,2020/02/28 9:41 AM,2020-02-28,2020-02-28 15:41:00 UTC,America/Costa_Rica,1661722,jejimenez,J Esteban Jiménez,2022-11-16 18:02:17 UTC,2025-02-17 03:20:05 UTC,research,,https://www.inaturalist.org/observations/142158981,https://static.inaturalist.org/photos/243680485/medium.jpeg,,"","",1,0,false,,"San José, Rivas, Costa Rica",9.4456908165,-83.5389449193,244,,,,244,,open,false,,,Patagioenas subvinacea,Patagioenas subvinacea,Torcaza colorada,Aves,3095
142886868,9e7c784c-6c5d-412d-accd-73dff2bc777a,2018/04/06 10:59 AM,2018-04-06,2018-04-06 15:59:00 UTC,America/Guayaquil,12049,gaudettelaura,Laura Gaudette,2022-11-26 04:27:15 UTC,2022-12-01 01:30:38 UTC,needs_id,CC-BY,https://www.inaturalist.org/observations/142886868,https://inaturalist-open-data.s3.amazonaws.com/photos/245037117/medium.jpeg,,"","",0,0,false,,"Archidona Canton, Ecuador",-0.6755754057,-77.6010732366,4,,,,4,,open,false,,,Ruddy Pigeon,Patagioenas subvinacea,Torcaza colorada,Aves,3095
143140527,842cf769-212e-4885-9a10-3cae0d00f5a1,2022-11-27 15:30:00,2022-11-27,2022-11-27 20:30:00 UTC,America/Panama,6342564,dalyso,Dalys Otero,2022-11-28 03:07:17 UTC,2022-11-28 21:45:47 UTC,research,CC-BY-NC,https://www.inaturalist.org/observations/143140527,https://inaturalist-open-data.s3.amazonaws.com/photos/245459849/medium.jpeg,,"",,2,0,false,2,Brisas de sona,8.0044932326,-81.3244593143,207,,,,207,,open,false,gps,gps,Ruddy Pigeon,Patagioenas subvinacea,Torcaza colorada,Aves,3095
143462805,6d28679e-fac6-44c1-b46b-2ca8396b2a53,2022-12-01 10:43:17-05:00,2022-12-01,2022-12-01 15:43:17 UTC,America/Panama,285621,alcedo77,,2022-12-02 00:27:38 UTC,2022-12-02 00:27:54 UTC,needs_id,CC-BY-NC,https://www.inaturalist.org/observations/143462805,https://inaturalist-open-data.s3.amazonaws.com/photos/246039003/medium.jpg,,"","",0,0,false,3,"Comarca Embera Wounaan, PA",8.5063935933,-77.7675375841,23447,,,,23447,,open,false,,,"",Patagioenas subvinacea,Torcaza colorada,Aves,3095
143581156,b2e747a9-eaac-470c-b9f7-722986d1da1d,2022/08/26 12:58,2022-08-26,2022-08-26 16:58:00 UTC,America/Cuiaba,5411787,wagnerflorentino,Wagner Teixeira Florentino,2022-12-03 18:51:05 UTC,2022-12-03 18:52:49 UTC,research,CC-BY-NC,https://www.inaturalist.org/observations/143581156,https://inaturalist-open-data.s3.amazonaws.com/photos/246260804/medium.jpg,,"",,2,0,false,,"São José do Rio Claro - MT, Brasil",-13.7494593667,-56.6795111221,8,,,,8,,open,false,,,Pomba-botafogo,Patagioenas subvinacea,Torcaza colorada,Aves,3095
143587291,5535a77f-0f5e-48bd-afef-12eb578e3809,2022/11/18 7:24 AM,2022-11-18,2022-11-18 12:24:00 UTC,America/Guayaquil,1428321,dawicho,David Torres,2022-12-03 20:10:36 UTC,2022-12-05 11:29:53 UTC,research,CC-BY-NC,https://www.inaturalist.org/observations/143587291,https://inaturalist-open-data.s3.amazonaws.com/photos/246272413/medium.jpg,,"",,1,0,false,,"Orellana, Ecuador",-0.638007182,-76.1497076732,15,,,,15,,open,false,,,Torcaza colorada,Patagioenas subvinacea,Torcaza colorada,Aves,3095
143826056,46ae6309-637e-48f8-afc3-191025ba4f81,2022/11/11 10:26 AM,2022-11-11,2022-11-11 15:26:00 UTC,America/Guayaquil,234350,ted_goshulak,Ted Goshulak,2022-12-06 23:13:05 UTC,2022-12-06 23:13:05 UTC,needs_id,CC-BY-NC,https://www.inaturalist.org/observations/143826056,https://inaturalist-open-data.s3.amazonaws.com/photos/246665209/medium.jpeg,,"","",0,0,false,,"Archidona, Ecuador",-0.9085624,-77.8081363,3873,,,,3873,,open,false,,,Ruddy Pigeon,Patagioenas subvinacea,Torcaza colorada,Aves,3095
144340975,69637ce0-136e-4897-bd8c-f5a5e773001d,2022/04/23 4:56 PM,2022-04-23,2022-04-23 21:56:00 UTC,Bogota,330234,txstack,"",2022-12-14 04:54:39 UTC,2024-12-05 06:02:24 UTC,research,CC-BY-NC,https://www.inaturalist.org/observations/144340975,https://inaturalist-open-data.s3.amazonaws.com/photos/247713987/medium.jpeg,,"","",1,0,false,,"Unnamed Road, Mitú, Vaupés, Colombia",1.271309,-70.201926,,,,,,,open,false,,,Torcaza colorada,Patagioenas subvinacea,Torcaza colorada,Aves,3095
144646288,942a5ca8-ed24-4a5a-a793-954b54f6e507,2022/11/25 8:18 AM,2022-11-25,2022-11-25 13:18:00 UTC,America/Guayaquil,739230,lostincr,LostInCR,2022-12-19 03:47:07 UTC,2026-02-10 19:49:42 UTC,research,,https://www.inaturalist.org/observations/144646288,https://static.inaturalist.org/photos/248303273/medium.jpg,,"","",1,0,false,,"Pedro Vicente Maldonado, Pichincha, Ecuador",0.081345,-79.048968,784,,,,784,,open,false,,,Ruddy Pigeon,Patagioenas subvinacea,Torcaza colorada,Aves,3095
145054174,99138826-e39c-422e-9764-fec4c81d9761,2021/08/29 6:36 AM,2021-08-29,2021-08-29 11:36:00 UTC,America/Guayaquil,2533480,christoph_moning,Christoph Moning,2022-12-25 17:39:26 UTC,2024-10-26 16:03:50 UTC,research,CC-BY,https://www.inaturalist.org/observations/145054174,,https://static.inaturalist.org/sounds/576348.mp3?1671989800,"",,1,0,false,,"Hatun Sumaku, Ecuador",-0.6755082,-77.6010758,,,,,,,open,false,,,Ruddy Pigeon,Patagioenas subvinacea,Torcaza colorada,Aves,3095
145073209,9cabe183-5a36-44fb-8a4a-f82b93281105,2022-12-24 06:23:29,2022-12-24,2022-12-24 12:23:29 UTC,America/Costa_Rica,5902978,mau_cordero,Mauricio Cordero,2022-12-25 23:29:09 UTC,2022-12-25 23:29:22 UTC,needs_id,,https://www.inaturalist.org/observations/145073209,https://static.inaturalist.org/photos/249135813/medium.jpeg,,"",,0,0,false,2,Cerro Anguciana,8.8105554044,-83.1491667777,2144,,,,2144,,open,false,gps,gps,Torcaza colorada,Patagioenas subvinacea,Torcaza colorada,Aves,3095
145204668,c3199f76-6f28-49ae-8fb7-d472cedc8d57,2021/09/01 6:19 AM,2021-09-01,2021-09-01 11:19:00 UTC,America/Guayaquil,2533480,christoph_moning,Christoph Moning,2022-12-27 19:21:28 UTC,2024-09-30 14:28:10 UTC,research,CC-BY,https://www.inaturalist.org/observations/145204668,,https://static.inaturalist.org/sounds/577344.mp3?1672168840,"",,1,0,false,,"Hatun Sumaku, Ecuador",-0.6755082,-77.6010758,,,,,,,open,false,,,Ruddy Pigeon,Patagioenas subvinacea,Torcaza colorada,Aves,3095
145316085,ee187ad3-045c-4b7d-9826-beb8e708d93f,2022/12/18 6:36 AM,2022-12-18,2022-12-18 11:36:00 UTC,Bogota,684042,ricardo_sanchez,Ricardo Sánchez,2022-12-29 05:10:45 UTC,2022-12-29 05:39:49 UTC,research,CC-BY-NC,https://www.inaturalist.org/observations/145316085,https://inaturalist-open-data.s3.amazonaws.com/photos/249596981/medium.jpg,,"","",1,0,false,,"Yarumal, Antioquia, Colombia",6.9762362536,-75.5450241435,8,,,,8,,open,false,,,Torcaza colorada,Patagioenas subvinacea,Torcaza colorada,Aves,3095
145340414,f0e32933-6949-43af-a9f4-ce484fb10e1b,2022/12/18 1:20 PM,2022-12-18,2022-12-18 18:20:00 UTC,Bogota,684042,ricardo_sanchez,Ricardo Sánchez,2022-12-29 13:09:09 UTC,2022-12-29 14:06:36 UTC,research,CC-BY-NC,https://www.inaturalist.org/observations/145340414,https://inaturalist-open-data.s3.amazonaws.com/photos/249606586/medium.jpeg,,"","",1,0,false,,"Yarumal, Antioquia, Colombia",6.9549682858,-75.5295134224,4,,,,4,,open,false,,,Ruddy Pigeon,Patagioenas subvinacea,Torcaza colorada,Aves,3095
145438357,f6469b85-5f83-418d-aecb-33a92f0abe30,2018/02/08 8:28 AM,2018-02-08,2018-02-08 13:28:00 UTC,America/Guayaquil,20198,joshualincoln,Joshua Lincoln,2022-12-30 17:47:40 UTC,2022-12-30 17:47:40 UTC,needs_id,CC-BY-NC,https://www.inaturalist.org/observations/145438357,https://static.inaturalist.org/photos/249810774/medium.jpg,,"",,0,0,false,,"Hatun Sumaku, Ecuador",-0.621283,-77.604,246,,,,246,,open,false,,,Ruddy Pigeon,Patagioenas subvinacea,Torcaza colorada,Aves,3095
145460520,1cc41121-64d5-4532-91e1-32f7e42378a3,2022/12/28 9:55 AM,2022-12-28,2022-12-28 13:55:00 UTC,La Paz,9414,vincentvosriberalta,Vincent A. Vos,2022-12-30 23:10:07 UTC,2024-10-10 19:54:57 UTC,research,CC-BY,https://www.inaturalist.org/observations/145460520,https://inaturalist-open-data.s3.amazonaws.com/photos/249851927/medium.jpeg,,"","",1,0,false,,"Madre de Dios, Bolivia",-11.1332605668,-66.2074679583,31,,,,31,,open,false,,,Torcaza colorada,Patagioenas subvinacea,Torcaza colorada,Aves,3095
145460521,5bc9a3cc-3a39-42cc-8402-44f23e0128c4,2022/12/28 8:55 AM,2022-12-28,2022-12-28 12:55:00 UTC,La Paz,9414,vincentvosriberalta,Vincent A. Vos,2022-12-30 23:10:07 UTC,2024-10-10 19:54:57 UTC,research,CC-BY,https://www.inaturalist.org/observations/145460521,https://inaturalist-open-data.s3.amazonaws.com/photos/249851797/medium.jpeg,,"","",1,0,false,,"Madre de Dios, Bolivia",-11.1329705712,-66.2079507559,15,,,,15,,open,false,,,Ruddy Pigeon,Patagioenas subvinacea,Torcaza colorada,Aves,3095
145784580,64233486-d4a7-4a6b-8232-78a860a84f5d,2022/12/17 7:24 AM,2022-12-17,2022-12-17 13:24:00 UTC,America/Costa_Rica,499808,lukeberg,Luke Berg,2023-01-03 22:32:57 UTC,2025-11-16 16:04:10 UTC,needs_id,,https://www.inaturalist.org/observations/145784580,https://static.inaturalist.org/photos/250484632/medium.jpeg,,"",,0,0,false,,"San José Province, Copey District, Costa Rica",9.6133762377,-83.9085527133,348,,,,348,,open,false,,,Patagioenas subvinacea subvinacea,Patagioenas subvinacea subvinacea,,Aves,727775
145986968,0a1b2313-2f50-4435-9434-4c9239ffc8c1,2017/09/02 17:35,2017-09-02,2017-09-02 20:35:00 UTC,America/Belem,2721081,andersonsandro,Anderson Sandro,2023-01-06 20:52:55 UTC,2023-01-08 13:33:14 UTC,research,CC-BY-NC,https://www.inaturalist.org/observations/145986968,https://inaturalist-open-data.s3.amazonaws.com/photos/250882147/medium.jpg,,"",,1,0,false,,"Canaã dos Carajás - PA, 68537-000, Brasil",-6.4078314092,-50.0038847141,488,,,,488,,open,false,,,Pomba-botafogo,Patagioenas subvinacea,Torcaza colorada,Aves,3095
146073628,d862144d-2e2a-472a-b158-947cf770bb54,2018/07/22 08:45,2018-07-22,2018-07-22 11:45:00 UTC,America/Belem,1386693,luizfernandomatos,Luiz Fernando Matos,2023-01-07 22:52:10 UTC,2024-11-02 13:48:03 UTC,research,,https://www.inaturalist.org/observations/146073628,,https://static.inaturalist.org/sounds/582333.mp3?1673131883,"",,1,0,false,,"Canaã dos Carajás - PA, 68537-000, Brasil",-6.4673186292,-50.1016672648,3725,,,,3725,,open,false,,,Pomba-botafogo,Patagioenas subvinacea,Torcaza colorada,Aves,3095
146317650,95bcb197-3f90-4175-b522-b226674a692b,2023-01-10 09:03:59,2023-01-10,2023-01-10 15:03:59 UTC,America/Costa_Rica,1449509,jeffry_torres,Jeffry Torres,2023-01-11 05:04:25 UTC,2023-01-11 05:17:35 UTC,needs_id,CC-BY-NC,https://www.inaturalist.org/observations/146317650,https://inaturalist-open-data.s3.amazonaws.com/photos/251528487/medium.jpeg,,"",,0,0,false,2,Los Jilgueros Torre Alta,8.7853470629,-82.999884747,26,,,,26,,open,false,gps,gps,null,Patagioenas subvinacea,Torcaza colorada,Aves,3095
146669741,b19f7af9-1f84-4f57-a607-437b2ce14a0d,2023-01-12 09:16:05,2023-01-12,2023-01-12 15:16:05 UTC,America/Costa_Rica,1449509,jeffry_torres,Jeffry Torres,2023-01-16 05:13:03 UTC,2023-01-16 05:13:42 UTC,needs_id,CC-BY-NC,https://www.inaturalist.org/observations/146669741,https://inaturalist-open-data.s3.amazonaws.com/photos/252216847/medium.jpeg,,"",,0,0,false,2,Cabañas La Palmira,8.9411815937,-82.890262194,88,,,,88,,open,false,gps,gps,Patagioenas subvinacea,Patagioenas subvinacea,Torcaza colorada,Aves,3095
146748714,cb61a709-d49c-445a-89f8-5470c64893b6,2023/01/06 7:03 AM,2023-01-06,2023-01-06 13:03:00 UTC,America/Costa_Rica,2899624,donmarsille,Don Marsille,2023-01-17 08:04:55 UTC,2023-01-29 17:10:14 UTC,research,CC-BY-NC,https://www.inaturalist.org/observations/146748714,https://inaturalist-open-data.s3.amazonaws.com/photos/252371587/medium.jpg,,"",,2,0,false,,"San José, Copey, Costa Rica",9.6443031979,-83.8508891224,61,,,,61,,open,false,,,Ruddy Pigeon,Patagioenas subvinacea,Torcaza colorada,Aves,3095
147738409,1ca00242-f7f5-4bf1-b8f2-e7bb808bc634,2022/10/08 5:04 PM,2022-10-08,2022-10-08 22:04:00 UTC,America/Guayaquil,375183,ehjalmarson,Emily Hjalmarson,2023-01-31 02:27:18 UTC,2023-01-31 02:27:18 UTC,needs_id,CC-BY-NC,https://www.inaturalist.org/observations/147738409,https://inaturalist-open-data.s3.amazonaws.com/photos/254272334/medium.jpeg,,WildSumaco Lodge,Ruddy Pigeon,0,0,false,,"WildSumaco Lodge, Ecuador",-0.6761180556,-77.6004747222,,,,,,,open,false,,,Ruddy Pigeon,Patagioenas subvinacea,Torcaza colorada,Aves,3095
148276781,8892c1e9-7a30-4a04-9dc5-c9fc2d7c3d86,2023/01/24 7:47 AM,2023-01-24,2023-01-24 12:47:00 UTC,Bogota,6399881,grallarinima,Nima Gallego,2023-02-07 21:37:12 UTC,2023-02-07 21:37:12 UTC,needs_id,CC-BY-NC,https://www.inaturalist.org/observations/148276781,https://inaturalist-open-data.s3.amazonaws.com/photos/255307692/medium.jpeg,,"","",0,0,false,,"Yopal, Casanare, Colombia",5.3716364825,-72.2856608319,4,,,,4,,open,false,,,Patagioenas subvinacea,Patagioenas subvinacea,Torcaza colorada,Aves,3095
148322025,0e54e2f4-bcdd-4e19-a34b-25e54d2595a9,2023-01-25 08:35:23-08:00,2023-01-25,2023-01-25 16:35:23 UTC,America/Guayaquil,32912,debaraj,Debara,2023-02-08 15:46:13 UTC,2025-04-19 14:01:45 UTC,research,CC-BY-NC,https://www.inaturalist.org/observations/148322025,https://inaturalist-open-data.s3.amazonaws.com/photos/255395788/medium.jpg,,"","",1,0,false,3,"Archidona, Napo, EC",-0.71209605,-77.95463945,28235,,,,28235,,open,false,,,Ruddy Pigeon,Patagioenas subvinacea,Torcaza colorada,Aves,3095
148495193,70245bab-0926-443c-a853-482d826b901a,2023-01-25 14:12:26-05:00,2023-01-25,2023-01-25 19:12:26 UTC,Quito,6245162,neornithes,"Olenka Chienda, Patrick Gamero, Jordi Tarazona",2023-02-11 04:34:39 UTC,2023-02-11 04:34:54 UTC,needs_id,,https://www.inaturalist.org/observations/148495193,https://static.inaturalist.org/photos/255731283/medium.jpg,,"","",0,0,false,3,"Parque Nacional Tingo María, Departamento de Huanuco, PE",-9.3829036187,-75.9972866115,65,,,,65,,open,false,,,"",Patagioenas subvinacea,Torcaza colorada,Aves,3095
148649135,8ec2cce4-833e-4efc-932b-07a7c9ad2563,2023/02/09 6:14 PM,2023-02-09,2023-02-09 23:14:00 UTC,America/Guayaquil,2547984,josegranizo,Jose Granizo,2023-02-12 23:37:26 UTC,2024-06-12 00:40:50 UTC,needs_id,CC-BY-NC,https://www.inaturalist.org/observations/148649135,https://inaturalist-open-data.s3.amazonaws.com/photos/256018929/medium.jpg,,"",,0,0,false,,"Shushufindi, Ecuador",-0.3976180954,-76.6120180753,917,,,,917,,open,false,,,Torcaza Colorada,Patagioenas subvinacea,Torcaza colorada,Aves,3095
150107735,be542cbe-27e3-4245-9bbd-f2bf3f8464b6,2023/01/18 9:16 AM,2023-01-18,2023-01-18 14:16:00 UTC,America/Guayaquil,748699,don54,Don Wellmann,2023-03-03 04:39:36 UTC,2026-02-11 00:28:44 UTC,needs_id,,https://www.inaturalist.org/observations/150107735,https://static.inaturalist.org/photos/258768239/medium.jpeg,,"",,0,0,false,,"4VV5+XF8, Pedro Vicente Maldonado, Ecuador",0.1449159,-79.1412988,200,,,,200,,open,false,,,Ruddy Pigeon,Patagioenas subvinacea,Torcaza colorada,Aves,3095
150246630,326d1848-e0f5-4c3d-b46d-de63a574685b,2023/01/31 18:04,2023-01-31,2023-01-31 23:04:00 UTC,America/Guayaquil,4822666,j4n_w,,2023-03-04 21:31:00 UTC,2023-04-23 01:34:49 UTC,research,CC-BY-NC,https://www.inaturalist.org/observations/150246630,https://inaturalist-open-data.s3.amazonaws.com/photos/259026092/medium.jpg,,"",,1,0,false,,"Pedro Vicente Maldonado, Ecuador",0.1427496548,-79.1382595686,4,,,,4,,open,false,,,Ruddy Pigeon,Patagioenas subvinacea,Torcaza colorada,Aves,3095
150275940,e2659636-4a49-49f7-9fa5-3cf721fe5476,2023/01/19 8:13 AM,2023-01-19,2023-01-19 13:13:00 UTC,America/Guayaquil,748699,don54,Don Wellmann,2023-03-05 03:56:51 UTC,2026-02-11 00:28:44 UTC,research,,https://www.inaturalist.org/observations/150275940,https://static.inaturalist.org/photos/259089076/medium.jpeg,,"",,1,0,false,,"Los Bancos Canton, Ecuador",-0.0339907761,-78.8675980386,212,,,,212,,open,false,,,Ruddy Pigeon,Patagioenas subvinacea,Torcaza colorada,Aves,3095
150360843,a30b2a8f-f08b-4e05-830b-f914cadc22ee,2023/01/19 10:09 AM,2023-01-19,2023-01-19 15:09:00 UTC,America/Guayaquil,748699,don54,Don Wellmann,2023-03-05 23:55:16 UTC,2026-02-11 00:28:44 UTC,research,,https://www.inaturalist.org/observations/150360843,https://static.inaturalist.org/photos/259253292/medium.jpeg,,"",,1,0,false,,"Los Bancos Canton, Ecuador",-0.0346988792,-78.8663964089,212,,,,212,,open,false,,,Ruddy Pigeon,Patagioenas subvinacea,Torcaza colorada,Aves,3095
150755072,fb0a8fa6-7e1a-4124-adfc-efefda9dcd4f,2023/02/16 6:16 AM,2023-02-16,2023-02-16 12:16:00 UTC,America/Costa_Rica,3232977,perca31,Wolfgang Jansen,2023-03-10 19:33:51 UTC,2025-09-01 06:05:33 UTC,research,,https://www.inaturalist.org/observations/150755072,https://static.inaturalist.org/photos/260008233/medium.jpg,,"",,1,0,false,,"Rivas, San José Province, Costa Rica",9.4648291,-83.6135572,8730,,,,8730,,open,false,,,Ruddy Pigeon,Patagioenas subvinacea,Torcaza colorada,Aves,3095
150772255,e4da49b6-67fd-4c16-a497-e16216b76862,2023/03/03,2023-03-03,,America/Araguaina,4140797,luciano_bernardes,Luciano Bernardes,2023-03-10 23:23:26 UTC,2024-08-04 21:54:04 UTC,research,CC-BY-NC,https://www.inaturalist.org/observations/150772255,https://inaturalist-open-data.s3.amazonaws.com/photos/260041352/medium.jpg,,"",,1,0,false,,"Colinas do Tocantins - TO, 77760-000, Brasil",-8.0205679061,-48.605088583,977,,,,977,,open,false,,,Pomba-botafogo,Patagioenas subvinacea,Torcaza colorada,Aves,3095
150772275,139f3149-a3e6-4086-98c1-54e2348cda5e,2023/03/03,2023-03-03,,America/Araguaina,4140797,luciano_bernardes,Luciano Bernardes,2023-03-10 23:23:33 UTC,2024-08-04 21:54:04 UTC,research,CC-BY-NC,https://www.inaturalist.org/observations/150772275,https://inaturalist-open-data.s3.amazonaws.com/photos/260041565/medium.jpg,,"",,1,0,false,,"Colinas do Tocantins - TO, 77760-000, Brasil",-8.0205679061,-48.605088583,977,,,,977,,open,false,,,Pomba-botafogo,Patagioenas subvinacea,Torcaza colorada,Aves,3095
151417730,91f7fc42-e978-42dd-8f85-b4fa7fd68b4a,2023/02/27 3:50 PM,2023-02-27,2023-02-27 20:50:00 UTC,America/Guayaquil,83288,bobmcd,Bob McDougall,2023-03-17 20:16:28 UTC,2025-02-13 23:12:33 UTC,research,CC-BY-NC,https://www.inaturalist.org/observations/151417730,https://inaturalist-open-data.s3.amazonaws.com/photos/261245943/medium.jpeg,,"",,1,0,false,,"Quijos, Ecuador",-0.469585,-77.8654366667,,,,,,,open,false,,,Ruddy Pigeon,Patagioenas subvinacea,Torcaza colorada,Aves,3095
151488836,4d33941a-1e16-47c8-9f3e-f418621f4964,2023/02/27 1:10 PM,2023-02-27,2023-02-27 18:10:00 UTC,America/Guayaquil,523225,michael_butler,Michael Butler,2023-03-18 15:07:30 UTC,2025-02-11 16:19:22 UTC,needs_id,CC-BY-NC,https://www.inaturalist.org/observations/151488836,https://inaturalist-open-data.s3.amazonaws.com/photos/261391153/medium.jpeg,,"",,0,0,false,,"Los Bancos Canton, Ecuador",-0.05582192,-78.7699366,4,,,,4,,open,false,,,Ruddy Pigeon,Patagioenas subvinacea,Torcaza colorada,Aves,3095
151699472,1bac5cac-51bb-4d60-8723-d7f57f884277,2023/03/08 10:27 AM,2023-03-08,2023-03-08 15:27:00 UTC,America/Guayaquil,83288,bobmcd,Bob McDougall,2023-03-20 04:34:47 UTC,2026-02-23 04:40:24 UTC,research,CC-BY-NC,https://www.inaturalist.org/observations/151699472,https://inaturalist-open-data.s3.amazonaws.com/photos/261782261/medium.jpeg,,"",,1,0,false,,"Orellana, Parque Nacional Yasuní, Orellana, Ecuador",-0.5288183333,-76.3947083333,,,,,,,open,false,,,Ruddy Pigeon,Patagioenas subvinacea,Torcaza colorada,Aves,3095
151779049,a137413e-2bfb-4afa-bffe-6c50ee842c24,2023/03/14 3:26 PM,2023-03-14,2023-03-14 20:26:00 UTC,Bogota,829252,luisalejandroquinterobernal,Luis Alejandro Quintero Bernal,2023-03-21 00:01:01 UTC,2023-03-21 00:01:01 UTC,needs_id,,https://www.inaturalist.org/observations/151779049,https://static.inaturalist.org/photos/261933093/medium.jpeg,,"",,0,0,false,,"Unnamed Road, Mistrató, Mistrato, Risaralda, Colombia",5.3736165,-75.8907826,211,,,,211,,open,false,,,Torcaza Colorada,Patagioenas subvinacea,Torcaza colorada,Aves,3095
151795919,1f036503-4a55-451d-a3f0-03f7ec8ded6b,2023-03-14,2023-03-14,,America/Guayaquil,5985619,lukeknutson9,Luke Knutson,2023-03-21 03:28:27 UTC,2023-03-21 05:32:23 UTC,needs_id,,https://www.inaturalist.org/observations/151795919,https://static.inaturalist.org/photos/261982622/medium.jpg,,class-bulkobservationfile-user_id-5985619-filename-output_file-csv-project_id-2023-03-20 20:28:20 -0700.csv,Patagioenas subvinacea,0,0,false,,Rio Silanche--general area,0.1171009,-79.1360923,,,,,,,open,false,,,Ruddy Pigeon,Patagioenas subvinacea,Torcaza colorada,Aves,3095
151963990,8d02b598-14bb-4574-a63d-5c3b2c408028,2023-03-07 09:21:16,2023-03-07,2023-03-07 14:21:16 UTC,Quito,6406460,kassandra69,Kassandra Guerra Sanchez,2023-03-22 21:13:02 UTC,2023-03-22 21:15:28 UTC,needs_id,,https://www.inaturalist.org/observations/151963990,https://static.inaturalist.org/photos/262281387/medium.jpeg,,"","Género
Patagioenas - Patagioenas

Familia
Columbidae - Tortolitas y coquitas, Palomas, Tórtolas

Orden
Columbiformes - Tortolitas y coquitas, Palomas

Clase
Aves - Aves

Filo
Chordata - Cordados",0,0,false,2,"Puerto Almendra 16000, Perú",-3.8276628889,-73.3760375833,,,,,,,open,false,gps,gps,Torcaza colorada,Patagioenas subvinacea,Torcaza colorada,Aves,3095
151966716,1745dfc3-abb4-494d-9711-7b6a037f6226,2023-03-07 09:21:09,2023-03-07,2023-03-07 14:21:09 UTC,Quito,6404095,david7056,David Vela Araujo,2023-03-22 21:38:32 UTC,2023-03-22 21:42:25 UTC,needs_id,,https://www.inaturalist.org/observations/151966716,https://static.inaturalist.org/photos/262286387/medium.jpeg,,"",,0,0,false,2,"Puerto Almendra 16000, Perú",-3.8276916667,-73.3759833333,,,,,,,open,false,gps,gps,Torcaza colorada,Patagioenas subvinacea,Torcaza colorada,Aves,3095
152048401,dc9c55dc-e990-4aa4-a34d-ae9e6aebcfd9,2023-03-21 15:21:44,2023-03-21,2023-03-21 20:21:44 UTC,America/Guayaquil,5821371,juank85,Juank Espín,2023-03-23 17:46:43 UTC,2023-03-23 17:48:30 UTC,needs_id,,https://www.inaturalist.org/observations/152048401,https://static.inaturalist.org/photos/262431909/medium.jpeg,,"",,0,0,false,2,"Puerto Quito, Ecuador",0.1092929103,-79.1788966209,32,,,,32,,open,false,gps,gps,Torcaza colorada,Patagioenas subvinacea,Torcaza colorada,Aves,3095
152167519,bc25585f-3d80-4880-96da-373f08076126,2022/07/06 09:09,2022-07-06,2022-07-06 13:09:00 UTC,America/Cuiaba,3112862,lilatomazelli,Lilian Tomazelli,2023-03-24 20:20:44 UTC,2023-03-24 20:22:07 UTC,research,CC-BY-NC,https://www.inaturalist.org/observations/152167519,https://inaturalist-open-data.s3.amazonaws.com/photos/262651356/medium.jpg,,"",Casal,1,0,false,,Feliz Natal MT ,-12.3820733,-54.936976,2148,,,,2148,,open,false,,,Pomba-botafogo,Patagioenas subvinacea,Torcaza colorada,Aves,3095
152392996,e8ddb1fc-621c-436e-80d2-bcbeacf504fd,2021/05/16 13:09,2021-05-16,2021-05-16 17:09:00 UTC,America/Porto_Velho,6598701,welingtonnascimento,Welington Nascimento,2023-03-26 17:20:12 UTC,2023-03-26 19:10:44 UTC,research,CC-BY-NC,https://www.inaturalist.org/observations/152392996,https://inaturalist-open-data.s3.amazonaws.com/photos/263067169/medium.jpg,,"",,1,0,false,,"Porto Velho, RO, Brasil",-8.7635475,-63.8971723,13961,,,,13961,,open,false,,,Pomba-botafogo,Patagioenas subvinacea,Torcaza colorada,Aves,3095
152819740,188375c6-5486-4a9e-a0f2-2cc5eb6bd739,2022-11-22 08:10:08,2022-11-22,2022-11-22 13:10:08 UTC,Bogota,6619725,nucleopalmeroaceitesmorichalsas,Núcleo Palmero Aceites Morichal S.A.S.,2023-03-30 11:42:21 UTC,2023-03-30 11:42:26 UTC,needs_id,CC-BY-NC,https://www.inaturalist.org/observations/152819740,https://inaturalist-open-data.s3.amazonaws.com/photos/263859935/medium.jpeg,,"",,0,0,false,2,"La Palmera, San Carlos de Guaroa, Meta, Colombia",3.9169957724,-73.2345444337,119,,,,119,,open,false,gps,gps,Torcaza colorada,Patagioenas subvinacea,Torcaza colorada,Aves,3095
152972365,7c4e6602-d6e0-4da1-a4d7-f0dde1c51e25,2023-03-31 17:25:37,2023-03-31,2023-03-31 21:25:37 UTC,La Paz,6630194,rmendozar,Raúl Orlando Mendoza Barrera,2023-03-31 21:26:29 UTC,2023-04-02 14:04:57 UTC,needs_id,,https://www.inaturalist.org/observations/152972365,https://static.inaturalist.org/photos/264142858/medium.jpeg,,"",,1,0,false,2,"Cercado, BO-EB, BO",-14.8354219,-64.9052543,19,,,,19,,open,false,,,Torcaza colorada,Patagioenas subvinacea,Torcaza colorada,Aves,3095
153116717,09e048f3-aadc-4e6a-b6be-f7da027f1d9c,2023-04-01 11:03:00,2023-04-01,2023-04-01 16:03:00 UTC,America/Panama,1678955,toucan55,Donald Pendleton,2023-04-02 00:40:05 UTC,2023-08-04 22:57:46 UTC,research,CC-BY-NC,https://www.inaturalist.org/observations/153116717,https://inaturalist-open-data.s3.amazonaws.com/photos/264415102/medium.jpeg,,"",,1,0,false,2,"La Verrugosa, Bürí, Panama",8.7820444,-82.1838309997,,,,,,,open,false,gps,gps,Ruddy Pigeon,Patagioenas subvinacea,Torcaza colorada,Aves,3095
153391218,eca7c301-5c22-4e2e-88bb-80fc389ec9ba,2023-04-03 06:20:12-07:00,2023-04-03,2023-04-03 13:20:12 UTC,Bogota,843428,rdpost,,2023-04-04 00:35:36 UTC,2023-04-04 00:35:51 UTC,needs_id,,https://www.inaturalist.org/observations/153391218,https://static.inaturalist.org/photos/264924667/medium.jpg,,"","",0,0,false,3,"60, Cocorná, Antioquia, CO",6.069060605,-75.2243059447,1360,,,,1360,,open,false,,,"",Patagioenas subvinacea,Torcaza colorada,Aves,3095
153619353,f91a4a9d-513c-42d9-855f-6ea5d0ce274e,2023/04/03 11:46 AM,2023-04-03,2023-04-03 16:46:00 UTC,Bogota,684042,ricardo_sanchez,Ricardo Sánchez,2023-04-05 22:05:41 UTC,2023-04-05 22:05:41 UTC,needs_id,CC-BY-NC,https://www.inaturalist.org/observations/153619353,https://inaturalist-open-data.s3.amazonaws.com/photos/265280845/medium.jpeg,,"",,0,0,false,,"Briceño, Antioquia, Colombia",7.0439302944,-75.6163550678,4,,,,4,,open,false,,,Torcaza Colorada,Patagioenas subvinacea,Torcaza colorada,Aves,3095
154484687,4a967a41-fa03-449a-9c14-eea23e4b5cde,2023/04/09 12:40,2023-04-09,2023-04-09 15:40:00 UTC,America/Belem,1386693,luizfernandomatos,Luiz Fernando Matos,2023-04-11 22:15:28 UTC,2024-08-03 04:42:29 UTC,research,,https://www.inaturalist.org/observations/154484687,,https://static.inaturalist.org/sounds/640067.mp3?1681251287,"",,1,0,false,,"Parauapebas - PA, 68515-000, Brasil",-6.0767503112,-50.0727800858,351,,,,351,,open,false,,,Pomba-botafogo,Patagioenas subvinacea,Torcaza colorada,Aves,3095
154654397,65db4324-c6cf-45d7-a030-5267a8d6ce5f,2023/03/30 11:41 AM,2023-03-30,2023-03-30 17:41:00 UTC,America/Costa_Rica,2860446,er-birds,"",2023-04-13 03:11:52 UTC,2023-04-13 20:43:53 UTC,research,CC-BY,https://www.inaturalist.org/observations/154654397,https://inaturalist-open-data.s3.amazonaws.com/photos/267247321/medium.jpeg,,"",,1,0,false,,Costa Rica,10.3734886056,-84.8588810737,500,,,,31199,obscured,open,true,,,Ruddy Pigeon,Patagioenas subvinacea,Torcaza colorada,Aves,3095
154885230,9f5ff50b-9fb2-40a5-8f44-f93367c9cd65,2023/03/16 7:19 AM,2023-03-16,2023-03-16 13:19:00 UTC,America/Costa_Rica,1520311,owen_sinkus,Owen Sinkus,2023-04-14 22:35:30 UTC,2023-04-14 22:35:30 UTC,needs_id,CC-BY-NC,https://www.inaturalist.org/observations/154885230,https://inaturalist-open-data.s3.amazonaws.com/photos/267666209/medium.jpg,,"",,0,0,false,,Curi-Cancha Reserve,10.3064282,-84.8075365,210,,,,210,,open,false,,,Ruddy Pigeon,Patagioenas subvinacea,Torcaza colorada,Aves,3095
155051655,3546e6df-30d8-484c-bb1a-bba13b3421a6,2023/04/15 3:41 PM,2023-04-15,2023-04-15 19:41:00 UTC,La Paz,9414,vincentvosriberalta,Vincent A. Vos,2023-04-15 21:59:52 UTC,2024-10-10 19:54:57 UTC,research,CC-BY,https://www.inaturalist.org/observations/155051655,https://inaturalist-open-data.s3.amazonaws.com/photos/267962778/medium.jpeg,,"",,1,0,false,,"Vaca Diez, Bolivia",-11.0256505027,-66.099453091,15,,,,15,,open,false,,,Torcaza colorada,Patagioenas subvinacea,Torcaza colorada,Aves,3095
155338561,cd497925-7dfd-4b54-adc1-f3ddfb24392a,2023/02/10 19:57,2023-02-10,2023-02-11 00:57:00 UTC,America/Guayaquil,4822666,j4n_w,,2023-04-17 15:58:08 UTC,2023-04-30 05:02:19 UTC,research,CC-BY-NC,https://www.inaturalist.org/observations/155338561,https://inaturalist-open-data.s3.amazonaws.com/photos/268488717/medium.jpg,,"",,1,0,false,,"Canton Archidona, Ecuador",-0.6752510852,-77.6022559214,31,,,,31,,open,false,,,Ruddy Pigeon,Patagioenas subvinacea,Torcaza colorada,Aves,3095
155463656,8f62a7e3-a1f2-466d-9567-1c394764d7f1,2010/09/22 7:35 AM,2010-09-22,2010-09-22 12:35:00 UTC,Quito,6476964,paulkingsnorth,Paul Kingsnorth,2023-04-18 13:22:38 UTC,2023-04-18 13:22:38 UTC,needs_id,CC-BY-NC-ND,https://www.inaturalist.org/observations/155463656,https://inaturalist-open-data.s3.amazonaws.com/photos/268737115/medium.jpg,,"","",0,0,false,,"Manú Province, Peru",-12.4396777778,-70.6012333333,999,,,,999,,open,false,,,Ruddy Pigeon,Patagioenas subvinacea,Torcaza colorada,Aves,3095
155778015,44d4289c-9220-4cd0-af7b-e42ce329c333,2016-01-30 09:27:30,2016-01-30,2016-01-30 13:27:30 UTC,America/Boa_Vista,6668870,alexandrecurcino,Alexandre Curcino,2023-04-20 17:53:11 UTC,2023-04-20 22:12:21 UTC,research,,https://www.inaturalist.org/observations/155778015,https://static.inaturalist.org/photos/269309750/medium.jpeg,,"",,1,0,false,2,Cantá,2.6101142391,-60.6010945514,746,,,,746,,open,false,,,Pomba-botafogo,Patagioenas subvinacea,Torcaza colorada,Aves,3095
156348034,0c535384-9d20-47f9-8e22-63e2d4405716,2023/04/08 20:56,2023-04-08,2023-04-09 00:56:00 UTC,America/Porto_Velho,1377941,arturcuca_avisteiali,Artur Luiz,2023-04-24 01:21:55 UTC,2023-04-24 01:24:55 UTC,research,,https://www.inaturalist.org/observations/156348034,https://static.inaturalist.org/photos/270346671/medium.jpg,,"",,1,0,false,,"Porto Velho - RO, Brasil",-8.7201673763,-63.893383201,122,,,,122,,open,false,,,Pomba-botafogo,Patagioenas subvinacea,Torcaza colorada,Aves,3095
156968082,25b71087-b8a3-49a2-b367-9e5f58f77633,2023/03/28 12:56 PM,2023-03-28,2023-03-28 17:56:00 UTC,America/Guayaquil,1375988,naturalist5716,louislo,2023-04-27 23:35:19 UTC,2023-04-28 01:52:16 UTC,research,,https://www.inaturalist.org/observations/156968082,https://static.inaturalist.org/photos/271465397/medium.jpeg,,"",,1,0,false,,"Pichincha, EC",0.1505058239,-78.9434286382,3000,,,,31451,obscured,open,true,,,Ruddy Pigeon,Patagioenas subvinacea,Torcaza colorada,Aves,3095
156975294,88cab4b3-1d7b-40a1-a875-95116857c2ce,2023-04-25 16:00:29,2023-04-25,2023-04-25 21:00:29 UTC,Quito,5567551,kimlea,Kim,2023-04-28 00:33:49 UTC,2023-04-28 13:34:39 UTC,research,CC-BY-NC,https://www.inaturalist.org/observations/156975294,https://inaturalist-open-data.s3.amazonaws.com/photos/271480679/medium.jpeg,,"",,2,0,false,2,Pantiacolla Lodge,-12.6513967195,-71.2353871018,552,,,,552,,open,false,gps,gps,Torcaza colorada,Patagioenas subvinacea,Torcaza colorada,Aves,3095
158431021,d0d0e80e-2413-4080-970f-ab4434fb0727,2023/04/09 10:50 AM,2023-04-09,2023-04-09 16:50:00 UTC,America/Costa_Rica,777160,stevendaniel,Steven Daniel,2023-05-01 01:54:26 UTC,2023-05-01 02:51:04 UTC,research,CC-BY-NC,https://www.inaturalist.org/observations/158431021,https://static.inaturalist.org/photos/273797435/medium.jpg,,"",,1,0,false,,"Puntarenas Province, Monteverde, Costa Rica",10.301074445,-84.798295,,,,,,,open,false,,,Ruddy Pigeon,Patagioenas subvinacea,Torcaza colorada,Aves,3095
158753449,ef412851-8189-40c8-a9ff-045010b8f02c,2023-05-01 08:54:17,2023-05-01,2023-05-01 12:54:17 UTC,America/Manaus,5785718,lucaasbeckman,LucaasBeckman,2023-05-01 17:49:24 UTC,2023-07-08 03:16:32 UTC,research,CC-BY-NC,https://www.inaturalist.org/observations/158753449,https://inaturalist-open-data.s3.amazonaws.com/photos/274317767/medium.jpeg,,"",,2,0,false,2,RPPN e AICOM Sítio Bons Amigos,-2.8438205647,-60.0654138252,213,,,,213,,open,false,gps,gps,Torcaza colorada,Patagioenas subvinacea,Torcaza colorada,Aves,3095
161092661,b08d9890-3e06-4818-b793-e9e04207d760,2022/10/07 3:35 PM,2022-10-07,2022-10-07 19:35:00 UTC,America/Boa_Vista,6457643,reinaldogibin,,2023-05-11 16:18:06 UTC,2023-05-11 18:40:04 UTC,research,CC-BY-NC,https://www.inaturalist.org/observations/161092661,https://inaturalist-open-data.s3.amazonaws.com/photos/278420573/medium.jpeg,,"","",1,0,false,,"Amajari, RR, 69343-000, Brasil",3.6542857,-61.4191455,2165,,,,2165,,open,false,,,Pomba-botafogo,Patagioenas subvinacea,Torcaza colorada,Aves,3095
161604932,6256ed0d-e023-4f14-890c-9de630fd625b,2023/05/13 7:34 AM,2023-05-13,2023-05-13 12:34:00 UTC,America/Panama,1493572,katiuska19,"",2023-05-14 14:33:51 UTC,2023-08-04 22:57:11 UTC,research,CC-BY-NC,https://www.inaturalist.org/observations/161604932,https://inaturalist-open-data.s3.amazonaws.com/photos/279337853/medium.jpeg,,"",,2,0,false,,"Bürí, Panamá",8.7809011564,-82.2095208086,31,,,,31,,open,false,,,Ruddy Pigeon,Patagioenas subvinacea,Torcaza colorada,Aves,3095
163696307,106f9e48-dad1-4241-bb04-6e56045486dc,2023-05-25 08:32:08-06:00,2023-05-25,2023-05-25 14:32:08 UTC,America/Costa_Rica,1100056,cicciocostarica,Randall Jiménez,2023-05-25 19:34:21 UTC,2024-08-08 14:32:50 UTC,needs_id,CC-BY-NC,https://www.inaturalist.org/observations/163696307,,https://static.inaturalist.org/sounds/712130.m4a?1685043263,"","",0,0,false,3,"Coto Brus, Puntarenas, CR",8.7855235272,-82.9595675934,6,,,,6,,open,false,,,"",Patagioenas subvinacea,Torcaza colorada,Aves,3095
165392148,3076b8f3-1d4a-497d-ac8e-02fed9057a3b,2023-06-03 07:38:59,2023-06-03,2023-06-03 12:38:59 UTC,America/Guayaquil,2570780,quilicotriste,Esteban Poveda,2023-06-03 21:59:35 UTC,2024-12-16 01:44:09 UTC,research,CC-BY,https://www.inaturalist.org/observations/165392148,https://inaturalist-open-data.s3.amazonaws.com/photos/286289424/medium.jpeg,,"",,1,0,false,2,"Rio verde Machay, Ecuador",-1.4032977196,-78.2832403108,218,,,,218,,open,false,gps,gps,Ruddy Pigeon,Patagioenas subvinacea,Torcaza colorada,Aves,3095
165920262,9451140f-9e4c-4410-8663-00c37d05cee1,2023/05/18 11:09 AM,2023-05-18,2023-05-18 17:09:00 UTC,America/Costa_Rica,216168,psweet,"",2023-06-06 16:13:33 UTC,2024-08-10 01:51:35 UTC,needs_id,CC-BY-NC,https://www.inaturalist.org/observations/165920262,,https://static.inaturalist.org/sounds/727941.wav?1686067831,"",,0,0,false,,"Monteverde Cloud Forest Reserve, Puntarenas, CR",10.3019481856,-84.7907218861,414,,,,414,,open,false,,,Ruddy Pigeon,Patagioenas subvinacea,Torcaza colorada,Aves,3095
166748090,2f0fa8d5-ba91-4295-8eeb-acc954200dfa,2018/06/05 9:37 AM,2018-06-05,2018-06-05 13:37:00 UTC,America/Manaus,3617467,kdbishop69,David Bishop,2023-06-11 06:55:49 UTC,2023-06-11 09:18:10 UTC,research,CC-BY-NC,https://www.inaturalist.org/observations/166748090,https://inaturalist-open-data.s3.amazonaws.com/photos/288788197/medium.jpg,,"",,1,0,false,,"Novo Airão - State of Amazonas, 69730-000, Brazil",-2.5928811559,-60.9042576712,977,,,,977,,open,false,,,Pomba-botafogo,Patagioenas subvinacea,Torcaza colorada,Aves,3095
166828361,fcfcf295-bac7-4f10-a9c5-efacdda05f30,2022/10/30 17:13,2022-10-30,2022-10-30 21:13:00 UTC,America/Cuiaba,6938037,ricardobarreira,Ricardo Barreira,2023-06-11 16:23:56 UTC,2023-06-11 16:28:22 UTC,research,CC-BY-NC,https://www.inaturalist.org/observations/166828361,https://inaturalist-open-data.s3.amazonaws.com/photos/288927277/medium.jpg,,"",,1,0,false,,Comodoro,-13.6599050903,-59.7896629572,2200,,,,2200,,open,false,gps,gps,Pomba-Botafogo,Patagioenas subvinacea,Torcaza colorada,Aves,3095
167134582,1cc1b213-bcef-4800-9d3b-df65e7d4041f,2023-01-02 07:30:00-06:00,2023-01-02,2023-01-02 13:30:00 UTC,America/Costa_Rica,1928743,liam_pentangelo,Liam Pentangelo,2023-06-13 03:32:59 UTC,2024-08-01 18:57:23 UTC,needs_id,CC-BY-NC,https://www.inaturalist.org/observations/167134582,,https://static.inaturalist.org/sounds/736536.m4a?1686627011,"","",0,0,false,,"Puntarenas Province, Monteverde, Costa Rica",10.3076875465,-84.8119952141,4,,,,4,,open,false,,,"",Patagioenas subvinacea,Torcaza colorada,Aves,3095
168025151,670d0ce4-167a-4b2c-a403-5b1fd069bdef,2020-05-24 17:41:07,2020-05-24,2020-05-24 23:41:07 UTC,America/Costa_Rica,1449509,jeffry_torres,Jeffry Torres,2023-06-18 04:52:35 UTC,2023-08-01 22:33:30 UTC,research,CC-BY-NC,https://www.inaturalist.org/observations/168025151,https://inaturalist-open-data.s3.amazonaws.com/photos/291164956/medium.jpeg,,"",,1,0,false,2,"Guaycara, Provincia de Puntarenas, Corredores, Costa Rica",8.7786663889,-83.0414030556,,,,,,,open,false,gps,gps,Torcaza colorada,Patagioenas subvinacea,Torcaza colorada,Aves,3095
168714979,3409acbb-9792-4028-bbca-04653ac54a07,2023/04/27 08:16,2023-04-27,2023-04-27 14:16:00 UTC,America/Costa_Rica,1389112,andregeelhoed,,2023-06-21 20:22:23 UTC,2023-06-22 01:35:41 UTC,research,CC-BY-NC,https://www.inaturalist.org/observations/168714979,https://inaturalist-open-data.s3.amazonaws.com/photos/292412720/medium.jpeg,,"",,1,0,false,,"Puntarenas, Monteverde, Costa Rica",10.3043632437,-84.7957771068,31,,,,31,,open,false,,,Ruddy Pigeon,Patagioenas subvinacea,Torcaza colorada,Aves,3095
169480585,13d28e10-14bd-4d74-8a03-652f2cb20319,2023/06/18,2023-06-18,,America/Costa_Rica,1400977,dwightbaker,Dwight Baker,2023-06-25 22:25:39 UTC,2024-09-05 01:30:06 UTC,research,CC-BY-NC,https://www.inaturalist.org/observations/169480585,https://inaturalist-open-data.s3.amazonaws.com/photos/293831570/medium.jpeg,,"","",1,0,false,,"Puntarenas Province, Monteverde, Costa Rica",10.3029594198,-84.7945284442,8,,,,8,,open,false,,,Ruddy Pigeon,Patagioenas subvinacea,Torcaza colorada,Aves,3095
170177613,d46a87de-c6ee-43f0-885a-7690d84c5b14,2023/06/14 2:52 PM,2023-06-14,2023-06-14 19:52:00 UTC,America/Guayaquil,3493585,sean2112,Sean Salazar,2023-06-29 21:10:39 UTC,2023-06-29 21:10:39 UTC,needs_id,CC-BY-NC,https://www.inaturalist.org/observations/170177613,https://inaturalist-open-data.s3.amazonaws.com/photos/295111533/medium.jpg,,"",,0,0,false,,"57H8+QG, Chaguaraco, Ecuador",0.1794276,-78.7336913,525,,,,525,,open,false,,,Ruddy Pigeon,Patagioenas subvinacea,Torcaza colorada,Aves,3095
170228833,64b440ab-5f63-4e66-9d67-d1e69373d137,2023-06-29 08:38:56,2023-06-29,2023-06-29 13:38:56 UTC,Bogota,5279444,rojo_pajarero,Jerson Marín,2023-06-30 04:55:05 UTC,2023-06-30 04:55:11 UTC,needs_id,CC-BY-NC,https://www.inaturalist.org/observations/170228833,https://inaturalist-open-data.s3.amazonaws.com/photos/295221926/medium.jpeg,,"",,0,0,false,2,Cocorná,6.0609176155,-75.2145873383,710,,,,710,,open,false,gps,gps,Torcaza colorada,Patagioenas subvinacea,Torcaza colorada,Aves,3095
171648473,e155663e-1fa4-4966-a2a9-7854edce100c,2023/06/18 11:50,2023-06-18,2023-06-18 14:50:00 UTC,America/Belem,168878,leonardomercon,Leonardo Merçon,2023-07-07 23:49:28 UTC,2025-10-02 20:57:23 UTC,research,CC-BY-NC,https://www.inaturalist.org/observations/171648473,https://static.inaturalist.org/photos/297872994/medium.jpg,,NÃO IDENTIFICADA,"Em expedição com o Projeto Harpia - Carajás. Aproveitei para registrar a biodiversidade encontrada pelo caminho.
Obrigado a toda equipe do Projeto Harpia pelo valor que dão ao meu trabalho e por me incentivarem a também registrar as belezas das florestas brasileiras além das Harpias.",2,0,false,,"Parauapebas - PA, 68515-000, Brasil",-6.0631710803,-50.0597095473,9,,,,9,,open,false,,,Pomba-botafogo,Patagioenas subvinacea,Torcaza colorada,Aves,3095
172620503,e7b1631b-cbe4-411a-9923-08b620065ac1,1/9/2015 12:00,2015-01-09,2015-01-09 17:00:00 UTC,America/Guayaquil,759683,projectseawolf_sv,Project Seawolf,2023-07-13 03:36:46 UTC,2023-08-10 22:54:55 UTC,research,,https://www.inaturalist.org/observations/172620503,https://static.inaturalist.org/photos/299703777/medium.jpg,,class-bulkobservationfile-user_id-759683-filename-inat_ebird-csv-project_id-2023-07-12 20:32:20 -0700.csv,200476541,1,0,false,,EstaciÃ³n YasunÃ­ PUCE (YasunÃ­ Biological Research Station),-0.6745278,-76.3974008,,,,,,,open,false,,,Ruddy Pigeon,Patagioenas subvinacea,Torcaza colorada,Aves,3095
174579910,f9a19dbf-b407-4b11-9dcc-b506f413539d,2023-07-23 09:06:00-06:00,2023-07-23,2023-07-23 15:06:00 UTC,America/Costa_Rica,3870280,erikycj04,Erika Calderón,2023-07-23 23:07:22 UTC,2023-07-24 20:01:29 UTC,needs_id,,https://www.inaturalist.org/observations/174579910,https://static.inaturalist.org/photos/303307674/medium.jpg,,"","",1,0,false,3,"Calle Bonilla, San José, Cartago, CR",9.9139355,-83.99691535,2738,,,,2738,,open,false,,,Ruddy Pigeon,Patagioenas subvinacea,Torcaza colorada,Aves,3095
174607887,7c55177f-1196-4ab1-902a-565e86e8cc61,2019/03/30 8:37 AM,2019-03-30,2019-03-30 14:37:00 UTC,America/Costa_Rica,2033687,greenjay6,Jay Pruett,2023-07-24 02:04:21 UTC,2023-07-24 19:57:16 UTC,research,CC-BY-NC,https://www.inaturalist.org/observations/174607887,https://inaturalist-open-data.s3.amazonaws.com/photos/303360056/medium.jpg,,"",,1,0,false,,"Curi-Cancha Reserve, Puntarenas Province, Monteverde, Costa Rica",10.3078004414,-84.8067318373,210,,,,210,,open,false,,,Ruddy Pigeon,Patagioenas subvinacea,Torcaza colorada,Aves,3095
174612246,3128a8cd-f179-4ac9-ab05-cb4dac4d2b8e,2019/03/30 8:28 AM,2019-03-30,2019-03-30 14:28:00 UTC,America/Costa_Rica,2033687,greenjay6,Jay Pruett,2023-07-24 02:34:39 UTC,2023-07-25 02:55:27 UTC,research,CC-BY-NC,https://www.inaturalist.org/observations/174612246,https://inaturalist-open-data.s3.amazonaws.com/photos/303368749/medium.jpg,,"",,1,0,false,,"Curi-Cancha Reserve, Puntarenas Province, Monteverde, Costa Rica",10.3078004414,-84.8067318373,210,,,,210,,open,false,,,Ruddy Pigeon,Patagioenas subvinacea,Torcaza colorada,Aves,3095
174708120,632c97d0-1ef7-4b56-b246-7ec49a9cb586,2022-08-17 11:41:49-05:00,2022-08-17,2022-08-17 16:41:49 UTC,America/Panama,1274738,caribbeannaturalist,Roger A. Morales-Flores,2023-07-24 16:39:02 UTC,2023-07-24 22:56:01 UTC,research,CC-BY,https://www.inaturalist.org/observations/174708120,https://inaturalist-open-data.s3.amazonaws.com/photos/303546440/medium.jpg,,"","",1,0,false,3,"Comarca Ngobe Bugle, PA",8.7874848364,-82.2135088331,189,,,,189,,open,false,,,Torcaza colorada,Patagioenas subvinacea,Torcaza colorada,Aves,3095
174969365,0a82dc3f-b8e8-40c2-a1a3-f8f142ce04c0,2023-07-20 07:59:45,2023-07-20,2023-07-20 12:59:45 UTC,Bogota,4319763,miguelangelleon,Miguel Ángel Leon,2023-07-26 01:58:44 UTC,2023-07-27 15:22:16 UTC,research,,https://www.inaturalist.org/observations/174969365,https://static.inaturalist.org/photos/304033656/medium.jpeg,,"",,1,0,false,2,El carajo,7.1443777567,-73.0364837497,315,,,,315,,open,false,gps,gps,Torcaza colorada,Patagioenas subvinacea,Torcaza colorada,Aves,3095
175972040,388f8da4-7186-40b4-a5e3-dbd3b1ccde37,2023/07/22 11:10 AM,2023-07-22,2023-07-22 17:10:00 UTC,America/Costa_Rica,6611323,rajanrao,Rajan Rao,2023-07-31 18:13:13 UTC,2025-11-08 19:19:34 UTC,needs_id,CC-BY,https://www.inaturalist.org/observations/175972040,,https://static.inaturalist.org/sounds/782512.m4a?1690827104,"",,0,0,false,,"Puntarenas Province, Monteverde, Costa Rica",10.3045890851,-84.7903149542,31,,,,31,,open,false,,,Ruddy Pigeon,Patagioenas subvinacea,Torcaza colorada,Aves,3095
176044480,2e1de529-de15-4b7d-ba51-5f4631ad6710,2023-07-30 08:19:24-04:00,2023-07-30,2023-07-30 12:19:24 UTC,Bogota,6312632,mdolly,,2023-08-01 02:33:23 UTC,2023-08-09 00:40:56 UTC,research,CC-BY-NC,https://www.inaturalist.org/observations/176044480,https://inaturalist-open-data.s3.amazonaws.com/photos/306017351/medium.jpg,,"","",1,0,false,3,"Santo Domingo, Cocorná, Antioquia, CO",6.0070035222,-75.1536837195,430,,,,430,,open,false,,,Torcaza colorada,Patagioenas subvinacea,Torcaza colorada,Aves,3095
177617393,db56a825-f0ef-4d62-a128-590b4a6690df,2023/06/09 6:10 AM,2023-06-09,2023-06-09 11:10:00 UTC,Bogota,6619725,nucleopalmeroaceitesmorichalsas,Núcleo Palmero Aceites Morichal S.A.S.,2023-08-10 03:51:45 UTC,2023-08-10 03:51:45 UTC,needs_id,CC-BY-NC,https://www.inaturalist.org/observations/177617393,https://inaturalist-open-data.s3.amazonaws.com/photos/308944780/medium.jpeg,,"","",0,0,false,,"La Palmera, San Carlos de Guaroa, Meta, Colombia",3.9166041727,-73.2374106168,4,,,,4,,open,false,,,Torcaza Colorada,Patagioenas subvinacea,Torcaza colorada,Aves,3095
178870875,8b3f98a8-bb0f-4804-aa3b-9ab3179e2092,2023/08/12 08:36,2023-08-12,2023-08-12 12:36:00 UTC,America/Cuiaba,3112862,lilatomazelli,Lilian Tomazelli,2023-08-17 17:59:06 UTC,2023-08-17 20:36:20 UTC,research,CC-BY-NC,https://www.inaturalist.org/observations/178870875,https://inaturalist-open-data.s3.amazonaws.com/photos/311326071/medium.jpg,,"",,1,0,false,,Feliz Natal MT ,-12.3820733,-54.936976,2148,,,,2148,,open,false,,,Pomba-botafogo,Patagioenas subvinacea,Torcaza colorada,Aves,3095
179781303,66a9def6-3b37-4401-acb2-832dfb72ca8b,7/28/2023,2023-07-28,,America/Guayaquil,221631,hdemann,Scott Bowers,2023-08-23 03:56:50 UTC,2023-08-23 03:56:53 UTC,needs_id,CC-BY-NC,https://www.inaturalist.org/observations/179781303,https://inaturalist-open-data.s3.amazonaws.com/photos/313054339/medium.jpg,,"",See http://www.planetscott.com/speciesdetail/2477/ruddy-pigeon-(patagioenas-subvinacea) for more info,0,0,false,215,Mindo - Foothills,-0.069174,-78.761715,,,,,,,open,false,,,Patagioenas subvinacea,Patagioenas subvinacea,Torcaza colorada,Aves,3095
179909409,a731ac2f-e68d-4d42-a5fb-a294bb68ca71,2023/07/06 10:09 PM,2023-07-06,2023-07-07 02:09:00 UTC,America/Manaus,4691799,capybara1357,,2023-08-24 01:11:25 UTC,2025-08-22 00:39:31 UTC,needs_id,CC-BY-NC,https://www.inaturalist.org/observations/179909409,https://inaturalist-open-data.s3.amazonaws.com/photos/313295823/medium.jpeg,,"",,0,0,false,,"Manaus - State of Amazonas, Brazil",-3.0015320684,-60.1216075051,99,,,,99,,open,false,,,New World Pigeons,Patagioenas subvinacea,Torcaza colorada,Aves,3095
180009544,43e03e24-1766-4632-8602-498c2f3a1c49,7/29/2023,2023-07-29,,America/Guayaquil,221631,hdemann,Scott Bowers,2023-08-24 18:40:50 UTC,2023-08-24 18:40:53 UTC,needs_id,CC-BY-NC,https://www.inaturalist.org/observations/180009544,https://inaturalist-open-data.s3.amazonaws.com/photos/313485215/medium.jpg,,"",See http://www.planetscott.com/speciesdetail/2477/ruddy-pigeon-(patagioenas-subvinacea) for more info,0,0,false,215,Rio Silanche,0.145053,-79.141387,,,,,,,open,false,,,Patagioenas subvinacea,Patagioenas subvinacea,Torcaza colorada,Aves,3095
180065527,53d37b24-820c-460f-9cc5-00b061a1f119,2023/08/02 10:08 AM,2023-08-02,2023-08-02 15:08:00 UTC,Bogota,748699,don54,Don Wellmann,2023-08-25 02:40:54 UTC,2026-02-11 00:28:44 UTC,needs_id,,https://www.inaturalist.org/observations/180065527,https://static.inaturalist.org/photos/313593594/medium.jpeg,,"",,0,0,false,,"Unnamed Road, Anorí, Antioquia, Colombia",6.9842434,-75.1109646,200,,,,200,,open,false,,,Ruddy Pigeon,Patagioenas subvinacea,Torcaza colorada,Aves,3095
180196244,ca721c4d-43b2-40e5-879f-9db55a90b953,2023/08/17 7:22 AM,2023-08-17,2023-08-17 12:22:00 UTC,Quito,3807400,davidfbelmonte,David F. Belmonte,2023-08-25 23:51:53 UTC,2025-08-14 02:03:43 UTC,research,CC-BY,https://www.inaturalist.org/observations/180196244,https://inaturalist-open-data.s3.amazonaws.com/photos/313842435/medium.jpg,,"",,1,0,false,,"El Quinillal, Ucayali, Perú",-8.5204988372,-74.6235984616,9972,,,,9972,,open,false,,,Torcaza colorada,Patagioenas subvinacea,Torcaza colorada,Aves,3095
183331396,17046d3e-b51f-4d9c-a4d4-43932c0f518e,2023/09/06 7:28 AM,2023-09-06,2023-09-06 12:28:00 UTC,Bogota,684042,ricardo_sanchez,Ricardo Sánchez,2023-09-15 08:30:22 UTC,2023-09-15 23:56:03 UTC,research,CC-BY-NC,https://www.inaturalist.org/observations/183331396,https://inaturalist-open-data.s3.amazonaws.com/photos/319822065/medium.jpeg,,"",,1,0,false,,"Campamento, Antioquia, Colombia",7.2042537998,-75.3181752783,4,,,,4,,open,false,,,Torcaza colorada,Patagioenas subvinacea,Torcaza colorada,Aves,3095
183865592,d8935327-e520-4429-87cd-f411a3e2ea35,2022/01/13 5:25 PM,2022-01-13,2022-01-13 22:25:00 UTC,America/Guayaquil,3025648,erikatwell,Erik Atwell,2023-09-18 17:00:48 UTC,2023-09-18 17:00:48 UTC,needs_id,CC-BY-NC,https://www.inaturalist.org/observations/183865592,https://inaturalist-open-data.s3.amazonaws.com/photos/320841109/medium.jpg,,"",,0,0,false,,"Los Bancos Canton, Ecuador",-0.0482215171,-78.7721567031,488,,,,488,,open,false,,,Ruddy Pigeon,Patagioenas subvinacea,Torcaza colorada,Aves,3095
184053011,a14f86e4-e5c5-4c82-a09b-93a9e292a315,2019-07-28 08:37:41,2019-07-28,2019-07-28 14:37:41 UTC,America/Costa_Rica,2912116,danielgarrigues,Daniel Garrigues,2023-09-19 23:42:09 UTC,2023-09-20 02:18:11 UTC,research,,https://www.inaturalist.org/observations/184053011,https://static.inaturalist.org/photos/321210424/medium.jpeg,,"",,1,0,false,2,"Sarapiquí, Provincia de Alajuela, Alajuela, Costa Rica",10.2150071177,-84.1734879836,5,,,,5,,open,false,gps,gps,Ruddy Pigeon,Patagioenas subvinacea,Torcaza colorada,Aves,3095
184797442,c63ada58-68d5-447e-8a8d-1e2002b3710c,2023/01/17 9:23 AM,2023-01-17,2023-01-17 14:23:00 UTC,America/Guayaquil,2473006,meganhanson,Megan Hanson,2023-09-25 01:26:08 UTC,2024-04-15 01:07:38 UTC,research,CC-BY-NC,https://www.inaturalist.org/observations/184797442,https://inaturalist-open-data.s3.amazonaws.com/photos/322623613/medium.jpeg,,"","",2,0,false,,"Orellana, EC-OR, EC",-0.7373447241,-76.667451571,2016,,,,31450,obscured,open,true,,"",Ruddy Pigeon,Patagioenas subvinacea,Torcaza colorada,Aves,3095
185135001,61a92bb2-1138-4016-b50b-37302dc35afc,2023-09-19 07:58:54,2023-09-19,2023-09-19 12:58:54 UTC,Bogota,3453110,edwinmunera,Edwin Múnera Chavarría,2023-09-27 13:08:38 UTC,2023-09-27 15:46:32 UTC,research,CC-BY-NC,https://www.inaturalist.org/observations/185135001,https://inaturalist-open-data.s3.amazonaws.com/photos/323284649/medium.jpeg,,"",,1,0,false,2,"Yarumal, Antioquia, Colombia",6.8714316667,-75.5762666667,,,,,,,open,false,gps,gps,Torcaza colorada,Patagioenas subvinacea,Torcaza colorada,Aves,3095
187067708,ee990e93-8a6b-4013-b83c-11c6edee10d6,2023-10-06 13:32:57-05:00,2023-10-06,2023-10-06 18:32:57 UTC,America/Panama,1274738,caribbeannaturalist,Roger A. Morales-Flores,2023-10-11 01:08:04 UTC,2025-04-04 19:38:01 UTC,research,CC-BY,https://www.inaturalist.org/observations/187067708,https://inaturalist-open-data.s3.amazonaws.com/photos/327064555/medium.jpg,,"","",1,0,false,3,"Ngöbe-Buglé, PA",8.7839216667,-82.213875,5,,,,5,,open,false,,,Ruddy Pigeon,Patagioenas subvinacea,Torcaza colorada,Aves,3095
188437732,cac017d9-e331-4960-8786-9eba7c768fa5,2023/10/20 06:25,2023-10-20,2023-10-20 10:25:00 UTC,America/Porto_Velho,4108298,raul_pommer,Raul Pommer,2023-10-21 22:11:12 UTC,2023-10-21 22:11:12 UTC,needs_id,,https://www.inaturalist.org/observations/188437732,https://static.inaturalist.org/photos/329804494/medium.jpeg,,"","Registro para o Projeto de Levantamento de Avifauna da ESEC SAMUEL.
Conheça a Amazon Birdwatching e venha passarinhar em Porto Velho-RO!
Instagram: @amazonbirdwatching
Contato: 69 99206-1480",0,0,false,,"Candeias do Jamari - RO, 76860-000, Brasil",-8.8989282533,-63.2373765161,31,,,,31,,open,false,,,Pomba-Botafogo,Patagioenas subvinacea,Torcaza colorada,Aves,3095
188571611,6086bf80-7c73-4ba7-a7fb-3da3585100f4,2023/10/18 16:14,2023-10-18,2023-10-18 20:14:00 UTC,America/Porto_Velho,4108298,raul_pommer,Raul Pommer,2023-10-22 20:35:32 UTC,2024-08-03 15:26:51 UTC,research,,https://www.inaturalist.org/observations/188571611,,https://static.inaturalist.org/sounds/835275.mp3?1698006757,"","Registro para o Projeto de Levantamento de Avifauna da ESEC SAMUEL.
Conheça a Amazon Birdwatching e venha passarinhar em Porto Velho-RO!
Instagram: @amazonbirdwatching
Contato: 69 99206-1480
",1,0,false,,"Candeias do Jamari - RO, 76860-000, Brasil",-8.898679183,-63.2372095689,61,,,,61,,open,false,,,Pomba-botafogo,Patagioenas subvinacea,Torcaza colorada,Aves,3095
188820453,01c2a1e4-f8fc-4025-9c5c-d5bf37c275ea,2023-10-24 07:29:59-03:00,2023-10-24,2023-10-24 10:29:59 UTC,America/Belem,2761991,gustavogonsioroski,Gustavo Gonsioroski,2023-10-24 20:12:45 UTC,2024-08-10 15:39:02 UTC,needs_id,CC-BY-NC,https://www.inaturalist.org/observations/188820453,,https://static.inaturalist.org/sounds/836400.m4a?1698178370,"","",0,0,false,3,"Tailândia, PA, BR",-2.8192812726,-48.7810792675,11616,,,,11616,,open,false,,,"",Patagioenas subvinacea,Torcaza colorada,Aves,3095
189355024,4bd0f6b9-d7e5-4aae-a708-45a33220c663,2023-10-29 08:15:59,2023-10-29,2023-10-29 13:15:59 UTC,America/Guayaquil,7413215,kowboy23,,2023-10-29 14:58:44 UTC,2023-10-29 23:57:55 UTC,research,CC-BY-NC,https://www.inaturalist.org/observations/189355024,https://inaturalist-open-data.s3.amazonaws.com/photos/331687605/medium.jpeg,,"",,1,0,false,2,"Pichincha, EC",-0.3781936104,-78.9180102074,20,,,,31451,obscured,open,true,gps,gps,Ruddy Pigeon,Patagioenas subvinacea,Torcaza colorada,Aves,3095
189722410,8e557708-64b2-4b39-b5aa-73ce823918de,2023-10-19 11:31:39-05:00,2023-10-19,2023-10-19 16:31:39 UTC,America/Panama,44356,lenoreatwood,,2023-11-02 01:37:36 UTC,2024-04-25 16:42:16 UTC,research,CC-BY-NC,https://www.inaturalist.org/observations/189722410,https://inaturalist-open-data.s3.amazonaws.com/photos/332432009/medium.jpg,,"","",1,0,false,3,"Vía Gualaca - Rambála, Chiriqui, PA",8.681005,-82.22413,,,,,,,open,false,,,Ruddy Pigeon,Patagioenas subvinacea,Torcaza colorada,Aves,3095
191613512,d5249cb7-72df-46d7-a008-27bffeeaf1a7,2023-11-14 08:12:08,2023-11-14,2023-11-14 13:12:08 UTC,Bogota,2126017,danielmesa1,Daniel Mesa,2023-11-20 21:14:43 UTC,2025-04-16 07:33:04 UTC,needs_id,CC-BY,https://www.inaturalist.org/observations/191613512,https://inaturalist-open-data.s3.amazonaws.com/photos/336189054/medium.jpeg,,"",,0,0,false,2,"Kilómetro 1 vía Río sucio, Jardín, Antioquia, Colombia",5.5898454393,-75.8146930486,95,,,,95,,open,false,,,Torcaza colorada,Patagioenas subvinacea,Torcaza colorada,Aves,3095
192455133,d80388b4-3fd8-4a11-8c29-98fb14663b21,2015/10/03 15:40,2015-10-03,2015-10-03 19:40:00 UTC,America/Manaus,3543912,nereston-nelinho-camargo,Nereston (Nelinho) Camargo,2023-11-28 14:33:07 UTC,2023-11-28 21:10:59 UTC,research,CC-BY-NC,https://www.inaturalist.org/observations/192455133,https://inaturalist-open-data.s3.amazonaws.com/photos/337852835/medium.jpg,,"",,2,0,false,,"Pres. Figueiredo, AM, 69735-000",-2.0532661,-60.0236479,2168,,,,2168,,open,false,,,Pomba-botafogo,Patagioenas subvinacea,Torcaza colorada,Aves,3095
192549570,1aea8afb-e885-4f1f-81c7-a1ded45a1c2a,2023/11/21 12:24 PM,2023-11-21,2023-11-21 17:24:00 UTC,Bogota,764155,whatch11,Wes Hatch,2023-11-29 14:10:48 UTC,2025-02-09 12:34:51 UTC,needs_id,,https://www.inaturalist.org/observations/192549570,https://static.inaturalist.org/photos/338042142/medium.jpeg,,"",,0,0,false,,"La Vega, Cundinamarca, Colombia",4.9681677806,-74.3524408018,4,,,,4,,open,false,,,Ruddy Pigeon,Patagioenas subvinacea,Torcaza colorada,Aves,3095
192652131,b0bdb6b4-3781-470a-a337-3c853fbec2ba,2023/11/13 7:51 AM,2023-11-13,2023-11-13 12:51:00 UTC,Bogota,3142644,gabo_utria,"",2023-11-30 17:27:24 UTC,2023-11-30 20:34:05 UTC,research,CC-BY-NC,https://www.inaturalist.org/observations/192652131,https://inaturalist-open-data.s3.amazonaws.com/photos/338243322/medium.jpeg,,"","",1,0,false,,Colombia,2.8196303791,-70.463814665,61,,,,61,,open,false,,,Torcaza colorada,Patagioenas subvinacea,Torcaza colorada,Aves,3095
192755152,0c99eb71-96dc-4789-8a46-56f7341abc7d,2023/10/17 10:05,2023-10-17,2023-10-17 13:05:00 UTC,America/Belem,1930242,ninawenoli,NINA WENÓLI,2023-12-01 21:24:58 UTC,2024-02-10 09:12:19 UTC,research,CC0,https://www.inaturalist.org/observations/192755152,https://inaturalist-open-data.s3.amazonaws.com/photos/338451151/medium.jpg,,"",,1,0,false,,"Serra do Navio, AP, 68948-000, Brasil",0.901711,-52.0033808,5928,,,,5928,,open,false,,,Pomba-botafogo,Patagioenas subvinacea,Torcaza colorada,Aves,3095
192811148,31de4a30-0fe1-4f4e-8439-c51ccba2ef56,2023-10-14 11:22:18,2023-10-14,2023-10-14 16:22:18 UTC,Bogota,4635178,higuita,Daniel Higuita Tamayo,2023-12-02 12:29:11 UTC,2025-05-06 15:50:56 UTC,research,CC-BY-NC,https://www.inaturalist.org/observations/192811148,https://inaturalist-open-data.s3.amazonaws.com/photos/338564515/medium.jpeg,,"",,1,0,false,2,"Urrao, Antioquia, Colombia",6.4225384922,-76.0416008905,651,,,,651,,open,false,gps,gps,Torcaza colorada,Patagioenas subvinacea,Torcaza colorada,Aves,3095
192859016,02970b3a-5d86-48a6-b105-b72e6b9a74b3,2023/10/17 10:05,2023-10-17,2023-10-17 13:05:00 UTC,America/Belem,1930242,ninawenoli,NINA WENÓLI,2023-12-02 21:48:26 UTC,2024-02-10 10:36:46 UTC,research,CC0,https://www.inaturalist.org/observations/192859016,https://inaturalist-open-data.s3.amazonaws.com/photos/338645671/medium.jpg,,"",,1,0,false,,"Serra do Navio, AP, 68948-000, Brasil",0.901711,-52.0033808,5928,,,,5928,,open,false,,,Pomba-botafogo,Patagioenas subvinacea,Torcaza colorada,Aves,3095
192871395,c53a803f-ba5b-41e0-b057-9994600a4fda,2023/10/17 7:06 AM,2023-10-17,2023-10-17 11:06:00 UTC,Caracas,1822892,ozzhernandez,Oswaldo Hernández,2023-12-03 00:15:22 UTC,2023-12-03 17:22:25 UTC,research,CC-BY-NC,https://www.inaturalist.org/observations/192871395,https://inaturalist-open-data.s3.amazonaws.com/photos/338685103/medium.jpg,,"",,1,0,false,,"88X8+R6W, El Limon, Aragua, Venezuela",10.3496125,-67.6844219,210,,,,210,,open,false,,,Ruddy Pigeon,Patagioenas subvinacea,Torcaza colorada,Aves,3095
193317461,a44b0b55-9775-4f27-bb04-f0cf8f683220,2023/11/05 4:05 PM,2023-11-05,2023-11-05 21:05:00 UTC,America/Guayaquil,1080218,guylafond,"",2023-12-07 18:51:22 UTC,2025-11-12 19:22:01 UTC,research,CC-BY-NC,https://www.inaturalist.org/observations/193317461,https://inaturalist-open-data.s3.amazonaws.com/photos/339582337/medium.jpg,,"",,1,0,false,,"Shushufindi, Ecuador",-0.4388583333,-76.2796133333,,,,,,,open,false,,,Pigeon vineux,Patagioenas subvinacea,Torcaza colorada,Aves,3095
193335585,519008e0-164c-4056-bc42-8a44441bfaf0,2022-02-11 11:36,2022-02-11,2022-02-11 16:36:00 UTC,America/Guayaquil,1065381,rawcomposition,Adam Jackson,2023-12-07 22:25:29 UTC,2023-12-08 01:31:40 UTC,research,CC0,https://www.inaturalist.org/observations/193335585,https://inaturalist-open-data.s3.amazonaws.com/photos/339615626/medium.jpg,,ML424380721,https://ebird.org/checklist/S102461810,1,0,false,837,"Quito, EC-PI, EC",-0.071138,-78.766205,,,,,,,open,false,,,Ruddy Pigeon,Patagioenas subvinacea,Torcaza colorada,Aves,3095
193504860,57033535-077b-4cea-b2fe-9dc33ce953a8,2023-02-05 15:11,2023-02-05,2023-02-05 20:11:00 UTC,America/Guayaquil,4373267,thepicturetaker,,2023-12-09 17:25:11 UTC,2023-12-10 13:09:43 UTC,research,,https://www.inaturalist.org/observations/193504860,https://static.inaturalist.org/photos/339930398/medium.jpg,,ML535895821,https://ebird.org/checklist/S127783282,1,0,false,837,"Pichincha, EC",-0.05673,-78.774425,,,,,,,open,false,,,Ruddy Pigeon,Patagioenas subvinacea,Torcaza colorada,Aves,3095
194237283,01ca1b1a-17db-4ffb-b4c5-435fb76c7815,2023/10/16 1:59 PM,2023-10-16,2023-10-16 18:59:00 UTC,Bogota,818901,eyver,EyVer,2023-12-18 00:03:58 UTC,2026-01-25 05:53:59 UTC,research,CC-BY-NC-SA,https://www.inaturalist.org/observations/194237283,https://inaturalist-open-data.s3.amazonaws.com/photos/341371685/medium.jpeg,,"","",1,0,false,,"Valle Del Guamuez, Putumayo, Colombia",0.4301281619,-76.8368498609,8,,,,8,,open,false,,,Torcaza colorada,Patagioenas subvinacea,Torcaza colorada,Aves,3095
194293059,042f658a-1088-4e30-a5a4-60e47697ca58,2023/08/18 07:10,2023-08-18,2023-08-18 12:10:00 UTC,Quito,1682329,claudekolwelter,Claude Kolwelter,2023-12-18 17:59:15 UTC,2025-11-12 17:37:33 UTC,research,CC-BY,https://www.inaturalist.org/observations/194293059,https://inaturalist-open-data.s3.amazonaws.com/photos/341481993/medium.jpeg,,"",,1,0,false,,"Tambopata-Provinz, Peru",-12.8737214849,-69.4960979061,8,,,,8,,open,false,,,Purpurtaube,Patagioenas subvinacea,Torcaza colorada,Aves,3095
194293060,352822a6-53c8-4a86-b788-4a2706fdcb72,2023/08/18 07:11,2023-08-18,2023-08-18 12:11:00 UTC,Quito,1682329,claudekolwelter,Claude Kolwelter,2023-12-18 17:59:15 UTC,2025-11-12 17:37:30 UTC,research,CC-BY,https://www.inaturalist.org/observations/194293060,https://inaturalist-open-data.s3.amazonaws.com/photos/341482058/medium.jpeg,,"",,1,0,false,,"Tambopata-Provinz, Peru",-12.8737214849,-69.4960979061,8,,,,8,,open,false,,,Purpurtaube,Patagioenas subvinacea,Torcaza colorada,Aves,3095
194463698,16d632db-f60c-4d90-9210-ea2f0b43326e,2023/11/20 4:42 PM,2023-11-20,2023-11-20 21:42:00 UTC,America/Guayaquil,1366509,frankdietze,Frank Dietze,2023-12-20 23:03:32 UTC,2023-12-23 23:41:40 UTC,research,,https://www.inaturalist.org/observations/194463698,https://static.inaturalist.org/photos/341830625/medium.jpg,,"",,1,0,false,,"Pomona, Puyo, Ecuador",-1.6557982,-77.9175669,212,,,,212,,open,false,,,Ruddy Pigeon,Patagioenas subvinacea,Torcaza colorada,Aves,3095
195424372,4843e194-ff6f-42cd-ae69-b3209af70ad9,2023/12/20 5:22 PM,2023-12-20,2023-12-20 22:22:00 UTC,America/Guayaquil,2899624,donmarsille,Don Marsille,2024-01-01 01:34:58 UTC,2024-04-18 22:03:19 UTC,research,CC-BY-NC,https://www.inaturalist.org/observations/195424372,https://inaturalist-open-data.s3.amazonaws.com/photos/343791012/medium.jpg,,"","",1,0,false,,"Via Cosanga Caucheras Kilometro 3. Cosanga Napo, Cosanga 150751, Ecuador",-0.5900499,-77.8806076,212,,,,212,,open,false,,"",Ruddy Pigeon,Patagioenas subvinacea,Torcaza colorada,Aves,3095
195444890,6d230b1a-4125-46bd-a0d3-bce49b2d8b6e,2023/12/30 09:51,2023-12-30,2023-12-30 13:51:00 UTC,America/Porto_Velho,1377941,arturcuca_avisteiali,Artur Luiz,2024-01-01 07:02:12 UTC,2025-05-19 16:38:14 UTC,research,,https://www.inaturalist.org/observations/195444890,https://static.inaturalist.org/photos/343839204/medium.jpg,https://static.inaturalist.org/sounds/869355.mp3?1704163785,"",Observação realizada com os guias @kennyueslei e @glaukorrea .,1,0,false,,"Porto Velho, BR-RO, BR",-8.7350081762,-63.8169599747,977,,,,31271,obscured,open,true,,,Pomba-botafogo,Patagioenas subvinacea,Torcaza colorada,Aves,3095
195550519,0e66bc7e-478d-42b1-9a9c-94f619329e07,2023/08/06 8:54 AM,2023-08-06,2023-08-06 14:54:00 UTC,America/Costa_Rica,6727821,geraldcarias,Gerald Cordero Arias,2024-01-02 07:18:35 UTC,2024-08-14 04:16:49 UTC,needs_id,,https://www.inaturalist.org/observations/195550519,https://static.inaturalist.org/photos/344055696/medium.jpg,,"",,1,0,false,,"San José, Rivas, Costa Rica",9.451211,-83.5381009722,,,,,,,open,false,,,"Palomas, tortolitas y coquitas",Patagioenas subvinacea,Torcaza colorada,Aves,3095
195937558,b720ef26-945b-44fc-aa6c-6a1b112df6a2,2023/11/02 2:56 PM,2023-11-02,2023-11-02 19:56:00 UTC,America/Guayaquil,785045,josh_vandermeulen,Josh van der Meulen,2024-01-06 16:57:05 UTC,2024-10-28 13:23:44 UTC,needs_id,CC-BY-NC-ND,https://www.inaturalist.org/observations/195937558,,https://static.inaturalist.org/sounds/871833.wav?1704558559,"",,0,0,false,,"Loreto Cantón, Ecuador",-0.5507135877,-77.4197515409,122,,,,122,,open,false,,,Ruddy Pigeon,Patagioenas subvinacea,Torcaza colorada,Aves,3095
196178462,de1ec95d-e86b-4cd2-8b2b-864f2881a570,2024-01-08 20:27:20-08:00,2024-01-08,2024-01-09 04:27:20 UTC,America/Costa_Rica,2623575,andreweller,Andrew Eller,2024-01-09 04:27:42 UTC,2024-08-04 01:14:10 UTC,needs_id,,https://www.inaturalist.org/observations/196178462,,https://static.inaturalist.org/sounds/873393.m4a?1704774463,"","",0,0,false,3,"Puntarenas, CR",10.3083376,-84.8111538,28,,,,28,,open,false,,,"",Patagioenas subvinacea,Torcaza colorada,Aves,3095
196235474,4c97d854-919f-4186-812f-25b7f570fb1d,2023/12/30 9:17 AM,2023-12-30,2023-12-30 15:17:00 UTC,America/Costa_Rica,2233403,pheasantboy77,Dalton Spencer,2024-01-09 22:47:31 UTC,2024-07-11 01:25:09 UTC,research,CC-BY-NC,https://www.inaturalist.org/observations/196235474,https://inaturalist-open-data.s3.amazonaws.com/photos/345399696/medium.jpeg,,"",,1,0,false,,"Puntarenas Province, Monteverde, Costa Rica",10.303340398,-84.7918103858,374,,,,374,,open,false,,,Ruddy Pigeon,Patagioenas subvinacea,Torcaza colorada,Aves,3095
196505732,01ec7769-f3d1-47a5-85db-c56c39445dd0,2023/12/17 1:41 PM,2023-12-17,2023-12-17 18:41:00 UTC,America/Guayaquil,2899624,donmarsille,Don Marsille,2024-01-13 13:17:38 UTC,2024-01-13 17:55:28 UTC,research,CC-BY-NC,https://www.inaturalist.org/observations/196505732,https://inaturalist-open-data.s3.amazonaws.com/photos/345982185/medium.jpg,,"",,1,0,false,,"4VV5+XF8 Santuario de Aves Rio Silanche, Pedro Vicente Maldonado, Ecuador",0.1449159,-79.1412988,200,,,,200,,open,false,,,Ruddy Pigeon,Patagioenas subvinacea,Torcaza colorada,Aves,3095
196513791,b541725a-dda7-415f-8fcd-f092b2ff8c2c,2023/12/17 1:44 PM,2023-12-17,2023-12-17 18:44:00 UTC,America/Guayaquil,2899624,donmarsille,Don Marsille,2024-01-13 14:46:48 UTC,2024-01-14 14:58:24 UTC,research,CC-BY-NC,https://www.inaturalist.org/observations/196513791,https://inaturalist-open-data.s3.amazonaws.com/photos/345983651/medium.jpg,,"",,1,0,false,,"4VV5+XF8 Santuario de Aves Rio Silanche, Pedro Vicente Maldonado, Ecuador",0.1449159,-79.1412988,200,,,,200,,open,false,,,Ruddy Pigeon,Patagioenas subvinacea,Torcaza colorada,Aves,3095
196541155,7c5091d8-af7a-4a1e-83a2-779ab3949a2d,2023/11/10 8:10 AM,2023-11-10,2023-11-10 13:10:00 UTC,America/Guayaquil,1028190,naturesebas,Sebastián Vizcarra,2024-01-13 17:09:54 UTC,2024-01-14 14:57:58 UTC,research,,https://www.inaturalist.org/observations/196541155,https://static.inaturalist.org/photos/346005058/medium.jpeg,,"",,1,0,false,,"Pastaza Canton, Ecuador",-1.417775146,-78.0446598395,84,,,,84,,open,false,,,Ruddy Pigeon,Patagioenas subvinacea,Torcaza colorada,Aves,3095
196625186,cd7184d7-7d0c-470f-8fe1-ca88d392c041,2024-01-13 09:41:26,2024-01-13,2024-01-13 14:41:26 UTC,America/Guayaquil,2718028,diegopianegas,Diego Piñán Egas,2024-01-14 02:22:15 UTC,2025-11-10 19:07:11 UTC,research,,https://www.inaturalist.org/observations/196625186,https://static.inaturalist.org/photos/346101724/medium.jpeg,,"",,1,0,false,2,"M56R+W5V, El Chaco, Ecuador",-0.3376321698,-77.8095662221,897,,,,897,,open,false,gps,gps,Ruddy Pigeon,Patagioenas subvinacea,Torcaza colorada,Aves,3095
196752107,7d732d42-ad25-4245-b66e-3710282658fb,2024/01/14 8:59 AM,2024-01-14,2024-01-14 12:59:00 UTC,Caracas,6536009,alejandroluy,Alejandro Luy,2024-01-15 13:00:47 UTC,2024-07-29 20:17:53 UTC,needs_id,CC-BY-NC,https://www.inaturalist.org/observations/196752107,,https://static.inaturalist.org/sounds/876068.mp3?1705323581,"",,0,0,false,,"Caracas 1011, Distrito Capital, Venezuela",10.5356875,-66.8974375,213,,,,213,,open,false,,,Torcaza Colorada,Patagioenas subvinacea,Torcaza colorada,Aves,3095
196896950,e7c5bf6a-9105-4f02-a0a5-deae21a5914f,2021/12/21 4:45 PM,2021-12-21,2021-12-21 21:45:00 UTC,America/Guayaquil,4724286,emskakoon,emskakoon,2024-01-17 06:23:46 UTC,2024-01-17 18:33:17 UTC,research,CC-BY-NC,https://www.inaturalist.org/observations/196896950,https://inaturalist-open-data.s3.amazonaws.com/photos/346646113/medium.jpeg,,"",,1,0,false,,"Archidona Canton, Ecuador",-0.6859703487,-77.6015545614,73,,,,73,,open,false,,,Ruddy Pigeon,Patagioenas subvinacea,Torcaza colorada,Aves,3095
196912369,3b586edc-dc02-4a8d-a6bf-282e52110f56,2024-01-15 15:30:40,2024-01-15,2024-01-15 20:30:40 UTC,America/Guayaquil,1570640,carloszambrxno,Carlos Zambrano,2024-01-17 13:12:17 UTC,2024-01-17 18:23:07 UTC,research,CC-BY-NC,https://www.inaturalist.org/observations/196912369,https://inaturalist-open-data.s3.amazonaws.com/photos/346677520/medium.jpeg,,"",,1,0,false,2,"Nueva Loja, Ecuador",0.0311481565,-76.8846446648,20,,,,20,,open,false,gps,gps,Torcaza colorada,Patagioenas subvinacea,Torcaza colorada,Aves,3095
196918253,b3efdb1b-1927-493f-9317-fd9a6f898412,2022-02-14 12:50:00,2022-02-14,2022-02-14 16:50:00 UTC,America/Cuiaba,5309504,gean8,Gean Carriel,2024-01-17 15:16:39 UTC,2024-08-10 15:05:19 UTC,research,,https://www.inaturalist.org/observations/196918253,,https://static.inaturalist.org/sounds/878277.mp3?1705504602,"",No fundo tem outras espécies: Cyclarhis gujanensis (Pitiguari) e Taraba major (Choró-boi). ,1,0,false,2,"Castanheira - MT, Brasil",-11.1307591788,-58.5797576979,342,,,,342,,open,false,,,Ruddy Pigeon,Patagioenas subvinacea,Torcaza colorada,Aves,3095
196927237,c0ac1a76-0c9e-45b8-9f2b-9d4af1183dad,2023/12/26 07:31,2023-12-26,2023-12-26 11:31:00 UTC,America/Cuiaba,6475906,renato4barras,Renato dos Santos,2024-01-17 17:47:06 UTC,2024-01-17 17:47:22 UTC,research,CC-BY-NC,https://www.inaturalist.org/observations/196927237,https://inaturalist-open-data.s3.amazonaws.com/photos/346708130/medium.jpg,,"",,1,0,false,,"Sinop, MT, Brasil",-11.8543783,-55.5102602,5728,,,,5728,,open,false,,,Pomba-botafogo,Patagioenas subvinacea,Torcaza colorada,Aves,3095
197312896,ac927416-3056-4945-9e1d-59746cab5ac6,2023/11/28 6:49 AM,2023-11-28,2023-11-28 11:49:00 UTC,Quito,1124429,eheisey,Eric Heisey,2024-01-22 14:57:54 UTC,2024-08-01 18:57:07 UTC,needs_id,,https://www.inaturalist.org/observations/197312896,,https://static.inaturalist.org/sounds/881004.m4a?1705935020,"",,0,0,false,,"Tambopata, Peru",-12.2260096236,-69.1129868803,169,,,,169,,open,false,,,Ruddy Pigeon,Patagioenas subvinacea,Torcaza colorada,Aves,3095
197509615,e3917ba5-a177-4624-880c-704b31d527ad,2024-01-21 06:50:53-05:00,2024-01-21,2024-01-21 11:50:53 UTC,Bogota,4056545,gabovinasco1,,2024-01-25 03:35:15 UTC,2024-02-02 06:07:58 UTC,research,CC-BY-NC,https://www.inaturalist.org/observations/197509615,https://inaturalist-open-data.s3.amazonaws.com/photos/347887554/medium.jpg,,"","",1,0,false,3,"Mistrato, Mistrató, Risaralda, CO",5.3857571646,-75.8884979634,9078,,,,9078,,open,false,,,Torcaza colorada,Patagioenas subvinacea,Torcaza colorada,Aves,3095
197659936,b386cba2-1cff-445c-9b94-60e779d101d0,2024/01/13 8:51 AM,2024-01-13,2024-01-13 13:51:00 UTC,Bogota,5223501,jairocad,Jairo Cadavid,2024-01-27 03:01:24 UTC,2024-01-27 03:46:16 UTC,research,,https://www.inaturalist.org/observations/197659936,https://static.inaturalist.org/photos/348189244/medium.jpg,,"016_COLUMBIDAE: Palomas, 10_COLUMBIFORMES, B1_INSTAGRAM, B2_FOTO_REFERENCIA, B_FOTOS DESTACADAS, Patagioenas subvinacea",Paloma Colorada,1,0,false,,"Cocorná, Antioquia, Colombia",6.0041705267,-75.1507180083,,,,,,,open,false,,,Torcaza colorada,Patagioenas subvinacea,Torcaza colorada,Aves,3095
198020006,f78a55aa-4cbd-4914-80ea-e931469a8ff4,2023/12/10 09:44,2023-12-10,2023-12-10 13:44:00 UTC,America/Porto_Velho,1377941,arturcuca_avisteiali,Artur Luiz,2024-01-31 01:48:20 UTC,2024-01-31 03:08:52 UTC,research,,https://www.inaturalist.org/observations/198020006,https://static.inaturalist.org/photos/348917204/medium.jpg,,"",,1,0,false,,"Rondônia, BR",-8.6633853842,-63.4108105067,15,,,,31271,obscured,open,true,,,Pomba-botafogo,Patagioenas subvinacea,Torcaza colorada,Aves,3095
198097547,3c86825c-ed40-488f-9647-a4c18a13ace1,2024/01/26 7:24 AM,2024-01-26,2024-01-26 12:24:00 UTC,America/Guayaquil,780896,rudygelis,Rudy Gelis,2024-02-01 00:46:35 UTC,2024-02-01 02:55:30 UTC,research,,https://www.inaturalist.org/observations/198097547,https://static.inaturalist.org/photos/349072214/medium.jpeg,,"",whistled-in,2,0,false,,"GQGP+CRQ, Hacienda San Miguel, Ecuador",0.5260918,-79.2128946,31,,,,31,,open,false,,,Ruddy Pigeon,Patagioenas subvinacea,Torcaza colorada,Aves,3095
198206351,b40336c7-68eb-4f9b-8b7a-6160c8686162,2023/12/24 1:08 PM,2023-12-24,2023-12-24 19:08:00 UTC,America/Costa_Rica,1423006,desmond_macneal,Desmond MacNeal,2024-02-02 12:53:36 UTC,2024-08-16 23:42:39 UTC,research,CC-BY-NC,https://www.inaturalist.org/observations/198206351,https://inaturalist-open-data.s3.amazonaws.com/photos/349289141/medium.jpeg,,"","",2,1,false,,"San José Province, Copey District, Costa Rica",9.6480666667,-83.8859983333,,,,,,,open,false,,,Ruddy Pigeon,Patagioenas subvinacea,Torcaza colorada,Aves,3095
198227350,1f581e0f-c088-44fe-881f-583a8bbff257,2023/11/16 9:43 AM,2023-11-16,2023-11-16 14:43:00 UTC,America/Guayaquil,6307087,dougiewainwright,,2024-02-02 19:00:10 UTC,2024-02-03 21:36:59 UTC,research,CC-BY-NC,https://www.inaturalist.org/observations/198227350,https://inaturalist-open-data.s3.amazonaws.com/photos/349331140/medium.jpeg,,"",,2,0,false,,"Putumayo, Ecuador",-0.0694372278,-76.1635157216,100,,,,100,,open,false,,,Ruddy Pigeon,Patagioenas subvinacea,Torcaza colorada,Aves,3095
198763259,c410d9dc-0334-42b0-9fa1-eb8df281af1a,2024/01/30 09:04,2024-01-30,2024-01-30 12:04:00 UTC,America/Fortaleza,2617817,allancle,Allan Clé Porto,2024-02-08 23:30:23 UTC,2024-10-11 19:40:21 UTC,research,,https://www.inaturalist.org/observations/198763259,https://static.inaturalist.org/photos/350392726/medium.jpg,,"","",1,0,false,,"Maranhão, BR",-5.1749590328,-47.6052921273,5797,,,,31389,obscured,open,true,,"",Pomba-botafogo,Patagioenas subvinacea,Torcaza colorada,Aves,3095
198950795,fc63af4f-a932-4212-bf57-9a85a1b6b41a,2024/02/09 4:15 PM,2024-02-09,2024-02-09 21:15:00 UTC,Bogota,6619725,nucleopalmeroaceitesmorichalsas,Núcleo Palmero Aceites Morichal S.A.S.,2024-02-11 00:40:45 UTC,2024-02-11 00:40:45 UTC,needs_id,CC-BY-NC,https://www.inaturalist.org/observations/198950795,https://inaturalist-open-data.s3.amazonaws.com/photos/350757129/medium.jpeg,,"","",0,0,false,,"San Carlos de Guaroa, Meta, Colombia",3.9378262228,-73.2553823305,4,,,,4,,open,false,,,Torcaza Colorada,Patagioenas subvinacea,Torcaza colorada,Aves,3095
199128888,c413ab40-6657-4a21-85ad-bd389e946da6,2024/01/22 7:06 AM,2024-01-22,2024-01-22 12:06:00 UTC,Quito,3807400,davidfbelmonte,David F. Belmonte,2024-02-12 20:09:26 UTC,2025-08-14 02:03:43 UTC,research,CC-BY,https://www.inaturalist.org/observations/199128888,https://inaturalist-open-data.s3.amazonaws.com/photos/351112064/medium.jpg,,"",,1,0,false,,"Bosque de Protección Altomayo, San Martín, Perú",-5.6692353417,-77.7445431817,769,,,,769,,open,false,,,Torcaza colorada,Patagioenas subvinacea,Torcaza colorada,Aves,3095
199172223,19008d27-e1ca-4b15-87fe-72fada603288,2019-03-19 07:38:00-07:00,2019-03-19,2019-03-19 14:38:00 UTC,America/Guayaquil,6394847,dbeeke,,2024-02-13 06:44:34 UTC,2024-02-13 20:47:59 UTC,research,CC-BY-NC,https://www.inaturalist.org/observations/199172223,https://inaturalist-open-data.s3.amazonaws.com/photos/351201015/medium.jpg,,"","",1,0,false,3,"SN Miguel Bancos, Pichincha, EC",0.144380929,-79.1421437789,23,,,,23,,open,false,,,Ruddy Pigeon,Patagioenas subvinacea,Torcaza colorada,Aves,3095
199504964,6026d943-3342-4e84-bb18-0db6a3911778,2018/10/17 20:04,2018-10-17,2018-10-18 00:04:00 UTC,America/Manaus,2483136,eduardoaugustoferreira,Eduardo Augusto Ferreira,2024-02-16 23:13:22 UTC,2025-04-24 19:17:49 UTC,research,CC-BY-NC,https://www.inaturalist.org/observations/199504964,https://inaturalist-open-data.s3.amazonaws.com/photos/351839056/medium.jpg,,"",,4,0,false,,"Manaus, AM, Brasil",-3.1190275,-60.0217314,31060,,,,31060,,open,false,,,Pomba-botafogo,Patagioenas subvinacea,Torcaza colorada,Aves,3095
199991079,896125e5-f976-4b34-ac0d-b092f2efa98c,2024/02/14 2:53 PM,2024-02-14,2024-02-14 19:53:00 UTC,America/Guayaquil,732632,guy23,Guy Babineau,2024-02-21 13:27:46 UTC,2024-02-21 13:27:46 UTC,needs_id,CC0,https://www.inaturalist.org/observations/199991079,https://inaturalist-open-data.s3.amazonaws.com/photos/352755872/medium.jpeg,,"",,0,0,false,,"Archidona Canton, Ecuador",-0.713854528,-77.585332976,357,,,,357,,open,false,,,Ruddy Pigeon,Patagioenas subvinacea,Torcaza colorada,Aves,3095
201289698,3e721839-5520-4c6f-b7a5-add1f63f0e34,2012/12/02 7:09 AM,2012-12-02,2012-12-02 12:09:00 UTC,Bogota,5188058,hugo_bernal_hernandez,Hugo Bernal Hernández,2024-03-04 19:47:12 UTC,2024-04-18 21:24:06 UTC,research,CC-BY-NC,https://www.inaturalist.org/observations/201289698,https://inaturalist-open-data.s3.amazonaws.com/photos/355301591/medium.jpeg,,"",,1,0,false,,"San Agustín, Huila, Colombia",1.8326783566,-76.3601844568,122,,,,122,,open,false,,,Torcaza colorada,Patagioenas subvinacea,Torcaza colorada,Aves,3095
202065209,f4ee2fc9-b2b0-4e5c-b2a3-820483743503,2023/12/24 1:07 PM,2023-12-24,2023-12-24 19:07:00 UTC,America/Costa_Rica,472396,dan_macneal,Dan MacNeal,2024-03-11 17:10:48 UTC,2025-10-31 16:06:07 UTC,research,CC-BY,https://www.inaturalist.org/observations/202065209,https://inaturalist-open-data.s3.amazonaws.com/photos/356796003/medium.jpeg,,"",,1,0,false,,"San José Province, Copey District, Costa Rica",9.6451873231,-83.8885668517,20,,,,20,,open,false,,,Ruddy Pigeon,Patagioenas subvinacea,Torcaza colorada,Aves,3095
202092303,a805a2a7-34c7-4925-968c-c4ed91173564,2023/12/25 7:13 AM,2023-12-25,2023-12-25 13:13:00 UTC,America/Costa_Rica,472396,dan_macneal,Dan MacNeal,2024-03-11 21:41:36 UTC,2025-10-31 16:06:07 UTC,research,CC-BY,https://www.inaturalist.org/observations/202092303,,https://static.inaturalist.org/sounds/925547.wav?1710191687,"",,1,0,false,,"San José Province, Copey District, Costa Rica",9.6175170067,-83.908987388,122,,,,122,,open,false,,,Ruddy Pigeon,Patagioenas subvinacea,Torcaza colorada,Aves,3095
202368374,ab7081ef-5162-4e84-aaf8-8f5402c74a90,2024-03-10 08:26:30,2024-03-10,2024-03-10 14:26:30 UTC,America/Costa_Rica,1418277,alinamartin,Alina Martin,2024-03-14 04:24:29 UTC,2025-07-31 21:03:51 UTC,needs_id,CC-BY,https://www.inaturalist.org/observations/202368374,https://inaturalist-open-data.s3.amazonaws.com/photos/357396740/medium.jpeg,,"",,0,0,false,2,"Copey, San José, Dota, Costa Rica",9.668025,-83.8837638889,,,,,,,open,false,,,Ruddy Pigeon,Patagioenas subvinacea,Torcaza colorada,Aves,3095
203314298,c47434cf-e376-4876-b4af-c2dd3d56090d,2020/01/21 9:05 AM,2020-01-21,2020-01-21 14:05:00 UTC,America/Guayaquil,6539239,jonpleizier,Jon Pleizier,2024-03-21 03:28:21 UTC,2024-03-21 03:28:21 UTC,needs_id,CC-BY-NC,https://www.inaturalist.org/observations/203314298,https://inaturalist-open-data.s3.amazonaws.com/photos/359197127/medium.jpg,,"",,0,0,false,,"Pedro Vicente Maldonado, Ecuador",0.0904698312,-79.0633889521,67,,,,67,,open,false,,,Ruddy Pigeon,Patagioenas subvinacea,Torcaza colorada,Aves,3095
203355163,e8d5a353-88bf-4929-8eb7-3abb9adde4cd,2016/09/29 9:36 AM,2016-09-29,2016-09-29 14:36:00 UTC,America/Guayaquil,3582490,ria-vogels,Ria Vogels,2024-03-21 14:43:38 UTC,2024-03-21 18:22:13 UTC,research,CC-BY-NC,https://www.inaturalist.org/observations/203355163,https://inaturalist-open-data.s3.amazonaws.com/photos/359273442/medium.jpeg,,"",,1,0,false,,"Puerto Quito, Ecuador",0.1445,-79.1422,,,,,,,open,false,,,Ruddy Pigeon,Patagioenas subvinacea,Torcaza colorada,Aves,3095
203540087,ac50ba99-43f9-4b8f-aa23-13ccf170507f,2024/03/12 8:19 AM,2024-03-12,2024-03-12 13:19:00 UTC,America/Guayaquil,1691841,anewmark,Andrew Newmark,2024-03-23 01:35:27 UTC,2024-03-23 01:35:27 UTC,needs_id,CC-BY-NC,https://www.inaturalist.org/observations/203540087,https://inaturalist-open-data.s3.amazonaws.com/photos/359636085/medium.jpg,,"",,0,0,false,,"Archidona Canton, Ecuador",-0.6766483333,-77.600235,,,,,,,open,false,,,Ruddy Pigeon,Patagioenas subvinacea,Torcaza colorada,Aves,3095
203657353,f2df5789-bc38-43cb-8b91-cbf779d4129f,2024/02/23 9:52 AM,2024-02-23,2024-02-23 14:52:00 UTC,America/Guayaquil,2460541,craigjhowe,,2024-03-23 22:29:32 UTC,2024-03-23 22:29:32 UTC,needs_id,CC-BY-NC,https://www.inaturalist.org/observations/203657353,https://inaturalist-open-data.s3.amazonaws.com/photos/359854774/medium.jpeg,,"",,0,0,false,,"Archidona Canton, Ecuador",-0.695605,-77.6027883333,,,,,,,open,false,,,Ruddy Pigeon,Patagioenas subvinacea,Torcaza colorada,Aves,3095
203694535,53302e30-c260-44d4-ae02-48c3340a5ae4,2024/01/29 10:32 AM,2024-01-29,2024-01-29 15:32:00 UTC,America/Guayaquil,716924,christophermayhew,Christopher Mayhew,2024-03-24 04:33:17 UTC,2024-04-16 00:07:43 UTC,needs_id,,https://www.inaturalist.org/observations/203694535,https://static.inaturalist.org/photos/359930357/medium.jpeg,,"",,1,0,false,,"Quijos, Ecuador",-0.4700555556,-77.8653416667,,,,,,,open,false,,,New World Pigeons,Patagioenas subvinacea,Torcaza colorada,Aves,3095
204055910,4c1667df-d798-484a-a3ce-012f0889d374,2024/03/19 7:49 AM,2024-03-19,2024-03-19 12:49:00 UTC,Quito,401931,cadecampbell,Cade,2024-03-26 19:56:34 UTC,2024-03-26 20:04:06 UTC,research,,https://www.inaturalist.org/observations/204055910,https://static.inaturalist.org/photos/360615813/medium.jpeg,,"",,1,0,false,,"Tambopata, PE-MD, PE",-12.0896781225,-69.5456142396,4,,,,4,,open,false,,,Ruddy Pigeon,Patagioenas subvinacea,Torcaza colorada,Aves,3095
204132656,642e78bd-8b92-46c8-aed3-fdbf48a15f6c,2024-03-24 07:27:34-04:00,2024-03-24,2024-03-24 11:27:34 UTC,America/Guayaquil,739230,lostincr,LostInCR,2024-03-27 12:13:37 UTC,2026-02-10 19:49:42 UTC,research,,https://www.inaturalist.org/observations/204132656,https://static.inaturalist.org/photos/360771479/medium.jpg,,"","",1,0,false,3,"Laguna Imuya, Sucumbios, EC",-0.58414,-75.2513733333,,,,,,,open,false,,,Ruddy Pigeon,Patagioenas subvinacea,Torcaza colorada,Aves,3095
204281128,aab34576-27c5-4a0d-b242-49f10802fc40,2024-02-15 11:23:53,2024-02-15,2024-02-15 14:23:53 UTC,America/Belem,5730689,reh_nato,Renato Moraes,2024-03-28 16:37:11 UTC,2024-03-28 18:25:16 UTC,research,,https://www.inaturalist.org/observations/204281128,https://static.inaturalist.org/photos/361056180/medium.jpeg,,"",,1,0,false,2,"Taboca, São Félix do Xingu - PA, 68380-000, Brasil",-6.0578143008,-52.3237391934,190,,,,190,,open,false,gps,gps,Pomba-botafogo,Patagioenas subvinacea,Torcaza colorada,Aves,3095
205136856,a4e95c72-2cc9-4183-aeaf-af4c76444987,2024-04-01 16:33:00,2024-04-01,2024-04-01 21:33:00 UTC,America/Guayaquil,2759762,holgersanchez,Holger Sanchez,2024-04-02 19:56:47 UTC,2024-04-04 22:50:33 UTC,research,CC-BY-NC,https://www.inaturalist.org/observations/205136856,https://inaturalist-open-data.s3.amazonaws.com/photos/362673405/medium.jpeg,,"",,1,0,false,2,"Moromoro (Cab. en el Vado), Ecuador",-3.6693675658,-79.778479971,190,,,,190,,open,false,,,Torcaza colorada,Patagioenas subvinacea,Torcaza colorada,Aves,3095
205305252,43e4e2a3-37d4-48dc-95fc-de7329559706,2024-04-03 11:24:39-04:00,2024-04-03,2024-04-03 15:24:39 UTC,America/Guayaquil,739230,lostincr,LostInCR,2024-04-03 23:45:13 UTC,2026-02-10 19:49:42 UTC,research,,https://www.inaturalist.org/observations/205305252,https://static.inaturalist.org/photos/363001461/medium.jpg,,"","",1,0,false,3,"Archidona, Napo, EC",-0.7177733333,-77.5744633333,,,,,,,open,false,,,Ruddy Pigeon,Patagioenas subvinacea,Torcaza colorada,Aves,3095
205313887,6c6f0df2-d34c-4654-aebc-fbbbe3d36755,2024-04-03 17:24:17,2024-04-03,2024-04-03 22:24:17 UTC,America/Guayaquil,7926802,pathy_grefiz,RITA PATRICIA GREFA SHIGUANGO,2024-04-04 01:11:50 UTC,2024-04-04 18:42:29 UTC,research,,https://www.inaturalist.org/observations/205313887,https://static.inaturalist.org/photos/363018093/medium.jpeg,,"",,1,0,false,2,"Reserva Narupa - Refugio Cerulean - Fundación Jocotoco, 0.6576980809910098, -77.78880843807343 Narupa, Ecuador",-0.6594863196,-77.7892159671,12,,,,12,,open,false,gps,gps,Torcaza colorada,Patagioenas subvinacea,Torcaza colorada,Aves,3095
205526678,ca0c8858-2161-44d7-8f00-025fd668c799,2017/02/23 9:35 AM,2017-02-23,2017-02-23 14:35:00 UTC,Bogota,1026835,scaup,,2024-04-05 15:55:19 UTC,2024-04-05 16:54:11 UTC,research,CC0,https://www.inaturalist.org/observations/205526678,https://inaturalist-open-data.s3.amazonaws.com/photos/363404983/medium.jpeg,,"",,1,0,false,,"Anorí, Antioquia, Colombia",6.9763611611,-75.1111895424,61,,,,61,,open,false,,,Ruddy Pigeon,Patagioenas subvinacea,Torcaza colorada,Aves,3095
207280886,ca36931d-278b-42bc-a6c3-3909cc713ff6,2024/02/16 08:31,2024-02-16,2024-02-16 14:31:00 UTC,America/Costa_Rica,1700589,phil_crimson,Philippe Hénault,2024-04-14 22:33:36 UTC,2025-07-31 17:11:49 UTC,research,CC-BY-NC,https://www.inaturalist.org/observations/207280886,https://inaturalist-open-data.s3.amazonaws.com/photos/366562863/medium.jpg,,"",,1,0,false,,"San José Province, Copey District, Costa Rica",9.5828913624,-83.7964607383,8,,,,8,,open,false,,,Pigeon vineux,Patagioenas subvinacea,Torcaza colorada,Aves,3095
208389683,12e9fd10-d8ae-4ba8-98f4-9c47a2e43b79,2024/03/24 7:27 AM,2024-03-24,2024-03-24 12:27:00 UTC,America/Guayaquil,739230,lostincr,LostInCR,2024-04-21 00:26:51 UTC,2026-02-10 19:49:42 UTC,research,,https://www.inaturalist.org/observations/208389683,https://static.inaturalist.org/photos/368697631/medium.jpg,,"",,1,0,false,,"Cuyabeno Cantón, Ecuador",-0.58414,-75.251373,,,,,,,open,false,,,Ruddy Pigeon,Patagioenas subvinacea,Torcaza colorada,Aves,3095
210524205,1956b392-488f-4e45-8290-ea51aeea6c8d,2024-04-27 07:07:01,2024-04-27,2024-04-27 11:07:01 UTC,La Paz,6629532,heri14,Heri Mascaya,2024-04-28 00:32:29 UTC,2024-04-28 00:37:01 UTC,research,,https://www.inaturalist.org/observations/210524205,https://static.inaturalist.org/photos/372354712/medium.jpeg,,"",,1,0,false,2,"53GH+GR, Trinidad, Bolivia",-14.8239156141,-64.920588322,695,,,,695,,open,false,gps,gps,Ruddy Pigeon,Patagioenas subvinacea,Torcaza colorada,Aves,3095
212487317,c89250fc-7e29-4c0a-b145-c23f6ae40c67,2024-04-30 08:14:46,2024-04-30,2024-04-30 13:14:46 UTC,America/Guayaquil,2348425,birdpackingadventures,Justin Walker,2024-05-01 04:00:13 UTC,2024-05-02 21:43:33 UTC,research,CC-BY-NC,https://www.inaturalist.org/observations/212487317,https://inaturalist-open-data.s3.amazonaws.com/photos/375505968/medium.jpeg,,"",,1,0,false,2,"W6X9+9Q, San Carlos, Ecuador",-0.0523288848,-78.781312108,213,,,,213,,open,false,gps,gps,Ruddy Pigeon,Patagioenas subvinacea,Torcaza colorada,Aves,3095
213503663,577c73ee-a86a-4b39-9416-12bf1787b691,2024/04/16 1:48 PM,2024-04-16,2024-04-16 19:48:00 UTC,America/Costa_Rica,2640746,steve_orridge,Steve Orridge,2024-05-04 20:11:18 UTC,2024-08-21 16:43:47 UTC,research,CC-BY,https://www.inaturalist.org/observations/213503663,https://inaturalist-open-data.s3.amazonaws.com/photos/377319155/medium.jpeg,,"Birds, Costa Rica, Dantica Cloud Forest Lodge","",1,0,false,,"San José Province, Copey District, Costa Rica",9.5858533333,-83.7996383333,,,,,,,open,false,,,Ruddy Pigeon,Patagioenas subvinacea,Torcaza colorada,Aves,3095
214900827,0be9ffa7-c008-447b-a017-ad1b32015f64,2024/03/31 11:56,2024-03-31,2024-03-31 14:56:00 UTC,America/Belem,3543912,nereston-nelinho-camargo,Nereston (Nelinho) Camargo,2024-05-11 00:16:20 UTC,2024-05-11 02:16:23 UTC,research,CC-BY-NC,https://www.inaturalist.org/observations/214900827,https://inaturalist-open-data.s3.amazonaws.com/photos/379886317/medium.jpg,,"",,1,0,false,,"Parauapebas - PA, 68515-000, Brasil",-6.0700085154,-50.0699821225,4,,,,4,,open,false,,,Pomba-botafogo,Patagioenas subvinacea,Torcaza colorada,Aves,3095
215381598,a61d234f-e988-415d-ade9-229e13d2d0fa,2024/05/11 7:20 PM,2024-05-11,2024-05-11 23:20:00 UTC,Caracas,6536009,alejandroluy,Alejandro Luy,2024-05-12 23:21:10 UTC,2024-07-27 11:40:27 UTC,research,CC-BY-NC,https://www.inaturalist.org/observations/215381598,,https://static.inaturalist.org/sounds/1035151.mp3?1715556035,"",,1,0,false,,"Caracas 1011, Distrito Capital, Venezuela",10.5356875,-66.8974375,101,,,,101,,open,false,,,Torcaza colorada,Patagioenas subvinacea,Torcaza colorada,Aves,3095
216012042,9d4561d7-ef7a-4a07-b096-67bc3c85f290,2024-05-15 11:38:00,2024-05-15,2024-05-15 17:38:00 UTC,America/Costa_Rica,5682024,antho2005,Anthony Ramírez Murillo,2024-05-15 23:38:37 UTC,2024-05-15 23:38:44 UTC,needs_id,CC-BY-NC,https://www.inaturalist.org/observations/216012042,https://inaturalist-open-data.s3.amazonaws.com/photos/381980260/medium.jpeg,,"",,0,0,false,2,"XVXR+V49, Heredia, Costa Rica",10.0000751504,-84.1089969501,49,,,,49,,open,false,gps,gps,Torcaza colorada,Patagioenas subvinacea,Torcaza colorada,Aves,3095
218007756,7cb61e51-dc69-49a9-91c8-59ca9599cf64,2016/12/23 11:16 AM,2016-12-23,2016-12-23 17:16:00 UTC,America/Costa_Rica,6542923,fabs1009,Fabián A. Sibaja Araya,2024-05-25 00:11:26 UTC,2024-05-25 00:22:51 UTC,research,CC-BY-NC,https://www.inaturalist.org/observations/218007756,https://inaturalist-open-data.s3.amazonaws.com/photos/385733647/medium.jpeg,,"","",1,0,false,,"San José, Rivas, Costa Rica",9.4910843045,-83.5701528059,6665,,,,6665,,open,false,,,Torcaza colorada,Patagioenas subvinacea,Torcaza colorada,Aves,3095
218008726,aae96672-2b10-407a-af99-833d53ba9955,2024/05/19 7:48 AM,2024-05-19,2024-05-19 12:48:00 UTC,Bogota,1236467,smejiadu,Santi MD,2024-05-25 00:18:18 UTC,2024-08-14 23:20:50 UTC,research,CC-BY-NC,https://www.inaturalist.org/observations/218008726,https://inaturalist-open-data.s3.amazonaws.com/photos/385735547/medium.jpeg,,"","",1,0,false,,"Yarumal, Antioquia, Colombia",6.9084158998,-75.5568822667,4,,,,4,,open,false,,,Torcaza colorada,Patagioenas subvinacea,Torcaza colorada,Aves,3095
218034018,b3fbb4cd-4f06-4392-9896-45bc29035a09,2020-05-24 09:11:16,2020-05-24,2020-05-24 15:11:16 UTC,America/Costa_Rica,1449509,jeffry_torres,Jeffry Torres,2024-05-25 03:30:32 UTC,2025-12-12 15:31:05 UTC,research,CC-BY-NC,https://www.inaturalist.org/observations/218034018,https://inaturalist-open-data.s3.amazonaws.com/photos/385786247/medium.jpeg,,"",,2,0,false,2,Cerro Paraguas,8.7872042329,-83.0288422108,55,,,,55,,open,false,gps,gps,Torcaza colorada,Patagioenas subvinacea,Torcaza colorada,Aves,3095
218748248,bc65354a-a997-4882-be27-8db3e9ef431c,2024-05-24 07:53:49,2024-05-24,2024-05-24 12:53:49 UTC,America/Guayaquil,6377583,edison79,edison mamallacta,2024-05-27 21:23:25 UTC,2024-06-12 04:57:47 UTC,research,,https://www.inaturalist.org/observations/218748248,https://static.inaturalist.org/photos/387114562/medium.jpeg,,"",,2,0,false,2,"Reserva Narupa - Refugio Cerulean - Fundación Jocotoco, 0.6576980809910098, -77.78880843807343 Narupa, Ecuador",-0.6932459374,-77.8165644407,686,,,,686,,open,false,gps,gps,Torcaza colorada,Patagioenas subvinacea,Torcaza colorada,Aves,3095
218788227,4ee4aa2d-bc65-4f7d-a92a-68a911e263ed,2024-05-27 15:48:50,2024-05-27,2024-05-27 20:48:50 UTC,Quito,7621360,herfrogs,Hersog Chavez yuyarima,2024-05-28 00:41:05 UTC,2025-04-05 03:22:58 UTC,research,,https://www.inaturalist.org/observations/218788227,https://static.inaturalist.org/photos/387192809/medium.jpeg,,"",,1,0,false,2,"16310, Perú",-4.3924379272,-73.2630975544,212,,,,212,,open,false,gps,gps,Torcaza colorada,Patagioenas subvinacea,Torcaza colorada,Aves,3095
220101845,2bad3d0c-685d-41de-80b7-219110fc015f,2014/12/07 3:09 PM,2014-12-07,2014-12-07 21:09:00 UTC,America/Costa_Rica,6542923,fabs1009,Fabián A. Sibaja Araya,2024-06-02 21:12:03 UTC,2024-08-03 03:50:35 UTC,needs_id,CC-BY-NC,https://www.inaturalist.org/observations/220101845,https://inaturalist-open-data.s3.amazonaws.com/photos/389648859/medium.jpeg,https://static.inaturalist.org/sounds/1074616.wav?1717362584,"",,0,0,false,,"Provincia de Puntarenas, Golfito, Costa Rica",8.7632343669,-83.045057972,3546,,,,3546,,open,false,,,Torcaza Colorada,Patagioenas subvinacea,Torcaza colorada,Aves,3095
220390682,a89f2015-8a72-4bb2-8ea3-f549a1d7ab58,2024/05/23 3:19 PM,2024-05-23,2024-05-23 20:19:00 UTC,Quito,1499212,adkonings,Ad Konings,2024-06-04 02:43:10 UTC,2024-06-04 03:19:48 UTC,research,CC-BY-NC,https://www.inaturalist.org/observations/220390682,https://inaturalist-open-data.s3.amazonaws.com/photos/390195091/medium.jpg,,"",,1,0,false,,"Paucartambo Province, Peru",-13.0366736399,-71.5032880869,61,,,,61,,open,false,,,Ruddy Pigeon,Patagioenas subvinacea,Torcaza colorada,Aves,3095
222982186,cebc4460-fbcb-4dfb-b675-caa0cc617486,2024/06/02 1:55 PM,2024-06-02,2024-06-02 19:55:00 UTC,America/Costa_Rica,25150,jakescott,Jake Scott,2024-06-16 00:10:05 UTC,2025-06-06 02:11:26 UTC,research,CC-BY-NC,https://www.inaturalist.org/observations/222982186,https://static.inaturalist.org/photos/395044014/medium.jpg,,"",,1,0,false,,Costa Rica,9.5272086544,-83.7008666635,4,,,,31236,obscured,open,true,,,Ruddy Pigeon,Patagioenas subvinacea,Torcaza colorada,Aves,3095
225302243,f1c35c70-6872-4857-8d1b-7350d61382a0,2024/05/30 14:56,2024-05-30,2024-05-30 19:56:00 UTC,America/Guayaquil,5285505,zoltanbagosi,Zoltan BAGOSI,2024-06-26 13:42:46 UTC,2024-06-27 15:34:28 UTC,research,CC-BY-NC,https://www.inaturalist.org/observations/225302243,https://inaturalist-open-data.s3.amazonaws.com/photos/399436023/medium.jpg,,"geo:lat=-0.49196500, geo:lon=-76.33175200, geotagged",,1,0,false,,"Francisco de Orellana, Ecuador",-0.491965,-76.331752,,,,,,,open,false,,,bíborgalamb,Patagioenas subvinacea,Torcaza colorada,Aves,3095
226563901,63ea6428-e04a-456f-bdb4-3f217b406361,2024/07/01 4:19 PM,2024-07-01,2024-07-01 21:19:00 UTC,America/Guayaquil,6307536,borislandazuri,Boris Landázuri,2024-07-01 23:12:41 UTC,2024-07-22 19:34:52 UTC,research,CC-BY-NC,https://www.inaturalist.org/observations/226563901,https://inaturalist-open-data.s3.amazonaws.com/photos/401828333/medium.jpeg,,"","",1,0,false,,"Cajamarca, PE",-4.845636,-78.996474,,,,,,,open,false,,,Torcaza Colorada,Patagioenas subvinacea,Torcaza colorada,Aves,3095
227375486,06651e49-6675-49fc-93dd-5eac4fd9d2aa,2023/01/27 11:29,2023-01-27,2023-01-27 15:29:00 UTC,Georgetown,453217,imalipusram,Jérémie Lapèze,2024-07-05 20:30:19 UTC,2024-07-05 20:32:51 UTC,needs_id,CC-BY-NC,https://www.inaturalist.org/observations/227375486,https://inaturalist-open-data.s3.amazonaws.com/photos/403358618/medium.jpeg,,"","",1,0,false,,"Maripari River + Kurukabaru, GY-PT, GY",4.6787888192,-59.7935947266,2000,,,,2000,,open,false,,,Pigeon vineux,Patagioenas subvinacea,Torcaza colorada,Aves,3095
228354204,4579de69-492b-4062-bb2d-45c311b13047,2024/07/08 11:59 AM,2024-07-08,2024-07-08 16:59:00 UTC,America/Guayaquil,6307536,borislandazuri,Boris Landázuri,2024-07-10 01:28:36 UTC,2024-07-10 01:51:57 UTC,research,CC-BY-NC,https://www.inaturalist.org/observations/228354204,https://inaturalist-open-data.s3.amazonaws.com/photos/405213932/medium.jpeg,,"","",1,0,false,,"Chinchipe, Ecuador",-4.8450216667,-78.9965566667,,,,,,,open,false,,,Torcaza colorada,Patagioenas subvinacea,Torcaza colorada,Aves,3095
228648683,7589f918-ec96-44d5-acff-218ed3dc0be9,2024-07-10 14:27:22-05:00,2024-07-10,2024-07-10 19:27:22 UTC,America/Guayaquil,2056922,ricardoinaturalist,Ricardo Nieto,2024-07-11 16:06:28 UTC,2024-07-21 22:01:00 UTC,needs_id,CC-BY-NC,https://www.inaturalist.org/observations/228648683,,https://static.inaturalist.org/sounds/1128629.m4a?1720713990,"","",1,0,false,3,"Parque Nacional Sumaco Napo-Galeras, Archidona, Napo, EC",-0.5610931321,-77.6038311328,28,,,,28,,open,false,,,Torcaza colorada,Patagioenas subvinacea,Torcaza colorada,Aves,3095
228706706,6d5acf4e-2e20-4f14-aa81-3b50bc9265fd,2024-07-11 11:11:20-05:00,2024-07-11,2024-07-11 16:11:20 UTC,America/Guayaquil,211252,oceanicwilderness,Misti,2024-07-11 21:17:45 UTC,2024-07-23 00:04:25 UTC,needs_id,,https://www.inaturalist.org/observations/228706706,,https://static.inaturalist.org/sounds/1128985.m4a?1720732670,"",The woooing sound in distance beyond the people ,1,0,false,3,"Shushufindi, EC-SU, EC",-0.3975468603,-76.1241429396,14,,,,14,,open,false,,,Ruddy Pigeon,Patagioenas subvinacea,Torcaza colorada,Aves,3095
229069361,56a68530-dac9-4c5e-900f-044b928635ed,2023/10/21 10:20 AM,2023-10-21,2023-10-21 15:20:00 UTC,Bogota,3787855,adrian_maldonado,Adrian Maldonado,2024-07-13 17:26:28 UTC,2024-07-14 03:19:38 UTC,research,,https://www.inaturalist.org/observations/229069361,https://static.inaturalist.org/photos/406573174/medium.jpeg,,"","",1,0,false,,"Suratá, Santander, Colombia",7.4458140784,-72.9649626464,207,,,,207,,open,false,gps,gps,Torcaza colorada,Patagioenas subvinacea,Torcaza colorada,Aves,3095
229939702,f7c27d00-724a-47be-aa27-dc8a59e8d6d3,2024-06-13 06:57:39-04:00,2024-06-13,2024-06-13 10:57:39 UTC,America/Cuiaba,1700524,dancingbirder,Yve Morrell,2024-07-17 17:53:26 UTC,2024-07-17 18:42:12 UTC,research,CC-BY-NC,https://www.inaturalist.org/observations/229939702,https://inaturalist-open-data.s3.amazonaws.com/photos/408216119/medium.jpeg,,"","",1,0,false,3,"São José Do Rio Claro, MT, BR",-13.5422916135,-56.6332239786,39,,,,39,,open,false,,,Ruddy Pigeon,Patagioenas subvinacea,Torcaza colorada,Aves,3095
230862565,ca2562d0-f561-4ff9-b109-754c76f17369,2024-07-20 12:24:31-06:00,2024-07-20,2024-07-20 18:24:31 UTC,America/Costa_Rica,3424626,isaiahscott,Isaiah Scott,2024-07-21 22:19:48 UTC,2024-08-15 17:06:56 UTC,research,,https://www.inaturalist.org/observations/230862565,https://static.inaturalist.org/photos/409957947/medium.jpeg,,"","",1,0,false,3,"Vía 237, Coto Brus, Puntarenas, CR",8.7851260997,-82.9589612933,35,,,,35,,open,false,,,Ruddy Pigeon,Patagioenas subvinacea,Torcaza colorada,Aves,3095
232234799,c2cb10ae-6546-4bec-ad9d-0cfcf29199ac,2018/05/12 08:17,2018-05-12,2018-05-12 12:17:00 UTC,America/Manaus,6253068,manequinho,"",2024-07-28 11:23:06 UTC,2024-07-29 11:07:33 UTC,research,CC-BY-NC,https://www.inaturalist.org/observations/232234799,https://inaturalist-open-data.s3.amazonaws.com/photos/412566615/medium.jpg,,"","Foto faz parte de diversas incursões, passeios, viagens, passarinhadas e pesquisas amadoras que tenho feito por aí nos últimos 30 anos. Espero que a foto possa ajudar especialistas no estudo desse organismo. Não tenho qualquer formação acadêmica, mas gosto muito disso. Grande Abraço!!",1,0,false,,"Museu da Amazônia - MUSA - Av. Margarita, 6305 - Cidade de Deus, Manaus - AM, 69099-415, Brasil",-3.0071783,-59.9399621,189,,,,189,,open,false,,,Patagioenas subvinacea purpureotincta,Patagioenas subvinacea purpureotincta,,Aves,727772
234263575,0985cd26-42ec-4b53-868e-24731a80347a,2024-08-04 07:37:48,2024-08-04,2024-08-04 12:37:48 UTC,Bogota,2169857,andolmos,Andrés Olmos Sánchez,2024-08-07 02:20:49 UTC,2024-08-10 01:37:30 UTC,research,CC-BY-NC,https://www.inaturalist.org/observations/234263575,https://inaturalist-open-data.s3.amazonaws.com/photos/416432088/medium.jpeg,,"",,1,0,false,2,"San Vicente de Chucurí, Santander, Colombia",6.8785179797,-73.4132331982,1331,,,,1331,,open,false,gps,gps,Torcaza colorada,Patagioenas subvinacea,Torcaza colorada,Aves,3095
234454690,5527b8fa-baea-47dc-a86a-9d29598eb2ae,2024/07/08 2:51 PM,2024-07-08,2024-07-08 19:51:00 UTC,America/Guayaquil,2486648,benjaminnavas,Benjamin Navas,2024-08-08 03:12:47 UTC,2025-11-14 02:01:40 UTC,research,CC-BY-NC,https://www.inaturalist.org/observations/234454690,https://static.inaturalist.org/photos/416798379/medium.jpeg,,"","",1,0,false,,"Jipijapa, Ecuador",-1.4212952369,-80.4709698335,3617,,,,3617,,open,false,,,Ruddy Pigeon,Patagioenas subvinacea,Torcaza colorada,Aves,3095
235577427,98b0f785-83cb-4f00-843a-a2e4ce7f654c,2024/07/18 12:52 AM,2024-07-18,2024-07-18 04:52:00 UTC,America/Manaus,7038795,providenceplus,,2024-08-13 18:23:42 UTC,2024-08-20 13:35:47 UTC,needs_id,CC-BY-NC,https://www.inaturalist.org/observations/235577427,,https://static.inaturalist.org/sounds/1160863.wav?1723572925,"",xprf/Providence+/DROPA18/MIC1/XPRIZE-trg_ALL-20240718T124745Z/314-316,0,0,false,,"Iranduba - State of Amazonas, 69405-000, Brazil",-2.959211,-60.738144,,,,,,,open,false,,,Ruddy Pigeon,Patagioenas subvinacea,Torcaza colorada,Aves,3095
235580214,cd69ddd6-bfb2-4a1f-9a72-a416dd37fc4a,2024/07/18 10:30 AM,2024-07-18,2024-07-18 14:30:00 UTC,America/Manaus,7038795,providenceplus,,2024-08-13 18:37:25 UTC,2024-09-02 12:05:34 UTC,needs_id,CC-BY-NC,https://www.inaturalist.org/observations/235580214,,https://static.inaturalist.org/sounds/1160882.wav?1723573493,"",xprf/Providence+/DROPA11/MIC1/XPRIZE-trg_ALL-20240718T102939Z/78-80,0,0,false,,"Iranduba - State of Amazonas, 69405-000, Brazil",-2.966569,-60.740242,,,,,,,open,false,,,Ruddy Pigeon,Patagioenas subvinacea,Torcaza colorada,Aves,3095
235645170,95c37cd4-cddf-4fbb-bae4-fc098e7b397e,2024/07/09 4:06 AM,2024-07-09,2024-07-09 08:06:00 UTC,America/Manaus,6911182,limelightrainforest,Team Limelight Rainforest,2024-08-14 01:32:12 UTC,2024-09-02 12:03:37 UTC,needs_id,CC0,https://www.inaturalist.org/observations/235645170,,https://static.inaturalist.org/sounds/1161423.wav?1723598969,"",XPRIZE Rainforest finals observation ID: xprf/Limelight-Rainforest/Limelight-code:raft1/File_path:audio/array/raft1/1720361056/1720523160.wav;ID:47-2_Timestamp(s):46-52,0,0,false,,"Iranduba - State of Amazonas, 69405-000, Brazil",-2.9651853,-60.7383802,,,,,,,open,false,,"",Patagioenas subvinacea,Patagioenas subvinacea,Torcaza colorada,Aves,3095
235647662,69066db5-6305-47fc-8830-ffb2132b7672,2024/07/09 3:14 AM,2024-07-09,2024-07-09 07:14:00 UTC,America/Manaus,6911182,limelightrainforest,Team Limelight Rainforest,2024-08-14 01:49:05 UTC,2024-09-02 12:02:56 UTC,needs_id,CC0,https://www.inaturalist.org/observations/235647662,,https://static.inaturalist.org/sounds/1161490.wav?1723599887,"",XPRIZE Rainforest finals observation ID: xprf/Limelight-Rainforest/Limelight-code:raft2/File_path:audio/array/raft2/1720361199/1720520040.wav;ID:8-1_Timestamp(s):7-16,0,0,false,,"Iranduba - State of Amazonas, 69405-000, Brazil",-2.9655391,-60.7416788,,,,,,,open,false,,"",Patagioenas subvinacea,Patagioenas subvinacea,Torcaza colorada,Aves,3095
235652996,b1993708-8a2a-4106-a0ce-95c117892979,2024/07/09 4:27 AM,2024-07-09,2024-07-09 08:27:00 UTC,America/Manaus,6911182,limelightrainforest,Team Limelight Rainforest,2024-08-14 02:30:41 UTC,2024-09-02 12:01:13 UTC,needs_id,CC0,https://www.inaturalist.org/observations/235652996,,https://static.inaturalist.org/sounds/1161746.wav?1723602479,"",XPRIZE Rainforest finals observation ID: xprf/Limelight-Rainforest/Limelight-code:raft6/File_path:audio/array/raft6/1718908048/1720524420.wav;ID:19-3_Timestamp(s):18-24,0,0,false,,"Iranduba - State of Amazonas, 69405-000, Brazil",-2.9646737,-60.7392861,,,,,,,open,false,,"",Patagioenas subvinacea,Patagioenas subvinacea,Torcaza colorada,Aves,3095
235656724,2f1e713f-86e5-4d52-96ac-1aee2e811816,2024/07/09 4:00 AM,2024-07-09,2024-07-09 08:00:00 UTC,America/Manaus,6911182,limelightrainforest,Team Limelight Rainforest,2024-08-14 03:02:35 UTC,2024-09-02 11:59:52 UTC,needs_id,CC0,https://www.inaturalist.org/observations/235656724,,https://static.inaturalist.org/sounds/1161963.wav?1723604287,"",XPRIZE Rainforest finals observation ID: xprf/Limelight-Rainforest/Limelight-code:raft10/File_path:audio/array/raft10/1720517704/1720522800.wav;ID:32-1_Timestamp(s):31-47,0,0,false,,"Iranduba - State of Amazonas, 69405-000, Brazil",-2.9659014,-60.7373022,,,,,,,open,false,,"",Patagioenas subvinacea,Patagioenas subvinacea,Torcaza colorada,Aves,3095
235657822,f748abf9-a6a3-4c26-8192-f95872be0015,2024/07/09 3:05 AM,2024-07-09,2024-07-09 07:05:00 UTC,America/Manaus,6911182,limelightrainforest,Team Limelight Rainforest,2024-08-14 03:12:28 UTC,2024-09-02 11:59:44 UTC,needs_id,CC0,https://www.inaturalist.org/observations/235657822,,https://static.inaturalist.org/sounds/1161992.wav?1723604631,"",XPRIZE Rainforest finals observation ID: xprf/Limelight-Rainforest/Limelight-code:raft4/File_path:audio/array/raft4/1720475345/1720519500.wav;ID:35-2_Timestamp(s):34-41,0,0,false,,"Iranduba - State of Amazonas, 69405-000, Brazil",-2.9637307,-60.7411918,,,,,,,open,false,,"",Patagioenas subvinacea,Patagioenas subvinacea,Torcaza colorada,Aves,3095
236426507,33e77fba-e6f2-4f3c-b7b5-02f0bc9015a4,2018/05/27 10:00,2018-05-27,2018-05-27 14:00:00 UTC,America/Manaus,8454861,moschini,Luiz Moschini,2024-08-18 03:09:05 UTC,2024-08-18 22:56:21 UTC,research,CC-BY-NC,https://www.inaturalist.org/observations/236426507,https://inaturalist-open-data.s3.amazonaws.com/photos/420614667/medium.jpg,,"",,1,0,false,,"Pres. Figueiredo - AM, 69735-000, Brasil",-2.0166348032,-59.9109633902,31,,,,31,,open,false,,,Pomba-botafogo,Patagioenas subvinacea,Torcaza colorada,Aves,3095
236854089,ead6939d-f41e-4a52-88cc-2e3d97ebeaaf,2024-07-12 00:00:00+08:00,2024-07-11,2024-07-11 16:00:00 UTC,America/Manaus,6882460,ethbiodivx,ETH BiodivX,2024-08-20 04:44:54 UTC,2024-10-25 17:15:21 UTC,needs_id,CC-BY-NC,https://www.inaturalist.org/observations/236854089,,https://static.inaturalist.org/sounds/1168704.wav?1724136132,"Patagioenas subvinacea, bioacoustic",Observation of Patagioenas subvinacea through acoustic monitoring,0,0,false,817,"Amazonas, BR",-2.96617,-60.7397,100,,,,100,,open,false,,,,Patagioenas subvinacea,Torcaza colorada,Aves,3095
237182030,dd0062ec-f406-4e12-b768-d8227f001620,2024/08/16 13:40,2024-08-16,2024-08-16 16:40:00 UTC,America/Cayenne,7983880,imrick,Imrick B.,2024-08-21 22:03:47 UTC,2025-04-13 23:54:09 UTC,research,CC-BY,https://www.inaturalist.org/observations/237182030,https://inaturalist-open-data.s3.amazonaws.com/photos/422068182/medium.jpg,,"",,1,0,false,,"Sinnamary 97315, Guyane française",5.0280133333,-53.05573,,,,,,,open,false,,,Pigeon vineux,Patagioenas subvinacea,Torcaza colorada,Aves,3095
238433579,9cd9df56-3847-430d-9b4e-bd7d1c462fbe,2016/10/16 9:55 AM,2016-10-16,2016-10-16 14:55:00 UTC,America/Guayaquil,8376272,leonardo_od,Leonardo Ordóñez-Delgado,2024-08-28 15:47:05 UTC,2025-11-20 13:29:35 UTC,research,CC-BY-NC-SA,https://www.inaturalist.org/observations/238433579,https://inaturalist-open-data.s3.amazonaws.com/photos/424489319/medium.jpg,,"","",1,0,false,,"Palanda, Ecuador",-4.676492792,-79.117959203,15,,,,15,,open,false,,,Torcaza colorada,Patagioenas subvinacea,Torcaza colorada,Aves,3095
239525180,71ffa77d-4151-461a-822b-b30fd4d65768,2024/08/25 09:23,2024-08-25,2024-08-25 13:23:00 UTC,America/Boa_Vista,3930990,grigolin,Grigolin,2024-09-03 00:57:48 UTC,2024-09-03 01:14:44 UTC,research,,https://www.inaturalist.org/observations/239525180,https://static.inaturalist.org/photos/426608142/medium.jpg,,"",,1,0,false,,"Mucajaí, RR, 69340-000, Brasil",2.4383721324,-60.9209628409,244,,,,244,,open,false,,,Pomba-botafogo,Patagioenas subvinacea,Torcaza colorada,Aves,3095
240634823,013d2fc6-02a8-425d-b9a0-6885a446eaf0,2020/11/17 3:56 PM,2020-11-17,2020-11-17 20:56:00 UTC,America/Guayaquil,2609452,brewmaster,"",2024-09-08 21:24:26 UTC,2024-09-10 21:28:56 UTC,research,CC-BY-NC,https://www.inaturalist.org/observations/240634823,https://inaturalist-open-data.s3.amazonaws.com/photos/428718016/medium.jpg,,"",,1,0,false,,"Milpe Bird Sanctuary - Mindo Cloudforest Foundation, Camino Milpe-Pachijal y Km 91, San Miguel de Los Bancos, Ecuador",0.0303539,-78.866461,202,,,,202,,open,false,,,Ruddy Pigeon,Patagioenas subvinacea,Torcaza colorada,Aves,3095
241489210,44ab2941-bbb9-4e2b-95a8-fc3d60754993,2024/09/08 10:25 AM,2024-09-08,2024-09-08 15:25:00 UTC,America/Rio_Branco,5300719,gustavodallaqua,Gustavo Dallaqua,2024-09-13 17:00:09 UTC,2024-09-13 17:14:09 UTC,research,,https://www.inaturalist.org/observations/241489210,https://static.inaturalist.org/photos/430388799/medium.jpg,,"",,1,0,false,,"Rio Branco - State of Acre, Brazil",-10.0328177135,-68.3572625085,31,,,,31,,open,false,,,Ruddy Pigeon,Patagioenas subvinacea,Torcaza colorada,Aves,3095
241705545,a4c66e66-83fb-4a89-b9c9-a92d648c95ad,2020/11/17 5:09 PM,2020-11-17,2020-11-17 22:09:00 UTC,America/Guayaquil,2609452,brewmaster,"",2024-09-14 19:07:32 UTC,2025-10-15 16:56:49 UTC,research,CC-BY-NC,https://www.inaturalist.org/observations/241705545,https://inaturalist-open-data.s3.amazonaws.com/photos/430805765/medium.jpg,,"",,1,0,false,,"Mindo Valley, Ecuador",-0.048717,-78.775198,212,,,,212,,open,false,,,Ruddy Pigeon,Patagioenas subvinacea,Torcaza colorada,Aves,3095
241974093,800d3b8c-07fd-4a4d-8ab7-0fca74d8a591,2024-09-15 08:36:10,2024-09-15,2024-09-15 13:36:10 UTC,America/Guayaquil,4930274,eliza_df,Elizabeth Días,2024-09-15 22:20:48 UTC,2025-11-24 01:12:59 UTC,needs_id,,https://www.inaturalist.org/observations/241974093,,https://static.inaturalist.org/sounds/1202034.wav?1726438851,"",,0,0,false,2,"Chinchipe, EC-ZC, EC",-4.65859993,-79.14454581,35,,,,35,,open,false,,,,Patagioenas subvinacea,Torcaza colorada,Aves,3095
241989140,add9159e-fcaa-4044-843e-d6638b65393d,2024-09-14 16:49:00,2024-09-14,2024-09-14 21:49:00 UTC,America/Guayaquil,4930274,eliza_df,Elizabeth Días,2024-09-15 23:50:02 UTC,2025-11-24 01:12:59 UTC,research,,https://www.inaturalist.org/observations/241989140,https://static.inaturalist.org/photos/431354927/medium.jpeg,,"",,2,0,false,2,"CVW8+2V, Valladolid, Ecuador",-4.5588551139,-79.135350287,668,,,,668,,open,false,gps,gps,Ruddy Pigeon,Patagioenas subvinacea,Torcaza colorada,Aves,3095
242384298,36372d74-d8ef-41d3-a673-2afef094ec65,2024/09/08 ,2024-09-08,,America/Rio_Branco,4140797,luciano_bernardes,Luciano Bernardes,2024-09-17 23:27:43 UTC,2024-09-18 01:22:30 UTC,research,CC-BY-NC,https://www.inaturalist.org/observations/242384298,https://inaturalist-open-data.s3.amazonaws.com/photos/432114876/medium.jpg,,"",,1,0,false,,"Ramal do Noca - Rio Branco - AC, Brasil",-10.0035497609,-68.2047914109,4,,,,4,,open,false,,,Pomba-botafogo,Patagioenas subvinacea,Torcaza colorada,Aves,3095
242528752,a6036fda-e8aa-4d75-ac55-2fa9379f9c68,2023/01/04 6:12 AM,2023-01-04,2023-01-04 10:12:00 UTC,America/Cuiaba,5300719,gustavodallaqua,Gustavo Dallaqua,2024-09-18 17:54:57 UTC,2024-09-18 17:56:44 UTC,research,,https://www.inaturalist.org/observations/242528752,https://static.inaturalist.org/photos/432362329/medium.jpg,,"",,1,0,false,,"Santa Carmem - State of Mato Grosso, 78545-000, Brazil",-11.834438542,-55.2276600061,61,,,,61,,open,false,,,Ruddy Pigeon,Patagioenas subvinacea,Torcaza colorada,Aves,3095
242575273,04549ab4-a7b5-4b87-9c88-91af55d8a5d4,2023/03/04 9:23 AM,2023-03-04,2023-03-04 13:23:00 UTC,America/Porto_Velho,5300719,gustavodallaqua,Gustavo Dallaqua,2024-09-18 22:28:35 UTC,2024-09-18 22:30:50 UTC,research,,https://www.inaturalist.org/observations/242575273,https://static.inaturalist.org/photos/432450134/medium.jpg,,"",,1,0,false,,"Porto Velho - State of Rondônia, Brazil",-9.4075121928,-64.3625133314,31,,,,31,,open,false,,,Ruddy Pigeon,Patagioenas subvinacea,Torcaza colorada,Aves,3095
244883281,85d0143e-d714-45de-bc41-bf187e9ebaae,2024/07/18 1:31 PM,2024-07-18,2024-07-18 17:31:00 UTC,America/Manaus,7038795,providenceplus,,2024-09-30 11:35:38 UTC,2025-04-05 06:40:32 UTC,research,CC-BY-NC,https://www.inaturalist.org/observations/244883281,,https://static.inaturalist.org/sounds/1217433.wav?1727696040,xprize-finals,xprf/Providence+/DROPA18/MIC1/XPRIZE-trg_ALL-20240718T124745Z.flac/314-316,1,0,false,,"DROPA18, Iranduba - State of Amazonas, 69405-000, Brazil",-2.959211,-60.738144,,,,,,,open,false,,,Ruddy Pigeon,Patagioenas subvinacea,Torcaza colorada,Aves,3095
244883282,20947fbd-67e3-48c5-b742-7f4f1688572f,2024/07/18 1:31 PM,2024-07-18,2024-07-18 17:31:00 UTC,America/Manaus,7038795,providenceplus,,2024-09-30 11:35:38 UTC,2025-04-05 06:40:32 UTC,research,CC-BY-NC,https://www.inaturalist.org/observations/244883282,,https://static.inaturalist.org/sounds/1217432.wav?1727696040,xprize-finals,xprf/Providence+/DROPA11/MIC1/XPRIZE-trg_ALL-20240718T102939Z.flac/78-80,1,0,false,,"DROPA11, Iranduba - State of Amazonas, 69405-000, Brazil",-2.966569,-60.740242,,,,,,,open,false,,,Ruddy Pigeon,Patagioenas subvinacea,Torcaza colorada,Aves,3095
244909804,467ab242-669a-467e-aa0e-1416ab36fc7e,2024/09/20 7:36 AM,2024-09-20,2024-09-20 13:36:00 UTC,America/Costa_Rica,4586328,alinabr,"",2024-09-30 15:00:10 UTC,2024-09-30 16:56:36 UTC,research,CC-BY-NC,https://www.inaturalist.org/observations/244909804,https://inaturalist-open-data.s3.amazonaws.com/photos/436940812/medium.jpeg,,"",,1,0,false,,"Orosi, Cartago Province, Paraíso, Costa Rica ",9.5615716019,-83.7396497279,4027,,,,4027,,open,false,,,Purpurtaube,Patagioenas subvinacea,Torcaza colorada,Aves,3095
246602997,1f5a9e82-128a-47a1-9128-66ba29a20890,2024/09/06 8:30 AM,2024-09-06,2024-09-06 11:30:00 UTC,America/Fortaleza,2533480,christoph_moning,Christoph Moning,2024-10-10 10:26:19 UTC,2024-10-11 13:32:37 UTC,research,CC-BY,https://www.inaturalist.org/observations/246602997,https://inaturalist-open-data.s3.amazonaws.com/photos/440276249/medium.jpeg,,"",,1,0,false,,"Açailândia - State of Maranhão, Brazil",-5.0732505853,-47.597036571,8,,,,8,,open,false,,,Ruddy Pigeon,Patagioenas subvinacea,Torcaza colorada,Aves,3095
246743849,530612da-5296-4bf0-b2e9-138919fb8e0d,2024/09/07 8:23 AM,2024-09-07,2024-09-07 11:23:00 UTC,America/Fortaleza,2533480,christoph_moning,Christoph Moning,2024-10-11 09:12:29 UTC,2024-10-11 11:32:47 UTC,research,CC-BY,https://www.inaturalist.org/observations/246743849,https://inaturalist-open-data.s3.amazonaws.com/photos/440551397/medium.jpeg,,"",,2,0,false,,"Açailândia - State of Maranhão, Brazil",-5.0728712159,-47.5984355221,8,,,,8,,open,false,,,Ruddy Pigeon,Patagioenas subvinacea,Torcaza colorada,Aves,3095
247025569,a725d5b9-5d5f-4bf3-8b0e-f969ebdebc3e,2023/06/10 5:28 PM,2023-06-10,2023-06-10 22:28:00 UTC,Bogota,1598851,jurgenbeckers,Jurgen Beckers,2024-10-12 23:57:27 UTC,2025-04-05 16:34:00 UTC,research,,https://www.inaturalist.org/observations/247025569,https://inaturalist-open-data.s3.amazonaws.com/photos/441103158/medium.jpeg,,"",,1,0,false,,RN La Isla Escondida,0.6541561146,-77.0738550648,799,,,,799,,open,false,,,Ruddy Pigeon,Patagioenas subvinacea,Torcaza colorada,Aves,3095
247345718,ab3a09cc-fc8f-406b-9d5e-5d4c0da15428,2024/10/02 9:35,2024-10-02,2024-10-02 13:35:00 UTC,America/Manaus,1584944,claudiomartins,Claudio Martins de Souza,2024-10-14 17:59:39 UTC,2025-07-10 14:05:23 UTC,research,CC-BY-SA,https://www.inaturalist.org/observations/247345718,,https://static.inaturalist.org/sounds/1229564.mp3?1728928731,"",,1,0,false,,"Anavilhanas-Archipel, Novo Airão - State of Amazonas, 69730-000, Brasil",-2.679687,-60.78186,8171,,,,8171,,open,false,,,Pomba-botafogo,Patagioenas subvinacea,Torcaza colorada,Aves,3095
248071332,90297283-ba78-4006-8487-1c607b86bc98,2024/09/19 08:14,2024-09-19,2024-09-19 12:14:00 UTC,America/Cuiaba,1644514,rodrigoconte,Rodrigo Conte,2024-10-19 14:23:06 UTC,2025-04-06 09:13:20 UTC,research,,https://www.inaturalist.org/observations/248071332,https://static.inaturalist.org/photos/443175135/medium.jpg,,"",,1,0,false,,"São José do Rio Claro - MT, Brasil",-13.5401555883,-56.63161597,8,,,,8,,open,false,,,Pomba-botafogo,Patagioenas subvinacea,Torcaza colorada,Aves,3095
249429418,59d76010-9c75-4acb-ab76-ad7289ad1c45,2024/10/11 3:26 PM,2024-10-11,2024-10-11 20:26:00 UTC,America/Guayaquil,739230,lostincr,LostInCR,2024-10-28 01:13:34 UTC,2026-02-10 19:49:42 UTC,research,,https://www.inaturalist.org/observations/249429418,https://static.inaturalist.org/photos/445873911/medium.jpg,,"",,1,0,false,,"Eloy Alfaro, Ecuador",0.5260542585,-79.2126576739,8,,,,8,,open,false,,,Ruddy Pigeon,Patagioenas subvinacea,Torcaza colorada,Aves,3095
250813894,6ce397dd-7324-4f48-8c77-c1f149bb3cf6,2024/10/24 1:47 AM,2024-10-24,2024-10-24 05:47:00 UTC,America/Cuiaba,6153963,marcosfelix_birdscuiaba,MarcosHalemFelix,2024-11-07 18:11:05 UTC,2024-11-07 18:11:05 UTC,needs_id,CC-BY-NC,https://www.inaturalist.org/observations/250813894,https://inaturalist-open-data.s3.amazonaws.com/photos/448652493/medium.jpeg,,"",,0,0,false,,"Reserva Ecológica Cunhataí Porã - MT- 249 - Zona Rural, São José do Rio Claro - MT, 78435-000, Brazil",-13.7481285,-56.6819067,213,,,,213,,open,false,,,Ruddy Pigeon,Patagioenas subvinacea,Torcaza colorada,Aves,3095
251172943,85460ed2-f090-47c9-bef0-fbadad47773a,2024-11-10 06:50:26,2024-11-10,2024-11-10 11:50:26 UTC,Quito,6267008,joe1422,Joe crutwell,2024-11-10 14:41:25 UTC,2026-01-24 16:48:34 UTC,needs_id,CC0,https://www.inaturalist.org/observations/251172943,https://inaturalist-open-data.s3.amazonaws.com/photos/449370768/medium.jpeg,,"",,0,0,false,2,"San Juan Bautista, Peru",-4.1425484981,-73.4712839127,218,,,,218,,open,false,gps,gps,Ruddy Pigeon,Patagioenas subvinacea,Torcaza colorada,Aves,3095
251596284,ea2442c9-a029-4df2-8e1a-72bfbdc86a36,2024-11-13 12:35:39-06:00,2024-11-13,2024-11-13 18:35:39 UTC,America/Costa_Rica,1448507,jenny_feick,Jenny Feick,2024-11-13 21:29:20 UTC,2025-04-11 16:49:28 UTC,research,CC-BY-NC,https://www.inaturalist.org/observations/251596284,https://inaturalist-open-data.s3.amazonaws.com/photos/450208013/medium.jpeg,,"","",1,0,false,3,"Reserva Bosque Nuboso Santa Elena, Abangares, Guanacaste, CR",10.3361783333,-84.797195,4,,,,4,,open,false,,,Ruddy Pigeon,Patagioenas subvinacea,Torcaza colorada,Aves,3095
252381456,784a81a5-c92b-4f6b-bf80-299060529b66,2017/10/16 1:37 PM,2017-10-16,2017-10-16 18:37:00 UTC,America/Guayaquil,5460978,corey241,Corey Hayes,2024-11-20 12:25:56 UTC,2025-04-12 11:02:06 UTC,research,,https://www.inaturalist.org/observations/252381456,https://static.inaturalist.org/photos/451727835/medium.jpg,,"",,1,0,false,,"16130 Yasuní, Ecuador",-0.936497,-75.387161,78616,,,,78616,,open,false,,,Ruddy Pigeon,Patagioenas subvinacea,Torcaza colorada,Aves,3095
253119517,df0e5dd8-2726-4fc8-a184-829290647999,2018-07-21 07:07:39,2018-07-21,2018-07-21 13:07:39 UTC,America/Costa_Rica,2595647,henry180,Henry Sandi Amador,2024-11-26 02:10:07 UTC,2025-04-13 02:44:23 UTC,research,,https://www.inaturalist.org/observations/253119517,https://static.inaturalist.org/photos/453167072/medium.jpeg,,"",,1,0,false,2,"Gutiérrez Braun, Provincia de Puntarenas, Coto Brus, Costa Rica",8.948682579,-82.8342908621,195,,,,195,,open,false,gps,gps,Ruddy Pigeon,Patagioenas subvinacea,Torcaza colorada,Aves,3095
253650072,3e463c5d-6ae4-482c-97c6-7486778c358b,2024/05/01,2024-05-01,,Quito,226045,joshuadoby,Joshua Doby,2024-11-30 18:12:51 UTC,2024-12-06 13:52:59 UTC,needs_id,CC-BY-NC,https://www.inaturalist.org/observations/253650072,,https://static.inaturalist.org/sounds/1259804.m4a?1732990278,"",,0,0,false,,"Maynas Province, Peru",-4.2982404192,-73.2815486086,122,,,,122,,open,false,,,Ruddy Pigeon,Patagioenas subvinacea,Torcaza colorada,Aves,3095
253743023,8113c6eb-a2b0-4363-a909-dd02c0c5dad8,2024-12-01 06:21:00,2024-12-01,2024-12-01 12:21:00 UTC,America/Costa_Rica,1742662,blakemross,Blake Ross,2024-12-01 12:22:19 UTC,2025-08-21 17:51:39 UTC,needs_id,CC-BY,https://www.inaturalist.org/observations/253743023,,https://static.inaturalist.org/sounds/1260338.wav?1733055743,"",,0,0,false,2,"G8H6+339, San José Province, Rivas, Costa Rica",9.526840356,-83.6911168322,6,,,,6,,open,false,gps,gps,Ruddy Pigeon,Patagioenas subvinacea,Torcaza colorada,Aves,3095
254064085,ad79e41d-8ada-4037-a211-31ad4fc825ff,2024/02/02 1:39 PM,2024-02-02,2024-02-02 18:39:00 UTC,Bogota,468531,davidfraser1-,David F. Fraser,2024-12-04 02:23:10 UTC,2024-12-04 02:23:10 UTC,needs_id,CC-BY-NC,https://www.inaturalist.org/observations/254064085,https://inaturalist-open-data.s3.amazonaws.com/photos/455000000/medium.jpeg,,"","",0,0,false,,"Salento, Quindio, Colombia",4.628099,-75.593448,,,,,,,open,false,,,Ruddy Pigeon,Patagioenas subvinacea,Torcaza colorada,Aves,3095
254450491,b94e0693-568b-41ce-a8c4-02ac89364f7f,2024/11/23 4:08 PM,2024-11-23,2024-11-23 21:08:00 UTC,Bogota,7201766,laurin_lukas,Laurin Lukas Stahl,2024-12-07 23:26:46 UTC,2024-12-07 23:26:46 UTC,needs_id,,https://www.inaturalist.org/observations/254450491,https://static.inaturalist.org/photos/455772910/medium.jpg,,"",,0,0,false,,"Tolima, CO",4.6483833317,-75.5359855691,488,,,,488,,open,false,,,Ruddy Pigeon,Patagioenas subvinacea,Torcaza colorada,Aves,3095
254739956,677b8b30-cb3c-49d6-a622-57baa0ddc480,2024/03/27 14:08,2024-03-27,2024-03-27 20:08:00 UTC,America/Costa_Rica,7457726,frankhart,Frank Hartmann,2024-12-10 18:55:31 UTC,2025-04-14 21:26:39 UTC,research,CC-BY-NC,https://www.inaturalist.org/observations/254739956,https://inaturalist-open-data.s3.amazonaws.com/photos/456355331/medium.jpg,,"",,1,0,false,,"San José Province, Copey District, Costa Rica",9.6465106698,-83.8944473362,168,,,,168,,open,false,,,Purpurtaube,Patagioenas subvinacea,Torcaza colorada,Aves,3095
254943746,483aa482-59d2-43fa-9a8e-45b9adaa522b,2024/04/18 17:19,2024-04-18,2024-04-18 21:19:00 UTC,America/Cuiaba,8810825,aisse,Aisse Gaertner,2024-12-13 00:34:24 UTC,2025-04-15 02:56:49 UTC,research,CC-BY-NC,https://www.inaturalist.org/observations/254943746,https://inaturalist-open-data.s3.amazonaws.com/photos/456767032/medium.jpeg,,"",,1,0,false,,"Paranaita, Paranaíta - MT, 78590-000, Brasil",-9.3031963,-56.7951281,520,,,,520,,open,false,,,Pomba-botafogo,Patagioenas subvinacea,Torcaza colorada,Aves,3095
255017995,bc1ea49d-d5ea-4297-a06b-fa312276c530,2024-11-20 10:35:46-05:00,2024-11-20,2024-11-20 15:35:46 UTC,America/Guayaquil,569145,ramon19,RGB,2024-12-13 21:56:54 UTC,2025-04-15 04:51:41 UTC,research,,https://www.inaturalist.org/observations/255017995,https://static.inaturalist.org/photos/456918577/medium.jpg,,"","",1,0,false,3,"Via a Cunuco, San Miguel de Los Bancos, Província de Pichincha, EC",-0.0527888333,-78.782395,,,,,,,open,false,,,Patagioenas subvinacea,Patagioenas subvinacea,Torcaza colorada,Aves,3095
255025825,dad0a5a5-0336-4fda-aaa9-02e31765f824,2024/11/07 9:17 AM,2024-11-07,2024-11-07 15:17:00 UTC,America/Costa_Rica,7043056,danielcorreia,Daniel Correia,2024-12-13 23:47:05 UTC,2025-08-21 17:48:36 UTC,needs_id,CC-BY-NC,https://www.inaturalist.org/observations/255025825,https://inaturalist-open-data.s3.amazonaws.com/photos/456930032/medium.jpeg,,"",,0,0,false,,"Puntarenas Province, Monteverde, Costa Rica",10.2820111234,-84.792604372,8,,,,8,,open,false,,,Patagioenas subvinacea subvinacea,Patagioenas subvinacea subvinacea,,Aves,727775
255205552,a10b9c88-1191-4f0b-955c-489c2b5b3933,2024-11-20 10:54:39-05:00,2024-11-20,2024-11-20 15:54:39 UTC,America/Guayaquil,569145,ramon19,RGB,2024-12-15 18:54:45 UTC,2025-04-15 09:35:21 UTC,research,,https://www.inaturalist.org/observations/255205552,https://static.inaturalist.org/photos/457301256/medium.jpg,,"","",1,0,false,3,"Via a Cunuco, San Miguel de Los Bancos, Província de Pichincha, EC",-0.0527888333,-78.782395,,,,,,,open,false,,,Patagioenas subvinacea,Patagioenas subvinacea,Torcaza colorada,Aves,3095
255321453,9293f108-ab8a-447d-80b2-fe344e9d1c76,2024/12/16 9:32 AM,2024-12-16,2024-12-16 15:32:00 UTC,America/Costa_Rica,3253191,ragkannan,Ragupathy Kannan,2024-12-16 20:20:25 UTC,2025-04-15 12:31:39 UTC,research,CC-BY-NC,https://www.inaturalist.org/observations/255321453,https://inaturalist-open-data.s3.amazonaws.com/photos/457537182/medium.jpeg,,"","",1,0,false,,"San Gerardo de Dota, San José Province, San Gerardo de Dota, 11703, Costa Rica",9.5505192,-83.807466,218,,,,218,,open,false,,,Ruddy Pigeon,Patagioenas subvinacea,Torcaza colorada,Aves,3095
255353173,d8f92175-d8c1-467b-bc26-fe4147457bab,2024-12-16 08:29:39-06:00,2024-12-16,2024-12-16 14:29:39 UTC,America/Costa_Rica,3253191,ragkannan,Ragupathy Kannan,2024-12-17 02:31:10 UTC,2025-08-21 17:52:58 UTC,needs_id,CC-BY-NC,https://www.inaturalist.org/observations/255353173,,https://static.inaturalist.org/sounds/1268786.m4a?1734402672,"","",0,0,false,3,"San José, CR",9.5488288891,-83.8005298981,4,,,,4,,open,false,,,Ruddy Pigeon,Patagioenas subvinacea,Torcaza colorada,Aves,3095
255353203,7429a410-87d8-4f6b-815a-e2a5cc86122c,2024-12-16 09:49:37-06:00,2024-12-16,2024-12-16 15:49:37 UTC,America/Costa_Rica,3253191,ragkannan,Ragupathy Kannan,2024-12-17 02:31:39 UTC,2025-08-21 17:52:34 UTC,needs_id,CC-BY-NC,https://www.inaturalist.org/observations/255353203,,https://static.inaturalist.org/sounds/1268787.m4a?1734402700,"","",0,0,false,3,"San José, CR",9.5478576013,-83.8022430839,13,,,,13,,open,false,,,Ruddy Pigeon,Patagioenas subvinacea,Torcaza colorada,Aves,3095
255791712,2f031023-0b50-40ea-ba48-bfa2e2aa7680,2024/12/03 1:18 PM,2024-12-03,2024-12-03 19:18:00 UTC,America/Costa_Rica,2878759,pa_tone,Patrick Palines,2024-12-21 18:48:19 UTC,2024-12-21 18:48:19 UTC,needs_id,CC-BY-NC,https://www.inaturalist.org/observations/255791712,https://inaturalist-open-data.s3.amazonaws.com/photos/458476721/medium.jpeg,,"",,0,0,false,,"Puntarenas Province, Monteverde, Costa Rica",10.2646142848,-84.8306451701,601,,,,601,,open,false,,,Ruddy Pigeon,Patagioenas subvinacea,Torcaza colorada,Aves,3095
256526021,b9261bda-2c38-40db-808e-247c880d87f5,2024/12/19 6:54 AM,2024-12-19,2024-12-19 10:54:00 UTC,La Paz,1513463,alwabybetotourguide,Beto Espinoza,2024-12-28 18:21:15 UTC,2025-01-01 12:01:49 UTC,needs_id,,https://www.inaturalist.org/observations/256526021,,https://static.inaturalist.org/sounds/1274541.wav?1735409627,"",,0,0,false,,"Nor Yungas, BO-LP, BO",-15.7714992918,-67.5329049393,8,,,,30870,obscured,open,true,,,Ruddy Pigeon,Patagioenas subvinacea,Torcaza colorada,Aves,3095
256603419,3dcf8873-ba44-423c-af15-1fb022d27dd5,2024/11/18 7:44 AM,2024-11-18,2024-11-18 12:44:00 UTC,Quito,382042,sandralamberts,A Lamberts,2024-12-29 08:53:12 UTC,2025-04-17 06:55:50 UTC,research,CC-BY-NC,https://www.inaturalist.org/observations/256603419,https://inaturalist-open-data.s3.amazonaws.com/photos/460119526/medium.jpg,,"",,1,0,false,,"Manú Province, Peru",-11.9811,-71.2301,,,,,,,open,false,,,Ruddy Pigeon,Patagioenas subvinacea,Torcaza colorada,Aves,3095
256843759,b69b217b-f058-4a2f-a6d5-f902d8ac9a25,2024/12/30 12:37 PM,2024-12-30,2024-12-30 17:37:00 UTC,America/Guayaquil,780896,rudygelis,Rudy Gelis,2024-12-31 04:08:40 UTC,2025-04-17 13:39:10 UTC,research,,https://www.inaturalist.org/observations/256843759,https://static.inaturalist.org/photos/460603116/medium.jpeg,,"",,1,0,false,,"Los Bancos Canton, Ecuador",0.0849315558,-78.9337843652,905,,,,905,,open,false,,,Ruddy Pigeon,Patagioenas subvinacea,Torcaza colorada,Aves,3095
256996215,07d43185-096e-4c7b-91bb-e797fb69f58d,2025/01/01 07:54,2025-01-01,2025-01-01 10:54:00 UTC,America/Belem,1386693,luizfernandomatos,Luiz Fernando Matos,2025-01-01 12:56:09 UTC,2025-04-17 19:35:48 UTC,research,,https://www.inaturalist.org/observations/256996215,https://static.inaturalist.org/photos/460922425/medium.jpg,,"",,1,0,false,,"R. Juruá, 60, Parauapebas - PA, 68516-000, Brasil",-6.072218,-50.0663397,211,,,,211,,open,false,,,Pomba-botafogo,Patagioenas subvinacea,Torcaza colorada,Aves,3095
257474295,7fceb229-658b-445a-9459-1d9d669dbbd9,2024-12-28 12:06:58,2024-12-28,2024-12-28 17:06:58 UTC,Quito,7621360,herfrogs,Hersog Chavez yuyarima,2025-01-05 14:49:05 UTC,2025-04-11 06:23:22 UTC,research,,https://www.inaturalist.org/observations/257474295,https://static.inaturalist.org/photos/461887586/medium.jpeg,,"",,1,0,false,2,"16310, Perú",-4.3110335626,-73.2315292954,34,,,,34,,open,false,gps,gps,Torcaza colorada,Patagioenas subvinacea,Torcaza colorada,Aves,3095
257491108,61fcbbb7-da4f-4dd3-aaff-cfb12ba62331,2024/05/21 10:15 AM,2024-05-21,2024-05-21 15:15:00 UTC,America/Guayaquil,1366509,frankdietze,Frank Dietze,2025-01-05 17:53:04 UTC,2025-04-11 06:45:00 UTC,research,,https://www.inaturalist.org/observations/257491108,https://static.inaturalist.org/photos/461920295/medium.jpg,,"",,1,0,false,,"Pomona, Puyo, Ecuador",-1.6557982,-77.9175669,212,,,,212,,open,false,,,Ruddy Pigeon,Patagioenas subvinacea,Torcaza colorada,Aves,3095
257612603,52b4e44b-94a3-4a9e-a8ea-bee67d9c5b86,2025-01-06,2025-01-06,,America/Guayaquil,7530256,nangaritzawildlife,"",2025-01-06 17:35:58 UTC,2025-01-28 21:11:01 UTC,needs_id,CC-BY-NC,https://www.inaturalist.org/observations/257612603,https://inaturalist-open-data.s3.amazonaws.com/photos/462155979/medium.jpeg,,"",,1,0,false,2,"Paltas, EC-LJ, EC",-3.8979134019,-79.8696552962,328,,,,328,,open,false,gps,gps,Ruddy Pigeon,Patagioenas subvinacea,Torcaza colorada,Aves,3095
257612646,a63cd416-5d2b-4787-86c8-5bbd3fff485a,2025-01-06,2025-01-06,,America/Guayaquil,7530256,nangaritzawildlife,"",2025-01-06 17:36:40 UTC,2025-01-28 21:10:17 UTC,needs_id,CC-BY-NC,https://www.inaturalist.org/observations/257612646,https://inaturalist-open-data.s3.amazonaws.com/photos/462156075/medium.jpeg,,"",,1,0,false,2,"Paltas, EC-LJ, EC",-3.8976993215,-79.8698510975,405,,,,405,,open,false,gps,gps,Ruddy Pigeon,Patagioenas subvinacea,Torcaza colorada,Aves,3095
257870411,5840bfb1-f6e6-4c1b-873b-5af16abdcb47,2025-01-06 15:55:00,2025-01-06,2025-01-06 19:55:00 UTC,La Paz,1513463,alwabybetotourguide,Beto Espinoza,2025-01-08 22:57:56 UTC,2025-08-21 15:59:07 UTC,needs_id,,https://www.inaturalist.org/observations/257870411,,https://static.inaturalist.org/sounds/1282240.wav?1736377081,"",,0,0,false,2,"Nor Yungas, BO-LP, BO",-15.7630605638,-67.5396408844,106,,,,30870,obscured,open,true,,,Torcaza colorada,Patagioenas subvinacea,Torcaza colorada,Aves,3095
258753084,e2cf6f5b-6067-471c-92e5-25b1f33029a9,2025/01/14 8:06 AM,2025-01-14,2025-01-14 14:06:00 UTC,America/Costa_Rica,2427280,kwat,,2025-01-17 17:01:07 UTC,2025-04-12 11:09:35 UTC,research,CC-BY-NC,https://www.inaturalist.org/observations/258753084,https://inaturalist-open-data.s3.amazonaws.com/photos/464323499/medium.jpeg,,"",,1,0,false,,"Cloudbridge Nature Reserve, 2 Km Este de Escuela, San José, San Gerardo, 11904, Costa Rica",9.4718545884,-83.5780354958,125,,,,125,,open,false,,,Ruddy Pigeon,Patagioenas subvinacea,Torcaza colorada,Aves,3095
258804079,379b0f88-96c7-4bcc-86fd-216f3176f377,2025/01/01 7:20 AM,2025-01-01,2025-01-01 12:20:00 UTC,Quito,6382223,francopalandri,Franco Palandri,2025-01-18 04:55:36 UTC,2025-04-12 12:14:00 UTC,research,CC-BY-NC,https://www.inaturalist.org/observations/258804079,https://inaturalist-open-data.s3.amazonaws.com/photos/464421489/medium.jpeg,,"","",1,0,false,,"Manu, Perú",-12.8290275067,-71.3629309977,13,,,,13,,open,false,,,Torcaza colorada,Patagioenas subvinacea,Torcaza colorada,Aves,3095
258954753,28c14276-85e7-4c6e-9ad1-d882e7316860,2024/12/29 7:30 PM,2024-12-29,2024-12-30 00:30:00 UTC,America/Guayaquil,5556630,dirkm,Dirk Mezger,2025-01-19 15:51:04 UTC,2025-01-22 18:34:57 UTC,needs_id,CC-BY-NC,https://www.inaturalist.org/observations/258954753,https://inaturalist-open-data.s3.amazonaws.com/photos/464732775/medium.jpg,,"","",0,0,false,,"Masphi-Amagusa, Metropolitan District of Quito, Ecuador",0.1655793445,-78.8781262575,14,,,,14,,open,false,,,Ruddy Pigeon,Patagioenas subvinacea,Torcaza colorada,Aves,3095
258998426,f566dce4-55a0-48ae-bd0c-ce9f06300259,2025/01/19 9:26 AM,2025-01-19,2025-01-19 14:26:00 UTC,America/Panama,1493572,katiuska19,"",2025-01-19 23:14:05 UTC,2025-07-31 17:06:50 UTC,research,CC-BY-NC,https://www.inaturalist.org/observations/258998426,https://inaturalist-open-data.s3.amazonaws.com/photos/464819559/medium.jpeg,,"",,1,0,false,,"Los Naranjos, Provincia de Chiriquí, Panamá",8.8223509438,-82.4871169756,31,,,,31,,open,false,,,Torcaza colorada,Patagioenas subvinacea,Torcaza colorada,Aves,3095
259023541,a2d46994-24d2-4176-b0e4-1a4b569c7ae3,2025-01-04 11:54:00-05:00,2025-01-04,2025-01-04 16:54:00 UTC,Quito,6382223,francopalandri,Franco Palandri,2025-01-20 04:09:59 UTC,2025-04-12 18:19:31 UTC,research,CC-BY-NC,https://www.inaturalist.org/observations/259023541,https://inaturalist-open-data.s3.amazonaws.com/photos/464848883/medium.jpeg,,"","",1,0,false,,"Manu, Perú",-12.8289599663,-71.3628040393,20,,,,20,,open,false,,,Torcaza colorada,Patagioenas subvinacea,Torcaza colorada,Aves,3095
259149193,b55058b9-7444-4280-b5a2-b1f1370c8930,2021/11/15,2021-11-15,,America/Guayaquil,2157675,bmurtha,Brendan Murtha,2025-01-21 11:36:53 UTC,2025-04-12 21:38:56 UTC,research,CC-BY-NC,https://www.inaturalist.org/observations/259149193,https://inaturalist-open-data.s3.amazonaws.com/photos/465132798/medium.jpeg,,"",,1,0,false,,"Puerto Quito, Ecuador",0.1448985157,-79.142681203,61,,,,61,,open,false,,,Ruddy Pigeon,Patagioenas subvinacea,Torcaza colorada,Aves,3095
259279511,d352dfd6-2531-4ffa-9e2a-ddcfbc38c079,2025/01/16 8:39 AM,2025-01-16,2025-01-16 13:39:00 UTC,Bogota,6449182,juanc_munoz,Juan Camilo Muñoz,2025-01-22 22:02:27 UTC,2025-04-13 00:35:55 UTC,research,CC-BY-NC,https://www.inaturalist.org/observations/259279511,https://inaturalist-open-data.s3.amazonaws.com/photos/465396340/medium.jpeg,,"",,1,0,false,,"Garagoa, Boyaca, Colombia",5.091119994,-73.3191566416,15,,,,15,,open,false,,,Torcaza colorada,Patagioenas subvinacea,Torcaza colorada,Aves,3095
259315468,5ba3ae49-cba8-43eb-8bc4-95cc030a6a36,2024/12/30 10:31 AM,2024-12-30,2024-12-30 16:31:00 UTC,America/Costa_Rica,762683,brdnrdr,Simon Tolzmann,2025-01-23 06:56:12 UTC,2025-12-12 15:30:56 UTC,research,CC-BY-NC,https://www.inaturalist.org/observations/259315468,https://static.inaturalist.org/photos/465428676/medium.jpeg,,"",,2,0,false,,"San José Province, Copey District, Costa Rica",9.5948666667,-83.7903805556,,,,,,,open,false,,,Ruddy Pigeon,Patagioenas subvinacea,Torcaza colorada,Aves,3095
259376621,a4eb4454-696a-4fc5-8009-eb2c4d2eb41d,2025/01/11 12:18 PM,2025-01-11,2025-01-11 18:18:00 UTC,America/Costa_Rica,799101,nathanfrench,Nathan French,2025-01-23 22:35:39 UTC,2025-04-13 02:39:31 UTC,research,,https://www.inaturalist.org/observations/259376621,https://static.inaturalist.org/photos/465587614/medium.jpg,,"",,1,0,false,,"San José Province, Copey District, Costa Rica",9.5765151222,-83.8007284098,180,,,,180,,open,false,,,Ruddy Pigeon,Patagioenas subvinacea,Torcaza colorada,Aves,3095
260004919,b24c7ba5-909e-40fc-b4ef-f755b014f687,2025-01-29 13:49:00,2025-01-29,2025-01-29 19:49:00 UTC,America/Costa_Rica,5523155,schang_hai,Jean-Léonard Stör,2025-01-29 22:31:04 UTC,2025-03-18 23:13:28 UTC,needs_id,CC-BY-NC,https://www.inaturalist.org/observations/260004919,,https://static.inaturalist.org/sounds/1295482.wav?1738189894,"",,0,0,false,2,"Puntarenas Province, Monteverde, Costa Rica",10.3025912786,-84.7953956947,30,,,,30,,open,false,gps,gps,Purpurtaube,Patagioenas subvinacea,Torcaza colorada,Aves,3095
260050285,72a502ea-d07d-46d5-9a0e-0ff88bbd684f,2024/05/12 08:27,2024-05-12,2024-05-12 11:27:00 UTC,America/Cayenne,7988240,agablier,Axel Gablier,2025-01-30 11:56:31 UTC,2025-02-21 13:50:50 UTC,research,,https://www.inaturalist.org/observations/260050285,https://static.inaturalist.org/photos/466932804/medium.jpg,,Pigeon vineux - Patagioenas subvinacea,,2,1,false,,"Régina 97390, Guyane française",4.0729778966,-52.4243067699,15692,,,,15692,,open,false,,,Pigeon vineux,Patagioenas subvinacea,Torcaza colorada,Aves,3095
260207907,60432338-9e6e-410d-9f5f-df66eb5171e5,2025/01/05 7:36 AM,2025-01-05,2025-01-05 12:36:00 UTC,Bogota,739230,lostincr,LostInCR,2025-02-01 00:32:09 UTC,2026-02-10 19:49:42 UTC,research,,https://www.inaturalist.org/observations/260207907,https://static.inaturalist.org/photos/467245481/medium.jpg,,"",,1,0,false,,"Dagua, Valle del Cauca, Colombia",3.6113031259,-76.8846106267,4,,,,4,,open,false,,,Ruddy Pigeon,Patagioenas subvinacea,Torcaza colorada,Aves,3095
260210895,240163c7-e5be-4dac-83dc-fa8143494754,2025-01-30 15:11:00,2025-01-30,2025-01-30 20:11:00 UTC,America/Guayaquil,5102969,jorge1013,Jorge Montaño,2025-02-01 01:12:15 UTC,2025-03-03 01:01:57 UTC,research,,https://www.inaturalist.org/observations/260210895,https://static.inaturalist.org/photos/467252501/medium.jpeg,,"",,1,0,false,2,"Moromoro (Cab. en el Vado), Ecuador",-3.6350769109,-79.7512240335,16,,,,16,,open,false,,,Ruddy Pigeon,Patagioenas subvinacea,Torcaza colorada,Aves,3095
260215399,9e7e0268-a73e-4f33-831c-8d3c5741d1b4,2025/01/10 3:36 PM,2025-01-10,2025-01-10 19:36:00 UTC,Georgetown,91922,avocat,"",2025-02-01 02:19:04 UTC,2025-04-13 23:37:12 UTC,research,CC-BY-NC,https://www.inaturalist.org/observations/260215399,https://inaturalist-open-data.s3.amazonaws.com/photos/467261398/medium.jpg,,"",,1,0,false,,"Rest of Region 8, Potaro-Siparuni, Guyana",4.6712026533,-58.6854174317,,,,,,,open,false,,,Ruddy Pigeon,Patagioenas subvinacea,Torcaza colorada,Aves,3095
260965861,7d98cac1-543b-46e9-beb6-8370325cf7bd,2025/01/14 6:44 AM,2025-01-14,2025-01-14 10:44:00 UTC,Georgetown,91922,avocat,"",2025-02-08 04:43:14 UTC,2025-04-14 20:34:34 UTC,research,CC-BY-NC,https://www.inaturalist.org/observations/260965861,https://inaturalist-open-data.s3.amazonaws.com/photos/468748224/medium.jpg,,"",,1,0,false,,"Rest of Region 8, Potaro-Siparuni, Guyana",4.24103408,-58.9016615033,,,,,,,open,false,,,Ruddy Pigeon,Patagioenas subvinacea,Torcaza colorada,Aves,3095
261087005,4342f6ee-3392-44e8-91fe-88c02ecaf733,2023/04/15 1:57 PM,2023-04-15,2023-04-15 18:57:00 UTC,Bogota,2627643,monroyfotografo,David Monroy R,2025-02-09 05:19:53 UTC,2025-04-15 00:36:54 UTC,research,CC-BY-NC,https://www.inaturalist.org/observations/261087005,https://inaturalist-open-data.s3.amazonaws.com/photos/468987813/medium.jpg,,"",,1,0,false,,"Bird`s Home Mistrató, Unnamed Road, Mistrato, Risaralda, Colombia",5.3736165,-75.8907826,893,,,,893,,open,false,,,Torcaza colorada,Patagioenas subvinacea,Torcaza colorada,Aves,3095
261269122,03a7c7a9-81e4-47dd-9a0d-37469041e5c7,2024/05/15 9:52 AM,2024-05-15,2024-05-15 14:52:00 UTC,Quito,1031873,hubertszcz,Hubert Szczygieł,2025-02-10 18:48:49 UTC,2025-02-12 18:36:27 UTC,research,CC-BY-NC,https://www.inaturalist.org/observations/261269122,https://inaturalist-open-data.s3.amazonaws.com/photos/469346738/medium.jpg,,iNaturalist Peru 2024,,1,0,false,,"Manú Province, Peru",-12.5685983333,-70.0998266667,,,,,,,open,false,,,Ruddy Pigeon,Patagioenas subvinacea,Torcaza colorada,Aves,3095
261454198,5ecd5b77-5b1e-498f-896d-1a4e42ea3e1d,2024-02-02 08:02:23,2024-02-02,2024-02-02 13:02:23 UTC,Bogota,5766046,fundacion_proaves,Fundacion ProAves,2025-02-12 16:39:12 UTC,2025-12-04 16:03:35 UTC,research,CC-BY-NC,https://www.inaturalist.org/observations/261454198,https://inaturalist-open-data.s3.amazonaws.com/photos/469717385/medium.jpeg,,"",Registro de Abraham ,1,0,false,2,"Riosucio, Chocó, Colombia",7.2403341552,-76.5363236144,244,,,,244,,open,false,gps,gps,Torcaza colorada,Patagioenas subvinacea,Torcaza colorada,Aves,3095
261505793,0404a628-1cec-4567-b559-ef025dc5cf9c,2022/09/11 4:29 PM,2022-09-11,2022-09-11 21:29:00 UTC,Quito,3400838,ehessels,Evan Hessels,2025-02-13 03:19:08 UTC,2025-04-15 11:00:50 UTC,research,CC-BY-NC,https://www.inaturalist.org/observations/261505793,,https://static.inaturalist.org/sounds/1305845.wav?1739407495,"",,1,0,false,,"Mariscal Ramón Castilla Province, Peru",-3.3294796052,-71.9054990368,5371,,,,5371,,open,false,,,Ruddy Pigeon,Patagioenas subvinacea,Torcaza colorada,Aves,3095
261571140,500f9dcd-35e4-4315-bf5e-b3c00290ae8f,2025/02/02 6:46 AM,2025-02-02,2025-02-02 11:46:00 UTC,America/Guayaquil,361075,kathymcaleese,Kathy McAleese,2025-02-13 21:41:34 UTC,2025-04-15 12:26:48 UTC,research,CC-BY-NC,https://www.inaturalist.org/observations/261571140,https://inaturalist-open-data.s3.amazonaws.com/photos/469949643/medium.jpeg,,"",Ruddy Pigeon,1,0,false,,"Puerto Quito, Ecuador",0.1446055556,-79.1421194444,,,,,,,open,false,,,Ruddy Pigeon,Patagioenas subvinacea,Torcaza colorada,Aves,3095
261581904,a6fc4636-0a5d-47a6-b4d7-14eb94841c47,2025/02/08 6:15 AM,2025-02-08,2025-02-08 12:15:00 UTC,America/Costa_Rica,5746779,vanpiersz,Van Pierszalowski,2025-02-14 00:05:19 UTC,2025-04-15 12:40:09 UTC,research,,https://www.inaturalist.org/observations/261581904,https://static.inaturalist.org/photos/469968642/medium.jpg,,"",,1,0,false,,"Puntarenas Province, Monteverde, Costa Rica",10.3070000967,-84.8116265423,76,,,,76,,open,false,,,Ruddy Pigeon,Patagioenas subvinacea,Torcaza colorada,Aves,3095
262938944,58fbd0bd-bafd-4a09-b898-62388b4123d4,2025/01/04 3:35 PM,2025-01-04,2025-01-04 19:35:00 UTC,La Paz,1513463,alwabybetotourguide,Beto Espinoza,2025-02-24 13:49:55 UTC,2025-04-17 04:06:09 UTC,research,,https://www.inaturalist.org/observations/262938944,https://static.inaturalist.org/photos/472266919/medium.jpeg,,"",,1,0,false,,"Nor Yungas, BO-LP, BO",-15.6241616875,-67.5512027595,8,,,,30870,obscured,open,true,,,Ruddy Pigeon,Patagioenas subvinacea,Torcaza colorada,Aves,3095
262962148,2bfcf92a-51fa-4683-a3b0-36e5522017fd,2025-02-24 07:23:49-06:00,2025-02-24,2025-02-24 13:23:49 UTC,America/Costa_Rica,280446,mtjones,mtjones,2025-02-24 18:16:23 UTC,2025-03-18 04:54:10 UTC,needs_id,CC-BY-NC,https://www.inaturalist.org/observations/262962148,,https://static.inaturalist.org/sounds/1316007.m4a?1740420985,"","",0,0,false,3,Costa Rica,10.2094258534,-84.6010719105,20,,,,31199,obscured,open,true,,"","",Patagioenas subvinacea,Torcaza colorada,Aves,3095
263190182,9036bd6c-1ad4-4afa-ac11-c55adf7a0710,2025-02-15 07:27:30,2025-02-15,2025-02-15 12:27:30 UTC,Bogota,5770405,marcela338,marcela vergara,2025-02-26 20:03:07 UTC,2025-02-27 21:20:01 UTC,research,,https://www.inaturalist.org/observations/263190182,https://static.inaturalist.org/photos/472773091/medium.jpeg,,"",,3,1,false,2,"San Luís, Antioquia, Colombia",6.0432523551,-74.9945047125,632,,,,632,,open,false,gps,gps,Torcaza colorada,Patagioenas subvinacea,Torcaza colorada,Aves,3095
263384220,60207dcf-ad0d-458a-97a1-f8c030362fd9,2024-10-21 15:11:26,2024-10-21,2024-10-21 20:11:26 UTC,Bogota,273707,dbeadle,"",2025-02-28 15:07:51 UTC,2025-04-10 20:09:55 UTC,research,CC-BY-NC,https://www.inaturalist.org/observations/263384220,https://static.inaturalist.org/photos/473155580/medium.jpg,,"Ruddy Pigeon - Guainía, Colombia","Ruddy Pigeon. Photographed near the trail to Laguna Cajaro, Guainía, Colombia on 21 October 2024. Subspecies ogilviegranti. ",1,0,false,,"Laguna Cajaro, Guainía, Colombia ",3.971274,-67.988295,,,,,,,open,false,,manual,Ruddy Pigeon,Patagioenas subvinacea,Torcaza colorada,Aves,3095
263486537,40e68e5b-de10-4152-bf1d-7532e9537154,2011/03/30 9:56 PM,2011-03-30,2011-03-31 02:56:00 UTC,Quito,5674394,tiracantos,César María Aguilar Gómez,2025-03-01 13:03:43 UTC,2025-04-10 23:06:41 UTC,research,CC-BY-NC,https://www.inaturalist.org/observations/263486537,https://inaturalist-open-data.s3.amazonaws.com/photos/473357134/medium.jpeg,,"","",1,0,false,,"C.p la Esperanza, 01160, Perú",-5.7090967693,-77.9062506041,221,,,,221,,open,false,,,Torcaza colorada,Patagioenas subvinacea,Torcaza colorada,Aves,3095
263550784,18113525-0107-4d76-9d1d-11d6ea76a9fe,2011/04/30 1:54 PM,2011-04-30,2011-04-30 18:54:00 UTC,Quito,5674394,tiracantos,César María Aguilar Gómez,2025-03-01 22:58:18 UTC,2026-01-25 18:16:53 UTC,research,CC-BY-NC,https://www.inaturalist.org/observations/263550784,https://inaturalist-open-data.s3.amazonaws.com/photos/473482319/medium.jpeg,,"","",4,1,false,,"Loreto, Perú",-5.2074760626,-75.5297378433,5000,,,,5000,,open,false,,,Torcaza colorada,Patagioenas subvinacea,Torcaza colorada,Aves,3095
263687028,c9ccbd3c-de25-4ce9-a007-5427814dddd4,2025/03/01 9:12 AM,2025-03-01,2025-03-01 15:12:00 UTC,America/Costa_Rica,2789108,lmlevine,Lindsey Levine,2025-03-02 22:45:18 UTC,2025-07-31 16:47:41 UTC,needs_id,,https://www.inaturalist.org/observations/263687028,https://static.inaturalist.org/photos/473649506/medium.jpeg,,"",,2,0,false,,"Puntarenas Province, Monteverde, Costa Rica",10.3068635163,-84.8071697281,2,,,,2,,open,false,,,Ruddy Pigeon,Patagioenas subvinacea,Torcaza colorada,Aves,3095
263934617,83492116-151f-4b3f-a40a-05c8d2391216,2025/02/21 9:20 AM,2025-02-21,2025-02-21 15:20:00 UTC,America/Costa_Rica,1964716,dmfraser,Donald Fraser,2025-03-05 02:06:40 UTC,2025-07-31 16:47:25 UTC,research,CC-BY-NC,https://www.inaturalist.org/observations/263934617,https://inaturalist-open-data.s3.amazonaws.com/photos/474232788/medium.jpeg,,"",Pasco Audubon Introduction to Neotropical Birding Tour,1,0,false,,"San José Province, Pérez Zeledón, Costa Rica",9.548928252,-83.802856642,235,,,,235,,open,false,,,Ruddy Pigeon,Patagioenas subvinacea,Torcaza colorada,Aves,3095
264024547,6e5eec1c-f287-43c0-ab9b-c318e4d904be,2025-03-05 11:10:48,2025-03-05,2025-03-05 17:10:48 UTC,America/Costa_Rica,5930244,stephanie2206,Stephanie Serson,2025-03-05 22:36:24 UTC,2025-07-31 16:47:15 UTC,research,,https://www.inaturalist.org/observations/264024547,https://static.inaturalist.org/photos/474414467/medium.jpeg,,"",,1,0,false,2,"GG74+95C Parque Nacional Chirripó, San José, Pérez Zeledón, Costa Rica",9.442125,-83.52885,,,,,,,open,false,gps,gps,Ruddy Pigeon,Patagioenas subvinacea,Torcaza colorada,Aves,3095
264042967,4a6a07eb-6966-4f0a-a6f5-a1bd7b3ef289,2025/03/03 3:01 PM,2025-03-03,2025-03-03 21:01:00 UTC,America/Costa_Rica,2427280,kwat,,2025-03-06 02:08:54 UTC,2025-07-31 16:47:11 UTC,research,CC-BY-NC,https://www.inaturalist.org/observations/264042967,https://inaturalist-open-data.s3.amazonaws.com/photos/474450476/medium.jpeg,,"",,1,0,false,,"San José Province, Rivas, Costa Rica",9.4662356201,-83.5825387217,61,,,,61,,open,false,,,Ruddy Pigeon,Patagioenas subvinacea,Torcaza colorada,Aves,3095
265195334,47dab0a8-6817-4a96-9c9b-3976e48d9769,2025-03-13 10:54:14,2025-03-13,2025-03-13 16:54:14 UTC,America/Costa_Rica,8540065,marsh_dragon,"",2025-03-13 19:04:32 UTC,2025-03-13 19:05:35 UTC,needs_id,CC-BY-NC,https://www.inaturalist.org/observations/265195334,https://inaturalist-open-data.s3.amazonaws.com/photos/476305189/medium.jpeg,,"",,0,0,false,2,"855V+76J, Puntarenas Province, Monteverde, Costa Rica",10.3080611997,-84.8049699997,,,,,,,open,false,gps,gps,Ruddy Pigeon,Patagioenas subvinacea,Torcaza colorada,Aves,3095
265549144,6c9a70e9-58ed-4760-bf84-edd830f3069d,2025/03/02 0:17 AM,2025-03-02,2025-03-02 06:17:00 UTC,America/Costa_Rica,523225,michael_butler,Michael Butler,2025-03-16 14:21:43 UTC,2025-03-18 02:29:55 UTC,needs_id,CC-BY-NC,https://www.inaturalist.org/observations/265549144,,https://static.inaturalist.org/sounds/1336929.wav?1742134773,"",,0,0,false,,"Puntarenas Province, Monteverde, Costa Rica",10.319606,-84.798574,10,,,,10,,open,false,,,Ruddy Pigeon,Patagioenas subvinacea,Torcaza colorada,Aves,3095
265780958,543f5e2e-68a8-46c6-b462-e41e570f320a,2025/03/09 3:34 AM,2025-03-09,2025-03-09 08:34:00 UTC,America/Guayaquil,11590,gaell,Gaell Mainguy,2025-03-18 02:32:47 UTC,2025-03-18 02:32:47 UTC,needs_id,CC-BY-NC-ND,https://www.inaturalist.org/observations/265780958,https://inaturalist-open-data.s3.amazonaws.com/photos/477451280/medium.jpeg,,"Ecuador, Milpe Bird Sanctuary", Patagioenas subvinacea berlepschi ,0,0,false,,"San Jorge de Milpe, Pichincha, Ecuador",0.0432311,-78.8838153,141,,,,141,,open,false,,,Ruddy Pigeon,Patagioenas subvinacea,Torcaza colorada,Aves,3095
265808902,5dc2b61f-cfa5-4d1a-b6c1-decfb85f25d1,2018/04/15 10:53 AM,2018-04-15,2018-04-15 16:53:00 UTC,America/Costa_Rica,8203656,jane_tours,Jane Kempler &amp; Andrew Goldby Freelance,2025-03-18 10:09:45 UTC,2025-07-31 16:46:47 UTC,research,CC-BY-NC-ND,https://www.inaturalist.org/observations/265808902,https://inaturalist-open-data.s3.amazonaws.com/photos/477511504/medium.jpg,,"Bird, Columbidae, Costa Rica, Curi-Cancha Reserve, Monteverde, North America, Patagioenas subvinacea, Pigeons and Doves, Ruddy Pigeon, _Animal, _Location",,1,0,false,,"Puntarenas Province, Monteverde, Costa Rica",10.3077777783,-84.805555555,,,,,,,open,false,,,Ruddy Pigeon,Patagioenas subvinacea,Torcaza colorada,Aves,3095
267222628,fbf5888c-9828-439d-b455-b3a307b8d791,2025-02-14 15:06:15,2025-02-14,2025-02-14 20:06:15 UTC,Quito,7621360,herfrogs,Hersog Chavez yuyarima,2025-03-27 17:24:43 UTC,2025-04-14 11:39:33 UTC,research,,https://www.inaturalist.org/observations/267222628,https://static.inaturalist.org/photos/480196851/medium.jpeg,,"",,1,0,false,2,A.R.C. Amazon Research Center,-4.3890000667,-73.2575510815,212,,,,212,,open,false,gps,gps,Torcaza colorada,Patagioenas subvinacea,Torcaza colorada,Aves,3095
267579076,e867f14f-703c-45a4-8eed-6c64c95e0c5d,2025/03/20 8:48 AM,2025-03-20,2025-03-20 14:48:00 UTC,America/Costa_Rica,1310523,blancadog,"",2025-03-29 20:32:20 UTC,2025-12-12 15:30:48 UTC,research,,https://www.inaturalist.org/observations/267579076,https://static.inaturalist.org/photos/480873001/medium.jpg,,"",,3,0,false,,"Puntarenas Province, Monteverde, Costa Rica",10.30754204,-84.80618343,,,,,,,open,false,,,Ruddy Pigeon,Patagioenas subvinacea,Torcaza colorada,Aves,3095
267929114,52c22261-ad72-4555-8558-de3bbb805f0e,2025-03-31 07:51:36-06:00,2025-03-31,2025-03-31 13:51:36 UTC,America/Costa_Rica,8896032,james51807,James Horton,2025-03-31 17:14:20 UTC,2025-03-31 17:14:29 UTC,needs_id,,https://www.inaturalist.org/observations/267929114,https://static.inaturalist.org/photos/481544941/medium.jpg,,"","",0,0,false,3,"Perez Zeledon, San Jose, CR",9.4717716667,-83.5723633333,,,,,,,open,false,,,"",Patagioenas subvinacea,Torcaza colorada,Aves,3095
268312911,7c5c754c-4d91-4c68-b037-901360a04457,2025/03/15 2:16 PM,2025-03-15,2025-03-15 20:16:00 UTC,America/Costa_Rica,2076023,jerry_deboer,Jerry DeBoer,2025-04-03 01:30:05 UTC,2025-04-03 01:30:05 UTC,needs_id,,https://www.inaturalist.org/observations/268312911,https://static.inaturalist.org/photos/482277011/medium.jpg,,"",,0,0,false,,"Puntarenas Province, Monteverde, Costa Rica",10.3157915973,-84.8056989231,121,,,,121,,open,false,,,Ruddy Pigeon,Patagioenas subvinacea,Torcaza colorada,Aves,3095
268805525,b6bada78-e80a-474d-92c1-d32d5e384df1,2025-04-03 09:15:57,2025-04-03,2025-04-03 14:15:57 UTC,Bogota,7888329,mathieusanniervireon,Mathieu Sannier,2025-04-05 21:17:54 UTC,2025-04-10 00:45:58 UTC,research,CC-BY-NC,https://www.inaturalist.org/observations/268805525,https://inaturalist-open-data.s3.amazonaws.com/photos/483219897/medium.jpeg,,"",,1,0,false,2,"Meta, CO",4.38896,-73.6798366667,8,,,,8,,open,false,,,Pigeon vineux,Patagioenas subvinacea,Torcaza colorada,Aves,3095
269502811,5d3f744c-62e5-46d2-bba1-902f84259fc1,2025/03/04 10:12 AM,2025-03-04,2025-03-04 15:12:00 UTC,Bogota,5188058,hugo_bernal_hernandez,Hugo Bernal Hernández,2025-04-09 19:24:30 UTC,2025-04-11 03:28:51 UTC,research,CC-BY-NC,https://www.inaturalist.org/observations/269502811,https://inaturalist-open-data.s3.amazonaws.com/photos/484572195/medium.jpeg,,"",,1,0,false,,"Puerto Asís, Putumayo, Colombia",0.5228152508,-76.5485924572,4,,,,4,,open,false,,,Torcaza colorada,Patagioenas subvinacea,Torcaza colorada,Aves,3095
269517413,de4204b7-a236-44a3-9201-3e18458fbab8,2017/12/24 6:52 AM,2017-12-24,2017-12-24 12:52:00 UTC,America/Costa_Rica,2581007,andersdahl,Anders Dahl,2025-04-09 20:56:20 UTC,2025-04-09 20:56:20 UTC,needs_id,CC-BY-NC,https://www.inaturalist.org/observations/269517413,https://inaturalist-open-data.s3.amazonaws.com/photos/484397154/medium.jpeg,,"Costa Rica, Patagioenas subvinacea - Ruddy Pigeon, La Paz Waterfalls",,0,0,false,,"Alajuela Province, Alajuela, Costa Rica",10.2039324394,-84.1618465211,153,,,,153,,open,false,,,Patagioenas subvinacea,Patagioenas subvinacea,Torcaza colorada,Aves,3095
269595439,32e7084c-e301-44a4-b41b-7ba3ca6691c6,2012/04/11 10:48 AM,2012-04-11,2012-04-11 15:48:00 UTC,Quito,7190753,vermeerjan,JanVermeer,2025-04-10 12:06:40 UTC,2025-04-10 12:07:14 UTC,research,CC-BY-NC,https://www.inaturalist.org/observations/269595439,https://inaturalist-open-data.s3.amazonaws.com/photos/484753854/medium.jpeg,,"",,1,0,false,,"Cuenca Serranoyacu, Rioja Province, Peru",-5.7290988298,-77.7264551423,2000,,,,2000,,open,false,,,Ruddy Pigeon,Patagioenas subvinacea,Torcaza colorada,Aves,3095
270919862,8bd8d120-4279-4249-a96a-7688ce4e7a03,2025/03/26 7:28 AM,2025-03-26,2025-03-26 12:28:00 UTC,Bogota,684042,ricardo_sanchez,Ricardo Sánchez,2025-04-16 23:53:20 UTC,2025-04-17 00:07:44 UTC,research,CC-BY-NC,https://www.inaturalist.org/observations/270919862,https://inaturalist-open-data.s3.amazonaws.com/photos/487239182/medium.jpg,,"",,1,0,false,,"La Lluvia, Yarumal, Antioquia, Colombia",7.0948152979,-75.3874991447,4,,,,4,,open,false,,,Torcaza colorada,Patagioenas subvinacea,Torcaza colorada,Aves,3095
271105705,cc01cd17-039c-4dcb-8ca2-5c3a36a77b14,2025-04-17 19:11:00-06:00,2025-04-17,2025-04-18 01:11:00 UTC,America/Costa_Rica,4410315,riskyfisk,RiskyFisk,2025-04-17 23:05:25 UTC,2025-04-18 23:33:32 UTC,research,,https://www.inaturalist.org/observations/271105705,https://static.inaturalist.org/photos/487626472/medium.jpg,,"","",1,0,false,3,"Bridge 5, Abangares, Guanacaste, CR",10.3382551633,-84.8082645137,23,,,,23,,open,false,,,Ruddy Pigeon,Patagioenas subvinacea,Torcaza colorada,Aves,3095
271487506,c9a08107-5378-4582-b2f6-a04fb9bb986e,2024/11/20 4:57 PM,2024-11-20,2024-11-20 21:57:00 UTC,America/Guayaquil,2497555,attila21,Attila Steiner,2025-04-19 17:19:08 UTC,2025-06-12 01:59:12 UTC,research,CC-BY-NC,https://www.inaturalist.org/observations/271487506,https://inaturalist-open-data.s3.amazonaws.com/photos/488343327/medium.jpeg,,"",,1,0,false,,"Eloy Alfaro, Ecuador",0.5265675647,-79.2123211286,15,,,,15,,open,false,,,Ruddy Pigeon,Patagioenas subvinacea,Torcaza colorada,Aves,3095
272045535,e90515bd-024c-4d40-9a7b-3a4dc6549689,2025/02/25 8:59 AM,2025-02-25,2025-02-25 13:59:00 UTC,Bogota,888387,rjbaltierra,RJ Baltierra,2025-04-21 20:02:33 UTC,2025-04-21 20:02:33 UTC,needs_id,CC-BY-NC,https://www.inaturalist.org/observations/272045535,https://inaturalist-open-data.s3.amazonaws.com/photos/489394776/medium.jpg,,"",,0,0,false,,"Mistrató, Risaralda, Colombia",5.3736159984,-75.8906062543,47,,,,47,,open,false,,,Ruddy Pigeon,Patagioenas subvinacea,Torcaza colorada,Aves,3095
272045542,e8ff7d48-f3ec-4881-9a9a-e1e15d5b3b43,2025/02/25 9:17 AM,2025-02-25,2025-02-25 14:17:00 UTC,Bogota,888387,rjbaltierra,RJ Baltierra,2025-04-21 20:02:35 UTC,2025-08-20 18:42:16 UTC,research,CC-BY-NC,https://www.inaturalist.org/observations/272045542,https://inaturalist-open-data.s3.amazonaws.com/photos/489394970/medium.jpg,,"",,1,0,false,,"Mistrató, Risaralda, Colombia",5.371774047,-75.8902554743,102,,,,102,,open,false,,,Ruddy Pigeon,Patagioenas subvinacea,Torcaza colorada,Aves,3095
273303926,1e9645da-342d-4f8d-8bc4-7f3cc55af734,2024/11/24 9:47 AM,2024-11-24,2024-11-24 14:47:00 UTC,America/Guayaquil,2497555,attila21,Attila Steiner,2025-04-25 19:14:12 UTC,2025-04-26 03:43:19 UTC,research,CC-BY-NC,https://www.inaturalist.org/observations/273303926,https://inaturalist-open-data.s3.amazonaws.com/photos/491568331/medium.jpeg,,"",,1,0,false,,"Los Bancos Canton, Ecuador",-0.0558779256,-78.8773856552,61,,,,61,,open,false,,,Ruddy Pigeon,Patagioenas subvinacea,Torcaza colorada,Aves,3095
273920798,a7d82c55-0bcb-445a-a21d-9fd9934ba7c2,2025-04-26 09:00:20-03:00,2025-04-26,2025-04-26 12:00:20 UTC,America/Cayenne,3596846,leprendre,,2025-04-26 16:12:51 UTC,2025-05-06 16:55:39 UTC,research,CC-BY-NC,https://www.inaturalist.org/observations/273920798,,https://static.inaturalist.org/sounds/1406538.m4a?1745683973,"",Je sais pluuuus,1,0,false,3,"Roura, GF-CY, GF",4.7100083041,-52.39744034,8,,,,8,,open,false,,,Pigeon vineux,Patagioenas subvinacea,Torcaza colorada,Aves,3095
276071381,ee7cc6b7-adf0-4470-9989-6e7a5c75c91c,2025/04/28 16:12,2025-04-28,2025-04-28 19:12:00 UTC,America/Cayenne,5471994,augustinbussac,,2025-04-28 21:07:48 UTC,2025-05-06 14:24:23 UTC,research,CC-BY-NC,https://www.inaturalist.org/observations/276071381,,https://static.inaturalist.org/sounds/1421753.m4a?1745867611,"",,1,0,false,,"Roura 97352, Guyane française",4.2786258392,-52.4693298224,1978,,,,1978,,open,false,,,Pigeon vineux,Patagioenas subvinacea,Torcaza colorada,Aves,3095
276072332,249ac18d-0961-469d-b35c-98fbdfd4d0e1,2025/04/28 16:12,2025-04-28,2025-04-28 19:12:00 UTC,America/Cayenne,5471994,augustinbussac,,2025-04-28 21:09:02 UTC,2025-05-06 14:23:42 UTC,research,CC-BY-NC,https://www.inaturalist.org/observations/276072332,,https://static.inaturalist.org/sounds/1421799.m4a?1745867626,"",,1,0,false,,"Roura 97352, Guyane française",4.2786258392,-52.4693298224,1978,,,,1978,,open,false,,,Pigeon vineux,Patagioenas subvinacea,Torcaza colorada,Aves,3095
277384111,43dbe834-da8a-431d-a9ee-b51644012228,2024/10/20 10:21 AM,2024-10-20,2024-10-20 15:21:00 UTC,Bogota,273707,dbeadle,"",2025-05-01 14:40:04 UTC,2025-05-06 13:05:59 UTC,needs_id,CC-BY-NC,https://www.inaturalist.org/observations/277384111,,https://static.inaturalist.org/sounds/1431507.mp3?1746109374,"Ruddy Pigeon, Guainia, Colombia","Ruddy Pigeon. Call. Recorded at Sendero El Paujíl, Guainia, Colombia on 20 October 2024. Subspecies purpureotincta. ",0,0,false,,"Inírida, Guainia, Colombia",3.8823133741,-67.9441431624,5,,,,5,,open,false,,,Ruddy Pigeon,Patagioenas subvinacea,Torcaza colorada,Aves,3095
277526889,764f49e3-d939-49e2-a9b9-1a60a066c815,2025/04/25 5:02 PM,2025-04-25,2025-04-25 22:02:00 UTC,America/Guayaquil,1028190,naturesebas,Sebastián Vizcarra,2025-05-01 22:20:31 UTC,2025-05-06 12:57:21 UTC,needs_id,,https://www.inaturalist.org/observations/277526889,,https://static.inaturalist.org/sounds/1432567.wav?1746137016,"",,0,0,false,,"Shushufindi, Ecuador",-0.4875305914,-76.3762518015,8,,,,8,,open,false,,,Patagioenas subvinacea,Patagioenas subvinacea,Torcaza colorada,Aves,3095
277543341,b6c7f0c2-b421-46ce-b393-d6d460c568c8,2025/04/25,2025-04-25,,America/Cayenne,7765164,jpio2ndhand,Données de seconde main saisies par Julien Piolain,2025-05-01 23:21:16 UTC,2025-08-21 13:38:24 UTC,needs_id,CC-BY-NC,https://www.inaturalist.org/observations/277543341,,https://static.inaturalist.org/sounds/1433054.wav?1746141092,"",Enregistreur AudioMoth posé dans la savane Basse Terre pour le CNC 2025. Toutes mes excuses pour le grand nombre d'enregistrements et s'il y a des enregistrements où on n'entend rien !,0,0,false,,"Montsinéry-Tonnégrande, GF-CY, GF",4.8394109742,-52.4868255018,222,,,,222,,open,false,,,Pigeon vineux,Patagioenas subvinacea,Torcaza colorada,Aves,3095
277545889,220205e0-bbf1-4d05-b77e-71f2921bf131,2025/04/28,2025-04-28,,America/Cayenne,7765164,jpio2ndhand,Données de seconde main saisies par Julien Piolain,2025-05-01 23:30:36 UTC,2025-08-21 16:44:25 UTC,research,CC-BY-NC,https://www.inaturalist.org/observations/277545889,,https://static.inaturalist.org/sounds/1433387.wav?1746141968,"","Enregistreur AudioMoth posé dans le corridor 18 du SAR, non loin de la savane Basse Terre pour le CNC 2025. Toutes mes excuses pour cette avalanche d'enregistrements non identifiés et s'il y a des enregistrements où il n'y a rien !",3,0,false,,"Montsinéry-Tonnegrande 97356, Guyane française",4.8435138519,-52.4878329272,200,,,,200,,open,false,,,Pigeon vineux,Patagioenas subvinacea,Torcaza colorada,Aves,3095
277545916,07dc2c56-8f74-41c9-b529-94c96ff86253,2025/04/28,2025-04-28,,America/Cayenne,7765164,jpio2ndhand,Données de seconde main saisies par Julien Piolain,2025-05-01 23:30:39 UTC,2025-05-06 12:51:52 UTC,research,CC-BY-NC,https://www.inaturalist.org/observations/277545916,,https://static.inaturalist.org/sounds/1433397.wav?1746141973,"","Enregistreur AudioMoth posé dans le corridor 18 du SAR, non loin de la savane Basse Terre pour le CNC 2025. Toutes mes excuses pour cette avalanche d'enregistrements non identifiés et s'il y a des enregistrements où il n'y a rien !",2,0,false,,"Montsinéry-Tonnegrande 97356, Guyane française",4.8435138519,-52.4878329272,200,,,,200,,open,false,,,Pigeon vineux,Patagioenas subvinacea,Torcaza colorada,Aves,3095
277546359,06fb235a-7eee-49c4-a7ce-ee2e888cbaad,2025-05-01 08:45:11,2025-05-01,2025-05-01 13:45:11 UTC,America/Guayaquil,7888329,mathieusanniervireon,Mathieu Sannier,2025-05-01 23:31:50 UTC,2025-08-01 23:22:45 UTC,research,CC-BY-NC,https://www.inaturalist.org/observations/277546359,https://inaturalist-open-data.s3.amazonaws.com/photos/498359248/medium.jpeg,,"",,1,0,false,2,"Pichincha, EC",-0.0478683333,-78.764025,7,,,,7,,open,false,,,Pigeon vineux,Patagioenas subvinacea,Torcaza colorada,Aves,3095
278163179,041ed7ea-4742-4483-a78d-6ea5e1447189,2024/07/06 8:23 PM,2024-07-06,2024-07-07 01:23:00 UTC,Quito,6976491,tegholmes,Toby Holmes,2025-05-03 20:11:52 UTC,2025-05-03 23:14:31 UTC,research,CC-BY-NC,https://www.inaturalist.org/observations/278163179,https://inaturalist-open-data.s3.amazonaws.com/photos/499440170/medium.jpeg,,"",,1,0,false,,"Manú Province, Peru",-12.889809514,-71.4083807796,31,,,,31,,open,false,,,Ruddy Pigeon,Patagioenas subvinacea,Torcaza colorada,Aves,3095
278583275,9a43e7d8-2e8b-4685-9b2c-a5fe452a9158,2025-04-28 15:57:00,2025-04-28,2025-04-28 18:57:00 UTC,America/Cayenne,1279977,guillaume_leotard,Guillaume Léotard,2025-05-04 23:31:44 UTC,2025-05-06 11:50:01 UTC,research,CC-BY-NC,https://www.inaturalist.org/observations/278583275,,https://static.inaturalist.org/sounds/1441388.wav?1746401511,"","",1,0,false,2,"Cayenne, GF",5.050975,-52.603468,52,,,,52,,open,false,,,Pigeon vineux,Patagioenas subvinacea,Torcaza colorada,Aves,3095
278730233,120ac8dd-1c67-4bad-85d0-7a062bfb1d76,2024/07/16 4:54 PM,2024-07-16,2024-07-16 21:54:00 UTC,Quito,6976491,tegholmes,Toby Holmes,2025-05-05 13:38:39 UTC,2025-05-05 17:15:42 UTC,research,CC-BY-NC,https://www.inaturalist.org/observations/278730233,https://inaturalist-open-data.s3.amazonaws.com/photos/500480248/medium.jpeg,,"",,1,0,false,,"Manú Province, Peru",-12.8898902885,-71.4085205471,15,,,,15,,open,false,,,Ruddy Pigeon,Patagioenas subvinacea,Torcaza colorada,Aves,3095
278890517,3f85a5e7-7c83-4da2-882c-981bd10c6f4a,2025-05-05 13:42:01,2025-05-05,2025-05-05 18:42:01 UTC,America/Guayaquil,7888329,mathieusanniervireon,Mathieu Sannier,2025-05-06 02:47:36 UTC,2025-06-05 00:45:12 UTC,research,CC-BY-NC,https://www.inaturalist.org/observations/278890517,,https://static.inaturalist.org/sounds/1443770.mp3?1746499659,"",,1,0,false,2,"Pichincha, EC",-0.04667,-78.7845033333,9,,,,9,,open,false,,,Pigeon vineux,Patagioenas subvinacea,Torcaza colorada,Aves,3095
279056326,e403dff7-7f26-4d89-a652-14a254da3edc,2019/11/23 3:15 PM,2019-11-23,2019-11-23 18:15:00 UTC,America/Paramaribo,7466241,morkvonork,"",2025-05-06 20:18:10 UTC,2025-07-29 20:50:15 UTC,research,CC-BY-NC,https://www.inaturalist.org/observations/279056326,https://inaturalist-open-data.s3.amazonaws.com/photos/501084618/medium.jpg,,"Natuur, Pigeon Purple, Vogels - EN","",1,0,false,,"4”26.757’ 57”10.247, Suriname",4.4053879,-57.2270261,9,,,,9,,open,false,,"",Ruddy Pigeon,Patagioenas subvinacea,Torcaza colorada,Aves,3095
279242733,ada4487f-84df-4e77-ae65-2d4d327d2a45,2025/05/04 4:39 PM,2025-05-04,2025-05-04 21:39:00 UTC,Bogota,924314,jacksonfrost,Jackson Frost,2025-05-07 15:35:39 UTC,2025-08-12 01:29:48 UTC,needs_id,CC-BY,https://www.inaturalist.org/observations/279242733,https://inaturalist-open-data.s3.amazonaws.com/photos/501417308/medium.jpeg,,"",,0,0,false,,"Mitú, CO-VP, CO",1.24746185,-70.3190354863,56,,,,31447,obscured,open,true,,,Patagioenas subvinacea,Patagioenas subvinacea,Torcaza colorada,Aves,3095
279484194,a3298e17-ae7a-4bf9-8870-16a14635c2f2,2025-01-03 09:17:29,2025-01-03,2025-01-03 15:17:29 UTC,America/Costa_Rica,9259390,josephine_thomson,Josephine Thomson,2025-05-08 15:38:09 UTC,2025-12-12 15:30:38 UTC,research,CC-BY-NC,https://www.inaturalist.org/observations/279484194,https://inaturalist-open-data.s3.amazonaws.com/photos/501878890/medium.jpg,,"",,2,0,false,843,"Sendero Roble, Abangares, Guanacaste, CR",10.3032276297,-84.7873943832,703,,,,703,,open,false,,,Ruddy Pigeon,Patagioenas subvinacea,Torcaza colorada,Aves,3095
281249200,15b5b816-a420-4cc3-a6c3-73d65390d08b,2025/05/12 10:56 AM,2025-05-12,2025-05-12 16:56:00 UTC,America/Costa_Rica,8250194,marcods,MarcoDS,2025-05-15 13:49:33 UTC,2025-05-15 18:17:38 UTC,research,CC-BY-NC,https://www.inaturalist.org/observations/281249200,https://inaturalist-open-data.s3.amazonaws.com/photos/505207813/medium.jpg,,"",,1,0,false,,"San José, Copey, Costa Rica",9.5983116868,-83.7958231384,2,,,,2,,open,false,,,Torcaza colorada,Patagioenas subvinacea,Torcaza colorada,Aves,3095
281800754,9f403b1d-bb18-4343-8f8c-63a28262acd2,2025-05-10 08:15:00,2025-05-10,2025-05-10 13:15:00 UTC,Bogota,8435302,inventario_rovirista,IE CUSTODIO GARCIA ROVIRA,2025-05-17 16:22:30 UTC,2025-05-25 01:07:49 UTC,needs_id,,https://www.inaturalist.org/observations/281800754,,https://static.inaturalist.org/sounds/1468183.wav?1747498975,"",,0,0,false,2,"940001, Inírida, Guainía, Colombia",3.8687993091,-67.9314618185,214,,,,214,,open,false,gps,gps,Torcaza colorada,Patagioenas subvinacea,Torcaza colorada,Aves,3095
281917322,d364c0b2-2485-4202-8d1f-f62f96aa536a,2019-12-15 12:00:00,2019-12-15,2019-12-15 18:00:00 UTC,America/Costa_Rica,6745749,alexnard,,2025-05-17 23:06:59 UTC,2025-05-20 21:28:37 UTC,research,CC-BY-NC,https://www.inaturalist.org/observations/281917322,https://inaturalist-open-data.s3.amazonaws.com/photos/506458674/medium.jpg,,"",,1,0,false,843,"Calle San Gerardo, Perez Zeledon, San Jose, CR",9.55077,-83.8087,6,,,,6,,open,false,,,Ruddy Pigeon,Patagioenas subvinacea,Torcaza colorada,Aves,3095
283032242,393cc403-ffff-42e3-8070-68045d97b05d,2025/04/21 09:22,2025-04-21,2025-04-21 13:22:00 UTC,America/Porto_Velho,1377941,arturcuca_avisteiali,Artur Luiz,2025-05-22 01:34:40 UTC,2025-09-29 01:21:16 UTC,research,,https://www.inaturalist.org/observations/283032242,https://static.inaturalist.org/photos/573588983/medium.jpg,https://static.inaturalist.org/sounds/1476690.mp3?1747877139,"","",1,0,false,,"Porto Velho, BR-RO, BR",-9.0747592403,-64.0463955427,210,,,,31254,obscured,open,true,,,Pomba-Botafogo,Patagioenas subvinacea,Torcaza colorada,Aves,3095
283285522,dc61af67-f1f2-46f6-b999-029a89dc5cd2,2025/01/09 8:15 AM,2025-01-09,2025-01-09 13:15:00 UTC,Bogota,652810,miltongalvis,Milton Galvis,2025-05-23 02:30:00 UTC,2025-05-23 23:12:43 UTC,research,,https://www.inaturalist.org/observations/283285522,https://static.inaturalist.org/photos/509009883/medium.jpg,,"",,1,0,false,,"Betulia, Santander, Colombia",6.9465656938,-73.2967154935,33,,,,33,,open,false,,,Torcaza colorada,Patagioenas subvinacea,Torcaza colorada,Aves,3095
284224255,b019285f-47a9-4fec-8dfb-15784515a6f8,2025-05-26 08:08:33-03:00,2025-05-26,2025-05-26 11:08:33 UTC,America/Belem,3543912,nereston-nelinho-camargo,Nereston (Nelinho) Camargo,2025-05-26 11:09:07 UTC,2025-12-20 15:45:43 UTC,research,CC-BY-NC,https://www.inaturalist.org/observations/284224255,,https://static.inaturalist.org/sounds/1485768.m4a?1748257751,"","",1,0,false,3,"Parauapebas, PA, BR",-6.0601929425,-50.0630157732,3,,,,3,,open,false,,,Pomba-botafogo,Patagioenas subvinacea,Torcaza colorada,Aves,3095
284420897,0e2e45f1-5d24-4e25-831d-e62075182828,2022/11/04 7:18 AM,2022-11-04,2022-11-04 12:18:00 UTC,Bogota,6787156,angelica_maria15,Angélica María Moreno Sosa,2025-05-27 00:12:12 UTC,2025-05-27 18:33:52 UTC,needs_id,,https://www.inaturalist.org/observations/284420897,https://static.inaturalist.org/photos/511141668/medium.jpg,,"","",1,0,false,,"Parque Nacional Cueva de los Guacharos, Colombia",1.3644337,-76.2247366,212,,,,212,,open,false,,,Torcaza colorada,Patagioenas subvinacea,Torcaza colorada,Aves,3095
284803119,a8b2c4c3-c31d-448d-9f0d-0541ccab4758,2025/05/22 07:41,2025-05-22,2025-05-22 10:41:00 UTC,America/Belem,2721081,andersonsandro,Anderson Sandro,2025-05-28 13:17:22 UTC,2025-05-28 21:51:27 UTC,research,CC-BY-NC,https://www.inaturalist.org/observations/284803119,https://inaturalist-open-data.s3.amazonaws.com/photos/511877653/medium.jpg,,"",,1,0,false,,"Parauapebas - PA, 68515-000, Brasil",-6.0666280712,-50.0621217556,61,,,,61,,open,false,,,Pomba-botafogo,Patagioenas subvinacea,Torcaza colorada,Aves,3095
286507579,3a2d9ead-69f6-4e71-bcac-796db9d57218,2025/05/21 9:21 AM,2025-05-21,2025-05-21 14:21:00 UTC,Quito,773225,philbenstead,Phil Benstead,2025-06-03 10:54:22 UTC,2025-09-18 20:49:42 UTC,research,CC-BY-NC,https://www.inaturalist.org/observations/286507579,https://inaturalist-open-data.s3.amazonaws.com/photos/515080483/medium.jpg,,"",,2,0,false,,"Tahuayo, Peru",-4.3113485873,-73.2318569854,197,,,,197,,open,false,,,Ruddy Pigeon,Patagioenas subvinacea,Torcaza colorada,Aves,3095
286880355,152f717f-e448-406a-b2f9-6626734a1179,2025/05/31 1:08 PM,2025-05-31,2025-05-31 18:08:00 UTC,America/Guayaquil,1739120,holgerbeck,Holger Beck,2025-06-04 20:17:14 UTC,2025-06-04 20:17:14 UTC,needs_id,CC-BY-NC,https://www.inaturalist.org/observations/286880355,https://inaturalist-open-data.s3.amazonaws.com/photos/515770486/medium.jpg,,"",ID by call,0,0,false,,"Cotacachi, Ecuador",0.309891757,-78.7757319841,61,,,,61,,open,false,,,Ruddy Pigeon,Patagioenas subvinacea,Torcaza colorada,Aves,3095
286880382,3a4b758b-2ca6-454d-a3c4-02122efb6d65,2025/06/01 11:47 AM,2025-06-01,2025-06-01 16:47:00 UTC,America/Guayaquil,1739120,holgerbeck,Holger Beck,2025-06-04 20:17:20 UTC,2025-09-18 20:35:59 UTC,research,CC-BY-NC,https://www.inaturalist.org/observations/286880382,https://inaturalist-open-data.s3.amazonaws.com/photos/515774067/medium.jpg,,"",,1,0,false,,"Cotacachi, Ecuador",0.3097090217,-78.779140713,242,,,,242,,open,false,,,Ruddy Pigeon,Patagioenas subvinacea,Torcaza colorada,Aves,3095
287438693,793fea6d-ce13-4f86-bcda-df008584a300,2025/05/23 10:01 AM,2025-05-23,2025-05-23 15:01:00 UTC,America/Guayaquil,1829749,cclborneo,Chien Lee,2025-06-06 23:58:51 UTC,2026-02-22 01:27:02 UTC,research,,https://www.inaturalist.org/observations/287438693,https://static.inaturalist.org/photos/516833797/medium.jpg,,"","",2,0,false,,"Francisco de Orellana, Ecuador",-0.5097383333,-76.4368283333,,,,,,,open,false,,,Ruddy Pigeon,Patagioenas subvinacea,Torcaza colorada,Aves,3095
292834405,58996f43-3d0c-43d4-9695-afb0ef9f4957,2025-06-26 07:20:28-03:00,2025-06-26,2025-06-26 10:20:28 UTC,America/Cayenne,6632686,estelle973,,2025-06-26 10:20:49 UTC,2025-07-06 12:37:34 UTC,research,CC-BY-NC,https://www.inaturalist.org/observations/292834405,,https://static.inaturalist.org/sounds/1542284.m4a?1750933251,"","",1,0,false,3,"Roura, GF",4.6881069751,-52.3627923883,9,,,,9,,open,false,,,Pigeon vineux,Patagioenas subvinacea,Torcaza colorada,Aves,3095
295175689,b0f687e5-ef57-480c-8329-c1bcbdcb65f8,2024/07/20 2:35 PM,2024-07-20,2024-07-20 20:35:00 UTC,America/Costa_Rica,6636273,khouros,Jessa Beckers,2025-07-04 18:23:41 UTC,2025-07-06 11:05:11 UTC,needs_id,CC-BY-NC,https://www.inaturalist.org/observations/295175689,,https://static.inaturalist.org/sounds/1554632.wav?1751652913,"",,0,0,false,,"Puntarenas Province, Monteverde, Costa Rica",10.3189121634,-84.8085499178,20,,,,20,,open,false,,,Ruddy Pigeon,Patagioenas subvinacea,Torcaza colorada,Aves,3095
295689204,19108247-5d26-4777-bf3b-3333b212b7fe,2024/03/31 6:28 AM,2024-03-31,2024-03-31 11:28:00 UTC,America/Guayaquil,777230,ericvandenberghe,Eric van den Berghe,2025-07-06 14:01:06 UTC,2025-07-06 14:15:42 UTC,needs_id,CC-BY-NC,https://www.inaturalist.org/observations/295689204,https://inaturalist-open-data.s3.amazonaws.com/photos/532329220/medium.jpg,,"",,0,0,false,,"El Chaco, Ecuador",-0.392365303,-77.8163913984,79,,,,79,,open,false,,,Ruddy Pigeon,Patagioenas subvinacea,Torcaza colorada,Aves,3095
295780606,a5991fa7-6242-40d8-8ba1-73dc4b6716c9,2025/06/24 2:43 PM,2025-06-24,2025-06-24 19:43:00 UTC,America/Guayaquil,8479994,cormier_nature,Jordan Cormier,2025-07-06 19:09:07 UTC,2025-08-27 16:19:12 UTC,research,,https://www.inaturalist.org/observations/295780606,https://static.inaturalist.org/photos/532507051/medium.jpg,,"",,2,0,false,,"Shushufindi, Ecuador",-0.4443344565,-76.2955217665,122,,,,122,,open,false,,,Ruddy Pigeon,Patagioenas subvinacea,Torcaza colorada,Aves,3095
297256057,ba140585-96c7-403f-be21-b5409619b65e,2025/06/30 11:50 AM,2025-06-30,2025-06-30 16:50:00 UTC,America/Guayaquil,1677488,coreytcallaghan,Corey Callaghan,2025-07-12 11:42:39 UTC,2025-09-15 21:34:47 UTC,research,CC-BY-NC,https://www.inaturalist.org/observations/297256057,https://inaturalist-open-data.s3.amazonaws.com/photos/535328924/medium.jpg,,"",,1,0,false,,"Archidona Canton, Ecuador",-0.6757583333,-77.60133,,,,,,,open,false,,,Ruddy Pigeon,Patagioenas subvinacea,Torcaza colorada,Aves,3095
298547888,59c3b6a7-1c04-4125-88b1-b10ff9fd8065,2025-07-16 07:18:21-05:00,2025-07-16,2025-07-16 12:18:21 UTC,America/Guayaquil,4754372,francisco_sornoza,Pancho Sornoza,2025-07-16 23:32:35 UTC,2025-08-03 14:48:05 UTC,needs_id,CC-BY-NC,https://www.inaturalist.org/observations/298547888,,https://static.inaturalist.org/sounds/1571200.m4a?1752708756,"","",0,0,false,3,"Santo Domingo de los Colorados, EC-SD, EC",-0.0992055988,-79.1389845964,20,,,,20,,open,false,,,Torcaza colorada,Patagioenas subvinacea,Torcaza colorada,Aves,3095
298547909,3d186b7e-5922-47df-b4da-1fd75758be0b,2025-07-16 07:20:02-05:00,2025-07-16,2025-07-16 12:20:02 UTC,America/Guayaquil,4754372,francisco_sornoza,Pancho Sornoza,2025-07-16 23:32:37 UTC,2025-08-03 14:48:04 UTC,needs_id,CC-BY-NC,https://www.inaturalist.org/observations/298547909,,https://static.inaturalist.org/sounds/1571201.m4a?1752708758,"","",0,0,false,3,"Santo Domingo de los Colorados, EC-SD, EC",-0.0992056075,-79.1389845964,395,,,,395,,open,false,,,Torcaza colorada,Patagioenas subvinacea,Torcaza colorada,Aves,3095
298975730,597e872d-a488-4e5e-a693-d96f235332a1,2025/07/07 8:35 AM,2025-07-07,2025-07-07 13:35:00 UTC,Quito,254559,tmurray74,Tom Murray,2025-07-18 17:50:04 UTC,2025-07-18 21:43:01 UTC,research,CC-BY-NC,https://www.inaturalist.org/observations/298975730,https://inaturalist-open-data.s3.amazonaws.com/photos/538595968/medium.jpg,,"",,1,0,false,,"Tapiche Reserve, 16380, Peru",-7.4486957902,-73.9408041072,211,,,,211,,open,false,,,Ruddy Pigeon,Patagioenas subvinacea,Torcaza colorada,Aves,3095
298999093,97a4491b-569d-4f8a-bc21-67438e3c2c03,2025/07/07 2:13 PM,2025-07-07,2025-07-07 19:13:00 UTC,Quito,254559,tmurray74,Tom Murray,2025-07-18 19:28:16 UTC,2025-07-18 21:39:20 UTC,research,CC-BY-NC,https://www.inaturalist.org/observations/298999093,https://inaturalist-open-data.s3.amazonaws.com/photos/538640985/medium.jpg,,"",,1,0,false,,"Tapiche Reserve, 16380, Peru",-7.4486957902,-73.9408041072,211,,,,211,,open,false,,,Ruddy Pigeon,Patagioenas subvinacea,Torcaza colorada,Aves,3095
299398934,9327651b-1f02-4141-8aed-f883e32d2599,2025/04/27 4:55 PM,2025-04-27,2025-04-27 21:55:00 UTC,Quito,2924383,monics,Monics Paredes,2025-07-20 03:08:02 UTC,2025-08-14 20:24:26 UTC,needs_id,CC-BY,https://www.inaturalist.org/observations/299398934,https://inaturalist-open-data.s3.amazonaws.com/photos/539377583/medium.jpg,,"",,0,0,false,,"Qda. del Carmen, Rio Toro, La Merced 12855, Perú",-11.0429011,-75.3704015,285,,,,285,,open,false,,,Paloma Rojiza,Patagioenas subvinacea,Torcaza colorada,Aves,3095
299686561,b75b7810-6c0f-46a9-81a7-6797abc8d9cf,2017/10/15 7:14 AM,2017-10-15,2017-10-15 12:14:00 UTC,Bogota,677774,luchogu,Luis G Restrepo,2025-07-20 23:52:44 UTC,2025-12-07 22:29:34 UTC,research,CC-BY,https://www.inaturalist.org/observations/299686561,https://inaturalist-open-data.s3.amazonaws.com/photos/539908300/medium.jpg,,Columbidae,"",1,0,false,,"Guatapé, Antioquia, Colombia",6.2449841787,-75.1365190829,523,,,,523,,open,false,,,Ruddy Pigeon,Patagioenas subvinacea,Torcaza colorada,Aves,3095
299877485,8228a9df-875c-4f1d-9dfc-6149c4abb479,2025/07/10 7:23 AM,2025-07-10,2025-07-10 12:23:00 UTC,Quito,254559,tmurray74,Tom Murray,2025-07-21 16:34:20 UTC,2025-07-21 19:36:33 UTC,research,CC-BY-NC,https://www.inaturalist.org/observations/299877485,https://inaturalist-open-data.s3.amazonaws.com/photos/540274838/medium.jpg,,"",,1,0,false,,"Tapiche Reserve, 16380, Peru",-7.4486957902,-73.9408041072,211,,,,211,,open,false,,,Ruddy Pigeon,Patagioenas subvinacea,Torcaza colorada,Aves,3095
300754182,ec496498-edb4-4769-99f1-bb9bfc929388,2025/07/02 9:52 AM,2025-07-02,2025-07-02 14:52:00 UTC,Bogota,3453110,edwinmunera,Edwin Múnera Chavarría,2025-07-24 19:27:43 UTC,2025-09-14 03:07:06 UTC,research,CC-BY-NC,https://www.inaturalist.org/observations/300754182,https://inaturalist-open-data.s3.amazonaws.com/photos/541912752/medium.jpg,,"","",1,0,false,,"Yarumal, Antioquia, Colombia",6.92197,-75.550395,,,,,,,open,false,,,Torcaza colorada,Patagioenas subvinacea,Torcaza colorada,Aves,3095
301273462,7f51a6c5-eb9a-4cc5-9315-371dfd16b23f,2024/06/24,2024-06-24,,America/Costa_Rica,206916,gnearns,"Gino Nearns, Ph.D.",2025-07-26 18:09:11 UTC,2025-07-31 16:40:31 UTC,research,CC-BY-NC,https://www.inaturalist.org/observations/301273462,https://inaturalist-open-data.s3.amazonaws.com/photos/542877268/medium.jpg,,"",,1,0,false,,"San José Province, San Gerardo de Dota, Costa Rica",9.5643259,-83.8015516,2734,,,,2734,,open,false,,,Ruddy Pigeon,Patagioenas subvinacea,Torcaza colorada,Aves,3095
302566690,efb053db-8191-4864-b215-c0574d5cde60,2023-2-3,2023-02-03,,America/Costa_Rica,8947817,einbennet,Bennet,2025-07-31 09:50:19 UTC,2025-08-02 07:09:35 UTC,needs_id,CC-BY-NC,https://www.inaturalist.org/observations/302566690,https://inaturalist-open-data.s3.amazonaws.com/photos/545298995/medium.jpg,,"","",0,0,false,2,"Orosi, Cartago Province, Paraíso, Costa Rica",9.7461900296,-83.7534282357,212873,,,,212873,,open,false,gps,gps,Purpurtaube,Patagioenas subvinacea,Torcaza colorada,Aves,3095
303256883,bd6052d8-b8fb-4b71-84f5-5310c0edf315,2025/07/31 10:54 AM,2025-07-31,2025-07-31 15:54:00 UTC,America/Guayaquil,2961363,catherinehirsch,Catherine Hirsch,2025-08-02 22:16:56 UTC,2025-09-12 22:55:55 UTC,research,CC-BY-NC,https://www.inaturalist.org/observations/303256883,https://inaturalist-open-data.s3.amazonaws.com/photos/546553046/medium.jpg,,"",,1,0,false,,"Francisco de Orellana, Ecuador",-0.5230441974,-76.3940477317,61,,,,61,,open,false,,,Ruddy Pigeon,Patagioenas subvinacea,Torcaza colorada,Aves,3095
303421538,e8173dc6-57d8-4aac-a5be-40cb32e37403,2023/01/27 11:29,2023-01-27,2023-01-27 15:29:00 UTC,Georgetown,453217,imalipusram,Jérémie Lapèze,2025-08-03 14:18:31 UTC,2025-09-11 20:45:52 UTC,needs_id,CC-BY-NC,https://www.inaturalist.org/observations/303421538,https://inaturalist-open-data.s3.amazonaws.com/photos/546886408/medium.jpg,,"","",1,0,false,,"Maripari River + Kurukabaru, GY-PT, GY",4.6604643635,-59.8231116648,2000,,,,2000,,open,false,,,Pigeon vineux,Patagioenas subvinacea,Torcaza colorada,Aves,3095
306081729,7e09becf-6b56-4862-8ce8-958d764cfd2c,2022/08/08,2022-08-08,,Bogota,2836334,jfine,Jodhan Fine,2025-08-13 19:20:22 UTC,2025-09-10 18:46:47 UTC,research,,https://www.inaturalist.org/observations/306081729,https://static.inaturalist.org/photos/551936105/medium.jpg,,"",,1,0,false,,"Guayabetal, Cundinamarca, Colombia",4.2221686814,-73.7877902427,31,,,,31,,open,false,,,Ruddy Pigeon,Patagioenas subvinacea,Torcaza colorada,Aves,3095
306411935,32e89d3d-6822-47fd-ad72-d26ec1269190,2025/07/20 9:33 AM,2025-07-20,2025-07-20 14:33:00 UTC,America/Guayaquil,2961363,catherinehirsch,Catherine Hirsch,2025-08-15 04:17:37 UTC,2025-09-10 18:34:15 UTC,research,CC-BY-NC,https://www.inaturalist.org/observations/306411935,https://inaturalist-open-data.s3.amazonaws.com/photos/552553565/medium.jpg,,"",,1,0,false,,"Puerto Quito, Ecuador",0.1452311813,-79.1418844156,1,,,,1,,open,false,,,Ruddy Pigeon,Patagioenas subvinacea,Torcaza colorada,Aves,3095
306643558,1fcea41c-14a5-498b-a227-152f1804e8a5,2025-08-15T11:22,2025-08-15,2025-08-15 17:22:00 UTC,America/Costa_Rica,3126946,teylorredondo,Teylor Redondo,2025-08-16 03:23:21 UTC,2025-08-16 03:23:22 UTC,needs_id,,https://www.inaturalist.org/observations/306643558,https://static.inaturalist.org/photos/553014279/medium.jpg,,"",,0,0,false,843,"Calle Martínez, Paraiso, Cartago, CR",9.8022048602,-83.7933065583,1334,,,,1334,,open,false,,,,Patagioenas subvinacea,Torcaza colorada,Aves,3095
307367819,36e06baf-7e98-445c-9366-147214e261c2,2025/06/16 1:20 PM,2025-06-16,2025-06-16 18:20:00 UTC,America/Guayaquil,2427280,kwat,,2025-08-18 21:24:49 UTC,2025-09-10 18:02:59 UTC,research,CC-BY-NC,https://www.inaturalist.org/observations/307367819,https://inaturalist-open-data.s3.amazonaws.com/photos/554397157/medium.jpg,,"",,1,0,false,,"Los Bancos Canton, Ecuador",0.0439309745,-78.8876506572,352,,,,352,,open,false,,,Ruddy Pigeon,Patagioenas subvinacea,Torcaza colorada,Aves,3095
307430888,c36d3821-2d85-45c3-9cc7-26506c5f4e2c,2025/07/19 3:34 PM,2025-07-19,2025-07-19 20:34:00 UTC,America/Guayaquil,2961363,catherinehirsch,Catherine Hirsch,2025-08-19 03:31:27 UTC,2025-09-10 18:00:43 UTC,research,CC-BY-NC,https://www.inaturalist.org/observations/307430888,https://inaturalist-open-data.s3.amazonaws.com/photos/554524082/medium.jpg,,"",,1,0,false,,"Los Bancos Canton, Ecuador",-0.0519004872,-78.7813943881,8,,,,8,,open,false,,,Ruddy Pigeon,Patagioenas subvinacea,Torcaza colorada,Aves,3095
307608647,59b724cc-10b7-4c4b-8038-9e7c9b0ed917,2025-07-30 14:10:35+01:00,2025-07-30,2025-07-30 13:10:35 UTC,Quito,569145,ramon19,RGB,2025-08-19 21:35:30 UTC,2025-08-19 22:08:43 UTC,research,,https://www.inaturalist.org/observations/307608647,https://static.inaturalist.org/photos/554860758/medium.jpg,,"","",1,0,false,3,"SM-707, Departament de San Martín, PE",-6.5346831137,-76.3997384153,1699,,,,1699,,open,false,,,Patagioenas subvinacea,Patagioenas subvinacea,Torcaza colorada,Aves,3095
307882070,4a14b491-0751-471d-948e-00d6058d2123,2025/07/24 8:33 AM,2025-07-24,2025-07-24 13:33:00 UTC,America/Guayaquil,513187,thomasabenson,Tom Benson,2025-08-21 02:45:22 UTC,2025-08-21 03:04:29 UTC,research,CC-BY-NC,https://www.inaturalist.org/observations/307882070,https://inaturalist-open-data.s3.amazonaws.com/photos/555389292/medium.jpg,,"",,1,0,false,,"Sumaco Road, Archidona Canton, Ecuador",-0.710495,-77.5875783333,,,,,,,open,false,,,Ruddy Pigeon,Patagioenas subvinacea,Torcaza colorada,Aves,3095
308311250,7ac18dae-bf4b-4e92-b797-851588d2d8b4,2025/08/15 6:59 AM,2025-08-15,2025-08-15 09:59:00 UTC,America/Santarem,7533236,kbrix,Kevin Brix,2025-08-23 00:02:07 UTC,2025-08-23 12:03:53 UTC,research,CC-BY-NC,https://www.inaturalist.org/observations/308311250,https://inaturalist-open-data.s3.amazonaws.com/photos/556224110/medium.jpg,,"",,1,0,false,,"Belterra - State of Pará, Brazil",-3.3525516604,-54.9406290185,40,,,,40,,open,false,,,Ruddy Pigeon,Patagioenas subvinacea,Torcaza colorada,Aves,3095
310690836,22cbe2f7-fe95-4b07-99f5-7c2f36a5702a,2025/07/17 9:15 AM,2025-07-17,2025-07-17 14:15:00 UTC,America/Guayaquil,2427280,kwat,,2025-09-01 04:51:59 UTC,2025-09-02 20:58:15 UTC,research,CC-BY-NC,https://www.inaturalist.org/observations/310690836,https://inaturalist-open-data.s3.amazonaws.com/photos/560763824/medium.jpg,,"",,1,0,false,,"Francisco de Orellana, Ecuador",-0.4674017647,-76.7663551474,467,,,,467,,open,false,,,Ruddy Pigeon,Patagioenas subvinacea,Torcaza colorada,Aves,3095
310690864,ca3280dc-a7e2-48bd-bfc1-2a3dd4ac60eb,2025/07/17 9:37 AM,2025-07-17,2025-07-17 14:37:00 UTC,America/Guayaquil,2427280,kwat,,2025-09-01 04:52:04 UTC,2025-09-02 20:58:09 UTC,research,CC-BY-NC,https://www.inaturalist.org/observations/310690864,https://inaturalist-open-data.s3.amazonaws.com/photos/560764002/medium.jpg,,"",,1,0,false,,"Francisco de Orellana, Ecuador",-0.4674017647,-76.7663551474,467,,,,467,,open,false,,,Ruddy Pigeon,Patagioenas subvinacea,Torcaza colorada,Aves,3095
311236871,7b89c011-9c89-4900-b3be-32b5d9cc978d,2025-09-01 07:39:49,2025-09-01,2025-09-01 11:39:49 UTC,America/Manaus,3516164,negromonte_ion,Inacio Oliveira,2025-09-03 12:54:03 UTC,2025-11-10 16:15:15 UTC,research,,https://www.inaturalist.org/observations/311236871,https://static.inaturalist.org/photos/561826266/medium.jpg,,"",,1,0,false,2,"Maruaga, Pres. Figueiredo - AM, 69735-000, Brasil",-2.0491056745,-59.9747015163,207,,,,207,,open,false,gps,gps,Patagioenas subvinacea,Patagioenas subvinacea,Torcaza colorada,Aves,3095
311669507,4dca0ec9-dc16-4a6e-85da-68ceb107937a,Fri Sep 05 2025 06:37:32 GMT -0500 (GMT-5),2025-09-05,2025-09-05 11:37:32 UTC,Bogota,5766046,fundacion_proaves,Fundacion ProAves,2025-09-05 11:37:46 UTC,2025-09-07 11:18:40 UTC,research,CC-BY-NC,https://www.inaturalist.org/observations/311669507,https://inaturalist-open-data.s3.amazonaws.com/photos/562649777/medium.jpg,,"",Alexander Arango ,1,0,false,333,Anorí,6.9847421646,-75.1117706299,2,,,,2,,open,false,,,Torcaza colorada,Patagioenas subvinacea,Torcaza colorada,Aves,3095
311832007,18f40a03-cfcf-4263-a877-e67df8f59496,2024/04/06 10:46 AM,2024-04-06,2024-04-06 16:46:00 UTC,America/Costa_Rica,1713701,mannac,"",2025-09-06 02:38:10 UTC,2025-09-06 22:48:05 UTC,needs_id,CC-BY-NC,https://www.inaturalist.org/observations/311832007,https://inaturalist-open-data.s3.amazonaws.com/photos/562948967/medium.jpg,,"",,0,0,false,,"San José Province, Pérez Zeledón, Costa Rica",9.5491226198,-83.8002133068,1198,,,,1198,,open,false,,,Ruddy Pigeon,Patagioenas subvinacea,Torcaza colorada,Aves,3095
312816843,67ad8600-051c-4d4e-8210-f48ef15464ab,2024/04/07 10:17 AM,2024-04-07,2024-04-07 16:17:00 UTC,America/Costa_Rica,1713701,mannac,"",2025-09-10 01:47:31 UTC,2025-09-10 01:48:01 UTC,research,CC-BY-NC,https://www.inaturalist.org/observations/312816843,https://inaturalist-open-data.s3.amazonaws.com/photos/564831459/medium.jpg,,"",,1,0,false,,"San Gerardo de Dota, San José Province, San Gerardo de Dota, 11703, Costa Rica",9.5505192,-83.807466,791,,,,791,,open,false,,,Ruddy Pigeon,Patagioenas subvinacea,Torcaza colorada,Aves,3095
313499845,a9413e8f-e995-4ad2-b5c9-b376729bb47b,2025/07/04 7:47 AM,2025-07-04,2025-07-04 12:47:00 UTC,America/Guayaquil,4059745,sphyrapicus,Jamie Simmons,2025-09-13 06:55:12 UTC,2025-09-13 19:29:27 UTC,research,CC-BY-NC,https://www.inaturalist.org/observations/313499845,https://inaturalist-open-data.s3.amazonaws.com/photos/566147766/medium.jpg,,"","",1,0,false,,"San Miguel de los Bancos, Pichincha, Ecuador",-0.0675916667,-78.878975,50,,,,50,,open,false,,,Ruddy Pigeon,Patagioenas subvinacea,Torcaza colorada,Aves,3095
313690762,7e6d0ea2-7f7c-46fd-959c-4476db01ae61,2025/08/25 5:35 PM,2025-08-25,2025-08-25 22:35:00 UTC,America/Guayaquil,9531,kucycads,Kenneth Bader,2025-09-13 22:20:26 UTC,2025-09-13 23:03:35 UTC,needs_id,CC-BY-NC,https://www.inaturalist.org/observations/313690762,https://inaturalist-open-data.s3.amazonaws.com/photos/566500617/medium.jpg,,"",,0,1,false,,"Metropolitan District of Quito, Ecuador",0.020022352,-78.7069525932,69,,,,69,,open,false,,,Ruddy Pigeon,Patagioenas subvinacea,Torcaza colorada,Aves,3095
313991883,e8b3565f-36bd-4e0d-a5db-d39653536313,2025/09/09 08:09,2025-09-09,2025-09-09 11:09:00 UTC,America/Belem,3543912,nereston-nelinho-camargo,Nereston (Nelinho) Camargo,2025-09-14 23:57:31 UTC,2025-09-15 02:18:26 UTC,research,CC-BY-NC-SA,https://www.inaturalist.org/observations/313991883,https://inaturalist-open-data.s3.amazonaws.com/photos/567079293/medium.jpg,,"",,1,0,false,,"BioParque Vale Amazônia - R. Araguaia, 990 - Da Paz, Parauapebas - PA, 68515-000, Brasil",-6.0651645,-50.0589862,172,,,,172,,open,false,,,Pomba-botafogo,Patagioenas subvinacea,Torcaza colorada,Aves,3095
314712340,e5922f9b-6fea-407a-83be-2f3a1d626640,2025/09/05 10:11 AM,2025-09-05,2025-09-05 15:11:00 UTC,Quito,3843855,ludwigia_badensis,Ludwig Treuter,2025-09-18 03:06:52 UTC,2025-09-18 20:21:40 UTC,research,CC-BY-NC,https://www.inaturalist.org/observations/314712340,https://inaturalist-open-data.s3.amazonaws.com/photos/568442763/medium.jpg,,"",,1,0,false,,"Manú Province, Peru",-12.8748725862,-71.3602001761,3282,,,,3282,,open,false,,,Ruddy Pigeon,Patagioenas subvinacea,Torcaza colorada,Aves,3095
315653072,ba10d36c-0d36-4286-8b94-28bf864dc541,2025/09/12 10:11,2025-09-12,2025-09-12 14:11:00 UTC,America/Porto_Velho,4108298,raul_pommer,Raul Pommer,2025-09-21 22:12:23 UTC,2025-09-21 22:18:32 UTC,research,,https://www.inaturalist.org/observations/315653072,https://static.inaturalist.org/photos/570232086/medium.jpg,,"","Conheça a Amazon Birdwatching e venha passarinhar em Porto Velho/RO e Canutama/AM.
Site: www.amazonbirdwatching.com.br
Instagram: @amazonbirdwatching
",1,0,false,,"Porto Velho - RO, Brasil",-9.1013090408,-63.9557773001,1953,,,,1953,,open,false,,,Pomba-botafogo,Patagioenas subvinacea,Torcaza colorada,Aves,3095
315912595,02d9ac47-14c5-4cdd-823a-24ec7c9eff8d,2025/08/29 10:00 AM,2025-08-29,2025-08-29 15:00:00 UTC,America/Guayaquil,4611161,frozeninmn,Frozen In MN 🦉,2025-09-22 21:46:49 UTC,2025-09-22 21:49:49 UTC,research,,https://www.inaturalist.org/observations/315912595,https://static.inaturalist.org/photos/570733249/medium.jpg,,"","",1,0,false,,"Milpe Bird Sanctuary, San Miguel de Los Bancos, Ecuador",0.0303539,-78.866461,694,,,,694,,open,false,,,Ruddy Pigeon,Patagioenas subvinacea,Torcaza colorada,Aves,3095
316571733,28d5e42f-ca07-4b22-aa5c-147beeaf0497,2025/08/16 16:34,2025-08-16,2025-08-16 19:34:00 UTC,America/Cayenne,7076244,clemarrou,Clément Arrou,2025-09-25 18:52:45 UTC,2025-09-25 20:02:43 UTC,research,,https://www.inaturalist.org/observations/316571733,https://static.inaturalist.org/photos/571960755/medium.jpg,,"",,1,0,false,,"Saül 97314, Guyane française",3.6199221736,-53.2076748495,376,,,,376,,open,false,,,Pigeon vineux,Patagioenas subvinacea,Torcaza colorada,Aves,3095
316615759,1eb38c6c-bc68-4992-a46d-6eee19ad3b95,2025-04-30 09:18:00,2025-04-30,2025-04-30 14:18:00 UTC,Bogota,924314,jacksonfrost,Jackson Frost,2025-09-25 22:51:03 UTC,2025-09-28 14:24:48 UTC,needs_id,CC-BY-NC,https://www.inaturalist.org/observations/316615759,,https://static.inaturalist.org/sounds/1648389.wav?1758840669,"",,0,0,false,2,"Mitú, CO-VP, CO",1.2121919467,-70.2482360253,3625,,,,31447,obscured,open,true,gps,gps,Ruddy Pigeon,Patagioenas subvinacea,Torcaza colorada,Aves,3095
316822305,f4a8a811-a72f-403e-8a6f-8e7cb7da3e9e,2021/09/18 15:14,2021-09-18,2021-09-18 20:14:00 UTC,America/Rio_Branco,1930242,ninawenoli,NINA WENÓLI,2025-09-26 20:47:09 UTC,2025-09-27 01:19:49 UTC,research,CC0,https://www.inaturalist.org/observations/316822305,https://inaturalist-open-data.s3.amazonaws.com/photos/572439689/medium.jpg,,"",,1,0,false,,"Rio Branco - AC, Brasil",-9.981888142,-68.1906339308,244,,,,244,,open,false,,,Pomba-botafogo,Patagioenas subvinacea,Torcaza colorada,Aves,3095
317636923,ca1360bf-543b-4cbb-9ce6-691dc83d57fa,2025/09/13 10:22 AM,2025-09-13,2025-09-13 15:22:00 UTC,America/Guayaquil,1028190,naturesebas,Sebastián Vizcarra,2025-09-29 22:04:43 UTC,2025-09-30 00:34:19 UTC,research,,https://www.inaturalist.org/observations/317636923,https://static.inaturalist.org/photos/573959578/medium.jpg,,"",,1,0,false,,"Monterreal Rainforest, Troncal de la Costa, Ecuador",-0.0804461,-78.9875247,174,,,,174,,open,false,,,Ruddy Pigeon,Patagioenas subvinacea,Torcaza colorada,Aves,3095
317944181,b63a4426-9377-4823-aab4-7f255836a1e0,2025/05/03 3:06 PM,2025-05-03,2025-05-03 20:06:00 UTC,Bogota,5924489,cassiia,"",2025-10-01 07:45:48 UTC,2025-10-01 07:46:42 UTC,needs_id,CC-BY-NC,https://www.inaturalist.org/observations/317944181,https://inaturalist-open-data.s3.amazonaws.com/photos/574575803/medium.jpg,,"",,0,0,false,,"Mitú, Vaupes, Colombia",1.2710976406,-70.1985168807,1500,,,,1500,,open,false,,,Ruddy Pigeon,Patagioenas subvinacea,Torcaza colorada,Aves,3095
318386526,a8e64b91-4cd3-4794-818a-50d0c732f679,2025-10-03 07:16:21,2025-10-03,2025-10-03 12:16:21 UTC,Quito,9783549,iris_barbara,IRIS BARBARA SEMPERI SARINGABENI,2025-10-03 12:17:09 UTC,2025-10-03 12:17:15 UTC,needs_id,CC-BY-NC,https://www.inaturalist.org/observations/318386526,https://inaturalist-open-data.s3.amazonaws.com/photos/575421621/medium.jpg,,"",,0,0,false,2,"Pueb Quillabamba, 08741, Perú",-12.86224,-72.695335,5,,,,5,,open,false,,,Torcaza colorada,Patagioenas subvinacea,Torcaza colorada,Aves,3095
319190217,c58726d4-8ca7-491d-9f32-ebf067fe6458,2025/09/30 07:36,2025-09-30,2025-09-30 11:36:00 UTC,America/Cuiaba,1667454,eduborges,Eduardo Borges,2025-10-06 18:14:17 UTC,2025-10-07 13:45:10 UTC,research,,https://www.inaturalist.org/observations/319190217,https://static.inaturalist.org/photos/576948806/medium.jpg,,"",,2,0,false,,"São José do Rio Claro - MT, Brasil",-13.5202229755,-56.6245219668,12543,,,,12543,,open,false,,,Pomba-botafogo,Patagioenas subvinacea,Torcaza colorada,Aves,3095
321119279,e410aa2b-3d20-4a5d-b0ff-a6cbb0c7429e,2025/10/11 05:49,2025-10-11,2025-10-11 09:49:00 UTC,America/Manaus,1377941,arturcuca_avisteiali,Artur Luiz,2025-10-15 21:46:24 UTC,2025-10-15 21:46:24 UTC,needs_id,,https://www.inaturalist.org/observations/321119279,https://static.inaturalist.org/photos/580692076/medium.jpg,,"", Registro realizado por ocasião do October Big Day no Amazon Roosevelt Lodge organizado pelo Biólogo Ornitólogo Glauko Corrêa.,0,0,false,,Amazon Roosevelt  Lodge - Margem Roosevelt,-7.573423,-60.68454,,,,,,,open,false,,,Pomba-Botafogo,Patagioenas subvinacea,Torcaza colorada,Aves,3095
322082453,562c0d6c-5da3-4555-a793-8663ef4bdf65,2025/06/18 12:44 PM,2025-06-18,2025-06-18 17:44:00 UTC,Quito,808474,ry_bru,"",2025-10-20 17:43:33 UTC,2025-10-20 17:57:02 UTC,research,CC-BY-NC,https://www.inaturalist.org/observations/322082453,https://inaturalist-open-data.s3.amazonaws.com/photos/582584210/medium.jpg,,"",,1,0,false,,"Maynas Province, Peru",-4.2744928485,-73.2852097838,8,,,,8,,open,false,,,Ruddy Pigeon,Patagioenas subvinacea,Torcaza colorada,Aves,3095
322653275,fc19122f-eacf-4b4a-80e3-57b992a55457,2025/10/03 09:07,2025-10-03,2025-10-03 13:07:00 UTC,America/Cuiaba,3948387,clarisseodebrecht,"Odebrecht, Clarisse",2025-10-23 22:35:57 UTC,2025-10-24 13:51:55 UTC,research,CC-BY-NC,https://www.inaturalist.org/observations/322653275,https://inaturalist-open-data.s3.amazonaws.com/photos/583727650/medium.jpg,,"",,1,0,false,,"Reserva Ecológica Cunhataí Porã - MT- 249 - Zona Rural, São José do Rio Claro - MT, 78435-000, Brasil",-13.7481285,-56.6819067,213,,,,213,,open,false,,,Pomba-botafogo,Patagioenas subvinacea,Torcaza colorada,Aves,3095
323337485,2606e5f1-302b-46f9-9cc1-ba91f2bf6dbc,2021/05/13 09:22:35 AM,2021-05-13,2021-05-13 14:22:35 UTC,Bogota,410330,bioexploradoresfarallones,Bioexploradores Farallones,2025-10-26 23:04:47 UTC,2025-12-07 16:24:58 UTC,needs_id,CC-BY-NC,https://www.inaturalist.org/observations/323337485,,https://static.inaturalist.org/sounds/1678711.wav?1761506160,"",,0,0,false,,"Cd Bolívar, Antioquia, Colombia",5.8490292891,-76.0997641764,31,,,,31,,open,false,,,Patagioenas subvinacea,Patagioenas subvinacea,Torcaza colorada,Aves,3095
323337530,82b046b7-7e6d-4916-acaf-39bbc58cb060,2021/05/13 4:18:32 PM,2021-05-13,2021-05-13 21:18:32 UTC,Bogota,410330,bioexploradoresfarallones,Bioexploradores Farallones,2025-10-26 23:04:54 UTC,2025-12-07 16:24:52 UTC,needs_id,CC-BY-NC,https://www.inaturalist.org/observations/323337530,,https://static.inaturalist.org/sounds/1678919.wav?1761519198,"",,0,0,false,,"Cd Bolívar, Antioquia, Colombia",5.8570772166,-76.0966137279,15,,,,15,,open,false,,,Patagioenas subvinacea,Patagioenas subvinacea,Torcaza colorada,Aves,3095
324209821,d04d5cb4-aa64-4e16-937f-2994b5a0ca6d,2023/05/26 10:43 AM,2023-05-26,2023-05-26 16:43:00 UTC,America/Costa_Rica,293689,coralaviles,,2025-10-31 20:06:13 UTC,2025-10-31 20:06:13 UTC,needs_id,CC-BY-NC,https://www.inaturalist.org/observations/324209821,https://inaturalist-open-data.s3.amazonaws.com/photos/586762513/medium.jpg,,"","",0,0,false,,"Puntarenas Province, Monteverde, Costa Rica",10.30862,-84.8045716667,,,,,,,open,false,,,Ruddy Pigeon,Patagioenas subvinacea,Torcaza colorada,Aves,3095
324417472,7d20c721-8dce-4e02-b14d-82421aabe687,2025/10/21 16:03,2025-10-21,2025-10-21 21:03:00 UTC,America/Guayaquil,1877038,osoandino,"",2025-11-01 23:35:41 UTC,2025-11-02 02:12:06 UTC,research,CC-BY-NC,https://www.inaturalist.org/observations/324417472,https://inaturalist-open-data.s3.amazonaws.com/photos/587177029/medium.jpg,,"",,1,0,false,,"Francisco de Orellana, Équateur",-0.6378433333,-76.1458316667,,,,,,,open,false,,,Pigeon vineux,Patagioenas subvinacea,Torcaza colorada,Aves,3095
324432166,177460ad-5018-4977-9f9d-8c8a9296d896,2025/10/21 8:32 AM,2025-10-21,2025-10-21 13:32:00 UTC,Quito,5594084,elaineabercrombie,Elaine Abercrombie,2025-11-02 01:20:52 UTC,2025-11-02 06:09:29 UTC,research,CC-BY-NC,https://www.inaturalist.org/observations/324432166,https://inaturalist-open-data.s3.amazonaws.com/photos/587210314/medium.jpg,,"","",1,0,false,,"Maynas Province, Peru",-4.3113667579,-73.2317885999,211,,,,211,,open,false,,,Ruddy Pigeon,Patagioenas subvinacea,Torcaza colorada,Aves,3095
324882517,4708bec9-415a-4cda-b00e-e833ff7cc9ee,2024/04/21 10:34:46 AM,2024-04-21,2024-04-21 15:34:46 UTC,Bogota,410330,bioexploradoresfarallones,Bioexploradores Farallones,2025-11-04 15:42:50 UTC,2025-12-07 15:18:22 UTC,needs_id,CC-BY-NC,https://www.inaturalist.org/observations/324882517,,https://static.inaturalist.org/sounds/1686182.wav?1762270799,"",,0,0,false,,"Cd Bolívar, Antioquia, Colombia",5.8546093844,-76.0995950179,12,,,,12,,open,false,,,Patagioenas subvinacea,Patagioenas subvinacea,Torcaza colorada,Aves,3095
325562163,526dc68d-00e5-4b17-8876-0dfa89b8086e,2021/11/02 09:30:35 AM,2021-11-02,2021-11-02 14:30:35 UTC,Bogota,410330,bioexploradoresfarallones,Bioexploradores Farallones,2025-11-08 21:18:50 UTC,2025-12-07 14:49:45 UTC,needs_id,CC-BY-NC,https://www.inaturalist.org/observations/325562163,,https://static.inaturalist.org/sounds/1689465.wav?1762633497,"",,0,0,false,,"Cd Bolívar, Antioquia, Colombia",5.8460102329,-76.0991930186,8,,,,8,,open,false,,,Patagioenas subvinacea,Patagioenas subvinacea,Torcaza colorada,Aves,3095
325621331,19bd518e-b3a6-44f2-82c6-93393dc9c7ef,2025/07/31 08:51,2025-07-31,2025-07-31 13:51:00 UTC,America/Guayaquil,5471994,augustinbussac,,2025-11-09 04:03:00 UTC,2025-11-09 04:03:00 UTC,needs_id,CC-BY-NC,https://www.inaturalist.org/observations/325621331,https://inaturalist-open-data.s3.amazonaws.com/photos/589506582/medium.jpg,,"","",0,0,false,,"Tulcan, Équateur",0.9733610611,-78.2037026416,752,,,,752,,open,false,,,Patagioenas subvinacea,Patagioenas subvinacea,Torcaza colorada,Aves,3095
326361454,e08cbb22-dba9-4295-9b20-5dc3b63eb239,2025-11-13 12:39:57,2025-11-13,2025-11-13 17:39:57 UTC,America/Guayaquil,4999098,tomas_kay,,2025-11-13 18:42:56 UTC,2025-11-13 18:42:58 UTC,needs_id,CC-BY,https://www.inaturalist.org/observations/326361454,https://inaturalist-open-data.s3.amazonaws.com/photos/591062582/medium.jpg,,"",,0,0,false,843,"Malva, Mindo, Pichincha, EC",-0.0523111667,-78.7786633333,6,,,,6,,open,false,,,,Patagioenas subvinacea,Torcaza colorada,Aves,3095
326534301,7a45b504-f85c-4fcc-878c-59540dfdc41a,2022/07/01 11:26:55 AM,2022-07-01,2022-07-01 16:26:55 UTC,Bogota,410330,bioexploradoresfarallones,Bioexploradores Farallones,2025-11-14 23:01:31 UTC,2025-12-07 14:09:44 UTC,needs_id,CC-BY-NC,https://www.inaturalist.org/observations/326534301,,https://static.inaturalist.org/sounds/1694055.wav?1763160106,"",,0,0,false,,"Cd Bolívar, Antioquia, Colombia",5.8419368119,-76.0981370459,4,,,,4,,open,false,,,Patagioenas subvinacea,Patagioenas subvinacea,Torcaza colorada,Aves,3095
327220387,d4b18a37-b5e5-4da8-b37c-188db6096448,2025/10/27 2:23 PM,2025-10-27,2025-10-27 20:23:00 UTC,America/Costa_Rica,704765,jeslefcourt,Jes Lefcourt,2025-11-19 07:41:38 UTC,2025-12-12 15:30:31 UTC,research,,https://www.inaturalist.org/observations/327220387,https://static.inaturalist.org/photos/592775080/medium.jpg,,"",,1,0,false,,"Provincia de Puntarenas, Buenos Aires, Costa Rica",9.061276,-83.107731,,,,,,,open,false,,,Ruddy Pigeon,Patagioenas subvinacea,Torcaza colorada,Aves,3095
327381070,4887d610-84d3-46fc-adc0-1d6391286441,2022/06/16 10:21 AM,2022-06-16,2022-06-16 15:21:00 UTC,America/Guayaquil,3755816,jimburger,,2025-11-20 15:34:32 UTC,2025-11-21 19:35:10 UTC,research,CC-BY-NC,https://www.inaturalist.org/observations/327381070,https://inaturalist-open-data.s3.amazonaws.com/photos/593095712/medium.jpg,,"",,1,0,false,,"Puerto Quito, Ecuador",0.1449256121,-79.1412981512,1,,,,1,,open,false,,,Ruddy Pigeon,Patagioenas subvinacea,Torcaza colorada,Aves,3095
327548287,e100c298-df24-4a38-b203-72772830f263,2025-11-21 13:29:23,2025-11-21,2025-11-21 19:29:23 UTC,America/Costa_Rica,8037800,alexjholt,Alex Holt,2025-11-21 19:30:07 UTC,2025-12-12 15:30:23 UTC,research,,https://www.inaturalist.org/observations/327548287,https://static.inaturalist.org/photos/593431648/medium.jpg,,"",,2,0,false,2,"J55H+C2Q Parque Nacional Los Quetzales, San José, Santa María, Costa Rica",9.5837011519,-83.7969886512,100,,,,100,,open,false,gps,gps,Ruddy Pigeon,Patagioenas subvinacea,Torcaza colorada,Aves,3095
328279672,62df59b4-7189-48ca-981b-1c165fee12be,2024/12/10 8:17 AM,2024-12-10,2024-12-10 13:17:00 UTC,Bogota,9924469,sebastianbordacurrea,Sebastian Borda-Currea,2025-11-26 01:05:25 UTC,2025-11-26 01:58:59 UTC,research,CC-BY-NC,https://www.inaturalist.org/observations/328279672,https://inaturalist-open-data.s3.amazonaws.com/photos/594831262/medium.jpg,,"",,1,0,false,,"Vegachí, Antioquia, Colombia",6.7754643165,-74.8564474627,4609,,,,4609,,open,false,,,Torcaza colorada,Patagioenas subvinacea,Torcaza colorada,Aves,3095
328516416,a4042fdc-9079-400d-96b6-4280b02a21ee,2025-11-26 12:52:16,2025-11-26,2025-11-26 18:52:16 UTC,America/Costa_Rica,6812223,haroldcr,Harold Steven Hernández,2025-11-27 18:51:18 UTC,2025-11-28 02:28:41 UTC,research,CC-BY-NC,https://www.inaturalist.org/observations/328516416,https://inaturalist-open-data.s3.amazonaws.com/photos/595312137/medium.jpg,,"",,1,0,false,2,Costa Rica,9.7852792739,-83.9476623533,,,,,,,open,false,gps,gps,Torcaza colorada,Patagioenas subvinacea,Torcaza colorada,Aves,3095
328834557,6344040c-4b7c-4d2b-aaee-4fccec96d78f,2025/11/24 7:36 AM,2025-11-24,2025-11-24 13:36:00 UTC,America/Costa_Rica,5143352,alexheffernan,Alex Heffernan,2025-11-29 23:43:19 UTC,2026-02-26 18:47:21 UTC,research,CC-BY-NC,https://www.inaturalist.org/observations/328834557,https://inaturalist-open-data.s3.amazonaws.com/photos/595946322/medium.jpg,,"",,1,0,false,,"San José Province, Copey District, Costa Rica",9.5837706511,-83.7967718052,2,,,,2,,open,false,,,Ruddy Pigeon,Patagioenas subvinacea,Torcaza colorada,Aves,3095
329256982,2d5f12ce-31aa-4786-be31-dc60de8dadf8,2025/11/02 11:33 AM,2025-11-02,2025-11-02 16:33:00 UTC,America/Guayaquil,5161870,jimgain58,Jim Gain,2025-12-02 22:56:32 UTC,2026-02-27 14:28:45 UTC,research,CC-BY-NC,https://www.inaturalist.org/observations/329256982,https://inaturalist-open-data.s3.amazonaws.com/photos/596795531/medium.jpg,,"2025, East Andes Sub-Tropical Forest, Ecuador, El Quetzal Bosque Protegido, Napo Province",,1,0,false,,"Quijos, Ecuador",-0.4751528083,-77.8722106833,,,,,,,open,false,,,Ruddy Pigeon,Patagioenas subvinacea,Torcaza colorada,Aves,3095
329588894,236a4e39-273a-4cbf-bc10-4ff033b1f198,2025/11/21 9:27 AM,2025-11-21,2025-11-21 14:27:00 UTC,America/Guayaquil,708958,cathyp,Cathy Pasterczyk,2025-12-05 18:10:11 UTC,2025-12-05 18:10:11 UTC,needs_id,CC-BY-NC,https://www.inaturalist.org/observations/329588894,https://inaturalist-open-data.s3.amazonaws.com/photos/597473422/medium.jpg,,"",,0,0,false,,"Elías Escobar, Ecuador",0.0820097,-79.0560907,245,,,,245,,open,false,,,Ruddy Pigeon,Patagioenas subvinacea,Torcaza colorada,Aves,3095
330094903,cbd0d565-9655-41ad-a5cf-9175a96997bc,2025/10/01 07:28,2025-10-01,2025-10-01 13:28:00 UTC,America/Costa_Rica,8380948,paule_u,Paul Unterdörfel,2025-12-09 12:24:29 UTC,2026-01-08 17:48:22 UTC,needs_id,CC-BY-NC,https://www.inaturalist.org/observations/330094903,https://inaturalist-open-data.s3.amazonaws.com/photos/598495349/medium.jpg,,"","",0,0,false,,"Puntarenas Province, Monteverde, Costa Rica",10.2812755142,-84.7914665489,2,,,,2,,open,false,,"",Patagioenas subvinacea,Patagioenas subvinacea,Torcaza colorada,Aves,3095
330139666,45a8c17c-7103-41fa-a7a8-50d2c6330c38,2025/07/01 2:39 PM,2025-07-01,2025-07-01 19:39:00 UTC,America/Guayaquil,4059745,sphyrapicus,Jamie Simmons,2025-12-09 20:16:17 UTC,2025-12-24 13:22:00 UTC,needs_id,CC-BY-NC,https://www.inaturalist.org/observations/330139666,,https://static.inaturalist.org/sounds/1712187.wav?1765311524,"","",0,0,false,,"Metropolitan District of Quito, Ecuador",0.1893546749,-78.8536121633,101,,,,101,,open,false,,,Ruddy Pigeon,Patagioenas subvinacea,Torcaza colorada,Aves,3095
330418660,0725b6aa-811c-4611-ba5d-b0fa6dd0d110,2025/02/09 9:09 AM,2025-02-09,2025-02-09 13:09:00 UTC,La Paz,1513463,alwabybetotourguide,Beto Espinoza,2025-12-12 03:28:00 UTC,2025-12-12 03:28:00 UTC,needs_id,,https://www.inaturalist.org/observations/330418660,https://static.inaturalist.org/photos/599081872/medium.jpg,,"",,0,0,false,,"Nor Yungas, BO-LP, BO",-15.7266070748,-67.441073784,4,,,,30870,obscured,open,true,,,Ruddy Pigeon,Patagioenas subvinacea,Torcaza colorada,Aves,3095
330862264,5922bf18-8e29-4a23-9152-12ae10007395,2025-12-15 13:05:41-03:00,2025-12-15,2025-12-15 16:05:41 UTC,America/Cayenne,6632686,estelle973,,2025-12-15 16:06:08 UTC,2025-12-22 23:10:14 UTC,research,CC-BY-NC,https://www.inaturalist.org/observations/330862264,,https://static.inaturalist.org/sounds/1716609.m4a?1765814770,"","",1,0,false,3,"Roura, GF",4.6881381493,-52.3627763997,9,,,,9,,open,false,,,Pigeon vineux,Patagioenas subvinacea,Torcaza colorada,Aves,3095
330885094,9fbc86ee-01df-485e-b092-528d6c9675c8,2025/12/06 10:37 AM,2025-12-06,2025-12-06 16:37:00 UTC,America/Costa_Rica,9008766,cw4phillips,Michael Phillips,2025-12-15 20:27:52 UTC,2025-12-15 21:27:56 UTC,needs_id,CC-BY-NC,https://www.inaturalist.org/observations/330885094,https://inaturalist-open-data.s3.amazonaws.com/photos/600115429/medium.jpg,,"",,0,0,false,,"San José Province, Pérez Zeledón, Costa Rica",9.5483898681,-83.8003547458,31,,,,31,,open,false,,,Ruddy Pigeon,Patagioenas subvinacea,Torcaza colorada,Aves,3095
330888989,d2393edc-d097-4d55-bd87-3c032b9b99d0,2025/10/22 3:10 PM,2025-10-22,2025-10-22 20:10:00 UTC,Bogota,1501126,stephen220,Stephen John Davies,2025-12-15 21:01:43 UTC,2025-12-15 21:26:03 UTC,research,CC0,https://www.inaturalist.org/observations/330888989,https://inaturalist-open-data.s3.amazonaws.com/photos/600121736/medium.jpg,,"Animalia, Animals, Birds, Chordata, Columbidae, Patagioenas subvinacea, Pigeons and Doves, Ruddy Pigeon",,1,0,false,,"Acevedo, Huila, Colombia",1.6608533333,-76.1095883333,,,,,,,open,false,,,Ruddy Pigeon,Patagioenas subvinacea,Torcaza colorada,Aves,3095
330888992,d234f24f-3265-464a-987a-e5a69edb6268,2025/10/22 3:11 PM,2025-10-22,2025-10-22 20:11:00 UTC,Bogota,1501126,stephen220,Stephen John Davies,2025-12-15 21:01:44 UTC,2025-12-15 21:26:00 UTC,research,CC0,https://www.inaturalist.org/observations/330888992,https://inaturalist-open-data.s3.amazonaws.com/photos/600121742/medium.jpg,,"Animalia, Animals, Birds, Chordata, Columbidae, Patagioenas subvinacea, Pigeons and Doves, Ruddy Pigeon",,1,0,false,,"Acevedo, Huila, Colombia",1.6608766667,-76.10958,,,,,,,open,false,,,Ruddy Pigeon,Patagioenas subvinacea,Torcaza colorada,Aves,3095
330888993,46907f38-ee53-4cd2-8283-598eed68dd7b,2025/10/22 3:12 PM,2025-10-22,2025-10-22 20:12:00 UTC,Bogota,1501126,stephen220,Stephen John Davies,2025-12-15 21:01:44 UTC,2025-12-15 21:25:18 UTC,research,CC0,https://www.inaturalist.org/observations/330888993,https://inaturalist-open-data.s3.amazonaws.com/photos/600121746/medium.jpg,,"Animalia, Animals, Birds, Chordata, Columbidae, Patagioenas subvinacea, Pigeons and Doves, Ruddy Pigeon",,1,0,false,,"Acevedo, Huila, Colombia",1.6608783333,-76.1095783333,,,,,,,open,false,,,Ruddy Pigeon,Patagioenas subvinacea,Torcaza colorada,Aves,3095
330888995,0eeb9ba4-bac5-463b-9700-a782b7a88d2e,2025/10/22 3:17 PM,2025-10-22,2025-10-22 20:17:00 UTC,Bogota,1501126,stephen220,Stephen John Davies,2025-12-15 21:01:44 UTC,2025-12-15 21:25:55 UTC,research,CC0,https://www.inaturalist.org/observations/330888995,https://inaturalist-open-data.s3.amazonaws.com/photos/600121772/medium.jpg,,"Animalia, Animals, Birds, Chordata, Columbidae, Patagioenas subvinacea, Pigeons and Doves, Ruddy Pigeon",,1,0,false,,"Acevedo, Huila, Colombia",1.6608816667,-76.109575,,,,,,,open,false,,,Ruddy Pigeon,Patagioenas subvinacea,Torcaza colorada,Aves,3095
330888996,d3e6007d-ae75-40a1-866a-8ef7d35d3cc5,2025/10/22 3:18 PM,2025-10-22,2025-10-22 20:18:00 UTC,Bogota,1501126,stephen220,Stephen John Davies,2025-12-15 21:01:44 UTC,2025-12-15 21:24:58 UTC,research,CC0,https://www.inaturalist.org/observations/330888996,https://inaturalist-open-data.s3.amazonaws.com/photos/600121779/medium.jpg,,"Animalia, Animals, Birds, Chordata, Columbidae, Patagioenas subvinacea, Pigeons and Doves, Ruddy Pigeon",,1,0,false,,"Acevedo, Huila, Colombia",1.66088,-76.1095833333,,,,,,,open,false,,,Ruddy Pigeon,Patagioenas subvinacea,Torcaza colorada,Aves,3095
331138064,f1a6c1fc-550a-468b-b362-fccd33cd2fe3,2015/07/08 08:26,2015-07-08,2015-07-08 12:26:00 UTC,America/Cuiaba,7757438,lindolfo,Lindolfo Souto,2025-12-17 23:37:48 UTC,2025-12-18 11:34:23 UTC,research,CC-BY-NC,https://www.inaturalist.org/observations/331138064,https://inaturalist-open-data.s3.amazonaws.com/photos/600642697/medium.jpg,,"",,1,0,false,,"Alta Floresta, MT, 78580-000, Brasil",-9.868177,-56.0835241,5052,,,,5052,,open,false,,,Pomba-botafogo,Patagioenas subvinacea,Torcaza colorada,Aves,3095
331146786,c272b4d4-85fb-4104-acea-047a83836c35,2025/11/28 12:33 PM,2025-11-28,2025-11-28 17:33:00 UTC,Bogota,1026835,scaup,,2025-12-18 01:10:19 UTC,2025-12-18 13:24:29 UTC,research,CC0,https://www.inaturalist.org/observations/331146786,https://inaturalist-open-data.s3.amazonaws.com/photos/600585695/medium.jpg,,"",,1,0,false,,"Mallama, Narino, Colombia",1.1400000402,-77.9580273115,8,,,,8,,open,false,,,Ruddy Pigeon,Patagioenas subvinacea,Torcaza colorada,Aves,3095
331460060,26c09999-c7a8-49f7-98ad-5d3d54f7aab9,2025/11/26 1:40 PM,2025-11-26,2025-11-26 18:40:00 UTC,America/Guayaquil,1045837,timthorington,Tim Thorington,2025-12-20 20:59:42 UTC,2026-02-25 22:12:36 UTC,research,CC-BY-NC,https://www.inaturalist.org/observations/331460060,https://inaturalist-open-data.s3.amazonaws.com/photos/601302838/medium.jpg,,"",,1,0,false,,"Metropolitan District of Quito, Ecuador",0.1602523685,-78.8532446037,61,,,,61,,open,false,,,Ruddy Pigeon,Patagioenas subvinacea,Torcaza colorada,Aves,3095
332068185,5a16d669-22d0-442e-aa09-7e0344b62ccf,2025/12/13 5:08 PM,2025-12-13,2025-12-13 21:08:00 UTC,La Paz,769183,layme,Ruben D. Layme,2025-12-25 21:09:09 UTC,2025-12-25 21:09:09 UTC,needs_id,CC-BY-NC,https://www.inaturalist.org/observations/332068185,https://inaturalist-open-data.s3.amazonaws.com/photos/602549058/medium.jpg,,"","",0,0,false,,"Vaca Diez, Bolivia",-11.0311910556,-66.0911414378,15,,,,15,,open,false,,,Patagioenas subvinacea,Patagioenas subvinacea,Torcaza colorada,Aves,3095
332513469,620f6df9-d90a-43a7-8a80-0685634e4b04,2025/12/19 0655,2025-12-19,2025-12-19 12:55:00 UTC,America/Costa_Rica,1059434,cbuelow45,chris buelow,2025-12-28 23:49:55 UTC,2026-02-03 01:08:21 UTC,needs_id,CC-BY-NC,https://www.inaturalist.org/observations/332513469,,https://static.inaturalist.org/sounds/1727031.mp3?1766964167,"",,0,0,false,,"Puntarenas Province, Osa, Costa Rica",8.6859669415,-83.6705490785,15,,,,15,,open,false,,,Ruddy Pigeon,Patagioenas subvinacea,Torcaza colorada,Aves,3095
333227706,2e16f357-cc70-44d8-b8b1-67197f856489,2025-12-28 06:45:23,2025-12-28,2025-12-28 12:45:23 UTC,America/Costa_Rica,3227119,josomo,,2026-01-03 01:28:56 UTC,2026-01-20 19:24:54 UTC,research,CC-BY-NC,https://www.inaturalist.org/observations/333227706,https://inaturalist-open-data.s3.amazonaws.com/photos/604928942/medium.jpg,,"",,1,0,false,843,"Calle Universidad, Puntarenas, CR",10.281005,-84.79168,4,,,,4,,open,false,,,Ruddy Pigeon,Patagioenas subvinacea,Torcaza colorada,Aves,3095
333398602,12385e3f-8889-44a9-b896-599d1082bb48,2025/08/13 2:47 PM,2025-08-13,2025-08-13 18:47:00 UTC,La Paz,1513463,alwabybetotourguide,Beto Espinoza,2026-01-04 05:15:52 UTC,2026-01-05 13:55:45 UTC,research,,https://www.inaturalist.org/observations/333398602,https://static.inaturalist.org/photos/605270896/medium.jpg,,"",,1,0,false,,"Chapare, BO-CB, BO",-17.1003898397,-65.6344089057,122,,,,30764,obscured,open,true,,,Ruddy Pigeon,Patagioenas subvinacea,Torcaza colorada,Aves,3095
333570271,5077d94c-05f2-4999-811c-d3e884d17654,2022-12-16,2022-12-16,,America/Belem,6419308,medina112,Medina,2026-01-05 12:01:13 UTC,2026-01-05 13:56:30 UTC,research,,https://www.inaturalist.org/observations/333570271,https://static.inaturalist.org/photos/605621997/medium.jpg,,"","",2,0,false,,"Parauapebas - PA, 68515-000, Brasil",-6.0678322886,-50.0639004295,15,,,,15,,open,false,,,Pomba-botafogo,Patagioenas subvinacea,Torcaza colorada,Aves,3095
333570386,4460cf2c-dbd5-4784-ae03-0128f804995a,2023-09-19,2023-09-19,,America/Belem,6419308,medina112,Medina,2026-01-05 12:03:55 UTC,2026-01-05 13:48:13 UTC,research,,https://www.inaturalist.org/observations/333570386,https://static.inaturalist.org/photos/605622336/medium.jpg,,"","",1,0,false,,"Parauapebas - PA, 68515-000, Brasil",-6.0682201518,-50.2504561482,244,,,,244,,open,false,,,Pomba-botafogo,Patagioenas subvinacea,Torcaza colorada,Aves,3095
333570581,075197ea-4925-4651-bde2-d0686af3a257,2022/12/07 09:06,2022-12-07,2022-12-07 12:06:00 UTC,America/Belem,6419308,medina112,Medina,2026-01-05 12:08:26 UTC,2026-01-05 13:56:35 UTC,research,,https://www.inaturalist.org/observations/333570581,https://static.inaturalist.org/photos/605623069/medium.jpg,,"",,2,0,false,,"R. Juruá, 60, Parauapebas - PA, 68516-000, Brasil",-6.0722608,-50.0673288,207,,,,207,,open,false,,,Pomba-botafogo,Patagioenas subvinacea,Torcaza colorada,Aves,3095
333778310,5a96dda6-753d-4922-9718-45e31735cd1d,2025-12-20 07:23:08,2025-12-20,2025-12-20 12:23:08 UTC,America/Guayaquil,1954345,actuallyaxley,Elizabeth Axley,2026-01-06 22:12:51 UTC,2026-01-07 15:38:11 UTC,needs_id,CC-BY,https://www.inaturalist.org/observations/333778310,https://inaturalist-open-data.s3.amazonaws.com/photos/605992396/medium.jpg,,"",,0,0,false,843,"SN Miguel Bancos, Pichincha, EC",-0.0786945,-78.7689283333,3,,,,3,,open,false,,,,Patagioenas subvinacea,Torcaza colorada,Aves,3095
334220840,2cf605ab-9ee7-4ebe-bb2a-1b32c6a9c3d3,2018/10/19 19:03,2018-10-19,2018-10-20 01:03:00 UTC,America/Costa_Rica,9178219,matthias2t,,2026-01-10 15:18:54 UTC,2026-01-10 15:51:20 UTC,research,CC-BY-NC,https://www.inaturalist.org/observations/334220840,https://inaturalist-open-data.s3.amazonaws.com/photos/606893464/medium.jpg,,"",,1,0,false,,"Reserva Curi Cancha, 300 m noroeste Fabrica de Quesos Monteverde, Provincia de Puntarenas, Monteverde, 60109, Costa Rica",10.3064282,-84.8075365,210,,,,210,,open,false,,,Pigeon vineux,Patagioenas subvinacea,Torcaza colorada,Aves,3095
334414500,ac6b9ca6-2449-4c3f-9f6b-7973124bac05,2026-01-11,2026-01-11,,America/Costa_Rica,7971168,anthony_mora_aguilar,Anthony Mora Aguilar,2026-01-11 22:34:43 UTC,2026-01-11 23:11:28 UTC,research,CC-BY,https://www.inaturalist.org/observations/334414500,https://inaturalist-open-data.s3.amazonaws.com/photos/607290360/medium.jpg,,"",,1,0,false,2,"J55H+C2Q Parque Nacional Los Quetzales, San José, Santa María, Costa Rica",9.6085915344,-83.822392188,203,,,,203,,open,false,,,Torcaza colorada,Patagioenas subvinacea,Torcaza colorada,Aves,3095
334573120,f552091c-a055-4203-9ce8-fc728eeb01ef,2025/09/15 6:20 AM,2025-09-15,2025-09-15 11:20:00 UTC,Quito,1928743,liam_pentangelo,Liam Pentangelo,2026-01-13 04:39:19 UTC,2026-02-02 23:07:27 UTC,needs_id,CC-BY-NC,https://www.inaturalist.org/observations/334573120,,https://static.inaturalist.org/sounds/1740176.m4a?1768277788,"",,0,0,false,,"Maynas Province, Peru",-4.4355773567,-73.4248906974,4,,,,4,,open,false,,,Ruddy Pigeon,Patagioenas subvinacea,Torcaza colorada,Aves,3095
334803054,ce8a8b4f-6b39-475d-bffb-7b605495eab1,2026-01-14 11:01:37-06:00,2026-01-14,2026-01-14 17:01:37 UTC,America/Costa_Rica,9460966,rose-free,,2026-01-15 04:55:03 UTC,2026-01-15 04:55:09 UTC,needs_id,CC-BY-NC,https://www.inaturalist.org/observations/334803054,https://inaturalist-open-data.s3.amazonaws.com/photos/608078966/medium.jpg,,"","",0,0,false,3,"Monteverde Cloud Forest Reserve, San Ramon, Alajuela, CR",10.3037521274,-84.7853033415,372,,,,372,,open,false,,,"",Patagioenas subvinacea,Torcaza colorada,Aves,3095
334803662,0ba01181-e5d2-4582-8852-fa9413673624,2026-01-12 17:02:11-06:00,2026-01-12,2026-01-12 23:02:11 UTC,America/Costa_Rica,8217985,kviall,,2026-01-15 05:03:21 UTC,2026-01-15 05:03:29 UTC,needs_id,CC-BY-NC,https://www.inaturalist.org/observations/334803662,https://inaturalist-open-data.s3.amazonaws.com/photos/608080144/medium.jpg,,"","",0,0,false,3,"Monteverde Cloud Forest Reserve, Abangares, Guanacaste, CR",10.3054352962,-84.7879017995,2134,,,,2134,,open,false,,,"",Patagioenas subvinacea,Torcaza colorada,Aves,3095
334953263,d70ca037-0186-4571-9682-3c11f23d0769,2025/05/02 06:01,2025-05-02,2025-05-02 09:01:00 UTC,America/Cayenne,6154172,louis_marsaud,,2026-01-16 15:10:54 UTC,2026-01-21 21:47:37 UTC,research,CC-BY-NC,https://www.inaturalist.org/observations/334953263,https://inaturalist-open-data.s3.amazonaws.com/photos/608386696/medium.jpg,,"","",1,0,false,,"Roura 97352, Guyane française",4.7183643927,-52.4066156188,61,,,,61,,open,false,,,Pigeon vineux,Patagioenas subvinacea,Torcaza colorada,Aves,3095
335374366,bda9136b-824e-486b-b020-85da2fd5c7a6,2026-01-18 08:50:06,2026-01-18,2026-01-18 14:50:06 UTC,America/Costa_Rica,6812223,haroldcr,Harold Steven Hernández,2026-01-19 17:20:01 UTC,2026-01-19 17:20:06 UTC,needs_id,CC-BY-NC,https://www.inaturalist.org/observations/335374366,https://inaturalist-open-data.s3.amazonaws.com/photos/609243051/medium.jpg,,"",,0,0,false,2,Costa Rica,9.7422189711,-83.8317184447,,,,,,,open,false,gps,gps,Torcaza colorada,Patagioenas subvinacea,Torcaza colorada,Aves,3095
336029961,db00b6da-b4e0-482f-a5e0-de88d06da4f0,2025/12/29 8:06 AM,2025-12-29,2025-12-29 13:06:00 UTC,Bogota,4023138,llareta,,2026-01-25 01:44:43 UTC,2026-01-27 17:19:00 UTC,research,CC-BY-NC,https://www.inaturalist.org/observations/336029961,https://inaturalist-open-data.s3.amazonaws.com/photos/610560209/medium.jpg,,"",,1,0,false,,"6WJ9+77 Pueblo Rico, Risaralda, Colombia",5.230739,-76.081785,,,,,,,open,false,,,Ruddy Pigeon,Patagioenas subvinacea,Torcaza colorada,Aves,3095
336290149,9ce65462-4378-4f2a-a395-546f5ffeff36,2016/04/06 11:07 AM,2016-04-06,2016-04-06 17:07:00 UTC,America/Costa_Rica,912605,kodiakgarden,Dan Vickers,2026-01-26 23:22:27 UTC,2026-01-27 01:01:30 UTC,research,CC0,https://www.inaturalist.org/observations/336290149,https://inaturalist-open-data.s3.amazonaws.com/photos/611078601/medium.jpg,,"",,1,0,false,,"855V+4WQ Monteverde, Costa Rica",10.3078375,-84.8051406,1,,,,1,,open,false,,,Ruddy Pigeon,Patagioenas subvinacea,Torcaza colorada,Aves,3095
336535837,1c46ad70-09ab-4ed0-97d6-91715454e68b,2026-01-28 10:52:24-06:00,2026-01-28,2026-01-28 16:52:24 UTC,America/Costa_Rica,687658,hholbrook,Hans Holbrook,2026-01-29 02:59:24 UTC,2026-02-02 22:13:11 UTC,research,CC-BY-NC,https://www.inaturalist.org/observations/336535837,,https://static.inaturalist.org/sounds/1752800.m4a?1769655568,"","",1,0,false,3,"Paraíso, CR-CA, CR",9.7793131706,-83.7602039941,4,,,,4,,open,false,,,Ruddy Pigeon,Patagioenas subvinacea,Torcaza colorada,Aves,3095
336819309,e3a342ba-acf3-4ab0-92c2-d38cbf857f7f,2026-01-31 08:45:46-05:00,2026-01-31,2026-01-31 13:45:46 UTC,America/Guayaquil,4754372,francisco_sornoza,Pancho Sornoza,2026-01-31 14:56:01 UTC,2026-02-02 21:56:22 UTC,needs_id,CC-BY-NC,https://www.inaturalist.org/observations/336819309,,https://static.inaturalist.org/sounds/1754573.m4a?1769871362,"","",0,0,false,3,"Eloy Alfaro, EC-ES, EC",0.5408359319,-79.1446091887,5,,,,5,,open,false,,,Patagioenas subvinacea,Patagioenas subvinacea,Torcaza colorada,Aves,3095
337518603,00585d2b-d07b-4234-ba0f-aa7687d8cc24,2025-12-24 08:59:00-03:00,2025-12-24,2025-12-24 11:59:00 UTC,America/Cayenne,3550339,jeanpaulboerekamps,Jean-Paul Boerekamps,2026-02-06 06:50:43 UTC,2026-02-06 06:52:46 UTC,needs_id,CC0,https://www.inaturalist.org/observations/337518603,https://inaturalist-open-data.s3.amazonaws.com/photos/613585068/medium.jpg,,"","",0,0,false,3,"Saint-Laurent-du-Maroni, GF",5.34188,-54.0816195,19,,,,19,,open,false,,,"",Patagioenas subvinacea,Torcaza colorada,Aves,3095
337645424,475d275a-750e-4b5c-ba92-9dce932d7a20,2025-12-25 09:42:00-03:00,2025-12-25,2025-12-25 12:42:00 UTC,America/Cayenne,3550339,jeanpaulboerekamps,Jean-Paul Boerekamps,2026-02-07 09:08:39 UTC,2026-02-08 04:58:08 UTC,research,CC0,https://www.inaturalist.org/observations/337645424,https://inaturalist-open-data.s3.amazonaws.com/photos/613847206/medium.jpg,,"","",1,0,false,3,"Saint-Laurent-du-Maroni, GF",5.3310366915,-54.0706992219,40,,,,40,,open,false,,,Ruddy Pigeon,Patagioenas subvinacea,Torcaza colorada,Aves,3095
337730662,091951ee-4c37-4c08-82f1-048e44908c39,2026-02-07 18:12:00,2026-02-07,2026-02-07 23:12:00 UTC,Bogota,10053656,patricia90749,PATRICIA BEDOYA,2026-02-07 23:12:21 UTC,2026-02-07 23:12:28 UTC,needs_id,CC-BY-NC,https://www.inaturalist.org/observations/337730662,https://inaturalist-open-data.s3.amazonaws.com/photos/614017351/medium.jpg,,"",,0,0,false,2,"San José de Apartadó, Apartadó, Antioquia, Colombia",7.8647089689,-76.5841162205,224,,,,224,,open,false,gps,gps,Torcaza colorada,Patagioenas subvinacea,Torcaza colorada,Aves,3095
337746103,75765786-4624-4695-b36b-63970f540f97,2026-02-06 14:58:00,2026-02-06,2026-02-06 19:58:00 UTC,Bogota,10105642,dsypg,Deisy,2026-02-08 02:00:02 UTC,2026-02-08 02:00:07 UTC,needs_id,CC-BY-NC,https://www.inaturalist.org/observations/337746103,https://inaturalist-open-data.s3.amazonaws.com/photos/614050888/medium.jpg,,"",,0,0,false,2,"9W3W+9G, Alejandría, Antioquia, Colombia",6.351447983,-75.0554394722,7,,,,7,,open,false,gps,gps,Torcaza colorada,Patagioenas subvinacea,Torcaza colorada,Aves,3095
338132283,5692b506-bea4-4557-8aa0-d333457468ce,2026/02/10 9:57 AM,2026-02-10,2026-02-10 14:57:00 UTC,Bogota,6449182,juanc_munoz,Juan Camilo Muñoz,2026-02-10 23:06:53 UTC,2026-02-11 22:36:10 UTC,research,CC-BY-NC,https://www.inaturalist.org/observations/338132283,https://inaturalist-open-data.s3.amazonaws.com/photos/614842056/medium.jpg,,"",,1,0,false,,"Garagoa, Boyaca, Colombia",5.097628939,-73.3119338894,31,,,,31,,open,false,,,Torcaza colorada,Patagioenas subvinacea,Torcaza colorada,Aves,3095
338144256,dc316ea6-427c-4078-b239-4517fa982321,2026-02-09 06:26:15,2026-02-09,2026-02-09 11:26:15 UTC,Bogota,151757,jhskevington,Jeffrey H. Skevington,2026-02-11 01:08:23 UTC,2026-02-12 16:20:58 UTC,research,CC-BY-NC,https://www.inaturalist.org/observations/338144256,https://inaturalist-open-data.s3.amazonaws.com/photos/614867800/medium.jpg,,"",,1,0,false,843,"Calle 20, Mitú, Vaupés, CO",1.271,-70.200195,4,,,,4,,open,false,,,Ruddy Pigeon,Patagioenas subvinacea,Torcaza colorada,Aves,3095
338223024,72bbbc1e-a087-468d-91c1-e1adf3f4df54,2026-02-09T16:17,2026-02-09,2026-02-09 21:17:00 UTC,Bogota,10086822,jonatancardona07,jonatan Cardona,2026-02-11 18:09:39 UTC,2026-02-12 04:26:27 UTC,needs_id,CC-BY-NC,https://www.inaturalist.org/observations/338223024,https://inaturalist-open-data.s3.amazonaws.com/photos/615027667/medium.jpg,,"",,1,0,false,843,"San Carlos-Vallejuelo-Palmichal, San Carlos, Antioquia, CO",6.1754722251,-75.0476345648,74,,,,74,,open,false,,,Torcaza colorada,Patagioenas subvinacea,Torcaza colorada,Aves,3095
338272971,4d74fbdb-567e-4c82-84b1-4948007f1d67,2026/01/12 9:47 AM,2026-01-12,2026-01-12 15:47:00 UTC,America/Costa_Rica,1264324,isalukis,"",2026-02-12 02:33:33 UTC,2026-02-12 02:33:33 UTC,needs_id,CC-BY-NC,https://www.inaturalist.org/observations/338272971,https://inaturalist-open-data.s3.amazonaws.com/photos/615130712/medium.jpg,,"",,0,0,false,,"Monteverde, Puntarenas Province, Monteverde, Costa Rica ",10.3025902889,-84.7956991196,200,,,,200,,open,false,,,Ruddy Pigeon,Patagioenas subvinacea,Torcaza colorada,Aves,3095
339235504,48173125-dcbf-44a3-bbc6-89aad076ce3d,2026/01/20 1:52 PM,2026-01-20,2026-01-20 18:52:00 UTC,Quito,401931,cadecampbell,Cade,2026-02-19 01:23:19 UTC,2026-02-19 01:23:19 UTC,needs_id,,https://www.inaturalist.org/observations/339235504,https://static.inaturalist.org/photos/617050388/medium.jpg,,"",,0,0,false,,"Tambopata, PE-MD, PE",-12.0989835925,-69.5819393172,2,,,,31104,obscured,open,true,,,Ruddy Pigeon,Patagioenas subvinacea,Torcaza colorada,Aves,3095
339314382,4a570103-575c-4938-ae9b-3698f5515584,2026-02-19 12:09:26,2026-02-19,2026-02-19 17:09:26 UTC,Bogota,6266898,juan_pablo144,Juan pablo Garcia Atehortua,2026-02-19 17:15:03 UTC,2026-02-19 17:40:39 UTC,needs_id,"",https://www.inaturalist.org/observations/339314382,https://static.inaturalist.org/photos/617235996/medium.jpg,,"",,0,0,false,2,"San Carlos, Antioquia, Colombia",6.1571898109,-75.0746568292,7,,,,7,,open,false,gps,gps,Torcaza colorada,Patagioenas subvinacea,Torcaza colorada,Aves,3095
339624275,3aafb589-82af-412b-be99-ce11490d7421,2022/04/03,2022-04-03,,America/Guayaquil,668361,albertvliegenthart,"",2026-02-21 21:12:14 UTC,2026-02-21 21:31:19 UTC,research,CC-BY-NC,https://www.inaturalist.org/observations/339624275,https://inaturalist-open-data.s3.amazonaws.com/photos/617856185/medium.jpg,,"",,1,0,false,,"Putumayo, Ecuador",-0.100316,-76.101295,12,,,,12,,open,false,,,Ruddy Pigeon,Patagioenas subvinacea,Torcaza colorada,Aves,3095
339783603,0ef0d27b-97ac-40f8-8ec5-36442b6da426,2021/08/27 6:21 AM,2021-08-27,2021-08-27 11:21:00 UTC,America/Guayaquil,4614672,likes2hike,Kevin S.,2026-02-22 20:37:16 UTC,2026-02-24 17:16:08 UTC,research,CC-BY-NC,https://www.inaturalist.org/observations/339783603,https://inaturalist-open-data.s3.amazonaws.com/photos/618182540/medium.jpg,,"",,1,0,false,,"Los Bancos Canton, Ecuador",-0.0762318472,-78.7646420281,15,,,,15,,open,false,,,Ruddy Pigeon,Patagioenas subvinacea,Torcaza colorada,Aves,3095
339906090,c18bb328-262b-45a7-bd4c-6f6c43cca5d2,2026-02-23 09:00:16-05:00,2026-02-23,2026-02-23 14:00:16 UTC,Bogota,10064046,viky3907,Viky Montoya,2026-02-23 16:37:22 UTC,2026-02-23 16:45:34 UTC,needs_id,CC-BY-NC,https://www.inaturalist.org/observations/339906090,https://inaturalist-open-data.s3.amazonaws.com/photos/618438605/medium.jpg,,"","",0,0,false,3,"Cañasgordas, CO-AN, CO",6.7343812361,-76.0033768113,2717,,,,2717,,open,false,,,"",Patagioenas subvinacea,Torcaza colorada,Aves,3095
340356503,e9a6d256-83a0-46c4-a8dc-7d1c7f5d1125,2025/11/13 16:28,2025-11-13,2025-11-13 21:28:00 UTC,America/Guayaquil,8203725,ellen97817,Ellen Askum,2026-02-26 21:27:53 UTC,2026-02-26 22:13:44 UTC,research,,https://www.inaturalist.org/observations/340356503,https://static.inaturalist.org/photos/619359789/medium.jpg,,"",Agatdue,1,0,false,,"Archidona Canton, Ecuador",-0.6755222222,-77.6013833333,1,,,,1,,open,false,,,Agatdue,Patagioenas subvinacea,Torcaza colorada,Aves,3095
340396752,06252a6b-3861-4b2b-a85e-94d1d191938d,2026-02-25 10:06:04,2026-02-25,2026-02-25 15:06:04 UTC,Bogota,10038638,juanp37717,juan posada,2026-02-27 04:07:26 UTC,2026-02-27 04:07:41 UTC,needs_id,CC-BY-NC,https://www.inaturalist.org/observations/340396752,https://inaturalist-open-data.s3.amazonaws.com/photos/619444024/medium.jpg,,"",Ave conocida como tórtola,0,0,false,2,"Maceo, Antioquia, Colombia",6.5362382963,-74.6778883785,154,,,,154,,open,false,gps,gps,Torcaza colorada,Patagioenas subvinacea,Torcaza colorada,Aves,3095
