id,uuid,observed_on_string,observed_on,time_observed_at,time_zone,user_id,user_login,user_name,created_at,updated_at,quality_grade,license,url,image_url,sound_url,tag_list,description,num_identification_agreements,num_identification_disagreements,captive_cultivated,oauth_application_id,place_guess,latitude,longitude,positional_accuracy,private_place_guess,private_latitude,private_longitude,public_positional_accuracy,geoprivacy,taxon_geoprivacy,coordinates_obscured,positioning_method,positioning_device,species_guess,scientific_name,common_name,iconic_taxon_name,taxon_id
145391,616000de-d922-46fa-b64b-28f56cfdac4f,2012-05-18 12:43:35,2012-05-18,2012-05-18 21:43:35 +0200,Pacific Time (US & Canada),10285,finatic,BJ Stacey,2012-11-09 00:41:14 +0000,2020-11-13 05:23:15 +0000,research,CC-BY-NC,http://www.inaturalist.org/observations/145391,https://inaturalist-open-data.s3.amazonaws.com/photos/200843/medium.jpg,,animal,"Snowy Egret
Weld County, Colorado
5-18-12",3,0,false,,Greeley--Glenmere Park,40.4086,-104.705,,,,,,,open,false,,"",Snowy Egret,Egretta thula,Garza dedos dorados,Aves,4940
156024,1641aa8d-5759-4e19-a634-03278ce2fda4,1999-04-07,1999-04-07,,Central Time (US & Canada),9706,greglasley,Greg Lasley,2012-12-03 00:23:46 +0000,2019-09-09 22:48:27 +0200,research,CC-BY-NC,http://www.inaturalist.org/observations/156024,https://inaturalist-open-data.s3.amazonaws.com/photos/213309/medium.jpg,,"","Snowy Egret
High Island, Texas
7 April 1999",1,0,false,,"High Island, Texas",29.5744307176,-94.3901143492,,,,,,,open,false,,,Snowy Egret,Egretta thula,Garza dedos dorados,Aves,4940
208539,1e8e7481-73b0-456c-aa20-5dcdc3e31e57,Sun Mar 03 2013 11:05:26 GMT-0600 (CST),2013-03-03,2013-03-03 17:05:26 +0000,Central Time (US & Canada),13384,pmyska,Petr Myska,2013-03-03 20:04:43 +0000,2018-12-11 19:57:58 +0000,research,,http://www.inaturalist.org/observations/208539,https://static.inaturalist.org/photos/264505/medium.jpg,,"",Foraging on the rocks at the beach.,4,0,false,,"Puerto Vallarta, MX-JA, MX",20.587334,-105.244866,10,,,,10,,open,false,,,Garceta pie-dorado,Egretta thula,Garza dedos dorados,Aves,4940
462242,f3ab8aa9-adc7-47c7-bbf7-0f04bc3d8216,2009-09-17 12:13:22,2009-09-17,2009-09-17 21:13:22 +0200,Pacific Time (US & Canada),10285,finatic,BJ Stacey,2013-11-19 20:47:00 +0000,2021-06-04 19:06:06 +0200,research,CC-BY-NC,http://www.inaturalist.org/observations/462242,https://static.inaturalist.org/photos/583003/medium.jpg,,"","San Diego County, California, US",3,0,false,,Sorrento Valley--Pump Station 65,32.921682,-117.239968,156,,,,156,,open,false,,manual,Snowy Egret,Egretta thula,Garza dedos dorados,Aves,4940
840756,369d7d99-05d0-4628-ae68-936c3b9b3cb9,2014-08-19,2014-08-19,,Tijuana,49137,zatarain,"",2014-08-21 05:08:36 +0200,2025-06-19 07:16:48 +0200,research,CC-BY-NC,http://www.inaturalist.org/observations/840756,https://inaturalist-open-data.s3.amazonaws.com/photos/1135012/medium.JPG,,"","",5,2,false,,"Arroyyo del Cañon y Cerro de Jesús Maria, Valle Redondo Tijuana BC MEXICO. Entre Tijuana y Tecate y USA",32.494235,-116.799367,,,,,,,open,false,,,Garza dedos dorados,Egretta thula,Garza dedos dorados,Aves,4940
1766302,bc43c8e6-ec02-44a9-a12c-e8f29c9aef2b,2015-07-10 08:42:58,2015-07-10,2015-07-10 14:42:58 +0200,Eastern Time (US & Canada),43807,keimwj,Bill Keim,2015-07-15 18:55:06 +0200,2024-09-22 08:01:00 +0200,research,CC-BY,http://www.inaturalist.org/observations/1766302,https://inaturalist-open-data.s3.amazonaws.com/photos/2135676/medium.jpg,,"","10 Jul 2015.
Prime Hook NWR, Sussex Co, DE--Broadkill Rd.
",2,0,false,,"Broadkill Beach, Delaware, United States",38.824429,-75.216565,86,,,,86,,open,false,,,Snowy Egret,Egretta thula,Garza dedos dorados,Aves,4940
1888396,0885ab16-41b1-41d8-aa09-9b677b4ad9a9,2015-08-16 17:42:52,2015-08-16,2015-08-17 00:42:52 +0200,Central Time (US & Canada),27355,gonzalezii,Miguel González Botello,2015-08-24 21:29:40 +0200,2022-10-07 08:12:04 +0200,research,,http://conabio.inaturalist.org/observations/1888396,https://static.inaturalist.org/photos/2302505/medium.JPG,,"","",3,0,false,,"Río Pablillo, Linares, Nuevo León",24.859401,-99.541965,50,,,,50,,open,false,,manual,Garceta pie-dorado,Egretta thula,Garza dedos dorados,Aves,4940
1970914,c24ad8df-3e7b-41ba-a5ed-3cb685c58dbc,2015-09-21,2015-09-21,,Central Time (US & Canada),9706,greglasley,Greg Lasley,2015-09-22 04:20:40 +0200,2026-01-09 04:04:21 +0000,research,CC-BY-NC,http://www.inaturalist.org/observations/1970914,https://inaturalist-open-data.s3.amazonaws.com/photos/2415216/medium.jpg,,"","",51,0,false,,"Anahuac N.W.R., Texas",29.592782,-94.539392,57,,,,57,,open,false,,,Snowy Egret,Egretta thula,Garza dedos dorados,Aves,4940
2094807,b904d8c4-918e-4817-936c-0d449f8d3953,Sat Oct 10 2015 16:01:59 GMT-0700 (PDT),2015-10-10,2015-10-11 01:01:59 +0200,Pacific Time (US & Canada),66558,alouros,Andrew J. Louros,2015-10-11 01:03:27 +0200,2016-06-24 21:58:45 +0200,research,CC-BY-NC,http://www.inaturalist.org/observations/2094807,https://inaturalist-open-data.s3.amazonaws.com/photos/2507436/medium.jpg,,,,2,0,false,3,"Biola University, La Mirada, CA, US",33.906498,-118.012087,19,,,,19,,open,false,,,Snowy Egret,Egretta thula,Garza dedos dorados,Aves,4940
2439008,f0df8ed3-7858-4078-ae8c-f28951a67e01,2015-11-24 08:54:34,2015-11-24,2015-11-24 14:54:34 +0000,Central Time (US & Canada),27355,gonzalezii,Miguel González Botello,2015-11-30 07:51:34 +0000,2022-10-07 08:10:01 +0200,research,,http://conabio.inaturalist.org/observations/2439008,https://static.inaturalist.org/photos/2719861/medium.JPG,,"","",4,0,false,,"Río Santa Catarina, Guadalupe, N.L.",25.690759,-100.221978,30,,,,30,,open,false,,manual,Egretta thula,Egretta thula,Garza dedos dorados,Aves,4940
2439011,88419143-b743-462b-9e3f-6f25a7b84c2a,2015-11-24 08:57:26,2015-11-24,2015-11-24 14:57:26 +0000,Central Time (US & Canada),27355,gonzalezii,Miguel González Botello,2015-11-30 07:53:06 +0000,2022-10-07 08:10:09 +0200,research,,http://conabio.inaturalist.org/observations/2439011,https://static.inaturalist.org/photos/2719864/medium.JPG,,"","",3,0,false,,"Río Santa Catarina, Guadalupe, N.L.",25.690759,-100.221978,30,,,,30,,open,false,,manual,Garceta pie-dorado,Egretta thula,Garza dedos dorados,Aves,4940
2509070,74ae168e-9f6d-40c7-a87a-82dacdaa7eda,2015-12-25 10:48:10,2015-12-25,2015-12-25 18:48:10 +0000,Pacific Time (US & Canada),10331,amandaandmike,"",2015-12-28 01:26:27 +0000,2018-01-13 19:31:14 +0000,research,CC-BY-NC-SA,http://www.inaturalist.org/observations/2509070,https://inaturalist-open-data.s3.amazonaws.com/photos/2818971/medium.JPG,,"","",1,0,false,,"Venice, Los Angeles",33.982325,-118.466779,,,,,,,open,false,,,Snowy Egret,Egretta thula,Garza dedos dorados,Aves,4940
2600639,a9f66e01-75f2-41c6-88c5-e8e50ef0fa14,2016-01-11,2016-01-11,,Central Time (US & Canada),48418,tnewman,,2016-01-20 01:53:13 +0000,2017-12-03 18:02:48 +0000,research,CC-BY-NC,http://www.inaturalist.org/observations/2600639,https://inaturalist-open-data.s3.amazonaws.com/photos/2903796/medium.JPG,,"",Offshore boat trip from Flamingo Visitor Center to upper end of Lake Ingraham.,4,0,false,,Flamingo Visitor Center Everglades National Park,25.146205,-81.087631,4000,,,,4000,,open,false,,,Snowy Egret,Egretta thula,Garza dedos dorados,Aves,4940
2623637,86897199-d1a2-4909-a30d-8ce86c8c0786,Wed Jan 27 2016 15:44:41 GMT-0800 (PST),2016-01-27,2016-01-27 23:44:41 +0000,Pacific Time (US & Canada),73556,catherineh,Catherine Price,2016-01-28 02:30:35 +0000,2016-06-25 08:53:12 +0200,research,CC-BY-NC,http://www.inaturalist.org/observations/2623637,https://static.inaturalist.org/photos/2937671/medium.jpg,,,,2,0,false,3,"Santa Monica Pier and Pacific Park, , CA, US",34.0082318814,-118.4973409394,36,,,,36,,open,false,,,Snowy Egret,Egretta thula,Garza dedos dorados,Aves,4940
2632882,18846088-72d8-4d12-823b-b63ccfdf482c,2016-01-30,2016-01-30,,Central Time (US & Canada),115129,aguilita,Roberto R. Calderón,2016-01-31 09:06:52 +0000,2017-09-26 07:54:00 +0200,research,CC-BY-NC,http://www.inaturalist.org/observations/2632882,https://inaturalist-open-data.s3.amazonaws.com/photos/2951070/medium.jpg,,"Snowy Egret (Egretta thula), Centennial Park, 601 Schulze Drive, Irving, Texas, egrets, birds, winter, range, North Texas, North America, Western Hemisphere","Snowy Egret (Egretta thula)

30 January 2016
Centennial Park
Irving, Texas

Snowy Egret flying over Delaware Creek in Centennial Park. Snowy Egret is an authentic resident of North America and the Western Hemisphere. Centennial Park is administered by the City of Irving, Texas.",5,0,false,,"Centennial Park, 601 Schulze Drive, Irving, Texas 75060",32.810805,-96.952088,27,,,,27,,open,false,,,Snowy Egret,Egretta thula,Garza dedos dorados,Aves,4940
2638899,7df407e1-c95b-443e-96a4-3a6998380cdf,2016-01-21 17:39:40,2016-01-21,2016-01-21 23:39:40 +0000,Central Time (US & Canada),27355,gonzalezii,Miguel González Botello,2016-02-02 07:36:56 +0000,2022-10-07 08:07:37 +0200,research,,http://conabio.inaturalist.org/observations/2638899,https://static.inaturalist.org/photos/2959614/medium.JPG,,"","",3,0,false,,"Monterrey, Nuevo Leon, México",25.6631469999,-100.3114630001,,,,,,,open,false,,,Garceta pie-dorado,Egretta thula,Garza dedos dorados,Aves,4940
2648446,d86d499d-fe5b-4552-84bc-a42aa7d76c4a,Fri Feb 05 2016 14:16:54 GMT-0800 (PST),2016-02-05,2016-02-05 22:16:54 +0000,Pacific Time (US & Canada),13979,robberfly,Liam O'Brien,2016-02-06 02:42:53 +0000,2016-02-19 01:54:39 +0000,research,CC-BY-NC,http://www.inaturalist.org/observations/2648446,https://inaturalist-open-data.s3.amazonaws.com/photos/2974206/medium.jpg,,,Last species I wanted to find this day. One of the best series-of-shots of my life...,3,0,false,3,"San Francisco Botanical Garden, San Francisco, CA, US",37.7683666667,-122.4701216667,,,,,,,open,false,,,Snowy Egret,Egretta thula,Garza dedos dorados,Aves,4940
2685634,20d0963d-5052-4439-b33f-1d4dcc292e0c,2016-01-07 11:33:17,2016-01-07,2016-01-07 17:33:17 +0000,Central Time (US & Canada),27355,gonzalezii,Miguel González Botello,2016-02-15 21:43:42 +0000,2022-10-07 08:07:58 +0200,research,,http://conabio.inaturalist.org/observations/2685634,https://static.inaturalist.org/photos/3019484/medium.JPG,,"","",5,0,false,,"Río La Silla, Guadalupe, N.L.",25.659344,-100.270133,100,,,,100,,open,false,,"",Egretta thula,Egretta thula,Garza dedos dorados,Aves,4940
2797969,c1ac7c78-f463-4161-b871-37ac7ae72400,2016-02-21 14:26:25,2016-02-21,2016-02-21 20:26:25 +0000,Central Time (US & Canada),27355,gonzalezii,Miguel González Botello,2016-03-18 07:25:36 +0000,2022-10-07 08:07:29 +0200,research,,http://conabio.inaturalist.org/observations/2797969,https://static.inaturalist.org/photos/3176105/medium.JPG,,"","",3,0,false,,"Río Santa Catarina, Guadalupe, N.L.",25.691715,-100.222655,35,,,,35,,open,false,,manual,Egretta thula,Egretta thula,Garza dedos dorados,Aves,4940
3064068,94cf0312-ece4-4da4-b40b-1d341ce13577,Sat Apr 30 2016 11:11:51 GMT-0700 (PDT),2016-04-30,2016-04-30 20:11:51 +0200,Pacific Time (US & Canada),226665,kellyvaughn,,2016-04-30 20:13:06 +0200,2016-06-26 00:52:10 +0200,research,CC-BY-NC,http://www.inaturalist.org/observations/3064068,https://inaturalist-open-data.s3.amazonaws.com/photos/3529892/medium.jpg,,,,1,0,false,3,"Malibu Lagoon State Beach, Malibu, CA, US",34.0327893617,-118.6814458017,5,,,,5,,open,false,,,Snowy Egret,Egretta thula,Garza dedos dorados,Aves,4940
3072487,72b38f5b-a469-4598-93d0-1c15af9a391d,2016-04-28,2016-04-28,,Arizona,83195,dean_g,Dean Goehring,2016-05-01 16:47:23 +0200,2019-12-13 19:24:51 +0000,research,CC-BY-NC,http://www.inaturalist.org/observations/3072487,https://inaturalist-open-data.s3.amazonaws.com/photos/3540900/medium.jpg,,"","",3,0,false,,South Cape May Meadows,38.935891,-74.944466,,,,,,,open,false,,,Snowy Egret,Egretta thula,Garza dedos dorados,Aves,4940
3094623,ea049221-515c-4f38-ba01-40c168247962,2016-04-29,2016-04-29,,Mexico City,40730,poncho,Alfonso Gutiérrez Aldana,2016-05-04 08:09:45 +0200,2018-02-14 05:42:21 +0000,research,CC-BY-NC,http://conabio.inaturalist.org/observations/3094623,https://inaturalist-open-data.s3.amazonaws.com/photos/3569461/medium.JPG,,"ave, blanco, Xochimilco","",3,0,false,,Xochimilco,19.295796,-99.092667,208,,,,208,,open,false,,,Garceta pie-dorado,Egretta thula,Garza dedos dorados,Aves,4940
3514435,30556bd8-114e-4017-9abe-793e199bd596,2016-06-21,2016-06-21,,Pacific Time (US & Canada),251236,jbrew910,,2016-06-24 18:51:18 +0200,2018-04-22 21:51:21 +0200,research,CC-BY-NC,http://www.inaturalist.org/observations/3514435,https://inaturalist-open-data.s3.amazonaws.com/photos/4092620/medium.JPG,,"","",3,0,false,,torrey pines natural reserve,32.933099,-117.257166,111,,,,111,,open,false,,,Snowy Egret,Egretta thula,Garza dedos dorados,Aves,4940
3538898,dee22a25-b3e3-4a17-9301-2a8b416598a8,2016-05-08 11:33:24,2016-05-08,2016-05-08 23:33:24 +0200,Hawaii,81457,gumernaturalist,"",2016-06-28 16:41:30 +0200,2019-02-03 20:00:01 +0000,research,,http://conabio.inaturalist.org/observations/3538898,https://static.inaturalist.org/photos/4124607/medium.JPG,,"",,6,0,false,,"Juan Galindo, MX-PU, MX",20.207928,-98.029461,84,,,,84,,open,false,,,Garceta pie-dorado,Egretta thula,Garza dedos dorados,Aves,4940
3612385,1482953e-8a39-43fa-b66a-90377bab7ac9,2016/07/03 10:08 AM PDT,2016-07-03,2016-07-03 19:08:00 +0200,Pacific Time (US & Canada),1213,wild-by-nature-db,Dave Barry,2016-07-03 21:44:19 +0200,2021-01-01 23:20:05 +0000,research,,http://www.inaturalist.org/observations/3612385,https://static.inaturalist.org/photos/4171663/medium.JPG,,"",                               ,3,0,false,,"Santa Rosa, CA, USA",38.4398587278,-122.7666592598,31,,,,31,,open,false,,,Snowy Egret,Egretta thula,Garza dedos dorados,Aves,4940
3685300,8c62e516-84d1-4b54-acf9-fe36c150263a,2016/07/15 3:18 PM AEST,2016-07-15,2016-07-16 00:18:00 +0200,Pacific Time (US & Canada),2991,sea-kangaroo,"",2016-07-16 05:47:36 +0200,2016-08-03 09:13:29 +0200,research,CC-BY,http://www.inaturalist.org/observations/3685300,https://inaturalist-open-data.s3.amazonaws.com/photos/4273348/medium.jpeg,,"nest, juvenile","Do you think the chick in the last photo is a Snowy as well, or a Great?  It seemed smaller and different from a nearby Great Egret chick, but could just be younger I suppose.  I wasn't sure about the leg coloring.

This section of Shorebird Way is closed to vehicle traffic during the nesting season to protect the chicks.  Great & Snowy egrets nest in the sycamore trees in one section.  More: 
http://www.scvas.org/egrets.htmlhttp://www.mercurynews.com/peninsula/ci_27893463/mountain-view-egrets-return-googleplex",3,0,false,,"Mountain View, California, USA",37.4192710016,-122.071468234,36,,,,36,,open,false,,"",Snowy Egret,Egretta thula,Garza dedos dorados,Aves,4940
3887296,dba89f9a-1ee0-43c0-ba1c-ea1dba36e540,2016/07/30 5:28 PM EDT,2016-07-30,2016-07-30 23:28:00 +0200,Eastern Time (US & Canada),144923,nycticorax,"",2016-08-15 01:18:29 +0200,2022-04-28 00:59:37 +0200,research,CC-BY-NC,http://www.inaturalist.org/observations/3887296,https://inaturalist-open-data.s3.amazonaws.com/photos/4563076/medium.jpg,,"",                               ,1,0,false,,"Chincoteague NWR, VA",37.915601,-75.340668,2061,,,,2061,,open,false,,manual,Snowy Egret,Egretta thula,Garza dedos dorados,Aves,4940
3981514,07e10949-72b5-4d98-93c2-f15392983a6e,2016/08/26 10:06 PM CDT,2016-08-26,2016-08-27 05:06:00 +0200,Central Time (US & Canada),143067,philipwoodscc,Philip Woods,2016-08-28 21:10:47 +0200,2017-09-26 15:45:29 +0200,research,CC-BY-NC,http://www.inaturalist.org/observations/3981514,https://inaturalist-open-data.s3.amazonaws.com/photos/4698296/medium.jpeg,,"",This bird was fishing along the Jetty with success,4,0,false,,"Port Aransas, TX, USA",27.8332643256,-97.0406699181,31,,,,31,,open,false,,,Snowy Egret,Egretta thula,Garza dedos dorados,Aves,4940
4050291,2a15ad00-ec1b-4647-bba1-3a8482745e51,Tue Sep 06 2016 10:02:15 GMT-0700 (PDT),2016-09-06,2016-09-06 19:02:15 +0200,Pacific Time (US & Canada),322912,andrew130,Andrew Constantine Green,2016-09-06 21:19:00 +0200,2022-01-11 03:55:28 +0000,research,,http://www.inaturalist.org/observations/4050291,https://static.inaturalist.org/photos/4796067/medium.jpg,,"","",1,0,false,3,"1344–1434 Spinnaker Dr, Ventura, CA, US",34.2387493368,-119.2616294314,344,,,,344,,open,false,,,Snowy Egret,Egretta thula,Garza dedos dorados,Aves,4940
4134403,fa4309ba-367b-44b0-b1a3-7fc6d9e2c380,Mon Mar 07 2016 10:52:12 GMT-0800 (PST),2016-03-07,2016-03-07 18:52:12 +0000,Pacific Time (US & Canada),331847,marycayejaniak,Mary Caye Janiak,2016-09-18 00:28:12 +0200,2017-06-22 21:58:25 +0200,research,,http://www.inaturalist.org/observations/4134403,https://static.inaturalist.org/photos/4919997/medium.jpg,,"",,2,0,false,3,"100 Powell St, San Mateo, CA, US",37.5761849223,-122.3118312911,28,,,,28,,open,false,,,Snowy Egret,Egretta thula,Garza dedos dorados,Aves,4940
4204965,eb9e67a4-2289-45e6-b2ab-423d35a99ce9,2015/10/26 9:52 AM PDT,2015-10-26,2015-10-26 16:52:00 +0000,Pacific Time (US & Canada),249795,slsfirefight,Paul Fenwick,2016-09-26 06:11:10 +0200,2017-08-07 20:38:45 +0200,research,CC-BY-NC,http://www.inaturalist.org/observations/4204965,https://inaturalist-open-data.s3.amazonaws.com/photos/5013111/medium.jpg,,"",,2,0,false,,"Monterey County, CA, USA",36.8081851903,-121.7614746094,1953,,,,1953,,open,false,,,Egretta thula,Egretta thula,Garza dedos dorados,Aves,4940
4242999,454d4a75-b9b0-4ae3-8cc9-1890795268a9,2016-09-17,2016-09-17,,Central Time (US & Canada),115129,aguilita,Roberto R. Calderón,2016-10-01 07:34:36 +0200,2019-09-28 23:04:11 +0200,research,CC-BY-NC,http://www.inaturalist.org/observations/4242999,https://inaturalist-open-data.s3.amazonaws.com/photos/5071872/medium.jpg,,"Snowy Egret (Egretta thula), Clear Creek Natural Heritage Center, Denton, Texas, egrets, summer, North Texas, North America, Western America","Snowy Egret (Egretta thula)

17 September 2016
Clear Creek Natural Heritage Center
Denton, Denton County, Texas

Observed as part of the monthly bird walk at the site.",4,0,false,,"Clear Creek Natural Heritage Center, Denton, Texas",33.263322,-97.038975,2486,,,,2486,,open,false,,,Snowy Egret,Egretta thula,Garza dedos dorados,Aves,4940
4412564,4a739182-3289-4c2d-8aec-397ca5cfba5f,2016/10/10 8:55 AM UTC,2016-10-10,,UTC,345484,doreenodonovan,Doreen O'Donovan,2016-10-22 17:30:46 +0200,2016-10-28 17:59:18 +0200,research,CC-BY-SA,http://www.inaturalist.org/observations/4412564,https://static.inaturalist.org/photos/5302672/medium.jpeg,,"",,1,0,false,,"Santa Cruz County, CA, USA",36.9690267136,-121.9067430494,29,,,,29,,open,false,,,Snowy Egret,Egretta thula,Garza dedos dorados,Aves,4940
4444019,7f89c00f-9f4d-4455-b55f-33c3dd83c6fa,2016/10/26 10:00 PM PDT,2016-10-26,2016-10-27 07:00:00 +0200,Pacific Time (US & Canada),249795,slsfirefight,Paul Fenwick,2016-10-27 07:00:59 +0200,2016-11-05 03:21:09 +0000,research,CC-BY-NC,http://www.inaturalist.org/observations/4444019,https://inaturalist-open-data.s3.amazonaws.com/photos/5351661/medium.jpeg,,"",,3,0,false,,"Monterey County, CA, USA",36.8059861194,-121.7546081543,1953,,,,1953,,open,false,,,Snowy Egret,Egretta thula,Garza dedos dorados,Aves,4940
4520571,695d41a9-7160-4141-a0cb-83f3b175a1a6,2016/01/29 9:16 PM EST,2016-01-29,2016-01-30 02:16:00 +0000,Eastern Time (US & Canada),362446,pwdeacon,Pat Deacon,2016-11-09 03:22:13 +0000,2019-03-30 02:10:56 +0000,research,CC-BY-NC,http://www.inaturalist.org/observations/4520571,https://inaturalist-open-data.s3.amazonaws.com/photos/5472358/medium.jpeg,,"",,3,0,false,,"Guanacaste Province, Costa Rica",10.4054843525,-85.7990652323,10,,,,10,,open,false,,,Snowy Egret,Egretta thula,Garza dedos dorados,Aves,4940
4595794,d0ba1acb-a6fb-4bc4-b657-a02d4d1b864e,2016/11/18 2:29 PM CST,2016-11-18,2016-11-18 20:29:00 +0000,Central Time (US & Canada),85026,homerobeunicus,Homero Bennet,2016-11-18 21:20:48 +0000,2022-10-07 08:10:02 +0200,research,,http://conabio.inaturalist.org/observations/4595794,https://static.inaturalist.org/photos/5554268/medium.jpg,,"Aves de México, Garzas de México",,4,0,false,,"Fovissste, Coatzacoalcos, Ver., México",18.1507316667,-94.48953,,,,,,,open,false,,,Garceta pie-dorado,Egretta thula,Garza dedos dorados,Aves,4940
4735673,2ec9a55d-9f53-4a4b-a1f9-87083c22a2ce,2016/05/25 10:56 AM CDT,2016-05-25,2016-05-25 17:56:00 +0200,Central Time (US & Canada),350225,kalamurphyking,Kala Murphy King,2016-12-08 14:45:56 +0000,2024-09-28 23:07:06 +0200,research,CC-BY-NC-ND,http://www.inaturalist.org/observations/4735673,https://inaturalist-open-data.s3.amazonaws.com/photos/5727249/medium.jpg,,"snowy egret, egretta thula, breeding season, breeding plumage, egret, white egret, aquatic bird, aquatic, water fowl, waders, dallas texas, Rookery, nesting, UT Southwest Medical, breeding plumes, plumes, nestling, snowy egret nestling, parent and child, baby, egret nestling, nestlings, siblings, glare, looking at me","The Look
A snowy glares at me as I take photos of the nest.  I felt like I was getting the evil eye.
",3,0,false,,"Dallas, TX, USA",32.8145452725,-96.844088137,4,,,,4,,open,false,,,Snowy Egret,Egretta thula,Garza dedos dorados,Aves,4940
4834694,f6bb16ea-8786-4f0e-b895-19be729822da,2009-08-19 17:17:38,2009-08-19,2009-08-19 23:17:38 +0200,Eastern Time (US & Canada),164735,belyykit,"",2016-12-23 15:13:52 +0000,2018-05-04 02:43:26 +0200,research,CC-BY-NC,https://www.inaturalist.org/observations/4834694,https://static.inaturalist.org/photos/5867976/medium.jpg,,"",Snowy egret_20090819_Chincoteague,1,0,false,,"Assateague Island National Seashore, Accomack County, US-VA, US",37.906622,-75.340075,209,,,,209,,open,false,,"",Snowy Egret,Egretta thula,Garza dedos dorados,Aves,4940
4866495,debd1e43-7d33-45fe-bf40-c7346053aaaa,Thu Dec 29 2016 17:16:53 GMT-0800 (PST),2016-12-29,2016-12-30 01:16:53 +0000,Pacific Time (US & Canada),13979,robberfly,Liam O'Brien,2016-12-30 05:22:34 +0000,2017-01-10 14:31:56 +0000,research,CC-BY-NC,https://www.inaturalist.org/observations/4866495,https://inaturalist-open-data.s3.amazonaws.com/photos/5911473/medium.jpg,,,Surreal that most of day was at Audubon Canyon Ranch - an acclaimed overwintering roost for this species. It has completely crashed and no longer breeds there. @catchang dropped me off to catch the ferry and...they were Everywhere in the harbor - boys puffed and displaying with eachother...,3,0,false,3,"Corte Madera Creek, Larkspur, CA, US",37.9450716667,-122.5084133333,,,,,,,open,false,,,Snowy Egret,Egretta thula,Garza dedos dorados,Aves,4940
4870413,873ddfc2-295b-4619-8c3e-52a125ff570b,2016/12/29 2:28 PM CST,2016-12-29,2016-12-29 20:28:00 +0000,Central Time (US & Canada),85026,homerobeunicus,Homero Bennet,2016-12-30 22:40:01 +0000,2017-03-18 01:18:48 +0000,research,,http://conabio.inaturalist.org/observations/4870413,https://static.inaturalist.org/photos/5917713/medium.jpg,,"Aves de México, Aves Playeras de México",,2,0,false,,"Paraiso Coatzacoalcos, Coatzacoalcos, Ver., México",18.1504833333,-94.4763583333,,,,,,,open,false,,,Garceta pie-dorado,Egretta thula,Garza dedos dorados,Aves,4940
4907629,0199c3d8-0a34-499e-99f6-204d83676e4a,2014/05/31 9:38 AM PDT,2014-05-31,2014-05-31 18:38:00 +0200,Pacific Time (US & Canada),20270,lg_meanders,Lorri G.,2017-01-07 16:39:09 +0000,2024-09-17 04:43:14 +0200,research,CC-BY-NC-ND,https://www.inaturalist.org/observations/4907629,https://inaturalist-open-data.s3.amazonaws.com/photos/5973363/medium.jpeg,,"",,1,0,false,,"San Francisco, CA 94133, USA",37.8269775,-122.4229555,418,,,,418,,open,false,,,Snowy Egret,Egretta thula,Garza dedos dorados,Aves,4940
5080985,51637309-ebc2-4523-93cd-6bf18d2d46d8,2015/05/04 11:47 AM CDT,2015-05-04,2015-05-04 18:47:00 +0200,Central Time (US & Canada),350225,kalamurphyking,Kala Murphy King,2017-02-09 21:08:51 +0000,2017-08-02 17:34:18 +0200,research,CC-BY-NC-ND,https://www.inaturalist.org/observations/5080985,https://inaturalist-open-data.s3.amazonaws.com/photos/6239468/medium.jpg,,"snowy egret, egret, white egret, small egret, aquatic bird, aquatic, water fowl, waders, white rock lake, dallas texas, upper spillway, spillway, attitude, runway walk","White Rock lake, upper spillway
Snowy egrets just have that diva attitude.",5,0,false,,"Dallas, TX, USA",32.8144226807,-96.725176692,2,,,,2,,open,false,,,Snowy Egret,Egretta thula,Garza dedos dorados,Aves,4940
5226199,fd1b8e7f-bf8e-4df1-a686-d88968b6bb79,Sat Mar 04 2017 10:37:46 GMT-0800 (PST),2017-03-04,2017-03-04 18:37:46 +0000,Pacific Time (US & Canada),280979,emshaph,"",2017-03-05 02:48:39 +0000,2018-01-13 22:04:22 +0000,research,CC-BY-NC,https://www.inaturalist.org/observations/5226199,https://inaturalist-open-data.s3.amazonaws.com/photos/6459009/medium.jpg,,,,3,0,false,3,"Woodley Avenue Park, Los Angeles, CA, US",34.1768347377,-118.4731736229,22,,,,22,,open,false,,,Snowy Egret,Egretta thula,Garza dedos dorados,Aves,4940
5228125,5fe0bf4e-d030-4f51-bbc8-a2c019b934e5,2017/02/26 8:21 AM PST,2017-02-26,2017-02-26 16:21:00 +0000,Pacific Time (US & Canada),3057,vermfly,Clifford Hawley,2017-03-05 06:53:55 +0000,2021-02-10 00:43:34 +0000,research,CC-BY-NC,https://www.inaturalist.org/observations/5228125,https://inaturalist-open-data.s3.amazonaws.com/photos/6461633/medium.jpeg,,"",Smaller egret on the left. Second entry completed for the Great Egret. ,2,0,false,,"Carmichael, CA, USA",38.5803287721,-121.3367199898,90,,,,90,,open,false,,,Snowy Egret,Egretta thula,Garza dedos dorados,Aves,4940
5228552,cf368178-48f6-4ec9-aca8-87f637bab44d,2017/02/19 1:43 PM PST,2017-02-19,2017-02-19 21:43:00 +0000,Pacific Time (US & Canada),417670,morganfbs,"",2017-03-05 08:18:43 +0000,2021-09-09 21:12:56 +0200,research,CC-BY-NC,https://www.inaturalist.org/observations/5228552,https://inaturalist-open-data.s3.amazonaws.com/photos/6462385/medium.jpg,,"","",2,0,false,,"1799 W Paseo Del Mar, San Pedro, CA 90731, United States",33.7173253,-118.3221494,195,,,,195,,open,false,,,Snowy Egret,Egretta thula,Garza dedos dorados,Aves,4940
5288004,ab87816c-01d6-43ae-8022-7a165732a911,2017/03/11 12:07 PM PST,2017-03-11,2017-03-11 20:07:00 +0000,Pacific Time (US & Canada),36806,mc_california,"",2017-03-12 07:15:53 +0000,2017-03-12 15:44:22 +0000,research,CC-BY-NC,https://www.inaturalist.org/observations/5288004,https://inaturalist-open-data.s3.amazonaws.com/photos/6540456/medium.jpeg,,"",,2,0,false,,"Orange, CA, USA",33.8160020627,-117.7666300535,20,,,,20,,open,false,,,Snowy Egret,Egretta thula,Garza dedos dorados,Aves,4940
5582801,8a26594f-9538-453f-b526-54ed34b94bc2,2017/04/05 10:14 AM PDT,2017-04-05,2017-04-05 19:14:00 +0200,Pacific Time (US & Canada),406989,yfarrow,,2017-04-05 20:26:20 +0200,2022-01-11 03:55:02 +0000,research,CC-BY-NC,https://www.inaturalist.org/observations/5582801,https://inaturalist-open-data.s3.amazonaws.com/photos/6892002/medium.jpeg,,"","",2,0,false,,"Tijuana Slough National Wildlife Refuge, California, USA",32.5570545,-117.1259238,1861,,,,1861,,open,false,,,Snowy Egret,Egretta thula,Garza dedos dorados,Aves,4940
5641278,492b3765-373a-412f-9175-fd26692ead54,2017/04/09 ,2017-04-09,,Pacific Time (US & Canada),21786,natureinla,NHMLA Community Science Program,2017-04-10 22:29:32 +0200,2022-11-30 01:27:12 +0000,research,CC-BY-NC,https://www.inaturalist.org/observations/5641278,https://inaturalist-open-data.s3.amazonaws.com/photos/6980185/medium.png,,"social media, instagram",Photo and Observation via Instagram by a_viduetsky,5,0,false,,"Lake Balboa, Los Angeles, CA, USA",34.2010832,-118.5010942,3797,,,,3797,,open,false,,,Snowy Egret,Egretta thula,Garza dedos dorados,Aves,4940
5976494,c706d974-647a-437f-be5f-922d66c4c564,Wed Apr 26 2017 22:11:03 GMT-0500 (CDT),2017-04-26,2017-04-27 05:11:03 +0200,Central Time (US & Canada),378921,mhightower,,2017-04-27 05:19:41 +0200,2018-05-17 21:42:29 +0200,research,,https://www.inaturalist.org/observations/5976494,https://static.inaturalist.org/photos/7469967/medium.jpg,,"",TAMUCC 2017,6,0,false,3,"Texas A&M University-Corpus Christi, Corpus Christi, TX, US",27.7118080736,-97.3300465047,127,,,,127,,open,false,,,Egretta thula,Egretta thula,Garza dedos dorados,Aves,4940
6493495,af5b30fb-2b23-4f3d-865c-57735778778b,2017/06/02 11:19 AM PDT,2017-06-02,2017-06-02 20:19:00 +0200,Pacific Time (US & Canada),18189,jzzipkin,Janet Zipser Zipkin,2017-06-04 17:10:06 +0200,2017-11-11 19:01:01 +0000,research,CC-BY-NC,https://www.inaturalist.org/observations/6493495,https://inaturalist-open-data.s3.amazonaws.com/photos/8216025/medium.jpeg,,"",,3,0,false,,"Yolo County, CA, USA",38.5403782861,-121.6247463226,244,,,,244,,open,false,,,Snowy Egret,Egretta thula,Garza dedos dorados,Aves,4940
6694511,dc612a2f-d6d7-41dc-b7c2-3a61916e836e,2014/07/22 10:20 AM CDT,2014-07-22,2014-07-22 17:20:00 +0200,Central Time (US & Canada),350225,kalamurphyking,Kala Murphy King,2017-06-17 22:17:05 +0200,2021-02-09 05:34:53 +0000,research,CC-BY-NC-ND,https://www.inaturalist.org/observations/6694511,https://inaturalist-open-data.s3.amazonaws.com/photos/8489617/medium.jpg,,"snowy egret, egret, small egret, white rock lake, spillway, dallas texas, aquatic bird, aquatic, water fowl, Egretta thula, Snowy egret battle, Texas death match, battle in the air","White Rock lake, lower spillway
4 part series of a mock snowy battle.
Texas Death Match Snowy Style 
1.  A snowy egret (just out of sight here)  was busy catching fish when this second snowy walked up behind it & sprang into the air to challenge for this prime fishing spot.   You can see the path of drops where it's feet had just left the water.
2.  The first egret accepted the challenge and it was on.  Both birds were in mid air going at it.  They were not flying, they would jump in the  air with loud squawks and try to intimidate with spread wings and head feathers puffed up.
3.  Both fell back down to the ground & the one on the right chased the original one to the left, away from the prime fishing spot.  Looks like it was using its tongue also to intimidate. 
4.  With the first bird gone, the interloper took a victory walk for a few seconds as though to say ""That's right!  I'm bad!""    The entire encounter took less than a minute according to the time stamps on my photos.",1,0,false,,"Dallas, TX, USA",32.8144265062,-96.7251265347,2,,,,2,,open,false,,,Snowy Egret,Egretta thula,Garza dedos dorados,Aves,4940
6702778,e3ecf4a3-1fe3-42b1-9a20-98427f00c1d1,2017/06/16 7:19 AM CDT,2017-06-16,2017-06-16 14:19:00 +0200,Central Time (US & Canada),16735,mammelton50,Mary Ann Melton,2017-06-18 14:24:28 +0200,2018-01-03 05:14:22 +0000,research,CC-BY-NC,https://www.inaturalist.org/observations/6702778,https://inaturalist-open-data.s3.amazonaws.com/photos/8502517/medium.jpg,,"",,4,0,false,,"Mankins Crossing, Williamson County, TX, USA",30.6456687665,-97.5849444365,744,,,,744,,open,false,,,Egretta thula,Egretta thula,Garza dedos dorados,Aves,4940
6769697,07251102-60a4-4814-b5c0-c2276fb139c3,2017/06/23 1:03 PM CDT,2017-06-23,2017-06-23 20:03:00 +0200,Central Time (US & Canada),15215,centratex,blake hendon,2017-06-23 23:16:51 +0200,2023-04-20 15:35:16 +0200,research,CC-BY-NC,https://www.inaturalist.org/observations/6769697,https://inaturalist-open-data.s3.amazonaws.com/photos/8603610/medium.jpeg,,"","",2,0,false,,"Old West Austin, Austin, TX, USA",30.2860068413,-97.7539014816,35,,,,35,,open,false,,,Snowy Egret,Egretta thula,Garza dedos dorados,Aves,4940
6844671,e5c43a35-1e6d-442e-93a0-36bdff0c39db,2017-06-25,2017-06-25,,Guadalajara,46555,magazhu,Cheryl Harleston López Espino,2017-06-29 06:58:25 +0200,2024-11-11 20:31:02 +0000,research,CC-BY-NC-ND,https://www.inaturalist.org/observations/6844671,https://inaturalist-open-data.s3.amazonaws.com/photos/8719203/medium.jpg,,"","NOTE: It had a badly broken leg, but walked normally.
............

NOTA: Tenía fracturada una pata, pero caminaba bien.",2,0,false,,"Yelapa, Jalisco, Mexico",20.487868,-105.448179,330,,,,330,,open,false,,,Egretta thula,Egretta thula,Garza dedos dorados,Aves,4940
6973753,7943a55c-b20e-432b-9568-1ce8ca850194,2017/07/08 9:01 AM PDT,2017-07-08,2017-07-08 18:01:00 +0200,Pacific Time (US & Canada),16101,dpom,Donna Pomeroy,2017-07-09 02:28:52 +0200,2023-07-04 18:44:10 +0200,research,CC-BY-NC,https://www.inaturalist.org/observations/6973753,https://inaturalist-open-data.s3.amazonaws.com/photos/8922344/medium.jpg,,"",,4,0,false,,"Moss Landing, CA 95039, USA",36.8167433333,-121.7870766667,,,,,,,open,false,,,Snowy Egret,Egretta thula,Garza dedos dorados,Aves,4940
7044658,ca3a2697-19e6-45cb-a818-415649ae18a3,2014/10/22 4:34 PM CDT,2014-10-22,2014-10-22 23:34:00 +0200,Central Time (US & Canada),531485,gonzalo15,gonzalo marty,2017-07-14 05:13:55 +0200,2018-01-10 12:07:18 +0000,research,CC-BY-NC,http://conabio.inaturalist.org/observations/7044658,https://inaturalist-open-data.s3.amazonaws.com/photos/9040048/medium.jpeg,,"",,6,0,false,,"Rio La Silla, Nuevo León, México",25.636964,-100.201493,8934,,,,8934,,open,false,,,Snowy Egret,Egretta thula,Garza dedos dorados,Aves,4940
7051578,74f4f445-b4b3-47f1-84f1-bb158de41eca,2016/02/22 4:02 PM CST,2016-02-22,2016-02-22 22:02:00 +0000,Central Time (US & Canada),54758,mauriciohs,Mauricio Hernández Sánchez,2017-07-14 21:33:46 +0200,2018-01-10 12:07:40 +0000,research,CC-BY-NC,http://conabio.inaturalist.org/observations/7051578,https://static.inaturalist.org/photos/9050092/medium.jpeg,,"",,4,0,false,,"Catemaco, Ver., México",18.4167980908,-95.106025412,1,,,,1,,open,false,,,Snowy Egret,Egretta thula,Garza dedos dorados,Aves,4940
7261554,1e1583e3-e7f5-4988-b904-97b600eddc3b,2016/04/07 10:14 AM CDT,2016-04-07,2016-04-07 17:14:00 +0200,Central Time (US & Canada),350225,kalamurphyking,Kala Murphy King,2017-07-29 16:59:10 +0200,2023-04-04 23:37:38 +0200,research,CC-BY-NC-ND,https://www.inaturalist.org/observations/7261554,https://inaturalist-open-data.s3.amazonaws.com/photos/9383733/medium.jpg,,"snowy egret, egretta thula, breeding season, breeding plumage, egret, white egret, aquatic bird, aquatic, water fowl, waders, dallas texas, Rookery, courtship behaviors, displaying, breeding, nesting, UT Southwest Medical Center, breeding colors, breeding plumes, plumes, perched, red lores","UTSW rookery
This snowy was in full display mode and had the beautiful red lores showing. ",3,0,false,,"Dallas, TX, USA",32.8144107418,-96.8442694546,4,,,,4,,open,false,,,Snowy Egret,Egretta thula,Garza dedos dorados,Aves,4940
7320222,0726f050-4994-460a-b537-7ad34a51326d,2014/08/28 6:15 PM CDT,2014-08-28,2014-08-29 01:15:00 +0200,Central Time (US & Canada),265995,volkandrus,Ricardo González,2017-08-02 18:14:02 +0200,2022-10-07 08:08:28 +0200,research,CC-BY-NC,http://conabio.inaturalist.org/observations/7320222,https://inaturalist-open-data.s3.amazonaws.com/photos/9479411/medium.jpeg,,"",,2,1,false,,"Puerto Vallarta, Jal., México",20.5432997222,-105.2536463889,,,,,,,open,false,,,Garceta pie-dorado,Egretta thula,Garza dedos dorados,Aves,4940
7776577,89a1b539-3a8f-402e-b617-edea350d186a,2014/07/15 9:35 AM CDT,2014-07-15,2014-07-15 16:35:00 +0200,Central Time (US & Canada),350225,kalamurphyking,Kala Murphy King,2017-09-04 15:49:58 +0200,2017-09-07 22:17:18 +0200,research,CC-BY-NC-ND,https://www.inaturalist.org/observations/7776577,https://inaturalist-open-data.s3.amazonaws.com/photos/10218564/medium.jpg,,"snowy egret, egret, small egret, white rock lake, dallas texas, aquatic bird, aquatic, water fowl, Egretta thula, spillway, fishing, swallowing, waders","White Rock lake, lower spillway
Thickening the Throat in Order to Swallow a Large Fish
The throats get visibly thicker when they swallow.  It was a good fishing day.",6,0,false,,"Dallas, TX, USA",32.8143841068,-96.7251707911,2,,,,2,,open,false,,,Snowy Egret,Egretta thula,Garza dedos dorados,Aves,4940
7902734,dc45668c-d57a-48df-bf05-3bdbce784f96,2016/06/29 11:03 AM CDT,2016-06-29,2016-06-29 18:03:00 +0200,Central Time (US & Canada),350225,kalamurphyking,Kala Murphy King,2017-09-13 17:09:40 +0200,2017-09-21 20:29:16 +0200,research,CC-BY-NC-ND,https://www.inaturalist.org/observations/7902734,https://inaturalist-open-data.s3.amazonaws.com/photos/10424975/medium.jpg,,"white rock lake, dallas texas, aquatic bird, aquatic, water fowl, egret, spillway, waders, lower spillway, snowy egret, small egret, Egretta thula, models, hairstyle, feathers, crown, fashion, diva","White Rock lake, lower spillway
Fashion Statement
Nobody does Diva better than a snowy egret.",6,0,false,,"Dallas, TX, USA",32.8141848605,-96.7254733444,2,,,,2,,open,false,,,Snowy Egret,Egretta thula,Garza dedos dorados,Aves,4940
7962652,5b641b7f-a7e2-4f9a-9be6-dc4163bb5f6f,2017/09/16 10:54 AM EDT,2017-09-16,2017-09-16 16:54:00 +0200,Eastern Time (US & Canada),69447,kellyfuerstenberg,Kelly Fuerstenberg,2017-09-17 17:59:26 +0200,2017-09-17 18:05:41 +0200,research,CC-BY-NC,https://www.inaturalist.org/observations/7962652,https://inaturalist-open-data.s3.amazonaws.com/photos/10520662/medium.jpeg,,"",The smaller egret. I love how this photo shows the size difference between the two birds.,3,0,false,,"Hammonasset Beach State Park, Madison, CT 06443, USA",41.2603806084,-72.5513789059,1461,,,,1461,,open,false,,,Snowy Egret,Egretta thula,Garza dedos dorados,Aves,4940
8292969,06900ba4-6a8d-4bde-af05-9b43c49092ff,2017/10/05 10:27 AM PDT,2017-10-05,2017-10-05 19:27:00 +0200,Pacific Time (US & Canada),3342,hfabian,Henry Fabian,2017-10-07 09:14:21 +0200,2021-10-16 03:04:15 +0200,research,CC0,https://www.inaturalist.org/observations/8292969,https://static.inaturalist.org/photos/11003929/medium.jpg,,"",,5,0,false,,"Walnut Creek, CA, USA",37.9202324181,-122.0433104038,31,,,,31,,open,false,,,Snowy Egret,Egretta thula,Garza dedos dorados,Aves,4940
8515318,94bc3aee-7bc5-4c83-b63d-f59baefa647b,2017-10-22 6:07:11 p. m. CDT,2017-10-22,2017-10-22 13:07:11 +0200,Central Time (US & Canada),43120,aureliomolinahdz,Aurelio Molina Hernández.,2017-10-23 05:06:07 +0200,2023-07-06 20:17:23 +0200,research,CC-BY-NC,https://www.inaturalist.org/observations/8515318,https://inaturalist-open-data.s3.amazonaws.com/photos/11366341/medium.jpeg,,"",,3,0,false,2,"Al Río, Rio Medio, 91670 Paso de Ovejas, Ver., México",19.2880325317,-96.4295730591,,,,,,,open,false,gps,gps,Egretta thula,Egretta thula,Garza dedos dorados,Aves,4940
8936490,0a112dcd-0e14-487d-af1a-6cbca943e8d5,2017/11/25 12:47 PM PST,2017-11-25,2017-11-25 20:47:00 +0000,Pacific Time (US & Canada),228955,hikingsandiego,Linda Pardy,2017-11-26 03:18:17 +0000,2021-03-02 03:35:19 +0000,research,CC-BY,https://www.inaturalist.org/observations/8936490,https://inaturalist-open-data.s3.amazonaws.com/photos/12038829/medium.jpeg,,"",,2,0,false,,"Imperial Beach, CA, USA",32.5741638889,-117.1265861111,,,,,,,open,false,,,Snowy Egret,Egretta thula,Garza dedos dorados,Aves,4940
9100061,7b5aaf37-e444-44aa-a182-37af037ece9b,Sun Dec 03 2017 11:55:19 GMT-0500 (EST),2017-12-03,2017-12-03 16:55:19 +0000,Eastern Time (US & Canada),730485,steve137,Steve Dean Berke,2017-12-09 16:48:07 +0000,2017-12-09 17:54:42 +0000,research,,https://www.inaturalist.org/observations/9100061,https://static.inaturalist.org/photos/12292735/medium.jpg,,"",,2,0,false,3,"Gulf of Mexico, Treasure Island, FL, US",27.770445,-82.7754966667,6,,,,6,,open,false,,,Snowy Egret,Egretta thula,Garza dedos dorados,Aves,4940
9171830,f81f7242-8bec-42b3-a433-1827ded6dbbb,2017/12/10 11:30 AM CST,2017-12-10,2017-12-10 17:30:00 +0000,Central Time (US & Canada),64596,juancarlosgarciamorales1,Juan Carlos Garcia Morales,2017-12-16 19:13:55 +0000,2025-03-19 04:55:48 +0000,research,CC0,https://www.inaturalist.org/observations/9171830,https://static.inaturalist.org/photos/12408446/medium.jpeg,,"",,2,0,false,,"Toluca, Méx., México",19.3093612682,-99.710884087,572,,,,572,,open,false,,,Snowy Egret,Egretta thula,Garza dedos dorados,Aves,4940
9326253,6bda82d6-e79e-417a-9de1-67a44e9abc0a,2017/12/31 11:29 AM CST,2017-12-31,2017-12-31 17:29:00 +0000,Central Time (US & Canada),214404,jessqu,Jessamine Qu,2018-01-01 00:00:48 +0000,2019-08-22 22:31:49 +0200,research,CC-BY-NC,https://www.inaturalist.org/observations/9326253,https://static.inaturalist.org/photos/12649149/medium.jpg,,"",,2,0,false,,"5808 McKinney Falls Pkwy, Austin, TX 78744, USA",30.1803582,-97.7217397,176,,,,176,,open,false,,,Snowy Egret,Egretta thula,Garza dedos dorados,Aves,4940
9326613,c6c393d8-dcf3-407c-b369-16fbdbddffa5,Sun Dec 31 2017 15:42:20 GMT-0800 (PST),2017-12-31,2017-12-31 23:42:20 +0000,Pacific Time (US & Canada),235118,terrydad2,"",2018-01-01 00:24:12 +0000,2018-04-10 19:12:21 +0200,research,CC-BY-NC,https://www.inaturalist.org/observations/9326613,https://inaturalist-open-data.s3.amazonaws.com/photos/12649687/medium.jpg,,"",,2,0,false,3,"1839 El Camino de la Luz, Santa Barbara, CA, US",34.3952742359,-119.7236059607,5,,,,5,,open,false,,,Snowy Egret,Egretta thula,Garza dedos dorados,Aves,4940
9431224,299701fa-b208-4d87-bac5-60f25b2fff0d,Wed Jan 10 2018 10:09:32 GMT-0800 (PST),2018-01-10,2018-01-10 18:09:32 +0000,Pacific Time (US & Canada),235618,kkomatsubara,Kristin Komatsubara,2018-01-10 18:12:35 +0000,2018-01-10 22:42:34 +0000,research,CC-BY-NC,https://www.inaturalist.org/observations/9431224,https://inaturalist-open-data.s3.amazonaws.com/photos/12819365/medium.jpg,,"",,2,0,false,3,"San Diego, CA  92106, San Diego, CA, US",32.7360018622,-117.2103744374,10,,,,10,,open,false,,,Snowy Egret,Egretta thula,Garza dedos dorados,Aves,4940
9569036,0f7fcda7-dab2-4e8a-94b2-982b09535b18,Sun Jan 21 2018 13:27:40 GMT-0800 (PST),2018-01-21,2018-01-21 21:27:40 +0000,Pacific Time (US & Canada),547248,jancat,,2018-01-23 03:21:56 +0000,2018-01-23 04:37:16 +0000,research,,https://www.inaturalist.org/observations/9569036,https://static.inaturalist.org/photos/13061958/medium.jpg,,"",,2,0,false,3,"Bay Trl, Mill Valley, CA, US",37.88207,-122.51808,6,,,,6,,open,false,,,Garza dedos dorados,Egretta thula,Garza dedos dorados,Aves,4940
9605098,d95efefa-620f-48d2-a58f-93e646ef4b35,2018/01/24 2:03 PM PST,2018-01-24,2018-01-24 22:03:00 +0000,Pacific Time (US & Canada),19715,gbentall,Gena Bentall,2018-01-24 23:18:00 +0000,2025-08-09 09:00:56 +0200,research,CC-BY-NC,https://www.inaturalist.org/observations/9605098,https://inaturalist-open-data.s3.amazonaws.com/photos/13103939/medium.jpeg,,"",Anchovies in the harbor! Snowy Egrets were following fish herding Red-breasted Mergansers and DC Cormorants as they pushed anchovies into the shallows where they could easily catch them. I've never seen this behavior before! ,4,0,false,,"Moss Landing, CA 95039, USA",36.8102467619,-121.7883610725,15,,,,15,,open,false,,,Snowy Egret,Egretta thula,Garza dedos dorados,Aves,4940
9734443,bcc645b3-ba3c-48cc-b610-9d66b5d84eeb,2018/02/04 1:11 PM PST,2018-02-04,2018-02-04 21:11:00 +0000,Pacific Time (US & Canada),16101,dpom,Donna Pomeroy,2018-02-05 00:08:32 +0000,2023-07-04 18:44:10 +0200,research,CC-BY-NC,https://www.inaturalist.org/observations/9734443,https://inaturalist-open-data.s3.amazonaws.com/photos/13321026/medium.jpg,,"",,3,0,false,,"San Mateo, California, United States",37.5449533333,-122.2391633333,,,,,,,open,false,,,Snowy Egret,Egretta thula,Garza dedos dorados,Aves,4940
9735987,8deed483-9606-45fc-bb01-fa3a849af990,2018/02/04 8:46 AM MST,2018-02-04,2018-02-04 15:46:00 +0000,Mountain Time (US & Canada),254546,varajuan,Gordon Karre,2018-02-05 02:23:28 +0000,2018-02-05 05:36:44 +0000,research,CC-BY-NC,https://www.inaturalist.org/observations/9735987,https://inaturalist-open-data.s3.amazonaws.com/photos/13323575/medium.jpg,,"",,2,0,false,,"2757 E Guadalupe Rd, Gilbert, AZ 85234, USA",33.3639123,-111.7342994,235,,,,235,,open,false,,,Snowy Egret,Egretta thula,Garza dedos dorados,Aves,4940
9767797,7f5cc650-7f31-4459-b2e7-c7251bb0813d,2017/12/23 7:50 PM CST,2017-12-23,2017-12-24 01:50:00 +0000,Central Time (US & Canada),298995,ricardomiranda,Ricardo Miranda,2018-02-08 01:56:20 +0000,2018-04-25 13:56:24 +0200,research,CC-BY-NC,https://www.inaturalist.org/observations/9767797,https://inaturalist-open-data.s3.amazonaws.com/photos/13378618/medium.jpg,,"",,3,0,false,,"Tulum, Q.R., México",20.4102063338,-87.3060804605,14,,,,14,,open,false,,,Snowy Egret,Egretta thula,Garza dedos dorados,Aves,4940
10061721,c1f9c007-5950-4530-bc2b-31ebc101916b,2018/03/02 12:08 PM PST,2018-03-02,2018-03-02 20:08:00 +0000,Pacific Time (US & Canada),64372,richardwasson,Richard Olin Wasson,2018-03-03 00:10:22 +0000,2018-03-30 00:02:35 +0200,research,CC-BY-NC,https://www.inaturalist.org/observations/10061721,https://inaturalist-open-data.s3.amazonaws.com/photos/13850504/medium.jpeg,,"",,1,0,false,,"Santa Rosa, CA, USA",38.4523729277,-122.6537907778,8,,,,8,,open,false,,,Snowy Egret,Egretta thula,Garza dedos dorados,Aves,4940
10092266,abd85a1a-468b-4d80-a2c0-308d03c94c29,2018/03/04 2:46 PM PST,2018-03-04,2018-03-04 22:46:00 +0000,Pacific Time (US & Canada),3290,temminicki,Jeremiah Degenhardt,2018-03-05 00:31:58 +0000,2024-08-29 23:41:23 +0200,research,CC-BY-NC,https://www.inaturalist.org/observations/10092266,https://inaturalist-open-data.s3.amazonaws.com/photos/13903937/medium.jpg,,"",,2,0,false,,"Shoreview, San Mateo, CA, USA",37.5854321798,-122.3174214363,61,,,,61,,open,false,,,Snowy Egret,Egretta thula,Garza dedos dorados,Aves,4940
10160971,f7133f0d-7ca3-431b-8514-d9ee732b0486,2016/02/01 11:03 AM HST,2016-02-01,2016-02-01 21:03:00 +0000,Hawaii,624828,danielarellanes,Daniel Arellanes García,2018-03-10 03:49:21 +0000,2022-10-07 08:01:03 +0200,research,,https://www.inaturalist.org/observations/10160971,https://static.inaturalist.org/photos/14023615/medium.jpg,,"",,2,0,false,,"Santa María Huatulco, Oax., México",15.7889499032,-96.050548553,122,,,,122,,open,false,,,Garza dedos dorados,Egretta thula,Garza dedos dorados,Aves,4940
10358098,9392b588-f4b1-454c-9672-b0ff9c56ef48,2018/03/21 10:17 AM CDT,2018-03-21,2018-03-21 15:17:00 +0000,Central Time (US & Canada),216307,james52,James Coquat,2018-03-22 15:27:37 +0000,2018-05-24 07:29:12 +0200,research,CC-BY-NC,https://www.inaturalist.org/observations/10358098,https://inaturalist-open-data.s3.amazonaws.com/photos/14367865/medium.jpeg,,"",,3,0,false,,"Corpus Christi, TX, USA",27.7087657717,-97.326529026,15,,,,15,,open,false,,,Snowy Egret,Egretta thula,Garza dedos dorados,Aves,4940
10442155,9153019a-58a1-422d-9dfb-8ac91af1fec8,2018/03/26 2:53 PM EDT,2018-03-26,2018-03-26 20:53:00 +0200,Eastern Time (US & Canada),18303,marvelliott,Marv Elliott,2018-03-27 04:01:38 +0200,2024-04-08 01:20:32 +0200,research,CC-BY-NC,https://www.inaturalist.org/observations/10442155,https://inaturalist-open-data.s3.amazonaws.com/photos/14512111/medium.jpg,,"",,7,0,false,,"Palo Pinto County, TX, USA",32.881345,-98.5563283333,,,,,,,open,false,,,Snowy Egret,Egretta thula,Garza dedos dorados,Aves,4940
10472724,6145e0c5-a0af-43bc-9508-0aa1f971b417,2018/03/13 5:58 PM CST,2018-03-13,2018-03-13 22:58:00 +0000,Central Time (US & Canada),467037,luisave,Luis Mauricio Mena Páramo,2018-03-28 17:42:23 +0200,2024-01-18 05:38:26 +0000,research,,https://www.inaturalist.org/observations/10472724,https://static.inaturalist.org/photos/14557338/medium.jpg,,"",Superior izquierda.,3,0,false,,"León, Gto., México",21.1849116667,-101.69226,,,,,,,open,false,,,Garza dedos dorados,Egretta thula,Garza dedos dorados,Aves,4940
10610199,be226613-797b-4083-95d2-ffcaa4a1a5ea,Tue Apr 03 2018 11:39:36 GMT-0700 (PDT),2018-04-03,2018-04-03 20:39:36 +0200,Pacific Time (US & Canada),3494,damontighe,Damon Tighe,2018-04-04 11:06:03 +0200,2026-03-02 23:46:01 +0000,research,CC-BY-NC,https://www.inaturalist.org/observations/10610199,https://inaturalist-open-data.s3.amazonaws.com/photos/14797041/medium.jpg,,"",Egret going after my camera,4,0,false,3,"Bolsa Chica Ecological Reserve, Orange County, US-CA, US",33.702995,-118.05285,5,,,,5,,open,false,,,Snowy Egret,Egretta thula,Garza dedos dorados,Aves,4940
10764099,fef6b768-1905-4109-88cd-651d1386d2ff,Tue Apr 10 2018 17:24:05 GMT-0700 (PDT),2018-04-10,2018-04-11 02:24:05 +0200,Pacific Time (US & Canada),819219,observenw,"",2018-04-11 02:25:24 +0200,2021-04-16 04:44:06 +0200,research,,https://www.inaturalist.org/observations/10764099,https://static.inaturalist.org/photos/15051279/medium.jpg,,"",,2,0,false,3,"California Institute of Technology, Pasadena, CA, US",34.1379138333,-118.125275,10,,,,10,,open,false,,,Snowy Egret,Egretta thula,Garza dedos dorados,Aves,4940
10980109,d1a01a57-38f6-40eb-9962-a04f70ea29c9,Sun Apr 15 2018 16:08:39 GMT-0500 (CDT),2018-04-15,2018-04-15 23:08:39 +0200,Central Time (US & Canada),786409,lady_marinabem,,2018-04-15 23:08:42 +0200,2018-04-19 00:33:33 +0200,research,,https://www.inaturalist.org/observations/10980109,https://static.inaturalist.org/photos/15462304/medium.jpg,,"",,4,0,false,3,"Oak Lawn Park, Dallas, TX, US",32.8046032973,-96.8047992234,10,,,,10,,open,false,,,Snowy Egret,Egretta thula,Garza dedos dorados,Aves,4940
11393406,aa1450d9-4d6f-4649-92cc-bf187e60f029,2018/04/24 9:54 AM CDT,2018-04-24,2018-04-24 16:54:00 +0200,Central Time (US & Canada),77824,adorantes,Alfredo Dorantes Euan,2018-04-24 18:16:53 +0200,2024-05-13 23:17:04 +0200,research,,https://www.inaturalist.org/observations/11393406,https://static.inaturalist.org/photos/16240428/medium.jpeg,,"Aves Yucatán, Aves CICY","",3,0,false,,"Jardín Botánico Regional, CICY",21.028407,-89.639277,4,,,,4,,open,false,,"",Snowy Egret,Egretta thula,Garza dedos dorados,Aves,4940
11586050,d1eac677-ba1a-4d34-9941-4579629cdf92,2018/04/27 5:53 PM PDT,2018-04-27,2018-04-28 02:53:00 +0200,Pacific Time (US & Canada),427782,diego4nature,Diego Tamayo,2018-04-28 09:11:57 +0200,2018-09-16 04:10:24 +0200,research,CC-BY-NC,https://www.inaturalist.org/observations/11586050,https://inaturalist-open-data.s3.amazonaws.com/photos/16543463/medium.jpg,,"","The bird had frosty white feathers, a mostly black beak, and black legs. The base of the beak and feet were bright yellow. This one stayed still, motionless over the waters of the Freshwater Lake.",1,0,false,,"Bonita, San Dimas, CA, USA",34.0914947347,-117.7982385457,2,,,,2,,open,false,,,Snowy Egret,Egretta thula,Garza dedos dorados,Aves,4940
11892663,b91b7cff-d2fd-4785-9134-8430f1684f10,Sun Apr 29 2018 20:18:14 GMT-0700 (PDT),2018-04-29,2018-04-30 05:18:14 +0200,Pacific Time (US & Canada),913408,cricket4,,2018-04-30 18:45:22 +0200,2020-03-21 19:30:43 +0000,research,,https://www.inaturalist.org/observations/11892663,https://static.inaturalist.org/photos/17023607/medium.jpg,,"",,1,0,false,3,"Lindo Lake County Park, Lakeside, CA, US",32.8586104279,-116.9168446935,206,,,,206,,open,false,,,Snowy Egret,Egretta thula,Garza dedos dorados,Aves,4940
12177538,d1a4c345-ebfd-4eea-9326-8344e8da181d,2018/05/05 9:31 AM CDT,2018-05-05,2018-05-05 16:31:00 +0200,Central Time (US & Canada),472848,dbc,Don,2018-05-06 01:26:48 +0200,2021-11-11 22:42:40 +0000,research,CC-BY-NC,https://www.inaturalist.org/observations/12177538,https://inaturalist-open-data.s3.amazonaws.com/photos/17484549/medium.jpg,,"Birds, Hagerman NWR",,5,0,false,,"Grayson County, TX, USA",33.736015,-96.7679016667,,,,,,,open,false,,,Snowy Egret,Egretta thula,Garza dedos dorados,Aves,4940
12343721,2ec2fc41-2a63-45b0-839f-a34fb04882ec,2018/05/10 4:43 PM PDT,2018-05-10,2018-05-11 01:43:00 +0200,Pacific Time (US & Canada),228955,hikingsandiego,Linda Pardy,2018-05-11 06:00:45 +0200,2021-03-02 04:08:20 +0000,research,CC-BY,https://www.inaturalist.org/observations/12343721,https://inaturalist-open-data.s3.amazonaws.com/photos/17774194/medium.jpeg,,"",,1,0,false,,"Imperial Beach, CA, USA",32.5595472222,-117.1279666667,,,,,,,open,false,,,Snowy Egret,Egretta thula,Garza dedos dorados,Aves,4940
12348041,f058ab2c-dd3c-4909-9a90-20c547bc4c2f,2018/05/10 4:17 PM CDT,2018-05-10,2018-05-10 23:17:00 +0200,Central Time (US & Canada),775359,sarasimma,Sara Simma,2018-05-11 13:38:16 +0200,2023-09-25 00:56:55 +0200,research,CC-BY-NC,https://www.inaturalist.org/observations/12348041,https://inaturalist-open-data.s3.amazonaws.com/photos/17781882/medium.jpg,,"",,2,0,false,,"East Boston, Boston, MA, USA",42.3910868019,-70.9916049758,257,,,,257,,open,false,,,Snowy Egret,Egretta thula,Garza dedos dorados,Aves,4940
12557943,3e363c18-77c5-4a6e-973a-e1d04cbebb78,2018/05/17 11:43 AM CDT,2018-05-17,2018-05-17 18:43:00 +0200,Central Time (US & Canada),16836,hvillalonmoreno,Héctor Villalón Moreno,2018-05-18 00:05:16 +0200,2023-02-12 20:55:45 +0000,research,,https://www.inaturalist.org/observations/12557943,https://static.inaturalist.org/photos/18142245/medium.jpeg,,"",,1,0,false,,"Sin Nombre de Col 30, Guadalupe, N.L., México",25.6760271391,-100.235837996,4,,,,4,,open,false,,,Garza dedos dorados,Egretta thula,Garza dedos dorados,Aves,4940
12688332,78cba23f-426c-4d71-8486-a88d0d9feca3,Mon May 21 2018 15:52:48 GMT-0500 (CDT),2018-05-21,2018-05-21 22:52:48 +0200,Central Time (US & Canada),762836,napoleon1799,"",2018-05-21 23:07:30 +0200,2019-11-18 22:07:07 +0000,research,CC-BY-NC,https://www.inaturalist.org/observations/12688332,https://static.inaturalist.org/photos/18367830/medium.jpg,,"",,2,0,false,3,"Evangeline County, US-LA, US",30.5904380403,-92.4308527044,1048,,,,1048,,open,false,,,Snowy Egret,Egretta thula,Garza dedos dorados,Aves,4940
12707726,ef35513e-6643-4eb0-a9c5-a553a1c2d6eb,2018-04-22 12:05:47,2018-04-22,2018-04-22 21:05:47 +0200,Pacific Time (US & Canada),242824,carexobnupta,Mart Hughes,2018-05-22 16:31:08 +0200,2018-12-04 16:57:09 +0000,research,CC-BY-NC,https://www.inaturalist.org/observations/12707726,https://inaturalist-open-data.s3.amazonaws.com/photos/18400446/medium.jpeg,,"",,2,0,false,,"Bosque Del Apache National Wildlife Refuge, Socorro, New Mexico, United States",33.806035,-106.8787916667,,,,,,,open,false,,,Snowy Egret,Egretta thula,Garza dedos dorados,Aves,4940
12871175,f948f880-e585-4871-a6c8-01385c5cd3d3,2018/05/26 12:39 PM CDT,2018-05-26,2018-05-26 19:39:00 +0200,Central Time (US & Canada),71842,kimberlywalks,Laura Kimberly,2018-05-27 23:26:19 +0200,2018-08-10 00:30:21 +0200,research,CC-BY-NC,https://www.inaturalist.org/observations/12871175,https://inaturalist-open-data.s3.amazonaws.com/photos/18680335/medium.jpg,,"",,2,0,false,,"Grayson County, TX, USA",33.7395805556,-96.761175,,,,,,,open,false,,,Snowy Egret,Egretta thula,Garza dedos dorados,Aves,4940
12901832,acc863ac-beff-406f-a121-0c1982187b32,2018/05/28 1:00 PM CDT,2018-05-28,2018-05-28 20:00:00 +0200,Central Time (US & Canada),247323,anna22,Anna Stalcup,2018-05-28 21:44:19 +0200,2024-09-04 01:00:18 +0200,research,,https://www.inaturalist.org/observations/12901832,https://static.inaturalist.org/photos/18736525/medium.jpg,,"",,4,0,false,,"5808 McKinney Falls Pkwy, Austin, TX 78744, USA",30.1803582,-97.7217397,176,,,,176,,open,false,,,Snowy Egret,Egretta thula,Garza dedos dorados,Aves,4940
13353532,6e7c7353-14af-411a-96be-688ed85b6fd7,2018/06/10 9:43 AM CDT,2018-06-10,2018-06-10 16:43:00 +0200,Central Time (US & Canada),247323,anna22,Anna Stalcup,2018-06-12 03:49:33 +0200,2018-11-23 11:04:33 +0000,research,,https://www.inaturalist.org/observations/13353532,https://static.inaturalist.org/photos/19572349/medium.jpeg,,"",,2,0,false,,"Opal Cliffs, CA, USA",36.9574383726,-121.9770988354,122,,,,122,,open,false,,,Snowy Egret,Egretta thula,Garza dedos dorados,Aves,4940
13355117,54e38d07-fb73-4f3f-8485-c4b739a31105,2018/02/24 10:25 AM CST,2018-02-24,2018-02-24 16:25:00 +0000,Central Time (US & Canada),1012716,eleazarbenitezmartinez,"",2018-06-12 04:54:25 +0200,2018-06-12 05:40:03 +0200,research,CC-BY-NC,https://www.inaturalist.org/observations/13355117,https://inaturalist-open-data.s3.amazonaws.com/photos/19575093/medium.jpg,,"",,1,0,false,,Río San Marcos Ciudad Victoria Tamaulipas,23.7235676036,-99.1516794849,205,,,,205,,open,false,,,Garza dedos dorados,Egretta thula,Garza dedos dorados,Aves,4940
13478575,e8c806b2-f7c6-4666-a5ae-c73cf893e05a,2018/06/15 10:13 AM UTC,2018-06-15,,UTC,470229,joshl,Joshua Liverman,2018-06-16 16:01:17 +0200,2023-07-07 00:58:17 +0200,research,CC-BY,https://www.inaturalist.org/observations/13478575,https://inaturalist-open-data.s3.amazonaws.com/photos/19791167/medium.jpg,,"",,2,0,false,,"Corolla, NC 27927, USA",36.3802879,-75.8307777,6646,,,,6646,,open,false,,,Snowy Egret,Egretta thula,Garza dedos dorados,Aves,4940
13497151,9c2e815b-8abd-4992-8916-936c6dbd3f15,Sat Jun 16 2018 14:18:08 GMT-0700 (PDT),2018-06-16,2018-06-16 23:18:08 +0200,Pacific Time (US & Canada),6743,lhiggins,Lila Higgins,2018-06-17 01:02:00 +0200,2018-11-13 19:03:27 +0000,research,CC-BY,https://www.inaturalist.org/observations/13497151,https://static.inaturalist.org/photos/19823544/medium.jpg,,"",,2,0,false,3,"Los Angeles County, US-CA, US",34.1143320173,-118.265714494,26,,,,26,,open,false,,,Snowy Egret,Egretta thula,Garza dedos dorados,Aves,4940
13746918,5aded3b3-70e7-467a-acfb-29243eeb8857,2018/06/17 1:21 PM EDT,2018-06-17,2018-06-17 19:21:00 +0200,Eastern Time (US & Canada),164735,belyykit,"",2018-06-24 21:55:44 +0200,2019-08-21 20:05:51 +0200,research,CC-BY-NC,https://www.inaturalist.org/observations/13746918,https://inaturalist-open-data.s3.amazonaws.com/photos/20261044/medium.jpg,,"",,2,0,false,,"Accomack County, VA, USA",37.8936361111,-75.3570638889,,,,,,,open,false,,,Snowy Egret,Egretta thula,Garza dedos dorados,Aves,4940
14141055,5a286843-9c9b-4702-9cd2-d1b32dd51f58,2018/01/13 1:36 PM PST,2018-01-13,2018-01-13 21:36:00 +0000,Pacific Time (US & Canada),627861,amadorgreg,"",2018-07-07 21:29:34 +0200,2021-10-03 17:04:59 +0200,research,CC-BY-NC,https://www.inaturalist.org/observations/14141055,https://inaturalist-open-data.s3.amazonaws.com/photos/20954121/medium.jpeg,,"",,2,0,false,,"Southeastern Sacramento, Sacramento, CA, USA",38.564459843,-121.3886360499,242,,,,242,,open,false,,,Snowy Egret,Egretta thula,Garza dedos dorados,Aves,4940
14292800,b631bee6-b0c5-4779-84ed-94942dbabeb9,2018/07/10 6:30 PM CDT,2018-07-10,2018-07-11 01:30:00 +0200,Central Time (US & Canada),424662,lamc,"",2018-07-12 19:49:59 +0200,2018-07-18 05:08:14 +0200,research,CC-BY-NC,https://www.inaturalist.org/observations/14292800,https://inaturalist-open-data.s3.amazonaws.com/photos/21224969/medium.jpeg,,"",this is the first time I have seen one of there in Waller Creek - after some rain different types of long-legged water fowl like to fish here,4,0,false,,"Waller Creek, Austin, TX, USA",30.2968078,-97.7280928,4428,,,,4428,,open,false,,,Snowy Egret,Egretta thula,Garza dedos dorados,Aves,4940
14516200,b4cc49f1-01f5-4d61-b8bc-1775494be1a1,2018/07/19 7:27 AM EDT,2018-07-19,2018-07-19 13:27:00 +0200,Eastern Time (US & Canada),264251,rdebenham,Roger Debenham,2018-07-19 18:01:12 +0200,2018-07-19 20:49:09 +0200,research,CC-BY-NC,https://www.inaturalist.org/observations/14516200,https://inaturalist-open-data.s3.amazonaws.com/photos/21612917/medium.jpeg,,"",,2,0,false,,"Northwest Harwich, Harwich, MA, USA",41.6798645844,-70.1129783019,15,,,,15,,open,false,,,Snowy Egret,Egretta thula,Garza dedos dorados,Aves,4940
14632294,e9286203-7f05-405d-b6db-e4a1708a9c3c,2018/07/22 3:02 PM PDT,2018-07-22,2018-07-23 00:02:00 +0200,Pacific Time (US & Canada),250046,ungerlord,"",2018-07-23 06:33:05 +0200,2018-07-24 00:09:12 +0200,research,CC-BY-NC,https://www.inaturalist.org/observations/14632294,https://inaturalist-open-data.s3.amazonaws.com/photos/21821293/medium.jpg,,"","Saw this Great Egret muscling in on a Snowy Egret. 

Great Egret observation: https://www.inaturalist.org/observations/14632229",2,0,false,,"Fremont, CA, USA",37.5508388889,-122.1221777778,,,,,,,open,false,,,Snowy Egret,Egretta thula,Garza dedos dorados,Aves,4940
14753645,78ea6ef7-81af-4203-b094-1eff58d32bd7,Thu Jul 26 2018 11:05:32 GMT-0400 (EDT),2018-07-26,2018-07-26 17:05:32 +0200,Eastern Time (US & Canada),877342,nickburress2k2,Nicholas Burress (Nick),2018-07-26 18:35:46 +0200,2018-08-25 00:28:08 +0200,research,,https://www.inaturalist.org/observations/14753645,https://static.inaturalist.org/photos/22009865/medium.jpg,,"",,3,0,false,3,"Crescent Lakes Way, Kissimmee, FL, US",28.2271466667,-81.501655,5,,,,5,,open,false,,,Snowy Egret,Egretta thula,Garza dedos dorados,Aves,4940
15036866,eb2723c3-83e3-4000-8848-9941a94be59a,2018-08-01 10:33:50,2018-08-01,2018-08-01 17:33:50 +0200,Central Time (US & Canada),42817,gpstewart,Galen Stewart,2018-08-02 05:41:41 +0200,2024-07-11 20:20:18 +0200,research,CC-BY-NC,https://www.inaturalist.org/observations/15036866,https://static.inaturalist.org/photos/22443838/medium.jpg,,IMG_43374 Snowy Egret 08 01 18,Brushy Creek- Williamson Co TX,2,0,false,,"Forest Creek, Round Rock, Williamson Co TX",30.531161,-97.59036,28,,,,28,,open,false,,"",Snowy Egret,Egretta thula,Garza dedos dorados,Aves,4940
15042982,fd06f602-8698-40bd-b15f-d78057640fbb,2018/07/30 7:39 PM CDT,2018-07-30,2018-07-31 02:39:00 +0200,Central Time (US & Canada),1086644,sriverob,Sergio Rivero Beneitez,2018-08-02 15:24:31 +0200,2019-01-07 04:05:25 +0000,research,CC-BY-NC,https://www.inaturalist.org/observations/15042982,https://inaturalist-open-data.s3.amazonaws.com/photos/22454868/medium.jpg,,"",,4,0,false,,"Acapulco, Guerrero, Mexico",16.8134807858,-99.7508460577,2206,,,,2206,,open,false,,,Snowy Egret,Egretta thula,Garza dedos dorados,Aves,4940
15169280,0d5dbe45-9a3d-48a8-a2e2-cac63963c77e,2018/08/05 9:22 AM PDT,2018-08-05,2018-08-05 18:22:00 +0200,Pacific Time (US & Canada),828394,andreacala,Andrea Kreuzhage,2018-08-06 17:02:50 +0200,2025-03-19 09:56:57 +0000,research,CC-BY-NC,https://www.inaturalist.org/observations/15169280,https://inaturalist-open-data.s3.amazonaws.com/photos/22682768/medium.jpeg,,"","An adult Snowy Egret, with long feathers on its head, neck, and back, was standing on a well used tree trunk, eying a juvenile with pale-green legs and feet.",1,0,false,,"17000 Pacific Coast Hwy, Pacific Palisades, CA 90272, USA",34.0375408,-118.541712,250,,,,250,,open,false,,,Snowy Egret,Egretta thula,Garza dedos dorados,Aves,4940
15380696,efc099ca-8177-4f06-aabf-5c50b48dfe91,2018/08/12 8:41 AM PDT,2018-08-12,2018-08-12 17:41:00 +0200,Pacific Time (US & Canada),28,tiwane,Tony Iwane,2018-08-13 07:20:49 +0200,2025-11-18 22:36:44 +0000,research,CC-BY,https://www.inaturalist.org/observations/15380696,https://inaturalist-open-data.s3.amazonaws.com/photos/23049147/medium.jpg,,"alameda county, coyote hills regional park, east bay, san francisco bay, telephoto","Yes, you do have yellow feet.",2,0,false,,"Don Edwards San Francisco Bay National Wildlife Refuge, Alameda, California, United States",37.5464216667,-122.0937783333,,,,,,,open,false,,,Garza dedos dorados,Egretta thula,Garza dedos dorados,Aves,4940
15387260,c0abf111-2ea3-4cc9-b136-089713ce30d3,2018/08/12 12:00 PM EDT,2018-08-12,2018-08-12 18:00:00 +0200,Eastern Time (US & Canada),121021,cliygh-and-mia,Xavier,2018-08-13 16:29:35 +0200,2025-02-18 12:20:17 +0000,research,CC0,https://www.inaturalist.org/observations/15387260,https://static.inaturalist.org/photos/23061297/medium.jpg,,"Fayette, County, GA, Fayette county ga, Snowy, Egret, Snowy egret","Due to school and some minor problems with the site, probably going to take a break from Inat for a bit. Submitting these observations then starting the break",3,0,false,,"Lake Peachtree, Peachtree City, GA 30269, USA",33.3943426,-84.5759338,1055,,,,1055,,open,false,,,Snowy Egret,Egretta thula,Garza dedos dorados,Aves,4940
15711240,7a650ab2-c5ed-4d14-8aec-19aa6398ffc0,2018/08/19 12:01 PM PDT,2018-08-19,2018-08-19 21:01:00 +0200,Pacific Time (US & Canada),210688,marobertson,Mary Ann Robertson,2018-08-20 04:28:17 +0200,2019-03-04 04:13:36 +0000,research,CC-BY-NC,https://www.inaturalist.org/observations/15711240,https://inaturalist-open-data.s3.amazonaws.com/photos/23453652/medium.jpg,,Charleston Slough Mountain View CA,Snowy Egret eating a dragonfly.  After it caught the dragonfly it dunked it in the water several times before swallowing it.,2,0,false,,"Mountain View, CA, USA",37.4394536999,-122.0940448739,668,,,,668,,open,false,,,Snowy Egret,Egretta thula,Garza dedos dorados,Aves,4940
15751476,15f10418-09c3-41eb-9a11-e166f24c7319,2018/08/13 10:56 AM CDT,2018-08-13,2018-08-13 17:56:00 +0200,Central Time (US & Canada),1152941,simonrolph,Simon Rolph,2018-08-21 14:42:03 +0200,2022-09-22 15:42:18 +0200,research,CC-BY,https://www.inaturalist.org/observations/15751476,https://inaturalist-open-data.s3.amazonaws.com/photos/23525674/medium.jpeg,,"",,2,0,false,,"St Tammany Parish, LA, USA",30.3324597874,-90.0396000738,122,,,,122,,open,false,,,Snowy Egret,Egretta thula,Garza dedos dorados,Aves,4940
16131529,6a7dd888-17a2-4a7f-8d86-1b06865c1766,2018-09-02 7:59:23 AM EDT,2018-09-02,2018-09-02 13:59:23 +0200,Eastern Time (US & Canada),175837,tsn,Tom Norton,2018-09-02 16:12:50 +0200,2023-09-28 13:43:29 +0200,research,CC-BY,https://www.inaturalist.org/observations/16131529,https://inaturalist-open-data.s3.amazonaws.com/photos/24175552/medium.jpeg,,"",2 Ardea alba + 3 Egretta thula (see duplicate observation),4,0,false,,"Cumberland County, US-ME, US",43.6585326529,-70.2886151903,6,,,,27443,obscured,open,true,,,Snowy Egret,Egretta thula,Garza dedos dorados,Aves,4940
16146089,4deb3ae4-bec4-40be-b253-4fd698f1b1ea,2018/09/02 10:30 AM PDT,2018-09-02,2018-09-02 19:30:00 +0200,Pacific Time (US & Canada),159364,milliebasden,Millie Basden,2018-09-02 23:10:24 +0200,2018-09-04 01:20:20 +0200,research,CC-BY,https://www.inaturalist.org/observations/16146089,https://inaturalist-open-data.s3.amazonaws.com/photos/24199582/medium.jpeg,,"",,2,0,false,,"Santee, CA, USA",32.85796,-117.0092466667,,,,,,,open,false,,,Snowy Egret,Egretta thula,Garza dedos dorados,Aves,4940
16404887,4d1a4356-f82a-4273-8dcc-54b9067ca4f4,2018/08/31 9:42 PM HST,2018-08-31,2018-09-01 09:42:00 +0200,Hawaii,414695,amynature,"",2018-09-11 02:07:00 +0200,2018-09-12 19:11:53 +0200,research,,https://www.inaturalist.org/observations/16404887,https://static.inaturalist.org/photos/24676635/medium.jpeg,,"",,4,0,false,,"White Rock Lake, Dallas, TX, USA",32.828066,-96.7253164,3070,,,,3070,,open,false,,,Snowy Egret,Egretta thula,Garza dedos dorados,Aves,4940
16474622,b7cb0c8a-8ad2-4e40-b25c-8e66c067ccb5,Wed Sep 12 2018 17:32:49 GMT-0400 (EDT),2018-09-12,2018-09-12 23:32:49 +0200,Eastern Time (US & Canada),34722,ibrake4botany,Lindsay Willrick,2018-09-13 03:09:26 +0200,2024-08-29 22:12:43 +0200,research,CC-BY-NC,https://www.inaturalist.org/observations/16474622,https://inaturalist-open-data.s3.amazonaws.com/photos/24792348/medium.jpg,,"",,3,0,false,3,"3701 S Atlantic Ave, , FL, US",29.1468861667,-80.963845,5,,,,5,,open,false,,,Snowy Egret,Egretta thula,Garza dedos dorados,Aves,4940
16539751,31321325-5c4d-414b-adb1-e63d2404397e,2018/09/13 3:59 PM CDT,2018-09-13,2018-09-13 22:59:00 +0200,Central Time (US & Canada),467037,luisave,Luis Mauricio Mena Páramo,2018-09-15 03:24:35 +0200,2024-01-18 05:36:54 +0000,research,,https://www.inaturalist.org/observations/16539751,https://static.inaturalist.org/photos/24902740/medium.jpg,,"",,3,0,false,,"León, Gto., México",21.1759066667,-101.6980933333,,,,,,,open,false,,,Snowy Egret,Egretta thula,Garza dedos dorados,Aves,4940
16576883,a80c6490-5a1a-4142-9bd9-a9a550a2d74c,2018/09/15 4:49 PM EDT,2018-09-15,2018-09-15 22:49:00 +0200,Eastern Time (US & Canada),521996,brennafarrell,Brenna Farrell,2018-09-16 05:24:45 +0200,2025-05-09 21:15:51 +0200,research,CC-BY-NC,https://www.inaturalist.org/observations/16576883,https://static.inaturalist.org/photos/24967904/medium.jpeg,,"","There was a guy net fishing at the edge of the waves. Occasionally he would throw them fish, so they started to hang around him and the container he kept the fish in.",2,0,false,,"Ponce Inlet, FL, USA",29.0792009851,-80.9188654254,13,,,,13,,open,false,,,Snowy Egret,Egretta thula,Garza dedos dorados,Aves,4940
17222127,01440b40-8c29-4771-9812-fe856e7d19b9,2018-10-02 09:18:41,2018-10-02,2018-10-02 17:18:41 +0200,Mountain Time (US & Canada),539954,dlcoleman,Dennis Coleman,2018-10-05 20:44:06 +0200,2018-12-28 21:53:11 +0000,research,,https://www.inaturalist.org/observations/17222127,https://static.inaturalist.org/photos/26112954/medium.jpg,,"Snowy Egret, Utah, Aves, Wading Birds, Egretta thula, Farmington Bay WMA, Egret, Birds, Bird Photography, Birding, Snowy Egret (Egretta thula)","Farmington Bay WMA, UT",2,0,false,,"Utah, United States",40.950149,-111.935577,,,,,,,open,false,,"",Snowy Egret,Egretta thula,Garza dedos dorados,Aves,4940
17441513,fb251b3e-000e-48e0-992f-804b39c1daeb,2018/10/07 10:37 AM PDT,2018-10-07,2018-10-07 19:37:00 +0200,Pacific Time (US & Canada),988564,thumbwave,Craig Chaddock,2018-10-12 20:52:42 +0200,2019-06-10 15:57:30 +0200,research,CC-BY-NC,https://www.inaturalist.org/observations/17441513,https://inaturalist-open-data.s3.amazonaws.com/photos/26511874/medium.jpg,,"Egretta thula, Hollis Lake, Kumeyaay Lake, Mission Trails Regional Park, Snowy Egret","",3,0,false,,"Lake Murray, San Diego, CA, USA",32.8425757728,-117.0320148138,24,,,,24,,open,false,,,Snowy Egret,Egretta thula,Garza dedos dorados,Aves,4940
17586607,b64de1eb-1b92-4bb7-a6d2-b2d5977b2479,2018/09/22 12:32 PM EDT,2018-09-22,2018-09-22 18:32:00 +0200,Eastern Time (US & Canada),1164876,arlettealvarenga,,2018-10-17 07:15:56 +0200,2023-03-14 19:02:51 +0000,research,CC-BY-NC,https://www.inaturalist.org/observations/17586607,https://inaturalist-open-data.s3.amazonaws.com/photos/26775257/medium.jpg,,"snowy egret, florida bird, beach bird, birds, Egretta thula, white bird","Taxonomic Tree
Domain: Eukarya
Kingdom: Anamalia
Phylum: Chordata
Subphylum: Vertebrata
Class: Aves
Order: Pelecaniformes
Family: Ardeidae
Genus: Egretta
Species: Egretta thula

Habitat: Beach

Environmental Context: The bird was casually walking around the shore when I first observed it and did not fly off at any point. The beach had human visitors and long needle like fish in the ocean along with occasional dead fish likely due to the recent red tide, but there wasn't an exaggerated amount and none near the bird. 

Weather condition: 
- Temperature: Average 86°F, Low 78°F 
High 94°F 
-UV index: High UV 7/10 
-Humidity: 65% 
-Dew point: 71°F 
-Precipitation: 0 inches 
-Winds: Average 6 MPH 

Visual Description of Organism/ ID justification: The bird has a white body with yellow coloring near the eyes and on the feet along with a pointed black beak. The inaturalist suggested ID for the bird is already what I had in mind when I saw it at the beach as someone had mentioned Egrets were commonly spotted at the location.",1,0,false,,"1 Causeway Blvd, Dunedin, FL 34698, USA",28.0640813,-82.8304011,1901,,,,1901,,open,false,,,Snowy Egret,Egretta thula,Garza dedos dorados,Aves,4940
17660342,3dbe8344-1027-4319-b7a5-ae810bbd0066,2018/10/19 2:11 PM CDT,2018-10-19,2018-10-19 21:11:00 +0200,Central Time (US & Canada),757386,thebark,Barry Keith,2018-10-20 00:46:04 +0200,2018-11-28 04:26:44 +0000,research,CC-BY-NC,https://www.inaturalist.org/observations/17660342,https://inaturalist-open-data.s3.amazonaws.com/photos/26908961/medium.jpeg,,Clapp Park -- Arboretum,Everybody needs a shake now and then.  ,1,0,false,,"Clapp Park, Lubbock, TX, USA",33.5537830648,-101.8655621671,15,,,,15,,open,false,,,Snowy Egret,Egretta thula,Garza dedos dorados,Aves,4940
17814502,418dde77-a4cf-4b54-9fae-c43a47420fb0,2018/10/24 6:19 PM CDT,2018-10-24,2018-10-25 01:19:00 +0200,Central Time (US & Canada),467037,luisave,Luis Mauricio Mena Páramo,2018-10-25 05:07:55 +0200,2024-01-18 05:36:00 +0000,research,,https://www.inaturalist.org/observations/17814502,https://static.inaturalist.org/photos/27186146/medium.jpg,,"",,4,0,false,,"León, Gto., México",21.175075,-101.6976483333,,,,,,,open,false,,,Garza dedos dorados,Egretta thula,Garza dedos dorados,Aves,4940
17871547,22197b0c-f386-4d66-9750-269be6392e26,2018/10/25 1:32 PM PDT,2018-10-25,2018-10-25 22:32:00 +0200,Pacific Time (US & Canada),335645,ldjaffe,"",2018-10-27 09:09:16 +0200,2018-10-27 16:22:24 +0200,research,CC-BY-NC,https://www.inaturalist.org/observations/17871547,https://inaturalist-open-data.s3.amazonaws.com/photos/27286442/medium.jpg,,Struve Slough,,2,0,false,,Struve Slough Lee Rd.,36.9039443807,-121.7863391333,382,,,,382,,open,false,,,Snowy Egret,Egretta thula,Garza dedos dorados,Aves,4940
17943655,d6b7ecd9-8680-48c3-984f-a48ccb410f8d,2018/10/29 8:21 AM PDT,2018-10-29,2018-10-29 15:21:00 +0000,Pacific Time (US & Canada),1197115,maybekadi,Kadi E,2018-10-29 20:51:18 +0000,2018-10-30 17:37:27 +0000,research,CC-BY-NC,https://www.inaturalist.org/observations/17943655,https://inaturalist-open-data.s3.amazonaws.com/photos/27416148/medium.jpg,,"","Black bill, yellow feet! Seen at Bolsa Chica Ecological Reserve.",2,0,false,,"Orange County, CA, USA",33.6998527467,-118.0502956349,50,,,,50,,open,false,,,Snowy Egret,Egretta thula,Garza dedos dorados,Aves,4940
18110850,94e1d254-d4f8-40bb-91bb-f8cca50e5629,2018/10/24 6:48 PM CDT,2018-10-24,2018-10-25 01:48:00 +0200,Central Time (US & Canada),467037,luisave,Luis Mauricio Mena Páramo,2018-11-05 02:06:04 +0000,2024-01-18 05:35:33 +0000,research,,https://www.inaturalist.org/observations/18110850,https://static.inaturalist.org/photos/27691721/medium.jpg,,"",,3,0,false,,"León, Gto., México",21.1750333333,-101.697635,,,,,,,open,false,,,Garça-branca-americana,Egretta thula,Garza dedos dorados,Aves,4940
18110870,10073bc0-7832-4a56-b7f2-cf29104167ef,2018/10/24 6:42 PM CDT,2018-10-24,2018-10-25 01:42:00 +0200,Central Time (US & Canada),467037,luisave,Luis Mauricio Mena Páramo,2018-11-05 02:06:40 +0000,2024-01-18 05:35:32 +0000,research,,https://www.inaturalist.org/observations/18110870,https://static.inaturalist.org/photos/27691752/medium.jpg,,"",Primer plano.,3,0,false,,"León, Gto., México",21.175045,-101.6976283333,,,,,,,open,false,,,Garça-branca-americana,Egretta thula,Garza dedos dorados,Aves,4940
18399013,4bd437d2-10bd-43d6-8294-c8eee6bd3df2,2018/11/14 12:01 PM PST,2018-11-14,2018-11-14 20:01:00 +0000,Pacific Time (US & Canada),1197115,maybekadi,Kadi E,2018-11-14 22:59:41 +0000,2018-11-17 06:22:05 +0000,research,CC-BY-NC,https://www.inaturalist.org/observations/18399013,https://inaturalist-open-data.s3.amazonaws.com/photos/28121707/medium.jpg,,"","",2,0,false,,"Long Beach, CA, USA",33.8127367841,-118.0844154318,62,,,,62,,open,false,,,Snowy Egret,Egretta thula,Garza dedos dorados,Aves,4940
18542713,f02cb0db-13cf-4a22-bf16-7bfd388a3f37,Wed Nov 21 2018 12:04:29 GMT-0800 (PST),2018-11-21,2018-11-21 20:04:29 +0000,Pacific Time (US & Canada),1201892,angelina32,Angelina Nguyen,2018-11-21 20:05:41 +0000,2018-11-27 22:55:09 +0000,research,,https://www.inaturalist.org/observations/18542713,https://static.inaturalist.org/photos/28366693/medium.jpg,,"",,2,0,false,3,"Bolsa Chica Ecological Reserve, Huntington Beach, CA, US",33.70792,-118.0564888333,6,,,,6,,open,false,,,Snowy Egret,Egretta thula,Garza dedos dorados,Aves,4940
18591966,955b76e5-fd98-4c99-8613-f75d23a9919c,2018-11-23 12:31:36 PM EST,2018-11-23,2018-11-23 17:31:36 +0000,Eastern Time (US & Canada),1364519,jessy22,Jessy Flowers,2018-11-24 04:16:11 +0000,2018-12-17 16:06:33 +0000,research,,https://www.inaturalist.org/observations/18591966,https://static.inaturalist.org/photos/28465859/medium.jpg,,"",,1,0,false,2,"Big Cypress National Preserve, 33100 Tamiami Trail E, Ochopee, FL 34141, USA",26.03350788,-81.0526851565,8415,,,,8415,,open,false,gps,gps,Snowy Egret,Egretta thula,Garza dedos dorados,Aves,4940
18666816,5ba94335-fdcb-4eee-a9da-c087983fc228,2018/11/23 11:31 PM MST,2018-11-23,2018-11-24 06:31:00 +0000,Mountain Time (US & Canada),267826,southwestwanderer,"",2018-11-27 03:46:49 +0000,2019-03-04 03:51:47 +0000,research,CC-BY-NC,https://www.inaturalist.org/observations/18666816,https://inaturalist-open-data.s3.amazonaws.com/photos/28576168/medium.jpeg,,"",,1,0,false,,"Salton Sea, California, USA",33.3286185,-115.8434122,459,,,,459,,open,false,,,Snowy Egret,Egretta thula,Garza dedos dorados,Aves,4940
18767993,c2154002-0096-486b-9769-162121ad37d5,Sun Nov 11 2018 07:59:36 GMT-0800 (PST),2018-11-11,2018-11-11 15:59:36 +0000,Pacific Time (US & Canada),1197338,ingridgago,Ingrid Gago,2018-12-02 02:30:17 +0000,2018-12-04 23:34:18 +0000,research,,https://www.inaturalist.org/observations/18767993,https://static.inaturalist.org/photos/28742575/medium.jpg,,"",,4,0,false,3,"Colorado Lagoon, Long Beach, CA, US",33.7708937177,-118.1344427731,212,,,,212,,open,false,,,Snowy Egret,Egretta thula,Garza dedos dorados,Aves,4940
18811877,58f86d01-f27f-42ef-be68-eb27bb0062bf,2018-12-03 3:03:51 PM PST,2018-12-03,2018-12-03 23:03:51 +0000,Pacific Time (US & Canada),1192369,jely,anayeli,2018-12-03 23:18:59 +0000,2018-12-04 03:09:51 +0000,research,CC-BY-NC,https://www.inaturalist.org/observations/18811877,https://inaturalist-open-data.s3.amazonaws.com/photos/28813791/medium.jpeg,,"",,1,0,false,2,"Bike Path, Huntington Beach, CA 92649, USA",33.70390332,-118.05283894,5,,,,5,,open,false,,,Snowy Egret,Egretta thula,Garza dedos dorados,Aves,4940
18816701,acb029e7-257f-47c0-b1a4-48ee713e15f4,Fri Nov 16 2018 10:13:24 GMT-0800 (PST),2018-11-16,2018-11-16 18:13:24 +0000,Pacific Time (US & Canada),1189712,carmentacson,,2018-12-04 03:10:10 +0000,2018-12-05 19:22:09 +0000,research,,https://www.inaturalist.org/observations/18816701,https://static.inaturalist.org/photos/28821733/medium.jpg,,"",,2,0,false,3,"El Dorado East Regional Park, Long Beach, CA, US",33.8088416667,-118.0871278333,10,,,,10,,open,false,,,Snowy Egret,Egretta thula,Garza dedos dorados,Aves,4940
18828620,537c377d-b0a5-4f33-b56b-2ae340eec8f5,2018-12-04 11:55:41 AM PST,2018-12-04,2018-12-04 19:55:41 +0000,Pacific Time (US & Canada),1197544,greg_observes,Greg Yotsov,2018-12-04 19:56:25 +0000,2018-12-12 18:14:11 +0000,research,,https://www.inaturalist.org/observations/18828620,https://static.inaturalist.org/photos/28841809/medium.jpeg,,"",,3,0,false,2,"Unnamed Road, Long Beach, CA 90808, USA",33.81436444,-118.08594226,7,,,,7,,open,false,,,Snowy Egret,Egretta thula,Garza dedos dorados,Aves,4940
18828697,31574b09-1505-42fc-aa5f-055a9f7f531f,2018-12-04 11:53:45 AM PST,2018-12-04,2018-12-04 19:53:45 +0000,Pacific Time (US & Canada),1195962,sarac4,"",2018-12-04 19:59:23 +0000,2018-12-05 06:48:06 +0000,research,CC-BY-NC,https://www.inaturalist.org/observations/18828697,https://inaturalist-open-data.s3.amazonaws.com/photos/28841892/medium.jpeg,,"",Hard to tell but it has black bill and yellow feet,2,0,false,2,"CA-1, Huntington Beach, CA 92649, USA",33.70751913,-118.05609057,6,,,,6,,open,false,,,Snowy Egret,Egretta thula,Garza dedos dorados,Aves,4940
18935075,8e38d154-eb58-43cd-9212-d64fa01ac982,2018/12/04 3:36 AM PST,2018-12-04,2018-12-04 11:36:00 +0000,Pacific Time (US & Canada),484431,ari10,Ari Boehm,2018-12-10 05:40:40 +0000,2025-08-02 06:47:57 +0200,research,CC-BY-NC,https://www.inaturalist.org/observations/18935075,https://inaturalist-open-data.s3.amazonaws.com/photos/29026681/medium.jpeg,,"",Why is its tongue hanging out of its throat?,3,0,false,,"18000 CA-1, Huntington Beach, CA 92648, USA",33.6956195,-118.0464005,196,,,,196,,open,false,,,Snowy Egret,Egretta thula,Garza dedos dorados,Aves,4940
19054667,e937e9c7-eade-48c8-8238-81c823b5967c,2018/12/15 1:02 PM CST,2018-12-15,2018-12-15 19:02:00 +0000,Central Time (US & Canada),713163,javier_quiroz,"",2018-12-16 20:29:40 +0000,2019-01-10 18:13:57 +0000,research,CC-BY-NC,https://www.inaturalist.org/observations/19054667,https://inaturalist-open-data.s3.amazonaws.com/photos/29230234/medium.jpg,,"",,2,0,false,,"Toluca, Méx., México",19.3609816667,-99.6861166667,,,,,,,open,false,,,Garza dedos dorados,Egretta thula,Garza dedos dorados,Aves,4940
19080616,e83948cf-7bd6-4883-8c97-a6e050a310e4,2018/12/16 11:49 AM CST,2018-12-16,2018-12-16 17:49:00 +0000,Central Time (US & Canada),506480,toromx,Omar Del Toro,2018-12-18 05:14:02 +0000,2023-07-07 07:21:23 +0200,research,CC-BY-NC,https://www.inaturalist.org/observations/19080616,https://inaturalist-open-data.s3.amazonaws.com/photos/29277252/medium.jpg,,"",,1,0,false,,"Manzanillo, Col., México",19.086855,-104.3032133333,,,,,,,open,false,,,Snowy Egret,Egretta thula,Garza dedos dorados,Aves,4940
19080633,e02cdbec-494e-411d-8d91-b18a9fd6147f,2018/12/16 11:49 AM CST,2018-12-16,2018-12-16 17:49:00 +0000,Central Time (US & Canada),506480,toromx,Omar Del Toro,2018-12-18 05:17:18 +0000,2023-07-07 07:21:50 +0200,research,CC-BY-NC,https://www.inaturalist.org/observations/19080633,https://inaturalist-open-data.s3.amazonaws.com/photos/29277289/medium.jpg,,"",,1,0,false,,"Manzanillo, Col., México",19.086855,-104.3032133333,,,,,,,open,false,,,Snowy Egret,Egretta thula,Garza dedos dorados,Aves,4940
19128363,dd5991c8-3b70-4ebb-98dc-a9828a1d0114,2018/12/20 1:03 PM HST,2018-12-20,2018-12-20 23:03:00 +0000,Hawaii,206492,wild-about-texas,Michael Price,2018-12-21 03:37:46 +0000,2025-07-03 20:32:17 +0200,research,CC-BY-NC,https://www.inaturalist.org/observations/19128363,https://inaturalist-open-data.s3.amazonaws.com/photos/29363150/medium.jpeg,,"",,2,0,false,,"Hidalgo, 88160 Nuevo Laredo, Tamps., Mexico",27.4982271645,-99.5167068688,4,,,,4,,open,false,,,Snowy Egret,Egretta thula,Garza dedos dorados,Aves,4940
19297025,b14d5f2c-13a2-4885-8ead-cc6e8b49d162,Sat Dec 29 2018 14:40:39 GMT-0500 (EST),2018-12-29,2018-12-29 19:40:39 +0000,Eastern Time (US & Canada),9432,ashley_bradford,Ashley M Bradford,2018-12-29 22:41:07 +0000,2019-01-12 21:54:42 +0000,research,CC-BY-NC,https://www.inaturalist.org/observations/19297025,https://inaturalist-open-data.s3.amazonaws.com/photos/29662210/medium.jpg,,"",,2,0,false,3,"Emerson Point Preserve, Bradenton, FL, US",27.5322166667,-82.646645,5,,,,5,,open,false,,,Snowy Egret,Egretta thula,Garza dedos dorados,Aves,4940
19304572,503c2220-1da0-4fde-ad93-aae50e8ef3b1,2018/12/29 2:23 PM MST,2018-12-29,2018-12-29 21:23:00 +0000,Mountain Time (US & Canada),261418,rudeeric,Eric Rude,2018-12-30 06:07:18 +0000,2023-01-24 19:53:44 +0000,research,CC-BY-NC,https://www.inaturalist.org/observations/19304572,https://inaturalist-open-data.s3.amazonaws.com/photos/29676113/medium.jpg,,"",                               ,1,0,false,,"Westchester, Los Angeles, CA, USA",33.9824899994,-118.4034563114,8,,,,8,,open,false,,,Snowy Egret,Egretta thula,Garza dedos dorados,Aves,4940
19312286,511e4b37-ce70-4bea-9cb7-dcf707cecd65,2018/12/24 8:51 AM UTC,2018-12-24,,UTC,468528,spohlman,Scott Pohlman,2018-12-30 17:13:13 +0000,2019-01-01 06:31:50 +0000,research,,https://www.inaturalist.org/observations/19312286,https://static.inaturalist.org/photos/29689457/medium.jpeg,,"",,2,0,false,,"New Smyrna Beach, FL, USA",29.0318863889,-80.8913763889,,,,,,,open,false,,,Snowy Egret,Egretta thula,Garza dedos dorados,Aves,4940
19320900,4b76d63e-d6b2-4b31-a1d1-50e48bce6554,2018/12/30 12:17 PM CST,2018-12-30,2018-12-30 18:17:00 +0000,Central Time (US & Canada),17056,fvaldesp_tutor,Francisco Valdes Perezgasga,2018-12-31 00:32:04 +0000,2019-01-08 17:57:32 +0000,research,CC-BY-NC-ND,https://www.inaturalist.org/observations/19320900,https://inaturalist-open-data.s3.amazonaws.com/photos/29703943/medium.jpg,,"",          ,3,0,false,,"Lerdo, Dgo., México",25.4237055054,-103.7469217729,8,,,,8,,open,false,,,Garza dedos dorados,Egretta thula,Garza dedos dorados,Aves,4940
19363357,d1f1bece-8930-43fd-81b8-203e4e8d0a56,2019/01/01 12:42 PM EST,2019-01-01,2019-01-01 17:42:00 +0000,Eastern Time (US & Canada),459139,sharleen_j,Sharleen,2019-01-01 23:45:32 +0000,2024-08-29 18:44:34 +0200,research,CC-BY-NC,https://www.inaturalist.org/observations/19363357,https://inaturalist-open-data.s3.amazonaws.com/photos/29777160/medium.jpeg,,"",,2,0,false,,"Charleston County, SC, USA",32.8758866028,-80.085193122,636,,,,636,,open,false,,,Snowy Egret,Egretta thula,Garza dedos dorados,Aves,4940
19447139,107000c8-e3ac-4d37-bcd3-007a6581bbaa,2014/03/27 6:55 AM EDT,2014-03-27,2014-03-27 10:55:00 +0000,Eastern Time (US & Canada),521719,davems,Dave,2019-01-05 19:19:47 +0000,2019-01-05 23:25:06 +0000,research,CC-BY-NC,https://www.inaturalist.org/observations/19447139,https://inaturalist-open-data.s3.amazonaws.com/photos/29917888/medium.jpg,,"",,3,0,false,,"Volusia, Florida, United States",29.078285,-80.917885,,,,,,,open,false,,,Snowy Egret,Egretta thula,Garza dedos dorados,Aves,4940
19449377,33a3c0c3-ac19-4859-81c1-9d7cce53b913,2017-04-16 08:37:07,2017-04-16,2017-04-16 14:37:07 +0200,Eastern Time (US & Canada),1243759,arthur-windsor,Arthur Windsor,2019-01-05 21:24:56 +0000,2025-12-31 10:52:40 +0000,research,CC-BY,https://www.inaturalist.org/observations/19449377,https://inaturalist-open-data.s3.amazonaws.com/photos/29922290/medium.jpg,,Favorite,"Hungryland Slough, PBC, FL",1,0,false,,"Hungryland Slough, FL, USA",26.873387,-80.275382,,,,,,,open,false,,"",Snowy Egret,Egretta thula,Garza dedos dorados,Aves,4940
19457464,0a0ddee8-241b-4fbd-8ca5-199bc5a29ea5,2019-01-04 3:48:00 PM PST,2019-01-04,2019-01-04 23:48:00 +0000,Pacific Time (US & Canada),1054154,megsf,,2019-01-06 03:44:15 +0000,2019-01-25 21:19:02 +0000,research,CC-BY-NC,https://www.inaturalist.org/observations/19457464,https://inaturalist-open-data.s3.amazonaws.com/photos/29936101/medium.jpeg,,"",,2,0,false,2,"202 Channel St, San Francisco, CA 94158, USA",37.7730560303,-122.3947219849,,,,,,,open,false,gps,gps,Snowy Egret,Egretta thula,Garza dedos dorados,Aves,4940
19786949,79675e1e-3260-4251-bfc9-6c7d09135f59,Mon Jan 21 2019 10:55:09 GMT-0800 (PST),2019-01-21,2019-01-21 18:55:09 +0000,Pacific Time (US & Canada),1437702,whazey,,2019-01-21 21:36:15 +0000,2020-05-04 16:43:24 +0200,research,CC-BY-NC,https://www.inaturalist.org/observations/19786949,https://inaturalist-open-data.s3.amazonaws.com/photos/30494368/medium.jpg,,"",,1,0,false,3,"27645 Sunrise Shore Dr, Menifee, CA, US",33.7180783333,-117.1467528333,5,,,,5,,open,false,,,Snowy Egret,Egretta thula,Garza dedos dorados,Aves,4940
19838178,a03bda2c-5a25-455b-bdcb-25fa5b772c65,2019/01/10 9:56 AM NZDT,2019-01-10,2019-01-09 20:56:00 +0000,Wellington,165659,simonnicholas,Simon Nicholas,2019-01-24 07:22:38 +0000,2022-05-07 21:38:55 +0200,research,CC-BY-NC,https://www.inaturalist.org/observations/19838178,https://inaturalist-open-data.s3.amazonaws.com/photos/30583818/medium.jpeg,,"",,1,0,false,,"San Diego, CA, USA",32.715738,-117.1610838,50209,,,,50209,,open,false,,,Snowy Egret,Egretta thula,Garza dedos dorados,Aves,4940
19955619,50d8ca2a-b625-4d30-b379-cd02012fa782,2019/01/28 9:43 AM PST,2019-01-28,2019-01-28 17:43:00 +0000,Pacific Time (US & Canada),53702,lonnyholmes,"",2019-01-29 22:13:52 +0000,2019-01-30 00:38:41 +0000,research,CC-BY-NC,https://www.inaturalist.org/observations/19955619,https://inaturalist-open-data.s3.amazonaws.com/photos/30791208/medium.jpg,,"",,1,0,false,,"Whitney, NV, USA",36.0881626558,-114.9880109397,7,,,,7,,open,false,,,Snowy Egret,Egretta thula,Garza dedos dorados,Aves,4940
19960161,1e6efcb2-b975-4bd0-9a3b-f4d6168bcc6d,2017/04/25 9:03 PM EDT,2017-04-25,2017-04-26 03:03:00 +0200,Eastern Time (US & Canada),129233,bill-blauvelt,Bill Blauvelt,2019-01-30 02:06:12 +0000,2023-04-04 23:37:03 +0200,research,CC-BY-NC,https://www.inaturalist.org/observations/19960161,https://inaturalist-open-data.s3.amazonaws.com/photos/30799098/medium.jpg,,"","With very red lores, indicating ready for mating.",2,0,false,,"Back Cove, Portland, ME, USA",43.6793094703,-70.2681447232,649,,,,649,,open,false,,,Snowy Egret,Egretta thula,Garza dedos dorados,Aves,4940
19960202,45536695-bdbe-453c-9da2-b7a9253d3d61,2019/01/28 8:29 AM HST,2019-01-28,2019-01-28 18:29:00 +0000,Hawaii,758510,mccreedy,Chris McCreedy,2019-01-30 02:08:29 +0000,2019-02-14 15:34:30 +0000,research,,https://www.inaturalist.org/observations/19960202,https://static.inaturalist.org/photos/30799237/medium.jpg,,"",Data entered at https://ebird.org/view/checklist/S52191199,3,0,false,,"Gilbert, AZ, USA",33.361921096,-111.7332038418,15,,,,15,,open,false,,,Snowy Egret,Egretta thula,Garza dedos dorados,Aves,4940
20043752,3b5920b8-05f7-4175-9c14-7a450419777b,2019/02/02 12:35 PM PST,2019-02-02,2019-02-02 20:35:00 +0000,Pacific Time (US & Canada),99304,phylogenomics,Jonathan Eisen,2019-02-03 01:04:45 +0000,2019-02-03 01:41:03 +0000,research,CC-BY,https://www.inaturalist.org/observations/20043752,https://inaturalist-open-data.s3.amazonaws.com/photos/30944935/medium.jpg,,"",,2,0,false,,"Yolo County, CA, USA",38.5521960256,-121.6240410053,15,,,,15,,open,false,,,Snowy Egret,Egretta thula,Garza dedos dorados,Aves,4940
20058995,37c0faaa-bb5b-4e82-b9da-cc27d7c961e3,2019/02/02 12:46 PM PST,2019-02-02,2019-02-02 20:46:00 +0000,Pacific Time (US & Canada),16101,dpom,Donna Pomeroy,2019-02-03 18:31:33 +0000,2023-07-04 18:44:10 +0200,research,CC-BY-NC,https://www.inaturalist.org/observations/20058995,https://inaturalist-open-data.s3.amazonaws.com/photos/30971913/medium.jpg,,"",,2,0,false,,"Ingold - Milldale, Burlingame, CA 94010, USA",37.6038,-122.3748166667,,,,,,,open,false,,,Snowy Egret,Egretta thula,Garza dedos dorados,Aves,4940
20065694,9ced355a-841c-4074-b299-a833c1555abd,2019/02/02 11:50 AM UTC,2019-02-02,,UTC,1072100,tarantulahawk,"",2019-02-03 22:46:30 +0000,2024-05-22 05:20:50 +0200,research,CC-BY-NC,https://www.inaturalist.org/observations/20065694,https://inaturalist-open-data.s3.amazonaws.com/photos/30982905/medium.jpeg,,"",,2,0,false,,"Maricopa County, US-AZ, US",33.2103200125,-111.6630554976,192,,,,28984,obscured,open,true,,,Snowy Egret,Egretta thula,Garza dedos dorados,Aves,4940
20285914,fc38fc10-e598-4fb7-a77b-08d5a2230ef6,2019/02/10 11:52 AM PST,2019-02-10,2019-02-10 19:52:00 +0000,Pacific Time (US & Canada),210826,jmaley,James M. Maley,2019-02-11 20:31:56 +0000,2019-02-16 09:05:36 +0000,research,CC-BY,https://www.inaturalist.org/observations/20285914,https://inaturalist-open-data.s3.amazonaws.com/photos/31316642/medium.jpg,,"",,2,0,false,,"Los Angeles, California, United States",33.9622016667,-118.4577066667,,,,,,,open,false,,,Snowy Egret,Egretta thula,Garza dedos dorados,Aves,4940
20332516,3e005b46-5ddb-4eaf-a88a-1761ae7d32af,2019/02/12 8:12 AM PST,2019-02-12,2019-02-12 16:12:00 +0000,Pacific Time (US & Canada),210826,jmaley,James M. Maley,2019-02-14 00:55:48 +0000,2025-08-04 18:38:33 +0200,research,CC-BY,https://www.inaturalist.org/observations/20332516,https://inaturalist-open-data.s3.amazonaws.com/photos/31393335/medium.jpg,,"",,1,0,false,,"Orange County, CA, USA",33.710335,-118.0592583333,,,,,,,open,false,,,Snowy Egret,Egretta thula,Garza dedos dorados,Aves,4940
20405593,5ca56a6f-0ede-419e-bd0c-9834ec42f1a5,2019/02/16 12:43 PM PST,2019-02-16,2019-02-16 20:43:00 +0000,Pacific Time (US & Canada),220795,neontetraploid,Steven Kurniawidjaja,2019-02-17 02:28:22 +0000,2019-09-24 08:28:04 +0200,research,CC-BY-NC,https://www.inaturalist.org/observations/20405593,https://inaturalist-open-data.s3.amazonaws.com/photos/31509310/medium.jpeg,,"",,1,0,false,,"13755 Fiji Way, Marina Del Rey, CA 90292, USA",33.9726059,-118.4463379,203,,,,203,,open,false,,,Snowy Egret,Egretta thula,Garza dedos dorados,Aves,4940
20798461,f49691fa-5255-46be-977d-c4b591d7fb3a,2019/02/25 9:29 PM EST,2019-02-25,2019-02-26 02:29:00 +0000,Eastern Time (US & Canada),887197,jamesspitznas,James Spitznas,2019-02-27 05:23:05 +0000,2019-03-02 04:16:49 +0000,research,,https://www.inaturalist.org/observations/20798461,https://static.inaturalist.org/photos/32077828/medium.jpg,,Lindo Lake,,1,0,false,,"Lakeside, CA, USA",32.8584,-116.9165722222,,,,,,,open,false,,,Snowy Egret,Egretta thula,Garza dedos dorados,Aves,4940
21014711,35132ef5-3131-41fc-b1fd-dd12818f9f42,2019/03/06 4:04 AM UTC,2019-03-06,,UTC,1502573,kgerner,,2019-03-07 03:32:55 +0000,2020-05-23 17:36:19 +0200,research,CC-BY-NC,https://www.inaturalist.org/observations/21014711,https://inaturalist-open-data.s3.amazonaws.com/photos/32459070/medium.jpg,,"",,1,0,false,,"Foster City, CA, USA",37.540844383,-122.2534867791,15,,,,15,,open,false,,,Snowy Egret,Egretta thula,Garza dedos dorados,Aves,4940
21333291,581f8643-7f82-49db-8bbb-79a39663b2bc,2011/03/05 10:54 AM PST,2011-03-05,2011-03-05 18:54:00 +0000,Pacific Time (US & Canada),99304,phylogenomics,Jonathan Eisen,2019-03-17 21:11:26 +0000,2022-06-11 07:53:57 +0200,research,CC-BY,https://www.inaturalist.org/observations/21333291,https://inaturalist-open-data.s3.amazonaws.com/photos/32991779/medium.jpg,,"iPhoto Converted, iPhoto Original",,5,2,false,,"Bodega Bay, CA 94923, USA",38.3302853495,-123.063162177,3344,,,,3344,,open,false,,,Snowy Egret,Egretta thula,Garza dedos dorados,Aves,4940
21418109,d6047825-5f38-4137-97f3-e2b5bc20628c,Fri Jan 04 2019 10:53:15 GMT-0500 (EST),2019-01-04,2019-01-04 15:53:15 +0000,Eastern Time (US & Canada),1486509,heclyde,,2019-03-20 14:07:15 +0000,2019-03-25 20:45:03 +0000,research,CC-BY-NC,https://www.inaturalist.org/observations/21418109,https://inaturalist-open-data.s3.amazonaws.com/photos/33136542/medium.jpg,,"",,7,2,false,3,"Long Boat Key, Longboat Key, FL, US",27.4416269689,-82.6897135014,2720,,,,2720,,open,false,,,Snowy Egret,Egretta thula,Garza dedos dorados,Aves,4940
21648603,d0bd5295-6819-4c5c-837e-0f4c6f1f0525,2019/03/26 10:14 AM PDT,2019-03-26,2019-03-26 17:14:00 +0000,Pacific Time (US & Canada),99304,phylogenomics,Jonathan Eisen,2019-03-27 00:27:57 +0000,2026-02-16 23:50:32 +0000,research,CC-BY,https://www.inaturalist.org/observations/21648603,https://inaturalist-open-data.s3.amazonaws.com/photos/33516484/medium.jpg,,"",,2,0,false,,"Windansea Beach, San Diego, CA 92037, USA",32.8311587,-117.2811488,209,,,,209,,open,false,,,Snowy Egret,Egretta thula,Garza dedos dorados,Aves,4940
21951579,8a76a8ce-52bd-4473-8399-053c040a6032,2019-03-31 11:36:40 AM PDT,2019-03-31,2019-03-31 20:36:40 +0200,Pacific Time (US & Canada),1448614,kylealhart,Kyle Alhart,2019-04-03 19:35:36 +0200,2019-04-05 08:36:45 +0200,research,CC-BY-NC,https://www.inaturalist.org/observations/21951579,https://inaturalist-open-data.s3.amazonaws.com/photos/34019907/medium.jpeg,,"",,1,0,false,2,"Unnamed Road, Careyes, Jal., Mexico",19.4443531036,-105.0322418213,,,,,,,open,false,gps,gps,Garza dedos dorados,Egretta thula,Garza dedos dorados,Aves,4940
22058759,3567151b-7e9a-4cdf-96b1-e3c05ecd48b6,Fri Apr 05 2019 17:35:31 GMT-0500 (CDT),2019-04-05,2019-04-05 19:35:31 +0200,UTC,920979,sam2173,Samantha Kagel,2019-04-06 00:37:29 +0200,2019-04-06 19:58:30 +0200,research,,https://www.inaturalist.org/observations/22058759,https://static.inaturalist.org/photos/34160372/medium.jpg,,"",,3,0,false,3,"Mustang Island, Port Aransas, TX, US",27.8368506627,-97.0489089099,5,,,,5,,open,false,,,Snowy Egret,Egretta thula,Garza dedos dorados,Aves,4940
22130308,8b372058-ff42-4db6-83dc-2e49db22d804,Sat Apr 06 2019 15:23:03 GMT-0700 (PDT),2019-04-06,2019-04-07 00:23:03 +0200,Pacific Time (US & Canada),1448613,kedwani,,2019-04-07 07:19:13 +0200,2019-04-10 17:12:14 +0200,research,CC-BY-NC,https://www.inaturalist.org/observations/22130308,https://inaturalist-open-data.s3.amazonaws.com/photos/34260402/medium.jpg,,"",,3,0,false,3,"SeaWorld San Diego, San Diego, CA, US",32.7663283333,-117.2266383333,8,,,,8,,open,false,,,Snowy Egret,Egretta thula,Garza dedos dorados,Aves,4940
22215166,361b8028-b8cf-44cb-8463-275241cd0e2c,2019/04/04 7:17 AM PDT,2019-04-04,2019-04-04 16:17:00 +0200,Pacific Time (US & Canada),206963,kfistanic,Kevin Fistanic,2019-04-09 01:14:25 +0200,2019-04-23 07:12:29 +0200,research,CC-BY-NC,https://www.inaturalist.org/observations/22215166,https://inaturalist-open-data.s3.amazonaws.com/photos/34394919/medium.jpeg,,"",,1,0,false,,"San Pedro, Los Angeles, CA, USA",33.7266573464,-118.2653121474,1377,,,,1377,,open,false,,,Snowy Egret,Egretta thula,Garza dedos dorados,Aves,4940
22413347,f07baf9f-b339-4ec7-b4a0-347064e4147f,2019/04/12 10:35 AM CDT,2019-04-12,2019-04-12 17:35:00 +0200,Mexico City,1523469,jacobyamahar6,Jacob Martinez,2019-04-13 17:43:20 +0200,2019-04-14 05:34:02 +0200,research,CC-BY-NC,https://www.inaturalist.org/observations/22413347,https://inaturalist-open-data.s3.amazonaws.com/photos/34715690/medium.jpeg,,"",,3,0,false,,"Zihuatanejo de Azueta, Gro., México",17.6842686363,-101.6399226284,977,,,,977,,open,false,,,Garza dedos dorados,Egretta thula,Garza dedos dorados,Aves,4940
22735744,9ddb318a-d90a-48b5-9719-e72a1672ff57,2014/06/21 2:10 PM EDT,2014-06-21,2014-06-21 20:10:00 +0200,Eastern Time (US & Canada),783450,salameander,Michelle Herman,2019-04-20 03:24:52 +0200,2020-08-02 00:08:50 +0200,research,CC-BY-NC,https://www.inaturalist.org/observations/22735744,https://inaturalist-open-data.s3.amazonaws.com/photos/35233519/medium.jpeg,,"",,2,0,false,,"Kings County, Gateway National Recreation Area, US-NY, US",40.6144059935,-73.8343033696,61,,,,61,,open,false,,,Snowy Egret,Egretta thula,Garza dedos dorados,Aves,4940
22969909,bb143406-35c7-431d-aebe-679b3a547e8b,2019/04/23 12:21 PM UTC,2019-04-23,2019-04-23 14:21:00 +0200,UTC,1306796,bert_filemyr,Bert Filemyr,2019-04-24 01:27:11 +0200,2019-08-08 15:12:13 +0200,research,CC-BY-NC,https://www.inaturalist.org/observations/22969909,https://inaturalist-open-data.s3.amazonaws.com/photos/35605089/medium.jpg,,Snowy Egret,,3,0,false,,"Galloway, NJ, USA",39.4587073478,-74.4232443226,1818,,,,1818,,open,false,,,Snowy Egret,Egretta thula,Garza dedos dorados,Aves,4940
23099176,413e6026-1018-483c-b9e8-9547d4aaf2d3,2016/01/23 1:56 PM NZDT,2016-01-23,2016-01-23 00:56:00 +0000,Auckland,1654948,jtweed,James Tweed,2019-04-26 07:26:39 +0200,2025-12-16 06:20:42 +0000,research,CC-BY-NC,https://www.inaturalist.org/observations/23099176,https://inaturalist-open-data.s3.amazonaws.com/photos/35811471/medium.jpeg,,"",Perching on the Venice Fishing Pier.,2,0,false,,"Los Angeles, CA, USA",33.9768463663,-118.470740375,31,,,,31,,open,false,,,Snowy Egret,Egretta thula,Garza dedos dorados,Aves,4940
23743316,cb3bbc2e-843c-42ed-b0f2-0669ec42b7f8,Sun Apr 28 2019 14:26:42 GMT-0700 (PDT),2019-04-28,2019-04-28 23:26:42 +0200,Pacific Time (US & Canada),1448595,cryshortal,,2019-04-28 23:29:34 +0200,2019-04-29 04:29:09 +0200,research,CC-BY-NC,https://www.inaturalist.org/observations/23743316,https://inaturalist-open-data.s3.amazonaws.com/photos/36742789/medium.jpg,,"",,2,0,false,3,"El Dorado Nature Center, Long Beach, CA, US",33.808542738,-118.0873602616,6,,,,6,,open,false,,,Snowy Egret,Egretta thula,Garza dedos dorados,Aves,4940
24136311,1c3c939e-2e04-488c-ac1e-dec37307eab5,2019/04/29 10:39 AM SST,2019-04-29,2019-04-28 23:39:00 +0200,Samoa,1600296,isabel_soria,"",2019-04-30 06:05:12 +0200,2019-04-30 07:50:05 +0200,research,CC-BY-NC,https://www.inaturalist.org/observations/24136311,https://inaturalist-open-data.s3.amazonaws.com/photos/37326482/medium.jpg,,"",,2,0,false,,"Calzada Juárez S/N, Félix Ireta, 58070 Morelia, Mich., México",19.6842196,-101.1953828,193,,,,193,,open,false,,,Garza dedos dorados,Egretta thula,Garza dedos dorados,Aves,4940
24326316,e2e190b1-b8d3-490d-9277-b1148e038387,2019/04/29 4:09 PM -0700,2019-04-29,2019-04-30 01:09:00 +0200,Arizona,312942,eliabenitez,Elia Benítez 🌻,2019-05-02 01:12:11 +0200,2019-05-02 02:59:08 +0200,research,,https://www.inaturalist.org/observations/24326316,https://static.inaturalist.org/photos/37614719/medium.jpg,,"",,2,0,false,,"Baja California, México",31.8593597297,-116.6258289878,31,,,,31,,open,false,,,Snowy Egret,Egretta thula,Garza dedos dorados,Aves,4940
24398164,9c827811-3d03-4a24-b23a-4a147ed10e7d,2019-05-02 10:42:45 AM PDT,2019-05-02,2019-05-02 19:42:45 +0200,Pacific Time (US & Canada),1448618,deister,,2019-05-02 23:26:00 +0200,2020-01-03 13:48:31 +0000,research,CC-BY-NC,https://www.inaturalist.org/observations/24398164,https://inaturalist-open-data.s3.amazonaws.com/photos/37725555/medium.jpeg,,"",,1,0,false,2,"2051 CA-1, Seal Beach, CA 90740, USA",33.7355224252,-118.0842780322,263,,,,263,,open,false,gps,gps,Snowy Egret,Egretta thula,Garza dedos dorados,Aves,4940
24499366,881a5d41-82da-4eaa-8816-385de6d2ca95,Fri May 03 2019 10:28:08 GMT-0700 (PDT),2019-05-03,2019-05-03 19:28:08 +0200,Pacific Time (US & Canada),1217138,alexaldanese,Alex Aldanese,2019-05-04 10:51:05 +0200,2019-05-04 20:24:52 +0200,research,,https://www.inaturalist.org/observations/24499366,https://static.inaturalist.org/photos/37884040/medium.jpg,,"",,1,0,false,3,"Bolsa Chica Ecological Reserve, Huntington Beach, CA, US",33.7062216667,-118.054825,3,,,,3,,open,false,,,Snowy Egret,Egretta thula,Garza dedos dorados,Aves,4940
24608017,1ed50ee7-6364-47a7-a255-65e28224f039,2019/05/04 1:25 PM PDT,2019-05-04,2019-05-04 22:25:00 +0200,Pacific Time (US & Canada),1448597,sierracn9,Sierra Noguera,2019-05-05 20:38:44 +0200,2019-05-06 05:30:33 +0200,research,CC-BY-NC,https://www.inaturalist.org/observations/24608017,https://inaturalist-open-data.s3.amazonaws.com/photos/38049315/medium.jpeg,,"",,4,0,false,,"Torrance, CA, USA",33.8267733512,-118.3429360852,300,,,,300,,open,false,,,Snowy Egret,Egretta thula,Garza dedos dorados,Aves,4940
24646363,781dbe3f-5c65-4636-aea3-4c6b9a59209d,2019/05/04 3:41 PM HST,2019-05-04,2019-05-05 03:41:00 +0200,Hawaii,1446250,marinarice,Marina Rice,2019-05-06 05:38:36 +0200,2021-09-08 00:42:44 +0200,research,,https://www.inaturalist.org/observations/24646363,https://static.inaturalist.org/photos/38109622/medium.jpeg,,"",,4,0,false,,"Harbor City, CA, USA",33.7841041182,-118.2916792146,244,,,,244,,open,false,,,Snowy Egret,Egretta thula,Garza dedos dorados,Aves,4940
24787218,23038570-831f-4bdb-8e06-0df2ba6ed28c,2019/05/07 7:19 PM CDT,2019-05-07,2019-05-08 02:19:00 +0200,Central Time (US & Canada),18812,mako252,Jon McIntyre,2019-05-08 17:40:50 +0200,2023-02-23 03:17:16 +0000,research,CC-BY-NC,https://www.inaturalist.org/observations/24787218,https://inaturalist-open-data.s3.amazonaws.com/photos/38334458/medium.jpeg,,"",,5,0,false,,"Kleberg County, TX, USA",27.4662002891,-97.2969372766,2,,,,2,,open,false,,,Snowy Egret,Egretta thula,Garza dedos dorados,Aves,4940
24795339,483f4170-5f7d-4e7d-aa3e-3fddcf59ef61,2019/05/08 10:52 AM MDT,2019-05-08,2019-05-08 18:52:00 +0200,Mountain Time (US & Canada),716335,krantzt,Tamar,2019-05-08 20:24:09 +0200,2019-07-20 08:17:01 +0200,research,CC-BY-NC,https://www.inaturalist.org/observations/24795339,https://inaturalist-open-data.s3.amazonaws.com/photos/38347591/medium.jpeg,,"",Three birds on the island with a Double-crested Cormorant for scale. ,1,0,false,,"245 Spruce St, Louisville, CO 80027, USA",39.969786,-105.143666,188,,,,188,,open,false,,,Snowy Egret,Egretta thula,Garza dedos dorados,Aves,4940
24838735,84322476-6b59-4530-b431-57b94e0f87c1,2019/05/04 7:04 PM EDT,2019-05-04,2019-05-05 01:04:00 +0200,Eastern Time (US & Canada),1153865,echocreek,Peter Jessen,2019-05-09 17:19:15 +0200,2019-11-04 20:37:27 +0000,research,CC-BY-NC,https://www.inaturalist.org/observations/24838735,https://inaturalist-open-data.s3.amazonaws.com/photos/38416835/medium.jpeg,,"",,2,0,false,,"Brigham City, UT, USA",41.5080630964,-112.0694732666,977,,,,977,,open,false,,,Snowy Egret,Egretta thula,Garza dedos dorados,Aves,4940
24932131,3387a80f-7217-41b6-bdcc-eda5ccb04774,2017/12/03 9:11 AM CST,2017-12-03,2017-12-03 15:11:00 +0000,Central Time (US & Canada),780918,pvanthull,patrick vant,2019-05-11 15:59:00 +0200,2026-02-09 19:24:02 +0000,research,CC-BY-NC,https://www.inaturalist.org/observations/24932131,https://inaturalist-open-data.s3.amazonaws.com/photos/38569996/medium.jpg,,"",,5,0,false,,"Zona Valle Oriente, 66278 San Pedro Garza García, N.L., Mexico",25.6439054834,-100.3300115041,59,,,,59,,open,false,,,Garza dedos dorados,Egretta thula,Garza dedos dorados,Aves,4940
25159186,8d6290c1-560e-4d19-bc10-fb065fd97d71,2019/05/09 10:05 AM EDT,2019-05-09,2019-05-09 16:05:00 +0200,Eastern Time (US & Canada),86267,j-naturalist,jNaturalist,2019-05-15 16:11:09 +0200,2019-12-15 21:15:08 +0000,research,,https://www.inaturalist.org/observations/25159186,https://static.inaturalist.org/photos/38943783/medium.jpeg,,"",,1,0,false,,"Great Bay Blvd, Little Egg Harbor Township, NJ 08087, USA",39.5526223,-74.3357105,10850,,,,10850,,open,false,,,Snowy Egret,Egretta thula,Garza dedos dorados,Aves,4940
25316770,81d2ee8c-5cae-4b89-8794-80e2e9a3ec69,2019/05/16 10:49 AM CDT,2019-05-16,2019-05-16 17:49:00 +0200,Central Time (US & Canada),312832,jwn,Justin,2019-05-18 16:52:30 +0200,2019-05-19 23:38:14 +0200,research,CC-BY-NC,https://www.inaturalist.org/observations/25316770,https://inaturalist-open-data.s3.amazonaws.com/photos/39197759/medium.jpeg,,"",,2,0,false,,"Dallas, Texas, United States",32.84536,-97.000215,,,,,,,open,false,,,Snowy Egret,Egretta thula,Garza dedos dorados,Aves,4940
25441979,bb46ec35-8b11-4091-b9e4-a145a4e5b2d1,Mon May 20 2019 10:05:08 GMT-0400 (EDT),2019-05-20,2019-05-20 16:05:08 +0200,Eastern Time (US & Canada),790233,stalinespinal,Stalin Espinal,2019-05-20 16:05:28 +0200,2020-06-18 04:13:17 +0200,research,,https://www.inaturalist.org/observations/25441979,https://static.inaturalist.org/photos/39406057/medium.jpg,,"",,2,0,false,3,"Shore Parkway Greenway, New York, NY, US",40.5834298884,-73.9212675724,8,,,,8,,open,false,,,Snowy Egret,Egretta thula,Garza dedos dorados,Aves,4940
25949534,abc3e7d8-f8ba-4ef0-a365-74934a9c1477,Tue May 28 2019 07:11:05 GMT-0400 (EDT),2019-05-28,2019-05-28 13:11:05 +0200,Eastern Time (US & Canada),987898,williamwisephoto,William Wise,2019-05-28 19:19:11 +0200,2021-10-03 19:27:42 +0200,research,,https://www.inaturalist.org/observations/25949534,https://static.inaturalist.org/photos/161302247/medium.jpg,,"","Incredible sight of a Rookery on the ""Ibis Pond"" at Pickney Island National Wildlife Refuge . Many Great Egrets, Snowy Egrets and Little Blue Herons actively flying and fishing early in the morning. Were all in the trees later in the afternoon. See the nature photo journal  at http://williamwisephoto.com/photographyblog/pickney-island-rookery",4,0,false,3,"Pinckney Island National Wildlife Refuge, Beaufort, SC, US",32.2421816667,-80.775295,,,,,,,open,false,,,Snowy Egret,Egretta thula,Garza dedos dorados,Aves,4940
25980925,fe22e4b2-45be-4cc8-b7e1-8ac5d4393a2f,Sat May 18 2019 09:13:52 GMT-0500 (CDT),2019-05-18,2019-05-18 16:13:52 +0200,Mexico City,398099,siruki,SIRUKI EDUCACIÓN AMBIENTAL A.C.,2019-05-29 05:55:16 +0200,2022-10-06 22:56:39 +0200,research,CC-BY-NC,https://www.inaturalist.org/observations/25980925,https://inaturalist-open-data.s3.amazonaws.com/photos/40301550/medium.jpg,,"",,2,0,false,3,"58342, Morelia, MICH, MX",19.6447,-101.27457,,,,,,,open,false,,,Garza dedos dorados,Egretta thula,Garza dedos dorados,Aves,4940
26065243,733ec4ef-edfb-472a-a3b1-493762a96d0d,Thu May 30 2019 08:01:25 GMT-0700 (PDT),2019-05-30,2019-05-30 17:01:25 +0200,Pacific Time (US & Canada),1069564,radrat,Dario Taraborelli,2019-05-30 18:27:36 +0200,2020-11-26 04:03:41 +0000,research,CC0,https://www.inaturalist.org/observations/26065243,https://inaturalist-open-data.s3.amazonaws.com/photos/40440048/medium.jpg,,"",,2,0,false,3,"W Point Loma Blvd, San Diego, CA, US",32.75244,-117.2291616667,,,,,,,open,false,,,Snowy Egret,Egretta thula,Garza dedos dorados,Aves,4940
26111210,3dce86d7-4c32-4267-b06c-96c067c9c1f2,Fri May 31 2019 07:31:37 GMT-0400 (EDT),2019-05-31,2019-05-31 13:31:37 +0200,Eastern Time (US & Canada),987898,williamwisephoto,William Wise,2019-05-31 15:09:33 +0200,2019-06-13 16:45:26 +0200,research,,https://www.inaturalist.org/observations/26111210,https://static.inaturalist.org/photos/40516411/medium.jpg,,"","Morning birding trip to Mitchelville/Fish Haul Beach Park, Hilton Head Island.  See the birding photo journal at http://williamwisephoto.com/photographyblog/birding-fish-haul-park",3,0,false,3,"Port Royal Sound, Hilton Head Island, SC, US",32.2457283333,-80.6897933333,,,,,,,open,false,,,Snowy Egret,Egretta thula,Garza dedos dorados,Aves,4940
26356442,b4038423-af4c-47b5-8788-dae87cc246a2,2019/05/16 4:59 PM EDT,2019-05-16,2019-05-16 22:59:00 +0200,Eastern Time (US & Canada),169388,dmhaan,Damon Haan,2019-06-04 01:19:56 +0200,2025-06-01 09:10:59 +0200,research,,https://www.inaturalist.org/observations/26356442,https://static.inaturalist.org/photos/40919367/medium.jpg,,"",,1,0,false,,"Cape May County, NJ, USA",38.9354446426,-74.9432373047,590,,,,590,,open,false,,,Snowy Egret,Egretta thula,Garza dedos dorados,Aves,4940
26768678,87c17588-0b72-4020-af20-36b940653719,2019/06/10 10:49 AM CDT,2019-06-10,2019-06-10 17:49:00 +0200,Central Time (US & Canada),1765301,tgbirdnerd,"",2019-06-10 22:52:55 +0200,2019-07-28 05:45:40 +0200,research,CC-BY-NC,https://www.inaturalist.org/observations/26768678,https://inaturalist-open-data.s3.amazonaws.com/photos/41584623/medium.jpeg,,"","3 Species. Great egret, Great blue heron, and snowy egret (Pictured here)
Unlike the heron, this snowy egret had to stretch himself over the edge to snatch fish. There were a few times where he almost fell over but he used his wings to balance himself.",2,0,false,,"Coppell, TX, USA",32.9799461525,-96.9845163362,2,,,,2,,open,false,,,Snowy Egret,Egretta thula,Garza dedos dorados,Aves,4940
26989941,d6fd0010-98be-4204-8560-26d8860c7c55,2019-06-14 5:33:04 a. m. GMT-05:00,2019-06-14,2019-06-15 00:33:04 +0200,Bogota,195654,israel7,Israel Lopez Monroy,2019-06-15 00:49:47 +0200,2024-05-23 20:29:02 +0200,research,,https://www.inaturalist.org/observations/26989941,https://static.inaturalist.org/photos/41947368/medium.jpeg,,"",,3,0,false,2,"Km 1 Emilio Portes Gil, Méx., México",19.6490962802,-99.9194882065,22,,,,22,,open,false,gps,gps,Snowy Egret,Egretta thula,Garza dedos dorados,Aves,4940
27041817,97b397e6-8df0-468b-afce-ff7563027c36,Sat Jun 15 2019 12:20:38 GMT-0400 (EDT),2019-06-15,2019-06-15 18:20:38 +0200,Eastern Time (US & Canada),1681889,pha1016,,2019-06-15 21:41:40 +0200,2019-08-29 22:29:12 +0200,research,CC-BY-NC,https://www.inaturalist.org/observations/27041817,https://inaturalist-open-data.s3.amazonaws.com/photos/42032197/medium.jpg,,"",,1,0,false,3,"State Route 52, Ocean City, NJ, US",39.2879684943,-74.583383987,168,,,,168,,open,false,,,Snowy Egret,Egretta thula,Garza dedos dorados,Aves,4940
27179783,28523887-5b23-4f7e-a68f-1ee08a4507be,2019/05/15 11:54 AM PDT,2019-05-15,2019-05-15 20:54:00 +0200,Pacific Time (US & Canada),1310562,dwightagan,Dwight Agan,2019-06-18 00:43:53 +0200,2020-01-16 19:54:00 +0000,research,,https://www.inaturalist.org/observations/27179783,https://static.inaturalist.org/photos/42261821/medium.jpeg,,"California, birds, mountain view, nature, shorebird way","shorebird way, mountain view. Audubon Egret office hours",2,0,false,,"Mountain View, CA, USA",37.4195071429,-122.0715135084,162,,,,162,,open,false,,,Snowy Egret,Egretta thula,Garza dedos dorados,Aves,4940
27869474,5854b8a3-a70d-4c65-a75f-90a532e34ee5,2019/06/29 7:13 AM EDT,2019-06-29,2019-06-29 13:13:00 +0200,Eastern Time (US & Canada),264251,rdebenham,Roger Debenham,2019-06-29 16:54:59 +0200,2023-09-25 00:56:52 +0200,research,CC-BY-NC,https://www.inaturalist.org/observations/27869474,https://inaturalist-open-data.s3.amazonaws.com/photos/43405666/medium.jpeg,,"",,6,0,false,,"Barnstable, MA, USA",41.6421843163,-70.2772037035,15,,,,15,,open,false,,,Snowy Egret,Egretta thula,Garza dedos dorados,Aves,4940
28503539,5b20c5ef-1c1e-4c93-a188-f502db781d85,2019/06/22 6:13 PM EDT,2019-06-22,2019-06-23 00:13:00 +0200,Eastern Time (US & Canada),387980,danielleparrott,Danielle Parrott,2019-07-09 18:21:18 +0200,2022-01-18 20:46:52 +0000,research,,https://www.inaturalist.org/observations/28503539,https://static.inaturalist.org/photos/44437377/medium.jpeg,,"",,2,0,false,,"Portland, ME, USA",43.6590993,-70.2568189,16348,,,,16348,,open,false,,,Snowy Egret,Egretta thula,Garza dedos dorados,Aves,4940
28901648,2d51dfce-8d0f-4770-8235-dafbc4bac2e8,2018/10/05 5:04 PM MST,2018-10-05,2018-10-06 02:04:00 +0200,Arizona,1980888,michael_smith,"",2019-07-16 02:06:12 +0200,2019-07-22 05:01:46 +0200,research,,https://www.inaturalist.org/observations/28901648,https://static.inaturalist.org/photos/45077784/medium.jpg,,"",,2,0,false,,"Glendale Recharge Ponds, Glendale, AZ 85307, USA",33.5254419,-112.2845998,767,,,,767,,open,false,,,Snowy Egret,Egretta thula,Garza dedos dorados,Aves,4940
29025334,89aeee5e-94e9-4445-be90-0e801e560c6b,2019/06/05 11:01 AM CDT,2019-06-05,2019-06-05 18:01:00 +0200,Guadalajara,16299,obaezm,Oscar Báez,2019-07-18 01:19:16 +0200,2022-10-06 22:54:03 +0200,research,CC-BY-NC,https://www.inaturalist.org/observations/29025334,https://inaturalist-open-data.s3.amazonaws.com/photos/45278058/medium.jpeg,,"",,3,0,false,,"Municipio de Chapala, Jal., México",20.2004833367,-103.3069452927,18,,,,18,,open,false,,,Garza dedos dorados,Egretta thula,Garza dedos dorados,Aves,4940
29150774,9d46a15a-5d3f-496e-ad60-364f171973e8,2019/07/19 3:12 PM CDT,2019-07-19,2019-07-19 22:12:00 +0200,Central Time (US & Canada),249927,photolizm,LizM,2019-07-20 04:13:14 +0200,2024-12-01 22:00:12 +0000,research,CC-BY-NC-ND,https://www.inaturalist.org/observations/29150774,https://static.inaturalist.org/photos/45482891/medium.jpg,,"",,3,0,false,,"Alabaster, AL, USA",33.185408951,-86.7676161663,160,,,,160,,open,false,,,Snowy Egret,Egretta thula,Garza dedos dorados,Aves,4940
29207509,e307973f-92e1-48dd-ac70-23a6e715dafd,2019/06/29 8:32 AM PDT,2019-06-29,2019-06-29 17:32:00 +0200,Pacific Time (US & Canada),583493,tothemax,Max Roberts,2019-07-21 01:41:08 +0200,2019-07-24 07:34:43 +0200,research,CC-BY-NC,https://www.inaturalist.org/observations/29207509,https://inaturalist-open-data.s3.amazonaws.com/photos/45571733/medium.jpeg,,"",,2,0,false,,"Charleston, SC, USA",32.7694298036,-79.9312169196,33,,,,33,,open,false,,,Snowy Egret,Egretta thula,Garza dedos dorados,Aves,4940
29209506,2af35cd6-1817-4980-adab-4c928867b98f,2019/07/20 1:16 PM PDT,2019-07-20,2019-07-20 22:16:00 +0200,Pacific Time (US & Canada),61883,cae1,Chris Evers,2019-07-21 02:17:23 +0200,2019-07-21 04:05:28 +0200,research,CC-BY-NC,https://www.inaturalist.org/observations/29209506,https://inaturalist-open-data.s3.amazonaws.com/photos/45575506/medium.jpeg,,"",,1,0,false,,"South San Francisco, CA, USA",37.6659397749,-122.3894958708,28,,,,28,,open,false,,,Snowy Egret,Egretta thula,Garza dedos dorados,Aves,4940
29336283,87d79657-dc7e-4fb6-898e-9cd50ada0348,2019-07-13,2019-07-13,,UTC,2037355,teacherjen3,,2019-07-22 21:50:02 +0200,2019-07-22 22:18:24 +0200,research,,https://www.inaturalist.org/observations/29336283,https://inaturalist-open-data.s3.amazonaws.com/photos/45779149/medium.jpeg,,"",,2,0,false,333,Huntington Beach,33.7028966667,-118.0051888833,,,,,,,open,false,,,Snowy Egret,Egretta thula,Garza dedos dorados,Aves,4940
29529379,a3f48992-8ae5-4e9a-bb42-6c6072bf821d,2019/06/27 9:05 PM MDT,2019-06-27,2019-06-28 05:05:00 +0200,Mountain Time (US & Canada),1499212,adkonings,Ad Konings,2019-07-25 21:54:17 +0200,2019-10-23 16:38:40 +0200,research,CC-BY-NC,https://www.inaturalist.org/observations/29529379,https://inaturalist-open-data.s3.amazonaws.com/photos/46089960/medium.jpg,,"",,1,0,false,,"San Luis Obispo County, CA, USA",35.34432,-120.8420983333,,,,,,,open,false,,,Snowy Egret,Egretta thula,Garza dedos dorados,Aves,4940
29857289,357233da-d243-4a03-ba09-bd2000b0b41b,2019/07/30 10:31 AM CDT,2019-07-30,2019-07-30 17:31:00 +0200,Central Time (US & Canada),1154385,sam727,Sam,2019-07-30 17:54:55 +0200,2020-02-23 18:27:00 +0000,research,,https://www.inaturalist.org/observations/29857289,https://static.inaturalist.org/photos/46620458/medium.jpg,,"",,1,0,false,,"Stow Creek, NJ, USA",39.4702626584,-75.3523458125,15,,,,15,,open,false,,,Snowy Egret,Egretta thula,Garza dedos dorados,Aves,4940
30318237,d1657f10-a985-49ce-9a52-05463c7b2aae,2019/08/04 9:33 AM EDT,2019-08-04,2019-08-04 15:33:00 +0200,Eastern Time (US & Canada),109148,cholzapfel,"",2019-08-06 19:29:43 +0200,2019-08-07 16:44:57 +0200,research,CC-BY-NC,https://www.inaturalist.org/observations/30318237,https://inaturalist-open-data.s3.amazonaws.com/photos/47357894/medium.jpeg,,"",,2,0,false,,"Galloway, NJ, USA",39.4532280556,-74.405225,,,,,,,open,false,,,Snowy Egret,Egretta thula,Garza dedos dorados,Aves,4940
30649602,553eac78-15ce-42e0-91be-e98820ca8366,2019/08/08 5:31 PM CDT,2019-08-08,2019-08-09 00:31:00 +0200,Mexico City,522215,iluro,"",2019-08-12 01:00:31 +0200,2021-10-03 17:05:19 +0200,research,CC-BY-NC,https://www.inaturalist.org/observations/30649602,https://inaturalist-open-data.s3.amazonaws.com/photos/47894443/medium.jpg,,"",,1,0,false,,"Nuevo Vallarta, Nay., México",20.6801926202,-105.286946961,15,,,,15,,open,false,,,Garza dedos dorados,Egretta thula,Garza dedos dorados,Aves,4940
31123237,b85aaa49-4da8-4188-9404-1dfcad06b19c,2018/06/26 11:25 AM CDT,2018-06-26,2018-06-26 18:25:00 +0200,Central Time (US & Canada),350225,kalamurphyking,Kala Murphy King,2019-08-19 17:48:36 +0200,2019-08-30 00:31:08 +0200,research,CC-BY-NC-ND,https://www.inaturalist.org/observations/31123237,https://inaturalist-open-data.s3.amazonaws.com/photos/48679935/medium.jpg,,"snowy egret, egret, white egret, small egret, aquatic bird, aquatic, water fowl, waders, white rock lake, dallas texas, aggressive, aggressive behavior, attacking, water by Winsted parking lot, displaying, mid air","White Rock lake
Pool by Winsted parking lot
Photo 1:
Almost Like a Ballet
First thing I do  at the spillway is to look over the fence to see if any wildlife is by the parking lot.  This time I had to scramble to get my camera up to capture a battle in progress.  Snowy egrets are known for engaging in mock territorial battles.  They look fierce but they never actually come in contact or inflict injuries.  I didn't have time to focus or fiddle, all I could do was point & click as quick as possible.
Photo 2:
This Battle Is Not Mock
They both leaped in the air so suddenly I didn't get all of the top one in this shot.  But it dawned on me that this was not the usual mock battle.  Contact was definitely being made.
Photo 3:
The Iron Claw
This reminded me of a wrestling move as the top snowy drove a sharp toenail into the skull of the lower sno
Photo 4:
Death Grip
Check out the grip they have on each other's foot!  And the one on top is driving that beak into the head of the lower one.  For sure not a mock battle.  This was the last shot I got.  The next action happened too fast for me to keep up.  Lower bird broke the grip and flew over the tree line with the other in hot pursuit.",4,0,false,,"Dallas, TX, USA winsted parking lot area",32.8141619445,-96.7274045607,88,,,,88,,open,false,,,Snowy Egret,Egretta thula,Garza dedos dorados,Aves,4940
31349012,a7a6784f-5272-4527-ae4f-fa98fc3f9564,2014/04/10 8:33 PM HST,2014-04-10,2014-04-11 08:33:00 +0200,Hawaii,63043,mc1991,Michele Chiacchio,2019-08-23 17:36:15 +0200,2020-12-07 11:00:42 +0000,research,CC-BY-NC,https://www.inaturalist.org/observations/31349012,https://static.inaturalist.org/photos/49056606/medium.jpeg,,"","",1,0,false,,"Provincia di Limón, Cantone di Pococí, Costa Rica",10.3438704526,-83.3966412686,61,,,,61,,open,false,,,Snowy Egret,Egretta thula,Garza dedos dorados,Aves,4940
31577739,d494650b-a408-40b6-8fef-07c1367d59a1,2019/08/26 11:29 AM MDT,2019-08-26,2019-08-26 19:29:00 +0200,Mountain Time (US & Canada),1086516,krechols13,Kayla Echols,2019-08-27 00:47:48 +0200,2023-02-21 00:23:34 +0000,research,CC-BY-NC,https://www.inaturalist.org/observations/31577739,https://inaturalist-open-data.s3.amazonaws.com/photos/49434174/medium.jpg,,"",,2,0,false,,"Utah County, UT, USA",40.1423731204,-111.8001504954,22,,,,22,,open,false,,,Snowy Egret,Egretta thula,Garza dedos dorados,Aves,4940
31750158,86d1043a-4c60-4a34-a10e-a4c617844615,2019/08/28 9:15 AM PDT,2019-08-28,2019-08-28 18:15:00 +0200,Pacific Time (US & Canada),919760,patient1,John Murnane,2019-08-29 22:51:39 +0200,2019-08-30 15:57:39 +0200,research,CC-BY-NC,https://www.inaturalist.org/observations/31750158,https://inaturalist-open-data.s3.amazonaws.com/photos/49725697/medium.jpeg,,"","",2,0,false,,"Presidio of San Francisco, San Francisco, CA, USA",37.8054186872,-122.4540261333,37,,,,37,,open,false,,,Snowy Egret,Egretta thula,Garza dedos dorados,Aves,4940
32029272,aac4ffc9-df3b-40b2-b2ec-169bd8763799,2019/08/08 4:54 PM PDT,2019-08-08,2019-08-09 01:54:00 +0200,Pacific Time (US & Canada),99304,phylogenomics,Jonathan Eisen,2019-09-03 03:57:48 +0200,2019-09-03 06:05:00 +0200,research,CC-BY,https://www.inaturalist.org/observations/32029272,https://inaturalist-open-data.s3.amazonaws.com/photos/50194197/medium.jpg,,"",,1,0,false,,"Yolo, California, United States",38.6636527778,-121.7189333333,,,,,,,open,false,,,Snowy Egret,Egretta thula,Garza dedos dorados,Aves,4940
32447522,bc1ac2a7-a833-46ac-8a51-4fc239cd1de8,2019/09/05 1:38 PM HST,2019-09-05,2019-09-06 01:38:00 +0200,Hawaii,1913642,amyla,Amy Langford,2019-09-10 03:44:41 +0200,2021-07-02 01:27:56 +0200,research,,https://www.inaturalist.org/observations/32447522,https://inaturalist-open-data.s3.amazonaws.com/photos/50892812/medium.jpeg,,"",,2,0,false,,"South Thomaston, ME, USA",44.0775913114,-69.1412151687,31,,,,31,,open,false,,,Snowy Egret,Egretta thula,Garza dedos dorados,Aves,4940
32765707,cf83e428-2223-41ea-81aa-c9663e133d81,2017/06/25,2017-06-25,,Mountain Time (US & Canada),729531,prarieguy,Prairie Guy,2019-09-15 16:58:34 +0200,2021-02-13 01:17:59 +0000,research,CC-BY-NC,https://www.inaturalist.org/observations/32765707,https://inaturalist-open-data.s3.amazonaws.com/photos/51413883/medium.png,,"",,1,0,false,,"Berkley, CO, USA",39.8013057884,-105.0406811203,30,,,,30,,open,false,,,Snowy Egret,Egretta thula,Garza dedos dorados,Aves,4940
32917838,5c2b547e-bf93-40f3-8e1e-1841e3a56e34,2019/09/17 9:15 AM PDT,2019-09-17,2019-09-17 18:15:00 +0200,Pacific Time (US & Canada),26610,anudibranchmom,Robin Gwen Agarwal,2019-09-18 00:36:37 +0200,2025-07-07 23:28:14 +0200,research,CC-BY-NC,https://www.inaturalist.org/observations/32917838,https://inaturalist-open-data.s3.amazonaws.com/photos/51664307/medium.jpg,,"",,1,0,false,,"Mountain View, CA, USA",37.4342073506,-122.0967559378,319,,,,319,,open,false,,,Snowy Egret,Egretta thula,Garza dedos dorados,Aves,4940
33114480,189613c9-3511-44c1-9734-587c3e66cd5f,2019/09/16 5:35 PM PDT,2019-09-16,2019-09-17 02:35:00 +0200,Pacific Time (US & Canada),28,tiwane,Tony Iwane,2019-09-21 07:35:13 +0200,2025-11-18 22:38:54 +0000,research,CC-BY,https://www.inaturalist.org/observations/33114480,https://inaturalist-open-data.s3.amazonaws.com/photos/51982709/medium.jpg,,"",,2,0,false,,"Middle Harbor Shoreline Park, Alameda, California, United States",37.8004843,-122.3249776,,,,,,,open,false,,,Snowy Egret,Egretta thula,Garza dedos dorados,Aves,4940
33116956,996b1018-b30a-4887-ae89-6ab2ae5c7aaf,2019/09/20 2:23 PM PDT,2019-09-20,2019-09-20 23:23:00 +0200,Pacific Time (US & Canada),335645,ldjaffe,"",2019-09-21 08:55:13 +0200,2019-09-29 20:49:02 +0200,research,CC-BY-NC,https://www.inaturalist.org/observations/33116956,https://inaturalist-open-data.s3.amazonaws.com/photos/51987405/medium.jpg,,"",,1,0,false,,"2531 W Cliff Dr, Santa Cruz, CA 95060, USA",36.9502195,-122.0575574,202,,,,202,,open,false,,,Snowy Egret,Egretta thula,Garza dedos dorados,Aves,4940
33123540,ad6b112e-c0bd-43cb-8bfb-d357a1c66b93,Fri Sep 20 2019 19:33:18 GMT-0400 (EDT),2019-09-20,2019-09-21 01:33:18 +0200,Eastern Time (US & Canada),2238309,mom20611,,2019-09-21 14:15:33 +0200,2019-09-21 14:45:37 +0200,research,CC-BY-NC,https://www.inaturalist.org/observations/33123540,https://inaturalist-open-data.s3.amazonaws.com/photos/51998030/medium.jpg,,"",,2,0,false,3,"Clearwater Beach Island, Clearwater, FL, US",27.9732533333,-82.8306116667,4,,,,4,,open,false,,,Snowy Egret,Egretta thula,Garza dedos dorados,Aves,4940
33505371,8b99688a-64a0-47d1-83d4-d3fc654424d3,2019/09/25 9:08 AM CDT,2019-09-25,2019-09-25 16:08:00 +0200,Central Time (US & Canada),988575,kbbutler,Ken Butler,2019-09-28 01:37:28 +0200,2019-09-29 02:10:27 +0200,research,CC-BY-NC,https://www.inaturalist.org/observations/33505371,https://inaturalist-open-data.s3.amazonaws.com/photos/52627611/medium.jpg,,"",,2,0,false,,"Kendall County, TX, USA",29.7729919259,-98.6938742741,61,,,,61,,open,false,,,Snowy Egret,Egretta thula,Garza dedos dorados,Aves,4940
33821657,3c73bd01-d498-4726-a4d3-096b57dcac09,2019/09/29 10:49 AM PDT,2019-09-29,2019-09-29 19:49:00 +0200,Pacific Time (US & Canada),86412,idbirds,Brooke A Miller,2019-10-04 01:56:37 +0200,2019-10-07 02:37:59 +0200,research,,https://www.inaturalist.org/observations/33821657,https://static.inaturalist.org/photos/53161568/medium.jpg,,"Santa Clara County, CA, Birding, 2019, Sunnyvale WPCP, Snowy Egret","Sunnyvale WPCP, Santa Clara County, CA, 2019-09-29",2,0,false,,"1444 Borregas Ave, Sunnyvale, CA 94089, USA",37.4187512,-122.0162523,179,,,,179,,open,false,,,Snowy Egret,Egretta thula,Garza dedos dorados,Aves,4940
34142542,bf243281-0d09-4dc2-8d1e-bb73209c780f,2019/10/04 4:40 PM EDT,2019-10-04,2019-10-04 22:40:00 +0200,Eastern Time (US & Canada),281081,wayne_fidler,Wayne Fidler,2019-10-10 02:52:49 +0200,2025-03-17 01:19:00 +0000,research,CC-BY-NC,https://www.inaturalist.org/observations/34142542,https://inaturalist-open-data.s3.amazonaws.com/photos/53693641/medium.jpg,,"",,4,0,false,,"Caimanera, Cuba",19.9332816523,-75.125919026,4,,,,4,,open,false,,,Snowy Egret,Egretta thula,Garza dedos dorados,Aves,4940
34186904,834317f6-45da-4e46-8d2d-396e51fcebd9,2011/04/23 8:08 PM -0500,2011-04-23,2011-04-24 03:08:00 +0200,Bogota,971468,georgenaturephotos,"",2019-10-11 03:13:03 +0200,2020-06-16 09:35:08 +0200,research,CC-BY-NC,https://www.inaturalist.org/observations/34186904,https://inaturalist-open-data.s3.amazonaws.com/photos/53772281/medium.jpeg,,Brazoria NWR (UTC 108),,1,0,false,,"24907 FM 2004, Lake Jackson, TX 77566, USA",29.1453448,-95.292334,203,,,,203,,open,false,,,Snowy Egret,Egretta thula,Garza dedos dorados,Aves,4940
34191199,458d2254-57b5-4513-b2db-a7aef24d1c38,2019/10/06 2:36 PM PDT,2019-10-06,2019-10-06 23:36:00 +0200,Pacific Time (US & Canada),1684443,eric_graham,Eric,2019-10-11 05:43:38 +0200,2019-12-06 06:47:42 +0000,research,CC-BY-NC,https://www.inaturalist.org/observations/34191199,https://inaturalist-open-data.s3.amazonaws.com/photos/53780801/medium.jpg,,"",,2,0,false,,"Fremont, CA, USA",37.5462748223,-122.0926790375,15,,,,15,,open,false,,,Snowy Egret,Egretta thula,Garza dedos dorados,Aves,4940
34280699,c4085d00-52c9-47db-9c3f-84cdfa631300,2019/10/06 9:17 AM CDT,2019-10-06,2019-10-06 16:17:00 +0200,Mexico City,506480,toromx,Omar Del Toro,2019-10-13 03:17:49 +0200,2023-07-07 17:46:56 +0200,research,CC-BY-NC,https://www.inaturalist.org/observations/34280699,https://inaturalist-open-data.s3.amazonaws.com/photos/53931415/medium.jpg,,"",,3,0,false,,"Manzanillo, Col., México",19.106149,-104.401065,,,,,,,open,false,,,Garza dedos dorados,Egretta thula,Garza dedos dorados,Aves,4940
34562304,b726f889-86fd-4563-b9c5-ff74e7714d76,2019/10/16 10:31 AM CDT,2019-10-16,2019-10-16 17:31:00 +0200,Central Time (US & Canada),34728,cosmiccat,Crystal Mann,2019-10-19 02:39:07 +0200,2019-10-19 15:35:12 +0200,research,CC-BY-NC,https://www.inaturalist.org/observations/34562304,https://inaturalist-open-data.s3.amazonaws.com/photos/54407207/medium.jpeg,,"",Galveston Island State Park,1,0,false,,"Galveston, TX, USA",29.202948,-94.956032,,,,,,,open,false,,,Snowy Egret,Egretta thula,Garza dedos dorados,Aves,4940
34806330,e43ae3cc-c81b-4920-9b90-5176a126d174,2017/05/23 7:12 AM EDT,2017-05-23,2017-05-23 13:12:00 +0200,Eastern Time (US & Canada),1037991,dmkidwell,David Kidwell,2019-10-24 01:09:58 +0200,2025-08-04 18:44:05 +0200,research,CC-BY-NC-SA,https://www.inaturalist.org/observations/34806330,https://inaturalist-open-data.s3.amazonaws.com/photos/54823392/medium.jpeg,,"",https://ebird.org/checklist/S37110326,3,0,false,,"Orange County, CA, USA",33.6991898796,-118.0404047974,488,,,,488,,open,false,,,Snowy Egret,Egretta thula,Garza dedos dorados,Aves,4940
34815792,355ddbdb-a175-4a54-8e3c-46c5f33a2afb,2019/10/23 4:31 PM CDT,2019-10-23,2019-10-23 23:31:00 +0200,Central Time (US & Canada),71826,paulines,Pauline Singleton,2019-10-24 05:59:44 +0200,2021-07-02 14:58:27 +0200,research,CC-BY-NC,https://www.inaturalist.org/observations/34815792,https://inaturalist-open-data.s3.amazonaws.com/photos/54841403/medium.jpeg,,"",,3,0,false,,"Brownwood, Baytown, TX 77520, USA",29.7568810992,-95.0485186077,31,,,,31,,open,false,,,Snowy Egret,Egretta thula,Garza dedos dorados,Aves,4940
35257038,b8f5df91-9844-41dd-ac85-f39304e63796,2019/11/01 10:21 AM CST,2019-11-01,2019-11-01 16:21:00 +0000,Central America,28,tiwane,Tony Iwane,2019-11-03 22:30:38 +0000,2025-11-18 22:36:30 +0000,research,CC-BY,https://www.inaturalist.org/observations/35257038,https://inaturalist-open-data.s3.amazonaws.com/photos/55577398/medium.jpg,,"yucatan, mexico",On the left.,1,0,false,,"Progreso, Yucatan, Mexico",21.2812466667,-89.6345516667,,,,,,,open,false,,,Snowy Egret,Egretta thula,Garza dedos dorados,Aves,4940
35485752,434be63a-a4a1-43f4-ae58-692f09f88871,2019/01/28 3:30 PM PST,2019-01-28,2019-01-28 23:30:00 +0000,Pacific Time (US & Canada),2426657,mkdwoodruff,Michael Woodruff,2019-11-09 12:53:44 +0000,2019-11-09 13:11:55 +0000,research,,https://www.inaturalist.org/observations/35485752,https://static.inaturalist.org/photos/55958167/medium.jpeg,,"",,3,0,false,,"Greater Portmore, Portmore, Jamaica",17.9282726,-76.898632,,,,,,,open,false,,,Snowy Egret,Egretta thula,Garza dedos dorados,Aves,4940
35629268,0e611078-bddd-4b9b-bbaf-a120da053c13,2019/05/25 10:59 AM HST,2019-05-25,2019-05-25 22:59:00 +0200,Hawaii,237217,ariadnabon,Ariadna Tobón,2019-11-13 02:07:34 +0000,2019-11-29 17:41:25 +0000,research,,https://www.inaturalist.org/observations/35629268,https://static.inaturalist.org/photos/56200435/medium.jpeg,,"",,2,0,false,,"Cd Universitaria, 72592 Puebla, Pue., México",19.0034806885,-98.2045608666,15,,,,15,,open,false,,,Garza dedos dorados,Egretta thula,Garza dedos dorados,Aves,4940
35755054,8678bf52-0e4c-46a2-b59a-c0497acc76f7,Sat Nov 16 2019 14:53:02 GMT-0800 (PST),2019-11-16,2019-11-17 00:53:02 +0000,Hawaii,1151287,zinogre,Zinogre,2019-11-16 22:54:13 +0000,2021-06-04 03:39:47 +0200,research,CC-BY-SA,https://www.inaturalist.org/observations/35755054,https://inaturalist-open-data.s3.amazonaws.com/photos/56417900/medium.jpg,,"",,1,0,false,3,"旧金山湾, 阿拉梅达, CA, US",37.7723716667,-122.3014,,,,,,,open,false,,,Snowy Egret,Egretta thula,Garza dedos dorados,Aves,4940
35763847,89ee573c-8c5e-43a4-a130-01b8a88cd391,2017/02/09 7:07 AM MST,2017-02-09,2017-02-09 14:07:00 +0000,Arizona,847810,vheron1026,Veronica,2019-11-17 03:47:46 +0000,2025-07-19 22:51:26 +0200,research,CC-BY-NC,https://www.inaturalist.org/observations/35763847,https://inaturalist-open-data.s3.amazonaws.com/photos/56433120/medium.jpeg,,"",On the beach in the hotel zone ,2,0,false,,"Zona Hotelera, 48333 Puerto Vallarta, Jal., Mexico",20.646551,-105.242217,,,,,,,open,false,,,Snowy Egret,Egretta thula,Garza dedos dorados,Aves,4940
36020124,59efe7fc-61a2-4b26-a839-a11b795bfeda,2017/01/13 10:45 AM UTC,2017-01-13,,UTC,2447363,peterjackson,,2019-11-24 15:35:32 +0000,2020-06-25 16:13:16 +0200,research,CC-BY-NC,https://www.inaturalist.org/observations/36020124,https://inaturalist-open-data.s3.amazonaws.com/photos/56883195/medium.jpg,,"",Fishing in Soufriere river,5,0,false,,"Soufriere, St Lucia",13.8559999073,-61.0604801184,488,,,,488,,open,false,,,Snowy Egret,Egretta thula,Garza dedos dorados,Aves,4940
36074475,e92a4fd7-9515-4b1c-bca4-ccfb93555d08,2013/12/29 1:47 PM CET,2013-12-29,2013-12-29 12:47:00 +0000,Paris,2072657,elcapricho,Jean-Jacques Durand,2019-11-25 21:59:26 +0000,2019-12-03 22:59:43 +0000,research,CC-BY-NC,https://www.inaturalist.org/observations/36074475,https://inaturalist-open-data.s3.amazonaws.com/photos/56977451/medium.jpeg,,"",<SAMSUNG DIGITAL CAMERA>,1,0,false,,"Magisterial, Villahermosa, Tab., México",18.0030143106,-92.9329647003,61,,,,61,,open,false,,,Snowy Egret,Egretta thula,Garza dedos dorados,Aves,4940
36105796,05a6bad9-b9e4-4851-b2d6-53b73ac7275a,2013/10/31,2013-10-31,,Mexico City,380337,themexicanvioletear,L. Ernesto Pérez-Montes,2019-11-26 19:24:13 +0000,2024-08-28 05:02:01 +0200,research,,https://www.inaturalist.org/observations/36105796,https://static.inaturalist.org/photos/57029013/medium.jpg,,"",,2,0,false,,"Zumpango, State of Mexico, Mexico",19.7798364891,-99.1308095152,977,,,,977,,open,false,,,Garza dedos dorados,Egretta thula,Garza dedos dorados,Aves,4940
36451073,6962fceb-9bc4-421c-9a5e-36332c269bb5,2019/12/07 1:42 PM PST,2019-12-07,2019-12-07 21:42:00 +0000,Pacific Time (US & Canada),210826,jmaley,James M. Maley,2019-12-08 00:09:01 +0000,2021-06-24 03:54:13 +0200,research,CC-BY,https://www.inaturalist.org/observations/36451073,https://inaturalist-open-data.s3.amazonaws.com/photos/57619042/medium.jpg,,"",,2,0,false,,"Alhambra, CA, USA",34.0884333333,-118.11474,,,,,,,open,false,,,Snowy Egret,Egretta thula,Garza dedos dorados,Aves,4940
36601846,db377b5c-97eb-45da-8060-f8294b36a2b9,Thu Dec 12 2019 16:22:19 GMT-0500 (EST),2019-12-12,2019-12-12 21:22:19 +0000,Eastern Time (US & Canada),50920,susanhewitt,Susan J. Hewitt,2019-12-12 23:54:02 +0000,2019-12-15 00:34:26 +0000,research,CC-BY-NC,https://www.inaturalist.org/observations/36601846,https://inaturalist-open-data.s3.amazonaws.com/photos/57879068/medium.jpg,,"","For some reason this egret suddenly let out an enormously loud screech which sounded more like a roar, and as you can see, all its feathers sort of stood on end. 

This was an aggressive display, but to whom??? The other egrets were far away.

There were no dogs around. What was going on?",3,0,false,3,"Sanibel Island, Sanibel, FL, US",26.4377746079,-82.1285613534,5,,,,5,,open,false,,,Snowy Egret,Egretta thula,Garza dedos dorados,Aves,4940
36765583,c73a4f4d-ccd0-40bb-8e6e-c67eee7bb6bf,2019/12/18 11:29 AM GMT,2019-12-18,2019-12-18 11:29:00 +0000,London,399851,shawnodonnell,Shawn O'Donnell,2019-12-19 01:27:23 +0000,2025-08-04 18:43:30 +0200,research,CC0,https://www.inaturalist.org/observations/36765583,https://inaturalist-open-data.s3.amazonaws.com/photos/58167840/medium.jpg,,"",,3,0,false,,"Bolsa Chica Ecological Reserve, Orange, California, United States",33.698696195,-118.048320105,,,,,,,open,false,,,Snowy Egret,Egretta thula,Garza dedos dorados,Aves,4940
36811046,a2f1c1b0-87ea-48a7-9d83-e861143d5655,2019/12/20 5:45 PM EST,2019-12-20,2019-12-20 22:45:00 +0000,Eastern Time (US & Canada),13405,zygy,Zygy,2019-12-20 23:50:21 +0000,2022-11-08 21:35:52 +0000,research,CC0,https://www.inaturalist.org/observations/36811046,https://inaturalist-open-data.s3.amazonaws.com/photos/58250979/medium.jpg,,"",,1,0,false,,"Celebration, FL 34747, USA",28.3125719778,-81.5448131737,100,,,,100,,open,false,,,Snowy Egret,Egretta thula,Garza dedos dorados,Aves,4940
37132444,0a6cd30f-27b6-47b5-88ce-f3a4c401dd7c,Tue Dec 31 2019 10:02:36 GMT-0600 (CST),2019-12-31,2019-12-31 20:02:36 +0000,Hawaii,1724335,shidezhang,Shide Zhang,2019-12-31 16:04:15 +0000,2020-01-31 15:08:07 +0000,research,,https://www.inaturalist.org/observations/37132444,https://static.inaturalist.org/photos/58815085/medium.jpg,,"",,4,0,false,3,"2607 Summer Creek Dr, Pearland, TX, US",29.562775,-95.40203,4,,,,4,,open,false,,,Snowy Egret,Egretta thula,Garza dedos dorados,Aves,4940
37145735,b52db218-9def-49e8-bb3e-2b43ae483f9d,2019/12/31 11:11 AM EST,2019-12-31,2019-12-31 16:11:00 +0000,Eastern Time (US & Canada),1052771,jtmartin54,John Martin,2020-01-01 00:38:41 +0000,2025-05-08 03:33:53 +0200,research,CC-BY-NC-ND,https://www.inaturalist.org/observations/37145735,https://inaturalist-open-data.s3.amazonaws.com/photos/58838053/medium.jpg,,Snowy Egret,A juvenile Snowy Egret goes fishing.  (It was approximately 2 ft tall.),3,0,false,,"Fish Haul Beach Park, Hilton Head Island, SC, USA",32.2542981941,-80.7048292222,5,,,,5,,open,false,,,Snowy Egret,Egretta thula,Garza dedos dorados,Aves,4940
37323977,9e975bb4-3e8d-4843-b311-8b225ec651a1,2020/01/05 11:43 AM EST,2020-01-05,2020-01-05 16:43:00 +0000,Eastern Time (US & Canada),659740,dalien,Daniel Onea,2020-01-06 02:38:23 +0000,2020-02-09 04:23:01 +0000,research,CC-BY-NC,https://www.inaturalist.org/observations/37323977,https://inaturalist-open-data.s3.amazonaws.com/photos/59148495/medium.jpeg,,"",Targeting the Egret. The Ibis is identified in a separate observation.,1,0,false,,"Guanacaste Province, Costa Rica",10.3654133333,-85.4117416667,,,,,,,open,false,,,Snowy Egret,Egretta thula,Garza dedos dorados,Aves,4940
37344762,ca7f7662-1dbc-4675-8bf5-fb8158366bca,2013/12/08 9:25 PM GMT,2013-12-08,2013-12-08 21:25:00 +0000,Edinburgh,1919016,rgordonjones,,2020-01-06 19:10:17 +0000,2020-01-07 13:05:09 +0000,research,CC-BY-NC,https://www.inaturalist.org/observations/37344762,https://inaturalist-open-data.s3.amazonaws.com/photos/59184986/medium.jpeg,,"",,1,0,false,,"Mollejones, Provincia de Cartago, Turrialba, Costa Rica",9.9012245531,-83.5533040613,62500,,,,62500,,open,false,,,Snowy Egret,Egretta thula,Garza dedos dorados,Aves,4940
37359715,8eb1ed5a-70c1-4e7f-b55c-0cdfad786d10,2019/01/25 12:58 PM PST,2019-01-25,2019-01-25 20:58:00 +0000,Pacific Time (US & Canada),2991,sea-kangaroo,"",2020-01-07 03:45:46 +0000,2024-04-02 20:29:13 +0200,research,CC-BY,https://www.inaturalist.org/observations/37359715,https://inaturalist-open-data.s3.amazonaws.com/photos/59211621/medium.jpeg,,snowy egret,,2,0,false,,"Foster City, California, USA",37.56918,-122.29151,6,,,,6,,open,false,,,Snowy Egret,Egretta thula,Garza dedos dorados,Aves,4940
38001712,3b56cb1c-6646-4ad7-913d-8f469a27dabb,2020/01/26 12:10 PM PST,2020-01-26,2020-01-26 20:10:00 +0000,Pacific Time (US & Canada),61883,cae1,Chris Evers,2020-01-26 21:28:12 +0000,2020-01-27 19:02:07 +0000,research,CC-BY-NC,https://www.inaturalist.org/observations/38001712,https://inaturalist-open-data.s3.amazonaws.com/photos/60331849/medium.jpeg,,"",,1,0,false,,"South San Francisco, CA, USA",37.6657674857,-122.3889379712,61,,,,61,,open,false,,,Snowy Egret,Egretta thula,Garza dedos dorados,Aves,4940
38037241,2204a619-9c83-4eb0-8d07-c9eb7e685c14,Mon Jan 27 2020 16:02:22 GMT-0500 (EST),2020-01-27,2020-01-27 21:02:22 +0000,Eastern Time (US & Canada),2528394,popatty,,2020-01-27 21:02:47 +0000,2020-06-12 17:03:10 +0200,research,CC-BY-NC,https://www.inaturalist.org/observations/38037241,https://inaturalist-open-data.s3.amazonaws.com/photos/60394905/medium.jpg,,"",,1,0,false,3,"Gulf of Mexico, Naples, FL, US",26.1315877686,-81.8089471847,8,,,,8,,open,false,,,Snowy Egret,Egretta thula,Garza dedos dorados,Aves,4940
38048861,dc10c020-9c70-4c30-8e2f-7a683db54dba,2020/01/24 4:38 PM PST,2020-01-24,2020-01-25 00:38:00 +0000,Pacific Time (US & Canada),28,tiwane,Tony Iwane,2020-01-28 03:45:18 +0000,2025-11-18 22:37:04 +0000,research,CC-BY,https://www.inaturalist.org/observations/38048861,https://inaturalist-open-data.s3.amazonaws.com/photos/60414732/medium.jpg,,"bird, egretta thula, snowy egret",,1,0,false,,"Alameda, California, United States",37.837355,-122.312655,,,,,,,open,false,,,Snowy Egret,Egretta thula,Garza dedos dorados,Aves,4940
38076393,2cd7d7ad-d739-4cb2-8e9d-0c20ca6b2e5d,2020/01/28 3:23 PM EST,2020-01-28,2020-01-28 20:23:00 +0000,Eastern Time (US & Canada),281081,wayne_fidler,Wayne Fidler,2020-01-29 01:39:04 +0000,2025-03-17 01:22:35 +0000,research,CC-BY-NC,https://www.inaturalist.org/observations/38076393,https://inaturalist-open-data.s3.amazonaws.com/photos/60462931/medium.jpg,,"",,2,0,false,,"Caimanera, Cuba",19.920897064,-75.1314838134,4,,,,4,,open,false,,,Snowy Egret,Egretta thula,Garza dedos dorados,Aves,4940
38129309,167502b6-9386-41a3-a63f-12dac004e09b,2020/01/30 2:03 PM CST,2020-01-30,2020-01-30 20:03:00 +0000,Central Time (US & Canada),2423444,tylikepie14,Tyler Coleman,2020-01-30 21:54:27 +0000,2020-01-31 13:53:26 +0000,research,CC-BY-ND,https://www.inaturalist.org/observations/38129309,https://inaturalist-open-data.s3.amazonaws.com/photos/60555763/medium.jpeg,,"",,1,0,false,,"Webster, TX, USA",29.5316437774,-95.097650541,2,,,,2,,open,false,,,Amerikaanse Kleine Zilverreiger,Egretta thula,Garza dedos dorados,Aves,4940
38198748,7e65d597-0e3c-426c-ac3b-1dc631e85615,Sat Feb 01 2020 17:22:34 GMT-0600 (CST),2020-02-01,2020-02-02 03:22:34 +0000,Hawaii,745129,parahuaco,Eric Duran,2020-02-01 23:42:23 +0000,2025-04-03 07:51:47 +0200,research,CC-BY-NC,https://www.inaturalist.org/observations/38198748,https://inaturalist-open-data.s3.amazonaws.com/photos/60674140/medium.jpg,,"",,1,0,false,3,"Mud Lake, Pasadena, TX, US",29.59556667,-95.09006383,7,,,,7,,open,false,,,Snowy Egret,Egretta thula,Garza dedos dorados,Aves,4940
38205166,3a56506e-7f48-4579-aef5-f91bb98d22b1,2020/02/01 5:54 PM CST,2020-02-01,2020-02-01 23:54:00 +0000,Central Time (US & Canada),143067,philipwoodscc,Philip Woods,2020-02-02 03:10:06 +0000,2020-02-06 07:07:30 +0000,research,CC-BY-NC,https://www.inaturalist.org/observations/38205166,https://inaturalist-open-data.s3.amazonaws.com/photos/60685391/medium.jpeg,,"",feeding near the end of the jetty,4,0,false,,"Corpus Christi, TX, USA",27.614329786,-97.1983233379,2,,,,2,,open,false,,,Snowy Egret,Egretta thula,Garza dedos dorados,Aves,4940
38276561,f3641fb9-e705-415a-91ac-6d660b999d97,Mon Feb 03 2020 15:22:35 GMT-0800 (PST),2020-02-03,2020-02-03 15:22:35 +0000,UTC,1212875,lisawinters,Lisa Winters,2020-02-03 23:22:38 +0000,2020-02-04 02:08:43 +0000,research,,https://www.inaturalist.org/observations/38276561,https://static.inaturalist.org/photos/60808926/medium.jpg,,"",,2,0,false,3,"Fullerton Arboretum, Fullerton, CA, US",33.8872957285,-117.8842370814,24,,,,24,,open,false,,,Snowy Egret,Egretta thula,Garza dedos dorados,Aves,4940
38284026,cb635704-ed6f-4594-8bdb-433345efabcc,2020-01-25 20:52:37,2020-01-25,2020-01-26 01:52:37 +0000,Eastern Time (US & Canada),16576,matthew_salkiewicz,Matthew Salkiewicz,2020-02-04 03:31:43 +0000,2025-04-03 08:55:12 +0200,research,CC-BY-NC,https://www.inaturalist.org/observations/38284026,https://inaturalist-open-data.s3.amazonaws.com/photos/60822288/medium.jpeg,,"","",1,0,false,,"Wilders Addition Park, San Pedro, California",33.70853,-118.296617,55,,,,55,,open,false,,,Snowy Egret,Egretta thula,Garza dedos dorados,Aves,4940
38414392,a712405f-9d00-465a-87f9-bdcf6c0acec2,2020/01/02 12:06 PM UTC,2020-01-02,2020-01-02 12:06:00 +0000,UTC,2573085,zihuadean,"",2020-02-08 05:47:35 +0000,2020-02-08 17:37:45 +0000,research,CC-BY-NC,https://www.inaturalist.org/observations/38414392,https://inaturalist-open-data.s3.amazonaws.com/photos/61046981/medium.jpg,,"Bird, Snowy Egret, Wading, Wildlife Catalogue, Zihua bird, Zihua Catalogue, Zihua Wildlife","",1,0,false,,"Zihuatanejo de Azueta, Guerrero, Mexico",17.6281911172,-101.5393256511,3193,,,,3193,,open,false,,,Snowy Egret,Egretta thula,Garza dedos dorados,Aves,4940
38433277,a7366829-e7a1-4522-a2ce-4330e9704678,2020-02-08 12:10:11 PM GMT-07:00,2020-02-08,2020-02-08 19:10:11 +0000,Arizona,2433794,paulcordero,Paul Cordero,2020-02-08 19:14:45 +0000,2023-03-13 09:21:50 +0000,research,,https://www.inaturalist.org/observations/38433277,https://static.inaturalist.org/photos/61080347/medium.jpeg,,"",,1,0,false,2,"Gral Rodolfo Sánchez Tabo, Heroica Guaymas, Son., México",27.8878688812,-110.8695526123,,,,,,,open,false,gps,gps,Garza dedos dorados,Egretta thula,Garza dedos dorados,Aves,4940
38607296,55aa14dc-db5b-4fe7-9b63-51b9c676fcab,Thu Oct 17 2019 07:55:06 GMT-0400 (EDT),2019-10-17,2019-10-17 13:55:06 +0200,Eastern Time (US & Canada),2566780,birdjournalclass,,2020-02-13 16:31:44 +0000,2025-04-03 12:57:29 +0200,research,CC-BY-NC,https://www.inaturalist.org/observations/38607296,https://inaturalist-open-data.s3.amazonaws.com/photos/61381868/medium.jpg,,"",,1,0,false,3,"Berry Dr, Mascotte, FL, US",28.5837608012,-81.8896065133,84,,,,84,,open,false,,,Snowy Egret,Egretta thula,Garza dedos dorados,Aves,4940
38622350,fbd765ec-976d-40de-9252-ce7938e8111f,2020/02/13 9:12 AM CST,2020-02-13,2020-02-13 15:12:00 +0000,Central Time (US & Canada),9706,greglasley,Greg Lasley,2020-02-14 01:14:56 +0000,2020-06-05 12:09:02 +0200,research,CC-BY-NC,https://www.inaturalist.org/observations/38622350,https://inaturalist-open-data.s3.amazonaws.com/photos/61408878/medium.jpg,,"",,9,0,false,,"Chambers County, TX, USA",29.5915016667,-94.5561016667,,,,,,,open,false,,,Snowy Egret,Egretta thula,Garza dedos dorados,Aves,4940
38864352,9b923003-0456-4d92-8ffd-cae33e3f2994,2020/02/19 1:58 PM PST,2020-02-19,2020-02-19 21:58:00 +0000,Pacific Time (US & Canada),16404,ross2,Ross Millikan,2020-02-20 00:25:07 +0000,2022-10-31 11:41:27 +0000,research,CC-BY-NC,https://www.inaturalist.org/observations/38864352,https://inaturalist-open-data.s3.amazonaws.com/photos/61806453/medium.jpg,,"","",2,0,false,,"Shoreline Bayfront Seal Point, San Mateo, California, United States",37.5747433333,-122.3054466667,,,,,,,open,false,,,Snowy Egret,Egretta thula,Garza dedos dorados,Aves,4940
39193519,69e75105-1977-44d0-8cc1-6180cee281b1,2020/02/24 9:58 AM EST,2020-02-24,2020-02-24 14:58:00 +0000,Eastern Time (US & Canada),659740,dalien,Daniel Onea,2020-02-25 03:42:25 +0000,2020-02-25 06:23:22 +0000,research,CC-BY-NC,https://www.inaturalist.org/observations/39193519,https://inaturalist-open-data.s3.amazonaws.com/photos/62145851/medium.jpeg,,"","",1,0,false,,"Sanibel, FL, USA",26.46469,-82.133635,,,,,,,open,false,,,Snowy Egret,Egretta thula,Garza dedos dorados,Aves,4940
39360413,7ca90df5-dd8e-4797-a9bb-a345848db0d1,Sat Feb 29 2020 09:48:19 GMT-0800 (PST),2020-02-29,2020-02-29 09:48:19 +0000,UTC,2484256,matthewqclark,Matthew Steven Clark,2020-02-29 17:50:50 +0000,2021-04-16 04:54:30 +0200,research,,https://www.inaturalist.org/observations/39360413,https://static.inaturalist.org/photos/62434725/medium.jpg,,"",,1,0,false,3,"California Institute of Technology, Pasadena, CA, US",34.1378805252,-118.1258760764,75,,,,75,,open,false,,,Snowy Egret,Egretta thula,Garza dedos dorados,Aves,4940
39380032,87248a12-a784-4307-b7d5-3661f6dd0297,Sat Feb 29 2020 16:05:19 GMT-0800 (PST),2020-02-29,2020-02-29 16:05:19 +0000,UTC,1302727,byersconspiracy,,2020-03-01 00:53:19 +0000,2020-10-23 10:10:16 +0200,research,,https://www.inaturalist.org/observations/39380032,https://static.inaturalist.org/photos/62466788/medium.jpg,,"",,1,0,false,3,"Oxford Way, Santa Cruz, CA, US",36.95468,-122.039375,6,,,,6,,open,false,,,Snowy Egret,Egretta thula,Garza dedos dorados,Aves,4940
39472542,5a794a37-f4ef-4be2-a188-a1eec0e3fe26,2020/02/23 1:11 PM PST,2020-02-23,2020-02-23 21:11:00 +0000,Pacific Time (US & Canada),17695,graysquirrel,Krissa Klein,2020-03-03 00:30:13 +0000,2025-04-04 03:49:37 +0200,research,CC-BY-NC,https://www.inaturalist.org/observations/39472542,https://inaturalist-open-data.s3.amazonaws.com/photos/62629841/medium.jpeg,,"","",1,0,false,,"Marin, California, United States",38.030435,-122.5133083333,,,,,,,open,false,,,Snowy Egret,Egretta thula,Garza dedos dorados,Aves,4940
39654731,73b33a83-f07d-4f44-8813-0d052e10af94,Fri Mar 06 2020 09:40:41 GMT-0800 (PST),2020-03-06,2020-03-06 09:40:41 +0000,UTC,2628815,marilatimer,,2020-03-07 17:20:01 +0000,2026-03-05 08:52:04 +0000,research,CC-BY-NC,https://www.inaturalist.org/observations/39654731,https://inaturalist-open-data.s3.amazonaws.com/photos/62933602/medium.jpg,,"",,1,0,false,3,"Chorro Creek, Morro Bay, CA, US",35.3409604815,-120.8399544366,231,,,,231,,open,false,,,Snowy Egret,Egretta thula,Garza dedos dorados,Aves,4940
39776725,93b1c3a9-6500-4665-b36e-53627f5e3b96,2015/05/17 9:35 AM BST,2015-05-17,2015-05-17 10:35:00 +0200,London,2100979,glosterbirder,Mike King,2020-03-09 23:35:46 +0000,2025-06-10 01:54:03 +0200,research,CC-BY,https://www.inaturalist.org/observations/39776725,https://inaturalist-open-data.s3.amazonaws.com/photos/63140384/medium.jpeg,,"","",2,0,false,,"Salvaleón de Higüey, La Altagracia, Dominican Republic",18.70229,-68.44339,,,,,,,open,false,,,Egretta thula thula,Egretta thula thula,Garza chica,Aves,555704
40058549,dff35bdd-303b-4a65-876b-317541799230,2020/03/15 12:02 PM PDT,2020-03-15,2020-03-15 19:02:00 +0000,Pacific Time (US & Canada),1653276,lglevanik,Lauren Glevanik,2020-03-16 01:08:06 +0000,2020-03-16 01:08:55 +0000,research,CC-BY-NC,https://www.inaturalist.org/observations/40058549,https://inaturalist-open-data.s3.amazonaws.com/photos/63619018/medium.jpeg,,"",,1,0,false,,"Yolo County, CA, USA",38.5234641331,-121.7872650326,15,,,,15,,open,false,,,Snowy Egret,Egretta thula,Garza dedos dorados,Aves,4940
40203966,5aac0d3e-8f0b-49b4-ab32-8f193248b2d8,2020-03-14 9:06:34 AM CST,2020-03-14,2020-03-14 15:06:34 +0000,Mexico City,255598,luiscadena_biopic,Luis Cadena,2020-03-18 22:06:47 +0000,2023-10-01 03:07:36 +0200,research,CC-BY-NC-ND,https://www.inaturalist.org/observations/40203966,https://inaturalist-open-data.s3.amazonaws.com/photos/63863930/medium.jpeg,,"",,2,0,false,2,Bosque de Aragón,19.4586096161,-99.0721109882,349,,,,349,,open,false,gps,gps,Garza dedos dorados,Egretta thula,Garza dedos dorados,Aves,4940
40619084,bd6c6490-29d1-410d-b32e-86fe34b9377d,2020/03/21 3:30 PM PDT,2020-03-21,2020-03-21 22:30:00 +0000,Pacific Time (US & Canada),459714,guyincognito,"",2020-03-24 02:24:01 +0000,2020-03-30 08:04:08 +0200,research,CC-BY-NC,https://www.inaturalist.org/observations/40619084,https://inaturalist-open-data.s3.amazonaws.com/photos/64380914/medium.jpeg,,"","",3,0,false,,"Clark, Washington, United States",45.726435,-122.74926,,,,,,,open,false,,,Snowy Egret,Egretta thula,Garza dedos dorados,Aves,4940
40843999,c030071d-dafc-4bdd-bc4e-28bc4e51f5fb,2015/05/09 7:16 AM CDT,2015-05-09,2015-05-09 14:16:00 +0200,Central Time (US & Canada),1548062,ospr3y,Liam Wolff,2020-03-27 22:08:09 +0000,2020-03-28 11:02:46 +0000,research,CC-BY-NC,https://www.inaturalist.org/observations/40843999,https://inaturalist-open-data.s3.amazonaws.com/photos/64750370/medium.jpg,,"",,3,0,false,,"Industrial, Augusta, GA, USA",33.3859226181,-81.9647155919,8,,,,8,,open,false,,,Snowy Egret,Egretta thula,Garza dedos dorados,Aves,4940
40856291,8e77c4c3-cc50-4458-b1fe-94262ef0fb7c,Fri Mar 27 2020 07:50:40 GMT-0600 (CST),2020-03-27,2020-03-27 07:50:40 +0000,UTC,1119400,miguel_corona_ponce,,2020-03-28 01:45:04 +0000,2020-03-28 02:22:07 +0000,research,,https://www.inaturalist.org/observations/40856291,https://static.inaturalist.org/photos/64771719/medium.jpg,,"",,2,0,false,3,"Magdalena, JAL, MX",20.9018193958,-104.0076447615,50,,,,50,,open,false,,,Garza dedos dorados,Egretta thula,Garza dedos dorados,Aves,4940
40993263,ef30c446-d213-4f6d-ba44-07b8f605c3f0,Sun Mar 29 2020 14:42:07 GMT-0700 (PDT),2020-03-29,2020-03-29 23:42:07 +0200,Pacific Time (US & Canada),2689061,costassoler,Costas Soler,2020-03-29 23:43:37 +0200,2025-07-30 01:53:42 +0200,research,,https://www.inaturalist.org/observations/40993263,https://static.inaturalist.org/photos/65001417/medium.jpg,,"",,1,0,false,3,"Marguerite Pkwy, Mission Viejo, CA, US",33.59374167,-117.657045,4,,,,4,,open,false,,,Snowy Egret,Egretta thula,Garza dedos dorados,Aves,4940
41153103,e9ac3603-0ec6-4de9-b3fd-7138bfe5bc49,2019/10/20 12:01 AM -0500,2019-10-20,2019-10-20 07:01:00 +0200,Bogota,46681,cris-tzabcan,Cristian Olvera,2020-04-01 08:14:31 +0200,2024-01-11 02:08:00 +0000,research,CC-BY-NC-SA,https://www.inaturalist.org/observations/41153103,https://inaturalist-open-data.s3.amazonaws.com/photos/65260105/medium.png,,"",,4,0,false,,"Hidalgo, MX",20.5412811546,-98.6922484242,9327,,,,30472,obscured,open,true,,,Snowy Egret,Egretta thula,Garza dedos dorados,Aves,4940
41154025,886e2f10-5325-49c2-86f3-951be7580cd0,2020-03-24 4:21:53 PM EDT,2020-03-24,2020-03-24 20:21:53 +0000,Eastern Time (US & Canada),2473012,traiano,Traiano,2020-04-01 09:10:34 +0200,2020-04-01 16:39:22 +0200,research,CC-BY-NC,https://www.inaturalist.org/observations/41154025,https://inaturalist-open-data.s3.amazonaws.com/photos/65262002/medium.jpg,,"","ID please , bird",3,0,false,2,"Lyndhurst, NJ 07071, USA",40.7852671796,-74.1065510362,58,,,,58,,open,false,gps,gps,Snowy Egret,Egretta thula,Garza dedos dorados,Aves,4940
41334576,0d9c016d-0822-4656-b7c7-34daa016345b,2020/03/16 4:10 PM EDT,2020-03-16,2020-03-16 20:10:00 +0000,Eastern Time (US & Canada),12610,susanelliott,Susan Elliott,2020-04-04 03:01:23 +0200,2020-04-04 16:03:16 +0200,research,CC-BY-NC,https://www.inaturalist.org/observations/41334576,https://inaturalist-open-data.s3.amazonaws.com/photos/65562564/medium.jpg,,"","",5,0,false,,"Estero Llano Grande State Park, Hidalgo County, TX, USA",26.1258213488,-97.9518686388,122,,,,122,,open,false,,,Snowy Egret,Egretta thula,Garza dedos dorados,Aves,4940
41342529,2cee4131-f164-447a-bd1a-64c93060bdba,2012/03/21 3:52 AM UTC,2012-03-21,,UTC,490990,tozjohn,,2020-04-04 05:53:47 +0200,2020-04-13 21:43:14 +0200,research,,https://www.inaturalist.org/observations/41342529,https://static.inaturalist.org/photos/65576611/medium.jpg,,"",,1,0,false,,"Merritt Isle National Wildlife Refuge, Brevard County, FL, USA",28.6794800681,-80.7620806313,15,,,,15,,open,false,,,Snowy Egret,Egretta thula,Garza dedos dorados,Aves,4940
41786594,4600ad41-ddbc-4c45-a03d-8bb151398f92,2020/03/14 9:02 AM EDT,2020-03-14,2020-03-14 13:02:00 +0000,Eastern Time (US & Canada),18303,marvelliott,Marv Elliott,2020-04-09 23:18:19 +0200,2020-04-10 01:44:13 +0200,research,CC-BY-NC,https://www.inaturalist.org/observations/41786594,https://inaturalist-open-data.s3.amazonaws.com/photos/66300493/medium.jpg,,"",,4,0,false,,"Cameron County, TX, USA",26.0791866667,-97.16832,,,,,,,open,false,,,Snowy Egret,Egretta thula,Garza dedos dorados,Aves,4940
42414218,cbc8f174-1652-4c3d-bb52-a3c38491bb8d,2020/04/16 8:15 AM EDT,2020-04-16,2020-04-16 14:15:00 +0200,Eastern Time (US & Canada),310151,ellendale,Elizabeth Green,2020-04-17 21:40:46 +0200,2023-07-09 01:13:29 +0200,research,CC-BY,https://www.inaturalist.org/observations/42414218,https://inaturalist-open-data.s3.amazonaws.com/photos/67343254/medium.jpg,,"","",2,0,false,,"Sussex County, DE, USA",38.8544633333,-75.2642666667,,,,,,,open,false,,,Snowy Egret,Egretta thula,Garza dedos dorados,Aves,4940
42632674,d46095e0-2db1-4556-ba16-0136350942f4,2020/04/19 11:14 AM PDT,2020-04-19,2020-04-19 20:14:00 +0200,Pacific Time (US & Canada),209572,truthseqr,Anne Parsons,2020-04-20 03:08:39 +0200,2024-04-18 22:32:22 +0200,research,CC-BY-NC,https://www.inaturalist.org/observations/42632674,https://inaturalist-open-data.s3.amazonaws.com/photos/67699028/medium.jpeg,,SSC,Species of special concern (SSC) in California per California Natural Diversity Database program (CNDDB) in the California Department of Fish and Wildlife.,1,0,false,,"Sunnyvale, CA, USA",37.396758,-122.0097430001,,,,,,,open,false,,"",Snowy Egret,Egretta thula,Garza dedos dorados,Aves,4940
43014859,ebaa47c3-0e31-4107-a50a-a52b47cbe78a,2020/04/23 5:28 PM -0500,2020-04-23,2020-04-23 23:28:00 +0200,America/New_York,2785542,eliasmartinez,Elias Martinez,2020-04-24 03:25:57 +0200,2020-05-11 23:22:03 +0200,research,CC-BY-NC,https://www.inaturalist.org/observations/43014859,https://inaturalist-open-data.s3.amazonaws.com/photos/68299345/medium.jpeg,,"",Una más en un lago artificial del campo de golf,3,0,false,,"San Carlos, 52159 Metepec, Méx., México",19.2684877,-99.6188249,1475,,,,1475,,open,false,,,Snowy Egret,Egretta thula,Garza dedos dorados,Aves,4940
43214307,7c88dd98-20ee-4b3d-bd58-63a9c5590f2a,2019/10/12 9:03 AM PDT,2019-10-12,2019-10-12 18:03:00 +0200,Pacific Time (US & Canada),2836365,depillis,,2020-04-25 02:04:05 +0200,2020-06-18 23:10:28 +0200,research,CC-BY-NC,https://www.inaturalist.org/observations/43214307,https://inaturalist-open-data.s3.amazonaws.com/photos/68591345/medium.jpeg,,"","",1,0,false,,"Redwood City, CA, USA",37.5146279073,-122.2212272772,3092,,,,3092,,open,false,,,Snowy Egret,Egretta thula,Garza dedos dorados,Aves,4940
43826982,83afd045-f7f0-458a-a47f-5a76cd78ae08,2018/04/22 4:25 PM PDT,2018-04-22,2018-04-23 01:25:00 +0200,Pacific Time (US & Canada),2845998,andrewjohnson8,Andrew Johnson,2020-04-27 06:02:00 +0200,2020-04-27 07:23:28 +0200,research,CC-BY-NC,https://www.inaturalist.org/observations/43826982,https://inaturalist-open-data.s3.amazonaws.com/photos/69506256/medium.jpeg,,"",,1,0,false,,"Yolo County, CA, USA",38.5416510534,-121.6237666373,3906,,,,3906,,open,false,,,Snowy Egret,Egretta thula,Garza dedos dorados,Aves,4940
44000874,92e21707-d603-43a5-bd13-7047ede6e270,2020/04/27 9:07 AM PDT,2020-04-27,2020-04-27 18:07:00 +0200,Pacific Time (US & Canada),622452,tlr06754,Tina Reimer,2020-04-27 23:55:42 +0200,2025-03-17 01:18:49 +0000,research,CC-BY-NC,https://www.inaturalist.org/observations/44000874,https://inaturalist-open-data.s3.amazonaws.com/photos/69769719/medium.jpeg,,"",,1,0,false,,"13780 Del Corso Way, Broomfield, CO 80020, USA",39.9479897,-105.1213003,173,,,,173,,open,false,,,Snowy Egret,Egretta thula,Garza dedos dorados,Aves,4940
44223582,0ab2bb01-92fc-406b-b61e-b6f6e453c0c4,2020/04/27 9:29 AM PDT,2020-04-27,2020-04-27 18:29:00 +0200,Pacific Time (US & Canada),10285,finatic,BJ Stacey,2020-04-29 07:13:57 +0200,2021-06-04 18:04:10 +0200,research,CC-BY-NC,https://www.inaturalist.org/observations/44223582,https://inaturalist-open-data.s3.amazonaws.com/photos/70116585/medium.jpg,,Snowy Egret (Egretta thula),,1,0,false,,Imperial Beach,32.56214,-117.1321183333,,,,,,,open,false,,,Snowy Egret,Egretta thula,Garza dedos dorados,Aves,4940
44412554,e0690e3c-2bf7-4b9b-aafd-ce1049ad1dbe,Sun Feb 23 2020 08:52:36 GMT-0700 (GMT-7),2020-02-23,2020-02-23 15:52:36 +0000,Arizona,2838335,taniaelisa,Tania arellanes,2020-04-30 23:54:00 +0200,2023-08-03 06:57:29 +0200,research,CC-BY-NC,https://www.inaturalist.org/observations/44412554,https://inaturalist-open-data.s3.amazonaws.com/photos/70415143/medium.jpg,,"",,4,1,false,3,"Río Bambuto, Imuris, SON, MX",30.7784717992,-110.8634372246,59,,,,59,,open,false,,,Snowy Egret,Egretta thula,Garza dedos dorados,Aves,4940
44424098,87ab10cb-d579-4ad3-b0b9-172448e569fa,2020/04/25 2:48 PM EDT,2020-04-25,2020-04-25 20:48:00 +0200,Eastern Time (US & Canada),171529,nsharp,Nathaniel Sharp,2020-05-01 02:02:35 +0200,2023-09-25 00:56:50 +0200,research,CC-BY-NC,https://www.inaturalist.org/observations/44424098,https://inaturalist-open-data.s3.amazonaws.com/photos/70430271/medium.jpg,,"",,5,0,false,,"Mashpee, MA, USA",41.5530618803,-70.5068276476,22,,,,22,,open,false,,,Snowy Egret,Egretta thula,Garza dedos dorados,Aves,4940
44532636,f0b3d675-7695-4e9d-a702-1dab9ffb64b9,Fri May 01 2020 20:07:44 GMT-0400 (EDT),2020-05-01,2020-05-02 02:07:44 +0200,Eastern Time (US & Canada),230897,bcross14,,2020-05-02 01:25:27 +0200,2021-04-09 14:35:31 +0200,research,CC-BY-NC,https://www.inaturalist.org/observations/44532636,https://inaturalist-open-data.s3.amazonaws.com/photos/70603732/medium.jpg,,"",,3,0,false,3,"Marley Creek, Glen Burnie, MD, US",39.1613741579,-76.5954962219,26,,,,26,,open,false,,,Snowy Egret,Egretta thula,Garza dedos dorados,Aves,4940
44648306,ea5fbb54-1ff8-4155-ba01-0ec653d79030,2020/04/24 6:55 AM EDT,2020-04-24,2020-04-24 12:55:00 +0200,Eastern Time (US & Canada),43255,juddpatterson,Judd Patterson,2020-05-02 23:39:42 +0200,2020-09-02 03:03:52 +0200,research,CC-BY-NC,https://www.inaturalist.org/observations/44648306,https://static.inaturalist.org/photos/70784426/medium.jpg,,"",,3,0,false,,"Miami-Dade County, FL, USA",25.7621116667,-80.8191166667,,,,,,,open,false,,,Snowy Egret,Egretta thula,Garza dedos dorados,Aves,4940
44790423,b54a690d-8a4f-4a24-8ae5-2c8585f393df,2020-04-19 15:22:24,2020-04-19,2020-04-20 00:22:24 +0200,Pacific Time (US & Canada),16576,matthew_salkiewicz,Matthew Salkiewicz,2020-05-03 22:42:57 +0200,2020-05-09 06:40:12 +0200,research,CC-BY-NC,https://www.inaturalist.org/observations/44790423,https://inaturalist-open-data.s3.amazonaws.com/photos/71004873/medium.jpeg,,"","",3,0,false,,"San Joaquin Marsh, Irvine, California",33.665881,-117.843486,55,,,,55,,open,false,,,Snowy Egret,Egretta thula,Garza dedos dorados,Aves,4940
44806846,5ffa1397-48ee-43b9-b6b3-3ab51fff67e3,2020/05/03 5:25 PM CDT,2020-05-03,2020-05-04 00:25:00 +0200,Mexico City,66224,fonsecamata,Juan Carlos Fonseca Mata,2020-05-04 00:27:47 +0200,2024-01-18 05:29:06 +0000,research,CC-BY,https://www.inaturalist.org/observations/44806846,https://inaturalist-open-data.s3.amazonaws.com/photos/71030627/medium.jpg,,"",,2,0,false,,"Centro, 37800 Dolores Hidalgo Cuna de la Independencia Nacional, Gto., México",21.1535777778,-100.9332972222,,,,,,,open,false,,,Snowy Egret,Egretta thula,Garza dedos dorados,Aves,4940
45044293,da241d79-203e-4af3-94ea-e74e40fd3c36,2016/09/25 9:18 AM MDT,2016-09-25,2016-09-25 17:18:00 +0200,Mountain Time (US & Canada),2914140,vmatasilva,"",2020-05-06 05:58:17 +0200,2022-08-27 04:28:57 +0200,research,CC-BY-NC,https://www.inaturalist.org/observations/45044293,https://inaturalist-open-data.s3.amazonaws.com/photos/71415721/medium.jpeg,,"","",2,0,false,,"Hudspeth County, TX, USA",30.7764255853,-105.0164107439,2,,,,2,,open,false,,,Snowy Egret,Egretta thula,Garza dedos dorados,Aves,4940
45237981,4c6246e2-9292-407e-9ab6-fe3e99e36214,2011/02/05 7:16 AM HST,2011-02-05,2011-02-05 17:16:00 +0000,Hawaii,777230,ericvandenberghe,Eric van den Berghe,2020-05-08 05:59:20 +0200,2023-05-26 08:04:49 +0200,research,CC-BY-NC,https://www.inaturalist.org/observations/45237981,https://inaturalist-open-data.s3.amazonaws.com/photos/71726585/medium.jpeg,,"","",2,0,false,,"Managua, Nicaragua",11.7684223821,-86.5043393468,15,,,,15,,open,false,,,Snowy Egret,Egretta thula,Garza dedos dorados,Aves,4940
45332490,01c6b70e-1ff3-41d0-a821-e71f0ff6911f,2020-04-26 13:20:32,2020-04-26,2020-04-26 22:20:32 +0200,Pacific Time (US & Canada),16576,matthew_salkiewicz,Matthew Salkiewicz,2020-05-09 04:59:23 +0200,2020-05-09 13:25:01 +0200,research,CC-BY-NC,https://www.inaturalist.org/observations/45332490,https://inaturalist-open-data.s3.amazonaws.com/photos/71880149/medium.jpeg,,"","",2,0,false,,"Huntington Beach Park, Huntington Beach, California",33.698625,-118.009631,27,,,,27,,open,false,,,Snowy Egret,Egretta thula,Garza dedos dorados,Aves,4940
45406640,e8e5c820-545b-42e8-bc64-3e517e96ebec,2019/10/26 10:05 AM UTC,2019-10-26,,UTC,2641654,ronwertz,Ron Wertz,2020-05-09 22:32:57 +0200,2020-05-11 21:01:16 +0200,research,CC-BY-NC-SA,https://www.inaturalist.org/observations/45406640,https://inaturalist-open-data.s3.amazonaws.com/photos/71998837/medium.jpeg,,"","",1,0,false,,"Philipsburg, Sint Maarten",18.0271158031,-63.0457163888,1592,,,,1592,,open,false,,,Snowy Egret,Egretta thula,Garza dedos dorados,Aves,4940
45506979,3269b863-276e-4615-a299-319fecf4e9ef,2020/05/10 9:52 AM EDT,2020-05-10,2020-05-10 15:52:00 +0200,Eastern Time (US & Canada),264251,rdebenham,Roger Debenham,2020-05-10 20:22:42 +0200,2023-09-25 00:56:48 +0200,research,CC-BY-NC,https://www.inaturalist.org/observations/45506979,https://inaturalist-open-data.s3.amazonaws.com/photos/72161758/medium.jpeg,,"","",3,0,false,,"Northwest Harwich, Harwich, MA, USA",41.6804210104,-70.1109030152,31,,,,31,,open,false,,,Snowy Egret,Egretta thula,Garza dedos dorados,Aves,4940
45564638,06e2c528-59f8-4547-81bd-15926a167eea,2020-05-09 08:52:35,2020-05-09,2020-05-09 17:52:35 +0200,Pacific Time (US & Canada),16576,matthew_salkiewicz,Matthew Salkiewicz,2020-05-11 06:29:20 +0200,2020-05-13 13:33:21 +0200,research,CC-BY-NC,https://www.inaturalist.org/observations/45564638,https://inaturalist-open-data.s3.amazonaws.com/photos/72254777/medium.jpeg,,"","",1,0,false,,"Upper Newport Bay Nature Preserve, Newport Beach, California",33.644506,-117.891477,27,,,,27,,open,false,,,Snowy Egret,Egretta thula,Garza dedos dorados,Aves,4940
45852235,67dc7765-8f35-47e2-8eeb-b4497577a3f6,2020/05/08 1:18 PM PDT,2020-05-08,2020-05-08 22:18:00 +0200,Pacific Time (US & Canada),1235797,emily4242,,2020-05-14 09:12:39 +0200,2023-04-04 09:14:01 +0200,research,CC-BY-NC,https://www.inaturalist.org/observations/45852235,https://inaturalist-open-data.s3.amazonaws.com/photos/72723562/medium.jpg,,"plumage, red lores, reddish lores, breeding, lacy",img_6936 Black beak and muddy? feet. ,1,0,false,,"Shorebird Way, Mountain View, CA 94043, USA",37.4187573,-122.0745605,191,,,,191,,open,false,,,Snowy Egret,Egretta thula,Garza dedos dorados,Aves,4940
46533757,ebbdbc49-d95c-40e1-b598-2656219a88a4,2020/05/16 11:13 AM PDT,2020-05-16,2020-05-16 20:13:00 +0200,Pacific Time (US & Canada),2536677,mitchm44,"",2020-05-19 23:51:01 +0200,2020-05-22 10:03:44 +0200,research,CC-BY-NC,https://www.inaturalist.org/observations/46533757,https://inaturalist-open-data.s3.amazonaws.com/photos/73801623/medium.jpeg,,"",,1,0,false,,"Yolo Bypass Wildlife Area, Yolo, California, United States",38.53262962,-121.59374342,,,,,,,open,false,,,Snowy Egret,Egretta thula,Garza dedos dorados,Aves,4940
46602167,56646c34-1036-4299-8e93-78aa48a06640,Tue May 19 2020 12:56:04 GMT-0700 (PDT),2020-05-19,2020-05-19 21:56:04 +0200,Pacific Time (US & Canada),1815684,iseltzer,,2020-05-20 16:23:48 +0200,2020-05-21 07:14:17 +0200,research,CC-BY-NC,https://www.inaturalist.org/observations/46602167,https://inaturalist-open-data.s3.amazonaws.com/photos/73913877/medium.jpg,,"",,3,0,false,3,"Baylands Nature Preserve, Palo Alto, CA, US",37.4573906106,-122.1097343127,97,,,,97,,open,false,,,Snowy Egret,Egretta thula,Garza dedos dorados,Aves,4940
46802622,d57d147c-7f6f-4751-a2bd-f0ef12dc4b02,2018/10/23 12:25 PM EDT,2018-10-23,2018-10-23 18:25:00 +0200,Eastern Time (US & Canada),1473195,barryr,Barry,2020-05-22 05:08:26 +0200,2021-12-16 22:37:34 +0000,research,CC-BY,https://www.inaturalist.org/observations/46802622,https://inaturalist-open-data.s3.amazonaws.com/photos/74226220/medium.jpg,,Stockimage_2019-02,,2,0,false,,"Lower Grand Lagoon, FL 32408, USA",30.1255605945,-85.7357296184,22886,,,,22886,,open,false,,,Snowy Egret,Egretta thula,Garza dedos dorados,Aves,4940
47459076,40c831c7-8cf4-4c76-8915-56672fe6cfb7,2020/05/23 3:31 PM MDT,2020-05-23,2020-05-23 23:31:00 +0200,Mountain Time (US & Canada),47767,mlwatson,M.L. Watson,2020-05-27 01:59:58 +0200,2021-10-03 17:04:41 +0200,research,CC-BY-NC,https://www.inaturalist.org/observations/47459076,https://inaturalist-open-data.s3.amazonaws.com/photos/75271243/medium.jpg,,"",,2,0,false,,"Tingley Beach, Albuquerque, NM 87104, USA",35.085512,-106.6735525,458,,,,458,,open,false,,,Snowy Egret,Egretta thula,Garza dedos dorados,Aves,4940
47664175,7753d2cd-81a7-44d8-be9f-7f1fc05d7555,Thu May 28 2020 10:05:06 GMT-0700 (PDT),2020-05-28,2020-05-28 19:05:06 +0200,Pacific Time (US & Canada),1517194,gosner,"",2020-05-28 23:16:24 +0200,2020-08-05 09:14:03 +0200,research,CC-BY-NC,https://www.inaturalist.org/observations/47664175,https://inaturalist-open-data.s3.amazonaws.com/photos/75604249/medium.jpg,,"",,1,0,false,3,"Tamal Plaza, Larkspur, CA, US",37.93613,-122.520985,,,,,,,open,false,,,Snowy Egret,Egretta thula,Garza dedos dorados,Aves,4940
48063297,fc2c93d3-0f12-4bcf-ab2a-20e007f600b2,2018/05/04 5:12 PM UTC,2018-05-04,,UTC,699979,vikingohermcas,Vikingo Hermcas,2020-06-01 02:02:19 +0200,2020-06-01 03:39:51 +0200,research,,https://www.inaturalist.org/observations/48063297,https://static.inaturalist.org/photos/76241534/medium.jpg,,"",,3,0,false,,"San Fernando, Tamps., México",24.8419162,-98.1502433,4376,,,,4376,,open,false,,,Garza dedos dorados,Egretta thula,Garza dedos dorados,Aves,4940
48236585,cf2f66cd-e280-48c9-92a0-532843933eae,2020/06/01 6:17 PM PDT,2020-06-01,2020-06-02 03:17:00 +0200,Pacific Time (US & Canada),99304,phylogenomics,Jonathan Eisen,2020-06-02 16:56:03 +0200,2020-06-12 04:10:04 +0200,research,CC-BY,https://www.inaturalist.org/observations/48236585,https://inaturalist-open-data.s3.amazonaws.com/photos/76526846/medium.jpg,,"","",1,0,false,,"Yolo Bypass Wildlife Area, Yolo, California, United States",38.5417483333,-121.590815,,,,,,,open,false,,"",Snowy Egret,Egretta thula,Garza dedos dorados,Aves,4940
48236606,6b61ed45-2b18-4e4a-82c3-398af14f6fd5,2020/06/01 6:05 PM PDT,2020-06-01,2020-06-02 03:05:00 +0200,Pacific Time (US & Canada),99304,phylogenomics,Jonathan Eisen,2020-06-02 16:56:16 +0200,2020-06-12 04:10:07 +0200,research,CC-BY,https://www.inaturalist.org/observations/48236606,https://inaturalist-open-data.s3.amazonaws.com/photos/76527043/medium.jpg,,"","",1,0,false,,"Yolo Bypass Wildlife Area, Yolo, California, United States",38.53767,-121.5894383333,,,,,,,open,false,,"",Snowy Egret,Egretta thula,Garza dedos dorados,Aves,4940
48236620,fa189df7-22fa-4a49-80ca-ec177629398b,2020/06/01 6:02 PM PDT,2020-06-01,2020-06-02 03:02:00 +0200,Pacific Time (US & Canada),99304,phylogenomics,Jonathan Eisen,2020-06-02 16:56:21 +0200,2020-06-12 04:12:24 +0200,research,CC-BY,https://www.inaturalist.org/observations/48236620,https://inaturalist-open-data.s3.amazonaws.com/photos/76527136/medium.jpg,,"","",1,0,false,,"Yolo Bypass Wildlife Area, Yolo, California, United States",38.537315,-121.5895016667,,,,,,,open,false,,"",Snowy Egret,Egretta thula,Garza dedos dorados,Aves,4940
48339710,c5668d42-b924-4e93-b7cd-132bc90ed330,2012/04/21 8:19 AM EDT,2012-04-21,2012-04-21 14:19:00 +0200,Eastern Time (US & Canada),1228909,johneppler,John Eppler,2020-06-03 17:00:34 +0200,2020-06-03 18:06:36 +0200,research,CC-BY-NC,https://www.inaturalist.org/observations/48339710,https://inaturalist-open-data.s3.amazonaws.com/photos/76695288/medium.jpg,,"EGRTHU, Egretta thula, Florida, Merritt Island National Wildlife Refuge, SNEG, Snowy Egret, Titusville","Snowy Egret (Egretta thula) fishing at Merritt Island National Wildlife Refuge, Titusville, Florida.",1,0,false,,"Merritt Island National Wildlife Refuge, Brevard County, FL, USA",28.6334338567,-80.773867455,,,,,,,open,false,,,Snowy Egret,Egretta thula,Garza dedos dorados,Aves,4940
48344898,b12e1790-b9b6-4436-8de4-0b8b53025e1f,2020/05/30 5:41 PM EDT,2020-05-30,2020-05-30 23:41:00 +0200,Eastern Time (US & Canada),934764,cammie,Cameron Hartley,2020-06-03 17:51:55 +0200,2020-06-23 06:43:03 +0200,research,CC-BY-NC,https://www.inaturalist.org/observations/48344898,https://static.inaturalist.org/photos/76691586/medium.jpeg,,"","",1,0,false,,"Bombay Hook National Wildlife Refuge, Delaware, USA",39.257805,-75.466635,505,,,,505,,open,false,,"",Snowy Egret,Egretta thula,Garza dedos dorados,Aves,4940
48351823,03027af7-0ace-4932-a5e0-5c70330f70aa,2019/06/08 2:41 PM MST,2019-06-08,2019-06-08 23:41:00 +0200,Arizona,922012,radinis,"",2020-06-03 19:06:16 +0200,2020-06-11 01:49:30 +0200,research,CC-BY-NC,https://www.inaturalist.org/observations/48351823,https://inaturalist-open-data.s3.amazonaws.com/photos/76713049/medium.jpg,,"Inaturalist, Blog","",2,0,false,,"Gilbert, AZ, USA",33.3611620489,-111.7328958593,152,,,,152,,open,false,,,Snowy Egret,Egretta thula,Garza dedos dorados,Aves,4940
48878813,063adc98-b546-4fcf-8269-2c58edd7a658,2020/03/03 9:46 AM UTC,2020-03-03,,UTC,3142919,roxyfaith,"",2020-06-08 06:24:07 +0200,2024-12-27 13:08:23 +0000,research,CC-BY-NC,https://www.inaturalist.org/observations/48878813,https://inaturalist-open-data.s3.amazonaws.com/photos/77577152/medium.jpeg,,"",,4,0,false,,"Playa Quieta, Guerrero, Mexico",17.6707493615,-101.6426801565,322,,,,322,,open,false,,,Schmuckreiher,Egretta thula,Garza dedos dorados,Aves,4940
49175835,53fbefc5-d729-427e-bf23-c2a9da5f4dc1,2020/01/18 9:20 PM PST,2020-01-18,2020-01-19 05:20:00 +0000,Pacific Time (US & Canada),678608,ilee1112,Irene Domhoff,2020-06-11 01:29:42 +0200,2025-08-04 18:47:28 +0200,research,CC-BY-NC,https://www.inaturalist.org/observations/49175835,https://inaturalist-open-data.s3.amazonaws.com/photos/78057606/medium.jpg,,"",,2,0,false,,"Orange County, CA, USA",33.709045,-118.05745,,,,,,,open,false,,,Snowy Egret,Egretta thula,Garza dedos dorados,Aves,4940
49361604,4646b950-6f61-4fdd-907e-abb79d2b69a1,2020/06/12 10:11 AM PDT,2020-06-12,2020-06-12 19:11:00 +0200,Pacific Time (US & Canada),99304,phylogenomics,Jonathan Eisen,2020-06-12 21:41:20 +0200,2020-06-13 04:48:09 +0200,research,CC-BY,https://www.inaturalist.org/observations/49361604,https://inaturalist-open-data.s3.amazonaws.com/photos/78357693/medium.jpg,,"",,1,0,false,,"Yolo Bypass Wildlife Area, Yolo, California, United States",38.53118,-121.5891866667,,,,,,,open,false,,,Snowy Egret,Egretta thula,Garza dedos dorados,Aves,4940
49530063,3206f249-2d4b-48d6-9ebe-ddc9165023cb,2020/06/13 10:01 AM MDT,2020-06-13,2020-06-13 18:01:00 +0200,Mountain Time (US & Canada),1275563,mztleca,,2020-06-14 04:21:24 +0200,2020-06-14 22:21:10 +0200,research,CC-BY-NC,https://www.inaturalist.org/observations/49530063,https://inaturalist-open-data.s3.amazonaws.com/photos/78628855/medium.jpg,,"Golden-toed heron, fly",,2,0,false,,"Calle Isla de Crestón, Mazatlán, SIN, MX",23.2340797949,-106.435406898,183,,,,183,,open,false,,,Snowy Egret,Egretta thula,Garza dedos dorados,Aves,4940
49546031,4d20dcad-d043-40b0-8e34-46327cfbeea8,2020/02/12 11:28 PM PST,2020-02-12,2020-02-13 07:28:00 +0000,Pacific Time (US & Canada),678608,ilee1112,Irene Domhoff,2020-06-14 08:35:28 +0200,2025-08-16 10:25:25 +0200,research,CC-BY-NC,https://www.inaturalist.org/observations/49546031,https://inaturalist-open-data.s3.amazonaws.com/photos/78655700/medium.jpg,,"","Witnessed an attempted robery against the snowy egret's hard earned fish dinner by an aggressive gull. Happy ending for the snowy egret, yay!",1,0,false,,"Orange County, CA, USA",33.7035933333,-118.0527916667,,,,,,,open,false,,,Snowy Egret,Egretta thula,Garza dedos dorados,Aves,4940
49812534,3db29f44-d70f-4a9b-bff4-95b883e394ec,2018/08/19 10:27 AM PDT,2018-08-19,2018-08-19 19:27:00 +0200,Pacific Time (US & Canada),348533,vinayak,Vinayak Hebbagil,2020-06-16 09:15:10 +0200,2025-08-10 02:35:23 +0200,research,CC-BY-NC,https://www.inaturalist.org/observations/49812534,https://inaturalist-open-data.s3.amazonaws.com/photos/79085285/medium.jpg,,"","",2,0,false,,Yolo Bypass Wildlife Area,38.5644302644,-121.6299241301,1902,,,,1902,,open,false,,"",Snowy Egret,Egretta thula,Garza dedos dorados,Aves,4940
49992137,77081b44-3f3a-438f-8eda-3c5315b0edea,2016/11/12 9:10 PM CST,2016-11-12,2016-11-13 03:10:00 +0000,Guadalajara,2533873,ceciliasigala,Ceci Sigala,2020-06-18 00:43:44 +0200,2020-07-07 00:36:21 +0200,research,CC-BY-NC-SA,https://www.inaturalist.org/observations/49992137,https://inaturalist-open-data.s3.amazonaws.com/photos/82968020/medium.jpeg,,"aves, Migratorias, Garza, Vida libre","En Presa Casablanca en Cocula, Jalisco.",1,0,false,,"Cocula, Jal., México",20.3807008946,-103.8060595802,799,,,,799,,open,false,,,Garza dedos dorados,Egretta thula,Garza dedos dorados,Aves,4940
50294148,0a300f6e-1e94-409d-ba78-ca8541b2a87d,2020/06/19 6:02 PM PDT,2020-06-19,2020-06-20 03:02:00 +0200,Pacific Time (US & Canada),536,virusmanbob,Robert Siegel,2020-06-20 19:29:41 +0200,2020-06-23 03:59:27 +0200,research,,https://www.inaturalist.org/observations/50294148,https://static.inaturalist.org/photos/79859069/medium.jpg,,"",,1,0,false,,"Menlo Park, CA, USA",37.496815,-122.12842,,,,,,,open,false,,,Snowy Egret,Egretta thula,Garza dedos dorados,Aves,4940
50567099,022fe57c-ffbf-448c-b8c6-22cb7bb43553,2020/06/21 5:47 AM MDT,2020-06-21,2020-06-21 13:47:00 +0200,Mountain Time (US & Canada),624246,gewb,"",2020-06-22 18:48:36 +0200,2022-02-01 20:35:19 +0000,research,,https://www.inaturalist.org/observations/50567099,https://static.inaturalist.org/photos/80294966/medium.jpg,,"",,1,0,false,,"Metzger Farm Open Space, Westminster, CO, USA",39.9158921813,-105.0302084733,31,,,,31,,open,false,,,Snowy Egret,Egretta thula,Garza dedos dorados,Aves,4940
51334295,0f19b498-d659-4e8e-85ca-34bd5ba40a95,2020/06/27 9:39 AM PDT,2020-06-27,2020-06-27 18:39:00 +0200,Pacific Time (US & Canada),99304,phylogenomics,Jonathan Eisen,2020-06-29 08:14:50 +0200,2024-03-12 21:40:14 +0000,research,CC-BY,https://www.inaturalist.org/observations/51334295,https://inaturalist-open-data.s3.amazonaws.com/photos/81550879/medium.jpg,,"",,2,0,false,,"Yolo Bypass Wildlife Area, Yolo, California, United States",38.5477716667,-121.5907683333,,,,,,,open,false,,,Snowy Egret,Egretta thula,Garza dedos dorados,Aves,4940
51697480,f06691d8-0cd9-4cbe-8411-019e53f7e01e,2015/12/04 4:13 PM UTC,2015-12-04,,UTC,3236911,jose_garcia_lopez,,2020-07-02 17:17:26 +0200,2020-07-02 20:07:43 +0200,research,CC-BY-NC,https://www.inaturalist.org/observations/51697480,https://inaturalist-open-data.s3.amazonaws.com/photos/82153473/medium.jpg,,"","Santuario playa El Tecuán, Jal.",2,0,false,,"La Huerta, Jal., México",19.2998042342,-104.9129110106,61,,,,61,,open,false,,,Snowy Egret,Egretta thula,Garza dedos dorados,Aves,4940
52208703,aa173576-b269-44db-9df8-a3f95f9ac1ee,Mon Jul 06 2020 15:25:25 GMT-0500 (CDT),2020-07-06,2020-07-06 22:25:25 +0200,Central Time (US & Canada),726785,collin_st,Collin Stempien,2020-07-07 01:53:46 +0200,2020-07-07 01:54:43 +0200,research,,https://www.inaturalist.org/observations/52208703,https://static.inaturalist.org/photos/82979508/medium.jpg,,"",,1,0,false,3,"Ocean Springs, MS, US",30.3598516149,-88.6736343522,167,,,,167,,open,false,,,Snowy Egret,Egretta thula,Garza dedos dorados,Aves,4940
52422962,1bdfdee3-1d4b-4b07-bbec-8c0d6f1492da,Wed Jul 08 2020 17:16:34 GMT-0700 (PDT),2020-07-08,2020-07-09 02:16:34 +0200,Pacific Time (US & Canada),3280558,owbu,,2020-07-09 02:20:51 +0200,2020-11-13 01:05:12 +0000,research,CC-BY-NC,https://www.inaturalist.org/observations/52422962,https://inaturalist-open-data.s3.amazonaws.com/photos/83334121/medium.jpg,,"",,2,0,false,3,"Malibu Lagoon, Malibu, CA, US",34.0330753315,-118.6800511503,22,,,,22,,open,false,,,Snowy Egret,Egretta thula,Garza dedos dorados,Aves,4940
52839838,0159c970-831e-41ef-9038-bc1a92944de9,Sun Jul 12 2020 12:31:22 GMT-0600 (MDT),2020-07-12,2020-07-12 20:31:22 +0200,Mountain Time (US & Canada),3261372,lorenzodominguez,Lorenzo Dominguez,2020-07-12 20:33:31 +0200,2021-04-03 19:08:20 +0200,research,,https://www.inaturalist.org/observations/52839838,https://static.inaturalist.org/photos/84016720/medium.jpg,,"",,2,0,false,3,"Isleta Golf Club, Albuquerque, NM, US",34.9355,-106.67530833,13,,,,13,,open,false,,,Snowy Egret,Egretta thula,Garza dedos dorados,Aves,4940
53313494,9962e0c3-13a2-43cb-901a-4817e020455d,2020/07/16 11:54 AM PDT,2020-07-16,2020-07-16 20:54:00 +0200,Pacific Time (US & Canada),1770258,beckasaurus,Becky,2020-07-17 01:33:32 +0200,2020-08-14 08:11:38 +0200,research,,https://www.inaturalist.org/observations/53313494,https://inaturalist-open-data.s3.amazonaws.com/photos/84786594/medium.jpeg,,"",,2,0,false,,"Milpitas, CA 95035, USA",37.4426779798,-121.9156092977,111,,,,111,,open,false,,,Snowy Egret,Egretta thula,Garza dedos dorados,Aves,4940
53815300,c14158de-7faa-4c08-bf1f-f6adb481ef66,Mon Jul 20 2020 13:44:37 GMT-0700 (PDT),2020-07-20,2020-07-20 22:44:37 +0200,Pacific Time (US & Canada),2285016,karekarat,,2020-07-21 08:54:12 +0200,2020-07-21 08:55:31 +0200,research,CC-BY-NC,https://www.inaturalist.org/observations/53815300,https://inaturalist-open-data.s3.amazonaws.com/photos/85606796/medium.jpg,,"",,1,0,false,3,"San Rafael Bay, San Rafael, CA, US",37.9600290178,-122.4907277431,661,,,,661,,open,false,,,Snowy Egret,Egretta thula,Garza dedos dorados,Aves,4940
54222484,d7ee1acd-7bf6-46dc-939c-aa370b665509,2020/07/24 11:20 AM MDT,2020-07-24,2020-07-24 19:20:00 +0200,Mountain Time (US & Canada),1744345,hannahfloyd_naturalist,Hannah Floyd,2020-07-25 03:17:39 +0200,2024-06-27 19:49:44 +0200,research,CC-BY-NC,https://www.inaturalist.org/observations/54222484,https://inaturalist-open-data.s3.amazonaws.com/photos/86267904/medium.jpeg,,"",,2,0,false,,"Louisville, CO, USA",39.9908175548,-105.120422063,15,,,,15,,open,false,,,Snowy Egret,Egretta thula,Garza dedos dorados,Aves,4940
54813378,8bea0621-0626-4bd3-b1ce-884dfe3f2dd9,2020/07/29 7:36 PM PDT,2020-07-29,2020-07-30 04:36:00 +0200,Pacific Time (US & Canada),1650762,indignantchickadee,Kate Magoon,2020-07-30 07:27:41 +0200,2023-10-03 14:26:16 +0200,research,CC-BY-NC,https://www.inaturalist.org/observations/54813378,https://static.inaturalist.org/photos/87239466/medium.jpg,,"",,2,0,false,,West County Trail--Green Valley Rd,38.4477878972,-122.8781853022,457,,,,457,,open,false,,,Snowy Egret,Egretta thula,Garza dedos dorados,Aves,4940
54986963,55038619-c322-49a7-9f73-fd4c05a90e4e,2020/07/31 9:03 AM CDT,2020-07-31,2020-07-31 16:03:00 +0200,Central Time (US & Canada),72880,charley,"",2020-08-01 02:20:00 +0200,2020-08-01 09:56:45 +0200,research,CC-BY-NC,https://www.inaturalist.org/observations/54986963,https://inaturalist-open-data.s3.amazonaws.com/photos/87526060/medium.jpeg,,"","",2,0,false,,"Hagerman National Wildlife Refuge, Grayson, Texas, United States",33.7327066667,-96.7725783333,,,,,,,open,false,,,Snowy Egret,Egretta thula,Garza dedos dorados,Aves,4940
55080177,7dac856c-e582-4224-b6cd-0b0c0c08f330,2020/08/01 11:23 AM PDT,2020-08-01,2020-08-01 20:23:00 +0200,Pacific Time (US & Canada),1110622,andyfrank,Andy Frank,2020-08-01 22:53:02 +0200,2020-08-04 07:26:04 +0200,research,CC-BY-NC,https://www.inaturalist.org/observations/55080177,https://inaturalist-open-data.s3.amazonaws.com/photos/87679777/medium.jpeg,,"",Photo is poor quality but can see black bill and yellow lores.  It was about 1/2 the size of nearby Great Egrets,3,0,false,,"St. Johns, Portland, OR, USA",45.61579,-122.7252366667,,,,,,,open,false,,,Snowy Egret,Egretta thula,Garza dedos dorados,Aves,4940
55295516,a94873fc-07f7-4686-a6f7-c1885644a933,Fri Jul 24 2020 15:40:11 GMT-0700 (PDT),2020-07-24,2020-07-25 00:40:11 +0200,Pacific Time (US & Canada),3419434,matthew_silvia,,2020-08-03 19:01:22 +0200,2021-04-09 23:41:28 +0200,research,CC-BY-NC,https://www.inaturalist.org/observations/55295516,https://inaturalist-open-data.s3.amazonaws.com/photos/88039999/medium.jpg,,"",,2,0,false,3,"Rose Creek, San Diego, CA, US",32.80277167,-117.22238,24,,,,24,,open,false,,,Snowy Egret,Egretta thula,Garza dedos dorados,Aves,4940
55417480,dae26dbd-e9b8-478a-9756-02255f5feb0f,2020/08/04 10:20 AM CDT,2020-08-04,2020-08-04 17:20:00 +0200,Mexico City,192635,jartigas,Juan Miguel Artigas Azas,2020-08-04 21:26:36 +0200,2020-08-06 04:06:43 +0200,research,,https://www.inaturalist.org/observations/55417480,https://static.inaturalist.org/photos/88237762/medium.jpg,,"","",3,0,false,,"Parque Tangamanga I, San Luis, S.L.P., Mexico",22.1356473215,-101.0024586108,2,,,,2,,open,false,,,Snowy Egret,Egretta thula,Garza dedos dorados,Aves,4940
55429381,bff7d262-4316-4ddb-a1c5-4718972db365,2020/08/04 9:48 AM HST,2020-08-04,2020-08-04 21:48:00 +0200,Hawaii,836686,lorainedg,Butterfly_Stalker,2020-08-04 23:23:05 +0200,2020-08-05 17:54:40 +0200,research,,https://www.inaturalist.org/observations/55429381,https://static.inaturalist.org/photos/88260845/medium.jpeg,,"",,3,0,false,,"Flower Mound, TX, USA",33.0221487863,-97.1418532626,15,,,,15,,open,false,,,Snowy Egret,Egretta thula,Garza dedos dorados,Aves,4940
55553633,ff23e0f2-581c-49fa-a925-c04aea91300b,2020/08/05 7:57 AM CDT,2020-08-05,2020-08-05 14:57:00 +0200,Central Time (US & Canada),1067600,ramontrinchan,Ramón Trinchan,2020-08-06 02:57:02 +0200,2020-08-09 07:48:48 +0200,research,CC-BY-NC,https://www.inaturalist.org/observations/55553633,https://inaturalist-open-data.s3.amazonaws.com/photos/88466712/medium.jpg,,"",,3,0,false,,"Progreso, Yuc., México",21.275292568,-89.6295357071,1190,,,,1190,,open,false,,,Garza dedos dorados,Egretta thula,Garza dedos dorados,Aves,4940
55642127,1f35abed-1ddb-4af3-8201-4db5a169b38a,2020/08/06 3:42 PM EDT,2020-08-06,2020-08-06 21:42:00 +0200,Eastern Time (US & Canada),2610832,sisor,"",2020-08-06 23:41:29 +0200,2020-08-10 16:40:37 +0200,research,CC-BY-NC,https://www.inaturalist.org/observations/55642127,https://inaturalist-open-data.s3.amazonaws.com/photos/88615133/medium.jpeg,,"","",1,0,false,,"Historic Uptown, St. Petersburg, FL, USA",27.7793035537,-82.6396309567,7,,,,7,,open,false,,,Snowy Egret,Egretta thula,Garza dedos dorados,Aves,4940
55656291,35d81a5c-d51e-45d5-bb53-39c0ff66083c,2020/08/02 4:02 PM PDT,2020-08-02,2020-08-03 01:02:00 +0200,Pacific Time (US & Canada),2248610,sandor_in,,2020-08-07 02:32:19 +0200,2021-09-08 20:08:43 +0200,research,CC-BY-NC,https://www.inaturalist.org/observations/55656291,https://inaturalist-open-data.s3.amazonaws.com/photos/88634600/medium.jpeg,,"",,1,0,false,,"Alviso, San Jose, CA, USA",37.4583512724,-121.9316648389,15,,,,15,,open,false,,,Snowy Egret,Egretta thula,Garza dedos dorados,Aves,4940
55741922,db584db3-3eed-4dde-9b65-c3a0336280c6,Mon Jul 27 2020 18:01:59 GMT-0400 (EDT),2020-07-27,2020-07-28 00:01:59 +0200,Eastern Time (US & Canada),2554349,dylaninthewild,"",2020-08-08 00:20:36 +0200,2020-08-13 04:21:08 +0200,research,CC-BY-NC,https://www.inaturalist.org/observations/55741922,https://inaturalist-open-data.s3.amazonaws.com/photos/88779426/medium.jpg,,"",,1,0,false,3,"Sands Point Harbor, Waretown, NJ, US",39.8056938386,-74.1729779463,42,,,,42,,open,false,,,Snowy Egret,Egretta thula,Garza dedos dorados,Aves,4940
55861499,db4f2e91-3e0f-4566-bfac-396fdef3312d,Thu Aug 06 2020 11:43:20 GMT-0400 (EDT),2020-08-06,2020-08-06 17:43:20 +0200,Eastern Time (US & Canada),2506897,decaturjosh,,2020-08-09 02:44:49 +0200,2024-10-16 01:22:31 +0200,research,CC0,https://www.inaturalist.org/observations/55861499,https://inaturalist-open-data.s3.amazonaws.com/photos/88977400/medium.jpg,,"",,1,0,false,3,"Hunting Island State Park, Saint Helena Island, SC, US",32.3462658961,-80.4498747357,100,,,,100,,open,false,,,Snowy Egret,Egretta thula,Garza dedos dorados,Aves,4940
56255567,4c172d3f-4b1c-4807-9cf3-8d9eafb15675,2018/03/07 5:25 PM PST,2018-03-07,2018-03-08 01:25:00 +0000,Pacific Time (US & Canada),106080,rosymaplemoths4,"",2020-08-12 22:12:37 +0200,2025-03-09 00:23:31 +0000,research,CC-BY-NC,https://www.inaturalist.org/observations/56255567,https://inaturalist-open-data.s3.amazonaws.com/photos/89631652/medium.jpg,,Birds,,1,0,false,,"North Davis Farms, Davis, CA 95616, USA",38.5715337697,-121.7602423457,523,,,,523,,open,false,,,Snowy Egret,Egretta thula,Garza dedos dorados,Aves,4940
56682334,7368d566-77a9-43af-bb84-5b71b45aca6b,2020/08/02 1:54 PM MDT,2020-08-02,2020-08-02 21:54:00 +0200,Mountain Time (US & Canada),3464504,dsich,,2020-08-17 00:03:41 +0200,2020-08-30 03:23:39 +0200,research,CC-BY-NC,https://www.inaturalist.org/observations/56682334,https://inaturalist-open-data.s3.amazonaws.com/photos/90343769/medium.jpeg,,"",,1,0,false,,"Boulder, CO, USA",40.0149856,-105.2705456,11834,,,,11834,,open,false,,,Snowy Egret,Egretta thula,Garza dedos dorados,Aves,4940
57250835,fb23bf35-5a31-4272-abe5-7719a214c3b4,2020/05/18 12:34 PM UTC,2020-05-18,2020-05-18 14:34:00 +0200,UTC,144071,tgfcelt,"",2020-08-22 21:09:45 +0200,2023-02-23 03:56:55 +0000,research,CC-BY-NC,https://www.inaturalist.org/observations/57250835,https://inaturalist-open-data.s3.amazonaws.com/photos/91302058/medium.jpeg,,"",,1,0,false,,"Mountain View, CA, USA",37.4197994131,-122.0714970235,61,,,,61,,open,false,,,Snowy Egret,Egretta thula,Garza dedos dorados,Aves,4940
57580099,dd69ce96-90f4-424a-be0c-ef20933e9d88,2020/08/25 7:59 AM EDT,2020-08-25,2020-08-25 13:59:00 +0200,Eastern Time (US & Canada),907409,mfeaver,"",2020-08-25 22:45:13 +0200,2023-06-17 19:49:30 +0200,research,CC-BY,https://www.inaturalist.org/observations/57580099,https://inaturalist-open-data.s3.amazonaws.com/photos/91856973/medium.jpeg,,"",,2,0,false,,"Jefferson County, FL, USA",30.32781,-83.9877733333,,,,,,,open,false,,,Snowy Egret,Egretta thula,Garza dedos dorados,Aves,4940
57671332,7d62b7ea-0ff1-4a4e-8ed7-e2c452377ff2,Wed Aug 26 2020 10:04:58 GMT-0700 (PDT),2020-08-26,2020-08-26 19:04:58 +0200,Pacific Time (US & Canada),1446013,thomastran,TyWild12,2020-08-26 22:20:04 +0200,2020-08-29 08:51:47 +0200,research,,https://www.inaturalist.org/observations/57671332,https://static.inaturalist.org/photos/92012047/medium.jpg,,"",,1,0,false,3,"Olympiad Rd, Mission Viejo, CA, US",33.62773833,-117.64994667,5,,,,5,,open,false,,,Snowy Egret,Egretta thula,Garza dedos dorados,Aves,4940
57894990,47d95e65-0d19-4ab8-b4c7-1c0f8f13f27e,2020/08/23 10:21 AM CDT,2020-08-23,2020-08-23 17:21:00 +0200,Mexico City,506480,toromx,Omar Del Toro,2020-08-29 06:58:45 +0200,2023-07-08 02:09:46 +0200,research,CC-BY-NC,https://www.inaturalist.org/observations/57894990,https://inaturalist-open-data.s3.amazonaws.com/photos/92387367/medium.jpg,,"",,4,0,false,,"Manzanillo, Colima, Mexico",19.086327,-104.303489,,,,,,,open,false,,,Snowy Egret,Egretta thula,Garza dedos dorados,Aves,4940
57972707,95118c6d-0fbc-4d22-975e-2eb427e7c64e,2020/08/27 8:32 AM CDT,2020-08-27,2020-08-27 15:32:00 +0200,Central Time (US & Canada),350225,kalamurphyking,Kala Murphy King,2020-08-30 00:32:00 +0200,2025-11-22 19:35:07 +0000,research,CC-BY-NC-ND,https://www.inaturalist.org/observations/57972707,https://inaturalist-open-data.s3.amazonaws.com/photos/92515434/medium.jpg,,"Tadorna ferruginea, Ruddy Shelduck, new species for me, duck, aquatic, aquatic bird, migrating bird, large duck, rare, uncommon, escaped, exotic water fowl, water fowl, dabbling duck, native to Asia, hurricane Laura, white rock lake, dallas texas, sunset bay, log, stretching, Trachemys scripta elegans, red eared slider, water turtle, turtle, aquatic turtle, sliders, reptile, basking, male turtle, melanistic turtle, male red eared slider, melanistic red eared slider, snowy egret, egret, small egret, Egretta thula, waders, driftwood","White Rock lake, Sunset Bay
This one is for the snowy egret",2,0,false,,"Dallas, TX, USA Sunset Bay water",32.8338376268,-96.7139327375,127,,,,127,,open,false,,,Snowy Egret,Egretta thula,Garza dedos dorados,Aves,4940
58191239,7be4009f-8f04-4f1b-a8ee-bb3934aa1070,Sat Jan 25 2020 16:08:37 GMT-0800 (PST),2020-01-25,2020-01-25 16:08:37 +0000,UTC,1719962,alevy03,,2020-09-01 00:08:45 +0200,2020-10-26 23:43:07 +0000,research,CC-BY-NC,https://www.inaturalist.org/observations/58191239,https://inaturalist-open-data.s3.amazonaws.com/photos/92881245/medium.jpg,,"",,3,0,false,3,"Sutro Baths, San Francisco, CA, US",37.7805563393,-122.5136757864,58,,,,58,,open,false,,,Snowy Egret,Egretta thula,Garza dedos dorados,Aves,4940
58346538,fa40eae7-fc78-4b9a-83da-136aabadc9a7,2020-09-02 10:31:44 AM PDT,2020-09-02,2020-09-02 19:31:44 +0200,Pacific Time (US & Canada),1597249,stiv1,Stiv Ostenberg,2020-09-02 19:37:10 +0200,2020-09-03 19:11:25 +0200,research,,https://www.inaturalist.org/observations/58346538,https://static.inaturalist.org/photos/93145140/medium.jpeg,,"",,2,0,false,2,"Palo Alto, CA 94303, USA",37.4357189722,-122.097605,,,,,,,open,false,gps,gps,Snowy Egret,Egretta thula,Garza dedos dorados,Aves,4940
58892194,7ecaf8f5-bb13-4719-8ad9-9308f2ca9bba,2016/10/30 ,2016-10-30,,Eastern Time (US & Canada),1038146,susnyder,Su Snyder,2020-09-08 00:19:00 +0200,2020-09-09 22:11:19 +0200,research,CC-BY-NC-SA,https://www.inaturalist.org/observations/58892194,https://inaturalist-open-data.s3.amazonaws.com/photos/94053497/medium.jpg,,"",,1,0,false,,"Huntington State Park, Murrells Inlet, SC 29576, USA",33.5156094,-79.0597786,621,,,,621,,open,false,,,Snowy Egret,Egretta thula,Garza dedos dorados,Aves,4940
59055979,d32da3cb-24c2-47a3-a29b-018481610a16,2020/09/09 9:14 AM PDT,2020-09-09,2020-09-09 18:14:00 +0200,Pacific Time (US & Canada),1132118,albullington,Amanda Bullington,2020-09-09 19:08:34 +0200,2025-11-28 01:50:08 +0000,research,CC-BY-NC,https://www.inaturalist.org/observations/59055979,https://inaturalist-open-data.s3.amazonaws.com/photos/94331722/medium.jpeg,,"",,3,0,false,,"Emeryville, CA, USA",37.8372984166,-122.3097513644,61,,,,61,,open,false,,,Snowy Egret,Egretta thula,Garza dedos dorados,Aves,4940
60356943,1c917637-ccb9-4717-957d-ff18dc73ad46,2020/09/19 12:50 PM EDT,2020-09-19,2020-09-19 18:50:00 +0200,Eastern Time (US & Canada),17390,klodonnell,Kelly L. O'Donnell,2020-09-21 22:55:47 +0200,2020-12-24 20:50:09 +0000,research,CC-BY-NC,https://www.inaturalist.org/observations/60356943,https://inaturalist-open-data.s3.amazonaws.com/photos/96499025/medium.jpeg,,"","Egrets, there are a few",2,0,false,,"Nassau, New York, United States",40.620785,-73.621178,,,,,,,open,false,,,Snowy Egret,Egretta thula,Garza dedos dorados,Aves,4940
60794513,060184e6-bad7-45f0-96ed-41cd4485b5ae,2020/09/05 3:57 PM PDT,2020-09-05,2020-09-06 00:57:00 +0200,Pacific Time (US & Canada),3669370,rabbitlady101,,2020-09-26 07:35:30 +0200,2020-09-26 21:31:26 +0200,research,CC-BY-NC,https://www.inaturalist.org/observations/60794513,https://inaturalist-open-data.s3.amazonaws.com/photos/97233133/medium.jpeg,,"",,3,1,false,,"18000 CA-1, Huntington Beach, CA 92648, USA",33.6956195,-118.0464005,196,,,,196,,open,false,,,Snowy Egret,Egretta thula,Garza dedos dorados,Aves,4940
60838568,52934958-2726-4bb1-b19d-cd6bc76a2f68,Thu Sep 24 2020 12:21:20 GMT-0700 (PDT),2020-09-24,2020-09-24 21:21:20 +0200,Pacific Time (US & Canada),683052,companion-platform,Companion–Platform,2020-09-26 18:24:41 +0200,2020-09-27 04:12:55 +0200,research,,https://www.inaturalist.org/observations/60838568,https://static.inaturalist.org/photos/97304447/medium.jpg,,"",,1,0,false,3,"McLaughlin Eastshore State Park, Richmond, CA, US",37.91143333,-122.3376,6,,,,6,,open,false,,,Snowy Egret,Egretta thula,Garza dedos dorados,Aves,4940
60859246,22b0be55-64b2-4d1f-a71d-418427e45eb5,2020/09/26 9:50 AM CDT,2020-09-26,2020-09-26 16:50:00 +0200,Mexico City,192635,jartigas,Juan Miguel Artigas Azas,2020-09-26 20:59:52 +0200,2020-09-27 19:53:38 +0200,research,,https://www.inaturalist.org/observations/60859246,https://static.inaturalist.org/photos/97337174/medium.jpg,,"","",2,0,false,,"Parque Tangamanga I, San Luis, S.L.P., Mexico",22.1278049545,-101.002183048,4,,,,4,,open,false,,,Snowy Egret,Egretta thula,Garza dedos dorados,Aves,4940
60904992,80cbc068-7f39-4d1c-9d50-52d57f7cc382,Sat Sep 26 2020 17:35:19 GMT-0700 (PDT),2020-09-26,2020-09-27 02:35:19 +0200,Pacific Time (US & Canada),3081420,joycebruin,,2020-09-27 02:40:29 +0200,2020-09-27 17:09:30 +0200,research,,https://www.inaturalist.org/observations/60904992,https://static.inaturalist.org/photos/97412488/medium.jpg,,"",,2,0,false,3,"Elk Glen Lake, San Francisco, CA, US",37.7674617268,-122.4819252844,22,,,,22,,open,false,,,Snowy Egret,Egretta thula,Garza dedos dorados,Aves,4940
61165670,45899ae5-4f2d-4929-b15b-d353526d559b,2020/09/28 7:23 AM PDT,2020-09-28,2020-09-28 16:23:00 +0200,Pacific Time (US & Canada),99304,phylogenomics,Jonathan Eisen,2020-09-29 02:37:56 +0200,2022-01-27 06:52:48 +0000,research,CC-BY,https://www.inaturalist.org/observations/61165670,https://inaturalist-open-data.s3.amazonaws.com/photos/97849708/medium.jpg,,"",,2,0,false,,"Yolo County, CA, USA",38.5610483333,-121.61036,,,,,,,open,false,,,Snowy Egret,Egretta thula,Garza dedos dorados,Aves,4940
61877978,21de2b65-d2f7-4ad4-a256-de0298506ae5,2019/01/20 6:00 AM UTC,2019-01-20,2019-01-20 06:00:00 +0000,UTC,3368671,denise436,Denise,2020-10-06 19:44:25 +0200,2020-10-06 20:15:20 +0200,research,,https://www.inaturalist.org/observations/61877978,https://static.inaturalist.org/photos/99063501/medium.jpeg,,"","",3,0,false,,"Tulum, Q.R., México",20.2659213919,-87.3908717762,64,,,,64,,open,false,,,Snowy Egret,Egretta thula,Garza dedos dorados,Aves,4940
62222947,3b0894d3-a632-4a9e-948d-70f23ddcb857,2020/10/08 12:43 PM EDT,2020-10-08,2020-10-08 18:43:00 +0200,Eastern Time (US & Canada),208559,mefisher,"",2020-10-10 21:06:50 +0200,2024-06-19 00:14:55 +0200,research,CC0,https://www.inaturalist.org/observations/62222947,https://inaturalist-open-data.s3.amazonaws.com/photos/99664775/medium.jpg,,"",,1,0,false,,"Galloway, NJ, USA",39.4603256473,-74.4250617488,2515,,,,2515,,open,false,,,Snowy Egret,Egretta thula,Garza dedos dorados,Aves,4940
62812856,93e1e6a8-4a37-44d2-8c2b-97dd1602817d,2020/07/22 11:00 AM ADT,2020-07-22,2020-07-22 16:00:00 +0200,Atlantic Time (Canada),209880,lewnanny_richardson,Lewnanny Richardson,2020-10-17 20:41:08 +0200,2023-04-17 15:19:57 +0200,research,CC-BY-NC,https://www.inaturalist.org/observations/62812856,https://inaturalist-open-data.s3.amazonaws.com/photos/100704867/medium.jpeg,,"",,1,0,false,,"Chemin Cédrière Sud, NB, Canada",47.3865107986,-64.906559369,4,,,,4,,open,false,,,Snowy Egret,Egretta thula,Garza dedos dorados,Aves,4940
62857813,2f08fcc5-20b2-4543-bdf2-651ce83ae47a,2020/10/16 10:59 AM EDT,2020-10-16,2020-10-16 16:59:00 +0200,Eastern Time (US & Canada),3453019,kingmush,JeffreyGammon,2020-10-18 04:45:44 +0200,2023-02-24 06:00:51 +0000,research,CC-BY-NC,https://www.inaturalist.org/observations/62857813,https://inaturalist-open-data.s3.amazonaws.com/photos/100782035/medium.jpeg,,Florida,ignore the silly laughing gull,1,0,false,,"Egmont Key, Florida 33715, USA",27.5919782,-82.762601,1922,,,,1922,,open,false,,,Snowy Egret,Egretta thula,Garza dedos dorados,Aves,4940
63221645,d3f2262d-d695-4217-9ff8-03e34ad7112b,2020-10-21 07:47:22,2020-10-21,2020-10-21 15:47:22 +0200,Mountain Time (US & Canada),539954,dlcoleman,Dennis Coleman,2020-10-22 06:57:00 +0200,2020-10-31 11:12:24 +0000,research,,https://www.inaturalist.org/observations/63221645,https://static.inaturalist.org/photos/101430329/medium.jpg,,"Avian, Birding, Aves, Birds, Egert, Farmington Bay WMA, Wading Bird, Egretta thula, Bird Photography, Utah, Snowy Egert (Egretta thula)","Farmington Bay WMA, UT",2,0,false,,"Charnell, Utah, United States",40.931412,-111.948709,,,,,,,open,false,,"",Snowy Egret,Egretta thula,Garza dedos dorados,Aves,4940
63459779,b33deddd-ea3e-4a30-a567-37f5e251fb40,2020-10-23 4:50:05 PM CDT,2020-10-23,2020-10-23 18:50:05 +0200,UTC,3588909,darinanolasco,Darina Nolasco,2020-10-25 05:48:28 +0000,2020-10-25 06:16:59 +0000,research,CC-BY-NC,https://www.inaturalist.org/observations/63459779,https://inaturalist-open-data.s3.amazonaws.com/photos/101846585/medium.jpeg,,"",,1,0,false,2,"San Andrés Tuxtla, Ver., México",18.6666693194,-95.1336099207,2058,,,,2058,,open,false,gps,gps,Snowy Egret,Egretta thula,Garza dedos dorados,Aves,4940
63839213,65f8c014-f39d-4eb2-89ae-d9ca7f6753e1,2020/10/27 10:51 AM CST,2020-10-27,2020-10-27 16:51:00 +0000,Mexico City,175755,arturoc,Arturo Cruz,2020-10-30 19:54:12 +0000,2025-07-03 20:32:30 +0200,research,CC-BY-NC,https://www.inaturalist.org/observations/63839213,https://static.inaturalist.org/photos/102523228/medium.jpeg,,"","",3,0,false,,"Sector Centro, 88000 Nuevo Laredo, Tamps., México",27.4983009971,-99.5157549919,31,,,,31,,open,false,,,Garza dedos dorados,Egretta thula,Garza dedos dorados,Aves,4940
64054475,c0fb179e-6cce-4dc7-adf9-91c7b3077081,2020/10/05 9:48 AM CDT,2020-10-05,2020-10-05 16:48:00 +0200,Central Time (US & Canada),36127,denver,Denver Kramer,2020-11-02 19:18:21 +0000,2020-11-03 00:04:07 +0000,research,CC-BY-NC,https://www.inaturalist.org/observations/64054475,https://inaturalist-open-data.s3.amazonaws.com/photos/102913122/medium.jpg,,"1DX MK ll, Animals, Canon 100-400mm ll, Canon EF 1.4x III Extender, Denver Kramer Photography, LLELA, Lake Lewisville Education Learning Area, Lewisville Lake Environmental Learning Area, Snowy Egret, Texas, birds, wildlife",,2,0,false,,"Lewisville, TX USA",33.0613016667,-96.970105,,,,,,,open,false,,,Snowy Egret,Egretta thula,Garza dedos dorados,Aves,4940
64221286,07e47409-2b02-4883-9046-7f57162b319c,2020/10/31 09:00 AM CST,2020-10-31,2020-10-31 09:00:00 +0000,UTC,3721239,cebada-im,Ixin Cebada,2020-11-05 05:03:19 +0000,2020-11-06 16:47:45 +0000,research,CC-BY-NC,https://www.inaturalist.org/observations/64221286,https://inaturalist-open-data.s3.amazonaws.com/photos/103212909/medium.jpg,,"",,2,0,false,,"Parque Ecológico de Xochimilco, Ciudad de México, CDMX, México",19.2966350685,-99.094279592,50,,,,50,,open,false,,,Garza dedos dorados,Egretta thula,Garza dedos dorados,Aves,4940
65312153,079cbace-b983-4ea6-b126-f5b49d6d1965,2016/03/16 3:34 PM EDT,2016-03-16,2016-03-16 19:34:00 +0000,Eastern Time (US & Canada),738147,dptate,Douglas Tate,2020-11-21 03:23:14 +0000,2022-04-02 23:58:05 +0200,research,CC-BY-NC,https://www.inaturalist.org/observations/65312153,https://inaturalist-open-data.s3.amazonaws.com/photos/105096199/medium.jpeg,,"",,2,0,false,,"Orange County, FL, USA",28.355985753,-81.4036349268,100,,,,100,,open,false,,,Snowy Egret,Egretta thula,Garza dedos dorados,Aves,4940
65345003,1c230707-20b9-4bcb-8682-6d7ef4216a67,2020/11/14 11:18 AM MST,2020-11-14,2020-11-14 18:18:00 +0000,Mountain Time (US & Canada),1275563,mztleca,,2020-11-21 18:21:11 +0000,2021-02-09 20:44:09 +0000,research,CC-BY-NC,https://www.inaturalist.org/observations/65345003,https://inaturalist-open-data.s3.amazonaws.com/photos/105156089/medium.jpg,,"",,3,0,false,,"Tellería, 82017 Mazatlán, Sin., Mexico",23.2340058976,-106.4358241646,15,,,,15,,open,false,,,Garza dedos dorados,Egretta thula,Garza dedos dorados,Aves,4940
65347403,43c51f3c-2a93-438a-a328-c9a23e5d4899,2019/04/03 9:57 AM UTC,2019-04-03,2019-04-03 11:57:00 +0200,UTC,521338,gpete,"",2020-11-21 19:02:37 +0000,2023-11-08 04:24:59 +0000,research,CC-BY,https://www.inaturalist.org/observations/65347403,https://inaturalist-open-data.s3.amazonaws.com/photos/105160164/medium.jpeg,,"",,1,0,false,,"Brevard.ChainOfLakes.Titusville, FL, USA",28.6373733963,-80.8221047595,934,,,,934,,open,false,,,Snowy Egret,Egretta thula,Garza dedos dorados,Aves,4940
65379787,20173201-f531-43df-ac16-daeeb72d2da4,2020/11/21 12:56 PM MST,2020-11-21,2020-11-21 19:56:00 +0000,Arizona,2777177,tolotornis,"",2020-11-22 03:11:03 +0000,2023-07-08 02:30:36 +0200,research,CC-BY-NC-ND,https://www.inaturalist.org/observations/65379787,https://inaturalist-open-data.s3.amazonaws.com/photos/105218887/medium.jpeg,,"","",2,0,false,,"Miramar, Heroica Guaymas, Son., México",27.9316065437,-110.9482416492,27,,,,27,,open,false,,,Snowy Egret,Egretta thula,Garza dedos dorados,Aves,4940
65382894,89870e53-f239-49cc-8700-0149bb52ee3b,2017/09/04 6:04 PM MDT,2017-09-04,2017-09-05 02:04:00 +0200,Mountain Time (US & Canada),3849012,davidrscott,David Scott,2020-11-22 04:20:42 +0000,2026-01-28 21:47:36 +0000,research,CC-BY-NC,https://www.inaturalist.org/observations/65382894,https://inaturalist-open-data.s3.amazonaws.com/photos/105224891/medium.jpg,,"",,3,0,false,,"Lethbridge, AB, Canada",49.6820992983,-112.8548543762,316,,,,316,,open,false,,,Snowy Egret,Egretta thula,Garza dedos dorados,Aves,4940
65421673,6604b698-a020-4632-82b5-8038b347075d,Sat Nov 21 2020 13:52:58 GMT-0500 (EST),2020-11-21,2020-11-21 18:52:58 +0000,Eastern Time (US & Canada),2231550,raewildlife,,2020-11-22 18:53:10 +0000,2020-11-22 20:14:23 +0000,research,CC-BY-NC,https://www.inaturalist.org/observations/65421673,https://inaturalist-open-data.s3.amazonaws.com/photos/105294612/medium.jpg,,"","",2,0,false,3,"Florida, US",27.5454880656,-82.5953071991,28,,,,29727,obscured,open,true,,,Snowy Egret,Egretta thula,Garza dedos dorados,Aves,4940
65453021,94ed01d8-852f-43aa-934d-0ce10d3277e5,2020/11/22 3:32 PM ,2020-11-22,2020-11-22 23:32:00 +0000,Pacific Time (US & Canada),2433171,pamellapassaro,Pamella Passaro,2020-11-23 03:26:32 +0000,2020-11-23 04:10:55 +0000,research,CC-BY-NC,https://www.inaturalist.org/observations/65453021,https://inaturalist-open-data.s3.amazonaws.com/photos/105352478/medium.jpeg,,"",,1,0,false,,"1401 Coast Rd, Santa Cruz, CA 95060, USA",36.9608175,-122.0833662,168,,,,168,,open,false,,,Snowy Egret,Egretta thula,Garza dedos dorados,Aves,4940
65501189,a9a7c277-f6a1-42a9-8d70-03af259795ff,Sun Nov 22 2020 13:52:26 GMT-0600 (CST),2020-11-22,2020-11-22 13:52:26 +0000,UTC,876858,sandor_nagy,,2020-11-24 00:36:58 +0000,2020-11-24 00:38:15 +0000,research,,https://www.inaturalist.org/observations/65501189,https://static.inaturalist.org/photos/105439362/medium.jpg,,"","",1,0,false,3,"Mud Lake, Pasadena, TX, US",29.5955330999,-95.0901217323,42,,,,42,,open,false,,,Snowy Egret,Egretta thula,Garza dedos dorados,Aves,4940
65708009,be5128f3-46c0-4732-a7bf-eb4f5600dfee,2020/11/19 6:05 PM MST,2020-11-19,2020-11-20 01:05:00 +0000,Mountain Time (US & Canada),695337,blevine,Bill Levine,2020-11-27 20:16:52 +0000,2025-10-22 07:15:52 +0200,research,CC-BY,https://www.inaturalist.org/observations/65708009,https://inaturalist-open-data.s3.amazonaws.com/photos/105801038/medium.jpeg,,"",,3,0,false,,"Mulegé, Baja California Sur, Mexico",27.1393555556,-114.3094888889,,,,,,,open,false,,,Snowy Egret,Egretta thula,Garza dedos dorados,Aves,4940
65877696,b2786335-5527-4773-af29-ae9184252828,2016/04/28 7:20 PM PDT,2016-04-28,2016-04-29 04:20:00 +0200,Pacific Time (US & Canada),3746806,kyle_eaton_photography,Kyle Eaton,2020-11-30 09:41:16 +0000,2025-03-19 09:49:35 +0000,research,CC-BY-NC,https://www.inaturalist.org/observations/65877696,https://inaturalist-open-data.s3.amazonaws.com/photos/106106751/medium.jpeg,,"Curious, Read, to Read, ID tip, ID Info, info, Brave, dusk, Balboa Island, newport beach, OC, bold, aged, Native, Dock, Common, phone",Looked juvenile. It wandered onto the floating dock from shore and checked out our photography class. In urban area near the beach.,2,0,false,,"Newport Beach, CA, USA",33.6049248041,-117.8980501824,2,,,,2,,open,false,,,Snowy Egret,Egretta thula,Garza dedos dorados,Aves,4940
66043771,b20623ec-3897-4d13-a283-b9177f4057aa,2020/12/02 2:12 PM PST,2020-12-02,2020-12-02 22:12:00 +0000,Pacific Time (US & Canada),948149,mw52berg,Michael,2020-12-03 14:03:12 +0000,2020-12-05 04:00:18 +0000,research,CC-BY-NC,https://www.inaturalist.org/observations/66043771,https://inaturalist-open-data.s3.amazonaws.com/photos/106386014/medium.jpg,,"",,2,0,false,,"Point Loma Heights, San Diego, CA, USA",32.7521787857,-117.2284241915,15,,,,15,,open,false,,,Snowy Egret,Egretta thula,Garza dedos dorados,Aves,4940
66067808,6eafa8b6-3d28-4885-b1db-5b064331f53f,Sat Nov 28 2020 16:31:55 GMT-0800 (PST),2020-11-28,2020-11-28 16:31:55 +0000,UTC,3543475,kimberlyfranco1,Kimberly Franco,2020-12-04 00:32:55 +0000,2020-12-05 17:45:21 +0000,research,,https://www.inaturalist.org/observations/66067808,https://static.inaturalist.org/photos/106429677/medium.jpg,,"","",3,0,false,3,"Woodley Park, Los Angeles, CA, US",34.177055,-118.47358,5,,,,5,,open,false,,,Snowy Egret,Egretta thula,Garza dedos dorados,Aves,4940
66272501,ef9d5a36-7771-4f0e-9c81-917025f3c290,Sat Nov 21 2020 10:08:36 GMT-0800 (PST),2020-11-21,2020-11-21 10:08:36 +0000,UTC,3699861,rcoli,Ronaldho Colindres,2020-12-08 00:41:40 +0000,2020-12-08 00:43:34 +0000,research,,https://www.inaturalist.org/observations/66272501,https://static.inaturalist.org/photos/106797203/medium.jpg,,"",Found standing on the trail. Was not startled by walkers nearby ,2,0,false,3,"Bolsa Chica Conservancy, Huntington Beach, CA, US",33.6986845283,-118.0482492915,229,,,,229,,open,false,,,Snowy Egret,Egretta thula,Garza dedos dorados,Aves,4940
66425594,44e85c4f-2d19-47ba-ada7-6c5a44f67100,2020/12/08 8:42 AM UTC,2020-12-08,2020-12-08 08:42:00 +0000,UTC,2352885,davidjcook,David Cook,2020-12-11 17:59:59 +0000,2024-08-29 18:46:19 +0200,research,CC-BY-NC,https://www.inaturalist.org/observations/66425594,https://inaturalist-open-data.s3.amazonaws.com/photos/107081374/medium.jpg,,"",,3,0,false,,"Mueller, Austin, TX, USA",30.2902475716,-97.6929815166,151,,,,151,,open,false,,,Amerikaanse Kleine Zilverreiger,Egretta thula,Garza dedos dorados,Aves,4940
66464337,bb030181-39a0-4c5c-8bd2-19908da3e568,2020/12/11 11:56 AM PST,2020-12-11,2020-12-11 19:56:00 +0000,Pacific Time (US & Canada),209572,truthseqr,Anne Parsons,2020-12-12 14:13:03 +0000,2020-12-15 20:58:03 +0000,research,CC-BY-NC,https://www.inaturalist.org/observations/66464337,https://inaturalist-open-data.s3.amazonaws.com/photos/107148714/medium.jpeg,,SSC,(Don Edwards National Wildlife Refuge),1,0,false,,"Alviso, San Jose, CA, USA",37.4476430001,-121.96737033,,,,,,,open,false,,,Snowy Egret,Egretta thula,Garza dedos dorados,Aves,4940
66479476,46aa6b02-6810-4eb1-affa-2dfb73db2bbb,Sat Dec 12 2020 14:33:12 GMT-0500 (EST),2020-12-12,2020-12-12 19:33:12 +0000,Eastern Time (US & Canada),2065756,richx915,RichX 915,2020-12-12 19:57:11 +0000,2023-07-08 04:09:21 +0200,research,CC0,https://www.inaturalist.org/observations/66479476,https://inaturalist-open-data.s3.amazonaws.com/photos/107178237/medium.jpg,,"","",1,0,false,3,"Shoal Line Blvd, Weeki Wachee, FL, US",28.5136,-82.641145,4,,,,4,,open,false,,,Snowy Egret,Egretta thula,Garza dedos dorados,Aves,4940
66670619,7618b165-27c9-4c4a-873f-d26aa3f56668,2020/12/16 10:53 AM CST,2020-12-16,2020-12-16 16:53:00 +0000,Mexico City,192635,jartigas,Juan Miguel Artigas Azas,2020-12-16 21:22:44 +0000,2026-01-05 03:16:36 +0000,research,,https://www.inaturalist.org/observations/66670619,https://static.inaturalist.org/photos/107527498/medium.jpeg,,"","",5,0,false,,"Parque Tangamanga I, San Luis, S.L.P., Mexico",22.1283866667,-101.001245,,,,,,,open,false,,,Snowy Egret,Egretta thula,Garza dedos dorados,Aves,4940
66835610,9dfd63ee-62d8-45b6-9fd9-4ac2666fd29b,Sat Dec 19 2020 16:53:08 GMT-0800 (PST),2020-12-19,2020-12-20 00:53:08 +0000,Pacific Time (US & Canada),19971,geodani,George Chrisman,2020-12-20 18:37:48 +0000,2020-12-23 19:50:16 +0000,research,CC-BY-NC,https://www.inaturalist.org/observations/66835610,https://inaturalist-open-data.s3.amazonaws.com/photos/107835651/medium.jpg,,"","",1,0,false,3,"Gossamer Ave, Redwood City, CA, US",37.5456345715,-122.2404056901,34,,,,34,,open,false,,,Snowy Egret,Egretta thula,Garza dedos dorados,Aves,4940
66934648,f9b8e32c-19e3-42d2-a6f9-2224f99dc8e8,2020/12/22 7:16 AM MST,2020-12-22,2020-12-22 14:16:00 +0000,Mountain Time (US & Canada),1499212,adkonings,Ad Konings,2020-12-22 21:21:20 +0000,2023-05-21 18:54:24 +0200,research,CC-BY-NC,https://www.inaturalist.org/observations/66934648,https://inaturalist-open-data.s3.amazonaws.com/photos/108020213/medium.jpg,,"",,3,0,false,,"Mission Valley, El Paso, TX, USA",31.755436,-106.401932,,,,,,,open,false,,,Snowy Egret,Egretta thula,Garza dedos dorados,Aves,4940
66977958,93e293d3-9748-40a9-824a-5a794ff8e514,Wed Dec 23 2020 16:47:31 GMT-0500 (EST),2020-12-23,2020-12-23 21:47:31 +0000,Eastern Time (US & Canada),2065756,richx915,RichX 915,2020-12-23 22:05:51 +0000,2023-07-08 02:31:00 +0200,research,CC0,https://www.inaturalist.org/observations/66977958,https://inaturalist-open-data.s3.amazonaws.com/photos/108100695/medium.jpg,,"","",2,0,false,3,"Causeway Blvd, Dunedin, FL, US",28.0581195,-82.809595,4,,,,4,,open,false,,,Snowy Egret,Egretta thula,Garza dedos dorados,Aves,4940
66995106,93fc3d45-a0a7-4a41-b122-153fd1d473ad,2020-05-24 11:28:07,2020-05-24,2020-05-24 18:28:07 +0200,Central Time (US & Canada),2452316,bldarter,Brad Banner,2020-12-24 06:52:08 +0000,2023-04-11 16:54:45 +0200,research,CC-BY,https://www.inaturalist.org/observations/66995106,https://inaturalist-open-data.s3.amazonaws.com/photos/108132463/medium.jpeg,,"","",3,0,false,,"Leroy Elmore Park, Lubbock, TX, USA",33.5327593917,-101.9051353767,122,,,,122,,open,false,,,Snowy Egret,Egretta thula,Garza dedos dorados,Aves,4940
67048575,f8f856b1-60b1-44fe-b68e-bc43cc3cd2f2,2019/05/30 12:38 PM HST,2019-05-30,2019-05-31 00:38:00 +0200,Hawaii,785562,santiagob1986,,2020-12-25 16:48:43 +0000,2023-02-12 20:54:51 +0000,research,CC-BY-NC,https://www.inaturalist.org/observations/67048575,https://inaturalist-open-data.s3.amazonaws.com/photos/108230918/medium.jpeg,,"",,1,0,false,,barra de playalinda,17.7002948364,-101.646345135,304,,,,304,,open,false,,,Garza dedos dorados,Egretta thula,Garza dedos dorados,Aves,4940
67048932,4234fa7e-9322-44a0-97f4-04308cd5cd56,Fri Dec 25 2020 08:58:25 GMT-0800 (PST),2020-12-25,2020-12-25 08:58:25 +0000,UTC,1801701,blakedowning,Blake Downing,2020-12-25 16:58:59 +0000,2020-12-29 02:09:45 +0000,research,,https://www.inaturalist.org/observations/67048932,https://static.inaturalist.org/photos/108231945/medium.jpg,,"","",2,0,false,3,"Kirby Cove, San Francisco, CA, US",37.8259543322,-122.4891493927,5005,,,,5005,,open,false,,,Snowy Egret,Egretta thula,Garza dedos dorados,Aves,4940
67158535,f46dc670-b784-4cd8-afa5-5c57c12c0eb8,2020/12/27 1:21 PM PST,2020-12-27,2020-12-27 21:21:00 +0000,Pacific Time (US & Canada),560017,californiagrey,californiagrey,2020-12-27 21:59:34 +0000,2020-12-31 21:55:23 +0000,research,CC-BY-NC,https://www.inaturalist.org/observations/67158535,https://inaturalist-open-data.s3.amazonaws.com/photos/108435740/medium.jpg,,"",,1,0,false,,"Presidio of San Francisco, San Francisco, CA, USA",37.8068870865,-122.4684518956,27,,,,27,,open,false,,,Snowy Egret,Egretta thula,Garza dedos dorados,Aves,4940
67205422,0c5f5d5f-3735-4a04-9292-4caec2354576,Mon Dec 28 2020 10:56:57 GMT-0800 (PST),2020-12-28,2020-12-28 10:56:57 +0000,UTC,3061425,anthony1946,,2020-12-28 19:00:22 +0000,2020-12-31 22:04:17 +0000,research,CC-BY-NC,https://www.inaturalist.org/observations/67205422,https://inaturalist-open-data.s3.amazonaws.com/photos/108523522/medium.jpg,,"","",3,0,false,3,"Shoreline Park & Lake, Mountain View, CA, US",37.4347781675,-122.0941314337,13,,,,13,,open,false,,,Snowy Egret,Egretta thula,Garza dedos dorados,Aves,4940
67210533,1adb8fc0-ea33-4a60-9e8c-a20ee322f26c,2020/12/24 4:43 PM PST,2020-12-24,2020-12-25 00:43:00 +0000,Pacific Time (US & Canada),91922,avocat,"",2020-12-28 20:51:45 +0000,2020-12-31 22:04:47 +0000,research,CC-BY-NC,https://www.inaturalist.org/observations/67210533,https://inaturalist-open-data.s3.amazonaws.com/photos/108532963/medium.jpg,,"",,2,0,false,,"East Palo Alto, CA, USA",37.462086,-122.121918,,,,,,,open,false,,,Snowy Egret,Egretta thula,Garza dedos dorados,Aves,4940
67283856,de97bd33-4696-49e9-be3b-0c1a58b0581a,2020/12/29 2:51 PM PST,2020-12-29,2020-12-29 22:51:00 +0000,Pacific Time (US & Canada),159364,milliebasden,Millie Basden,2020-12-30 03:11:56 +0000,2020-12-30 15:34:18 +0000,research,CC-BY,https://www.inaturalist.org/observations/67283856,https://inaturalist-open-data.s3.amazonaws.com/photos/108669171/medium.jpeg,,"",,3,0,false,,"Imperial Beach, CA, USA",32.566889703,-117.1313430697,31,,,,31,,open,false,,,Snowy Egret,Egretta thula,Garza dedos dorados,Aves,4940
67306831,ac35f56d-7911-4c8e-b1fc-187237091171,2020/12/30 9:20 AM EST,2020-12-30,2020-12-30 14:20:00 +0000,Eastern Time (US & Canada),3051731,marylusk,"",2020-12-30 16:35:25 +0000,2020-12-30 16:44:27 +0000,research,CC-BY-NC,https://www.inaturalist.org/observations/67306831,https://inaturalist-open-data.s3.amazonaws.com/photos/108713857/medium.jpeg,,"","",1,0,false,,"Northwest Tampa, Tampa, FL, USA",27.9703483218,-82.5783618201,31,,,,31,,open,false,,,Snowy Egret,Egretta thula,Garza dedos dorados,Aves,4940
67330291,122217a3-5a0e-4619-8489-4f70518bfbf7,2020/12/30 11:47 AM EST,2020-12-30,2020-12-30 16:47:00 +0000,Eastern Time (US & Canada),65794,j-stauffer,Jeff Stauffer,2020-12-31 00:56:00 +0000,2020-12-31 07:01:16 +0000,research,,https://www.inaturalist.org/observations/67330291,https://static.inaturalist.org/photos/108758199/medium.jpg,,Orlando Wetlands Park,Orlando Wetlands Park,2,0,false,,"Orange County, FL, USA",28.5727499897,-80.9963894017,106,,,,106,,open,false,,,Snowy Egret,Egretta thula,Garza dedos dorados,Aves,4940
67334132,118359a2-a20a-492f-b288-025667554c59,2020/12/30 12:23 PM EST,2020-12-30,2020-12-30 17:23:00 +0000,Eastern Time (US & Canada),65794,j-stauffer,Jeff Stauffer,2020-12-31 02:20:14 +0000,2020-12-31 07:05:32 +0000,research,,https://www.inaturalist.org/observations/67334132,https://static.inaturalist.org/photos/108764701/medium.jpg,,Orlando Wetlands Park,Orlando Wetlands Park,3,0,false,,"Orange County, FL, USA",28.5751339083,-80.9974136262,568,,,,568,,open,false,,,Snowy Egret,Egretta thula,Garza dedos dorados,Aves,4940
67382404,f2116427-868b-4c61-8171-96f21835a864,2020/12/27 4:20 PM CST,2020-12-27,2020-12-27 22:20:00 +0000,Central Time (US & Canada),2168408,currenfrasch,Curren Frasch,2021-01-01 01:45:55 +0000,2021-01-03 14:07:22 +0000,research,CC-BY-NC,https://www.inaturalist.org/observations/67382404,https://inaturalist-open-data.s3.amazonaws.com/photos/108853629/medium.jpeg,,"",,2,0,false,,"Longboat Key, FL, USA",27.4318578044,-82.6856561741,478,,,,478,,open,false,,,Snowy Egret,Egretta thula,Garza dedos dorados,Aves,4940
67470003,faf22390-8f01-4135-933b-42990ccc7948,Sat Jan 02 2021 11:19:21 GMT-0800 (PST),2021-01-02,2021-01-02 11:19:21 +0000,UTC,1464896,kurtsanders,kurt sanders,2021-01-02 19:21:25 +0000,2021-01-02 21:03:20 +0000,research,,https://www.inaturalist.org/observations/67470003,https://static.inaturalist.org/photos/109015229/medium.jpg,,"","",3,1,false,3,"Natural Bridges State Beach, Santa Cruz, CA, US",36.9507716667,-122.0584111667,4,,,,4,,open,false,,,Snowy Egret,Egretta thula,Garza dedos dorados,Aves,4940
67532995,ae16b6cd-0e2c-4cf5-8e07-3c58fb55a84e,2021-01-03 11:51:49 AM PST,2021-01-03,2021-01-03 19:51:49 +0000,Pacific Time (US & Canada),3911999,jeffy1021,,2021-01-03 20:36:40 +0000,2021-01-04 04:36:08 +0000,research,CC-BY-NC,https://www.inaturalist.org/observations/67532995,https://inaturalist-open-data.s3.amazonaws.com/photos/109131445/medium.jpeg,,"",,1,0,false,2,"Wicks Blvd:Manor Blvd, San Leandro, CA 94579, USA",37.6908888889,-122.1629055556,,,,,,,open,false,gps,gps,Snowy Egret,Egretta thula,Garza dedos dorados,Aves,4940
67573059,5fd08ba5-77ea-47ee-8c64-5cd38e169e3a,2021/01/03 6:43 PM EST,2021-01-03,2021-01-03 23:43:00 +0000,Eastern Time (US & Canada),1918093,j001,"",2021-01-04 16:01:05 +0000,2021-01-05 00:46:21 +0000,research,CC-BY-NC-ND,https://www.inaturalist.org/observations/67573059,https://inaturalist-open-data.s3.amazonaws.com/photos/109208300/medium.jpg,,"",,4,0,false,,"The Landings, Skidaway Island, GA 31411, USA",31.9539645297,-81.0361613611,8,,,,8,,open,false,,,Snowy Egret,Egretta thula,Garza dedos dorados,Aves,4940
67604658,6cf92ad5-00da-4571-bb99-870fce52a4f8,Mon Jan 04 2021 12:20:11 GMT-0800 (PST),2021-01-04,2021-01-04 12:20:11 +0000,UTC,2173921,kstny,,2021-01-05 04:36:00 +0000,2021-01-05 05:51:32 +0000,research,CC-BY-NC,https://www.inaturalist.org/observations/67604658,https://inaturalist-open-data.s3.amazonaws.com/photos/109266951/medium.jpg,,"","",2,0,false,3,"Will Rogers Memorial Park, Beverly Hills, CA, US",34.0804202417,-118.4123835455,656,,,,656,,open,false,,,Snowy Egret,Egretta thula,Garza dedos dorados,Aves,4940
67608120,e5b0ce80-1dbd-4e49-98f1-0404b046b38e,2013/08/07 8:07 PM PDT,2013-08-07,2013-08-08 05:07:00 +0200,Pacific Time (US & Canada),53351,bavetta,Ryan Bavetta,2021-01-05 07:03:02 +0000,2021-01-05 07:05:56 +0000,research,CC-BY-NC,https://www.inaturalist.org/observations/67608120,https://inaturalist-open-data.s3.amazonaws.com/photos/109273996/medium.jpg,,"",,1,0,false,,"North Whisman, Mountain View, CA 94043, USA",37.4072583333,-122.0692138889,,,,,,,open,false,,,Snowy Egret,Egretta thula,Garza dedos dorados,Aves,4940
67678877,42ec6365-2d1a-4473-86c5-7dda11b32c7d,2021/01/05 4:12 PM PST,2021-01-05,2021-01-06 00:12:00 +0000,Pacific Time (US & Canada),3834221,chickadeebanditry,"",2021-01-06 21:20:10 +0000,2021-01-07 18:57:23 +0000,research,CC-BY-NC,https://www.inaturalist.org/observations/67678877,https://inaturalist-open-data.s3.amazonaws.com/photos/109407474/medium.jpeg,,"",,1,0,false,,"West Alameda, Alameda, CA 94501, USA",37.7680129982,-122.2800171867,15,,,,15,,open,false,,,Snowy Egret,Egretta thula,Garza dedos dorados,Aves,4940
67755384,a4cabba7-1898-4356-9e83-de3b196cf04b,2021/01/07 3:17 PM CST,2021-01-07,2021-01-07 21:17:00 +0000,Mexico City,192635,jartigas,Juan Miguel Artigas Azas,2021-01-08 18:03:27 +0000,2024-01-18 05:27:03 +0000,research,,https://www.inaturalist.org/observations/67755384,https://static.inaturalist.org/photos/109554165/medium.jpeg,,"","",3,0,false,,"San Miguel de Allende, Guanajuato, Mexico",20.9183516667,-100.7234083333,,,,,,,open,false,,,Snowy Egret,Egretta thula,Garza dedos dorados,Aves,4940
67824164,1a114452-3a40-41b6-bd7b-c681e2055754,2021/01/09 8:55 AM CST,2021-01-09,2021-01-09 14:55:00 +0000,Central Time (US & Canada),18812,mako252,Jon McIntyre,2021-01-10 00:12:18 +0000,2021-01-11 17:40:24 +0000,research,CC-BY-NC,https://www.inaturalist.org/observations/67824164,https://inaturalist-open-data.s3.amazonaws.com/photos/109680663/medium.jpeg,,"",,4,0,false,,"Cameron County, TX, USA",26.1390969919,-97.1739432067,2,,,,2,,open,false,,,Snowy Egret,Egretta thula,Garza dedos dorados,Aves,4940
67829913,5ef5f7a9-43ee-41b3-8081-3b6f9122684b,2021/01/09 3:39 PM PST,2021-01-09,2021-01-09 23:39:00 +0000,Pacific Time (US & Canada),1263262,sessilefielder,Eric Johnson,2021-01-10 01:56:31 +0000,2023-07-08 05:01:19 +0200,research,CC-BY,https://www.inaturalist.org/observations/67829913,https://inaturalist-open-data.s3.amazonaws.com/photos/109690813/medium.jpeg,,"",,2,0,false,,"Los Angeles River, Los Angeles, CA, USA",34.1536887931,-118.3225576488,15,,,,15,,open,false,,,Snowy Egret,Egretta thula,Garza dedos dorados,Aves,4940
68022648,2cc31b20-cf36-4554-9479-f0b2753650c1,2021/01/13 11:48 AM EST,2021-01-13,2021-01-13 16:48:00 +0000,Eastern Time (US & Canada),248039,mikeweisensee,Michael Weisensee,2021-01-13 22:10:18 +0000,2021-02-09 05:00:06 +0000,research,CC-BY-NC,https://www.inaturalist.org/observations/68022648,https://inaturalist-open-data.s3.amazonaws.com/photos/110048147/medium.jpeg,,"","",1,0,false,,"Port Charlotte, FL, USA",26.9755454696,-82.1448527089,166,,,,166,,open,false,,,Snowy Egret,Egretta thula,Garza dedos dorados,Aves,4940
68146321,f5a40b3b-4d97-4c12-84c7-3f4c924d716d,2021-01-15 1:07:45 PM PST,2021-01-15,2021-01-15 13:07:45 +0000,UTC,737454,sanfranciscosam,Sam Faustine,2021-01-16 09:49:19 +0000,2021-01-16 19:48:14 +0000,research,,https://www.inaturalist.org/observations/68146321,https://static.inaturalist.org/photos/110271575/medium.jpeg,,"",,1,0,false,2,"Aquatic Park, Berkeley, CA, USA",37.8630489722,-122.300859,,,,,,,open,false,gps,gps,Snowy Egret,Egretta thula,Garza dedos dorados,Aves,4940
68237451,e74b9cd8-464a-41f1-b933-eea4801c7392,2021/01/17 1:18 PM CST,2021-01-17,2021-01-17 19:18:00 +0000,Central Time (US & Canada),1917261,texasgirl27,Lynn Pyle,2021-01-17 22:06:26 +0000,2021-01-21 22:14:24 +0000,research,CC-BY-NC,https://www.inaturalist.org/observations/68237451,https://inaturalist-open-data.s3.amazonaws.com/photos/110437837/medium.jpeg,,"","",3,0,false,,"Kleberg County, TX, USA",27.3199983333,-97.686165,,,,,,,open,false,,,Snowy Egret,Egretta thula,Garza dedos dorados,Aves,4940
68283740,35fe4c62-0f46-489d-862a-63ef78a3627b,2021-01-17 11:30:54 AM PST,2021-01-17,2021-01-17 11:30:54 +0000,UTC,554554,mapierson,Michael Pierson,2021-01-18 19:01:45 +0000,2021-01-19 18:50:26 +0000,research,,https://www.inaturalist.org/observations/68283740,https://static.inaturalist.org/photos/110528144/medium.jpeg,,"",,1,0,false,2,"San Francisco, CA 94111, USA",37.7381280251,-122.3713516071,32,,,,32,,open,false,gps,gps,Snowy Egret,Egretta thula,Garza dedos dorados,Aves,4940
68317875,f1813225-4f6d-466c-a481-939be7e5b23a,2021-01-09 3:40:27 PM PST,2021-01-09,2021-01-09 15:40:27 +0000,UTC,3963408,kenneth_gillespie,Kenneth Gillespie,2021-01-19 07:23:33 +0000,2021-11-11 16:10:52 +0000,research,,https://www.inaturalist.org/observations/68317875,https://static.inaturalist.org/photos/110591201/medium.jpeg,,"","Not entirely sure if this is a great egret, but it appears to be an adolescent egret of some sort",3,0,false,2,"Davis, CA 95618, USA",38.5538114615,-121.6701406986,813,,,,813,,open,false,gps,gps,Snowy Egret,Egretta thula,Garza dedos dorados,Aves,4940
68707103,7b154f96-6137-448b-83f2-60b146fe63b9,2021/01/25 2:57 PM UTC,2021-01-25,2021-01-25 14:57:00 +0000,UTC,1560749,subhashc,,2021-01-28 01:52:46 +0000,2021-01-28 02:00:54 +0000,research,CC-BY-NC,https://www.inaturalist.org/observations/68707103,https://inaturalist-open-data.s3.amazonaws.com/photos/111321358/medium.jpeg,,"",,2,0,false,,"Arrowhead Marsh, Oakland, CA, USA",37.7428931278,-122.2123356397,1240,,,,1240,,open,false,,,Snowy Egret,Egretta thula,Garza dedos dorados,Aves,4940
68809875,489eb3ab-4b31-4953-b377-5872a11454b6,2021/01/21 3:18 PM EST,2021-01-21,2021-01-21 20:18:00 +0000,Eastern Time (US & Canada),987898,williamwisephoto,William Wise,2021-01-30 16:31:12 +0000,2021-01-31 19:59:50 +0000,research,,https://www.inaturalist.org/observations/68809875,https://static.inaturalist.org/photos/111511597/medium.jpg,,"okefenokee swamp, national Wildlife Refuge, Georgia, birding photography, williamwisephoto.com, www.okefenokee.photography","Suwannee River Sill Recreation Area in the Okefenokee National Wildlife Refuge.  <a href=""https://www.dreamstime.com/okefenokee-national-wildlife-refuge-georgia-birding-williamwisephoto-com-image208764129#res16640164"">©www.williamwisephoto.com</a>

iNat Journal: https://www.inaturalist.org/projects/okefenokee-photography-project/journal/45973-snow-in-the-okefenokee",3,0,false,,Okefenokee NWR - The Sill,30.8145536905,-82.4132023135,2722,,,,2722,,open,false,,,Snowy Egret,Egretta thula,Garza dedos dorados,Aves,4940
68898531,db98c4d6-bfa8-4ba4-bc15-76f597bc474b,Sun Jan 31 2021 20:42:33 GMT-0600 (CST),2021-01-31,2021-02-01 02:42:33 +0000,Monterrey,2303796,marcozozaya,Marco Zozaya,2021-02-01 02:43:48 +0000,2025-11-23 22:22:38 +0000,research,CC-BY-NC,https://www.inaturalist.org/observations/68898531,https://inaturalist-open-data.s3.amazonaws.com/photos/111675480/medium.jpg,,"","",2,0,false,3,"Golfo de México, Soto la Marina, TAMPS, MX",23.7828271643,-97.7522589079,104,,,,104,,open,false,,,Snowy Egret,Egretta thula,Garza dedos dorados,Aves,4940
68925903,c3ad31a7-8e11-4ddd-9219-8fafc42cd9ed,2021/01/22 12:53 PM EST,2021-01-22,2021-01-22 17:53:00 +0000,Eastern Time (US & Canada),169388,dmhaan,Damon Haan,2021-02-01 19:07:52 +0000,2025-06-01 09:10:59 +0200,research,,https://www.inaturalist.org/observations/68925903,https://static.inaturalist.org/photos/111727128/medium.jpg,,"",,1,0,false,,"Gilbert, AZ, USA",33.3618055947,-111.7347675909,511,,,,511,,open,false,,,Snowy Egret,Egretta thula,Garza dedos dorados,Aves,4940
68967720,dca60615-ea83-4cbe-b492-8048141ae972,2021/01/30 10:52 AM EST,2021-01-30,2021-01-30 15:52:00 +0000,Eastern Time (US & Canada),169388,dmhaan,Damon Haan,2021-02-02 18:12:10 +0000,2025-06-01 09:10:59 +0200,research,,https://www.inaturalist.org/observations/68967720,https://static.inaturalist.org/photos/111805365/medium.jpg,,"",,1,0,false,,"Gilbert, AZ, USA",33.3617533263,-111.7348429037,464,,,,464,,open,false,,,Snowy Egret,Egretta thula,Garza dedos dorados,Aves,4940
68980776,f886c23f-55ef-4176-a914-e758db1292ad,2021/01/23 6:59 PM PST,2021-01-23,2021-01-24 02:59:00 +0000,Pacific Time (US & Canada),3997002,jscharpen,John Scharpen,2021-02-02 23:55:11 +0000,2021-02-03 00:22:16 +0000,research,CC-BY-NC,https://www.inaturalist.org/observations/68980776,https://inaturalist-open-data.s3.amazonaws.com/photos/111828679/medium.jpg,,"",,1,0,false,,"Fremont, CA, USA",37.5609386275,-122.0973503129,61,,,,61,,open,false,,,Snowy Egret,Egretta thula,Garza dedos dorados,Aves,4940
68988198,d9ada22e-e7c6-4300-891e-2ac32097d8d7,2021/02/02 5:11 PM PST,2021-02-02,2021-02-03 01:11:00 +0000,Pacific Time (US & Canada),3834221,chickadeebanditry,"",2021-02-03 03:15:02 +0000,2021-02-05 00:26:39 +0000,research,CC-BY-NC,https://www.inaturalist.org/observations/68988198,https://inaturalist-open-data.s3.amazonaws.com/photos/111841896/medium.jpeg,,"",,1,0,false,,"West Alameda, Alameda, CA 94501, USA",37.7676130442,-122.280061112,15,,,,15,,open,false,,,Snowy Egret,Egretta thula,Garza dedos dorados,Aves,4940
69052155,eed82e9e-20e6-4283-88d0-e4520397079a,Wed Feb 03 2021 10:53:01 GMT-0800 (PST),2021-02-03,2021-02-03 10:53:01 +0000,UTC,905699,crowjane,,2021-02-04 15:10:17 +0000,2021-02-26 22:06:54 +0000,research,,https://www.inaturalist.org/observations/69052155,https://static.inaturalist.org/photos/111959701/medium.jpg,,"","",1,0,false,3,"Bonita, CA, US",32.655095,-117.0485916667,5,,,,5,,open,false,,,Snowy Egret,Egretta thula,Garza dedos dorados,Aves,4940
69483891,70ee5e54-50c6-41c7-b2e9-23614aeabcbf,2021/02/12 2:49 PM MST,2021-02-12,2021-02-12 21:49:00 +0000,Arizona,442615,roomthily,"",2021-02-13 02:35:44 +0000,2021-02-21 11:35:15 +0000,research,CC-BY-NC,https://www.inaturalist.org/observations/69483891,https://inaturalist-open-data.s3.amazonaws.com/photos/112750233/medium.jpeg,,"",,3,0,false,,"Flowing Wells, Tucson, AZ, USA",32.2794310299,-111.0206887335,38,,,,38,,open,false,,,Snowy Egret,Egretta thula,Garza dedos dorados,Aves,4940
69603481,518e45b5-f835-45f7-98f8-707a868c452a,Sun Feb 14 2021 16:30:00 GMT-0800 (PST),2021-02-14,2021-02-15 00:30:00 +0000,Pacific Time (US & Canada),3169075,doughenderson11,,2021-02-15 04:55:52 +0000,2021-10-28 06:31:06 +0200,research,CC-BY-NC,https://www.inaturalist.org/observations/69603481,https://inaturalist-open-data.s3.amazonaws.com/photos/112972684/medium.jpg,,"","",2,0,false,3,"San Francisco Bay, Alameda, CA, US",37.7678232013,-122.2768329843,430,,,,430,,open,false,,,Snowy Egret,Egretta thula,Garza dedos dorados,Aves,4940
69676650,19b638a3-41de-46d5-aa52-e1418b72924f,2021/02/16 9:24 AM EST,2021-02-16,2021-02-16 14:24:00 +0000,Eastern Time (US & Canada),291150,abiggs2,Alan R. Biggs,2021-02-16 17:05:37 +0000,2022-09-25 16:39:43 +0200,research,CC-BY-NC,https://www.inaturalist.org/observations/69676650,https://inaturalist-open-data.s3.amazonaws.com/photos/113109360/medium.jpg,,"",,2,0,false,,"Hilton Head Island, SC, USA",32.1869718126,-80.7199919332,373,,,,373,,open,false,,,Snowy Egret,Egretta thula,Garza dedos dorados,Aves,4940
69798034,f768e157-0cfb-4c29-9118-d4116c787c1c,Wed Feb 17 2021 07:23:44 GMT-0800 (PST),2021-02-17,2021-02-17 07:23:44 +0000,UTC,1365326,kerstinfirmin,Kerstin Firmin,2021-02-19 03:50:58 +0000,2022-07-04 04:18:43 +0200,research,,https://www.inaturalist.org/observations/69798034,https://static.inaturalist.org/photos/113342796/medium.jpg,,"","",1,0,false,3,"Lakeside Park, Oakland, CA, US",37.8048216674,-122.258142926,48,,,,48,,open,false,,,Snowy Egret,Egretta thula,Garza dedos dorados,Aves,4940
69956147,067c792e-f91f-4912-bcf5-15426c78bd1e,2020/09/23 2:36 PM CDT,2020-09-23,2020-09-23 21:36:00 +0200,Mexico City,701664,manzanaresjc,Carlos R. Manzanares,2021-02-21 23:53:32 +0000,2023-06-29 07:39:38 +0200,research,,https://www.inaturalist.org/observations/69956147,https://static.inaturalist.org/photos/113631835/medium.jpeg,,"",,3,0,false,,"Privada Reforma 701, Cascajal, 89280 Tampico, Tamps., México",22.2151314,-97.8648001,204,,,,204,,open,false,,,Garza dedos dorados,Egretta thula,Garza dedos dorados,Aves,4940
70094871,bd12a0e8-4200-4fda-94cc-564336ca5e02,2021/02/24 10:20 AM UTC,2021-02-24,2021-02-24 10:20:00 +0000,UTC,655174,goodoldroute15,Bob Oswald,2021-02-24 16:49:24 +0000,2021-02-25 04:40:27 +0000,research,CC-BY-NC,https://www.inaturalist.org/observations/70094871,https://inaturalist-open-data.s3.amazonaws.com/photos/113886845/medium.jpg,,"",,3,0,false,,"Citrus County, FL, USA",28.9106441886,-82.69307366,4,,,,4,,open,false,,,Snowy Egret,Egretta thula,Garza dedos dorados,Aves,4940
70568638,c6b8dd4e-6081-4d62-945c-f90def57b874,2020/10/15 12:49 AM EDT,2020-10-15,2020-10-15 06:49:00 +0200,Eastern Time (US & Canada),3676368,wkostick,Will Kostick,2021-03-04 19:47:46 +0000,2023-09-25 00:56:46 +0200,research,CC-BY-NC,https://www.inaturalist.org/observations/70568638,https://inaturalist-open-data.s3.amazonaws.com/photos/114749136/medium.jpg,,"","",2,0,false,,"West Medford, Medford, MA 02155, USA",42.4311487496,-71.14763467,54,,,,54,,open,false,,,Snowy Egret,Egretta thula,Garza dedos dorados,Aves,4940
70576948,781360fa-dd57-4d41-bc6e-5a008a51575f,2021-02-28 10:16:48 a. m. GMT-06:00,2021-02-28,2021-02-28 16:16:48 +0000,Central America,1061715,cesarmispasospormexico,César Romero,2021-03-04 22:27:34 +0000,2024-01-18 05:26:29 +0000,research,CC-BY-NC-SA,https://www.inaturalist.org/observations/70576948,https://inaturalist-open-data.s3.amazonaws.com/photos/114762898/medium.jpeg,,"",,3,0,false,2,"Guanajuato, Gto., México",20.8753949098,-101.2711860985,526,,,,526,,open,false,gps,gps,Garza dedos dorados,Egretta thula,Garza dedos dorados,Aves,4940
70778172,b50d88b4-ec7d-457b-ae44-eda51ca8a464,2021/03/06 9:28 AM PST,2021-03-06,2021-03-06 17:28:00 +0000,Pacific Time (US & Canada),99304,phylogenomics,Jonathan Eisen,2021-03-07 23:29:03 +0000,2025-12-10 21:42:31 +0000,research,CC-BY,https://www.inaturalist.org/observations/70778172,https://inaturalist-open-data.s3.amazonaws.com/photos/115122541/medium.jpg,,"",,5,0,false,,"Yolo County, CA, USA",38.5163,-121.615295,,,,,,,open,false,,,Snowy Egret,Egretta thula,Garza dedos dorados,Aves,4940
71045125,a7a9f6d7-0a79-42c5-8f9d-2fcbf722893b,Thu Mar 11 2021 15:52:22 GMT-0800 (PST),2021-03-11,2021-03-11 15:52:22 +0000,UTC,2594080,zoogirlmelanie,,2021-03-12 05:11:45 +0000,2021-08-20 19:33:59 +0200,research,CC-BY-NC,https://www.inaturalist.org/observations/71045125,https://inaturalist-open-data.s3.amazonaws.com/photos/115604676/medium.jpg,,"","Snowy Egret - Yellow feet observed, could not photograph ",2,0,false,3,"Heather Farm Park, Walnut Creek, CA, US",37.9205434717,-122.0432882282,22,,,,22,,open,false,,,Snowy Egret,Egretta thula,Garza dedos dorados,Aves,4940
71111820,ee20e457-ab51-4d20-af0b-a1bddf3dc044,2021/03/12 5:20 PM CST,2021-03-12,2021-03-12 23:20:00 +0000,Mexico City,217813,ivanresendizcruz,Iván Reséndiz Cruz,2021-03-13 05:03:26 +0000,2021-03-13 12:35:34 +0000,research,CC-BY-NC,https://www.inaturalist.org/observations/71111820,https://static.inaturalist.org/photos/115724596/medium.jpeg,,"","",3,0,false,,"Apaxco de Ocampo, Méx., México",19.9684966667,-99.176755,,,,,,,open,false,,,Snowy Egret,Egretta thula,Garza dedos dorados,Aves,4940
71275693,05116bdc-73de-4086-87df-25e0be447cb6,Sun Mar 14 2021 16:55:18 GMT-0700 (PDT),2021-03-14,2021-03-14 23:55:18 +0000,Pacific Time (US & Canada),4105909,mayazepeda,,2021-03-15 03:29:03 +0000,2021-03-15 08:18:14 +0000,research,CC-BY-NC,https://www.inaturalist.org/observations/71275693,https://inaturalist-open-data.s3.amazonaws.com/photos/116020412/medium.jpg,,"","",3,1,false,3,"Anaheim Bay, Huntington Beach, CA, US",33.696575,-118.0449971667,4,,,,4,,open,false,,,Snowy Egret,Egretta thula,Garza dedos dorados,Aves,4940
71399732,edf48415-0d61-4665-b211-6034883066d5,2021/03/15 2:50 PM CDT,2021-03-15,2021-03-15 19:50:00 +0000,Central Time (US & Canada),581869,robertpyle,Robert Pyle,2021-03-17 01:48:40 +0000,2021-03-18 18:06:11 +0000,research,CC-BY-NC,https://www.inaturalist.org/observations/71399732,https://inaturalist-open-data.s3.amazonaws.com/photos/116242473/medium.jpeg,,"","",4,0,false,,"Kleberg County, TX, USA",27.2875633333,-97.7741583333,,,,,,,open,false,,,Snowy Egret,Egretta thula,Garza dedos dorados,Aves,4940
71643267,84452743-9258-43b1-b909-c665da5cde7d,2021/03/05 12:07 PM CST,2021-03-05,2021-03-05 18:07:00 +0000,Central Time (US & Canada),206492,wild-about-texas,Michael Price,2021-03-20 20:03:56 +0000,2023-07-08 05:28:24 +0200,research,CC-BY-NC,https://www.inaturalist.org/observations/71643267,https://inaturalist-open-data.s3.amazonaws.com/photos/116672064/medium.jpeg,,"",,7,0,false,,"Jackson County, TX, USA",28.9574669703,-96.5478106797,2,,,,2,,open,false,,,Snowy Egret,Egretta thula,Garza dedos dorados,Aves,4940
71704573,56f08fbf-8ffa-4245-b0e2-e5f8995dbf80,Sun Mar 21 2021 07:24:34 GMT-0700 (GMT-7),2021-03-21,2021-03-21 13:24:34 +0000,Mountain Time (US & Canada),695337,blevine,Bill Levine,2021-03-21 14:22:33 +0000,2025-11-24 02:00:48 +0000,research,CC-BY,https://www.inaturalist.org/observations/71704573,https://inaturalist-open-data.s3.amazonaws.com/photos/116783971/medium.jpg,,"","",4,0,false,3,"Cabo Pulmo, Los Cabos, BCS, MX",23.4383977428,-109.4279466717,65,,,,65,,open,false,,,Snowy Egret,Egretta thula,Garza dedos dorados,Aves,4940
72412405,e71c4399-593e-481d-8046-5f74a5de1fba,2021/03/28 10:31 AM PDT,2021-03-28,2021-03-28 19:31:00 +0200,Pacific Time (US & Canada),340368,madfox,"",2021-03-30 03:25:17 +0200,2021-04-04 15:02:52 +0200,research,CC-BY-NC,https://www.inaturalist.org/observations/72412405,https://inaturalist-open-data.s3.amazonaws.com/photos/118056229/medium.jpeg,,"",,1,0,false,,"Yolo Bypass Wildlife Area, Yolo, California, United States",38.5528638889,-121.620025,,,,,,,open,false,,,Snowy Egret,Egretta thula,Garza dedos dorados,Aves,4940
72586143,8cea574c-3f7d-424a-ae67-44fa994c3ae4,2021/02/02 9:07 AM PST,2021-02-02,2021-02-02 17:07:00 +0000,Tijuana,311770,valeriehh,Valeria Huerta,2021-04-01 06:37:11 +0200,2021-05-20 19:52:40 +0200,research,CC-BY-NC,https://www.inaturalist.org/observations/72586143,https://inaturalist-open-data.s3.amazonaws.com/photos/118371181/medium.jpg,,"",,2,0,false,,"La Paz, B.C.S., México",24.1223328527,-110.3506411939,15,,,,15,,open,false,,,Snowy Egret,Egretta thula,Garza dedos dorados,Aves,4940
73503458,ccf7ca14-b038-45c3-8d50-4e58ca851d09,2021/04/09 11:00 AM EDT,2021-04-09,2021-04-09 17:00:00 +0200,Eastern Time (US & Canada),1727532,fitz1412,Fitz Clarke,2021-04-10 18:21:25 +0200,2021-09-28 18:45:16 +0200,research,CC-BY-NC,https://www.inaturalist.org/observations/73503458,https://inaturalist-open-data.s3.amazonaws.com/photos/120008640/medium.jpg,,"","Snowy Egret (Egretta thula), matting plumage in the rookery, 4/9/2021, the Landing's, Bartram Rd. freshwater lagoon #2, Skidaway Island, Savannah, Ga.",3,0,false,,"Skidaway Island, GA, USA",31.9558802713,-81.0234898766,557,,,,557,,open,false,,,Snowy Egret,Egretta thula,Garza dedos dorados,Aves,4940
73901097,35968d55-ed1b-4423-974f-5d5b073ae8ac,Tue Apr 13 2021 17:56:45 GMT-0700 (PDT),2021-04-13,2021-04-14 02:56:45 +0200,Pacific Time (US & Canada),3805302,taylorcache,,2021-04-14 02:57:20 +0200,2021-04-16 04:46:32 +0200,research,CC-BY-NC,https://www.inaturalist.org/observations/73901097,https://inaturalist-open-data.s3.amazonaws.com/photos/120714975/medium.jpg,,"","Cal Tech, waves legs around in mucky pond water to stress fish while hunting ",2,0,false,3,"California Institute of Technology, Pasadena, CA, US",34.1378638333,-118.1252221667,5,,,,5,,open,false,,,Snowy Egret,Egretta thula,Garza dedos dorados,Aves,4940
73994316,d57ceec2-346c-4c11-98bc-d3e83004e7a2,2021/04/08 12:44 PM PDT,2021-04-08,2021-04-08 21:44:00 +0200,Pacific Time (US & Canada),2194864,jdanielson,"",2021-04-15 01:32:19 +0200,2021-04-16 03:26:23 +0200,research,CC-BY-NC,https://www.inaturalist.org/observations/73994316,https://inaturalist-open-data.s3.amazonaws.com/photos/120863630/medium.jpg,,"",,1,0,false,,"Arcata, CA, USA",40.8612936686,-124.0926295001,8,,,,8,,open,false,,,Snowy Egret,Egretta thula,Garza dedos dorados,Aves,4940
74015138,92ad51a9-5f42-45dd-a65a-da0e5a7dc895,2021/04/13 10:42 AM PDT,2021-04-13,2021-04-13 19:42:00 +0200,Pacific Time (US & Canada),3223,pholroyd,P Holroyd,2021-04-15 06:16:09 +0200,2021-04-16 03:24:17 +0200,research,CC0,https://www.inaturalist.org/observations/74015138,https://inaturalist-open-data.s3.amazonaws.com/photos/120919580/medium.jpeg,,"","",2,0,false,,"Loleta, CA, USA",40.6797609247,-124.2243114603,30,,,,30,,open,false,,,Snowy Egret,Egretta thula,Garza dedos dorados,Aves,4940
74114997,5013f54d-5bc0-4cc4-995d-338110cc442a,2021/03/21 1:01 PM UTC,2021-03-21,2021-03-21 13:01:00 +0000,UTC,4096008,anniezarate,annie ☆,2021-04-16 07:33:12 +0200,2024-01-18 05:26:14 +0000,research,CC-BY-NC,https://www.inaturalist.org/observations/74114997,https://inaturalist-open-data.s3.amazonaws.com/photos/121092808/medium.jpg,,"",#TierraFest,3,0,false,,"San Miguel de Allende, Gto., México",20.9144491,-100.745235,4593,,,,4593,,open,false,,,Snowy Egret,Egretta thula,Garza dedos dorados,Aves,4940
74196225,1a21d5c8-f93e-40ac-b4d9-991d8a71cdc6,2020-04-16 1:38:56 PM CDT,2020-04-16,2020-04-16 15:38:56 +0200,UTC,1663553,marissaj17,Marissa,2021-04-17 03:05:04 +0200,2025-04-14 19:45:49 +0200,research,CC-BY-NC,https://www.inaturalist.org/observations/74196225,https://inaturalist-open-data.s3.amazonaws.com/photos/121235297/medium.jpeg,,"",,2,0,false,2,Heron Haven Nature Center,41.2926393165,-96.0970868915,194,,,,194,,open,false,gps,gps,Snowy Egret,Egretta thula,Garza dedos dorados,Aves,4940
74198348,2fcd35dc-6438-4c6f-85e9-e97fd46e29c3,2021/04/14 2:25 PM UTC,2021-04-14,2021-04-14 16:25:00 +0200,UTC,2269559,inbetweenbays,"",2021-04-17 03:35:08 +0200,2021-04-26 22:21:06 +0200,research,CC-BY,https://www.inaturalist.org/observations/74198348,https://inaturalist-open-data.s3.amazonaws.com/photos/121238982/medium.jpeg,,"",,1,0,false,,"Sussex County, DE, USA",38.6930358036,-75.1389047082,31,,,,31,,open,false,,,Snowy Egret,Egretta thula,Garza dedos dorados,Aves,4940
74694952,803a2368-f922-449d-bb86-30dcb39626a3,2021/04/20 9:33 AM PDT,2021-04-20,2021-04-20 18:33:00 +0200,Pacific Time (US & Canada),2359675,obmissy,,2021-04-21 03:07:30 +0200,2021-04-21 03:28:49 +0200,research,CC-BY-NC,https://www.inaturalist.org/observations/74694952,https://inaturalist-open-data.s3.amazonaws.com/photos/122108009/medium.jpeg,,"",,1,0,false,,"Lake Hodges, San Diego, CA, USA",33.0604782,-117.1161803,4588,,,,4588,,open,false,,,Snowy Egret,Egretta thula,Garza dedos dorados,Aves,4940
75123947,25b5b32d-e361-42da-998f-5841e9dd90f8,Sat Apr 24 2021 20:02:46 GMT-0500 (CDT),2021-04-24,2021-04-24 22:02:46 +0200,UTC,352061,sracurrier,,2021-04-25 03:40:02 +0200,2021-08-27 04:23:53 +0200,research,,https://www.inaturalist.org/observations/75123947,https://static.inaturalist.org/photos/122861776/medium.jpg,,"",Watched it attempt to hunt in the shallow water,1,0,false,3,"Austin, TX, US",30.4087833333,-97.7322616667,6,,,,6,,open,false,,,Snowy Egret,Egretta thula,Garza dedos dorados,Aves,4940
75597441,af4e2c50-fcd4-421f-8820-49cd47e86ff6,2021/04/28 3:08 PM MDT,2021-04-28,2021-04-28 23:08:00 +0200,Mountain Time (US & Canada),2789276,phyllisholst,Phyllis Holst,2021-04-29 01:09:10 +0200,2021-04-29 01:23:21 +0200,research,CC-BY-NC,https://www.inaturalist.org/observations/75597441,https://inaturalist-open-data.s3.amazonaws.com/photos/123696913/medium.jpeg,,"","Only one on large pond, and series of other ponds",1,0,false,,"Boulder County, CO, USA",40.1858710529,-105.1751242112,15,,,,15,,open,false,,,Snowy Egret,Egretta thula,Garza dedos dorados,Aves,4940
75675553,18df3c1c-1564-40ce-b236-0fc0bd40dc12,2021/04/29 9:10 AM EDT,2021-04-29,2021-04-29 15:10:00 +0200,Eastern Time (US & Canada),264251,rdebenham,Roger Debenham,2021-04-29 19:47:21 +0200,2023-09-25 00:56:45 +0200,research,CC-BY-NC,https://www.inaturalist.org/observations/75675553,https://inaturalist-open-data.s3.amazonaws.com/photos/123834565/medium.jpeg,,"","",3,0,false,,"East Dennis, Dennis, MA, USA",41.7470747578,-70.1435538221,8,,,,8,,open,false,,,Snowy Egret,Egretta thula,Garza dedos dorados,Aves,4940
75680309,3a9fde1d-8854-4ee4-af53-1cd008089026,2021/04/27 11:59 PM CDT,2021-04-27,2021-04-28 06:59:00 +0200,Central Time (US & Canada),704781,paulroots,Paul Roots,2021-04-29 20:29:48 +0200,2021-04-30 21:11:48 +0200,research,CC-BY,https://www.inaturalist.org/observations/75680309,https://inaturalist-open-data.s3.amazonaws.com/photos/123837178/medium.jpeg,,"",associating with the great egrets,1,0,false,,"West Alton, MO, USA",38.8622929478,-90.1567144021,118,,,,118,,open,false,,,Snowy Egret,Egretta thula,Garza dedos dorados,Aves,4940
76821696,90b39fd4-8785-4314-bb6c-2bdc3e371086,2021/05/02 2:58 PM MDT,2021-05-02,2021-05-02 22:58:00 +0200,Mountain Time (US & Canada),893757,wieferi9,Daniel Wieferich,2021-05-03 05:29:19 +0200,2021-05-09 14:55:04 +0200,research,CC0,https://www.inaturalist.org/observations/76821696,https://inaturalist-open-data.s3.amazonaws.com/photos/125642189/medium.jpg,,"",,1,0,false,,"Prospect Lake, Wheat Ridge, CO 80033, USA",39.7758607887,-105.1274811961,121,,,,121,,open,false,,,Snowy Egret,Egretta thula,Garza dedos dorados,Aves,4940
77801875,ec51a821-bb18-4b97-bbd8-1bb4c723ca72,Fri May 07 2021 12:12:30 GMT-0400 (EDT),2021-05-07,2021-05-07 18:12:30 +0200,Eastern Time (US & Canada),4325507,kathryn_allen,Kathryn Allen,2021-05-07 22:53:49 +0200,2021-05-08 22:09:22 +0200,research,,https://www.inaturalist.org/observations/77801875,https://static.inaturalist.org/photos/127268526/medium.jpg,,"","",2,0,false,3,"S Atlantic Ave, Daytona Beach Shores, FL, US",29.1924833289,-80.99005,65,,,,65,,open,false,,,Snowy Egret,Egretta thula,Garza dedos dorados,Aves,4940
78142069,b9658196-e5e3-42e7-8dbb-d8d5df784abd,Sun May 09 2021 10:46:33 GMT-0400 (EDT),2021-05-09,2021-05-09 16:46:33 +0200,Eastern Time (US & Canada),1311388,kpetrie33,,2021-05-10 00:19:39 +0200,2021-05-11 01:04:28 +0200,research,,https://www.inaturalist.org/observations/78142069,https://static.inaturalist.org/photos/127844428/medium.jpg,,"","",2,0,false,3,"Haldimand-Norfolk, CA-ON, CA",42.8124175402,-79.7541429333,169,,,,27568,obscured,open,true,,,Snowy Egret,Egretta thula,Garza dedos dorados,Aves,4940
78221900,16cfe7be-ab1c-45e1-823f-846731ae5e81,2021/05/05 3:36 PM HST,2021-05-05,2021-05-06 03:36:00 +0200,Hawaii,1143081,jcochran2,"",2021-05-10 16:00:14 +0200,2021-05-12 23:33:47 +0200,research,,https://www.inaturalist.org/observations/78221900,https://static.inaturalist.org/photos/127986606/medium.jpeg,,"",,4,0,false,,"Lubbock, TX, USA",33.5454275719,-101.9501960278,15,,,,15,,open,false,,,Snowy Egret,Egretta thula,Garza dedos dorados,Aves,4940
78797421,61aa8741-ecfd-4e20-aaef-0a1a5ad8c14f,2019/03/24 1:00 PM PDT,2019-03-24,2019-03-24 20:00:00 +0000,Pacific Time (US & Canada),4409129,lorde0629,Lourdes A.,2021-05-15 07:23:29 +0200,2023-10-01 05:21:57 +0200,research,CC-BY-NC,https://www.inaturalist.org/observations/78797421,https://inaturalist-open-data.s3.amazonaws.com/photos/129000441/medium.png,,"",I saw this Typical Egrets in the San Diego Zoo. ,3,0,false,,"Balboa Park, San Diego, CA, USA",32.737245161,-117.1540695247,122,,,,122,,open,false,,,Snowy Egret,Egretta thula,Garza dedos dorados,Aves,4940
78988891,8e3aa347-aa63-4e74-b88b-270d51b2f5cf,Sun May 16 2021 10:07:47 GMT-0400 (EDT),2021-05-16,2021-05-16 16:07:47 +0200,Eastern Time (US & Canada),940328,clowenstein,,2021-05-16 16:08:36 +0200,2021-12-09 10:58:55 +0000,research,,https://www.inaturalist.org/observations/78988891,https://static.inaturalist.org/photos/129401997/medium.jpg,,"","",1,0,false,3,"Shell Pile, North Wildwood, NJ, US",39.005500133,-74.7900379558,4,,,,4,,open,false,,,Snowy Egret,Egretta thula,Garza dedos dorados,Aves,4940
79689966,3cf5ff01-e87b-4cbd-bd12-08bfb4cdefae,Fri May 21 2021 15:14:59 GMT-0500 (CDT),2021-05-21,2021-05-21 17:14:59 +0200,UTC,4187983,zeean,,2021-05-21 22:28:33 +0200,2022-03-27 18:21:46 +0200,research,CC-BY-NC,https://www.inaturalist.org/observations/79689966,https://inaturalist-open-data.s3.amazonaws.com/photos/130545035/medium.jpg,,"","These birds are nesting.  Unfortunately, there were 2 dead birds on the ground.",2,0,false,3,"South Blvd, Houston, TX, US",29.7265617183,-95.395962137,32,,,,32,,open,false,,,Snowy Egret,Egretta thula,Garza dedos dorados,Aves,4940
79719917,1dd9544e-4f9e-4b51-ab84-8fe813e84482,Fri May 21 2021 14:31:05 GMT-0400 (EDT),2021-05-21,2021-05-21 20:31:05 +0200,Eastern Time (US & Canada),1337900,rosalie-rick,rosalie-rick,2021-05-22 03:23:34 +0200,2026-02-21 14:27:39 +0000,research,,https://www.inaturalist.org/observations/79719917,https://static.inaturalist.org/photos/130597343/medium.jpg,,"","",3,0,false,3,"11th St, North Beach, MD, US",38.7128685905,-76.5326940976,147,,,,147,,open,false,,,Snowy Egret,Egretta thula,Garza dedos dorados,Aves,4940
80042005,6a5182b8-5dd7-4ce3-be9e-5b9b21e86a5d,2021/05/19 1:28 PM EDT,2021-05-19,2021-05-19 19:28:00 +0200,Eastern Time (US & Canada),785045,josh_vandermeulen,Josh van der Meulen,2021-05-24 02:26:06 +0200,2021-05-24 14:14:02 +0200,research,CC-BY-NC-ND,https://www.inaturalist.org/observations/80042005,https://inaturalist-open-data.s3.amazonaws.com/photos/131150608/medium.jpg,,"",,3,0,false,,"Aldershot, Burlington, ON, Canada",43.3030466262,-79.8411829974,8,,,,8,,open,false,,,Snowy Egret,Egretta thula,Garza dedos dorados,Aves,4940
80095204,88f5d1de-f07e-4d2a-a53a-67b77beead04,Thu May 13 2021 17:47:37 GMT-0500 (CDT),2021-05-13,2021-05-14 00:47:37 +0200,Mexico City,608757,erickaceae_98,Erick Vélez Sánchez,2021-05-24 14:45:19 +0200,2021-05-24 16:21:34 +0200,research,CC-BY,https://www.inaturalist.org/observations/80095204,https://inaturalist-open-data.s3.amazonaws.com/photos/131246279/medium.jpg,,"",Bordo cerca de Centro Cívico,1,0,false,3,"Boulevard Bernardo Quintana, Santiago de Querétaro, QRO, MX",20.56263,-100.3564916667,,,,,,,open,false,,,Garza dedos dorados,Egretta thula,Garza dedos dorados,Aves,4940
80203177,3b8ec397-6272-4f5b-aa22-87f26d6b2f74,2021/05/24 3:48 PM PDT,2021-05-24,2021-05-25 00:48:00 +0200,Pacific Time (US & Canada),28,tiwane,Tony Iwane,2021-05-25 06:27:49 +0200,2025-11-18 22:39:21 +0000,research,CC-BY,https://www.inaturalist.org/observations/80203177,https://inaturalist-open-data.s3.amazonaws.com/photos/131434101/medium.jpg,,"",,3,0,false,,"Oakland, CA, USA",37.8061266667,-122.25658,,,,,,,open,false,,,Snowy Egret,Egretta thula,Garza dedos dorados,Aves,4940
80364416,61dbbe81-5de8-4a4e-bf24-b4ec001588d1,2021/03/30 8:15 AM MDT,2021-03-30,2021-03-30 16:15:00 +0200,Mountain Time (US & Canada),2427871,dingoking,Connor Johnson,2021-05-26 16:26:46 +0200,2021-05-27 08:03:59 +0200,research,CC-BY-NC,https://www.inaturalist.org/observations/80364416,https://inaturalist-open-data.s3.amazonaws.com/photos/131693066/medium.jpeg,,"",,2,0,false,,"Point Loma, San Diego, CA, USA",32.7554699915,-117.2381235695,788,,,,788,,open,false,,,Snowy Egret,Egretta thula,Garza dedos dorados,Aves,4940
80738016,ab26cd23-902c-407c-bf9d-401ea9b04fa7,2021/05/29 7:53 AM EDT,2021-05-29,2021-05-29 13:53:00 +0200,Eastern Time (US & Canada),291150,abiggs2,Alan R. Biggs,2021-05-29 17:03:12 +0200,2022-07-20 02:03:38 +0200,research,CC-BY-NC,https://www.inaturalist.org/observations/80738016,https://inaturalist-open-data.s3.amazonaws.com/photos/132354689/medium.jpg,,"",,3,0,false,,"Hilton Head Island, SC, USA",32.2505813551,-80.7278872308,1327,,,,1327,,open,false,,,Snowy Egret,Egretta thula,Garza dedos dorados,Aves,4940
80785841,acb49a5a-0ce8-4e16-a30c-f327c5887b97,Sat May 29 2021 13:35:35 GMT-0700 (PDT),2021-05-29,2021-05-29 22:35:35 +0200,Pacific Time (US & Canada),302453,myergovich,,2021-05-29 22:36:52 +0200,2022-02-13 06:32:51 +0000,research,CC-BY-NC,https://www.inaturalist.org/observations/80785841,https://inaturalist-open-data.s3.amazonaws.com/photos/132436195/medium.jpg,,"","",2,0,false,3,"Al Scoma Way, San Francisco, CA, US",37.8090757132,-122.4196894238,8,,,,8,,open,false,,,Snowy Egret,Egretta thula,Garza dedos dorados,Aves,4940
80811162,e62dfdce-9af0-4418-a36b-2dc7e01966ba,Sat May 29 2021 08:12:14 GMT-0700 (PDT),2021-05-29,2021-05-29 17:12:14 +0200,Pacific Time (US & Canada),3390627,marydavis1,Mary Davis,2021-05-30 02:00:14 +0200,2021-06-05 03:59:05 +0200,research,,https://www.inaturalist.org/observations/80811162,https://static.inaturalist.org/photos/132482384/medium.jpg,,"","",3,0,false,3,"North Pacific Ocean, Encinitas, CA, US",33.0348778333,-117.2939833333,4,,,,4,,open,false,,,Snowy Egret,Egretta thula,Garza dedos dorados,Aves,4940
81564188,e208dcdd-daac-48e4-95af-f779b3fb9588,2021/06/02 7:19 PM UTC,2021-06-02,2021-06-02 21:19:00 +0200,UTC,2608351,elprofer,,2021-06-04 16:50:03 +0200,2021-06-04 22:04:05 +0200,research,CC-BY-NC,https://www.inaturalist.org/observations/81564188,https://inaturalist-open-data.s3.amazonaws.com/photos/133796640/medium.jpeg,,"","",2,0,false,,"Original Town, Carrollton, TX 75006, USA",32.9680612138,-96.8932803663,4,,,,4,,open,false,,,Snowy Egret,Egretta thula,Garza dedos dorados,Aves,4940
82287823,5133cd1d-43eb-487d-845a-29b2f7f8f26f,2021-05-08,2021-05-08,,Arizona,2871451,makelikeanapeman,"",2021-06-09 15:40:57 +0200,2021-07-10 00:26:06 +0200,research,CC-BY-NC,https://www.inaturalist.org/observations/82287823,https://inaturalist-open-data.s3.amazonaws.com/photos/135043562/medium.jpeg,,"",,1,0,false,2,E.G. Simmons Regional Park,27.7353820332,-82.4643086269,199,,,,199,,open,false,gps,gps,Snowy Egret,Egretta thula,Garza dedos dorados,Aves,4940
82468650,89d6bab2-d2e1-4eeb-a2af-db81b2fa6597,2021/06/10 7:00 AM PDT,2021-06-10,2021-06-10 16:00:00 +0200,Pacific Time (US & Canada),130904,bobc,"",2021-06-10 22:48:44 +0200,2025-01-21 18:02:30 +0000,research,CC-BY-NC,https://www.inaturalist.org/observations/82468650,https://inaturalist-open-data.s3.amazonaws.com/photos/135354367/medium.jpeg,,"","",2,0,false,,"Clark County, NV, USA",36.4387488393,-115.3590931709,15,,,,15,,open,false,,,Snowy Egret,Egretta thula,Garza dedos dorados,Aves,4940
82914718,75b1f988-db28-491d-9dcf-32d48950de8f,Sun Jun 13 2021 11:50:59 GMT-0700 (PDT),2021-06-13,2021-06-13 20:50:59 +0200,Pacific Time (US & Canada),3195803,estherchristina,,2021-06-13 23:57:10 +0200,2021-06-14 10:10:17 +0200,research,CC-BY-NC,https://www.inaturalist.org/observations/82914718,https://inaturalist-open-data.s3.amazonaws.com/photos/136125217/medium.jpg,,"","",2,0,false,3,"North Pacific Ocean, CA, US",32.9445916667,-117.263755,4,,,,4,,open,false,,,Snowy Egret,Egretta thula,Garza dedos dorados,Aves,4940
82923697,ac2ad82a-af9b-4882-90ec-56e9190b4871,2021/06/13 4:23 PM MDT,2021-06-13,2021-06-14 00:23:00 +0200,Mazatlan,1743343,avesdemazatlan,Aves de Mazatlán,2021-06-14 01:03:18 +0200,2023-05-02 16:25:07 +0200,research,CC-BY-NC,https://www.inaturalist.org/observations/82923697,https://inaturalist-open-data.s3.amazonaws.com/photos/136141198/medium.jpeg,,"",,3,0,false,,"Mazatlán, Sinaloa, Mexico",23.2869200576,-106.4548763164,122,,,,122,,open,false,,,Garza dedos dorados,Egretta thula,Garza dedos dorados,Aves,4940
82938530,d975686a-54f3-442b-bc8a-a30e9de593b6,2021/06/12 8:49 AM PDT,2021-06-12,2021-06-12 17:49:00 +0200,Pacific Time (US & Canada),2467402,jnatali,"",2021-06-14 03:05:19 +0200,2022-05-31 08:40:26 +0200,research,CC-BY-NC-SA,https://www.inaturalist.org/observations/82938530,https://inaturalist-open-data.s3.amazonaws.com/photos/136166276/medium.jpg,,"","",1,0,false,,"Hayward, CA, USA",37.66016,-122.15907,,,,,,,open,false,,,Snowy Egret,Egretta thula,Garza dedos dorados,Aves,4940
83454839,48771185-c1c6-458e-ac16-42a065526f49,Thu Jun 17 2021 17:45:50 GMT-0400 (AST),2021-06-17,2021-06-17 19:45:50 +0200,UTC,3836040,rlperez,,2021-06-18 02:48:37 +0200,2021-11-27 18:14:32 +0000,research,CC-BY-NC,https://www.inaturalist.org/observations/83454839,https://inaturalist-open-data.s3.amazonaws.com/photos/137065459/medium.jpg,,"",Egretta Thula ,2,0,false,3,"Río Grande de Arecibo, Arecibo, PR, US",18.47253,-66.7107083333,8,,,,8,,open,false,,,Snowy Egret,Egretta thula,Garza dedos dorados,Aves,4940
84144912,784e3286-6b50-4c4f-b91a-e32e66adfcbf,2016/12/25,2016-12-25,,UTC,3419730,nature_em,emma reader-lee,2021-06-23 06:34:59 +0200,2024-03-31 10:01:10 +0200,research,CC0,https://www.inaturalist.org/observations/84144912,https://inaturalist-open-data.s3.amazonaws.com/photos/138268720/medium.jpg,,"",,1,0,false,,"Lighthouse Beach Park, Sanibel, FL, USA",26.4520434521,-82.0169839254,488,,,,488,,open,false,,,Snowy Egret,Egretta thula,Garza dedos dorados,Aves,4940
84235956,4de8d814-83d6-49d1-81e3-7c45a4b7683b,2021-05-09 11:39:20,2021-05-09,2021-05-09 19:39:20 +0200,Mountain Time (US & Canada),1886535,carterstrope,Carter Strope,2021-06-24 00:16:49 +0200,2023-10-05 12:13:52 +0200,research,CC-BY-NC-ND,https://www.inaturalist.org/observations/84235956,https://inaturalist-open-data.s3.amazonaws.com/photos/138427231/medium.jpeg,,"",,1,0,false,2,"Farmington, UT 84025, USA",40.9574810823,-111.9234672189,174,,,,174,,open,false,gps,gps,Snowy Egret,Egretta thula,Garza dedos dorados,Aves,4940
84273098,44d94a28-0341-4016-b716-7831784e1d8c,2011/04/08 1:11 PM UTC,2011-04-08,2011-04-08 15:11:00 +0200,UTC,4371401,sh0nf0x,Sean,2021-06-24 07:29:41 +0200,2021-08-30 04:31:05 +0200,research,,https://www.inaturalist.org/observations/84273098,https://static.inaturalist.org/photos/138494612/medium.jpeg,,"",,1,0,false,,"Lower Grand Lagoon, FL 32408, USA",30.1296355345,-85.726238995,613,,,,613,,open,false,,,Snowy Egret,Egretta thula,Garza dedos dorados,Aves,4940
84289303,2498b051-95d0-4a60-aad0-93a431b09746,2021-06-20 11:51:00,2021-06-20,2021-06-20 13:51:00 +0200,UTC,3922791,magali70,Magali Vázquez Cárcamo,2021-06-24 13:31:26 +0200,2021-10-01 04:31:06 +0200,research,,https://www.inaturalist.org/observations/84289303,https://static.inaturalist.org/photos/138522040/medium.jpeg,,"",,2,0,false,2,Bosque de San Juan de Aragón,19.4600505118,-99.0718414262,112,,,,112,,open,false,gps,gps,Snowy Egret,Egretta thula,Garza dedos dorados,Aves,4940
84397127,c9290a17-971d-44a8-a994-5f6c981e33a4,2021/04/06 4:09 PM CDT,2021-04-06,2021-04-06 23:09:00 +0200,Guadalajara,16299,obaezm,Oscar Báez,2021-06-25 09:01:12 +0200,2024-01-18 05:24:46 +0000,research,CC-BY-NC,https://www.inaturalist.org/observations/84397127,https://inaturalist-open-data.s3.amazonaws.com/photos/138703448/medium.jpeg,,"",,2,0,false,,"San Diego de la Unión, Gto., México",21.4803277169,-100.9141519274,15,,,,15,,open,false,,,Snowy Egret,Egretta thula,Garza dedos dorados,Aves,4940
84657405,b6f9d892-4fda-4773-ac14-91696455cb19,2021/06/26 3:01 PM PDT,2021-06-26,2021-06-27 00:01:00 +0200,Pacific Time (US & Canada),1263262,sessilefielder,Eric Johnson,2021-06-27 07:25:06 +0200,2021-10-14 22:14:47 +0200,research,CC-BY,https://www.inaturalist.org/observations/84657405,https://inaturalist-open-data.s3.amazonaws.com/photos/139163315/medium.jpeg,,"","",1,0,false,,"Ballona Freshwater Marsh, Playa Del Rey, Los Angeles, CA, USA",33.9692194444,-118.4290416667,,,,,,,open,false,,,Snowy Egret,Egretta thula,Garza dedos dorados,Aves,4940
84934350,ea8d1e49-2f26-40f4-8b8e-c2545d872b3d,2021/05/25 5:05 AM CDT,2021-05-25,2021-05-25 12:05:00 +0200,Central Time (US & Canada),2752933,terrierteacher,Teresa Shaefer Randall,2021-06-29 05:31:43 +0200,2021-06-29 07:00:45 +0200,research,CC-BY-NC,https://www.inaturalist.org/observations/84934350,https://inaturalist-open-data.s3.amazonaws.com/photos/139662269/medium.jpeg,,"","",1,0,false,,"Islamorada, FL, USA",24.9242943,-80.6278364,14119,,,,14119,,open,false,,,Snowy Egret,Egretta thula,Garza dedos dorados,Aves,4940
84982612,83375952-b068-4be1-bd3e-879f3b43be8a,2021-06-26,2021-06-26,,UTC,2736779,sdw32701,,2021-06-29 17:33:02 +0200,2021-06-29 17:34:50 +0200,research,CC-BY-NC,https://www.inaturalist.org/observations/84982612,https://inaturalist-open-data.s3.amazonaws.com/photos/139747932/medium.jpeg,,"",,1,0,false,2,Lake Apopka Wildlife Drive,28.6691767144,-81.5592387691,201,,,,201,,open,false,gps,gps,Snowy Egret,Egretta thula,Garza dedos dorados,Aves,4940
85171768,35c8714a-f3c1-4e54-adb7-cee6e2fa849c,Mon Apr 02 2018 14:38:20 GMT-0400 (EDT),2018-04-02,2018-04-02 20:38:20 +0200,Eastern Time (US & Canada),4117843,captainmantis37,Ethan,2021-07-01 05:58:08 +0200,2022-11-18 21:07:49 +0000,research,CC-BY,https://www.inaturalist.org/observations/85171768,https://inaturalist-open-data.s3.amazonaws.com/photos/140095190/medium.jpg,,"",I think these are wild,3,0,false,3,"SeaWorld Orlando, Orlando, FL, US",28.41128,-81.4590533333,,,,,,,open,false,,,Egretta thula,Egretta thula,Garza dedos dorados,Aves,4940
85223933,02e97a93-95cb-4e2b-b157-31b03fcb7c27,2021/07/01 7:49 AM PDT,2021-07-01,2021-07-01 16:49:00 +0200,Pacific Time (US & Canada),168342,kccardif,kccardif,2021-07-01 18:18:32 +0200,2021-07-07 22:45:40 +0200,research,CC-BY-NC,https://www.inaturalist.org/observations/85223933,https://inaturalist-open-data.s3.amazonaws.com/photos/140186379/medium.jpeg,,"","Feeding at water's edge, low tide",1,0,false,,"Cardiff Beach, San Diego Co., CA",33.0035,-117.1646,,,,,,,open,false,,,Snowy Egret,Egretta thula,Garza dedos dorados,Aves,4940
85286995,1375e8e8-c25d-4cf6-834d-dfaf145ac490,2021/07/01 12:58 PM UTC,2021-07-01,2021-07-01 14:58:00 +0200,UTC,3818922,chloyote,chloe ⋆˚꩜｡,2021-07-02 03:17:47 +0200,2021-07-02 19:12:38 +0200,research,,https://www.inaturalist.org/observations/85286995,https://static.inaturalist.org/photos/140300445/medium.jpg,,"","",4,0,false,,"Treasure Island, FL, USA",27.7691937,-82.7689906,3363,,,,3363,,open,false,,,Snowy Egret,Egretta thula,Garza dedos dorados,Aves,4940
85973438,5d25426d-ec27-4ddb-a5ec-74c18617b0cc,2021-07-01 13:03:37,2021-07-01,2021-07-01 22:03:37 +0200,Pacific Time (US & Canada),1267140,jcripe,,2021-07-07 01:20:23 +0200,2025-08-04 19:25:32 +0200,research,CC-BY-NC,https://www.inaturalist.org/observations/85973438,https://inaturalist-open-data.s3.amazonaws.com/photos/141551176/medium.jpeg,,"",,1,0,false,2,"HUNTINGTN BCH, CA 92649, USA",33.7029511,-118.05018326,3,,,,3,,open,false,,,Snowy Egret,Egretta thula,Garza dedos dorados,Aves,4940
86504937,4d61bf8d-7dc2-4bc1-96aa-cd46599b8e7a,2021/07/01 11:11 AM CDT,2021-07-01,2021-07-01 18:11:00 +0200,Central Time (US & Canada),912851,sehnature,,2021-07-11 04:36:43 +0200,2021-07-11 04:37:59 +0200,research,CC-BY-NC,https://www.inaturalist.org/observations/86504937,https://inaturalist-open-data.s3.amazonaws.com/photos/142512895/medium.jpg,,Nmkt 070421 TFT ATT ch VV,,1,0,false,,"Far North Dallas, Dallas, TX, USA",32.9265361111,-96.7826861111,,,,,,,open,false,,,Snowy Egret,Egretta thula,Garza dedos dorados,Aves,4940
87693810,c0793377-173c-4e8a-8dd3-fb05147df269,2021/06/13 5:29 PM EDT,2021-06-13,2021-06-13 23:29:00 +0200,Eastern Time (US & Canada),1423006,desmond_macneal,Desmond MacNeal,2021-07-19 12:35:55 +0200,2024-06-21 19:34:54 +0200,research,CC-BY-NC,https://www.inaturalist.org/observations/87693810,https://inaturalist-open-data.s3.amazonaws.com/photos/144610481/medium.jpeg,,"","",5,0,false,,"Orangeville, ON L9W, Canada",43.9311722222,-80.0939638889,,,,,,,open,false,,,Snowy Egret,Egretta thula,Garza dedos dorados,Aves,4940
88498342,76226286-a822-4353-9ae3-fe383677dada,2021/07/24 3:00 PM PDT,2021-07-24,2021-07-25 00:00:00 +0200,Pacific Time (US & Canada),1263262,sessilefielder,Eric Johnson,2021-07-25 07:11:01 +0200,2021-10-16 19:38:34 +0200,research,CC-BY,https://www.inaturalist.org/observations/88498342,https://inaturalist-open-data.s3.amazonaws.com/photos/146018896/medium.jpeg,,"",,1,0,false,,"Dockweiler State Beach, Playa del Rey, Los Angeles, CA, USA",33.9610194444,-118.4556166667,,,,,,,open,false,,,Snowy Egret,Egretta thula,Garza dedos dorados,Aves,4940
88638529,b3025c7a-440e-4f92-be82-60db48ec540d,2021/07/25 8:11 AM MST,2021-07-25,2021-07-25 17:11:00 +0200,Arizona,4409523,noniss88,NoNiSs,2021-07-26 04:01:04 +0200,2021-07-27 03:02:05 +0200,research,CC-BY-NC,https://www.inaturalist.org/observations/88638529,https://inaturalist-open-data.s3.amazonaws.com/photos/146271630/medium.jpg,,"",,2,0,false,,"Southside, San Antonio, TX, USA",29.2924868346,-98.4924668248,15,,,,15,,open,false,,,Snowy Egret,Egretta thula,Garza dedos dorados,Aves,4940
89357133,183c4f0f-02eb-4ccc-9a49-e3289664f2b2,2021/07/29 8:25 AM EDT,2021-07-29,2021-07-29 14:25:00 +0200,Eastern Time (US & Canada),44496,sgreene13,,2021-07-31 20:18:38 +0200,2021-08-05 16:38:47 +0200,research,CC-BY-NC,https://www.inaturalist.org/observations/89357133,https://inaturalist-open-data.s3.amazonaws.com/photos/147550695/medium.jpeg,,"","",1,0,false,,"Cape May County, NJ, USA",39.1626498961,-74.7114865735,244,,,,244,,open,false,,,Snowy Egret,Egretta thula,Garza dedos dorados,Aves,4940
89377727,f6d88f20-39ae-43a5-8ddc-bd588b880b9b,Sat Jul 31 2021 10:37:58 GMT-0400 (EDT),2021-07-31,2021-07-31 16:37:58 +0200,Eastern Time (US & Canada),2455099,zara_nature_nerd,,2021-07-31 22:28:34 +0200,2023-06-12 03:30:43 +0200,research,CC-BY-NC,https://www.inaturalist.org/observations/89377727,https://inaturalist-open-data.s3.amazonaws.com/photos/147586600/medium.jpg,,"","",1,0,false,3,"St Augustine Alligator Farm, St. Augustine, FL, US",29.8827533333,-81.2898866667,9,,,,9,,open,false,,,Snowy Egret,Egretta thula,Garza dedos dorados,Aves,4940
89519999,c45f5e98-defd-467e-815b-9e609d4022a4,2021/07/17 6:03 AM UTC,2021-07-17,2021-07-17 08:03:00 +0200,UTC,828971,samzhang,,2021-08-01 20:35:11 +0200,2023-09-25 00:56:44 +0200,research,,https://www.inaturalist.org/observations/89519999,https://static.inaturalist.org/photos/147838976/medium.jpg,,"",,2,0,false,,"Newbury, MA, USA",42.7730366646,-70.8068734895,31,,,,31,,open,false,,,Snowy Egret,Egretta thula,Garza dedos dorados,Aves,4940
89744749,e2f61776-1137-4790-b215-49aba3a42587,2017/05/09 10:49 AM UTC,2017-05-09,2017-05-09 12:49:00 +0200,UTC,743346,kittyandpaulmartin,Kittyand Paul Martin,2021-08-03 07:16:10 +0200,2023-01-23 14:29:00 +0000,research,,https://www.inaturalist.org/observations/89744749,https://static.inaturalist.org/photos/148235662/medium.jpeg,,"",,1,0,false,,"Saint John, NB, Canada",45.2250562009,-66.1305502164,31,,,,31,,open,false,,,aigrette neigeuse,Egretta thula,Garza dedos dorados,Aves,4940
90498630,4c4afd17-c80c-4cec-b388-d7a0958d3b9a,2021/06/07 5:00 AM UTC,2021-06-07,2021-06-07 07:00:00 +0200,UTC,1502573,kgerner,,2021-08-09 06:48:53 +0200,2021-08-09 13:26:38 +0200,research,CC-BY-NC,https://www.inaturalist.org/observations/90498630,https://inaturalist-open-data.s3.amazonaws.com/photos/149580240/medium.jpeg,,"",2 of 2,1,0,false,,"Northeast Los Angeles, Los Angeles, CA, USA",34.1295611521,-118.273156946,2,,,,2,,open,false,,,Snowy Egret,Egretta thula,Garza dedos dorados,Aves,4940
91435092,63ecc3cb-f37c-43c6-b773-4150b41fc967,2021/08/15 9:54 AM CDT,2021-08-15,2021-08-15 16:54:00 +0200,Central Time (US & Canada),3770731,cdsanders,Chris Sanders,2021-08-16 20:04:05 +0200,2021-08-16 21:38:26 +0200,research,CC-BY-NC,https://www.inaturalist.org/observations/91435092,https://inaturalist-open-data.s3.amazonaws.com/photos/151241388/medium.jpeg,,"",,2,0,false,,"Grayson County, TX, USA",33.7316280831,-96.7709282676,4,,,,4,,open,false,,,Snowy Egret,Egretta thula,Garza dedos dorados,Aves,4940
91796172,afc89b6b-884a-4529-aad6-9863dedad8ef,2021/08/14 5:39 AM UTC,2021-08-14,2021-08-14 07:39:00 +0200,UTC,3716019,hugh_vandervoort,Hugh Vandervoort,2021-08-20 01:32:28 +0200,2021-08-27 23:00:04 +0200,research,,https://www.inaturalist.org/observations/91796172,https://static.inaturalist.org/photos/151896794/medium.jpg,,"",,3,1,false,,"Queen Anne's County, MD, USA",38.9483057602,-76.2287094908,2,,,,2,,open,false,,,Snowy Egret,Egretta thula,Garza dedos dorados,Aves,4940
92290313,bdc905d0-ed07-4a48-9aae-dc2556c66552,2021/08/22 1:26 PM PDT,2021-08-22,2021-08-22 22:26:00 +0200,Pacific Time (US & Canada),1263262,sessilefielder,Eric Johnson,2021-08-23 23:56:49 +0200,2021-10-14 22:14:47 +0200,research,CC-BY,https://www.inaturalist.org/observations/92290313,https://inaturalist-open-data.s3.amazonaws.com/photos/152787154/medium.jpeg,,"",,1,0,false,,"Los Angeles River, Sepulveda Basin Wildlife Reserve, Los Angeles, CA, USA",34.1687045677,-118.4753342685,25,,,,25,,open,false,,,Snowy Egret,Egretta thula,Garza dedos dorados,Aves,4940
92639289,8e959415-ab77-48eb-a06a-8a78a98d1a84,2021/08/21 3:24 PM PDT,2021-08-21,2021-08-22 00:24:00 +0200,Pacific Time (US & Canada),3275935,keepingactive,,2021-08-27 05:43:37 +0200,2021-08-27 06:24:43 +0200,research,CC-BY-NC,https://www.inaturalist.org/observations/92639289,https://inaturalist-open-data.s3.amazonaws.com/photos/153419432/medium.jpeg,,"",,1,0,false,,"Charleston Slough, Palo Alto, CA, USA",37.4437621556,-122.095374311,1009,,,,1009,,open,false,,,Snowy Egret,Egretta thula,Garza dedos dorados,Aves,4940
92641076,e559f723-bdc5-4d6e-b2bc-c8a31e1434b2,Thu Aug 26 2021 17:43:02 GMT-0600 (MDT),2021-08-26,2021-08-27 01:43:02 +0200,Mountain Time (US & Canada),1017876,brandtmagic,Brandt Magic,2021-08-27 06:15:48 +0200,2021-08-27 06:22:16 +0200,research,CC-BY-NC,https://www.inaturalist.org/observations/92641076,https://inaturalist-open-data.s3.amazonaws.com/photos/153423666/medium.jpg,,"","",1,0,false,3,"Tingley Dr SW, Albuquerque, NM, US",35.0864532538,-106.6748290422,816,,,,816,,open,false,,,Snowy Egret,Egretta thula,Garza dedos dorados,Aves,4940
93184484,5db77980-eef0-41d9-bf0e-1adae407fb72,Mon Aug 30 2021 07:19:07 GMT-0400 (EDT),2021-08-30,2021-08-30 13:19:07 +0200,Eastern Time (US & Canada),4153925,lnbak,E Bak,2021-08-31 21:26:02 +0200,2022-04-30 18:52:11 +0200,research,CC-BY-NC,https://www.inaturalist.org/observations/93184484,https://inaturalist-open-data.s3.amazonaws.com/photos/154406368/medium.jpg,,"","",2,0,false,3,"North Atlantic Ocean, Hilton Head Island, SC, US",32.187805,-80.6989833333,6,,,,6,,open,false,,,Snowy Egret,Egretta thula,Garza dedos dorados,Aves,4940
93486046,6e54c338-21ee-4f94-b795-fdb73aa7f645,Sat Mar 26 2016 13:34:25 GMT -0600 (MDT),2016-03-26,2016-03-26 19:34:25 +0000,Mountain Time (US & Canada),4901455,poisonoli,Oli,2021-09-03 18:40:46 +0200,2021-09-03 19:15:28 +0200,research,CC-BY-NC,https://www.inaturalist.org/observations/93486046,https://inaturalist-open-data.s3.amazonaws.com/photos/154951635/medium.jpeg,,"",,2,0,false,333,San Diego,33.19190979,-117.3884506226,,,,,,,open,false,,,Snowy Egret,Egretta thula,Garza dedos dorados,Aves,4940
93608691,5ad68e2d-c09e-490a-8ec4-914313ad9f3e,2021/09/04 7:31 AM MDT,2021-09-04,2021-09-04 15:31:00 +0200,Mountain Time (US & Canada),1499212,adkonings,Ad Konings,2021-09-04 19:34:56 +0200,2023-05-21 19:01:34 +0200,research,CC-BY-NC,https://www.inaturalist.org/observations/93608691,https://inaturalist-open-data.s3.amazonaws.com/photos/155168378/medium.jpg,,"",,3,0,false,,"Doña Ana County, NM, USA",31.900927,-106.655746,,,,,,,open,false,,,Snowy Egret,Egretta thula,Garza dedos dorados,Aves,4940
93641380,53d4a579-5971-4b82-917a-0f5396149e33,2021/08/31 7:32 AM UTC,2021-08-31,2021-08-31 09:32:00 +0200,UTC,3716019,hugh_vandervoort,Hugh Vandervoort,2021-09-04 23:49:22 +0200,2021-09-05 00:27:17 +0200,research,,https://www.inaturalist.org/observations/93641380,https://static.inaturalist.org/photos/155227144/medium.jpg,,"",,1,0,false,,"Anne Arundel County, MD, USA",39.001833224,-76.483130343,977,,,,977,,open,false,,,Snowy Egret,Egretta thula,Garza dedos dorados,Aves,4940
93742482,838dd6c2-364d-448e-a82b-a40fca0832d4,2021/09/04 10:18 AM UTC,2021-09-04,2021-09-04 12:18:00 +0200,UTC,1763874,donna257,Donna Cochran,2021-09-05 19:18:32 +0200,2023-09-10 12:28:28 +0200,research,,https://www.inaturalist.org/observations/93742482,https://static.inaturalist.org/photos/155405774/medium.jpeg,,"",,2,1,false,,"Edwin B. Forsythe National Wildlife Refuge, Atlantic, New Jersey, United States",39.4518216667,-74.4228216667,,,,,,,open,false,,,Snowy Egret,Egretta thula,Garza dedos dorados,Aves,4940
94536486,0e4196f6-d913-4911-83a0-a38e09629872,2019/05/16 7:50 AM CDT,2019-05-16,2019-05-16 14:50:00 +0200,Central Time (US & Canada),15731,steven_bach,steven_bach,2021-09-12 06:24:10 +0200,2023-02-22 21:39:10 +0000,research,CC-BY-NC,https://www.inaturalist.org/observations/94536486,https://inaturalist-open-data.s3.amazonaws.com/photos/156832756/medium.jpg,,"",,1,0,false,,"Callahan, Orlando, FL, USA",28.5442226122,-81.3871666461,1953,,,,1953,,open,false,,,Snowy Egret,Egretta thula,Garza dedos dorados,Aves,4940
94975308,51e0d9ff-6b51-4ac1-b7ac-9a9cf334f2df,Wed Sep 15 2021 15:28:02 GMT-0400 (EDT),2021-09-15,2021-09-15 21:28:02 +0200,Eastern Time (US & Canada),1033231,torgos216,Al. Morgue,2021-09-16 00:01:32 +0200,2021-09-16 01:27:48 +0200,research,,https://www.inaturalist.org/observations/94975308,https://static.inaturalist.org/photos/157613357/medium.jpg,,"","",1,0,false,3,"Johns Island, Charleston, SC, US",32.7567656612,-80.0572359478,65,,,,65,,open,false,,,Snowy Egret,Egretta thula,Garza dedos dorados,Aves,4940
95224733,9049adbb-ef9e-4079-9759-a19b8d4961c9,2021/09/17 6:07 PM CDT,2021-09-17,2021-09-18 01:07:00 +0200,Mexico City,467037,luisave,Luis Mauricio Mena Páramo,2021-09-18 05:03:25 +0200,2025-08-05 02:30:13 +0200,research,,https://www.inaturalist.org/observations/95224733,https://static.inaturalist.org/photos/158060121/medium.jpeg,,"","",8,0,false,,"León, Gto., México",21.1778432486,-101.6795196258,31,,,,31,,open,false,,,Garza dedos dorados,Egretta thula,Garza dedos dorados,Aves,4940
95338851,ae218c72-413d-4e0a-bbe5-aaae1134f022,2021/09/18 1:25 PM PDT,2021-09-18,2021-09-18 22:25:00 +0200,Pacific Time (US & Canada),1263262,sessilefielder,Eric Johnson,2021-09-19 02:13:15 +0200,2021-10-14 22:14:47 +0200,research,CC-BY,https://www.inaturalist.org/observations/95338851,https://inaturalist-open-data.s3.amazonaws.com/photos/158255244/medium.jpeg,,"",,2,0,false,,"Sepulveda Dam, Sepulveda Basin Wildlife Reserve, Los Angeles, CA, USA",34.1666468322,-118.4733652962,25,,,,25,,open,false,,,Snowy Egret,Egretta thula,Garza dedos dorados,Aves,4940
96321466,b171a0ca-c891-4ed9-a100-9e9c44c487cd,2021/09/26 9:46 AM CDT,2021-09-26,2021-09-26 16:46:00 +0200,Central Time (US & Canada),1906701,vicki936,Vicki Miller,2021-09-27 04:17:08 +0200,2024-08-30 19:04:59 +0200,research,CC0,https://www.inaturalist.org/observations/96321466,https://inaturalist-open-data.s3.amazonaws.com/photos/160003829/medium.jpeg,,"","",1,0,false,,"Eckert Dr, Galveston, TX 77554, USA",29.2166229,-94.9358167,199,,,,199,,open,false,,,Snowy Egret,Egretta thula,Garza dedos dorados,Aves,4940
96577984,3b9e152d-8ef9-41a3-b6ff-c86d60509244,2021-09-24 16:53:19,2021-09-24,2021-09-24 23:53:19 +0200,Mexico City,348850,aarongc,Aarón Isaac Gómez,2021-09-29 16:07:09 +0200,2025-07-03 20:32:38 +0200,research,,https://www.inaturalist.org/observations/96577984,https://static.inaturalist.org/photos/160468476/medium.jpeg,,"",,3,0,false,2,Estacion Sanchez,27.4753016894,-99.6513709053,184,,,,184,,open,false,gps,gps,Snowy Egret,Egretta thula,Garza dedos dorados,Aves,4940
97518241,3cb4dda4-6cca-48b4-a17d-a5e4442ecc5f,2012/01/08 1:37 PM CST,2012-01-08,2012-01-08 19:37:00 +0000,Central Time (US & Canada),4464211,jerrybeaz,Jerry Beasley,2021-10-08 06:32:24 +0200,2021-10-08 06:34:40 +0200,research,CC-BY-NC,https://www.inaturalist.org/observations/97518241,https://inaturalist-open-data.s3.amazonaws.com/photos/162197377/medium.jpg,,"",,1,0,false,,"Avery Island, LA, USA",29.9117835376,-91.9125063699,872,,,,872,,open,false,,,Snowy Egret,Egretta thula,Garza dedos dorados,Aves,4940
98328581,36657e63-10ef-45f7-b498-2df5b216d2e6,2021/10/15 7:21 AM EDT,2021-10-15,2021-10-15 13:21:00 +0200,Eastern Time (US & Canada),907409,mfeaver,"",2021-10-16 01:41:19 +0200,2023-06-17 19:49:30 +0200,research,CC-BY,https://www.inaturalist.org/observations/98328581,https://inaturalist-open-data.s3.amazonaws.com/photos/163683884/medium.jpeg,,"","",3,0,false,,"Jefferson County, FL, USA",30.3397401931,-83.9915391759,8,,,,8,,open,false,,,Snowy Egret,Egretta thula,Garza dedos dorados,Aves,4940
98675229,f0ba6f86-4110-4e9b-baa7-fa6280e1767d,2021/10/16 6:43 AM PDT,2021-10-16,2021-10-16 15:43:00 +0200,Pacific Time (US & Canada),4200360,squidpastry,Squidpastry,2021-10-19 06:17:13 +0200,2026-01-16 21:54:41 +0000,research,CC-BY-NC,https://www.inaturalist.org/observations/98675229,https://inaturalist-open-data.s3.amazonaws.com/photos/164343320/medium.jpeg,,"","",6,0,false,,"424 150th Ave, Madeira Beach, FL 33708, USA",27.8049005,-82.7972228,200,,,,200,,open,false,,,Snowy Egret,Egretta thula,Garza dedos dorados,Aves,4940
99274632,ab884144-7bde-4bd9-a328-0d1963ed9341,Sun Sep 05 2021 08:30:44 GMT-0700 (PDT),2021-09-05,2021-09-05 17:30:44 +0200,Pacific Time (US & Canada),5156318,thraxisp,,2021-10-25 00:29:29 +0200,2024-04-18 22:33:15 +0200,research,CC-BY-NC,https://www.inaturalist.org/observations/99274632,https://inaturalist-open-data.s3.amazonaws.com/photos/165457640/medium.jpg,,"","",3,0,false,3,"Don Edwards San Francisco Bay National Wildlife Refuge, Fremont, CA, US",37.398726,-122.009005,52,,,,52,,open,false,,,Snowy Egret,Egretta thula,Garza dedos dorados,Aves,4940
99514422,13d00697-520c-4e8a-870d-0db2fc8b2f04,2021/10/24 10:21 PM CDT,2021-10-24,2021-10-25 05:21:00 +0200,Central Time (US & Canada),971468,georgenaturephotos,"",2021-10-27 05:25:24 +0200,2021-10-27 08:01:02 +0200,research,CC-BY-NC,https://www.inaturalist.org/observations/99514422,https://inaturalist-open-data.s3.amazonaws.com/photos/165907508/medium.jpeg,,Bear Creek Park (UTC 097),,2,0,false,,"3535 War Memorial St, Houston, TX 77084, USA",29.8207721,-95.6133491,248,,,,248,,open,false,,,Snowy Egret,Egretta thula,Garza dedos dorados,Aves,4940
100246879,2b125596-652f-4551-9f96-f1f086d2c14a,2021/10/31 8:24 AM CST,2021-10-31,2021-10-31 14:24:00 +0000,Guadalajara,376395,emmguevara,Emmanuel Guevara Lazcano,2021-11-04 17:29:58 +0000,2022-10-06 22:26:58 +0200,research,CC-BY-NC-SA,https://www.inaturalist.org/observations/100246879,https://inaturalist-open-data.s3.amazonaws.com/photos/167284702/medium.jpeg,,"",Garza blanca,1,0,false,,"Cabo Corrientes, MX-JA, MX",20.4884838443,-105.4456985326,2,,,,2,,open,false,,,Snowy Egret,Egretta thula,Garza dedos dorados,Aves,4940
100266708,91373607-8192-49e4-8931-fbc40eca117f,2021/11/03 5:05 PM PDT,2021-11-03,2021-11-04 00:05:00 +0000,Pacific Time (US & Canada),28,tiwane,Tony Iwane,2021-11-04 22:08:28 +0000,2025-11-25 20:32:34 +0000,research,CC-BY,https://www.inaturalist.org/observations/100266708,https://inaturalist-open-data.s3.amazonaws.com/photos/167323754/medium.jpg,,"",The egret did eventually swallow the pipefish.,5,0,false,,"Oakland, CA, USA",37.804835,-122.2580766667,,,,,,,open,false,,,Snowy Egret,Egretta thula,Garza dedos dorados,Aves,4940
100343245,e9ea3726-b08d-40d4-ac66-b9335de52d1a,2021-10-30 15:35:06,2021-10-30,2021-10-30 21:35:06 +0200,Eastern Time (US & Canada),707341,camelnaturalresources,Jerry,2021-11-05 20:43:46 +0000,2024-11-22 20:12:42 +0000,research,CC-BY-NC,https://www.inaturalist.org/observations/100343245,https://inaturalist-open-data.s3.amazonaws.com/photos/167460814/medium.jpeg,,"",,2,0,false,2,"Bristol, PA 19007, USA",40.1033844997,-74.8638713997,,,,,,,open,false,gps,gps,Snowy Egret,Egretta thula,Garza dedos dorados,Aves,4940
100558733,74e176d1-c4b0-491a-9e14-dea9bc0d5872,Sun Nov 07 2021 11:38:29 GMT-0600 (CST),2021-11-07,2021-11-07 16:38:29 +0000,Eastern Time (US & Canada),3528492,dbernard,Daryl Bernard,2021-11-08 02:13:41 +0000,2025-07-03 20:32:56 +0200,research,CC-BY-NC,https://www.inaturalist.org/observations/100558733,https://inaturalist-open-data.s3.amazonaws.com/photos/167853473/medium.jpg,,"","",2,0,false,3,"Rio Grande, TX, US",27.4991441469,-99.4989379768,19,,,,19,,open,false,,,Snowy Egret,Egretta thula,Garza dedos dorados,Aves,4940
100657990,af97e0d0-4c0d-408a-b87f-2ca8ba6a2a75,2021/01/25 9:27 AM CST,2021-01-25,2021-01-25 15:27:00 +0000,Mexico City,54758,mauriciohs,Mauricio Hernández Sánchez,2021-11-09 04:16:18 +0000,2021-11-09 04:20:49 +0000,research,CC-BY-NC,https://www.inaturalist.org/observations/100657990,https://static.inaturalist.org/photos/168020097/medium.jpeg,,"","",1,0,false,,"Tuxpan, Veracruz, Mexico",21.0119966667,-97.3397333333,,,,,,,open,false,,,Snowy Egret,Egretta thula,Garza dedos dorados,Aves,4940
100660519,812e0627-5c82-43a5-af1f-c1cb47b2f16c,2021-11-08 09:14:58,2021-11-08,2021-11-08 17:14:58 +0000,Pacific Time (US & Canada),880207,nora32,Nora Balbina Bodrian,2021-11-09 05:07:13 +0000,2024-05-23 20:39:46 +0200,research,,https://www.inaturalist.org/observations/100660519,https://static.inaturalist.org/photos/168034199/medium.jpeg,,"",,2,0,false,2,"Lakeside, CA, USA",32.8587227,-116.9170165,,,,,,,open,false,gps,gps,Snowy Egret,Egretta thula,Garza dedos dorados,Aves,4940
101002078,a821946b-e7ee-4b61-81ef-b05435163edb,Mon Nov 08 2021 17:25:40 GMT-0500 (EST),2021-11-08,2021-11-08 22:25:40 +0000,Eastern Time (US & Canada),2871991,ymsak_,Sofie,2021-11-13 13:55:29 +0000,2023-04-17 22:31:31 +0200,research,CC-BY-NC,https://www.inaturalist.org/observations/101002078,https://inaturalist-open-data.s3.amazonaws.com/photos/168633781/medium.jpg,,"","",1,0,false,3,"Florida, US",27.6013137147,-82.6226842961,65,,,,29704,obscured,open,true,,,Snowy Egret,Egretta thula,Garza dedos dorados,Aves,4940
101065208,85d54445-0ab5-47d3-b429-d7f254c0b888,2021/11/13 2:00 PM UTC,2021-11-13,2021-11-13 14:00:00 +0000,UTC,3772516,michaelkalisek,,2021-11-14 03:32:43 +0000,2021-11-25 15:56:27 +0000,research,CC-BY-NC,https://www.inaturalist.org/observations/101065208,https://inaturalist-open-data.s3.amazonaws.com/photos/168741577/medium.jpeg,,"","",4,0,false,,"Kleberg County, TX, USA",27.3215076526,-97.6866704666,69,,,,69,,open,false,,,Snowy Egret,Egretta thula,Garza dedos dorados,Aves,4940
101117746,69011f0a-d49a-40ee-beea-4aa9b81827e7,2021/11/14 7:39 AM MST,2021-11-14,2021-11-14 14:39:00 +0000,Mountain Time (US & Canada),1499212,adkonings,Ad Konings,2021-11-14 17:50:42 +0000,2023-05-21 19:02:36 +0200,research,CC-BY-NC,https://www.inaturalist.org/observations/101117746,https://inaturalist-open-data.s3.amazonaws.com/photos/168828012/medium.jpg,,"",,3,0,false,,"Kevin von Finger Wetlands, El Paso, TX, USA",31.822354543,-106.5634544701,110,,,,110,,open,false,,,Snowy Egret,Egretta thula,Garza dedos dorados,Aves,4940
101336354,08c36f7f-945f-4b6f-b8bb-f0bc2b9f1755,Wed Nov 17 2021 07:39:15 GMT-0800 (PST),2021-11-17,2021-11-17 07:39:15 +0000,UTC,5216111,mythic163,Andrew Tankersley,2021-11-17 15:51:25 +0000,2021-11-18 03:13:48 +0000,research,,https://www.inaturalist.org/observations/101336354,https://static.inaturalist.org/photos/169221269/medium.jpg,,"","",1,0,false,3,"Peters Canyon Regional Park, Orange, CA, US",33.7820083509,-117.7640232817,5,,,,5,,open,false,,,Snowy Egret,Egretta thula,Garza dedos dorados,Aves,4940
101703000,02be099a-d64f-43a7-b745-62ccdb93254e,Mon Nov 22 2021 08:00:40 GMT-0500 (EST),2021-11-22,2021-11-22 13:00:40 +0000,Eastern Time (US & Canada),5045194,joshua_longmire,,2021-11-22 14:32:54 +0000,2021-11-22 15:26:56 +0000,research,CC-BY-NC,https://www.inaturalist.org/observations/101703000,https://inaturalist-open-data.s3.amazonaws.com/photos/169869343/medium.jpg,,"","",2,0,false,3,"Vanderbilt Beach, Naples, FL, US",26.2528583333,-81.8234033333,28,,,,28,,open,false,,,Snowy Egret,Egretta thula,Garza dedos dorados,Aves,4940
101745198,6f49ba19-20e2-4bcf-896c-2cac89ec3c5b,Sun Nov 21 2021 16:51:47 GMT-0600 (CST),2021-11-21,2021-11-21 22:51:47 +0000,Central Time (US & Canada),499285,tomlang88,Tom Langschied,2021-11-23 05:07:59 +0000,2021-11-28 01:50:16 +0000,research,,https://www.inaturalist.org/observations/101745198,https://static.inaturalist.org/photos/169954332/medium.jpg,,"","",4,0,false,3,"Cayo del Grullo, TX, US",27.3204349757,-97.6851018975,23,,,,23,,open,false,,,Snowy Egret,Egretta thula,Garza dedos dorados,Aves,4940
101965834,d0450add-2cce-4b35-adc7-504f999c0242,2021/10/25 7:22 AM CDT,2021-10-25,2021-10-25 14:22:00 +0200,Central Time (US & Canada),988575,kbbutler,Ken Butler,2021-11-26 22:04:00 +0000,2021-12-17 00:03:52 +0000,research,CC-BY-NC,https://www.inaturalist.org/observations/101965834,https://inaturalist-open-data.s3.amazonaws.com/photos/170358541/medium.jpg,,"",Confluence Park,4,0,false,,"Thelka, San Antonio, TX, USA",29.3918926919,-98.4972797204,2,,,,2,,open,false,,,Snowy Egret,Egretta thula,Garza dedos dorados,Aves,4940
102208367,d64cb1d1-5fc7-4155-adaa-8db6f0439a44,2021/11/28 11:15 AM MST,2021-11-28,2021-11-28 18:15:00 +0000,Mountain Time (US & Canada),695337,blevine,Bill Levine,2021-11-30 00:40:47 +0000,2025-10-22 07:16:05 +0200,research,CC-BY,https://www.inaturalist.org/observations/102208367,https://inaturalist-open-data.s3.amazonaws.com/photos/170802467/medium.jpeg,,"",,2,0,false,,"La Paz, BCS, Mexico",23.3631361111,-110.1878027778,,,,,,,open,false,,,Garza dedos dorados,Egretta thula,Garza dedos dorados,Aves,4940
102208469,cce64a62-5b60-4f3f-bf0f-cb9db24a68b1,2021/11/29 5:40 PM MST,2021-11-29,2021-11-30 00:40:00 +0000,Mazatlan,366415,taniafiol,Tania Pérez Fiol,2021-11-30 00:42:26 +0000,2023-02-25 04:29:06 +0000,research,CC-BY-NC,https://www.inaturalist.org/observations/102208469,https://inaturalist-open-data.s3.amazonaws.com/photos/170803262/medium.jpg,,"",,4,0,false,,"El Conchalito, La Paz, B.C.S., México",24.121954799,-110.3482309521,972,,,,972,,open,false,,,Snowy Egret,Egretta thula,Garza dedos dorados,Aves,4940
102243121,ba66ef92-38c1-45a6-bda1-9a905ed16cb9,2021/11/02 9:25 AM CST,2021-11-02,2021-11-02 15:25:00 +0000,Mexico City,270397,panecillo,Jorge A. Pérez Torres,2021-11-30 15:50:47 +0000,2022-07-06 15:10:19 +0200,research,CC-BY-NC,https://www.inaturalist.org/observations/102243121,https://inaturalist-open-data.s3.amazonaws.com/photos/170869902/medium.jpeg,,"",,2,0,false,,"Tequesquitengo, Mor., Mexico",18.6291839422,-99.2770436654,8,,,,8,,open,false,,,Snowy Egret,Egretta thula,Garza dedos dorados,Aves,4940
102281652,64e537ca-7ed9-4747-8d4c-1b05f6bc84fd,2021/11/27 2:15 PM PST,2021-11-27,2021-11-27 22:15:00 +0000,Pacific Time (US & Canada),3342,hfabian,Henry Fabian,2021-12-01 03:55:10 +0000,2021-12-01 04:51:44 +0000,research,CC0,https://www.inaturalist.org/observations/102281652,https://static.inaturalist.org/photos/170940999/medium.jpg,,"",,2,0,false,,"Walnut Creek, CA, USA",37.9205466108,-122.0441682848,8,,,,8,,open,false,,,Snowy Egret,Egretta thula,Garza dedos dorados,Aves,4940
102411690,850d3294-db5a-4140-9193-0bbd95d3de70,2019/10/27 10:19 AM CST,2019-10-27,2019-10-27 16:19:00 +0000,Mexico City,380337,themexicanvioletear,L. Ernesto Pérez-Montes,2021-12-03 15:43:56 +0000,2024-08-28 05:02:01 +0200,research,,https://www.inaturalist.org/observations/102411690,https://static.inaturalist.org/photos/171185036/medium.jpg,,"",,2,0,false,,"La Paz, BCS, Mexico",24.1096971897,-110.3475258547,366,,,,366,,open,false,,,Snowy Egret,Egretta thula,Garza dedos dorados,Aves,4940
102586993,1fd9cc81-ca72-452c-99b5-40b6bb7a8009,2021/10/31 2:31 AM CDT,2021-10-31,2021-10-31 07:31:00 +0000,Central Time (US & Canada),71826,paulines,Pauline Singleton,2021-12-06 04:44:34 +0000,2021-12-06 05:19:31 +0000,research,CC-BY-NC,https://www.inaturalist.org/observations/102586993,https://inaturalist-open-data.s3.amazonaws.com/photos/171522150/medium.jpeg,,"","",1,0,false,,"Galveston County, TX, USA",29.4152959135,-94.6794577354,488,,,,488,,open,false,,,Snowy Egret,Egretta thula,Garza dedos dorados,Aves,4940
102659116,7d124395-f813-4a2c-9f53-9cb7dc2fbadf,2021-11-27 13:14:24,2021-11-27,2021-11-27 18:14:24 +0000,Eastern Time (US & Canada),2674116,tb_wildlife_photography,Troy B,2021-12-07 13:25:43 +0000,2024-08-29 22:31:48 +0200,research,CC-BY,https://www.inaturalist.org/observations/102659116,https://inaturalist-open-data.s3.amazonaws.com/photos/171658193/medium.jpeg,,"",,3,0,false,2,Edwin B Forsythe National Wildlife Refuge,39.4688633709,-74.4562091678,184,,,,184,,open,false,gps,gps,Snowy Egret,Egretta thula,Garza dedos dorados,Aves,4940
102816368,186f4c93-6368-48e5-8ec3-594fb7f788ff,2021/12/10,2021-12-10,,Eastern Time (US & Canada),1110667,botanylicious,Sarah Kelsey,2021-12-10 14:29:30 +0000,2021-12-10 15:06:23 +0000,research,CC-BY-NC-SA,https://www.inaturalist.org/observations/102816368,https://inaturalist-open-data.s3.amazonaws.com/photos/171954636/medium.jpg,,"",,2,0,false,,"Blackpoint Wildlife Dr, Florida, USA",28.6750491,-80.7626954,199,,,,199,,open,false,,,Snowy Egret,Egretta thula,Garza dedos dorados,Aves,4940
103031255,72829a6a-29f8-4c01-934e-6c875d36fbfe,2021/12/12 4:06 PM CST,2021-12-12,2021-12-12 22:06:00 +0000,Guadalajara,1997635,efrain_octavio,Efraín Octavio Aguilar Pérez,2021-12-14 04:34:31 +0000,2022-10-06 22:11:55 +0200,research,CC-BY-NC,https://www.inaturalist.org/observations/103031255,https://inaturalist-open-data.s3.amazonaws.com/photos/172350858/medium.jpeg,,"",,1,0,false,,"Municipio de Chapala, Jal., México",20.2979100734,-103.1769918522,8,,,,8,,open,false,,,Snowy Egret,Egretta thula,Garza dedos dorados,Aves,4940
103114901,3bd5b61a-8244-4536-bc00-1b14ec92f531,2021/12/10 8:11 AM CST,2021-12-10,2021-12-10 14:11:00 +0000,Central Time (US & Canada),988575,kbbutler,Ken Butler,2021-12-15 21:49:10 +0000,2025-03-17 01:22:43 +0000,research,CC-BY-NC,https://www.inaturalist.org/observations/103114901,https://inaturalist-open-data.s3.amazonaws.com/photos/172511973/medium.jpg,,"",Baton Rouge -- University Lakes,3,0,false,,"Highlands/Perkins, Baton Rouge, LA, USA",30.4069852034,-91.1645377216,2,,,,2,,open,false,,,Snowy Egret,Egretta thula,Garza dedos dorados,Aves,4940
103132078,b7e2e4f2-e0e3-442e-aefd-74d93b1e90d6,2021/12/15 3:24 PM UTC,2021-12-15,2021-12-15 15:24:00 +0000,UTC,1686564,jhumbertocg,José Humberto Castañón González,2021-12-16 05:25:10 +0000,2021-12-16 06:16:28 +0000,research,CC-BY-NC,https://www.inaturalist.org/observations/103132078,https://inaturalist-open-data.s3.amazonaws.com/photos/172543966/medium.jpeg,,"","",1,0,false,,"Pénjamo, 29130 Berriozábal, Chis., México",16.8066213658,-93.2759193318,8,,,,8,,open,false,,,Garza dedos dorados,Egretta thula,Garza dedos dorados,Aves,4940
103322861,16f16983-9e1d-49ed-bce6-70ad64aec716,2021/12/13 10:42 AM CST,2021-12-13,2021-12-13 16:42:00 +0000,Central Time (US & Canada),988575,kbbutler,Ken Butler,2021-12-19 19:41:24 +0000,2021-12-19 23:15:08 +0000,research,CC-BY-NC,https://www.inaturalist.org/observations/103322861,https://inaturalist-open-data.s3.amazonaws.com/photos/172897794/medium.jpg,,"",Tyrrell Park -- Cattail Marsh,2,0,false,,"Beaumont, TX, USA",30.005190128,-94.1362684577,15,,,,15,,open,false,,,Snowy Egret,Egretta thula,Garza dedos dorados,Aves,4940
103488405,421329a8-9d2a-4d92-a9eb-c337196e66f9,2021/12/10 9:26 AM EST,2021-12-10,2021-12-10 14:26:00 +0000,Eastern Time (US & Canada),4716984,mdrummond,Michael E Drummond,2021-12-22 20:37:18 +0000,2021-12-28 16:55:18 +0000,research,CC-BY-NC,https://www.inaturalist.org/observations/103488405,https://inaturalist-open-data.s3.amazonaws.com/photos/173214497/medium.jpg,,"",,3,0,false,,"Alachua County, FL, USA",29.6566808167,-82.4197020035,10,,,,10,,open,false,,,Snowy Egret,Egretta thula,Garza dedos dorados,Aves,4940
103670603,20192758-c9a5-49ce-9970-63d8abf55680,2021/12/25 2:02 PM PST,2021-12-25,2021-12-25 22:02:00 +0000,Pacific Time (US & Canada),3223,pholroyd,P Holroyd,2021-12-26 05:08:09 +0000,2021-12-26 05:43:53 +0000,research,CC0,https://www.inaturalist.org/observations/103670603,https://inaturalist-open-data.s3.amazonaws.com/photos/173564305/medium.jpeg,,"","",2,0,false,,"West Alameda, Alameda, CA 94501, USA",37.7669252629,-122.275490442,43,,,,43,,open,false,,,Snowy Egret,Egretta thula,Garza dedos dorados,Aves,4940
103780618,ce8ac31f-22d0-489a-bdfe-63841af0b50a,Mon Dec 27 2021 11:02:55 GMT-0500 (EST),2021-12-27,2021-12-27 16:02:55 +0000,Eastern Time (US & Canada),469469,ryancooke,Ryan Cooke,2021-12-27 22:14:40 +0000,2022-01-15 06:09:13 +0000,research,CC-BY-NC,https://www.inaturalist.org/observations/103780618,https://static.inaturalist.org/photos/173777224/medium.jpg,,"","",3,0,false,3,"Merritt Island, Mims, FL, US",28.6634466667,-80.7758466667,86,,,,86,,open,false,,,Snowy Egret,Egretta thula,Garza dedos dorados,Aves,4940
103839702,696876e2-d7d5-4500-ad3b-86ffc4db4a28,2021/12/27 11:39 AM HST,2021-12-27,2021-12-27 21:39:00 +0000,Hawaii,393367,curleycurlew,Jonathan Curley,2021-12-28 20:03:28 +0000,2021-12-28 20:06:31 +0000,research,CC-BY,https://www.inaturalist.org/observations/103839702,https://inaturalist-open-data.s3.amazonaws.com/photos/173894585/medium.jpeg,,"",,1,0,false,,"Emeryville, CA, USA",37.8374282967,-122.311042489,15,,,,15,,open,false,,,Snowy Egret,Egretta thula,Garza dedos dorados,Aves,4940
103902624,ee819ca5-0173-43b8-b5c8-f4e4269fb17d,2021/12/28 12:28 PM CST,2021-12-28,2021-12-28 18:28:00 +0000,Guadalajara,1997635,efrain_octavio,Efraín Octavio Aguilar Pérez,2021-12-29 19:03:27 +0000,2021-12-29 19:09:16 +0000,research,CC-BY-NC,https://www.inaturalist.org/observations/103902624,https://inaturalist-open-data.s3.amazonaws.com/photos/174010072/medium.jpeg,,"",,1,0,false,,"Colinas de Huentitán, Guadalajara, Jal., México",20.7259971422,-103.3077606769,2,,,,2,,open,false,,,Snowy Egret,Egretta thula,Garza dedos dorados,Aves,4940
103904754,350dedd7-e575-437b-bbac-10520bad5849,2021/12/19 4:19 PM PST,2021-12-19,2021-12-20 00:19:00 +0000,Pacific Time (US & Canada),3275935,keepingactive,,2021-12-29 19:31:44 +0000,2023-06-01 14:53:04 +0200,research,CC-BY-NC,https://www.inaturalist.org/observations/103904754,https://inaturalist-open-data.s3.amazonaws.com/photos/174020103/medium.jpeg,,"",,1,0,false,,"Alviso Salt Ponds, San Jose, CA, USA",37.4364395088,-121.9869945927,1178,,,,1178,,open,false,,,Snowy Egret,Egretta thula,Garza dedos dorados,Aves,4940
103909992,c31285b8-59d9-4aeb-ada4-439a5cbf9708,2021/12/11 11:04 AM CST,2021-12-11,2021-12-11 17:04:00 +0000,Central Time (US & Canada),988575,kbbutler,Ken Butler,2021-12-29 20:57:10 +0000,2021-12-29 21:02:25 +0000,research,CC-BY-NC,https://www.inaturalist.org/observations/103909992,https://inaturalist-open-data.s3.amazonaws.com/photos/174031555/medium.jpg,,"",Audubon Park Lagoon,2,0,false,,"Uptown/Carrollton, New Orleans, LA, USA",29.9289345285,-90.1249515926,1,,,,1,,open,false,,,Snowy Egret,Egretta thula,Garza dedos dorados,Aves,4940
103912165,614b4498-4feb-4690-aed4-8eda50118ea5,2021-12-29 06:59:29,2021-12-29,2021-12-29 13:59:29 +0000,Mazatlan,1675247,paumoreno,Paulina Moreno,2021-12-29 21:28:48 +0000,2022-10-06 22:10:29 +0200,research,,https://www.inaturalist.org/observations/103912165,https://static.inaturalist.org/photos/174035293/medium.jpeg,,"",,2,0,false,2,Mazatlán,23.2496042456,-106.411142461,9797,,,,9797,,open,false,gps,gps,Snowy Egret,Egretta thula,Garza dedos dorados,Aves,4940
103980724,a0f45f3a-81d2-490b-bdea-8b8704ff7dda,2021/12/27 11:07 AM PST,2021-12-27,2021-12-27 19:07:00 +0000,Pacific Time (US & Canada),130904,bobc,"",2021-12-30 20:17:29 +0000,2025-01-21 18:02:30 +0000,research,CC-BY-NC,https://www.inaturalist.org/observations/103980724,https://inaturalist-open-data.s3.amazonaws.com/photos/174161032/medium.jpeg,,"","Probably the same bird as in the previous observation.  There was only one Snowy Egret in the waterway each of the two times we passed this area. 
 On both occasions the Snowy was foraging along with a Great Egret",2,0,false,,"Avery Island, LA, USA",29.912053932,-91.9142835393,31,,,,31,,open,false,,,Snowy Egret,Egretta thula,Garza dedos dorados,Aves,4940
104023066,d0dd37c3-b278-4b82-97b6-7247a8c4d45f,Mon Dec 27 2021 15:15:00 GMT -0500 (EST),2021-12-27,2021-12-27 20:15:00 +0000,Eastern Time (US & Canada),5076969,cdewerowe,cdewerowe,2021-12-31 10:26:59 +0000,2023-02-02 02:21:24 +0000,research,CC-BY-NC,https://www.inaturalist.org/observations/104023066,https://inaturalist-open-data.s3.amazonaws.com/photos/174242175/medium.jpeg,,"",,2,0,false,333,Black Point Wildlife Drive,28.6573788408,-80.7544027269,200,,,,200,,open,false,gps,gps,Snowy Egret,Egretta thula,Garza dedos dorados,Aves,4940
104157618,3f4dfc6e-d3e5-4b02-8658-a19238681ff6,2022/01/01 10:18 AM CST,2022-01-01,2022-01-01 16:18:00 +0000,Central Time (US & Canada),920561,plsommer,"",2022-01-02 04:03:08 +0000,2022-01-02 05:47:04 +0000,research,,https://www.inaturalist.org/observations/104157618,https://static.inaturalist.org/photos/174499409/medium.jpg,,"",,2,0,false,,"Clear Lake City, Houston, TX, USA",29.5635570634,-95.1229857604,27,,,,27,,open,false,,,Snowy Egret,Egretta thula,Garza dedos dorados,Aves,4940
104222652,4289d2ca-aa16-40ef-b43f-12e1cd1b6ba6,2022/01/02 9:48 AM CST,2022-01-02,2022-01-02 15:48:00 +0000,Mexico City,3902282,mayela_y_ramon,Mayela y Ramón,2022-01-02 22:08:48 +0000,2025-09-27 01:22:26 +0200,research,CC-BY-SA,https://www.inaturalist.org/observations/104222652,https://inaturalist-open-data.s3.amazonaws.com/photos/174603260/medium.jpeg,,"",,2,0,false,,"Parque Ecológico de Xochimilco, Ciudad de México, México",19.2893353818,-99.0930050024,937,,,,937,,open,false,,,Garza dedos dorados,Egretta thula,Garza dedos dorados,Aves,4940
104288094,97de46fe-6c7b-45c1-b522-96c6ee0e6598,Wed Oct 13 2021 19:52:04 GMT-0400 (EDT),2021-10-13,2021-10-14 01:52:04 +0200,Eastern Time (US & Canada),1133501,christa_explores,Christa B,2022-01-03 17:53:02 +0000,2022-01-03 18:10:18 +0000,research,CC-BY-NC-ND,https://www.inaturalist.org/observations/104288094,https://inaturalist-open-data.s3.amazonaws.com/photos/174713599/medium.jpg,,"","",3,0,false,3,"Bolsa Chica Ecological Reserve, Huntington Beach, CA, US",33.6973373641,-118.0416793823,930,,,,930,,open,false,,,Snowy Egret,Egretta thula,Garza dedos dorados,Aves,4940
104297174,8fd7e89d-3296-4d83-a263-32b9167b7dc9,2021/12/30 3:09 PM EST,2021-12-30,2021-12-30 20:09:00 +0000,Eastern Time (US & Canada),291150,abiggs2,Alan R. Biggs,2022-01-03 20:17:56 +0000,2022-01-22 18:35:17 +0000,research,CC-BY-NC,https://www.inaturalist.org/observations/104297174,https://inaturalist-open-data.s3.amazonaws.com/photos/174731250/medium.jpg,,"",,4,0,false,,"Hilton Head Island, SC, USA",32.2129617035,-80.7271365775,6084,,,,6084,,open,false,,,Snowy Egret,Egretta thula,Garza dedos dorados,Aves,4940
104301521,b9ec0e62-5067-4a62-9e39-b532545e70d3,2021/12/16 3:20 PM EST,2021-12-16,2021-12-16 20:20:00 +0000,Eastern Time (US & Canada),2882784,z7nikon,"",2022-01-03 21:27:58 +0000,2022-01-03 21:31:09 +0000,research,CC-BY-NC,https://www.inaturalist.org/observations/104301521,https://inaturalist-open-data.s3.amazonaws.com/photos/174738962/medium.jpeg,,"Florida, Myakka_River_State_Park, Snowy_egret, Birds, Wade_Collier_photog, Sarasota_County",Myakka River State Park,2,0,false,,"Sarasota County, FL, USA",27.2658111111,-82.2910444444,,,,,,,open,false,,,Snowy Egret,Egretta thula,Garza dedos dorados,Aves,4940
104388733,c2c266bd-5d2b-4bb6-90bb-f05a05b351ad,2022/01/04 1:54 PM PST,2022-01-04,2022-01-04 21:54:00 +0000,Pacific Time (US & Canada),1653276,lglevanik,Lauren Glevanik,2022-01-05 04:52:48 +0000,2022-01-05 06:05:55 +0000,research,CC-BY-NC,https://www.inaturalist.org/observations/104388733,https://inaturalist-open-data.s3.amazonaws.com/photos/174900046/medium.jpeg,,"",,1,0,false,,"Ocean Beach, San Diego, CA, USA",32.7551352053,-117.2461250419,2,,,,2,,open,false,,,Snowy Egret,Egretta thula,Garza dedos dorados,Aves,4940
104391961,17f085c9-7324-42bd-a306-5b3c7567b0e6,2022/01/04 4:33 PM PST,2022-01-04,2022-01-05 00:33:00 +0000,Pacific Time (US & Canada),28,tiwane,Tony Iwane,2022-01-05 06:18:15 +0000,2025-11-18 22:39:21 +0000,research,CC-BY,https://www.inaturalist.org/observations/104391961,https://inaturalist-open-data.s3.amazonaws.com/photos/174909342/medium.jpg,,"middle harbor shoreline park, alameda county, east bay, oakland, port of oakland",,3,0,false,,"Middle Harbor Shoreline Park, Alameda, California, United States",37.8055438751,-122.3324456681,,,,,,,open,false,,,Snowy Egret,Egretta thula,Garza dedos dorados,Aves,4940
104534342,32e8d590-7576-4d6b-bc75-4dce7bcc7322,2022/01/07 2:27 PM UTC,2022-01-07,2022-01-07 14:27:00 +0000,UTC,1565961,saltypete,Salty Pete,2022-01-07 20:05:22 +0000,2022-01-16 05:11:38 +0000,research,CC-BY-NC,https://www.inaturalist.org/observations/104534342,https://inaturalist-open-data.s3.amazonaws.com/photos/175178217/medium.jpg,,"",,1,0,false,,"Port St Joe, FL 32456, USA",29.8458327148,-85.3281687223,15,,,,15,,open,false,,,Snowy Egret,Egretta thula,Garza dedos dorados,Aves,4940
104741772,50e10748-1f6f-40d5-a9cd-1a3e98ba45ba,2022/01/10 7:05 AM CST,2022-01-10,2022-01-10 13:05:00 +0000,Mexico City,318516,bodofzt,Bodo Nuñez Oberg,2022-01-11 03:29:05 +0000,2023-10-29 16:22:46 +0000,research,CC-BY-NC,https://www.inaturalist.org/observations/104741772,https://inaturalist-open-data.s3.amazonaws.com/photos/175574876/medium.jpeg,,"","",1,0,false,,"Santa María Tonameca, Oax., México",15.6644420553,-96.5445350834,,,,,,,open,false,,,Garza dedos dorados,Egretta thula,Garza dedos dorados,Aves,4940
104850646,dc78d1d5-1f8b-4c73-8032-df1a6dca0810,2022/01/12 3:54 PM PST,2022-01-12,2022-01-12 23:54:00 +0000,Pacific Time (US & Canada),5179,leptonia,Christian Schwarz,2022-01-13 04:57:58 +0000,2022-01-13 05:40:30 +0000,research,CC-BY-NC,https://www.inaturalist.org/observations/104850646,https://inaturalist-open-data.s3.amazonaws.com/photos/175781976/medium.jpg,,"",,1,0,false,,"Santa Cruz, CA, USA",36.948458287,-122.0649954814,25,,,,25,,open,false,,,Snowy Egret,Egretta thula,Garza dedos dorados,Aves,4940
104902964,501062b7-31e1-4584-8dfb-fbb26741349e,2022/01/13 1:48 PM PST,2022-01-13,2022-01-13 21:48:00 +0000,Pacific Time (US & Canada),1113207,redrovertracy,"",2022-01-14 05:10:41 +0000,2023-07-25 00:41:03 +0200,research,CC-BY,https://www.inaturalist.org/observations/104902964,https://inaturalist-open-data.s3.amazonaws.com/photos/175882353/medium.jpeg,,"",Fish and ring-billed gull noted separately.,1,0,false,,"Newport Beach, CA, USA",33.6363986692,-117.887674791,2776,,,,2776,,open,false,,,Snowy Egret,Egretta thula,Garza dedos dorados,Aves,4940
105043198,f6c4d23f-cacb-4faa-98be-19815ecaec76,Mon Dec 20 2021 09:54:00 GMT-0600 (CST),2021-12-20,2021-12-20 09:54:00 +0000,UTC,3980819,helianthusmariela,Mariela Morales,2022-01-16 17:47:30 +0000,2022-06-09 05:36:51 +0200,research,,https://www.inaturalist.org/observations/105043198,https://static.inaturalist.org/photos/176154244/medium.jpg,,"","",3,0,false,3,"Calle Lago de Xochimilco, Monterrey, NL, MX",25.5975212,-100.2606227,31,,,,31,,open,false,,,Snowy Egret,Egretta thula,Garza dedos dorados,Aves,4940
105247509,e507e923-c918-4b58-b0f6-a56da1abd39a,Mon Oct 11 2021 18:46:36 GMT-0400 (EDT),2021-10-11,2021-10-12 00:46:36 +0200,Eastern Time (US & Canada),1133501,christa_explores,Christa B,2022-01-20 04:32:58 +0000,2022-01-20 19:25:29 +0000,research,CC-BY-NC-ND,https://www.inaturalist.org/observations/105247509,https://inaturalist-open-data.s3.amazonaws.com/photos/176598546/medium.jpg,,"","",3,0,false,3,"Bolsa Chica Ecological Reserve, Huntington Beach, CA, US",33.6973373641,-118.0416793823,930,,,,930,,open,false,,,Snowy Egret,Egretta thula,Garza dedos dorados,Aves,4940
105301314,683bf226-6cfc-4761-9769-ae73ec8fe965,2022/01/16 8:11 AM PST,2022-01-16,2022-01-16 16:11:00 +0000,Pacific Time (US & Canada),4835568,varmintology,Eric Benson,2022-01-21 06:24:31 +0000,2025-08-04 19:29:35 +0200,research,CC-BY-NC,https://www.inaturalist.org/observations/105301314,https://inaturalist-open-data.s3.amazonaws.com/photos/176651404/medium.jpg,,"",,1,0,false,,"Orange County, CA, USA",33.7051796756,-118.0500691192,2,,,,2,,open,false,,,Snowy Egret,Egretta thula,Garza dedos dorados,Aves,4940
105477731,d24133c9-f9f5-4607-9cb0-9ed1506d68af,2022/01/23 9:21 AM MST,2022-01-23,2022-01-23 16:21:00 +0000,Arizona,254546,varajuan,Gordon Karre,2022-01-24 03:00:51 +0000,2022-01-24 03:59:52 +0000,research,CC-BY-NC,https://www.inaturalist.org/observations/105477731,https://inaturalist-open-data.s3.amazonaws.com/photos/176985435/medium.jpg,,"",,3,0,false,,"2757 E Guadalupe Rd, Gilbert, AZ 85234, USA",33.3643875,-111.7346927,192,,,,192,,open,false,,,Snowy Egret,Egretta thula,Garza dedos dorados,Aves,4940
105520890,839dc30e-adfb-4b5b-bd01-e176c3ae17f1,2022/01/10 12:54 AM PST,2022-01-10,2022-01-10 08:54:00 +0000,Pacific Time (US & Canada),4054102,dmgallagher,,2022-01-24 22:09:30 +0000,2022-01-25 05:50:59 +0000,research,CC-BY-NC,https://www.inaturalist.org/observations/105520890,https://inaturalist-open-data.s3.amazonaws.com/photos/177067130/medium.jpeg,,"",,2,0,false,,"Pittmann, Henderson, NV, USA",36.0768266221,-115.0019419955,15,,,,15,,open,false,,,Snowy Egret,Egretta thula,Garza dedos dorados,Aves,4940
105556612,dcc93a89-3287-4c88-a3ba-12fe8c21aa3b,Tue Jan 18 2022 11:03:56 GMT-0600 (CST),2022-01-18,2022-01-18 11:03:56 +0000,UTC,4200811,ikrober67,,2022-01-25 15:27:29 +0000,2025-02-06 02:08:07 +0000,research,CC-BY-NC,https://www.inaturalist.org/observations/105556612,https://inaturalist-open-data.s3.amazonaws.com/photos/178035081/medium.jpg,,"","",2,0,false,3,"Calle 16, San Ramon, Alajuela, CR",10.0887096077,-84.4773936276,7,,,,7,,open,false,,,Snowy Egret,Egretta thula,Garza dedos dorados,Aves,4940
105587765,db4ab2a3-6028-4c26-853b-f73f83742b91,2022/01/25 2:05 PM PST,2022-01-25,2022-01-25 22:05:00 +0000,Pacific Time (US & Canada),1178217,seanpmiller,Sean P. Miller,2022-01-26 01:36:05 +0000,2023-05-11 02:22:42 +0200,research,CC-BY-NC,https://www.inaturalist.org/observations/105587765,https://inaturalist-open-data.s3.amazonaws.com/photos/177192375/medium.jpeg,,"",,2,0,false,,"Sunnyvale, CA, USA",37.4240138263,-122.0158841461,1,,,,1,,open,false,,,Snowy Egret,Egretta thula,Garza dedos dorados,Aves,4940
105644287,7bc2cd04-dfe1-413d-a034-8e10e9e570d2,"June 17, 1993",1993-06-17,,Central Time (US & Canada),229315,dosvenadas,Steve Bentsen,2022-01-27 02:21:06 +0000,2023-11-10 04:03:31 +0000,research,CC-BY-NC,https://www.inaturalist.org/observations/105644287,https://inaturalist-open-data.s3.amazonaws.com/photos/177300740/medium.jpg,,"","Egret, Snowy. Egretta thula.  S. Tx.",2,0,false,,"Starr County, TX, USA",26.6194612206,-98.4108818122,122,,,,122,,open,false,,,Snowy Egret,Egretta thula,Garza dedos dorados,Aves,4940
105793970,ac06e84f-86d4-467b-b766-6b272f0a96e0,2022/01/21 7:37 AM PST,2022-01-21,2022-01-21 15:37:00 +0000,Pacific Time (US & Canada),4835568,varmintology,Eric Benson,2022-01-29 21:21:14 +0000,2025-08-04 19:29:46 +0200,research,CC-BY-NC,https://www.inaturalist.org/observations/105793970,https://inaturalist-open-data.s3.amazonaws.com/photos/177586629/medium.jpg,,"",,1,0,false,,"Orange County, CA, USA",33.6962019205,-118.0456687648,2,,,,2,,open,false,,,Snowy Egret,Egretta thula,Garza dedos dorados,Aves,4940
106024955,7b7084de-ab3c-40fd-95a9-8e02b9b6ec44,2022/01/25 1:47 PM PST,2022-01-25,2022-01-25 21:47:00 +0000,Pacific Time (US & Canada),359639,kenk,Ken Koll,2022-02-02 16:51:43 +0000,2022-02-03 16:19:05 +0000,research,CC-BY,https://www.inaturalist.org/observations/106024955,https://inaturalist-open-data.s3.amazonaws.com/photos/178027297/medium.jpg,,"",,1,0,false,,"Santa Cruz, CA, USA",36.949601584,-122.0560842,6,,,,6,,open,false,,,Snowy Egret,Egretta thula,Garza dedos dorados,Aves,4940
106103816,e052c8b1-33d7-4ebe-8577-a657eb47acea,2022/02/03 5:30 PM EST,2022-02-03,2022-02-03 22:30:00 +0000,Eastern Time (US & Canada),4014802,nonbinary-naturalist,Nonbinary-Naturalist,2022-02-04 03:23:25 +0000,2022-02-04 10:46:40 +0000,research,CC0,https://www.inaturalist.org/observations/106103816,https://inaturalist-open-data.s3.amazonaws.com/photos/178178147/medium.jpeg,,"","Lol, it walked across all the other ones to stand on top of this one, and none of the turtles even moved.",1,0,false,,"Windsor Forest, Savannah, GA, USA",31.9705873323,-81.1577481898,15,,,,15,,open,false,,,Snowy Egret,Egretta thula,Garza dedos dorados,Aves,4940
106225720,deed3efb-bb29-45d8-826f-76b73d900f39,2022/02/05 3:08 PM MST,2022-02-05,2022-02-05 22:08:00 +0000,Arizona,22331,eproctor,Eric Proctor,2022-02-06 06:43:47 +0000,2022-02-06 18:47:35 +0000,research,CC-BY-NC,https://www.inaturalist.org/observations/106225720,https://inaturalist-open-data.s3.amazonaws.com/photos/178412905/medium.jpeg,,"",,2,0,false,,"Gilbert, AZ, USA",33.3603275936,-111.7369704533,96,,,,96,,open,false,,,Snowy Egret,Egretta thula,Garza dedos dorados,Aves,4940
106253536,d2f4a8b3-27f8-408a-a4ee-77002874f41e,2021-03-03,2021-03-03,,UTC,4938832,ilikeherping72,"",2022-02-06 17:44:57 +0000,2022-02-06 17:53:35 +0000,research,CC-BY-NC,https://www.inaturalist.org/observations/106253536,https://inaturalist-open-data.s3.amazonaws.com/photos/178462746/medium.jpeg,,"",Date should be approximate. I saw it at the beach in Naples Florida.,2,0,false,2,Naples,26.142279639,-81.7948104814,8192,,,,8192,,open,false,gps,gps,Snowy Egret,Egretta thula,Garza dedos dorados,Aves,4940
106383744,20878769-adc4-4e4c-8b2b-53ff7decd578,2015-06-13 08:23:14,2015-06-13,2015-06-13 14:23:14 +0200,Eastern Time (US & Canada),2706986,ichbirder,Timothy Lee,2022-02-08 16:42:39 +0000,2022-02-08 21:03:54 +0000,research,CC-BY-NC,https://www.inaturalist.org/observations/106383744,https://inaturalist-open-data.s3.amazonaws.com/photos/178699280/medium.jpeg,,"",,1,0,false,2,Black River,18.0335357359,-77.8567382321,1065,,,,1065,,open,false,gps,gps,Snowy Egret,Egretta thula,Garza dedos dorados,Aves,4940
106398244,e67bd851-1379-478c-848e-e4898f3f05ff,2022/02/05 10:32 AM CST,2022-02-05,2022-02-05 16:32:00 +0000,Mexico City,16291,el_neotropico,Daniel Pineda Vera,2022-02-08 21:33:27 +0000,2022-02-08 21:48:04 +0000,research,CC-BY,https://www.inaturalist.org/observations/106398244,https://inaturalist-open-data.s3.amazonaws.com/photos/178725448/medium.jpg,,"",,2,0,false,,"Parque lineal de ""Las Arboledas"", Tuxtla Gutiérrez, Chiapas, MX",16.7584889806,-93.1329469261,149,,,,149,,open,false,,,Snowy Egret,Egretta thula,Garza dedos dorados,Aves,4940
106504555,503e5043-c73e-4570-9e35-26cf36051b94,2022/02/09 8:21 AM PST,2022-02-09,2022-02-09 16:21:00 +0000,Tijuana,311770,valeriehh,Valeria Huerta,2022-02-10 18:35:38 +0000,2022-02-10 19:29:51 +0000,research,CC-BY-NC,https://www.inaturalist.org/observations/106504555,https://inaturalist-open-data.s3.amazonaws.com/photos/178922107/medium.jpg,,"",,2,0,false,,"La Paz, B.C.S., México",24.1099490556,-110.3457866341,8,,,,8,,open,false,,,Snowy Egret,Egretta thula,Garza dedos dorados,Aves,4940
106618156,337124fb-15f4-4cef-8429-75b4937cd2e3,2022-02-06 12:18:20,2022-02-06,2022-02-06 20:18:20 +0000,Pacific Time (US & Canada),2966711,ankemsc,"",2022-02-12 17:35:23 +0000,2026-01-04 01:32:00 +0000,research,CC-BY-NC,https://www.inaturalist.org/observations/106618156,https://inaturalist-open-data.s3.amazonaws.com/photos/179141387/medium.jpeg,,"",,2,0,false,2,"Knights Landing, CA 95645, USA",38.749980824,-121.6362335533,67,,,,67,,open,false,gps,gps,Snowy Egret,Egretta thula,Garza dedos dorados,Aves,4940
106630792,8c7b8703-1d38-4b11-a746-e6d298776f33,2022/02/12 12:02 PM UTC,2022-02-12,2022-02-12 12:02:00 +0000,UTC,5271433,deltadromeus980,"",2022-02-12 21:05:21 +0000,2022-02-15 05:47:54 +0000,research,CC-BY-NC,https://www.inaturalist.org/observations/106630792,https://inaturalist-open-data.s3.amazonaws.com/photos/179164427/medium.jpeg,,"","",1,0,false,,"Río La Silla, La Herradura, 67140 Guadalupe, N.L., México",25.6599494,-100.2652878,201,,,,201,,open,false,,,Snowy Egret,Egretta thula,Garza dedos dorados,Aves,4940
106656614,152ede7e-9af8-4cbe-9d73-8f3f31113fa3,2022/02/12 5:24 AM CST,2022-02-12,2022-02-12 11:24:00 +0000,Mexico City,4058934,zaira_nava,Zaira Lizbeth Nava Martínez,2022-02-13 04:44:43 +0000,2022-02-13 05:18:30 +0000,research,CC-BY-NC,https://www.inaturalist.org/observations/106656614,https://inaturalist-open-data.s3.amazonaws.com/photos/179214994/medium.jpeg,,"",,1,0,false,,"Valle de Bravo, Méx., México",19.210140289,-100.140556003,,,,,,,open,false,,,Snowy Egret,Egretta thula,Garza dedos dorados,Aves,4940
106968967,40a285d9-c35d-46ad-a602-0b3d2993f59f,2022/02/15 7:48 AM MST,2022-02-15,2022-02-15 14:48:00 +0000,Chihuahua,1854182,leonardohe,Leonardo Hernández Escudero,2022-02-18 12:30:52 +0000,2022-02-19 06:59:12 +0000,research,CC-BY-NC,https://www.inaturalist.org/observations/106968967,https://inaturalist-open-data.s3.amazonaws.com/photos/179812587/medium.jpeg,,"",,2,0,false,,"Meoqui, Chih., México",28.2639361047,-105.4776481053,15,,,,15,,open,false,,,Garza dedos dorados,Egretta thula,Garza dedos dorados,Aves,4940
107394708,6385a6c2-416b-4478-b5ee-4a10f483091f,2022-02-24 14:14:27,2022-02-24,2022-02-24 22:14:27 +0000,Pacific Time (US & Canada),4622157,kgriep,KG,2022-02-24 22:55:16 +0000,2023-10-31 11:22:03 +0000,research,,https://www.inaturalist.org/observations/107394708,https://static.inaturalist.org/photos/180615764/medium.jpeg,,"",,1,0,false,2,Campbell,37.2871617202,-121.9499567896,3579,,,,3579,,open,false,gps,gps,Snowy Egret,Egretta thula,Garza dedos dorados,Aves,4940
107585102,2a719efc-2c95-451e-a072-12db29b6ca3a,2021/11/16 10:32 AM CST,2021-11-16,2021-11-16 16:32:00 +0000,Mexico City,405175,elrayman210,Ricardo Arredondo T.,2022-02-27 21:08:18 +0000,2022-02-28 00:30:33 +0000,research,CC-BY-NC,https://www.inaturalist.org/observations/107585102,https://inaturalist-open-data.s3.amazonaws.com/photos/180953298/medium.jpeg,,"",,1,0,false,,"Puerto Vallarta, Jalisco, Mexico",20.6452789999,-105.238989,165,,,,165,,open,false,,,Snowy Egret,Egretta thula,Garza dedos dorados,Aves,4940
107585104,563d0128-8493-41f3-8973-38dc1054b29e,2021/11/16 10:32 AM CST,2021-11-16,2021-11-16 16:32:00 +0000,Mexico City,405175,elrayman210,Ricardo Arredondo T.,2022-02-27 21:08:20 +0000,2022-02-28 00:30:08 +0000,research,CC-BY-NC,https://www.inaturalist.org/observations/107585104,https://inaturalist-open-data.s3.amazonaws.com/photos/180954075/medium.jpeg,,"",,1,0,false,,"Puerto Vallarta, Jalisco, Mexico",20.6452789999,-105.238989,165,,,,165,,open,false,,,Snowy Egret,Egretta thula,Garza dedos dorados,Aves,4940
107617644,be1ec9fb-cbf3-4c38-930a-c6eddc87bca3,2022-02-26,2022-02-26,,Tijuana,5315576,kawsay_rohde,Kawsay Diego Lopez Rohde,2022-02-28 05:30:59 +0000,2022-03-02 15:13:14 +0000,research,CC-BY-NC,https://www.inaturalist.org/observations/107617644,https://inaturalist-open-data.s3.amazonaws.com/photos/181036862/medium.jpeg,,"",,4,0,false,2,"Fondeport, El Sauzal, B.C., México",31.8968540734,-116.7107838392,88,,,,88,,open,false,gps,gps,Snowy Egret,Egretta thula,Garza dedos dorados,Aves,4940
107641741,56a1f5dc-fb43-45ad-99e7-e3858469f6ee,2022/02/27 3:12 PM UTC,2022-02-27,2022-02-27 15:12:00 +0000,UTC,4631459,waterclover,Fern,2022-02-28 16:41:18 +0000,2022-02-28 23:01:24 +0000,research,CC-BY-NC-ND,https://www.inaturalist.org/observations/107641741,https://inaturalist-open-data.s3.amazonaws.com/photos/181082629/medium.jpg,,"",,1,0,false,,"Los Angeles County, CA, USA",34.0296054726,-118.6846144116,286,,,,286,,open,false,,,Snowy Egret,Egretta thula,Garza dedos dorados,Aves,4940
108002675,0cb2447f-5d6a-4cc3-8327-2734fe23f484,2022/02/27 9:38 AM PST,2022-02-27,2022-02-27 17:38:00 +0000,Pacific Time (US & Canada),15221,wprnaturephotos,Pete Romfh,2022-03-06 04:00:41 +0000,2022-03-06 15:49:37 +0000,research,CC-BY-NC-SA,https://www.inaturalist.org/observations/108002675,https://inaturalist-open-data.s3.amazonaws.com/photos/181753816/medium.jpg,,Redwood Shores,,2,0,false,,"Redwood Shores, Redwood City, CA, USA",37.5218426026,-122.2497807419,432,,,,432,,open,false,,,Snowy Egret,Egretta thula,Garza dedos dorados,Aves,4940
108004097,df23b7f7-b294-4e70-8cce-f5ed5ab7cc6c,2022/03/05 12:08 PM UTC,2022-03-05,2022-03-05 12:08:00 +0000,UTC,4367445,spinomaly,,2022-03-06 04:29:30 +0000,2022-03-06 15:46:56 +0000,research,CC-BY-NC,https://www.inaturalist.org/observations/108004097,https://inaturalist-open-data.s3.amazonaws.com/photos/181756758/medium.jpg,,"","",2,0,false,,doran beach,38.317882,-123.037456,461,,,,461,,open,false,,,Snowy Egret,Egretta thula,Garza dedos dorados,Aves,4940
108022609,108ec713-2c6f-4b31-beca-d43e33315407,2022-03-05,2022-03-05,,UTC,2736779,sdw32701,,2022-03-06 13:36:15 +0000,2022-03-06 15:44:30 +0000,research,CC-BY-NC,https://www.inaturalist.org/observations/108022609,https://inaturalist-open-data.s3.amazonaws.com/photos/181793546/medium.jpeg,,"",,2,0,false,2,Lake Apopka Wildlife Drive,28.6691767144,-81.5592387691,201,,,,201,,open,false,gps,gps,Snowy Egret,Egretta thula,Garza dedos dorados,Aves,4940
108033812,31659e10-cf95-4f8d-8476-5a3cbeccceaf,2022/03/03 12:20 PM UTC,2022-03-03,2022-03-03 12:20:00 +0000,UTC,2863877,hollyyoung,"",2022-03-06 16:40:18 +0000,2022-03-06 21:12:33 +0000,research,CC-BY-NC,https://www.inaturalist.org/observations/108033812,https://inaturalist-open-data.s3.amazonaws.com/photos/181814414/medium.jpeg,,"",,2,0,false,,"Marion County, FL, USA",29.0700548635,-81.8663108679,8,,,,8,,open,false,,,Snowy Egret,Egretta thula,Garza dedos dorados,Aves,4940
108597780,4bd63e94-886f-47fd-9d58-f855a28cb41c,2022/03/13 9:02 AM UTC,2022-03-13,2022-03-13 09:02:00 +0000,UTC,1539673,fabrice82,,2022-03-14 17:48:44 +0000,2022-03-14 18:39:41 +0000,research,CC-BY-NC,https://www.inaturalist.org/observations/108597780,https://inaturalist-open-data.s3.amazonaws.com/photos/182873745/medium.jpeg,,"",En lucha por territorio,2,0,false,,"Chapala, Jalisco, Mexiko",20.2975408796,-103.2689382929,4,,,,4,,open,false,,,Garza dedos dorados,Egretta thula,Garza dedos dorados,Aves,4940
108996269,63e42d73-beab-4099-8675-95e09a8d3b8e,2022/03/19 10:49 AM UTC,2022-03-19,2022-03-19 10:49:00 +0000,UTC,295092,slambert40,Steve Lambert,2022-03-19 22:58:20 +0000,2022-07-21 18:36:52 +0200,research,CC-BY-NC,https://www.inaturalist.org/observations/108996269,https://inaturalist-open-data.s3.amazonaws.com/photos/183619640/medium.jpeg,,"",,2,0,false,,"Folly Beach, SC, USA",32.6960534115,-79.8967649382,8,,,,8,,open,false,,,Snowy Egret,Egretta thula,Garza dedos dorados,Aves,4940
109492247,2964a10e-b439-4771-818a-70f609021ca2,2022/03/22 10:10 AM CST,2022-03-22,2022-03-22 16:10:00 +0000,Mexico City,192635,jartigas,Juan Miguel Artigas Azas,2022-03-25 22:20:45 +0000,2022-03-31 19:35:59 +0200,research,,https://www.inaturalist.org/observations/109492247,https://static.inaturalist.org/photos/184549184/medium.jpg,,"","",2,0,false,,"Parque Tangamanga I, San Luis, S.L.P., Mexico",22.1334516624,-100.9986852388,2,,,,2,,open,false,,,garzetta nivea,Egretta thula,Garza dedos dorados,Aves,4940
109666550,9ca35303-377f-42d3-900e-d01fc5f5d839,2022/03/16 8:35 AM MST,2022-03-16,2022-03-16 15:35:00 +0000,Arizona,4409523,noniss88,NoNiSs,2022-03-27 19:33:24 +0200,2022-03-28 06:09:35 +0200,research,CC-BY-NC,https://www.inaturalist.org/observations/109666550,https://inaturalist-open-data.s3.amazonaws.com/photos/184873246/medium.jpg,,"",,1,0,false,,"Midtown, San Antonio, TX, USA",29.4635972445,-98.4698667374,31,,,,31,,open,false,,,Snowy Egret,Egretta thula,Garza dedos dorados,Aves,4940
109871083,ffb23158-32a6-4d4e-ad23-211fd95b2f73,2021/11/02 2:53 PM MST,2021-11-02,2021-11-02 21:53:00 +0000,Arizona,751799,libislr,Librada Lopez Estrada,2022-03-29 23:45:56 +0200,2022-03-30 00:26:52 +0200,research,CC-BY-NC,https://www.inaturalist.org/observations/109871083,https://inaturalist-open-data.s3.amazonaws.com/photos/185256249/medium.jpeg,,"",,2,0,false,,"Puerto Morelos, Q.R., México",20.8322334506,-86.8895972945,15,,,,15,,open,false,,,Snowy Egret,Egretta thula,Garza dedos dorados,Aves,4940
109891577,30fa60db-602d-42aa-920a-528839d9ffeb,2022/03/29 5:01 PM CDT,2022-03-29,2022-03-30 00:01:00 +0200,Central Time (US & Canada),451481,aprilsee,"",2022-03-30 04:34:29 +0200,2022-03-31 00:57:59 +0200,research,CC-BY-NC,https://www.inaturalist.org/observations/109891577,https://inaturalist-open-data.s3.amazonaws.com/photos/185295354/medium.jpg,,"",,1,0,false,,"Mueller, Austin, TX, USA",30.2884910388,-97.7014038318,15,,,,15,,open,false,,,Snowy Egret,Egretta thula,Garza dedos dorados,Aves,4940
109956451,7859518e-407b-4bf2-958a-8783b5c1d491,2022/03/30 8:46 AM PDT,2022-03-30,2022-03-30 17:46:00 +0200,Pacific Time (US & Canada),143333,farrispa,Pat Farris,2022-03-30 23:31:16 +0200,2024-03-08 02:59:36 +0000,research,CC-BY-NC,https://www.inaturalist.org/observations/109956451,https://inaturalist-open-data.s3.amazonaws.com/photos/185413052/medium.jpg,,"",,3,0,false,,"Ventura, CA, USA",34.2375936999,-119.259853723,73,,,,73,,open,false,,,Snowy Egret,Egretta thula,Garza dedos dorados,Aves,4940
110018004,d03d6bf4-8cbd-4df0-a25d-f14e01b985a0,2022/03/24 1:50 AM UTC,2022-03-24,2022-03-24 01:50:00 +0000,UTC,126268,eliezer,Eliezer Nieves-Rodriguez,2022-03-31 18:53:58 +0200,2025-02-17 03:11:06 +0000,research,CC-BY-NC,https://www.inaturalist.org/observations/110018004,https://static.inaturalist.org/photos/185525602/medium.jpeg,,"","",3,0,false,,"Santurce, San Juan, Puerto Rico",18.4425404856,-66.0809932409,40,,,,40,,open,false,,,Garza blanca,Egretta thula,Garza dedos dorados,Aves,4940
110167709,8e68b4dc-cd9f-44fb-9c76-67a3da85a138,Fri Jul 03 2020 12:16:05 GMT-0400 (EDT),2020-07-03,2020-07-03 18:16:05 +0200,Eastern Time (US & Canada),4762684,team_bingebirder,Nikhil Reddy,2022-04-02 13:46:23 +0200,2022-04-13 18:08:15 +0200,research,CC-BY-NC,https://www.inaturalist.org/observations/110167709,https://inaturalist-open-data.s3.amazonaws.com/photos/185803135/medium.jpg,,"","",1,0,false,3,"Kathryn Abbey Hanna Park, Jacksonville, FL, US",30.3664403393,-81.4043189121,24,,,,24,,open,false,,,Snowy Egret,Egretta thula,Garza dedos dorados,Aves,4940
110920019,49500b61-adeb-4454-9c7a-aea590129066,2022/04/09 9:59 AM EDT,2022-04-09,2022-04-09 15:59:00 +0200,Eastern Time (US & Canada),310151,ellendale,Elizabeth Green,2022-04-10 04:26:46 +0200,2025-01-18 02:54:01 +0000,research,CC-BY,https://www.inaturalist.org/observations/110920019,https://inaturalist-open-data.s3.amazonaws.com/photos/187188470/medium.jpeg,,"","",3,0,false,,"Queen Anne's County, MD, USA",38.9927633333,-76.3250483333,,,,,,,open,false,,,Snowy Egret,Egretta thula,Garza dedos dorados,Aves,4940
110999003,0bbfb394-d72b-42cf-aa73-8faed1af4d0d,2022/04/09 8:27 AM PDT,2022-04-09,2022-04-09 17:27:00 +0200,Pacific Time (US & Canada),15221,wprnaturephotos,Pete Romfh,2022-04-10 21:38:47 +0200,2022-08-08 02:03:13 +0200,research,CC-BY-NC-SA,https://www.inaturalist.org/observations/110999003,https://inaturalist-open-data.s3.amazonaws.com/photos/187332690/medium.jpg,,Ravenswood,,2,0,false,,"Ravenswood Trail, Don Edwards SFB NWR, Menlo Park, CA, USA",37.4931815927,-122.1289530647,495,,,,495,,open,false,,,Snowy Egret,Egretta thula,Garza dedos dorados,Aves,4940
111063118,68746248-de36-40bd-be28-5b06d81eec4d,2008/05/05,2008-05-05,,UTC,1762496,candice-turtle-mottet,Candice Marie Mottet,2022-04-11 06:28:03 +0200,2022-09-23 04:20:16 +0200,research,,https://www.inaturalist.org/observations/111063118,https://static.inaturalist.org/photos/187440927/medium.jpg,,"","",4,0,false,,"Joan & Scott Holt Paradise Pond Nature Preserve, Port Aransas, TX 78373, USA",27.8348667,-97.0726179,200,,,,200,,open,false,,,Snowy Egret,Egretta thula,Garza dedos dorados,Aves,4940
111137327,3607c41f-dfe1-4ba8-95e4-0153240ffc9e,2022/04/11 1:54 PM EDT,2022-04-11,2022-04-11 19:54:00 +0200,Eastern Time (US & Canada),12610,susanelliott,Susan Elliott,2022-04-11 23:40:59 +0200,2022-11-30 13:44:34 +0000,research,CC-BY-NC,https://www.inaturalist.org/observations/111137327,https://inaturalist-open-data.s3.amazonaws.com/photos/187576118/medium.jpg,,"",,3,0,false,,"Possum Kingdom State Park, Palo Pinto County, TX, USA",32.8815847521,-98.5562727801,31,,,,31,,open,false,,,Snowy Egret,Egretta thula,Garza dedos dorados,Aves,4940
111270130,39726cae-17f3-499e-ae28-9f8be405084e,2022/04/12 4:28 PM EDT,2022-04-12,2022-04-12 22:28:00 +0200,Eastern Time (US & Canada),12610,susanelliott,Susan Elliott,2022-04-13 04:25:20 +0200,2022-11-30 06:12:53 +0000,research,CC-BY-NC,https://www.inaturalist.org/observations/111270130,https://inaturalist-open-data.s3.amazonaws.com/photos/187818777/medium.jpg,,"",,3,0,false,,"Possum Kingdom State Park, Palo Pinto County, TX, USA",32.8817339646,-98.5569590169,15,,,,15,,open,false,,,Snowy Egret,Egretta thula,Garza dedos dorados,Aves,4940
111551097,44f51649-a0e8-471a-b644-4d73189236fe,2022-04-03 15:25:38-07:00,2022-04-03,2022-04-04 00:25:38 +0200,Arizona,4700513,t_wrecks,T_Wrecks,2022-04-15 20:42:52 +0200,2022-08-14 18:29:11 +0200,research,CC-BY-NC,https://www.inaturalist.org/observations/111551097,https://inaturalist-open-data.s3.amazonaws.com/photos/188323143/medium.jpg,,"","",1,0,false,3,"Carpinteria State Beach, Carpinteria, CA, US",34.3924333333,-119.52368,4,,,,4,,open,false,,,Snowy Egret,Egretta thula,Garza dedos dorados,Aves,4940
111988403,23f4ac7e-f6d2-4b95-a60c-86681f09fb36,2018/02/20 9:19 AM CST,2018-02-20,2018-02-20 15:19:00 +0000,Central Time (US & Canada),19261,metzger47,Armando Martínez,2022-04-19 01:54:17 +0200,2023-03-24 00:04:38 +0000,research,CC-BY-NC,https://www.inaturalist.org/observations/111988403,https://inaturalist-open-data.s3.amazonaws.com/photos/189116224/medium.jpg,,"",,4,0,false,,"La Paz, Baja California Sur, Mexico",24.143737,-110.347579,,,,,,,open,false,,,Snowy Egret,Egretta thula,Garza dedos dorados,Aves,4940
111993479,9a7fd9b7-cf64-4af4-8c01-99a5071d107a,2022-04-18 16:33:59-07:00,2022-04-18,2022-04-19 01:33:59 +0200,Arizona,4377284,pepperjackb,,2022-04-19 02:53:09 +0200,2022-11-02 19:46:08 +0000,research,CC-BY-NC,https://www.inaturalist.org/observations/111993479,https://inaturalist-open-data.s3.amazonaws.com/photos/189128566/medium.jpg,,"","",1,0,false,3,"I-80 W, West Sacramento, CA, US",38.5642311736,-121.6369203306,24,,,,24,,open,false,,,Snowy Egret,Egretta thula,Garza dedos dorados,Aves,4940
112015380,0e6c657d-0cb4-40a4-877f-755d64219fa0,2022/03/28 8:18 AM PDT,2022-03-28,2022-03-28 17:18:00 +0200,Pacific Time (US & Canada),91922,avocat,"",2022-04-19 08:06:02 +0200,2022-04-19 08:07:42 +0200,research,CC-BY-NC,https://www.inaturalist.org/observations/112015380,https://inaturalist-open-data.s3.amazonaws.com/photos/189172293/medium.jpg,,"",,1,0,false,,"Morón, Ciego de Ávila, Cuba",22.5840146,-78.6548858,,,,,,,open,false,,,Snowy Egret,Egretta thula,Garza dedos dorados,Aves,4940
112080495,2c66ff9e-ea17-4d46-9dfc-91b8da20af57,2022/04/14 5:40 PM CDT,2022-04-14,2022-04-15 00:40:00 +0200,Mexico City,270397,panecillo,Jorge A. Pérez Torres,2022-04-19 22:22:41 +0200,2024-04-24 23:03:28 +0200,research,CC-BY-NC,https://www.inaturalist.org/observations/112080495,https://inaturalist-open-data.s3.amazonaws.com/photos/189286590/medium.jpeg,,"",,2,0,false,,"Acámbaro, Guanajuato, Mexico",20.0610470949,-100.6696226629,50,,,,50,,open,false,,,Snowy Egret,Egretta thula,Garza dedos dorados,Aves,4940
112617435,e6f58e0a-e8d4-4efd-91ef-d8c28e8a640d,2022-04-23 14:01:07-05:00,2022-04-23,2022-04-23 21:01:07 +0200,Central Time (US & Canada),2334297,kimdbishop,,2022-04-24 04:25:29 +0200,2022-04-25 22:57:26 +0200,research,CC-BY-NC,https://www.inaturalist.org/observations/112617435,https://inaturalist-open-data.s3.amazonaws.com/photos/190228015/medium.jpg,,"","",2,0,false,3,"W Overholser Rd, Oklahoma City, OK, US",35.4883333333,-97.6871716667,4,,,,4,,open,false,,,Snowy Egret,Egretta thula,Garza dedos dorados,Aves,4940
112702656,81ecb1fc-4705-4cd5-bfb7-3abe377807ee,2022/04/22 7:49 AM,2022-04-22,2022-04-22 16:49:00 +0200,Pacific Time (US & Canada),130904,bobc,"",2022-04-24 19:48:34 +0200,2025-01-21 18:02:30 +0000,research,CC-BY-NC,https://www.inaturalist.org/observations/112702656,https://inaturalist-open-data.s3.amazonaws.com/photos/279362462/medium.jpg,,"",,1,0,false,,"Clark County, NV, USA",36.4392265295,-115.3593802471,15,,,,15,,open,false,,,Snowy Egret,Egretta thula,Garza dedos dorados,Aves,4940
112767712,d5d3117f-70ad-4f14-9030-e035ad6574e2,2022/04/20 3:54 PM,2022-04-20,2022-04-20 22:54:00 +0200,Central Time (US & Canada),4340545,mrtjp,April Hernandez,2022-04-25 02:30:09 +0200,2022-04-27 19:15:45 +0200,research,,https://www.inaturalist.org/observations/112767712,https://static.inaturalist.org/photos/190494751/medium.jpg,,"",,2,0,false,,"Austin, TX, USA",30.1836504731,-97.7221977711,8,,,,8,,open,false,,,Snowy Egret,Egretta thula,Garza dedos dorados,Aves,4940
113180262,ca524041-29dc-4815-9d1e-e869e8a263ba,2022-04-27 12:35:43-06:00,2022-04-27,2022-04-27 20:35:43 +0200,Pacific Time (US & Canada),4213780,danikelii,,2022-04-28 05:49:16 +0200,2022-04-29 00:05:59 +0200,research,CC-BY-NC,https://www.inaturalist.org/observations/113180262,https://inaturalist-open-data.s3.amazonaws.com/photos/191234298/medium.jpg,,"","",1,0,false,3,"Desert National Wildlife Refuge, Las Vegas, NV, US",36.4390102155,-115.3576842681,33,,,,33,,open,false,,,Snowy Egret,Egretta thula,Garza dedos dorados,Aves,4940
113674518,5474a695-68d0-4fae-b426-fbfc248af8d5,2021/05/29 9:40 AM,2021-05-29,2021-05-29 17:40:00 +0200,Mountain Time (US & Canada),1897795,jmugleston,Joey Mugleston,2022-04-30 06:02:32 +0200,2024-05-08 11:17:15 +0200,research,CC-BY-NC,https://www.inaturalist.org/observations/113674518,https://inaturalist-open-data.s3.amazonaws.com/photos/192030468/medium.jpeg,,"",,1,0,false,,"Utah, US",40.8261470343,-111.9444283748,800,,,,27877,obscured,open,true,,,Snowy Egret,Egretta thula,Garza dedos dorados,Aves,4940
114211968,94b79685-8e4f-4bfd-9961-d0927f7fad72,2022/04/30 3:46 PM,2022-04-30,2022-04-30 21:46:00 +0200,Eastern Time (US & Canada),3584390,b_gonzalez,Ben Gonzalez,2022-05-01 15:52:15 +0200,2022-07-29 22:54:56 +0200,research,CC-BY-NC,https://www.inaturalist.org/observations/114211968,https://inaturalist-open-data.s3.amazonaws.com/photos/192881788/medium.jpeg,,"",,2,0,false,,"Miami-Dade County, FL, USA",25.6046887603,-80.3990650192,405,,,,405,,open,false,,,Snowy Egret,Egretta thula,Garza dedos dorados,Aves,4940
114239440,c02ef1e4-7192-4448-8771-01b514416538,2022-05-01 07:49:23-06:00,2022-05-01,2022-05-01 15:49:23 +0200,Mountain Time (US & Canada),5591802,nocopaul,Paul Johnson,2022-05-01 17:06:41 +0200,2022-07-04 09:40:47 +0200,research,CC-BY-NC,https://www.inaturalist.org/observations/114239440,https://inaturalist-open-data.s3.amazonaws.com/photos/192931950/medium.jpg,,"",I took about 20 pictures of this guy waiting for him to show me a yellow foot.,2,0,false,3,"E Horsetooth Rd, Fort Collins, CO, US",40.5365389391,-105.0001414844,195,,,,195,,open,false,,,Snowy Egret,Egretta thula,Garza dedos dorados,Aves,4940
114469610,3ab1c76e-a693-4fbc-b15f-d30054f753e7,2013/01/01 5:24 PM,2013-01-01,2013-01-01 22:24:00 +0000,Eastern Time (US & Canada),5611680,peterlos,,2022-05-02 02:01:04 +0200,2022-05-10 06:51:46 +0200,research,CC-BY-NC,https://www.inaturalist.org/observations/114469610,https://inaturalist-open-data.s3.amazonaws.com/photos/193295494/medium.jpg,,"",,2,0,false,,"Marco Island, FL 34145, USA",25.9397412,-81.7075355,7127,,,,7127,,open,false,,,Snowy Egret,Egretta thula,Garza dedos dorados,Aves,4940
114496584,b3fe8ec2-caeb-4d17-9ea4-8b1f74c61960,2022-05-01 16:55:13-08:00,2022-05-01,2022-05-02 02:55:13 +0200,Arizona,1534181,dellakilleen,Della Killeen,2022-05-02 03:13:38 +0200,2022-05-31 18:13:49 +0200,research,CC-BY-NC,https://www.inaturalist.org/observations/114496584,https://inaturalist-open-data.s3.amazonaws.com/photos/193340380/medium.jpg,,"","",2,0,false,3,"West Phoenix, Phoenix, AZ, US",33.3922058551,-112.2582179803,2763,,,,2763,,open,false,,,Snowy Egret,Egretta thula,Garza dedos dorados,Aves,4940
115571468,745e76aa-bd1b-4726-b0e9-fd3008bc6f61,2022/05/05 7:39 AM,2022-05-05,2022-05-05 14:39:00 +0200,Central Time (US & Canada),4591035,jasonnelsonok,Jason Nelson,2022-05-05 17:14:01 +0200,2022-05-05 19:39:46 +0200,research,,https://www.inaturalist.org/observations/115571468,https://static.inaturalist.org/photos/195053581/medium.png,,"",,1,0,false,,"Southwest Oklahoma City, Oklahoma City, OK, USA",35.509898869,-97.6937235627,122,,,,122,,open,false,,,Snowy Egret,Egretta thula,Garza dedos dorados,Aves,4940
116376518,665c9767-8e39-4a08-a71c-09faffbb0bb6,2022-05-05 10:52:00-05:00,2022-05-05,2022-05-05 17:52:00 +0200,Monterrey,528301,robertooocl,Roberto Calderon,2022-05-10 05:53:11 +0200,2022-05-10 18:49:19 +0200,research,,https://www.inaturalist.org/observations/116376518,https://static.inaturalist.org/photos/196442725/medium.jpg,,"","",2,0,false,3,"Calle Río Nazas, San Pedro Garza García, NL, MX",25.6576982361,-100.3473288168,136,,,,136,,open,false,,,Garza dedos dorados,Egretta thula,Garza dedos dorados,Aves,4940
116641121,c3e0f7b7-79dc-4bc7-9244-1af595986fb6,2022-05-11 17:56:11-07:00,2022-05-11,2022-05-12 02:56:11 +0200,Pacific Time (US & Canada),2696439,papillon20,,2022-05-12 04:03:04 +0200,2022-06-10 17:07:49 +0200,research,CC-BY-NC,https://www.inaturalist.org/observations/116641121,https://inaturalist-open-data.s3.amazonaws.com/photos/196910446/medium.jpg,,"","",1,0,false,3,"Albany Bulb, Albany, CA, US",37.8901583333,-122.3230666667,5,,,,5,,open,false,,,Snowy Egret,Egretta thula,Garza dedos dorados,Aves,4940
117002537,c335526e-4851-4860-a8eb-9cfdb1d4ba5d,2022/05/07 6:56 AM,2022-05-07,2022-05-07 12:56:00 +0200,Eastern Time (US & Canada),3783286,arakso,Araks Ohanyan,2022-05-14 19:30:44 +0200,2022-05-14 23:17:08 +0200,research,CC-BY-NC,https://www.inaturalist.org/observations/117002537,https://inaturalist-open-data.s3.amazonaws.com/photos/197544541/medium.jpg,,"",,1,0,false,,"Alachua County, FL, USA",29.6191766667,-82.3257366667,,,,,,,open,false,,,Snowy Egret,Egretta thula,Garza dedos dorados,Aves,4940
117272302,fd03eecf-ee93-4c64-bb8b-b3463f70bf3b,2022/05/12 5:29 PM,2022-05-12,2022-05-13 00:29:00 +0200,Mexico City,531265,sergioescutia,Sergio Escutia,2022-05-16 08:19:02 +0200,2022-05-16 22:20:39 +0200,research,CC-BY-NC,https://www.inaturalist.org/observations/117272302,https://static.inaturalist.org/photos/198035312/medium.jpeg,,"","",2,0,false,,"Catemaco, Veracruz, Mexico",18.4400266667,-95.0794266667,,,,,,,open,false,,,Snowy Egret,Egretta thula,Garza dedos dorados,Aves,4940
117403202,230d0178-51f0-44e7-8019-b16216bb17e9,2022-04-12 18:14:27,2022-04-12,2022-04-13 02:14:27 +0200,Mountain Time (US & Canada),2653668,vicflew95,Victoria Flewallen,2022-05-17 04:58:50 +0200,2022-05-17 04:59:05 +0200,research,,https://www.inaturalist.org/observations/117403202,https://static.inaturalist.org/photos/198272566/medium.jpeg,,"",,1,0,false,2,"Springville, UT, USA",40.1857401672,-111.6306856647,206,,,,206,,open,false,gps,gps,Snowy Egret,Egretta thula,Garza dedos dorados,Aves,4940
117417332,5fab6944-bf47-4f24-a743-5f4697c702da,Mon May 16 2022 23:30:14 GMT-0700 (PDT),2022-05-16,2022-05-17 08:30:14 +0200,Pacific Time (US & Canada),894577,mmland,,2022-05-17 08:31:43 +0200,2025-09-10 07:45:44 +0200,research,,https://www.inaturalist.org/observations/117417332,https://static.inaturalist.org/photos/198300413/medium.jpg,,"",,2,0,false,3,"Border Field State Park, Imperial Beach, CA, US",32.5435025222,-117.1230821316,22,,,,22,,open,false,,,Snowy Egret,Egretta thula,Garza dedos dorados,Aves,4940
117530178,44c96362-50ac-4440-9699-c2b912c67051,2022-05-17 15:14:46,2022-05-17,2022-05-17 21:14:46 +0200,Eastern Time (US & Canada),2331763,avioblivion,Kiara,2022-05-18 02:50:55 +0200,2022-05-26 01:04:38 +0200,research,CC-BY-NC,https://www.inaturalist.org/observations/117530178,https://inaturalist-open-data.s3.amazonaws.com/photos/198500334/medium.jpeg,,"",,2,0,false,2,St. Vincent National Wildlife Refuge,29.6811751408,-85.2167110518,12,,,,12,,open,false,gps,gps,Snowy Egret,Egretta thula,Garza dedos dorados,Aves,4940
117532932,e3430e61-8bdf-4b3b-b211-7d63f61b9604,2022/04/27 7:53 AM,2022-04-27,2022-04-27 13:53:00 +0200,Eastern Time (US & Canada),3755992,chrisekholm1,Chris Ekholm,2022-05-18 03:18:02 +0200,2022-05-18 07:07:21 +0200,research,CC-BY-NC,https://www.inaturalist.org/observations/117532932,https://inaturalist-open-data.s3.amazonaws.com/photos/198505299/medium.jpeg,,"",,1,0,false,,"South Eola, Orlando, FL 32801, USA",28.5442332966,-81.3731700894,234,,,,234,,open,false,,,Snowy Egret,Egretta thula,Garza dedos dorados,Aves,4940
117674602,008fe935-7632-428e-8f9f-d8795981b14c,2022-04-16 14:43:14,2022-04-16,2022-04-16 21:43:14 +0200,Mexico City,5675286,efrain00g,"",2022-05-19 03:18:37 +0200,2023-08-07 03:27:24 +0200,research,,https://www.inaturalist.org/observations/117674602,https://static.inaturalist.org/photos/198757429/medium.jpeg,,"",,1,0,false,2,"45670 Jal., México",20.4308160752,-103.3123833686,22,,,,22,,open,false,gps,gps,Snowy Egret,Egretta thula,Garza dedos dorados,Aves,4940
117828458,08f0851f-686f-4022-b47f-f50e17420601,2022-05-18 14:25:24,2022-05-18,2022-05-18 20:25:24 +0200,Eastern Time (US & Canada),1046656,awhisperofwind,barbarak,2022-05-20 08:21:40 +0200,2022-05-20 12:25:53 +0200,research,,https://www.inaturalist.org/observations/117828458,https://static.inaturalist.org/photos/199029950/medium.jpeg,,"",,2,0,false,2,Smyrna Dunes Park,29.0654833523,-80.910827145,199,,,,199,,open,false,gps,gps,Snowy Egret,Egretta thula,Garza dedos dorados,Aves,4940
118326174,9a28a87f-5ab1-4063-bfda-396658bbf9c0,2022/05/22 10:40 AM,2022-05-22,2022-05-22 17:40:00 +0200,Central Time (US & Canada),176650,littlebird,Marie Asscherick,2022-05-23 07:13:17 +0200,2022-05-23 07:37:31 +0200,research,CC-BY-NC,https://www.inaturalist.org/observations/118326174,https://inaturalist-open-data.s3.amazonaws.com/photos/199908612/medium.jpeg,,"","",2,0,false,,"El Franco Lee Park, Houston, TX 77581, USA",29.5917127,-95.257344,679,,,,679,,open,false,,,Snowy Egret,Egretta thula,Garza dedos dorados,Aves,4940
118441518,21e71325-1394-4a96-b916-cb724070a418,2022/05/22 8:20 PM,2022-05-22,2022-05-23 02:20:00 +0200,Eastern Time (US & Canada),5718932,josiah81,Josiah Sward,2022-05-24 00:55:30 +0200,2022-05-24 16:34:53 +0200,research,,https://www.inaturalist.org/observations/118441518,https://static.inaturalist.org/photos/200110722/medium.jpg,,"",,4,0,false,,"Sanibel, FL, USA",26.4377403955,-82.0392479419,8,,,,8,,open,false,,,Snowy Egret,Egretta thula,Garza dedos dorados,Aves,4940
118610262,78fb96e2-e404-48f3-8981-2c7c5d963c79,2022/05/24 6:36 PM,2022-05-24,2022-05-25 02:36:00 +0200,Mazatlan,344158,cactusfreak,Carlos Lim,2022-05-25 06:26:00 +0200,2022-05-25 07:56:50 +0200,research,,https://www.inaturalist.org/observations/118610262,https://static.inaturalist.org/photos/200420643/medium.jpg,,"",,4,0,false,,"La Paz, B.C.S., México",24.1095792582,-110.3459108549,217,,,,217,,open,false,,,Snowy Egret,Egretta thula,Garza dedos dorados,Aves,4940
118704244,3acdb093-9fb4-418b-ae74-d162ff435cf7,2022/05/22 8:17 AM,2022-05-22,2022-05-22 14:17:00 +0200,Eastern Time (US & Canada),1144503,davidgeorge,David George,2022-05-25 23:59:28 +0200,2022-05-26 09:48:34 +0200,research,CC-BY,https://www.inaturalist.org/observations/118704244,https://inaturalist-open-data.s3.amazonaws.com/photos/200589528/medium.jpeg,,"","",1,0,false,,"1010 State Park Rd, Carolina Beach, NC 28428, USA",34.045936,-77.9138889,1307,,,,1307,,open,false,,,Snowy Egret,Egretta thula,Garza dedos dorados,Aves,4940
118707184,dca9fb6a-5f11-44e7-8e05-9b7096828d82,2022/05/22 1:18 PM,2022-05-22,2022-05-22 19:18:00 +0200,Eastern Time (US & Canada),1144503,davidgeorge,David George,2022-05-26 00:25:11 +0200,2022-05-26 09:57:39 +0200,research,CC-BY,https://www.inaturalist.org/observations/118707184,https://inaturalist-open-data.s3.amazonaws.com/photos/200594594/medium.jpeg,,"","",1,0,false,,"400 Lake Park Blvd S, Carolina Beach, NC 28428, USA",34.029983,-77.895241,207,,,,207,,open,false,,,Snowy Egret,Egretta thula,Garza dedos dorados,Aves,4940
118856559,361fdc6b-077e-468c-9cd3-7b213386dfd8,2022-05-26 12:54:03-07:00,2022-05-26,2022-05-26 21:54:03 +0200,Pacific Time (US & Canada),1815652,mimilikesbirds,Mimi,2022-05-27 02:00:05 +0200,2022-06-24 23:52:56 +0200,research,CC-BY-NC,https://www.inaturalist.org/observations/118856559,https://inaturalist-open-data.s3.amazonaws.com/photos/200861686/medium.jpg,,"","",2,0,false,3,"Santa Monica Bay, CA, US",34.00435555,-118.493155,4,,,,4,,open,false,,,Snowy Egret,Egretta thula,Garza dedos dorados,Aves,4940
119096184,40f55d75-f4c7-45f0-b0be-35a8ae172645,2021-05-25 20:03:05,2021-05-25,2021-05-26 02:03:05 +0200,Puerto Rico,5357157,manuel840,manuel cruz,2022-05-28 19:44:13 +0200,2022-06-04 18:16:07 +0200,research,,https://www.inaturalist.org/observations/119096184,https://static.inaturalist.org/photos/201290465/medium.jpeg,,"",,3,0,false,2,"Palmas Altas, Barceloneta, Puerto Rico",18.4854065173,-66.5638513863,2102,,,,2102,,open,false,gps,gps,Snowy Egret,Egretta thula,Garza dedos dorados,Aves,4940
119166675,b7eb5657-28ce-4416-8b0a-72e668d5a2da,2022/05/28 12:08 PM,2022-05-28,2022-05-28 21:08:00 +0200,Pacific Time (US & Canada),80984,kimssight,Kim Moore,2022-05-29 03:23:43 +0200,2022-06-02 06:50:38 +0200,research,,https://www.inaturalist.org/observations/119166675,https://static.inaturalist.org/photos/201417607/medium.jpg,,"","",2,0,false,,"Manhattan Beach, CA 90266, USA",33.8887464034,-118.3854466759,3,,,,3,,open,false,,,Snowy Egret,Egretta thula,Garza dedos dorados,Aves,4940
119352697,86465924-d74d-4154-8356-9cdfca1d8d39,2022-05-28 08:44:18-07:00,2022-05-28,2022-05-28 17:44:18 +0200,Pacific Time (US & Canada),2902070,nutsaboutkitties,Mary Fenwick,2022-05-30 03:27:43 +0200,2022-06-01 15:51:44 +0200,research,CC-BY-NC,https://www.inaturalist.org/observations/119352697,https://inaturalist-open-data.s3.amazonaws.com/photos/201748212/medium.jpg,,"","",1,0,false,3,"Verdugo Wash, Glendale, CA, US",34.1536719925,-118.2784741987,24,,,,24,,open,false,,,Snowy Egret,Egretta thula,Garza dedos dorados,Aves,4940
119417224,b33d1f27-a614-4e5f-83ac-bd055aba20ab,2022/05/29 10:50 AM,2022-05-29,2022-05-29 19:50:00 +0200,Pacific Time (US & Canada),4118583,sglider,Sondra K Glider,2022-05-30 15:53:15 +0200,2022-06-26 18:51:08 +0200,research,,https://www.inaturalist.org/observations/119417224,https://static.inaturalist.org/photos/201866854/medium.jpeg,,"",Egret pair with nest.,2,0,false,,"California, US",37.4140415536,-122.1569066167,15,,,,28388,obscured,open,true,,,Snowy Egret,Egretta thula,Garza dedos dorados,Aves,4940
119467612,7a7c2adf-f5fc-416a-8420-e3e27554e171,2022/05/01 11:48 AM,2022-05-01,2022-05-01 18:48:00 +0200,Mexico City,270397,panecillo,Jorge A. Pérez Torres,2022-05-30 21:13:17 +0200,2022-05-30 21:34:06 +0200,research,CC-BY-NC,https://www.inaturalist.org/observations/119467612,https://inaturalist-open-data.s3.amazonaws.com/photos/201954018/medium.jpeg,,"",,1,0,false,,"Zoológico de San Juan de Aragón, 07920 Ciudad de México, CDMX, Mexico",19.4624987338,-99.0708414738,18,,,,18,,open,false,,,Snowy Egret,Egretta thula,Garza dedos dorados,Aves,4940
119620443,964cb532-1ab9-402b-8a90-a2572a76301c,2022-05-31 14:12:20-04:00,2022-05-31,2022-05-31 20:12:20 +0200,Eastern Time (US & Canada),5217411,kpdonald,Keith Donald,2022-05-31 20:19:23 +0200,2022-06-07 21:05:54 +0200,research,CC-BY-NC,https://www.inaturalist.org/observations/119620443,https://inaturalist-open-data.s3.amazonaws.com/photos/202233521/medium.jpg,,"Pond, Field, Ridge, White, Egret, Bird, Medium",First observation of a snowy egret at Heritage Park -- wading habitat in the wed pond.,1,0,false,3,"Heritage Park at Crane Creek, Melbourne, FL, US",28.0708528333,-80.6127466667,4,,,,4,,open,false,,,Snowy Egret,Egretta thula,Garza dedos dorados,Aves,4940
119662058,87785dcc-a4fc-4b0e-be5f-7a73da9b04a3,2022/05/31 4:51 PM,2022-05-31,2022-06-01 01:51:00 +0200,Pacific Time (US & Canada),552118,diego_h,DiegoH,2022-06-01 01:36:35 +0200,2022-06-01 19:01:58 +0200,research,CC-BY,https://www.inaturalist.org/observations/119662058,https://inaturalist-open-data.s3.amazonaws.com/photos/202308488/medium.jpg,,"",2 individuals fighting right in front of me,2,0,false,,"Ontario, CA, USA",34.0731995787,-117.5889751315,2,,,,2,,open,false,,,Snowy Egret,Egretta thula,Garza dedos dorados,Aves,4940
119927110,5d2ecc6e-4cf4-454d-8eee-23e916d8e13d,2022/05/30 7:34 PM,2022-05-30,2022-05-31 03:34:00 +0200,Mazatlan,1743343,avesdemazatlan,Aves de Mazatlán,2022-06-02 23:09:20 +0200,2023-05-02 16:25:07 +0200,research,CC-BY-NC,https://www.inaturalist.org/observations/119927110,https://inaturalist-open-data.s3.amazonaws.com/photos/202782368/medium.jpeg,,"",,3,0,false,,"Estero La Escopama, Sinaloa, Mexico",23.3420144,-106.4840256,1757,,,,1757,,open,false,,,Snowy Egret,Egretta thula,Garza dedos dorados,Aves,4940
119939363,4bae4194-ef9e-4642-a938-b8f35754fd0b,2022/06/01 6:38 PM,2022-06-01,2022-06-02 02:38:00 +0200,Mazatlan,311770,valeriehh,Valeria Huerta,2022-06-03 00:57:17 +0200,2022-06-03 17:09:16 +0200,research,CC-BY-NC,https://www.inaturalist.org/observations/119939363,https://inaturalist-open-data.s3.amazonaws.com/photos/202803865/medium.jpg,,"",,2,0,false,,"La Paz, B.C.S., México",24.1110347055,-110.3461476737,15,,,,15,,open,false,,,Snowy Egret,Egretta thula,Garza dedos dorados,Aves,4940
120011058,752b2681-ac9d-430d-b637-80d5b0edefcd,2022/06/02 12:29 PM,2022-06-02,2022-06-02 21:29:00 +0200,Pacific Time (US & Canada),1807929,gregslak,"",2022-06-03 16:00:33 +0200,2022-06-04 22:16:02 +0200,research,CC-BY-NC,https://www.inaturalist.org/observations/120011058,https://inaturalist-open-data.s3.amazonaws.com/photos/202932881/medium.jpeg,,"","The added photos were taken after it caught what appears to be a large tadpole, possibly an American Bullfrog.",1,0,false,,"Los Angeles, CA, USA",34.1558980427,-118.2921592088,15,,,,15,,open,false,,,Snowy Egret,Egretta thula,Garza dedos dorados,Aves,4940
120720681,63e8533e-3960-457f-96b6-b384f2d03537,2022/05/12 8:55 AM,2022-05-12,2022-05-12 15:55:00 +0200,Mexico City,80440,mictlanaztek,"",2022-06-07 22:31:44 +0200,2022-06-09 20:36:48 +0200,research,,https://www.inaturalist.org/observations/120720681,https://static.inaturalist.org/photos/204208262/medium.jpeg,,"",,2,0,false,,"Catemaco, Ver., México",18.4171814439,-95.1118487822,8,,,,8,,open,false,,,Garza dedos dorados,Egretta thula,Garza dedos dorados,Aves,4940
120744832,93c583ab-d721-44dc-bbc5-5a29d0a0b99b,2022/06/07 10:55 AM,2022-06-07,2022-06-07 19:55:00 +0200,Pacific Time (US & Canada),802004,docprt,"",2022-06-08 01:51:51 +0200,2022-06-08 01:56:32 +0200,research,CC-BY-NC,https://www.inaturalist.org/observations/120744832,https://inaturalist-open-data.s3.amazonaws.com/photos/204246212/medium.jpeg,,"",,1,0,false,,"Imperial Beach, CA, USA",32.5604244449,-117.1312513331,657,,,,657,,open,false,,,Snowy Egret,Egretta thula,Garza dedos dorados,Aves,4940
121002307,e29e3946-cc27-4acf-8e61-5eb3b3aead6a,2022/06/07 9:02 AM,2022-06-07,2022-06-07 16:02:00 +0200,Central Time (US & Canada),130904,bobc,"",2022-06-09 22:08:22 +0200,2025-01-21 18:02:30 +0000,research,CC-BY-NC,https://www.inaturalist.org/observations/121002307,https://inaturalist-open-data.s3.amazonaws.com/photos/204714404/medium.jpeg,,"",family portrait....,2,0,false,,"Avery Island, LA, USA",29.9056920754,-91.9117095641,8,,,,8,,open,false,,,Snowy Egret,Egretta thula,Garza dedos dorados,Aves,4940
121296821,4eabf4c1-8eb9-42ba-92f7-895acfc235cb,2022/06/07 9:03 AM,2022-06-07,2022-06-07 16:03:00 +0200,Central Time (US & Canada),130904,bobc,"",2022-06-11 22:21:19 +0200,2025-01-21 18:02:30 +0000,research,CC-BY-NC,https://www.inaturalist.org/observations/121296821,https://inaturalist-open-data.s3.amazonaws.com/photos/278830544/medium.jpg,,"","adult and one juvenile in first photo, two juveniles in second and adult barely visible in bottom left of second photo.  Same family group members in both photos",2,0,false,,"Avery Island, LA, USA",29.9058486085,-91.9118315928,15,,,,15,,open,false,,,Snowy Egret,Egretta thula,Garza dedos dorados,Aves,4940
121332567,a96fd65e-bf64-4d62-b4d9-31d95b9d7d0a,2022/06/11 8:34 PM,2022-06-11,2022-06-12 05:34:00 +0200,Pacific Time (US & Canada),28,tiwane,Tony Iwane,2022-06-12 02:12:29 +0200,2025-11-18 22:39:24 +0000,research,CC-BY,https://www.inaturalist.org/observations/121332567,https://inaturalist-open-data.s3.amazonaws.com/photos/205303334/medium.jpg,,"",Coming in to roost.,2,0,false,,"Downtown Oakland, Oakland, CA, USA",37.798609773,-122.2644213066,25,,,,25,,open,false,,,Snowy Egret,Egretta thula,Garza dedos dorados,Aves,4940
121626923,09286c2d-49e1-4a1b-bda5-8bc8ffb79136,2022/06/02 3:26 PM,2022-06-02,2022-06-02 23:26:00 +0200,Mazatlan,78535,saralaxia,Sara Alcalá Jiménez,2022-06-13 21:03:14 +0200,2022-06-14 02:25:16 +0200,research,,https://www.inaturalist.org/observations/121626923,https://inaturalist-open-data.s3.amazonaws.com/photos/205832602/medium.jpeg,,RB El Vizcaino,,1,0,false,,"Área CIBNOR Guerrero Negro, B.C.S., México",27.9578162324,-114.0616057998,244,,,,244,,open,false,,,Garza dedos dorados,Egretta thula,Garza dedos dorados,Aves,4940
121760947,fb8e3e33-6853-402b-b092-d68ce56d40ce,Tue Jun 14 2022 13:24:29 GMT -0400 (EDT),2022-06-14,2022-06-14 19:24:29 +0200,Eastern Time (US & Canada),536101,dave80,Dave Smith,2022-06-14 19:37:09 +0200,2024-01-30 16:50:19 +0000,research,,https://www.inaturalist.org/observations/121760947,https://static.inaturalist.org/photos/206081163/medium.jpeg,,"",,2,0,false,333,St. Augustine,29.8824806213,-81.2904586792,132,,,,132,,open,false,,,Snowy Egret,Egretta thula,Garza dedos dorados,Aves,4940
121918340,b20d456b-91a8-4ace-9441-5c6935c64a2d,2022/06/10 10:25 AM,2022-06-10,2022-06-10 17:25:00 +0200,Central Time (US & Canada),130904,bobc,"",2022-06-15 21:57:11 +0200,2025-01-21 18:02:30 +0000,research,CC-BY-NC,https://www.inaturalist.org/observations/121918340,https://inaturalist-open-data.s3.amazonaws.com/photos/278832208/medium.jpg,,"","",2,0,false,,"Louisiana, US",29.9832643727,-92.2844126474,3431,,,,29433,obscured,open,true,,,Snowy Egret,Egretta thula,Garza dedos dorados,Aves,4940
121967970,3aa5a3e2-904f-46d0-b93c-041b5b0ce5e6,2022/06/15 11:48 AM,2022-06-15,2022-06-15 20:48:00 +0200,Pacific Time (US & Canada),80984,kimssight,Kim Moore,2022-06-16 05:02:21 +0200,2023-05-21 05:44:39 +0200,research,,https://www.inaturalist.org/observations/121967970,https://static.inaturalist.org/photos/206453560/medium.jpg,,"Snowy Egret - Egretta thula, birds2, herons and egrets","",1,0,false,,"Naples, Long Beach, CA 90803, USA",33.7520786351,-118.1139008832,295,,,,295,,open,false,,,Snowy Egret,Egretta thula,Garza dedos dorados,Aves,4940
122381584,08ea7fba-d404-4a86-9aa5-3e43535242e8,2022/06/10 10:47 AM,2022-06-10,2022-06-10 17:47:00 +0200,Central Time (US & Canada),130904,bobc,"",2022-06-19 00:01:55 +0200,2025-08-11 06:29:53 +0200,research,CC-BY-NC,https://www.inaturalist.org/observations/122381584,https://inaturalist-open-data.s3.amazonaws.com/photos/207196490/medium.jpeg,,"",,2,0,false,,"Louisiana, US",29.9018891077,-92.2303166647,3431,,,,29433,obscured,open,true,,,Snowy Egret,Egretta thula,Garza dedos dorados,Aves,4940
122487356,d08d3ef7-626d-4cb4-a723-c45f6e72f1ee,2022/06/10 10:23 AM,2022-06-10,2022-06-10 17:23:00 +0200,Central Time (US & Canada),130904,bobc,"",2022-06-19 17:11:18 +0200,2025-01-21 18:02:30 +0000,research,CC-BY-NC,https://www.inaturalist.org/observations/122487356,https://inaturalist-open-data.s3.amazonaws.com/photos/278831367/medium.jpg,,"",on the nest,2,0,false,,"Louisiana, US",29.8413978443,-92.2915932494,3431,,,,29433,obscured,open,true,,,Snowy Egret,Egretta thula,Garza dedos dorados,Aves,4940
123411876,7bdd75c5-598d-4421-937c-9d2ec91c7678,2022/06/06 7:57 AM,2022-06-06,2022-06-06 13:57:00 +0200,Eastern Time (US & Canada),5722100,zealon_wight-maier,Zealon Wight-Maier,2022-06-25 21:32:01 +0200,2024-11-07 18:16:01 +0000,research,,https://www.inaturalist.org/observations/123411876,https://static.inaturalist.org/photos/209060850/medium.jpg,,"",,3,0,false,,"Georgetown County, SC, USA",33.5262382673,-79.0359044553,122,,,,122,,open,false,,,Snowy Egret,Egretta thula,Garza dedos dorados,Aves,4940
123585582,fce8a848-7925-4798-92b7-f48526286375,2022/06/25 12:40 PM,2022-06-25,2022-06-25 18:40:00 +0200,Eastern Time (US & Canada),2757800,ricknewton,Rick Newton,2022-06-26 22:00:51 +0200,2022-09-02 04:58:32 +0200,research,CC-BY-NC,https://www.inaturalist.org/observations/123585582,https://inaturalist-open-data.s3.amazonaws.com/photos/209371253/medium.jpeg,,"",,1,0,false,,"Stonington, CT, USA",41.3413647745,-71.9384921331,15,,,,15,,open,false,,,Snowy Egret,Egretta thula,Garza dedos dorados,Aves,4940
123630421,e453205f-2a19-458c-ae37-cdfa86c3b284,2022/06/26 5:00 PM,2022-06-26,2022-06-27 01:00:00 +0200,Mountain Time (US & Canada),1968569,leslie_s,Leslie S,2022-06-27 03:18:09 +0200,2022-08-25 05:16:10 +0200,research,CC-BY-NC,https://www.inaturalist.org/observations/123630421,https://inaturalist-open-data.s3.amazonaws.com/photos/209453799/medium.jpg,,"",,1,0,false,,"Boulder County, CO, USA",40.0431734487,-105.1879055374,31,,,,31,,open,false,,,Snowy Egret,Egretta thula,Garza dedos dorados,Aves,4940
123892929,c250db46-e2c2-4bbd-ac8e-45bfe1487e4b,2022/06/27 10:57 AM,2022-06-27,2022-06-27 19:57:00 +0200,Pacific Time (US & Canada),23741,trout3212001,"",2022-06-29 00:19:54 +0200,2022-06-29 18:41:36 +0200,research,CC-BY-NC,https://www.inaturalist.org/observations/123892929,https://inaturalist-open-data.s3.amazonaws.com/photos/209934150/medium.jpg,,"",,1,0,false,,"Alameda, CA, USA",37.7385385946,-122.2424973224,15,,,,15,,open,false,,,Snowy Egret,Egretta thula,Garza dedos dorados,Aves,4940
124661766,97acef07-9eff-4314-9aa6-c287dbcbed2b,2022/06/18 4:02 PM,2022-06-18,2022-06-19 01:02:00 +0200,Pacific Time (US & Canada),99304,phylogenomics,Jonathan Eisen,2022-07-04 03:28:46 +0200,2022-07-04 03:39:18 +0200,research,CC-BY,https://www.inaturalist.org/observations/124661766,https://inaturalist-open-data.s3.amazonaws.com/photos/211319110/medium.jpg,,"",,1,0,false,,"Yolo Bypass Wildlife Area, Yolo, California, United States",38.5575083333,-121.6273916667,,,,,,,open,false,,,Snowy Egret,Egretta thula,Garza dedos dorados,Aves,4940
125112537,6dbea501-154d-4f32-808d-e0624d1eaaa9,2022-07-06 17:22:00-05:00,2022-07-06,2022-07-07 00:22:00 +0200,Central Time (US & Canada),2912742,techguy_does_naturephotography,Kyle Chavez,2022-07-07 04:03:29 +0200,2022-07-07 05:03:31 +0200,research,,https://www.inaturalist.org/observations/125112537,https://static.inaturalist.org/photos/212142012/medium.jpg,,"","",3,0,false,3,"Fisher Rd, Dallas, TX, US",32.8397876,-96.73448695,852,,,,852,,open,false,,,Snowy Egret,Egretta thula,Garza dedos dorados,Aves,4940
125862064,3c4d0066-c29a-4057-9fed-d8d04367cc20,2022/04/16 4:09 PM,2022-04-16,2022-04-17 00:09:00 +0200,Mountain Time (US & Canada),3278692,shei1ad,,2022-07-12 02:39:27 +0200,2022-07-12 02:54:14 +0200,research,CC-BY-NC,https://www.inaturalist.org/observations/125862064,https://inaturalist-open-data.s3.amazonaws.com/photos/213489626/medium.jpeg,,"",,1,0,false,,"3000 W Carson Dr, Littleton, CO 80120, USA",39.5831118,-105.028999,189,,,,189,,open,false,,,Snowy Egret,Egretta thula,Garza dedos dorados,Aves,4940
125966051,78dde315-43c8-4188-b630-06a882e6db2b,2022/06/13 11:39 AM,2022-06-13,2022-06-13 18:39:00 +0200,Central Time (US & Canada),779571,pisum,"",2022-07-12 20:54:54 +0200,2023-01-17 16:23:05 +0000,research,CC-BY-NC,https://www.inaturalist.org/observations/125966051,https://inaturalist-open-data.s3.amazonaws.com/photos/213656967/medium.jpg,,"","some of many birds sitting on nests and tending to young at the colony here. the one in photo 1 has spread its wings and is doing some gular fluttering to keep cool in the heat. both the adult and chicks in photo 2 are vibrating their throats, too. short video here: https://youtu.be/osGBYxiEBdc",1,0,false,,"Boulevard Oaks, Houston, TX, USA",29.726624661,-95.3959644686,50,,,,50,,open,false,,,Snowy Egret,Egretta thula,Garza dedos dorados,Aves,4940
125979261,8b0640cc-20cc-4030-b319-525761ae281c,2022/07/12 7:19 AM,2022-07-12,2022-07-12 16:19:00 +0200,Arizona,504212,mfaucher,Marc Faucher,2022-07-12 22:33:11 +0200,2022-09-07 06:10:17 +0200,research,,https://www.inaturalist.org/observations/125979261,https://static.inaturalist.org/photos/213699810/medium.jpg,,"Egretta thula, iNaturalist","Snowy Egret (Egretta thula),  112_7545-Edit.tif",3,0,false,,"Santa Cruz County, AZ, USA",31.4981533333,-110.84689,,,,,,,open,false,,,Snowy Egret,Egretta thula,Garza dedos dorados,Aves,4940
126162569,e48e1a9b-0d62-4341-ae5f-36d84ebab5c4,2022/07/13 7:24 PM,2022-07-13,2022-07-14 04:24:00 +0200,Pacific Time (US & Canada),2096981,zaf2103,Zoë Ferraris,2022-07-14 06:19:14 +0200,2025-02-27 18:17:54 +0000,research,CC-BY-NC,https://www.inaturalist.org/observations/126162569,https://inaturalist-open-data.s3.amazonaws.com/photos/214034586/medium.jpeg,,"",,1,0,false,,"Marin County, CA, USA",38.0301365574,-122.5131551534,15,,,,15,,open,false,,,Snowy Egret,Egretta thula,Garza dedos dorados,Aves,4940
126417683,6106a56a-9adc-445b-92bb-7e9732b427d8,2022-07-15 17:46:17-07:00,2022-07-15,2022-07-16 02:46:17 +0200,Pacific Time (US & Canada),455659,naturekidz,,2022-07-16 02:47:53 +0200,2022-07-16 02:54:08 +0200,research,,https://www.inaturalist.org/observations/126417683,https://static.inaturalist.org/photos/214494310/medium.jpg,,"","",2,0,false,3,"Rancho del Oro Dr, Oceanside, CA, US",33.22638995,-117.318315,5323,,,,5323,,open,false,,,Snowy Egret,Egretta thula,Garza dedos dorados,Aves,4940
126947741,ceda083f-62b7-45f0-b4bf-7924f7d3dc7b,2022-07-18 18:52:39,2022-07-18,2022-07-19 00:52:39 +0200,Eastern Time (US & Canada),3251661,bunnymom20,"",2022-07-19 14:49:04 +0200,2023-04-20 20:13:16 +0200,research,CC0,https://www.inaturalist.org/observations/126947741,https://inaturalist-open-data.s3.amazonaws.com/photos/215459004/medium.jpeg,,"",bin chicken!,3,0,false,2,"Longboat Key, FL 34228, USA",27.389705,-82.64137,1,,,,1,,open,false,gps,gps,Egretta thula thula,Egretta thula,Garza dedos dorados,Aves,4940
126965442,96772690-9c11-4f2d-a101-5996a03d95b2,2022/07/18 8:26 AM,2022-07-18,2022-07-18 17:26:00 +0200,Pacific Time (US & Canada),1807929,gregslak,"",2022-07-19 17:26:00 +0200,2023-08-28 23:01:56 +0200,research,CC-BY-NC,https://www.inaturalist.org/observations/126965442,https://inaturalist-open-data.s3.amazonaws.com/photos/215490367/medium.jpeg,,"","Some birds, like these Snowy Egrets, are so spectacular that even when quarrelling they look mah-velous.",2,0,false,,"Lake Balboa, Los Angeles, CA, USA",34.1696508339,-118.4761133966,31,,,,31,,open,false,,,Snowy Egret,Egretta thula,Garza dedos dorados,Aves,4940
127163216,cd027e2e-f844-4c01-ab55-a7238642f303,2022-07-19 08:28:26,2022-07-19,2022-07-19 16:28:26 +0200,Mountain Time (US & Canada),1210832,steven627,,2022-07-21 02:27:10 +0200,2022-07-21 03:08:26 +0200,research,,https://www.inaturalist.org/observations/127163216,https://static.inaturalist.org/photos/215854089/medium.jpeg,,"","",2,0,false,,Jewell Wetlands City of Aurora Open Space,39.683092,-104.837128,25,,,,25,,open,false,,,Snowy Egret,Egretta thula,Garza dedos dorados,Aves,4940
127175395,cd61cecc-768f-4e7e-a420-8503db935f60,2022/07/17 4:31 PM,2022-07-17,2022-07-17 23:31:00 +0200,Central Time (US & Canada),3772516,michaelkalisek,,2022-07-21 04:29:36 +0200,2025-03-20 23:32:22 +0000,research,CC-BY-NC,https://www.inaturalist.org/observations/127175395,https://inaturalist-open-data.s3.amazonaws.com/photos/215876213/medium.jpeg,,"",,3,0,false,,"Kleberg County, TX, USA",27.3205461659,-97.6854296097,65,,,,65,,open,false,,,Snowy Egret,Egretta thula,Garza dedos dorados,Aves,4940
127388789,92ac9f98-2ccc-48ab-804a-b5ebad4cc4d1,2022/07/01 8:17 AM,2022-07-01,2022-07-01 15:17:00 +0200,Mexico City,270397,panecillo,Jorge A. Pérez Torres,2022-07-22 19:52:04 +0200,2023-12-11 23:40:19 +0000,research,CC-BY-NC,https://www.inaturalist.org/observations/127388789,https://inaturalist-open-data.s3.amazonaws.com/photos/216260880/medium.jpeg,,"",,2,0,false,,"Bosques de Aragon, Nezahualcóyotl, Méx., Mexico",19.4643233915,-99.0456931777,10,,,,10,,open,false,,,Garza dedos dorados,Egretta thula,Garza dedos dorados,Aves,4940
127886883,6e1a7c5f-4dd6-4d9b-a5f9-eb642ff71cb9,2022/07/25 11:07 AM,2022-07-25,2022-07-25 17:07:00 +0200,Eastern Time (US & Canada),3420505,chipperbirder,Maxwell Julius,2022-07-25 21:26:10 +0200,2022-07-26 15:05:37 +0200,research,CC-BY-NC,https://www.inaturalist.org/observations/127886883,https://inaturalist-open-data.s3.amazonaws.com/photos/217161284/medium.jpeg,,"","",2,0,false,,"Madison, CT 06443, USA",41.2508772103,-72.5436548758,38,,,,38,,open,false,,,Snowy Egret,Egretta thula,Garza dedos dorados,Aves,4940
128432055,f7851cb4-be92-4b71-a3a6-0be6e8220e06,2022/05/31 6:50 AM,2022-05-31,2022-05-31 13:50:00 +0200,Mexico City,5887263,diegoroldan,Diego Roldán Piña,2022-07-29 13:16:41 +0200,2023-07-03 06:29:15 +0200,research,CC-BY-NC,https://www.inaturalist.org/observations/128432055,https://inaturalist-open-data.s3.amazonaws.com/photos/218151868/medium.jpg,,"",,3,0,false,,"Paseos de Taxqueña, Ciudad de México, CDMX, México",19.350887286,-99.1218462258,61,,,,61,,open,false,,,Snowy Egret,Egretta thula,Garza dedos dorados,Aves,4940
129368529,e87c73dd-5ed1-4c3a-b25c-5290d62e7ccd,2022/07/26 1:36 PM,2022-07-26,2022-07-26 22:36:00 +0200,Pacific Time (US & Canada),1699115,argyl1,,2022-08-04 05:19:02 +0200,2022-08-04 05:25:51 +0200,research,CC-BY-NC,https://www.inaturalist.org/observations/129368529,https://inaturalist-open-data.s3.amazonaws.com/photos/219839940/medium.jpeg,,"","",1,0,false,,"3501 Valley Blvd, Los Angeles, CA 90031, USA",34.066548,-118.2007623,658,,,,658,,open,false,,,Snowy Egret,Egretta thula,Garza dedos dorados,Aves,4940
129633870,fe9b253d-0ff9-41cb-82d0-41f162656a42,2022/08/05 6:09 PM,2022-08-05,2022-08-06 03:09:00 +0200,Pacific Time (US & Canada),3344940,jesl,Jesse Long,2022-08-06 06:27:42 +0200,2022-08-06 23:26:31 +0200,research,CC-BY-NC,https://www.inaturalist.org/observations/129633870,https://inaturalist-open-data.s3.amazonaws.com/photos/220329161/medium.jpg,,"",,2,0,false,,"Presidio of San Francisco, San Francisco, CA, USA",37.8040671325,-122.4596904646,26,,,,26,,open,false,,,Snowy Egret,Egretta thula,Garza dedos dorados,Aves,4940
130010250,93cc2785-ce2f-4e61-92fe-2a3b2c4ad90f,2022-08-08 11:50:05,2022-08-08,2022-08-08 17:50:05 +0200,Eastern Time (US & Canada),3466381,surlyaardvark,Surly Aardvark,2022-08-08 20:27:17 +0200,2022-08-25 15:39:55 +0200,research,CC0,https://www.inaturalist.org/observations/130010250,https://inaturalist-open-data.s3.amazonaws.com/photos/221029427/medium.jpeg,,"","",2,0,false,2,"Daytona Beach, FL, USA",29.2589881687,-81.0223963112,500,,,,500,,open,false,gps,gps,Snowy Egret,Egretta thula,Garza dedos dorados,Aves,4940
130308263,5b722f43-9644-4121-9dc1-f4e5944d36ed,2022/07/29 8:49 AM,2022-07-29,2022-07-29 15:49:00 +0200,Central Time (US & Canada),643440,georgeafghan,George Afghan,2022-08-11 01:12:06 +0200,2022-08-12 22:02:59 +0200,research,CC-BY-NC,https://www.inaturalist.org/observations/130308263,https://inaturalist-open-data.s3.amazonaws.com/photos/221584095/medium.jpeg,,"","",2,0,false,,"Roy G. Guerrero Colorado River Metro Park Trail, Austin, TX 78741, USA",30.246792,-97.706979,198,,,,198,,open,false,,,Snowy Egret,Egretta thula,Garza dedos dorados,Aves,4940
130733908,52e2edd2-e2cb-4632-94ae-2b99670b6f1f,2022/07/29 12:10 PM,2022-07-29,2022-07-29 21:10:00 +0200,America/Hermosillo,1061578,maelmata,Maria Elena Martinez-Tapia,2022-08-14 06:23:34 +0200,2022-08-23 06:14:37 +0200,research,CC-BY-SA,https://www.inaturalist.org/observations/130733908,https://inaturalist-open-data.s3.amazonaws.com/photos/222375677/medium.jpeg,,"","",2,0,false,,"Hermosillo, Sonora, Mexico",28.81635,-111.9638866667,,,,,,,open,false,,,Garza dedos dorados,Egretta thula,Garza dedos dorados,Aves,4940
131152758,00f8f195-fd80-43fe-bac3-7e84a6dc6734,2022/08/12 11:49 AM,2022-08-12,2022-08-12 18:49:00 +0200,Mexico City,5333630,conycondor,Consuelo Hernández,2022-08-17 04:32:07 +0200,2022-08-17 04:41:04 +0200,research,CC-BY-NC,https://www.inaturalist.org/observations/131152758,https://static.inaturalist.org/photos/223150193/medium.jpeg,,"",,2,0,false,,"San Fernando, Chis., México",16.870083134,-93.1110104824,122,,,,122,,open,false,,,Snowy Egret,Egretta thula,Garza dedos dorados,Aves,4940
131824640,3b14d08c-3a8e-4256-9706-48543e9c838e,2022-08-21 16:53:38-06:00,2022-08-21,2022-08-22 00:53:38 +0200,America/Costa_Rica,612949,diegoalmendras,Diego Almendras G.,2022-08-22 02:39:06 +0200,2024-01-12 13:35:49 +0000,research,CC-BY-NC,https://www.inaturalist.org/observations/131824640,https://inaturalist-open-data.s3.amazonaws.com/photos/224394324/medium.jpg,,"","",1,0,false,3,"Océano Pacífico, Puntarenas, CR",9.9380783333,-84.9631283333,10,,,,10,,open,false,,,Snowy Egret,Egretta thula,Garza dedos dorados,Aves,4940
131844631,8b9efcf3-7c3b-4afd-afc5-a0849d8407ef,2022/08/21 8:08 AM,2022-08-21,2022-08-21 17:08:00 +0200,Pacific Time (US & Canada),1807929,gregslak,"",2022-08-22 05:50:01 +0200,2022-08-22 16:59:05 +0200,research,CC-BY-NC,https://www.inaturalist.org/observations/131844631,https://inaturalist-open-data.s3.amazonaws.com/photos/224432506/medium.jpeg,,"",A Snowy Egret caught a small fish after taking a serious plunge.,1,0,false,,"Lake Balboa, Los Angeles, CA, USA",34.1689593812,-118.4754066363,15,,,,15,,open,false,,,Snowy Egret,Egretta thula,Garza dedos dorados,Aves,4940
131937685,9ec38f4b-3223-4f99-be74-0c703fce7c4d,2022/08/21 11:40 AM,2022-08-21,2022-08-21 18:40:00 +0200,Mexico City,1743343,avesdemazatlan,Aves de Mazatlán,2022-08-22 23:36:22 +0200,2023-05-02 16:25:07 +0200,research,CC-BY-NC,https://www.inaturalist.org/observations/131937685,https://inaturalist-open-data.s3.amazonaws.com/photos/224604772/medium.jpeg,,"",,2,0,false,,"Jocotepec, Jalisco, Mexico",20.2825470383,-103.4124827388,588,,,,588,,open,false,,,Snowy Egret,Egretta thula,Garza dedos dorados,Aves,4940
132221239,2bed10e5-d1c2-4734-a6b8-c2354b39fb41,2022-08-23 11:25:10-04:00,2022-08-23,2022-08-23 17:25:10 +0200,Eastern Time (US & Canada),1133501,christa_explores,Christa B,2022-08-25 03:40:48 +0200,2024-03-20 02:21:31 +0000,research,CC-BY-NC-ND,https://www.inaturalist.org/observations/132221239,https://inaturalist-open-data.s3.amazonaws.com/photos/249782477/medium.jpg,,"","",1,0,false,3,"US-1, Warwick, RI, US",41.7003786,-71.4597804,37,,,,37,,open,false,,,Snowy Egret,Egretta thula,Garza dedos dorados,Aves,4940
132221989,02340045-fdb4-436a-bca8-e66c949796a1,2022-08-23 11:13:46-04:00,2022-08-23,2022-08-23 17:13:46 +0200,Eastern Time (US & Canada),1133501,christa_explores,Christa B,2022-08-25 03:47:17 +0200,2024-03-20 02:10:15 +0000,research,CC-BY-NC-ND,https://www.inaturalist.org/observations/132221989,https://inaturalist-open-data.s3.amazonaws.com/photos/358950563/medium.jpeg,,"","",1,0,false,3,"US-1, Warwick, RI, US",41.7003786,-71.4597804,37,,,,37,,open,false,,,Snowy Egret,Egretta thula,Garza dedos dorados,Aves,4940
132266001,3b45816e-0c30-4a6d-ab26-e5350f5d4067,2022-06-15 19:53:25,2022-06-15,2022-06-16 01:53:25 +0200,Eastern Time (US & Canada),6064584,digginupbugs,Elaina Culpepper,2022-08-25 14:56:23 +0200,2022-08-26 06:10:23 +0200,research,CC-BY-NC,https://www.inaturalist.org/observations/132266001,https://inaturalist-open-data.s3.amazonaws.com/photos/225216677/medium.jpeg,,"",,2,0,false,2,"Club Oceania Condo, New Smyrna Beach, FL 32169, USA",29.0147494444,-80.8814744444,,,,,,,open,false,gps,gps,Snowy Egret,Egretta thula,Garza dedos dorados,Aves,4940
132484468,88811b38-1c54-4d20-b91c-8378fb1d25ea,2021/12/19 11:05 AM,2021-12-19,2021-12-19 18:05:00 +0000,Arizona,5999785,yu115,"Liu, Yu (Luke)",2022-08-27 02:18:20 +0200,2022-09-05 01:59:52 +0200,research,,https://www.inaturalist.org/observations/132484468,https://static.inaturalist.org/photos/225607098/medium.jpeg,,"",,2,0,false,,"Gilbert, AZ, USA",33.360405316,-111.7346130999,33,,,,33,,open,false,,,Snowy Egret,Egretta thula,Garza dedos dorados,Aves,4940
132726641,360ed58f-fc23-432c-a999-69dc054caa32,2022-08-27 09:45:36,2022-08-27,2022-08-27 15:45:36 +0200,Eastern Time (US & Canada),2788422,chickenparmesan24,Tyler Ekholm,2022-08-29 02:59:53 +0200,2023-09-02 07:40:06 +0200,research,CC-BY,https://www.inaturalist.org/observations/132726641,https://inaturalist-open-data.s3.amazonaws.com/photos/226004132/medium.jpeg,,"",,2,0,false,2,"Charlestown, RI 02813, USA",41.3383199193,-71.722436361,10,,,,10,,open,false,gps,gps,Snowy Egret,Egretta thula,Garza dedos dorados,Aves,4940
133401639,34df4d67-9576-4427-aad1-5054b4c63e34,2022/07/17 7:27 PM,2022-07-17,2022-07-18 04:27:00 +0200,Pacific Time (US & Canada),169388,dmhaan,Damon Haan,2022-09-03 01:47:09 +0200,2025-06-01 09:10:59 +0200,research,,https://www.inaturalist.org/observations/133401639,https://static.inaturalist.org/photos/227219941/medium.jpg,,"",,1,0,false,,"Point Loma Heights, San Diego, CA, USA",32.752111411,-117.2284261724,120,,,,120,,open,false,,,Snowy Egret,Egretta thula,Garza dedos dorados,Aves,4940
133515136,d5f6a243-a378-452a-883f-eaecbde2f0b1,2022/09/03 7:00 AM,2022-09-03,2022-09-03 13:00:00 +0200,Eastern Time (US & Canada),2714198,evanwillstopforplants,Evan C,2022-09-03 22:18:37 +0200,2022-09-03 23:03:20 +0200,research,CC-BY-NC-ND,https://www.inaturalist.org/observations/133515136,https://inaturalist-open-data.s3.amazonaws.com/photos/227430080/medium.jpg,,"",,1,0,false,,"Holden Beach, NC, USA",33.9103366667,-78.3123166667,,,,,,,open,false,,,Snowy Egret,Egretta thula,Garza dedos dorados,Aves,4940
133516098,db208e3c-6d79-4dbb-aaba-e3b870eb0744,2022/09/03 7:26 AM,2022-09-03,2022-09-03 13:26:00 +0200,Eastern Time (US & Canada),2714198,evanwillstopforplants,Evan C,2022-09-03 22:25:05 +0200,2022-09-03 23:03:31 +0200,research,CC-BY-NC-ND,https://www.inaturalist.org/observations/133516098,https://inaturalist-open-data.s3.amazonaws.com/photos/227431581/medium.jpg,,"",,1,0,false,,"Brunswick County, NC, USA",33.9177366667,-78.3139416667,,,,,,,open,false,,,Snowy Egret,Egretta thula,Garza dedos dorados,Aves,4940
133516139,5e28b05f-fea7-4e66-9dc8-0fe0f207a91e,2022/09/03 7:28 AM,2022-09-03,2022-09-03 13:28:00 +0200,Eastern Time (US & Canada),2714198,evanwillstopforplants,Evan C,2022-09-03 22:25:27 +0200,2022-09-06 13:33:07 +0200,research,CC-BY-NC-ND,https://www.inaturalist.org/observations/133516139,https://inaturalist-open-data.s3.amazonaws.com/photos/227431748/medium.jpg,,"",,1,0,false,,"Brunswick County, NC, USA",33.9177366667,-78.3139416667,,,,,,,open,false,,,Snowy Egret,Egretta thula,Garza dedos dorados,Aves,4940
133519808,0c6c0a97-421e-441a-b6ae-3f4889121f7c,2022-09-03 07:27:22-07:00,2022-09-03,2022-09-03 16:27:22 +0200,Pacific Time (US & Canada),2902070,nutsaboutkitties,Mary Fenwick,2022-09-03 22:51:20 +0200,2022-10-05 23:09:50 +0200,research,CC-BY-NC,https://www.inaturalist.org/observations/133519808,https://inaturalist-open-data.s3.amazonaws.com/photos/227438612/medium.jpg,,"","",2,0,false,3,"Los Angeles River, Los Angeles, CA, US",34.1565875572,-118.2988236383,49,,,,49,,open,false,,,Snowy Egret,Egretta thula,Garza dedos dorados,Aves,4940
133990407,7ecc6bc2-ce21-4516-b05c-ceea78cd204d,2022-09-06 16:06:42,2022-09-06,2022-09-06 23:06:42 +0200,Mexico City,32368,dionemariposas,Pedro Lucero T,2022-09-07 03:47:54 +0200,2024-01-19 17:02:05 +0000,research,CC-BY-NC,https://www.inaturalist.org/observations/133990407,https://inaturalist-open-data.s3.amazonaws.com/photos/228316569/medium.jpeg,,"",,2,0,false,2,Colinas del Río,20.6550412134,-101.4080119506,591,,,,591,,open,false,gps,gps,Garza dedos dorados,Egretta thula,Garza dedos dorados,Aves,4940
134030237,631daa0b-ef08-4df2-a952-087345fc3e2e,2022/09/01 11:07 AM,2022-09-01,2022-09-01 17:07:00 +0200,Eastern Time (US & Canada),4291292,trailsend21,Joyce Riedinger,2022-09-07 14:51:52 +0200,2022-09-07 19:17:35 +0200,research,CC-BY-NC,https://www.inaturalist.org/observations/134030237,https://inaturalist-open-data.s3.amazonaws.com/photos/228393042/medium.jpg,,"","Snowy Egret running
Cohoes Flats
Albany, NY",1,0,false,,"Cohoes, NY, USA",42.7750551556,-73.6927166774,31,,,,31,,open,false,,,Snowy Egret,Egretta thula,Garza dedos dorados,Aves,4940
134287067,da0f00fd-cde8-42d3-bdcb-a9cccd66aa69,2022/09/08 4:43 PM,2022-09-08,2022-09-08 22:43:00 +0200,Eastern Time (US & Canada),4828816,bill_32953,Bill Uttenweiler,2022-09-09 14:27:46 +0200,2022-09-15 15:43:18 +0200,research,CC-BY-NC,https://www.inaturalist.org/observations/134287067,https://inaturalist-open-data.s3.amazonaws.com/photos/228872140/medium.jpeg,,"",,2,1,false,,"Merritt Island, FL, USA",28.3714024713,-80.6812586423,4,,,,4,,open,false,,,Snowy Egret,Egretta thula,Garza dedos dorados,Aves,4940
134336596,b8b571cb-c50a-4c79-892b-ab35f0bda60c,2022-09-09 11:43:07,2022-09-09,2022-09-09 18:43:07 +0200,Mexico City,106811,josegilpaz,Jose Gil Paz,2022-09-09 21:58:48 +0200,2022-09-10 02:05:40 +0200,research,,https://www.inaturalist.org/observations/134336596,https://static.inaturalist.org/photos/228961451/medium.jpeg,,"",,2,0,false,2,"La Laguna, 58610 Zacapu, Mich., México",19.8268553826,-101.789448224,127,,,,127,,open,false,gps,gps,Snowy Egret,Egretta thula,Garza dedos dorados,Aves,4940
134337801,48a0400b-0514-4677-8ed6-7b12024329a3,2022/09/09 12:34 PM,2022-09-09,2022-09-09 19:34:00 +0200,Central Time (US & Canada),875456,mcferny,Lauren McLaurin,2022-09-09 22:08:28 +0200,2022-09-10 05:18:35 +0200,research,CC-BY,https://www.inaturalist.org/observations/134337801,https://inaturalist-open-data.s3.amazonaws.com/photos/228962584/medium.jpeg,,"",,1,0,false,,"Bon Secour National Wildlife Refuge, Baldwin, Alabama, United States",30.23969917,-87.8200936,,,,,,,open,false,,,Snowy Egret,Egretta thula,Garza dedos dorados,Aves,4940
134363323,4f6224d8-75ba-4d09-b368-41552060468d,2022-09-09 19:04:45,2022-09-09,2022-09-10 02:04:45 +0200,Central Time (US & Canada),4072657,diamondback,diamondback,2022-09-10 02:05:33 +0200,2022-09-10 19:55:20 +0200,research,CC-BY-NC,https://www.inaturalist.org/observations/134363323,https://inaturalist-open-data.s3.amazonaws.com/photos/229012717/medium.jpeg,,"",,2,0,false,2,Austin,30.2669363883,-97.7430609986,32427,,,,32427,,open,false,gps,gps,Snowy Egret,Egretta thula,Garza dedos dorados,Aves,4940
134664560,e7053c6d-e04c-4ac9-99cc-382538dd15da,2022-09-11 16:32:45,2022-09-11,2022-09-11 23:32:45 +0200,Central Time (US & Canada),93120,miketilley,Mike Tilley,2022-09-12 01:55:31 +0200,2022-09-17 23:58:08 +0200,research,CC-BY,https://www.inaturalist.org/observations/134664560,https://inaturalist-open-data.s3.amazonaws.com/photos/229589384/medium.jpeg,,"",6247,1,0,false,2,"Baton Rouge, LA 70808, USA",30.4244073243,-91.162346806,13,,,,13,,open,false,,,Snowy Egret,Egretta thula,Garza dedos dorados,Aves,4940
134667871,6c0a5665-353a-4c44-a42d-f8b1b696d179,2022-09-11 08:04:23-07:00,2022-09-11,2022-09-11 17:04:23 +0200,Pacific Time (US & Canada),4197470,karen_straus,Karen Straus,2022-09-12 02:24:28 +0200,2025-04-11 17:34:57 +0200,research,,https://www.inaturalist.org/observations/134667871,https://static.inaturalist.org/photos/229582450/medium.jpg,,"",Eating a crawfish,10,0,false,3,"Santee Lakes, Santee, CA, US",32.854783025,-117.0070070973,2609,,,,2609,,open,false,,,Snowy Egret,Egretta thula,Garza dedos dorados,Aves,4940
135157921,c3f2a409-8bff-4911-8bbf-bd619d94b1bc,2022/09/15 12:23 PM,2022-09-15,2022-09-15 19:23:00 +0200,Monterrey,5271433,deltadromeus980,"",2022-09-15 21:26:29 +0200,2022-12-07 16:30:26 +0000,research,CC-BY-NC,https://www.inaturalist.org/observations/135157921,https://inaturalist-open-data.s3.amazonaws.com/photos/230482709/medium.jpeg,,"","",2,0,false,,"Santiago, N.L., México",25.4104769323,-100.1365536354,244,,,,244,,open,false,,,Garza dedos dorados,Egretta thula,Garza dedos dorados,Aves,4940
135345433,13e484a4-630e-4abf-b8c2-e1772828f3a8,2022/09/15 4:08 PM,2022-09-15,2022-09-16 01:08:00 +0200,Pacific Time (US & Canada),1881456,onyxrat,,2022-09-17 09:48:13 +0200,2025-08-31 06:40:27 +0200,research,CC-BY-NC,https://www.inaturalist.org/observations/135345433,https://inaturalist-open-data.s3.amazonaws.com/photos/230829033/medium.jpg,,"",,1,0,false,,"Menlo Park, CA, USA",37.4968326249,-122.1290978113,4,,,,4,,open,false,,,Snowy Egret,Egretta thula,Garza dedos dorados,Aves,4940
135468530,d4b4154a-ca50-40f9-b002-28bbce598ece,2022/09/16 7:33 AM,2022-09-16,2022-09-16 14:33:00 +0200,Mexico City,1539673,fabrice82,,2022-09-18 04:32:29 +0200,2022-09-24 22:22:03 +0200,research,CC-BY-NC,https://www.inaturalist.org/observations/135468530,https://inaturalist-open-data.s3.amazonaws.com/photos/231054601/medium.jpeg,,"",,3,0,false,,"Chapala, Jalisco, Mexiko",20.297515723,-103.2688175935,28,,,,28,,open,false,,,Snowy Egret,Egretta thula,Garza dedos dorados,Aves,4940
135808516,ad0ee3c2-d0fa-4edc-a1c9-386a294bf59e,2022-09-20 06:00:22-08:00,2022-09-20,2022-09-20 16:00:22 +0200,Pacific Time (US & Canada),1365326,kerstinfirmin,Kerstin Firmin,2022-09-20 19:19:40 +0200,2023-04-07 08:17:29 +0200,research,,https://www.inaturalist.org/observations/135808516,https://static.inaturalist.org/photos/231690260/medium.jpg,,"","",1,0,false,3,"Lakeside Park, Oakland, CA, US",37.8071905494,-122.2534818437,23,,,,23,,open,false,,,Snowy Egret,Egretta thula,Garza dedos dorados,Aves,4940
136028988,80aea7e3-1265-4d8a-acf2-f26894805047,2019/02/15 2:51 PM,2019-02-15,2019-02-15 19:51:00 +0000,Eastern Time (US & Canada),1308049,cheriphillips,C. Phillips,2022-09-22 14:44:41 +0200,2025-12-21 14:23:07 +0000,research,CC-BY-NC,https://www.inaturalist.org/observations/136028988,https://inaturalist-open-data.s3.amazonaws.com/photos/232102915/medium.jpeg,,"",NOTE: The Snowy Egret is standing on a Manatee eating the bugs that the Manatee stirs up as it eats the vegetation. Very fun to watch!,2,0,false,,"Volusia County, FL, USA",28.9571298844,-81.3573626812,488,,,,488,,open,false,,,Egretta thula,Egretta thula,Garza dedos dorados,Aves,4940
136254262,e174d6a1-083c-4fb4-a233-1fd24a78f54d,2022/09/17 8:54 AM,2022-09-17,2022-09-17 14:54:00 +0200,Eastern Time (US & Canada),204678,pmk00001,"",2022-09-24 11:31:31 +0200,2022-09-27 09:22:49 +0200,research,CC-BY-NC,https://www.inaturalist.org/observations/136254262,https://inaturalist-open-data.s3.amazonaws.com/photos/232517333/medium.jpg,,"",,2,0,false,,"Manatee County, FL, USA",27.5947135997,-82.6341994997,,,,,,,open,false,,,Snowy Egret,Egretta thula,Garza dedos dorados,Aves,4940
136379290,7ca6ad20-0e5a-4c39-a768-06496ce758bc,2022/09/24 11:37 AM,2022-09-24,2022-09-24 20:37:00 +0200,Pacific Time (US & Canada),4226551,roslynmbell,Roslyn Mack Bell,2022-09-25 05:28:16 +0200,2022-09-25 05:38:53 +0200,research,CC-BY-NC,https://www.inaturalist.org/observations/136379290,https://inaturalist-open-data.s3.amazonaws.com/photos/232742643/medium.jpeg,,"",,2,0,false,,"North Sacramento, Sacramento, CA, USA",38.6740072353,-121.5280621177,15,,,,15,,open,false,,,Snowy Egret,Egretta thula,Garza dedos dorados,Aves,4940
136379297,f511ddf2-2287-45c7-860f-e0efc3cf51f6,2022/09/24 11:40 AM,2022-09-24,2022-09-24 20:40:00 +0200,Pacific Time (US & Canada),4226551,roslynmbell,Roslyn Mack Bell,2022-09-25 05:28:17 +0200,2022-09-25 05:41:20 +0200,research,CC-BY-NC,https://www.inaturalist.org/observations/136379297,https://inaturalist-open-data.s3.amazonaws.com/photos/232743010/medium.jpeg,,"",,2,0,false,,"North Sacramento, Sacramento, CA, USA",38.6747649173,-121.5302400715,15,,,,15,,open,false,,,Snowy Egret,Egretta thula,Garza dedos dorados,Aves,4940
136421918,eb150f84-15a1-495d-afe4-f96663e59f58,2020/11/26 1:03 PM,2020-11-26,2020-11-26 19:03:00 +0000,Central Time (US & Canada),3073080,ericjoannes,Eric Joannes,2022-09-25 15:30:41 +0200,2023-08-15 17:51:08 +0200,research,,https://www.inaturalist.org/observations/136421918,https://static.inaturalist.org/photos/232826663/medium.jpg,,"",,2,0,false,,"Round Rock, TX, USA",30.5123158483,-97.6922435771,8,,,,8,,open,false,,,Snowy Egret,Egretta thula,Garza dedos dorados,Aves,4940
136423651,fb029328-1a09-4a72-9eba-80bbb3981600,2020/05/22 5:08 PM,2020-05-22,2020-05-22 23:08:00 +0200,Eastern Time (US & Canada),6010698,msr042377,Michael S. Richardson,2022-09-25 15:46:11 +0200,2025-06-25 00:34:37 +0200,research,,https://www.inaturalist.org/observations/136423651,https://static.inaturalist.org/photos/232829999/medium.jpg,,"",,1,0,false,,"West Haven, CT 06516, USA",41.2583266667,-72.9413433333,,,,,,,open,false,,,Snowy Egret,Egretta thula,Garza dedos dorados,Aves,4940
136544001,451976b8-f5e7-4f54-9060-dfe40cf35bbf,2022/09/24 7:09 AM,2022-09-24,2022-09-24 16:09:00 +0200,Pacific Time (US & Canada),80984,kimssight,Kim Moore,2022-09-26 08:35:12 +0200,2022-09-27 08:12:36 +0200,research,,https://www.inaturalist.org/observations/136544001,https://static.inaturalist.org/photos/233056373/medium.jpg,,"",,1,0,false,,"Marina Del Rey, CA 90292, USA",33.971942572,-118.4466787523,29,,,,29,,open,false,,,Snowy Egret,Egretta thula,Garza dedos dorados,Aves,4940
136565371,b0f12255-76a6-4bf3-83d5-b71b61f01a68,2022-09-25 07:32:08-07:00,2022-09-25,2022-09-25 16:32:08 +0200,Pacific Time (US & Canada),4858904,cuckoo_bird,,2022-09-26 15:24:47 +0200,2025-09-20 20:11:16 +0200,research,,https://www.inaturalist.org/observations/136565371,https://static.inaturalist.org/photos/233096949/medium.jpg,,"","",1,0,false,3,"Lake 13B, Escondido, CA, US",33.0781888333,-117.0611333333,4,,,,4,,open,false,,,Snowy Egret,Egretta thula,Garza dedos dorados,Aves,4940
136657226,779b47a5-111b-4ec4-aad1-b5a3fa524699,2022/09/23 9:01 AM,2022-09-23,2022-09-23 15:01:00 +0200,Eastern Time (US & Canada),754325,mac724,,2022-09-27 06:31:07 +0200,2022-09-27 06:34:04 +0200,research,CC-BY-NC,https://www.inaturalist.org/observations/136657226,https://inaturalist-open-data.s3.amazonaws.com/photos/233264884/medium.jpeg,,"","",1,0,false,,"Wakulla County, FL, USA",30.0758485691,-84.1791485681,4,,,,4,,open,false,,,Snowy Egret,Egretta thula,Garza dedos dorados,Aves,4940
136680513,6c11c5db-50c5-45b7-853d-33327917236b,2022-09-26 08:40:00-04:00,2022-09-26,2022-09-26 14:40:00 +0200,Eastern Time (US & Canada),5937191,twosandgirl,,2022-09-27 14:40:53 +0200,2025-01-31 14:18:17 +0000,research,CC-BY-NC,https://www.inaturalist.org/observations/136680513,https://inaturalist-open-data.s3.amazonaws.com/photos/233311704/medium.jpg,,"",Beyoncé?!,3,0,false,3,"North Atlantic Ocean, FL, US",27.0728156228,-82.4518155388,25,,,,25,,open,false,,,Snowy Egret,Egretta thula,Garza dedos dorados,Aves,4940
137218529,e4169ea0-5d39-4e04-974d-91307f6396cd,2022-10-01 09:42:28,2022-10-01,2022-10-01 15:42:28 +0200,Eastern Time (US & Canada),2450926,wildexxposure,"",2022-10-02 01:59:01 +0200,2025-03-17 01:18:31 +0000,research,CC-BY-NC,https://www.inaturalist.org/observations/137218529,https://inaturalist-open-data.s3.amazonaws.com/photos/234350293/medium.jpeg,,"",,1,0,false,2,"McAlpin, FL 32062, USA",30.1040674501,-82.9870507121,13221,,,,13221,,open,false,gps,gps,Snowy Egret,Egretta thula,Garza dedos dorados,Aves,4940
137288244,e23edc35-43e2-4946-9984-acd05a7cc222,2022/09/21 3:58 PM,2022-09-21,2022-09-22 00:58:00 +0200,Pacific Time (US & Canada),735780,danielskatz,Daniel S. Katz,2022-10-02 17:35:24 +0200,2022-10-04 05:03:36 +0200,research,CC-BY,https://www.inaturalist.org/observations/137288244,https://inaturalist-open-data.s3.amazonaws.com/photos/234444508/medium.jpeg,,"",,3,0,false,,"Cheney Creek Trail, Bodega Bay, CA 94923, USA",38.3165058,-123.0367362,190,,,,190,,open,false,,,Snowy Egret,Egretta thula,Garza dedos dorados,Aves,4940
137570473,6945e7c2-445f-485e-a1da-02f52ab46771,2022/05/28 9:49 AM,2022-05-28,2022-05-28 17:49:00 +0200,Mazatlan,366415,taniafiol,Tania Pérez Fiol,2022-10-04 23:30:51 +0200,2023-02-25 04:29:06 +0000,research,CC-BY-NC,https://www.inaturalist.org/observations/137570473,https://inaturalist-open-data.s3.amazonaws.com/photos/234975213/medium.jpg,,"",,2,0,false,,"La Paz, B.C.S., México",24.1098014133,-110.3469005751,451,,,,451,,open,false,,,Snowy Egret,Egretta thula,Garza dedos dorados,Aves,4940
137783316,858c57b5-b12f-4e2b-a850-66a614c84766,2022/09/29 12:12 PM,2022-09-29,2022-09-29 19:12:00 +0200,Mexico City,1285157,diegowlet,Diego Cordero,2022-10-06 21:28:20 +0200,2022-11-30 02:16:32 +0000,research,CC-BY-NC,https://www.inaturalist.org/observations/137783316,https://inaturalist-open-data.s3.amazonaws.com/photos/235354497/medium.jpg,,"",,4,0,false,,"Río Sabinal (10a Ote. Nte.), Tuxtla Gutiérrez, Chiapas, México",16.7564205511,-93.1068362741,15,,,,15,,open,false,,,Snowy Egret,Egretta thula,Garza dedos dorados,Aves,4940
137891542,9b695631-b639-4d5e-9903-0ae96820730b,2022/06/01 12:47 PM,2022-06-01,2022-06-01 20:47:00 +0200,Mazatlan,366415,taniafiol,Tania Pérez Fiol,2022-10-07 21:10:06 +0200,2023-02-25 04:29:06 +0000,research,CC-BY-NC,https://www.inaturalist.org/observations/137891542,https://inaturalist-open-data.s3.amazonaws.com/photos/235580861/medium.jpg,,"",,3,0,false,,"La Paz, B.C.S., México",24.1098014133,-110.3469005751,451,,,,451,,open,false,,,Snowy Egret,Egretta thula,Garza dedos dorados,Aves,4940
138570120,c2830f90-4b74-4c9f-9a61-e74250cff2d2,2022-10-12 16:32:33-07:00,2022-10-12,2022-10-13 01:32:33 +0200,Pacific Time (US & Canada),314738,vireosylva,Phoebe Barnes,2022-10-13 03:38:46 +0200,2025-03-10 22:46:46 +0000,research,CC-BY-NC,https://www.inaturalist.org/observations/138570120,https://inaturalist-open-data.s3.amazonaws.com/photos/236871535/medium.jpg,,"","",1,0,false,3,"Soquel Cove, CA, US",36.9785166667,-121.93667,4,,,,4,,open,false,,,Snowy Egret,Egretta thula,Garza dedos dorados,Aves,4940
138839854,bc061a15-91cb-4b99-8304-c082e4ac7948,2022/10/14 8:05 AM,2022-10-14,2022-10-14 15:05:00 +0200,Central Time (US & Canada),989820,ltjeffers,,2022-10-15 16:11:33 +0200,2022-11-04 03:22:53 +0000,research,CC-BY-NC,https://www.inaturalist.org/observations/138839854,https://inaturalist-open-data.s3.amazonaws.com/photos/237357444/medium.jpg,,"",,3,0,false,,"Fort Bend County, TX, USA",29.3714281547,-95.6259491719,196,,,,196,,open,false,,,Snowy Egret,Egretta thula,Garza dedos dorados,Aves,4940
139062902,5e8ec641-9b0a-416f-9dec-5458cd0c69e6,2022-10-16 13:59:42-04:00,2022-10-16,2022-10-16 19:59:42 +0200,Eastern Time (US & Canada),5515093,milkweedfl,,2022-10-17 03:16:02 +0200,2022-10-17 04:33:05 +0200,research,CC-BY-NC,https://www.inaturalist.org/observations/139062902,https://inaturalist-open-data.s3.amazonaws.com/photos/237778805/medium.jpg,,"",I do not know what this bird is.  There are white ibis also in the pictures. ,2,0,false,3,"Florida, US",28.6578107153,-81.1826468245,4,,,,29582,obscured,open,true,,,Snowy Egret,Egretta thula,Garza dedos dorados,Aves,4940
139815830,5a7464d5-c609-4749-b59d-99192bebd1b4,2022-10-23 16:52:16-07:00,2022-10-23,2022-10-24 01:52:16 +0200,Pacific Time (US & Canada),5904068,sindhurahere,Sindhura Katta,2022-10-24 01:55:55 +0200,2024-06-02 00:55:11 +0200,research,,https://www.inaturalist.org/observations/139815830,https://static.inaturalist.org/photos/239213034/medium.jpg,,"","",3,0,false,3,"Tasman Dr, Sunnyvale, CA, US",37.4037873466,-122.0077846294,9,,,,9,,open,false,,,Snowy Egret,Egretta thula,Garza dedos dorados,Aves,4940
139937904,6d70246b-ec3c-4aaf-a56e-1b0597c17247,2022/08/25 5:58 PM,2022-08-25,2022-08-26 00:58:00 +0200,Central Time (US & Canada),539598,sylbird,S. Queen,2022-10-25 06:47:47 +0200,2022-10-25 19:37:12 +0200,research,CC-BY-NC,https://www.inaturalist.org/observations/139937904,https://inaturalist-open-data.s3.amazonaws.com/photos/239438037/medium.jpeg,,"","",2,0,false,,"Wellington Lake wetland area under W 30th St S, Wellington, KS, USA",37.2429015354,-97.5150876543,117,,,,117,,open,false,,,Snowy Egret,Egretta thula,Garza dedos dorados,Aves,4940
140209136,5201cfb4-24e7-43fb-a1c3-015fcf9ffb88,2022/10/27 10:35 AM,2022-10-27,2022-10-27 19:35:00 +0200,Pacific Time (US & Canada),1807929,gregslak,"",2022-10-28 03:07:18 +0200,2022-10-28 03:08:18 +0200,research,CC-BY-NC,https://www.inaturalist.org/observations/140209136,https://inaturalist-open-data.s3.amazonaws.com/photos/239970381/medium.jpeg,,"",A Snowy Egret was frantically running back and forth and stabbing into the water.  Got this shot when it caught a small fish.,1,0,false,,"Los Angeles, CA, USA",34.1565745025,-118.2980775765,15,,,,15,,open,false,,,Snowy Egret,Egretta thula,Garza dedos dorados,Aves,4940
140599510,2f594a7f-946c-42ee-8ecc-10da851cd9e7,2022/10/01 11:06 AM,2022-10-01,2022-10-01 18:06:00 +0200,Mexico City,270397,panecillo,Jorge A. Pérez Torres,2022-10-31 01:14:04 +0000,2022-10-31 02:40:58 +0000,research,CC-BY-NC,https://www.inaturalist.org/observations/140599510,https://inaturalist-open-data.s3.amazonaws.com/photos/240632778/medium.jpeg,,"",,1,0,false,,"Zoológico de San Juan de Aragón, 07920 Ciudad de México, CDMX, Mexico",19.4608088853,-99.0705893841,35,,,,35,,open,false,,,Snowy Egret,Egretta thula,Garza dedos dorados,Aves,4940
140599518,fe012aa3-2a9e-43ed-83de-fc15cf222455,2022/10/01 11:08 AM,2022-10-01,2022-10-01 18:08:00 +0200,Mexico City,270397,panecillo,Jorge A. Pérez Torres,2022-10-31 01:14:06 +0000,2022-10-31 02:40:47 +0000,research,CC-BY-NC,https://www.inaturalist.org/observations/140599518,https://inaturalist-open-data.s3.amazonaws.com/photos/240632918/medium.jpeg,,"",,1,0,false,,"Zoológico de San Juan de Aragón, 07920 Ciudad de México, CDMX, Mexico",19.4605558979,-99.0715855191,45,,,,45,,open,false,,,Snowy Egret,Egretta thula,Garza dedos dorados,Aves,4940
140707111,64807421-ac51-4068-b5c2-795efc26f263,2021-03-24 17:10:47-04:00,2021-03-24,2021-03-24 21:10:47 +0000,Eastern Time (US & Canada),1037709,apistopanchax,Josh Emm,2022-10-31 22:12:09 +0000,2022-11-10 18:07:20 +0000,research,CC-BY-NC,https://www.inaturalist.org/observations/140707111,https://inaturalist-open-data.s3.amazonaws.com/photos/240895203/medium.jpg,,"","",1,0,false,3,"North Atlantic Ocean, Sanibel, FL, US",26.4545686071,-82.0159669037,61,,,,61,,open,false,,,Snowy Egret,Egretta thula,Garza dedos dorados,Aves,4940
140827935,f9e1a7a5-748a-4b80-a806-c92d88cbabfd,2022/10/31 9:03 AM,2022-10-31,2022-10-31 13:03:00 +0000,Eastern Time (US & Canada),295210,deefairbanks,dee fairbanks,2022-11-01 23:44:07 +0000,2025-08-13 09:43:22 +0200,research,,https://www.inaturalist.org/observations/140827935,https://static.inaturalist.org/photos/241123648/medium.jpg,,"",With leopard Frog,1,0,false,,"Orange County, FL, USA",28.57713617,-80.997587598,122,,,,122,,open,false,,,Snowy Egret,Egretta thula,Garza dedos dorados,Aves,4940
140827944,584dbf36-72e0-4f8b-9a6b-d00c047560ca,2022/10/31 9:46 AM,2022-10-31,2022-10-31 13:46:00 +0000,Eastern Time (US & Canada),295210,deefairbanks,dee fairbanks,2022-11-01 23:44:09 +0000,2022-11-01 23:48:24 +0000,research,,https://www.inaturalist.org/observations/140827944,https://static.inaturalist.org/photos/241123669/medium.jpg,,"",,1,0,false,,"Orange County, FL, USA",28.576910047,-80.9977592594,122,,,,122,,open,false,,,Snowy Egret,Egretta thula,Garza dedos dorados,Aves,4940
140880325,fa1642b3-5ad4-482b-883a-6a3d151f1dea,2022/11/01 7:26 PM,2022-11-01,2022-11-01 23:26:00 +0000,Eastern Time (US & Canada),655174,goodoldroute15,Bob Oswald,2022-11-02 14:45:04 +0000,2022-11-02 15:26:07 +0000,research,CC-BY-NC,https://www.inaturalist.org/observations/140880325,https://inaturalist-open-data.s3.amazonaws.com/photos/241224094/medium.jpg,,"",,2,0,false,,"Citrus County, FL, USA",28.9106698826,-82.6921754538,244,,,,244,,open,false,,,Snowy Egret,Egretta thula,Garza dedos dorados,Aves,4940
141130235,6c4a8990-ba67-4320-94c3-a21d440c5f57,2022/11/04 9:29 AM,2022-11-04,2022-11-04 15:29:00 +0000,Monterrey,4541131,memoviejo,Guillermo Morales G.,2022-11-05 05:05:01 +0000,2022-11-05 05:53:21 +0000,research,CC-BY-NC,https://www.inaturalist.org/observations/141130235,https://inaturalist-open-data.s3.amazonaws.com/photos/241700595/medium.jpeg,,"",,1,0,false,,"Sabinas Hidalgo, N.L., México",26.4920449379,-100.212877341,15,,,,15,,open,false,,,Garza dedos dorados,Egretta thula,Garza dedos dorados,Aves,4940
141652699,24ad7b92-0823-4d1b-ba3a-20dbb3fc25e8,2022/09/18 3:46 PM,2022-09-18,2022-09-19 00:46:00 +0200,Pacific Time (US & Canada),986773,andrealikesbirds,Andrea Carpio,2022-11-10 23:55:54 +0000,2025-08-04 19:36:09 +0200,research,CC-BY-NC,https://www.inaturalist.org/observations/141652699,https://inaturalist-open-data.s3.amazonaws.com/photos/242723117/medium.jpg,,"",,1,0,false,,"Orange County, CA, USA",33.7039529182,-118.0520116194,92,,,,92,,open,false,,,Snowy Egret,Egretta thula,Garza dedos dorados,Aves,4940
141742071,238b7728-7a42-4481-a1d8-4a88dbe1d71b,2022/11/11 10:31 AM,2022-11-11,2022-11-11 16:31:00 +0000,Mexico City,5218828,javs_mx,Javier Jiménez,2022-11-12 01:11:20 +0000,2022-11-12 23:42:16 +0000,research,,https://www.inaturalist.org/observations/141742071,https://static.inaturalist.org/photos/242893756/medium.jpeg,,"",,1,0,false,,"Parque Ecológico de Xochimilco, Ciudad de México, CDMX, México",19.2962059245,-99.094856827,15,,,,15,,open,false,,,Snowy Egret,Egretta thula,Garza dedos dorados,Aves,4940
141854957,c2dd80df-b896-4e87-b7c9-82ec14357575,2022-11-12 14:23:54-08:00,2022-11-12,2022-11-12 22:23:54 +0000,Pacific Time (US & Canada),147113,robin5,Robin Ogata,2022-11-13 04:13:11 +0000,2022-11-14 18:23:33 +0000,research,CC-BY-NC-ND,https://www.inaturalist.org/observations/141854957,https://inaturalist-open-data.s3.amazonaws.com/photos/243108546/medium.jpg,,"",i love the yellow feet!,2,0,false,3,"Moore Creek Wetland Natural Preserve, Santa Cruz, CA, US",36.9509046356,-122.0582568311,100,,,,100,,open,false,,,Snowy Egret,Egretta thula,Garza dedos dorados,Aves,4940
141932940,e73ca025-3c88-4f05-8b25-911bc51be184,2022-11-12,2022-11-12,,Central Time (US & Canada),971468,georgenaturephotos,"",2022-11-13 22:22:38 +0000,2022-11-14 05:25:05 +0000,research,CC-BY-NC,https://www.inaturalist.org/observations/141932940,https://inaturalist-open-data.s3.amazonaws.com/photos/243253137/medium.jpeg,,Deputy Darren Goforth/ Horsepen Creek Park,"",3,0,false,,"9402 Barker Cypress Rd, Cypress, TX 77433, USA",29.9142252,-95.6857584,196,,,,196,,open,false,,,Snowy Egret,Egretta thula,Garza dedos dorados,Aves,4940
141961942,51cb8b85-96e7-4d24-9d85-9f70095e4003,2022/11/13 3:38 PM,2022-11-13,2022-11-13 23:38:00 +0000,Pacific Time (US & Canada),1263262,sessilefielder,Eric Johnson,2022-11-14 04:14:05 +0000,2022-11-14 19:16:16 +0000,research,CC-BY-NC,https://www.inaturalist.org/observations/141961942,https://inaturalist-open-data.s3.amazonaws.com/photos/243307222/medium.jpeg,,🌹,,1,0,false,,"Sepulveda Basin Wildlife Reserve, Los Angeles, CA, USA",34.1727972222,-118.4720361111,,,,,,,open,false,,,Garza dedos dorados,Egretta thula,Garza dedos dorados,Aves,4940
142043896,82100301-fe5a-439a-afe7-78b2001c96e4,2022/11/12 11:49 AM,2022-11-12,2022-11-12 18:49:00 +0000,Mountain Time (US & Canada),9627,badger8181,Bryan Box,2022-11-15 04:05:01 +0000,2022-11-24 01:21:36 +0000,research,CC-BY-NC,https://www.inaturalist.org/observations/142043896,https://inaturalist-open-data.s3.amazonaws.com/photos/243462393/medium.jpg,,"",,1,0,false,,"El Paso, Texas, United States",31.8603816667,-106.58648,,,,,,,open,false,,,Snowy Egret,Egretta thula,Garza dedos dorados,Aves,4940
142112406,51d02a02-c40f-4266-b740-9b02d3946637,2022/11/12 7:42 PM,2022-11-12,2022-11-13 01:42:00 +0000,Central Time (US & Canada),5356614,williamgeisler,,2022-11-16 01:43:35 +0000,2023-06-27 00:12:04 +0200,research,CC-BY-NC,https://www.inaturalist.org/observations/142112406,https://inaturalist-open-data.s3.amazonaws.com/photos/243592980/medium.jpg,,"",,4,0,false,,"Austin, TX, USA",30.2489370385,-97.7006278632,214,,,,214,,open,false,,,Snowy Egret,Egretta thula,Garza dedos dorados,Aves,4940
142171264,d1cd2d73-912e-448c-9d09-7f52da1b6d15,2022-11-16 13:01:59-08:00,2022-11-16,2022-11-16 21:01:59 +0000,Pacific Time (US & Canada),5573649,almightybeak,,2022-11-16 21:02:16 +0000,2023-03-08 20:59:05 +0000,research,CC-BY-NC,https://www.inaturalist.org/observations/142171264,https://inaturalist-open-data.s3.amazonaws.com/photos/243703934/medium.jpg,,"","",3,0,false,3,"Central Waterfront, San Francisco, CA, US",37.7632915322,-122.3866308947,4,,,,4,,open,false,,,Snowy Egret,Egretta thula,Garza dedos dorados,Aves,4940
142236058,e6e4a3ae-14ac-4f6c-8cca-0d47cbf30331,2020/05/22 8:42 AM,2020-05-22,2020-05-22 15:42:00 +0200,Central Time (US & Canada),2807595,jimangelo,,2022-11-17 19:37:57 +0000,2026-01-01 21:56:52 +0000,research,CC-BY-NC,https://www.inaturalist.org/observations/142236058,https://inaturalist-open-data.s3.amazonaws.com/photos/243821008/medium.jpg,,"Brackenridge Park, Egretta thula, San Antonio, Snowy Egret, Texas",,5,0,false,,"Brackenridge Park - Joske Pavillion, San Antonio, TX, USA",29.4631634698,-98.4698707144,78,,,,78,,open,false,,,Snowy Egret,Egretta thula,Garza dedos dorados,Aves,4940
142301227,67cd7d8c-8a48-461b-9127-be005b332f49,2022/10/25 1:10 PM,2022-10-25,2022-10-25 19:10:00 +0200,Eastern Time (US & Canada),987898,williamwisephoto,William Wise,2022-11-18 17:29:49 +0000,2022-11-28 22:23:33 +0000,research,,https://www.inaturalist.org/observations/142301227,https://static.inaturalist.org/photos/243940216/medium.jpg,,Suwannee River (brown trail),"<a href=""https://www.dreamstime.com/snowy-egret-egretta-thula-three-american-white-ibis-eudocimus-albus-water-birds-foraging-suwannee-river-image260842169#res16640164"">©williamwisephoto.com</a> Okefenokee Swamp National Wildlife Refuge, Georgia. October 25, 2022. 
 - Location: Suwannee River Sill (brown canoe trail) N30.80552° W82.41311°
 - Mostly sunny with high near 83.
 - Sunrise 7:39 AM; Sunset 6:46 PM
 - Daylight hours: 11 hours 7 minutes  (-1m 44s)

See and learn more about the incredible Okefenokee at www.okefenokee.photography",5,0,false,,"Okefenokee NWR, Suwannee River; Charlton County, GA, USA",30.80552,-82.41311,50,,,,50,,open,false,,,Snowy Egret,Egretta thula,Garza dedos dorados,Aves,4940
142501160,d974e9e4-6ac6-4f2a-b5f2-61c626267329,2017/12/31 10:26 AM,2017-12-31,2017-12-31 15:26:00 +0000,Eastern Time (US & Canada),915588,scoutingforplants,Beth Burrous,2022-11-21 01:48:06 +0000,2022-11-21 04:01:58 +0000,research,CC-BY-NC,https://www.inaturalist.org/observations/142501160,https://inaturalist-open-data.s3.amazonaws.com/photos/244316840/medium.jpeg,,Jan 1 2018,"",1,0,false,,"Boca Raton, FL, USA",26.3683064,-80.1289321,9047,,,,9047,,open,false,,,Snowy Egret,Egretta thula,Garza dedos dorados,Aves,4940
142513175,ee74891f-900d-42b8-9778-c793c8ac6900,2022-11-19,2022-11-19,,Pacific Time (US & Canada),6260940,sallyspotsthings,Sal,2022-11-21 05:38:24 +0000,2022-11-21 11:55:42 +0000,research,CC-BY-NC,https://www.inaturalist.org/observations/142513175,https://inaturalist-open-data.s3.amazonaws.com/photos/244340908/medium.jpg,,"","",3,0,false,,Bolsa Chica Ecological Reserve,33.698883,-118.043654,110,,,,110,,open,false,,,Snowy Egret,Egretta thula,Garza dedos dorados,Aves,4940
142573531,8a803c5c-3117-4a66-8321-1ab7c9601ef7,2022/11/18 9:48 AM,2022-11-18,2022-11-18 15:48:00 +0000,Mexico City,398099,siruki,SIRUKI EDUCACIÓN AMBIENTAL A.C.,2022-11-22 02:14:02 +0000,2022-11-23 13:36:13 +0000,research,CC-BY-NC,https://www.inaturalist.org/observations/142573531,https://inaturalist-open-data.s3.amazonaws.com/photos/244454659/medium.jpeg,,"","",3,0,false,,"Morelia, Mich., México",19.6963666667,-101.2342,,,,,,,open,false,,,Snowy Egret,Egretta thula,Garza dedos dorados,Aves,4940
142689431,aed3329c-6808-4d3f-871f-a26c6cea9cba,2019/10/09 10:09 AM,2019-10-09,2019-10-09 17:09:00 +0200,Central Time (US & Canada),2807595,jimangelo,,2022-11-23 18:47:22 +0000,2023-10-24 15:59:48 +0200,research,CC-BY-NC,https://www.inaturalist.org/observations/142689431,https://inaturalist-open-data.s3.amazonaws.com/photos/244675934/medium.jpg,,"Egretta rufescens, Egretta thula, Mitchell Lake Audubon Center, Reddish Egret, San Antonio, Snowy Egret, Texas",Left and top are Snowy Egrets; the other is Reddish Egret.,3,0,false,,"Mitchell Lake Audubon Center, San Antonio, TX, USA",29.3049683425,-98.494619428,1587,,,,1587,,open,false,,,Snowy Egret,Egretta thula,Garza dedos dorados,Aves,4940
142874377,477af185-2d50-471a-b57d-79a39b21b6b9,2022-11-25 14:19:31-08:00,2022-11-25,2022-11-25 22:19:31 +0000,Pacific Time (US & Canada),1509124,paulexcoff,"",2022-11-26 01:20:54 +0000,2022-11-29 06:23:20 +0000,research,CC-BY,https://www.inaturalist.org/observations/142874377,https://inaturalist-open-data.s3.amazonaws.com/photos/245016960/medium.jpg,,"","",3,0,false,3,"Natural Bridges State Beach, Santa Cruz, CA, US",36.9507,-122.0582583333,14,,,,14,,open,false,,,Snowy Egret,Egretta thula,Garza dedos dorados,Aves,4940
143174401,21ffbeee-d336-4cf9-968b-ccc4483763ec,2021/11/09 10:34 AM,2021-11-09,2021-11-09 15:34:00 +0000,Eastern Time (US & Canada),1306796,bert_filemyr,Bert Filemyr,2022-11-28 13:37:00 +0000,2022-11-28 14:38:59 +0000,research,CC-BY-NC,https://www.inaturalist.org/observations/143174401,https://inaturalist-open-data.s3.amazonaws.com/photos/245520743/medium.jpg,,"Snowy Egret (Egretta thula), ~Submitted to iNaturalist",,2,0,false,,"Atlantic, New Jersey, United States",39.465,-74.4477778,,,,,,,open,false,,,Snowy Egret,Egretta thula,Garza dedos dorados,Aves,4940
143497215,ae11bafc-30eb-495e-a696-a2846073bf4c,2017/02/12 9:24 AM,2017-02-12,2017-02-12 14:24:00 +0000,Eastern Time (US & Canada),1306796,bert_filemyr,Bert Filemyr,2022-12-02 14:43:52 +0000,2022-12-03 04:10:47 +0000,research,CC-BY-NC,https://www.inaturalist.org/observations/143497215,https://inaturalist-open-data.s3.amazonaws.com/photos/246104899/medium.jpg,,"2017 Florida, BIRDING TRIPS, Snowy Egret (Egretta thula), ~Submitted to iNaturalist",,2,0,false,,"Lee, Florida, United States",26.6496728883,-81.6869336117,,,,,,,open,false,,,Snowy Egret,Egretta thula,Garza dedos dorados,Aves,4940
143505287,d16c9528-43cd-458b-8091-cceb4a6ad8ad,2022/11/29 10:35 AM,2022-11-29,2022-11-29 15:35:00 +0000,Eastern Time (US & Canada),967304,cessna28b,Cessna28B,2022-12-02 17:17:09 +0000,2023-02-07 11:06:30 +0000,research,CC-BY-NC,https://www.inaturalist.org/observations/143505287,https://inaturalist-open-data.s3.amazonaws.com/photos/245990521/medium.jpeg,,"",,2,0,false,,"The Villages, FL, USA",28.8429064553,-81.9432581138,314,,,,314,,open,false,,,Snowy Egret,Egretta thula,Garza dedos dorados,Aves,4940
143517712,0c9eeded-58d7-49ec-9811-35ae3070e07c,2022/09/06 10:06,2022-09-06,2022-09-06 19:06:00 +0200,Pacific Time (US & Canada),6259435,noudberg,,2022-12-02 21:05:08 +0000,2022-12-14 05:43:15 +0000,research,CC-BY-NC,https://www.inaturalist.org/observations/143517712,https://inaturalist-open-data.s3.amazonaws.com/photos/246142371/medium.jpeg,,"","",6,0,false,,"Fisherman's Wharf, San Francisco, Californië, Verenigde Staten",37.8103739144,-122.4115478907,8,,,,8,,open,false,,,Kleine Blauwe Reiger,Egretta thula,Garza dedos dorados,Aves,4940
143545075,394a2b60-1969-4268-b6b5-7f3a70fc1d71,2022/12/01 2:42 PM,2022-12-01,2022-12-01 22:42:00 +0000,Pacific Time (US & Canada),38530,kevinhintsa,"",2022-12-03 05:43:49 +0000,2023-11-12 10:50:13 +0000,research,CC-BY-NC,https://www.inaturalist.org/observations/143545075,https://inaturalist-open-data.s3.amazonaws.com/photos/246194172/medium.jpeg,,"","",7,0,false,,"Pleasant Hill , CA USA",37.978599,-122.068478,417,,,,417,,open,false,,,Snowy Egret,Egretta thula,Garza dedos dorados,Aves,4940
143621570,6b0d6ad3-d9fb-487c-b61b-c800106620ab,2022/01/14 11:32 AM,2022-01-14,2022-01-14 17:32:00 +0000,America/Merida,4307012,javier57_vs,Ww0wssWwswwswwwwwsswwwsswwws0Javier Villegas Sierra1ñ1#,2022-12-04 05:44:26 +0000,2022-12-04 05:51:22 +0000,research,CC-BY-NC,https://www.inaturalist.org/observations/143621570,https://inaturalist-open-data.s3.amazonaws.com/photos/246342220/medium.jpeg,,"","",1,0,false,,"Laguna del Pop, Carmen, Camp., México",18.5722134059,-92.200006272,4726,,,,4726,,open,false,,,Snowy Egret,Egretta thula,Garza dedos dorados,Aves,4940
143763073,54f23f67-4ef0-4b8d-a57a-a64083a17563,2022/12/04 1:52 PM,2022-12-04,2022-12-04 21:52:00 +0000,Pacific Time (US & Canada),3263485,gluckert,Gregory Luckert,2022-12-06 01:09:54 +0000,2024-05-27 23:01:14 +0200,research,CC-BY-NC,https://www.inaturalist.org/observations/143763073,https://inaturalist-open-data.s3.amazonaws.com/photos/246612216/medium.jpeg,,"",,2,0,false,,"No Name Trail near Coyote Hills, Fremont, CA, USA",37.5464133333,-122.1135716667,,,,,,,open,false,,,Snowy Egret,Egretta thula,Garza dedos dorados,Aves,4940
143790660,3b45ed28-09a1-4419-8c42-25aece045bcb,2022-12-03 15:45:29-05:00,2022-12-03,2022-12-03 20:45:29 +0000,Central Time (US & Canada),264009,ck2az,CK2AZ,2022-12-06 12:26:24 +0000,2022-12-07 15:57:09 +0000,research,CC-BY,https://www.inaturalist.org/observations/143790660,https://inaturalist-open-data.s3.amazonaws.com/photos/246665615/medium.jpg,,"","",6,0,false,3,"Nueces Bay, Corpus Christi, TX, US",27.8527195318,-97.3592773873,43,,,,43,,open,false,,,Snowy Egret,Egretta thula,Garza dedos dorados,Aves,4940
144454947,6a8eca58-abc8-461f-b384-8b4648dd9cd2,2022/12/15 10:22 AM,2022-12-15,2022-12-15 16:22:00 +0000,Central Time (US & Canada),2707495,mglaspell,,2022-12-16 03:11:40 +0000,2022-12-16 03:19:40 +0000,research,CC-BY-NC,https://www.inaturalist.org/observations/144454947,https://inaturalist-open-data.s3.amazonaws.com/photos/247929240/medium.jpg,,"",,3,0,false,,"600 Canal St, Lockport, LA 70374, USA",29.6455393,-90.5430799,196,,,,196,,open,false,,,Snowy Egret,Egretta thula,Garza dedos dorados,Aves,4940
144529245,b204aa60-afb0-4c61-a7d6-57369917e1e6,2022/12/16 12:40 PM,2022-12-16,2022-12-16 17:40:00 +0000,Eastern Time (US & Canada),2863877,hollyyoung,"",2022-12-17 11:39:55 +0000,2022-12-17 12:07:55 +0000,research,CC-BY-NC,https://www.inaturalist.org/observations/144529245,https://inaturalist-open-data.s3.amazonaws.com/photos/248073440/medium.jpeg,,"",,2,0,false,,"Silver Springs, FL, USA",29.2159639364,-82.0494012025,2,,,,2,,open,false,,,Snowy Egret,Egretta thula,Garza dedos dorados,Aves,4940
144811297,d7242bf1-8801-4676-9d58-5138a6912ed8,2014/02/19 12:00 PM,2014-02-19,2014-02-19 18:00:00 +0000,Mexico City,4611161,frozeninmn,Frozen In MN 🦉,2022-12-21 20:58:09 +0000,2023-08-09 01:59:22 +0200,research,,https://www.inaturalist.org/observations/144811297,https://static.inaturalist.org/photos/248625735/medium.jpeg,,"","",3,0,false,,"Zihuatanejo de Azueta, Guerrero, Mexico",17.685918,-101.640746,,,,,,,open,false,,,Snowy Egret,Egretta thula,Garza dedos dorados,Aves,4940
144873478,a4c7d521-56cd-48a1-ba59-77d3999733c5,2022-12-22 11:41:05,2022-12-22,2022-12-22 18:41:05 +0000,Arizona,5097334,aesch,"",2022-12-22 20:01:41 +0000,2022-12-22 21:08:07 +0000,research,CC-BY-NC,https://www.inaturalist.org/observations/144873478,https://inaturalist-open-data.s3.amazonaws.com/photos/248747571/medium.jpeg,,"",,1,0,false,2,Riparian Preserve at Water Ranch,33.3643874769,-111.7346926779,192,,,,192,,open,false,gps,gps,Snowy Egret,Egretta thula,Garza dedos dorados,Aves,4940
145003910,d4f87d89-ff36-407e-b849-db0fff5f9cac,2022-12-24 15:08:09-05:00,2022-12-24,2022-12-24 20:08:09 +0000,Eastern Time (US & Canada),18327,whiteoak,Alan Weakley,2022-12-24 20:18:35 +0000,2024-01-10 21:39:46 +0000,research,CC0,https://www.inaturalist.org/observations/145003910,https://inaturalist-open-data.s3.amazonaws.com/photos/249001207/medium.jpg,,"","",3,0,false,3,"S Causeway Rd, Pawleys Island, SC, US",33.4254277731,-79.1308514681,4,,,,4,,open,false,,,Snowy Egret,Egretta thula,Garza dedos dorados,Aves,4940
145087477,aa1ec0cb-c7aa-4ba1-91f1-f19631f8eafa,2022/12/24 3:24 PM,2022-12-24,2022-12-24 20:24:00 +0000,America/Cancun,659740,dalien,Daniel Onea,2022-12-26 04:39:20 +0000,2023-01-11 18:04:24 +0000,research,CC-BY-NC,https://www.inaturalist.org/observations/145087477,https://inaturalist-open-data.s3.amazonaws.com/photos/249163670/medium.jpeg,,"",,1,0,false,,"Isla Mujeres, Quintana Roo, Mexico",21.3411383333,-86.7935966667,,,,,,,open,false,,,Snowy Egret,Egretta thula,Garza dedos dorados,Aves,4940
145297605,ed821c97-5cf9-4f93-856f-8747efab33fe,2022/12/26 12:07 PM,2022-12-26,2022-12-26 20:07:00 +0000,Pacific Time (US & Canada),5894075,asmo_sw,Aashay Mody,2022-12-28 23:50:58 +0000,2023-11-11 02:12:12 +0000,research,CC-BY-NC,https://www.inaturalist.org/observations/145297605,https://inaturalist-open-data.s3.amazonaws.com/photos/249565400/medium.jpeg,,"",,1,0,false,,"Newport Beach, CA, USA",33.6490125296,-117.8776380447,999,,,,999,,open,false,,,Snowy Egret,Egretta thula,Garza dedos dorados,Aves,4940
145364234,0fe3dd13-9b9b-4934-a3ed-072dd1ccb93c,2022-12-05 15:34:47-08:00,2022-12-05,2022-12-05 23:34:47 +0000,Pacific Time (US & Canada),4094731,jordannamuse,,2022-12-29 18:12:36 +0000,2022-12-29 18:44:52 +0000,research,CC-BY-NC,https://www.inaturalist.org/observations/145364234,https://inaturalist-open-data.s3.amazonaws.com/photos/249669360/medium.jpg,,"","",1,0,false,3,"North Pacific Ocean, Del Monte Forest, CA, US",36.6147283333,-121.946,3,,,,3,,open,false,,,Snowy Egret,Egretta thula,Garza dedos dorados,Aves,4940
145503555,517ba178-64f6-470c-a831-37a93d18674a,2022/12/08 11:37 AM,2022-12-08,2022-12-08 17:37:00 +0000,Central America,4026605,ricardelremate,Ricard Busquets Reverte,2022-12-31 14:26:39 +0000,2022-12-31 17:35:57 +0000,research,CC-BY,https://www.inaturalist.org/observations/145503555,https://inaturalist-open-data.s3.amazonaws.com/photos/249940207/medium.jpeg,,"","Orillas lago Petén Itzá. El Remate, Petén, Guatemala.
Happy New Year 2023. Choose life.
",1,0,false,,"Flores, Guatemala",16.9960896745,-89.6972537041,17,,,,17,,open,false,,,Snowy Egret,Egretta thula,Garza dedos dorados,Aves,4940
145779531,b23ca474-8e07-4d7e-bfac-50c48b0458ae,2023-01-03 16:14:38,2023-01-03,2023-01-03 21:14:38 +0000,Eastern Time (US & Canada),5397097,alexsea,Alex Cunradi,2023-01-03 21:18:07 +0000,2023-01-03 23:27:49 +0000,research,,https://www.inaturalist.org/observations/145779531,https://static.inaturalist.org/photos/250475472/medium.jpeg,,"",,1,0,false,2,"Fernandina Beach, FL 32034, USA",30.6496178533,-81.4411230013,5,,,,5,,open,false,gps,gps,Snowy Egret,Egretta thula,Garza dedos dorados,Aves,4940
145786320,ddee6a75-badd-4939-b7c5-956896e96fd0,2023/01/02 8:01 AM,2023-01-02,2023-01-02 14:01:00 +0000,Mexico City,46217,nachotorres,Ignacio Torres-García,2023-01-03 22:59:56 +0000,2023-01-04 00:32:09 +0000,research,CC-BY-NC,https://www.inaturalist.org/observations/145786320,https://inaturalist-open-data.s3.amazonaws.com/photos/250487322/medium.jpeg,,"","",2,0,false,,"Cuitzeo, Mich., México",19.9418346779,-101.1378835651,4,,,,4,,open,false,,,Snowy Egret,Egretta thula,Garza dedos dorados,Aves,4940
145924033,15fd4c2f-65b7-4602-8a5a-f8022754c8a9,2023/01/05 11:51 AM,2023-01-05,2023-01-05 17:51:00 +0000,Mexico City,192635,jartigas,Juan Miguel Artigas Azas,2023-01-05 22:43:34 +0000,2023-01-17 22:12:28 +0000,research,,https://www.inaturalist.org/observations/145924033,https://static.inaturalist.org/photos/250760640/medium.jpg,,"","",3,0,false,,"Parque Tangamanga I, San Luis, S.L.P., Mexico",22.1277094805,-101.0020654098,2,,,,2,,open,false,,,Snowy Egret,Egretta thula,Garza dedos dorados,Aves,4940
146013883,eda77675-4860-4e18-82a7-f6270a64d97c,2022/12/26 5:33 PM,2022-12-26,2022-12-26 23:33:00 +0000,Central Time (US & Canada),3452813,bstynen,Bram Stynen,2023-01-07 04:29:45 +0000,2023-01-10 20:14:37 +0000,research,CC-BY-NC,https://www.inaturalist.org/observations/146013883,https://inaturalist-open-data.s3.amazonaws.com/photos/250935414/medium.jpeg,,T3,,1,0,false,,"St Martin Parish, LA, USA",30.2280957008,-91.9164155464,235,,,,235,,open,false,,,Snowy Egret,Egretta thula,Garza dedos dorados,Aves,4940
146224390,4ee51305-6642-40e3-ad5c-6da20aac1f1c,2023-01-06 14:04:48,2023-01-06,2023-01-06 22:04:48 +0000,Pacific Time (US & Canada),1507622,loualexander,Lou Alexander,2023-01-09 20:13:26 +0000,2023-01-10 00:41:47 +0000,research,CC-BY-NC,https://www.inaturalist.org/observations/146224390,https://static.inaturalist.org/photos/251348343/medium.jpg,,January 6  P1068870,"A snowy egret.  The roil the water with their feet to stir up tadpoles, frogs, insects and small fish.",2,0,false,,7935 Caledonia Dr  95135,37.292481,-121.744756,,,,,,,open,false,,manual,Snowy Egret,Egretta thula,Garza dedos dorados,Aves,4940
146357317,0cecac47-2526-496e-ad9c-6f5e10c65a1b,2023-01-11 12:50:04-08:00,2023-01-11,2023-01-11 20:50:04 +0000,Pacific Time (US & Canada),162651,saraf,"",2023-01-11 20:50:26 +0000,2023-11-12 10:49:41 +0000,research,CC-BY-NC,https://www.inaturalist.org/observations/146357317,https://inaturalist-open-data.s3.amazonaws.com/photos/251604597/medium.jpg,,"","",3,0,false,3,"Sherman Canal, Los Angeles, CA, US",33.98417491,-118.4639463109,3,,,,3,,open,false,,,Snowy Egret,Egretta thula,Garza dedos dorados,Aves,4940
146374760,0be178ec-6547-4271-b470-dc8dc73de216,2023/01/11 11:16 AM,2023-01-11,2023-01-11 16:16:00 +0000,Eastern Time (US & Canada),907409,mfeaver,"",2023-01-12 02:08:43 +0000,2023-06-17 19:49:30 +0200,research,CC-BY,https://www.inaturalist.org/observations/146374760,https://inaturalist-open-data.s3.amazonaws.com/photos/251640216/medium.jpeg,,"","",2,0,false,,"Jefferson County, FL, USA",30.325025,-83.9872183333,,,,,,,open,false,,,Snowy Egret,Egretta thula,Garza dedos dorados,Aves,4940
146457120,c7ebf0e9-b28b-44d8-8aa3-fcae4fc9bcdb,2023-01-12 07:06:57,2023-01-12,2023-01-12 12:06:57 +0000,America/Panama,430162,mattandeliz,Matt Cohen and Elizabeth Hargrave,2023-01-13 10:17:43 +0000,2023-01-14 23:29:06 +0000,research,CC-BY-NC,https://www.inaturalist.org/observations/146457120,https://inaturalist-open-data.s3.amazonaws.com/photos/251800569/medium.jpeg,,"",After a few minutes of this they both flew down the beach,3,0,false,2,Jobo,8.1737541538,-81.8757018819,3590,,,,3590,,open,false,gps,gps,Snowy Egret,Egretta thula,Garza dedos dorados,Aves,4940
146584375,d578c834-b758-44c8-8ac7-2171acc48435,2019-09-14 11:00:00-08:00,2019-09-14,2019-09-14 21:00:00 +0200,Pacific Time (US & Canada),5759470,philipdekat,Philip Dekat,2023-01-15 03:55:53 +0000,2023-01-19 07:02:23 +0000,research,,https://www.inaturalist.org/observations/146584375,https://static.inaturalist.org/photos/252046505/medium.jpg,,"","",2,0,false,3,"Humboldt Bay National Wildlife Refuge, Loleta, CA, US",40.6865223003,-124.2199516783,25,,,,25,,open,false,,,Snowy Egret,Egretta thula,Garza dedos dorados,Aves,4940
146613291,bf5801a2-a89c-4033-8e84-4a19638b5d59,2007/04/06 11:43 PM,2007-04-06,2007-04-07 05:43:00 +0200,Eastern Time (US & Canada),541847,billhubick,Bill Hubick,2023-01-15 15:13:03 +0000,2023-12-23 19:42:42 +0000,research,CC-BY-NC,https://www.inaturalist.org/observations/146613291,https://static.inaturalist.org/photos/252102942/medium.jpg,,"",,4,0,false,,Port Mahon Road,39.1816461867,-75.403751106,1366,,,,1366,,open,false,,,Snowy Egret,Egretta thula,Garza dedos dorados,Aves,4940
146836599,31419f77-11fe-4a4a-95c3-ab2b408eb038,2023-01-18 08:40:33-08:00,2023-01-18,2023-01-18 16:40:33 +0000,Pacific Time (US & Canada),147916,chickadeekt,,2023-01-18 17:54:36 +0000,2023-05-09 04:54:29 +0200,research,CC-BY-NC,https://www.inaturalist.org/observations/146836599,https://inaturalist-open-data.s3.amazonaws.com/photos/252544610/medium.jpg,,"","",2,0,false,3,"Saniku Gakuin Santa Clara Japanese School, San Jose, CA, US",37.3041133426,-121.987045,20,,,,20,,open,false,,,Snowy Egret,Egretta thula,Garza dedos dorados,Aves,4940
146991664,fb6427ca-24b0-4495-8478-475bfa8c1211,2023-01-20 16:08:00-05:00,2023-01-20,2023-01-20 21:08:00 +0000,Eastern Time (US & Canada),6025038,thedentist25,"",2023-01-21 00:30:08 +0000,2023-05-08 19:19:56 +0200,research,CC-BY-NC,https://www.inaturalist.org/observations/146991664,https://inaturalist-open-data.s3.amazonaws.com/photos/252846499/medium.jpeg,,"","",3,0,false,,"300 Airlie Rd, Wilmington, NC 28403, USA",34.2182979,-77.8302416,198,,,,198,,open,false,,,Snowy Egret,Egretta thula,Garza dedos dorados,Aves,4940
147046178,ebdbf9f8-9015-447d-8b2f-3b0b0c389efe,2023/01/20 9:59 AM,2023-01-20,2023-01-20 15:59:00 +0000,Central Time (US & Canada),18812,mako252,Jon McIntyre,2023-01-21 19:29:07 +0000,2023-01-23 17:22:48 +0000,research,CC-BY-NC,https://www.inaturalist.org/observations/147046178,https://inaturalist-open-data.s3.amazonaws.com/photos/252953463/medium.jpeg,,"",,6,0,false,,"Port Aransas, TX, USA",27.8273876514,-97.0795896839,2,,,,2,,open,false,,,Snowy Egret,Egretta thula,Garza dedos dorados,Aves,4940
147208707,cf727870-c283-4d80-b782-21e8491473d9,2023/01/22 1:35 PM,2023-01-22,2023-01-22 19:35:00 +0000,Monterrey,173068,leoguzman,Leonardo Guzmán,2023-01-23 18:51:28 +0000,2023-01-23 20:00:20 +0000,research,CC-BY-NC-ND,https://www.inaturalist.org/observations/147208707,https://inaturalist-open-data.s3.amazonaws.com/photos/253264558/medium.jpeg,,"",,2,0,false,,"Monterrey, N.L., México",25.6658744188,-100.3263188156,16,,,,16,,open,false,,,Garza dedos dorados,Egretta thula,Garza dedos dorados,Aves,4940
147394444,1ce73668-bc72-45ba-93b4-ca79d07af114,2023/01/18 3:03 PM,2023-01-18,2023-01-18 20:03:00 +0000,Eastern Time (US & Canada),2713651,bassindalebirding,Cody Bassindale,2023-01-26 14:45:16 +0000,2023-01-26 14:47:05 +0000,research,,https://www.inaturalist.org/observations/147394444,https://static.inaturalist.org/photos/253618199/medium.jpeg,,"",,2,0,false,,Black Point Wildlife Drive,28.6573789,-80.7544025,199,,,,199,,open,false,,,Snowy Egret,Egretta thula,Garza dedos dorados,Aves,4940
147433371,ff55bc89-7aa2-4b6a-8b80-cfd18240a0ce,2018-12-25,2018-12-25,,Mexico City,1069439,adnerbaves,ADNERB MAYORGA,2023-01-27 02:40:01 +0000,2023-01-27 14:02:08 +0000,research,CC-BY-NC,https://www.inaturalist.org/observations/147433371,https://inaturalist-open-data.s3.amazonaws.com/photos/253695052/medium.jpeg,,"",,3,0,false,2,"848Q+GP, Costa Esmeralda, Ver., México",20.3166767748,-96.8586642668,1054,,,,1054,,open,false,,,Snowy Egret,Egretta thula,Garza dedos dorados,Aves,4940
147656312,ed28de87-2a61-49d5-9563-7800bc0e81a6,2023-01-29 10:14:06-08:00,2023-01-29,2023-01-29 18:14:06 +0000,Pacific Time (US & Canada),5865251,swmpgrl99,,2023-01-29 23:35:06 +0000,2023-02-19 05:44:58 +0000,research,CC-BY-NC,https://www.inaturalist.org/observations/147656312,https://inaturalist-open-data.s3.amazonaws.com/photos/256888727/medium.jpg,,"","",1,0,false,3,"North Pacific Ocean, Santa Cruz, CA, US",36.950275,-122.0580528333,4,,,,4,,open,false,,,Snowy Egret,Egretta thula,Garza dedos dorados,Aves,4940
147774301,2a070520-0b04-4375-bd47-c3fb6141474b,2023/01/31 10:43 AM,2023-01-31,2023-01-31 15:43:00 +0000,Eastern Time (US & Canada),291150,abiggs2,Alan R. Biggs,2023-01-31 17:25:40 +0000,2023-02-03 23:02:21 +0000,research,CC-BY-NC,https://www.inaturalist.org/observations/147774301,https://inaturalist-open-data.s3.amazonaws.com/photos/254339453/medium.jpg,,"",,4,0,false,,"Hilton Head Island, SC, USA",32.2090687338,-80.7327486924,6243,,,,6243,,open,false,,,Snowy Egret,Egretta thula,Garza dedos dorados,Aves,4940
148023164,6bb527bf-f802-4453-a649-b76c2f9fbcc6,2023/02/03 3:41 PM,2023-02-03,2023-02-03 20:41:00 +0000,Eastern Time (US & Canada),3286634,billpranty,Bill Pranty,2023-02-04 15:35:20 +0000,2023-04-28 03:32:09 +0200,research,CC-BY-NC,https://www.inaturalist.org/observations/148023164,https://inaturalist-open-data.s3.amazonaws.com/photos/254823128/medium.jpg,,"","With Valeri Ponzo, hoping that Val could get great photographs of the Pacific Loon. Nobody else saw the loon today (the weather was no doubt a factor), but Val found it WAY OUT, south of the southwestern point of the park, probably in the shipping channel. The weather at the start was sunny, 67 degrees, and windy (from the north at 14mph, gusting to 27 mph). We left at 1746 and headed to DeRusso's Pizzeria for a delicious dinner.",1,0,false,,"Florida, Pinellas, Fort De Soto Park, Gulf Pier",27.613477303,-82.7384839409,164,,,,164,,open,false,,,Snowy Egret,Egretta thula,Garza dedos dorados,Aves,4940
148023165,f10315f1-09c1-4b48-ac27-e8e2ceed28e6,2023/02/03 3:41 PM,2023-02-03,2023-02-03 20:41:00 +0000,Eastern Time (US & Canada),3286634,billpranty,Bill Pranty,2023-02-04 15:35:21 +0000,2023-02-04 15:36:10 +0000,research,CC-BY-NC,https://www.inaturalist.org/observations/148023165,https://inaturalist-open-data.s3.amazonaws.com/photos/254823138/medium.jpg,,"","With Valeri Ponzo, hoping that Val could get great photographs of the Pacific Loon. Nobody else saw the loon today (the weather was no doubt a factor), but Val found it WAY OUT, south of the southwestern point of the park, probably in the shipping channel. The weather at the start was sunny, 67 degrees, and windy (from the north at 14mph, gusting to 27 mph). We left at 1746 and headed to DeRusso's Pizzeria for a delicious dinner.",1,0,false,,"Florida, Pinellas, Fort De Soto Park, Gulf Pier",27.613477303,-82.7384839409,164,,,,164,,open,false,,,Snowy Egret,Egretta thula,Garza dedos dorados,Aves,4940
148036488,5f6dc260-3364-4de1-814a-c0211f0e1be7,2021/04/17 9:22 AM,2021-04-17,2021-04-17 18:22:00 +0200,Pacific Time (US & Canada),3349980,rwcannon57,,2023-02-04 18:46:29 +0000,2023-02-06 00:07:19 +0000,research,CC-BY-NC,https://www.inaturalist.org/observations/148036488,https://inaturalist-open-data.s3.amazonaws.com/photos/254848867/medium.jpg,,"",,1,0,false,,"Imperial County, CA, USA",33.2101107374,-115.5297154725,15,,,,15,,open,false,,,Snowy Egret,Egretta thula,Garza dedos dorados,Aves,4940
148233486,02424207-e0ea-4f38-8fec-ecbc049b862a,2023-02-05 16:00:00-08:00,2023-02-05,2023-02-06 00:00:00 +0000,Pacific Time (US & Canada),3046794,chrisbrais,Chris Brais,2023-02-07 06:21:47 +0000,2023-02-07 16:01:43 +0000,research,,https://www.inaturalist.org/observations/148233486,https://static.inaturalist.org/photos/255226609/medium.jpg,,"","",2,0,false,3,"Cabrillo National Monument, San Diego, CA, US",32.6694655409,-117.2451019213,74,,,,74,,open,false,,,Snowy Egret,Egretta thula,Garza dedos dorados,Aves,4940
148698837,22089202-0b47-4160-88eb-32196f7d781f,2023-02-13 08:37:13-08:00,2023-02-13,2023-02-13 16:37:13 +0000,Pacific Time (US & Canada),1390000,lordfox,Chon,2023-02-13 16:45:27 +0000,2023-02-24 17:21:14 +0000,research,,https://www.inaturalist.org/observations/148698837,https://static.inaturalist.org/photos/256117505/medium.jpg,,"","The images are in reverse order, you can see him right before during, and after a strike and even zoom in and see something in the tip of his beak in the last one",1,0,false,3,"North Island, Coronado, CA, US",32.68893,-117.1636971667,4,,,,4,,open,false,,,Snowy Egret,Egretta thula,Garza dedos dorados,Aves,4940
149069621,335ad362-181b-472f-948e-456527118540,2023/02/18 9:35 AM,2023-02-18,2023-02-18 15:35:00 +0000,America/Managua,597461,cmtercero,Cynthia Tercero,2023-02-18 20:44:22 +0000,2023-02-21 16:16:23 +0000,research,CC-BY-NC,https://www.inaturalist.org/observations/149069621,https://inaturalist-open-data.s3.amazonaws.com/photos/256813983/medium.jpeg,,"",,4,0,false,,"Granada, Nicaragua",12.0331030896,-85.9234176397,732,,,,732,,open,false,,,Snowy Egret,Egretta thula,Garza dedos dorados,Aves,4940
149147342,777db222-7c46-4a10-b11c-783cb021e10d,2023/02/19 9:43 AM,2023-02-19,2023-02-19 15:43:00 +0000,Mexico City,192635,jartigas,Juan Miguel Artigas Azas,2023-02-19 17:20:28 +0000,2025-01-28 21:06:41 +0000,research,,https://www.inaturalist.org/observations/149147342,https://static.inaturalist.org/photos/256960684/medium.jpeg,,"",,7,0,false,,"Zona Hotelera, Puerto Vallarta, Jal., Mexico",20.6449341028,-105.2400030864,2,,,,2,,open,false,,,Snowy Egret,Egretta thula,Garza dedos dorados,Aves,4940
149363965,b83dba7c-232f-4052-a0e7-e87641a0fbed,2023-02-15 08:41:00-06:00,2023-02-15,2023-02-15 14:41:00 +0000,America/Managua,5239222,jsirker,,2023-02-21 23:43:56 +0000,2023-02-23 04:18:26 +0000,research,CC-BY-NC,https://www.inaturalist.org/observations/149363965,https://inaturalist-open-data.s3.amazonaws.com/photos/257363826/medium.jpg,,"","",5,0,false,3,"Pacific Ocean, Villa Carlos Fonseca, Managua, NI",11.9145759679,-86.6181891134,572,,,,572,,open,false,,,Snowy Egret,Egretta thula,Garza dedos dorados,Aves,4940
149486264,a76268d9-8105-4bb0-986e-5a6cf57c0ee1,2023-02-19 18:50:29-05:00,2023-02-19,2023-02-19 23:50:29 +0000,Pacific Time (US & Canada),5940629,whistlingduck,Roderick Hornby,2023-02-23 16:51:43 +0000,2023-04-08 13:46:16 +0200,research,CC-BY-NC,https://www.inaturalist.org/observations/149486264,https://inaturalist-open-data.s3.amazonaws.com/photos/257597365/medium.jpg,,"","",1,0,false,3,"North Pacific Ocean, CA, US",32.8166523325,-117.2737733791,264,,,,264,,open,false,,,Snowy Egret,Egretta thula,Garza dedos dorados,Aves,4940
149515560,96669629-b28b-4a38-bcd0-40e1b556b1f0,2020/05/26 11:14 AM,2020-05-26,2020-05-26 18:14:00 +0200,Central Time (US & Canada),2807595,jimangelo,,2023-02-23 23:49:28 +0000,2023-07-08 02:05:51 +0200,research,CC-BY-NC,https://www.inaturalist.org/observations/149515560,https://inaturalist-open-data.s3.amazonaws.com/photos/257651481/medium.jpg,,"Brackenridge Park, Egretta thula, Juvenile, San Antonio, Snowy Egret, Texas",,1,0,false,,"Brackenridge Park - Joske Pavilion, San Antonio, TX, USA",29.4621641226,-98.4697102122,197,,,,197,,open,false,,,Snowy Egret,Egretta thula,Garza dedos dorados,Aves,4940
149515561,a2d19800-2863-4f93-abe7-c7abe0f0b04e,2020/06/02 7:41 AM,2020-06-02,2020-06-02 14:41:00 +0200,Central Time (US & Canada),2807595,jimangelo,,2023-02-23 23:49:28 +0000,2023-07-08 02:05:51 +0200,research,CC-BY-NC,https://www.inaturalist.org/observations/149515561,https://inaturalist-open-data.s3.amazonaws.com/photos/257651512/medium.jpg,,"Brackenridge Park, Egretta thula, Juvenile, San Antonio, Snowy Egret, Texas",,2,0,false,,"Brackenridge Park - Joske Pavilion, San Antonio, TX, USA",29.4621641226,-98.4697102122,197,,,,197,,open,false,,,Snowy Egret,Egretta thula,Garza dedos dorados,Aves,4940
149515562,4fc8a52c-158f-45cb-b042-197c3a4875e2,2020/06/02 8:22 AM,2020-06-02,2020-06-02 15:22:00 +0200,Central Time (US & Canada),2807595,jimangelo,,2023-02-23 23:49:28 +0000,2023-09-02 00:43:24 +0200,research,CC-BY-NC,https://www.inaturalist.org/observations/149515562,https://inaturalist-open-data.s3.amazonaws.com/photos/257651541/medium.jpg,,"Brackenridge Park, Egretta thula, Juvenile, San Antonio, Snowy Egret, Texas",,2,0,false,,"Brackenridge Park - Joske Pavilion, San Antonio, TX, USA",29.4621641226,-98.4697102122,197,,,,197,,open,false,,,Snowy Egret,Egretta thula,Garza dedos dorados,Aves,4940
149515563,e932738c-acd0-46fe-8699-0929317e2e4c,2021/06/10 9:31 AM,2021-06-10,2021-06-10 16:31:00 +0200,Central Time (US & Canada),2807595,jimangelo,,2023-02-23 23:49:29 +0000,2023-07-08 02:05:53 +0200,research,CC-BY-NC,https://www.inaturalist.org/observations/149515563,https://inaturalist-open-data.s3.amazonaws.com/photos/257651555/medium.jpg,,"Brackenridge Park, Egretta thula, Juvenile, San Antonio, Snowy Egret, Texas",,2,0,false,,"Brackenridge Park - Joske Pavilion, San Antonio, TX, USA",29.4621641226,-98.4697102122,197,,,,197,,open,false,,,Snowy Egret,Egretta thula,Garza dedos dorados,Aves,4940
149568109,e2a0a8c9-7fb3-4d6b-83b6-6f2e781c4f5f,2023-02-24 09:21:50,2023-02-24,2023-02-24 17:21:50 +0000,Pacific Time (US & Canada),1577275,demi5,Demi Eslava,2023-02-24 17:22:36 +0000,2023-07-08 12:45:35 +0200,research,CC-BY-NC,https://www.inaturalist.org/observations/149568109,https://inaturalist-open-data.s3.amazonaws.com/photos/257752655/medium.jpeg,,"",,1,0,false,2,"Imperial Beach, CA, USA",32.5729499997,-117.1232873997,,,,,,,open,false,gps,gps,Snowy Egret,Egretta thula,Garza dedos dorados,Aves,4940
149737747,300ea5a3-73c6-428f-9d41-4d4110ab619b,2023-02-26 08:48:18-08:00,2023-02-26,2023-02-26 16:48:18 +0000,Pacific Time (US & Canada),5842625,alberto818,Alberto Gonzalez,2023-02-26 16:49:03 +0000,2023-02-26 17:23:49 +0000,research,,https://www.inaturalist.org/observations/149737747,https://static.inaturalist.org/photos/258067446/medium.jpg,,"","",3,0,false,3,"Grand Canal, Los Angeles, CA, US",33.9812232175,-118.4659024184,5,,,,5,,open,false,,,Snowy Egret,Egretta thula,Garza dedos dorados,Aves,4940
149792490,193096af-7ddc-4cd1-9733-5b3f36da04ed,2023/02/25 2:45 PM,2023-02-25,2023-02-25 19:45:00 +0000,Eastern Time (US & Canada),5018825,kitemongoose,,2023-02-27 03:04:27 +0000,2024-12-19 16:06:37 +0000,research,CC-BY-NC,https://www.inaturalist.org/observations/149792490,https://inaturalist-open-data.s3.amazonaws.com/photos/258156578/medium.jpeg,,hunting for prey,Will duplicate for the Great Egret (photo 2). ,1,0,false,,"Florida, US",30.5717972301,-81.4010620631,13,,,,29356,obscured,open,true,,,Snowy Egret,Egretta thula,Garza dedos dorados,Aves,4940
149863921,76f247c1-afcb-4aca-9302-695b6911a8d6,2023/02/20 11:19 AM,2023-02-20,2023-02-20 17:19:00 +0000,Mexico City,1000,muir,Matt Muir,2023-02-27 23:55:20 +0000,2026-02-19 16:02:47 +0000,research,CC-BY,https://www.inaturalist.org/observations/149863921,https://inaturalist-open-data.s3.amazonaws.com/photos/258308451/medium.jpeg,,"","Under a tame, perched egret.",4,0,false,,Las Caletas,20.5054815201,-105.3820632374,40,,,,40,,open,false,,,Snowy Egret,Egretta thula,Garza dedos dorados,Aves,4940
149993088,32e49bbe-4891-4b5f-96db-6635de14ebc9,2023/02/22 5:49 PM,2023-02-22,2023-02-22 23:49:00 +0000,Central America,2899624,donmarsille,Don Marsille,2023-03-01 18:10:40 +0000,2023-03-01 21:59:14 +0000,research,CC-BY-NC,https://www.inaturalist.org/observations/149993088,https://inaturalist-open-data.s3.amazonaws.com/photos/258551948/medium.jpg,,"",,2,0,false,,"Monterrico, Guatemala",13.8936291,-90.4809098,1103,,,,1103,,open,false,,,Snowy Egret,Egretta thula,Garza dedos dorados,Aves,4940
150131712,5daa934a-ca74-4a82-8744-9c411d246149,2023/03/02 11:29 AM,2023-03-02,2023-03-02 17:29:00 +0000,Central Time (US & Canada),778926,kinsel,Raymond L Kinsel,2023-03-03 15:04:12 +0000,2023-03-03 18:53:58 +0000,research,,https://www.inaturalist.org/observations/150131712,https://static.inaturalist.org/photos/258811539/medium.jpeg,,"",,2,0,false,,"Bexar, Texas, United States",29.289365,-98.2989966667,,,,,,,open,false,,,Snowy Egret,Egretta thula,Garza dedos dorados,Aves,4940
150204829,cd6ed8dd-a594-4dea-8678-e8980374f068,2022/10/27 12:28 PM,2022-10-27,2022-10-27 18:28:00 +0200,Eastern Time (US & Canada),987898,williamwisephoto,William Wise,2023-03-04 12:43:43 +0000,2023-06-16 23:04:06 +0200,research,,https://www.inaturalist.org/observations/150204829,https://static.inaturalist.org/photos/258951987/medium.jpg,,"","Okefenokee National Wildlife Refuge, Georgia. October 27, 2022. Paddling from the Canal Run shelter back to Stephen C Foster. 
 - Billy's Lake N30.83455° W82.35265°
 - Sunny, with high near 83.
 - Sunrise 7:41 AM; Sunset 6:45 PM
 - Daylight Hours: 11 hours, 4 minutes (-1m 43s)
 - Moon 6.8% Waxing Crescent

See and learn more about the great Okefenokee Swamp at www.okefenokee.photography",8,0,false,,"Okefenokee NWR; Charlton County, GA, USA",30.83455,-82.35265,50,,,,50,,open,false,,,Snowy Egret,Egretta thula,Garza dedos dorados,Aves,4940
150347068,cbf04462-ac57-433d-9250-3bd561c24ed7,2023-03-05 08:41:48-06:00,2023-03-05,2023-03-05 14:41:48 +0000,Central Time (US & Canada),5703958,nate_sabo,Nate Sabo,2023-03-05 21:36:27 +0000,2023-07-29 18:58:14 +0200,research,CC-BY,https://www.inaturalist.org/observations/150347068,https://inaturalist-open-data.s3.amazonaws.com/photos/259226836/medium.jpg,,"","",2,0,false,3,"Colorado River, Austin, TX, US",30.2505396571,-97.7073108712,23,,,,23,,open,false,,,Snowy Egret,Egretta thula,Garza dedos dorados,Aves,4940
150352614,5fd1842c-2e62-4416-a17c-a1ed22cd336b,2020/09/22 10:24 AM,2020-09-22,2020-09-22 16:24:00 +0200,Eastern Time (US & Canada),6440718,davidramage,David Ramage,2023-03-05 22:27:21 +0000,2023-03-10 16:23:38 +0000,research,CC-BY-NC,https://www.inaturalist.org/observations/150352614,https://inaturalist-open-data.s3.amazonaws.com/photos/259237044/medium.jpg,,"",,3,0,false,,"Charleston County, SC, USA",32.8777298333,-80.0826651068,8,,,,8,,open,false,,,Snowy Egret,Egretta thula,Garza dedos dorados,Aves,4940
150430446,34e81b8e-3a39-4c6d-ac50-5653d9f524f5,2023-03-05 15:02:19-08:00,2023-03-05,2023-03-05 23:02:19 +0000,Pacific Time (US & Canada),1678463,martinloef,,2023-03-06 19:41:31 +0000,2023-03-06 20:46:14 +0000,research,CC-BY-NC,https://www.inaturalist.org/observations/150430446,https://inaturalist-open-data.s3.amazonaws.com/photos/259388608/medium.jpg,,"","",2,0,false,3,"Carlsbad Blvd, Carlsbad, CA, US",33.1286668764,-117.333609831,88,,,,88,,open,false,,,Snowy Egret,Egretta thula,Garza dedos dorados,Aves,4940
150472857,623c58ce-9548-4954-a1f5-082c73f75d1f,2023/02/15 5:27 PM,2023-02-15,2023-02-16 01:27:00 +0000,Pacific Time (US & Canada),183791,afengler,Alf Fengler,2023-03-07 06:34:36 +0000,2023-11-12 10:48:58 +0000,research,CC-BY-NC,https://www.inaturalist.org/observations/150472857,https://inaturalist-open-data.s3.amazonaws.com/photos/259472715/medium.jpg,,"",What is the Snowy Egret eating?,2,0,false,,"1701 Coyote Point Dr, San Mateo, CA 94401, USA",37.5872676,-122.3191012,207,,,,207,,open,false,,,Snowy Egret,Egretta thula,Garza dedos dorados,Aves,4940
150631273,06adecc7-da1b-41b5-aa69-1774c0b0a0a2,2023-03-08 13:28:38-08:00,2023-03-08,2023-03-08 21:28:38 +0000,Pacific Time (US & Canada),3201928,mayor_of_taco_town,,2023-03-09 04:39:52 +0000,2023-04-09 18:33:43 +0200,research,CC-BY-NC,https://www.inaturalist.org/observations/150631273,https://inaturalist-open-data.s3.amazonaws.com/photos/259776498/medium.jpg,,"","",1,0,false,3,"Golden Gate Park, San Francisco, CA, US",37.77065,-122.4616866667,4,,,,4,,open,false,,,Snowy Egret,Egretta thula,Garza dedos dorados,Aves,4940
151227537,aec81b96-73f6-4059-94c2-ab5eac2dc7e3,2009-12-26 06:07:58,2009-12-26,2009-12-26 12:07:58 +0000,America/Merida,372232,rtshaw80,Ryan Shaw,2023-03-15 18:17:55 +0000,2024-06-14 10:52:05 +0200,research,CC-BY-NC,https://www.inaturalist.org/observations/151227537,https://inaturalist-open-data.s3.amazonaws.com/photos/260897691/medium.jpg,,"Egretta thula, Snowy Egret, December, 2009, Rio Lagartos, Canon EOS 50D, Canon EF 500mm f/4L IS USM, Canon EF 1.4x II Extender, Snowy Egret (Egretta thula)","Rio Lagartos. 
Yucatan, Mexico.
December 26, 2009.

Taken with a Canon EOS 50D and a Canon EF 500mm f/4L IS USM Lens with a Canon EF 1.4x II Extender.",4,0,false,,Rio Lagartos,21.596482,-88.157898,1095,,,,1095,,open,false,,google,Snowy Egret,Egretta thula,Garza dedos dorados,Aves,4940
151276455,e7180e92-b91e-43c0-98d0-633ab6892ae7,2022-11-11 09:28:47-08:00,2022-11-11,2022-11-11 17:28:47 +0000,Pacific Time (US & Canada),6576972,tessaileen,tess m,2023-03-16 05:12:48 +0000,2023-03-17 20:20:17 +0000,research,,https://www.inaturalist.org/observations/151276455,https://static.inaturalist.org/photos/260989472/medium.jpg,,"","",1,0,false,3,"Montaña de Oro State Park, Morro Bay, CA, US",35.3448966667,-120.8434833333,12,,,,12,,open,false,,,Snowy Egret,Egretta thula,Garza dedos dorados,Aves,4940
151276984,86e37053-58ed-4040-85aa-3c7cd80b8907,2023-03-12 11:27:38-08:00,2023-03-12,2023-03-12 19:27:38 +0000,Pacific Time (US & Canada),4268148,sorrykb,Kat B,2023-03-16 05:24:38 +0000,2025-08-02 21:00:04 +0200,research,CC-BY-NC,https://www.inaturalist.org/observations/151276984,https://static.inaturalist.org/photos/260990442/medium.jpg,,"","",5,0,false,3,"Anaheim Bay, Huntington Beach, CA, US",33.7027190431,-118.0515338265,186,,,,186,,open,false,,,Snowy Egret,Egretta thula,Garza dedos dorados,Aves,4940
151495234,e0623142-1ca8-4d3a-a697-27e94e17504a,2023/03/17 9:37 AM,2023-03-17,2023-03-17 16:37:00 +0000,Pacific Time (US & Canada),802004,docprt,"",2023-03-18 16:14:05 +0000,2023-03-25 03:29:39 +0000,research,CC-BY-NC,https://www.inaturalist.org/observations/151495234,https://inaturalist-open-data.s3.amazonaws.com/photos/261402552/medium.jpeg,,"",,1,0,false,,"San Carlos, San Diego, CA, USA",32.7931475025,-117.0399621448,15,,,,15,,open,false,,,Snowy Egret,Egretta thula,Garza dedos dorados,Aves,4940
151652262,0ea2633b-7427-4549-bf27-a9a8d7fbce99,2023/03/19 10:30 AM,2023-03-19,2023-03-19 15:30:00 +0000,Central Time (US & Canada),4049897,hoiman01,Hoiman,2023-03-19 20:41:41 +0000,2024-08-14 12:42:16 +0200,research,CC-BY-NC,https://www.inaturalist.org/observations/151652262,https://inaturalist-open-data.s3.amazonaws.com/photos/261694020/medium.jpg,,"",,1,0,false,,"Bishop Fiorenza Park, Harris County, TX, USA",29.71955,-95.6289827778,,,,,,,open,false,,,Snowy Egret,Egretta thula,Garza dedos dorados,Aves,4940
151702011,51e9bf5a-2923-4f60-b4d9-ebd647dff07c,2023/03/10 12:30 PM,2023-03-10,2023-03-10 17:30:00 +0000,Eastern Time (US & Canada),288282,restringham,Rachel Stringham,2023-03-20 05:10:42 +0000,2024-08-29 18:44:46 +0200,research,CC-BY,https://www.inaturalist.org/observations/151702011,https://inaturalist-open-data.s3.amazonaws.com/photos/261790819/medium.jpeg,,"","",1,0,false,,"Madeira Beach, FL, USA",27.7845316667,-82.7820833333,,,,,,,open,false,,,Snowy Egret,Egretta thula,Garza dedos dorados,Aves,4940
151958484,ff765628-bcb8-4c87-b8b8-521276099790,2023-03-22 13:14:41-07:00,2023-03-22,2023-03-22 20:14:41 +0000,Pacific Time (US & Canada),6579976,gregbear,,2023-03-22 20:18:19 +0000,2023-03-29 22:54:15 +0200,research,CC-BY-NC,https://www.inaturalist.org/observations/151958484,https://inaturalist-open-data.s3.amazonaws.com/photos/262271518/medium.jpg,,"","",2,0,false,3,"Evanston Pl, Goleta, CA, US",34.4277657985,-119.8801786086,50,,,,50,,open,false,,,Snowy Egret,Egretta thula,Garza dedos dorados,Aves,4940
152003526,dec30c28-11e4-4115-a6a8-c2242abaaf82,2023/03/19 3:14 PM,2023-03-19,2023-03-19 22:14:00 +0000,Pacific Time (US & Canada),605471,michaelpatrickyoon,Michael Patrick Yoon,2023-03-23 05:54:54 +0000,2023-12-10 04:42:10 +0000,research,,https://www.inaturalist.org/observations/152003526,https://static.inaturalist.org/photos/262344549/medium.jpg,,"",,2,0,false,,"Santa Barbara County, CA, USA",34.4062076101,-119.8780583583,2,,,,2,,open,false,,,Snowy Egret,Egretta thula,Garza dedos dorados,Aves,4940
152052404,070a82f0-4307-46af-a0a7-db0890214991,2023/03/18 3:07 PM,2023-03-18,2023-03-18 22:07:00 +0000,Pacific Time (US & Canada),314738,vireosylva,Phoebe Barnes,2023-03-23 18:25:30 +0000,2025-03-10 22:46:46 +0000,research,CC-BY-NC,https://www.inaturalist.org/observations/152052404,https://inaturalist-open-data.s3.amazonaws.com/photos/262436924/medium.jpeg,,"",,1,0,false,,"Pacific Grove, CA, USA",36.6266111111,-121.9396805556,,,,,,,open,false,,,Snowy Egret,Egretta thula,Garza dedos dorados,Aves,4940
152211966,456519a0-8e73-4fb5-810f-902b1a14e206,2023/03/24 11:05 AM,2023-03-24,2023-03-24 18:05:00 +0000,Mazatlan,5345102,lantanaaplanacalles,Antonio Toledo R.,2023-03-25 06:05:44 +0000,2023-03-25 06:12:51 +0000,research,CC-BY-NC,https://www.inaturalist.org/observations/152211966,https://inaturalist-open-data.s3.amazonaws.com/photos/262736099/medium.jpg,,"",Exif_JPEG_420,2,0,false,,"Escuinapa, Sin., México",22.7980710588,-105.8372924657,31,,,,31,,open,false,,,Snowy Egret,Egretta thula,Garza dedos dorados,Aves,4940
152285742,d5af42b0-99c9-456c-8b5d-2319bb6e4702,2023/03/24 6:37 PM,2023-03-24,2023-03-24 22:37:00 +0000,Eastern Time (US & Canada),1735275,markhagg,"",2023-03-25 20:15:43 +0000,2024-07-24 06:53:44 +0200,research,,https://www.inaturalist.org/observations/152285742,https://static.inaturalist.org/photos/262867664/medium.jpg,,"",,2,0,false,,"1700 Paris Ave, Port Royal, SC 29935, USA",32.3823699,-80.6899049,228,,,,228,,open,false,,,Snowy Egret,Egretta thula,Garza dedos dorados,Aves,4940
152463577,04bd11f1-2cd0-45dd-b24f-219f42983c5e,2023/03/23 9:05 AM,2023-03-23,2023-03-23 14:05:00 +0000,Central Time (US & Canada),2878127,pittmankw4,Kathy Pittman,2023-03-27 04:57:17 +0200,2023-03-27 19:38:52 +0200,research,CC-BY-NC,https://www.inaturalist.org/observations/152463577,https://inaturalist-open-data.s3.amazonaws.com/photos/263199888/medium.jpeg,,"",,3,0,false,,Fenwick Nature Center,29.5446671446,-95.3094312297,56,,,,56,,open,false,,,Snowy Egret,Egretta thula,Garza dedos dorados,Aves,4940
152661443,251f13a0-d74f-4835-8cb6-69cefd11420d,2020-05-13 18:48:46,2020-05-13,2020-05-14 03:48:46 +0200,Pacific Time (US & Canada),4590187,rcloran,,2023-03-28 23:00:49 +0200,2023-03-28 23:03:57 +0200,research,CC-BY-NC-ND,https://www.inaturalist.org/observations/152661443,https://inaturalist-open-data.s3.amazonaws.com/photos/263563750/medium.jpg,,"",,1,0,false,814,"Santa Clara, California, United States",37.383911,-121.968636,,,,,,,open,false,,,Snowy Egret,Egretta thula,Garza dedos dorados,Aves,4940
152942781,f1224a6a-c504-46d8-90f6-97862193e974,2023/03/31 8:44 AM,2023-03-31,2023-03-31 14:44:00 +0200,Eastern Time (US & Canada),264251,rdebenham,Roger Debenham,2023-03-31 18:16:25 +0200,2023-04-03 18:34:25 +0200,research,CC-BY-NC,https://www.inaturalist.org/observations/152942781,https://inaturalist-open-data.s3.amazonaws.com/photos/264088118/medium.jpeg,,"",surrounded by Great Egrets,2,0,false,,"Northwest Harwich, Harwich, MA, USA",41.6791245761,-70.1097186807,15,,,,15,,open,false,,,Snowy Egret,Egretta thula,Garza dedos dorados,Aves,4940
153190127,196e4eba-5324-4f3d-bddd-6f5e286021aa,2023-04-02 10:50:53-04:00,2023-04-02,2023-04-02 16:50:53 +0200,Eastern Time (US & Canada),6482310,someowletmoth221,Jayden Ward,2023-04-02 17:50:02 +0200,2023-04-02 19:43:24 +0200,research,CC-BY-NC,https://www.inaturalist.org/observations/153190127,https://inaturalist-open-data.s3.amazonaws.com/photos/264552952/medium.jpg,,"",Group of three,2,0,false,3,"Bayside Rd, Chesapeake Beach, MD, US",38.6993810085,-76.5336605778,27,,,,27,,open,false,,,Snowy Egret,Egretta thula,Garza dedos dorados,Aves,4940
153531985,1af8b950-efb8-4c98-b88f-220714039cc5,2023-03-21 13:23:47,2023-03-21,2023-03-21 17:23:47 +0000,Eastern Time (US & Canada),6590982,isopods78,Gideon,2023-04-05 06:41:36 +0200,2023-04-05 06:54:04 +0200,research,,https://www.inaturalist.org/observations/153531985,https://static.inaturalist.org/photos/265186374/medium.jpeg,,"",,1,0,false,2,"Charlotte County, FL, USA",26.9415653956,-82.0767217129,2813,,,,2813,,open,false,gps,gps,Snowy Egret,Egretta thula,Garza dedos dorados,Aves,4940
153755571,d361b270-8b27-496f-9fc5-860bfc757866,2023/04/05 11:31 AM,2023-04-05,2023-04-05 18:31:00 +0200,Central Time (US & Canada),1712820,vicki76,Vicki Sanders,2023-04-07 02:54:20 +0200,2023-04-07 02:54:59 +0200,research,CC0,https://www.inaturalist.org/observations/153755571,https://inaturalist-open-data.s3.amazonaws.com/photos/265597874/medium.jpeg,,"",,1,0,false,,"4318 FM1985, Anahuac, TX 77514, USA",29.6576206,-94.5466046,199,,,,199,,open,false,,,Snowy Egret,Egretta thula,Garza dedos dorados,Aves,4940
153803344,8561f1ee-4d37-484b-a0b1-5ab923390bef,2023-04-07 09:10:32,2023-04-07,2023-04-07 15:10:32 +0200,Eastern Time (US & Canada),6226699,feman,Austin Crawford,2023-04-07 15:11:11 +0200,2023-04-07 18:05:40 +0200,research,,https://www.inaturalist.org/observations/153803344,https://static.inaturalist.org/photos/265689039/medium.jpeg,,"",,2,0,false,2,"Orlando, FL 32821, USA",28.41122464,-81.45890187,7,,,,7,,open,false,,,Snowy Egret,Egretta thula,Garza dedos dorados,Aves,4940
153839187,42721e74-1b3d-470f-a0ad-8cd1350abe97,2023-04-07 12:52:47,2023-04-07,2023-04-07 19:52:47 +0200,Central Time (US & Canada),4371401,sh0nf0x,Sean,2023-04-07 20:39:12 +0200,2023-04-08 06:42:25 +0200,research,,https://www.inaturalist.org/observations/153839187,https://static.inaturalist.org/photos/265753078/medium.jpeg,,"",,2,0,false,2,"Sunnyside, FL 32413, USA",30.2677005698,-85.9881321341,8,,,,8,,open,false,gps,gps,Snowy Egret,Egretta thula,Garza dedos dorados,Aves,4940
153873915,38ee120a-16d9-4bd9-926d-0f31095bc34e,2023/04/07 8:20 AM,2023-04-07,2023-04-07 17:20:00 +0200,Pacific Time (US & Canada),4344262,mountainsong,Sing to the Mountain Studio,2023-04-08 02:01:08 +0200,2023-04-08 22:38:33 +0200,research,CC-BY-NC,https://www.inaturalist.org/observations/153873915,https://inaturalist-open-data.s3.amazonaws.com/photos/265817183/medium.jpg,,"",,2,0,false,,"Grasslands Intersections MTRP, San Diego, CA, USA",32.8433599441,-117.0375556743,40,,,,40,,open,false,,,Snowy Egret,Egretta thula,Garza dedos dorados,Aves,4940
153899314,b3d9cc98-aad5-4387-ad37-b9d8617fe49a,2022/06/02 3:26 PM,2022-06-02,2022-06-02 23:26:00 +0200,Mazatlan,78535,saralaxia,Sara Alcalá Jiménez,2023-04-08 07:41:14 +0200,2025-05-05 03:24:18 +0200,research,,https://www.inaturalist.org/observations/153899314,https://inaturalist-open-data.s3.amazonaws.com/photos/265863983/medium.jpeg,,RB El Vizcaíno,,2,0,false,,"Área CIBNOR Guerrero Negro, B.C.S., México",27.9578162324,-114.0616057998,244,,,,244,,open,false,,,Garza dedos dorados,Egretta thula,Garza dedos dorados,Aves,4940
153911666,ddc6d9b6-6c48-4476-bac7-3b39d69276a7,2023/04/07 6:16 AM,2023-04-07,2023-04-07 12:16:00 +0200,Eastern Time (US & Canada),690411,charlesavenengo,"",2023-04-08 11:03:07 +0200,2023-04-08 18:10:54 +0200,research,CC-BY-NC,https://www.inaturalist.org/observations/153911666,https://inaturalist-open-data.s3.amazonaws.com/photos/265890786/medium.jpeg,,"","",1,0,false,,"Jamestown, RI, USA",41.5093143397,-71.369899353,136,,,,136,,open,false,,,Snowy Egret,Egretta thula,Garza dedos dorados,Aves,4940
154512033,1cae11af-4c41-4df0-8453-0d07c12f21e2,2023/04/11 3:05 PM,2023-04-11,2023-04-11 22:05:00 +0200,Central Time (US & Canada),72880,charley,"",2023-04-12 04:21:40 +0200,2023-04-13 07:52:41 +0200,research,CC-BY-NC,https://www.inaturalist.org/observations/154512033,https://inaturalist-open-data.s3.amazonaws.com/photos/266983478/medium.jpeg,,"","",1,0,false,,"Chambers County, TX, USA",29.6093032933,-94.5481317187,122,,,,122,,open,false,,,Snowy Egret,Egretta thula,Garza dedos dorados,Aves,4940
155257524,f396f0ce-8d1b-4760-9e96-2843706b10ba,2023-04-16 02:54:13,2023-04-16,2023-04-16 11:54:13 +0200,Pacific Time (US & Canada),4607238,ejbramm,Eliott Brammer,2023-04-17 02:55:21 +0200,2023-04-18 06:14:19 +0200,research,CC-BY-NC,https://www.inaturalist.org/observations/155257524,https://inaturalist-open-data.s3.amazonaws.com/photos/268349456/medium.jpeg,,"",,1,0,false,2,"Santa Clara County, US-CA, US",37.27231035,-121.9484115019,55,,,,55,,open,false,gps,gps,Snowy Egret,Egretta thula,Garza dedos dorados,Aves,4940
155993658,6e8559bd-063c-45f5-8c71-626a8581844e,2023/03/04 4:59 PM,2023-03-04,2023-03-04 22:59:00 +0000,Central America,4026605,ricardelremate,Ricard Busquets Reverte,2023-04-22 05:28:03 +0200,2023-04-24 23:43:01 +0200,research,CC-BY,https://www.inaturalist.org/observations/155993658,https://inaturalist-open-data.s3.amazonaws.com/photos/269696857/medium.jpeg,,"","Around El Remate village, near the lake Petén Itzá, Flores, Petén, Guatemala.",2,0,false,,"El Remate, Guatemala",16.9926573458,-89.6928437814,42,,,,42,,open,false,,,Snowy Egret,Egretta thula,Garza dedos dorados,Aves,4940
156002437,d3e023ee-6c90-4eae-b14e-0c16a90ad4b9,2023/04/20 10:26 AM,2023-04-20,2023-04-20 19:26:00 +0200,Arizona,2558804,knight17,Daryl Williams,2023-04-22 07:36:37 +0200,2023-04-22 16:38:32 +0200,research,CC-BY-NC,https://www.inaturalist.org/observations/156002437,https://inaturalist-open-data.s3.amazonaws.com/photos/269714205/medium.jpeg,,"",,2,0,false,,"Riparian Preserve at Water Ranch, Gilbert, AZ, USA",33.3615558996,-111.7348643614,372,,,,372,,open,false,,,Snowy Egret,Egretta thula,Garza dedos dorados,Aves,4940
156117422,42ff95a3-07d5-4319-81dc-d50c07dc8c7b,2023/04/21 19:25,2023-04-21,2023-04-22 01:25:00 +0200,America/Martinique,2753794,bornfeta,,2023-04-22 22:31:29 +0200,2025-05-10 06:34:56 +0200,research,CC-BY-NC,https://www.inaturalist.org/observations/156117422,https://inaturalist-open-data.s3.amazonaws.com/photos/269914965/medium.jpg,,"",,2,0,false,,"Sainte-Anne, Martinique",14.3998366712,-60.8746756758,4,,,,4,,open,false,,,Garza dedos dorados,Egretta thula,Garza dedos dorados,Aves,4940
156503627,7fafd263-9ca4-47a9-9518-b168ef91e782,2023-04-24 15:00:13,2023-04-24,2023-04-25 00:00:13 +0200,Pacific Time (US & Canada),6496322,barbara_kim1,"",2023-04-25 02:17:21 +0200,2023-04-26 01:38:41 +0200,research,CC-BY-NC,https://www.inaturalist.org/observations/156503627,https://inaturalist-open-data.s3.amazonaws.com/photos/270630382/medium.jpeg,,"",,2,0,false,2,Carpinteria Salt Marsh Nature Park,34.3970315974,-119.5278090611,254,,,,254,,open,false,gps,gps,Snowy Egret,Egretta thula,Garza dedos dorados,Aves,4940
156574842,059ae267-ba69-4765-b921-005a1e45f97c,2023/02/12 11:45 AM,2023-02-12,2023-02-12 17:45:00 +0000,Mexico City,270397,panecillo,Jorge A. Pérez Torres,2023-04-25 15:40:28 +0200,2023-04-25 15:55:28 +0200,research,CC-BY-NC,https://www.inaturalist.org/observations/156574842,https://inaturalist-open-data.s3.amazonaws.com/photos/270764423/medium.jpeg,,"",,1,0,false,,"Zoológico de San Juan de Aragón, 07920 Ciudad de México, CDMX, México",19.4617195845,-99.0739571391,229,,,,229,,open,false,,,Garza dedos dorados,Egretta thula,Garza dedos dorados,Aves,4940
157359418,986cb07f-a4af-47bb-81c7-5ae7ce6c9be1,2023-04-28,2023-04-28,,Central Time (US & Canada),181537,arrowheadspiketail58,Bill Carrell,2023-04-29 01:49:51 +0200,2025-12-15 18:17:23 +0000,research,CC-BY-NC-ND,https://www.inaturalist.org/observations/157359418,https://inaturalist-open-data.s3.amazonaws.com/photos/272086326/medium.jpeg,,"","",1,0,false,,"Oxley Nature Center, Tulsa County OK",36.224843,-95.896507,6,,,,6,,open,false,,,Snowy Egret,Egretta thula,Garza dedos dorados,Aves,4940
157367263,7d5f5c23-04b3-484c-a439-389e807d3570,2023/04/28 3:34 PM,2023-04-28,2023-04-28 23:34:00 +0200,Mountain Time (US & Canada),1517762,devoncox,Devoncox,2023-04-29 02:13:31 +0200,2023-04-29 07:08:39 +0200,research,CC-BY-NC,https://www.inaturalist.org/observations/157367263,https://inaturalist-open-data.s3.amazonaws.com/photos/272099225/medium.jpeg,,"","",1,0,false,,"North Valley, NM, USA",35.2025602863,-106.6354006147,15,,,,15,,open,false,,,Snowy Egret,Egretta thula,Garza dedos dorados,Aves,4940
157888847,7599f69b-16c5-4be6-93dd-e8747ad0f7a2,2023-04-29 19:31:14,2023-04-29,2023-04-30 03:31:14 +0200,Mountain Time (US & Canada),4277199,barrowevobio,,2023-04-30 03:31:45 +0200,2024-03-25 16:16:38 +0000,research,CC-BY-NC,https://www.inaturalist.org/observations/157888847,https://inaturalist-open-data.s3.amazonaws.com/photos/272935278/medium.jpeg,,"",,1,0,false,2,"South Valley, NM, USA",35.05910862,-106.6623778,4,,,,4,,open,false,,,Snowy Egret,Egretta thula,Garza dedos dorados,Aves,4940
158710201,e3c5fbe6-3a6e-440e-af51-b81f139fc49c,2023-05-01 08:07:27-06:00,2023-05-01,2023-05-01 16:07:27 +0200,America/Merida,435480,rafaelcar,,2023-05-01 18:26:10 +0200,2025-09-07 02:18:55 +0200,research,CC-BY-NC,https://www.inaturalist.org/observations/158710201,https://inaturalist-open-data.s3.amazonaws.com/photos/274248477/medium.jpg,,"","",2,0,false,3,"Isla del Carmen, MX",18.6652866667,-91.8282383333,,,,,,,open,false,,,Garza dedos dorados,Egretta thula,Garza dedos dorados,Aves,4940
158738835,42bc3e16-1d81-4860-87c2-874c74582530,2019/07/11 6:41 PM,2019-07-11,2019-07-12 03:41:00 +0200,Pacific Time (US & Canada),6097101,petermcintyre,,2023-05-01 19:22:22 +0200,2023-05-01 19:28:14 +0200,research,CC-BY-NC,https://www.inaturalist.org/observations/158738835,https://inaturalist-open-data.s3.amazonaws.com/photos/274279112/medium.jpg,,"",,1,0,false,,"Orange County, CA, USA",33.6947507455,-118.0481507096,122,,,,122,,open,false,,,Snowy Egret,Egretta thula,Garza dedos dorados,Aves,4940
159096655,374178bf-1f27-46c0-8359-5e25fc161c0d,2023/05/01 8:08 AM,2023-05-01,2023-05-01 17:08:00 +0200,Pacific Time (US & Canada),3703274,ca_photo_hobbyist,"",2023-05-02 08:57:49 +0200,2023-05-02 13:03:10 +0200,research,CC-BY-NC-SA,https://www.inaturalist.org/observations/159096655,https://inaturalist-open-data.s3.amazonaws.com/photos/274860675/medium.jpg,,"",,1,0,false,,"Cardiff, Encinitas, CA 92007, USA",33.00875854,-117.2773074136,132,,,,132,,open,false,,,Snowy Egret,Egretta thula,Garza dedos dorados,Aves,4940
159326640,c4ebf618-84f8-4f97-8f8b-699e22f49fec,2023/04/29 9:07 AM,2023-04-29,2023-04-29 15:07:00 +0200,Eastern Time (US & Canada),1163555,j_albright,,2023-05-03 03:50:11 +0200,2024-09-30 16:23:55 +0200,research,,https://www.inaturalist.org/observations/159326640,https://static.inaturalist.org/photos/275267617/medium.jpg,,"",,2,0,false,,"Wakulla County, FL, USA",30.0776958046,-84.1775209198,2,,,,2,,open,false,,,Snowy Egret,Egretta thula,Garza dedos dorados,Aves,4940
159565854,a318e186-77d8-479c-b1af-21e966734887,2023/04/28 1:11 PM,2023-04-28,2023-04-28 22:11:00 +0200,Mazatlan,5784,julio,Julio Alejandro Álvarez Ruiz,2023-05-04 04:02:26 +0200,2023-05-04 08:14:10 +0200,research,CC-BY,https://www.inaturalist.org/observations/159565854,https://static.inaturalist.org/photos/275694463/medium.jpeg,,"",,1,0,false,,"Mazatlán, Sin., México",23.2088308967,-106.4249129772,227,,,,227,,open,false,,,Snowy Egret,Egretta thula,Garza dedos dorados,Aves,4940
159604906,8dbe34cf-2e3b-450e-ad63-75b8e36f7340,2023/04/28 9:17 AM,2023-04-28,2023-04-28 18:17:00 +0200,Pacific Time (US & Canada),818374,mikethebirder,Mike Nelson,2023-05-04 08:49:54 +0200,2023-05-04 09:24:54 +0200,research,CC-BY-NC,https://www.inaturalist.org/observations/159604906,https://inaturalist-open-data.s3.amazonaws.com/photos/275765704/medium.jpeg,,"",,1,0,false,,"Lakeside, CA, USA",32.8592664316,-116.9188850791,61,,,,61,,open,false,,,Snowy Egret,Egretta thula,Garza dedos dorados,Aves,4940
159694305,7ab6d877-7e80-4441-8f0f-9231f1731f94,2023/04/29 8:40 AM,2023-04-29,2023-04-29 14:40:00 +0200,Eastern Time (US & Canada),2483732,silvertop41,,2023-05-04 19:40:49 +0200,2023-05-05 20:17:44 +0200,research,CC-BY-NC,https://www.inaturalist.org/observations/159694305,https://inaturalist-open-data.s3.amazonaws.com/photos/275921661/medium.jpg,,"",,4,0,false,,"Mechanicsville, VA, USA",37.64042,-77.416642,,,,,,,open,false,,,Snowy Egret,Egretta thula,Garza dedos dorados,Aves,4940
159780127,2987680b-ab7d-4488-bcd2-7763e5ce9709,2023/05/04 4:04 PM,2023-05-04,2023-05-05 01:04:00 +0200,Pacific Time (US & Canada),4118583,sglider,Sondra K Glider,2023-05-05 04:06:27 +0200,2023-05-05 04:27:43 +0200,research,,https://www.inaturalist.org/observations/159780127,https://static.inaturalist.org/photos/276078991/medium.jpeg,,"","",1,0,false,,"Mountain View, CA, USA",37.4329421569,-122.0883273823,8,,,,8,,open,false,,,Snowy Egret,Egretta thula,Garza dedos dorados,Aves,4940
160095953,cb9b8d99-98fa-4345-8ac1-33ebc7d6cfd4,2023/05/01 3:03 PM,2023-05-01,2023-05-02 00:03:00 +0200,Pacific Time (US & Canada),115802,cfhollo,"",2023-05-06 17:58:08 +0200,2023-05-07 16:17:46 +0200,research,CC-BY-NC,https://www.inaturalist.org/observations/160095953,https://inaturalist-open-data.s3.amazonaws.com/photos/276607744/medium.jpg,,"INAT 23, San Elijo 23",,2,0,false,,South Side San E Lagoon ,33.0045966158,-117.2672094775,719,,,,719,,open,false,,,Snowy Egret,Egretta thula,Garza dedos dorados,Aves,4940
160728835,209c54d5-75f3-4ab6-a9db-9484732aff15,2023/05/08 4:35 PM,2023-05-08,2023-05-08 23:35:00 +0200,Central Time (US & Canada),3412138,strongm,Mayve,2023-05-09 15:01:10 +0200,2023-05-09 15:36:35 +0200,research,CC-BY-NC,https://www.inaturalist.org/observations/160728835,https://inaturalist-open-data.s3.amazonaws.com/photos/277763226/medium.jpg,,"",,2,0,false,,"1111 Valley View Ln, Farmers Branch, TX 75234, USA",32.9170221,-96.9337763,195,,,,195,,open,false,,,Snowy Egret,Egretta thula,Garza dedos dorados,Aves,4940
161775873,f801308b-2023-4aeb-b6c9-c97621878399,2023-05-15 06:36:00-03:00,2023-05-15,2023-05-15 11:36:00 +0200,Atlantic Time (Canada),5705896,thelmaphillips,Thelma Phillips,2023-05-15 12:15:54 +0200,2023-06-29 20:56:48 +0200,research,CC-BY-NC,https://www.inaturalist.org/observations/161775873,https://inaturalist-open-data.s3.amazonaws.com/photos/279658439/medium.jpeg,,"","Blurry photos of the first snowy egret I have observed on our river. Not really clear in photos, but definite dark legs and yellow feet. One bird only. ",1,0,false,,"Prince Edward Island, Canada",46.6936756984,-64.0190420663,8,,,,8,,open,false,,,Snowy Egret,Egretta thula,Garza dedos dorados,Aves,4940
161820054,f6d5cbc4-4d73-48f8-aa95-76a335900f08,2023/05/15 12:01 PM,2023-05-15,2023-05-15 18:01:00 +0200,Eastern Time (US & Canada),3716019,hugh_vandervoort,Hugh Vandervoort,2023-05-15 18:04:02 +0200,2023-05-16 21:38:54 +0200,research,,https://www.inaturalist.org/observations/161820054,https://static.inaturalist.org/photos/279735394/medium.jpg,,"",,1,0,false,,"600 Quiet Waters Park Rd, Annapolis, MD 21403, USA",38.9376698,-76.5008994,189,,,,189,,open,false,,,Snowy Egret,Egretta thula,Garza dedos dorados,Aves,4940
162238000,d1dc340f-2f88-409d-b795-7304d7fa169f,2023/05/14 1:37 PM,2023-05-14,2023-05-14 19:37:00 +0200,Eastern Time (US & Canada),1299792,cinnamon325,Dimitris S,2023-05-18 04:36:37 +0200,2023-05-18 05:49:07 +0200,research,,https://www.inaturalist.org/observations/162238000,https://static.inaturalist.org/photos/280509169/medium.jpeg,,"",Two fighting ,1,0,false,,"Galloway, NJ, USA",39.4601409235,-74.4380876469,451,,,,451,,open,false,,,Snowy Egret,Egretta thula,Garza dedos dorados,Aves,4940
162610845,ffba711a-026b-420e-808e-dece64eca5b4,2023/05/17 7:18 PM,2023-05-17,2023-05-18 04:18:00 +0200,Pacific Time (US & Canada),5361001,cynthiagrobertson,Cynthia G. Robertson,2023-05-20 08:24:36 +0200,2024-07-24 07:21:51 +0200,research,CC-BY-NC,https://www.inaturalist.org/observations/162610845,https://inaturalist-open-data.s3.amazonaws.com/photos/281185065/medium.jpeg,,"","",1,0,false,,"Lindo Lake, Lakeside, CA 92040, USA",32.8578323,-116.9149581,271,,,,271,,open,false,,,Snowy Egret,Egretta thula,Garza dedos dorados,Aves,4940
162738745,98714eea-55b8-4c17-a360-f10c28976797,2023/05/19 10:35 AM,2023-05-19,2023-05-19 19:35:00 +0200,Pacific Time (US & Canada),2526234,muuushrooms,Karen Kincy,2023-05-20 22:08:44 +0200,2024-12-22 08:54:19 +0000,research,CC-BY,https://www.inaturalist.org/observations/162738745,https://inaturalist-open-data.s3.amazonaws.com/photos/281405371/medium.jpeg,,"",,1,0,false,,"Mountain View, CA, USA",37.4194470524,-122.0714143072,266,,,,266,,open,false,,,Snowy Egret,Egretta thula,Garza dedos dorados,Aves,4940
162738750,2933487c-47f9-4d2d-8379-445357b1aa0d,2023/05/19 10:45 AM,2023-05-19,2023-05-19 19:45:00 +0200,Pacific Time (US & Canada),2526234,muuushrooms,Karen Kincy,2023-05-20 22:08:45 +0200,2024-12-22 08:54:36 +0000,research,CC-BY,https://www.inaturalist.org/observations/162738750,https://inaturalist-open-data.s3.amazonaws.com/photos/281407067/medium.jpeg,,"",,1,0,false,,"Mountain View, CA, USA",37.4194470524,-122.0714143072,266,,,,266,,open,false,,,Snowy Egret,Egretta thula,Garza dedos dorados,Aves,4940
163065056,7d14929d-3a49-40c0-bca4-2e49ba7e9a15,2023/05/09 1:13 PM,2023-05-09,2023-05-09 22:13:00 +0200,America/Vancouver,742725,jasonalexander,Jason Alexander,2023-05-22 06:50:43 +0200,2023-05-22 07:06:48 +0200,research,CC-BY,https://www.inaturalist.org/observations/163065056,https://inaturalist-open-data.s3.amazonaws.com/photos/282001789/medium.jpg,,"",,1,0,false,,"Kamloops, BC, Canada",50.6816699463,-120.3474614218,72,,,,72,,open,false,,,Snowy Egret,Egretta thula,Garza dedos dorados,Aves,4940
163425238,3a0f4513-97cf-4d21-b255-b5b62c8350bc,2023/05/23 9:06 AM,2023-05-23,2023-05-23 16:06:00 +0200,Central Time (US & Canada),3686419,wildmoss,Sarah R.,2023-05-24 05:06:21 +0200,2023-12-31 21:30:40 +0000,research,CC-BY-NC,https://www.inaturalist.org/observations/163425238,https://inaturalist-open-data.s3.amazonaws.com/photos/282648272/medium.jpeg,,"",,4,0,false,,"Galveston, TX, USA",29.2991624662,-94.7744514979,10,,,,10,,open,false,,,Snowy Egret,Egretta thula,Garza dedos dorados,Aves,4940
163425245,6cbf9785-1cf3-4f0f-b713-58b3f916a289,2023/05/23 9:07 AM,2023-05-23,2023-05-23 16:07:00 +0200,Central Time (US & Canada),3686419,wildmoss,Sarah R.,2023-05-24 05:06:22 +0200,2023-12-31 21:30:50 +0000,research,CC-BY-NC,https://www.inaturalist.org/observations/163425245,https://inaturalist-open-data.s3.amazonaws.com/photos/282648859/medium.jpeg,,"",eating a tasty snack,4,0,false,,"Galveston, TX, USA",29.2991633482,-94.7744461592,10,,,,10,,open,false,,,Snowy Egret,Egretta thula,Garza dedos dorados,Aves,4940
163759161,fc347958-ccc1-4fb7-aa6b-95da1ba88eb4,2023/05/24 2:53 PM,2023-05-24,2023-05-24 23:53:00 +0200,Pacific Time (US & Canada),206963,kfistanic,Kevin Fistanic,2023-05-26 05:35:46 +0200,2025-08-02 06:43:48 +0200,research,CC-BY-NC,https://www.inaturalist.org/observations/163759161,https://inaturalist-open-data.s3.amazonaws.com/photos/283273771/medium.jpg,,"",,4,0,false,,"Orange County, CA, USA",33.695767,-118.046165,,,,,,,open,false,,,Snowy Egret,Egretta thula,Garza dedos dorados,Aves,4940
164575790,8803ad41-4d0d-4203-b1aa-0d40d3a5e5b7,2023/03/12 1:45 PM,2023-03-12,2023-03-12 20:45:00 +0000,Pacific Time (US & Canada),1185504,kiwikiu,Mason Maron,2023-05-30 06:23:33 +0200,2023-05-30 09:43:12 +0200,research,,https://www.inaturalist.org/observations/164575790,https://static.inaturalist.org/photos/284769441/medium.jpg,,"",,2,0,false,,"74-855 Country Club Dr, Palm Desert, CA 92260, USA",33.7554221,-116.3618692,216,,,,216,,open,false,,,Snowy Egret,Egretta thula,Garza dedos dorados,Aves,4940
164598599,97ad25a3-eed4-44a9-811a-fbf3c55fc10b,2022/11/28 5:00 PM,2022-11-28,2022-11-29 01:00:00 +0000,Pacific Time (US & Canada),6916934,eybanno,Emily Banno,2023-05-30 10:57:25 +0200,2023-09-22 10:44:58 +0200,research,CC-BY-NC,https://www.inaturalist.org/observations/164598599,https://inaturalist-open-data.s3.amazonaws.com/photos/284814597/medium.png,,"",,1,0,false,,"80 Bolivar Dr, Berkeley, CA 94710, USA",37.8596806,-122.2987565,740,,,,740,,open,false,,,Белая американская цапля,Egretta thula,Garza dedos dorados,Aves,4940
164768853,ab185ac5-2418-42f8-9c52-7b90d72160be,2023/03/16 5:05 PM,2023-03-16,2023-03-17 00:05:00 +0000,Pacific Time (US & Canada),1185504,kiwikiu,Mason Maron,2023-05-31 09:28:42 +0200,2025-02-28 22:27:23 +0000,research,,https://www.inaturalist.org/observations/164768853,https://static.inaturalist.org/photos/285134390/medium.jpg,,"",,2,0,false,,"74-855 Country Club Dr, Palm Desert, CA 92260, USA",33.7554221,-116.3618692,216,,,,216,,open,false,,,Snowy Egret,Egretta thula,Garza dedos dorados,Aves,4940
165255803,9fa95134-e435-4437-978f-0fa8f08ec166,2023/06/01 11:08 AM,2023-06-01,2023-06-01 18:08:00 +0200,Central Time (US & Canada),5611522,shaffer56,Carol Mackey Shaffer,2023-06-03 06:56:27 +0200,2023-06-04 00:05:05 +0200,research,CC-BY-NC,https://www.inaturalist.org/observations/165255803,https://inaturalist-open-data.s3.amazonaws.com/photos/286044277/medium.jpeg,,"",,3,0,false,,"North Central, Carrollton, TX, USA",33.0214478324,-96.8945734864,2917,,,,2917,,open,false,,,Snowy Egret,Egretta thula,Garza dedos dorados,Aves,4940
165338259,a31c8bd9-ea2b-409e-bc9c-8e49508e5f81,2023-06-03 05:43:53-08:00,2023-06-03,2023-06-03 15:43:53 +0200,Pacific Time (US & Canada),750702,ficusyou,Ken Mamitsuka,2023-06-03 19:11:49 +0200,2023-06-03 19:27:14 +0200,research,,https://www.inaturalist.org/observations/165338259,https://static.inaturalist.org/photos/286192663/medium.jpg,,"","",1,0,false,3,"Baylands Nature Preserve, Palo Alto, CA, US",37.4612629104,-122.1061747875,1534,,,,1534,,open,false,,,Snowy Egret,Egretta thula,Garza dedos dorados,Aves,4940
165931719,11e2c4c7-6088-4fef-9634-4d14a6eac8e7,2023/06/04 2:43 PM,2023-06-04,2023-06-04 23:43:00 +0200,Pacific Time (US & Canada),81261,biohexx1,Valtierra,2023-06-06 19:26:49 +0200,2023-06-07 08:12:20 +0200,research,CC-BY-NC-ND,https://www.inaturalist.org/observations/165931719,https://inaturalist-open-data.s3.amazonaws.com/photos/287287034/medium.jpeg,,"","",1,0,false,,"'J' Street Marina; Chula Vista, California",32.6189948465,-117.0999877856,5,,,,5,,open,false,,,Snowy Egret,Egretta thula,Garza dedos dorados,Aves,4940
166087138,28e93196-dddf-4670-8134-6b3caf1e237f,2023/05/14 10:00 AM,2023-05-14,2023-05-14 19:00:00 +0200,Pacific Time (US & Canada),3344940,jesl,Jesse Long,2023-06-07 17:53:22 +0200,2024-05-20 21:08:31 +0200,research,CC-BY-NC,https://www.inaturalist.org/observations/166087138,https://static.inaturalist.org/photos/287574227/medium.jpg,,"",,2,0,false,,"Presidio of San Francisco, San Francisco, CA, USA",37.8012108016,-122.4802835747,84,,,,84,,open,false,,,Snowy Egret,Egretta thula,Garza dedos dorados,Aves,4940
166243502,0832b625-3a56-41ff-b7a3-3e2aa42d5e77,2023-06-08 07:39:39-06:00,2023-06-08,2023-06-08 15:39:39 +0200,Mountain Time (US & Canada),2427964,twoquackers,Neil Gallensky,2023-06-08 16:17:05 +0200,2023-06-12 00:16:29 +0200,research,CC-BY-NC,https://www.inaturalist.org/observations/166243502,https://inaturalist-open-data.s3.amazonaws.com/photos/287863526/medium.jpg,,"","",1,0,false,3,"Westminster, CO, US",39.888705,-105.0604083333,4,,,,4,,open,false,,,Snowy Egret,Egretta thula,Garza dedos dorados,Aves,4940
166670515,a404fcfd-e2d9-40c4-8285-9bb526e729c0,2023/05/23 7:37 PM,2023-05-23,2023-05-24 01:37:00 +0200,Eastern Time (US & Canada),641829,brice_c,Brice C.,2023-06-10 23:08:31 +0200,2024-06-06 02:35:09 +0200,research,CC-BY-NC,https://www.inaturalist.org/observations/166670515,https://inaturalist-open-data.s3.amazonaws.com/photos/350253528/medium.jpg,,"",So silly! My favorite picture of the night.,2,0,false,,"Longboat Key, FL, USA",27.4329084267,-82.6753216981,37,,,,37,,open,false,,,Snowy Egret,Egretta thula,Garza dedos dorados,Aves,4940
166812949,76bc132e-467e-4312-a91f-2617f676b20d,2023/06/10 5:09 PM,2023-06-10,2023-06-11 02:09:00 +0200,Pacific Time (US & Canada),724795,jim_carretta,Jim Carretta,2023-06-11 17:12:10 +0200,2024-06-09 02:51:20 +0200,research,CC-BY-NC,https://www.inaturalist.org/observations/166812949,https://inaturalist-open-data.s3.amazonaws.com/photos/288900842/medium.jpg,,"",Observed bird land here and walk waters edge.,2,0,false,,"Imperial Beach, CA, USA",32.580902,-117.1328579722,,,,,,,open,false,,,Garza dedos dorados,Egretta thula,Garza dedos dorados,Aves,4940
166894607,05fe22f3-f434-45f9-a9be-0faab89f95bc,2023-06-10 17:46:41,2023-06-10,2023-06-11 02:46:41 +0200,Pacific Time (US & Canada),4590187,rcloran,,2023-06-11 23:23:50 +0200,2023-11-14 02:19:45 +0000,research,CC-BY-NC-ND,https://www.inaturalist.org/observations/166894607,https://inaturalist-open-data.s3.amazonaws.com/photos/289046637/medium.jpg,,"",,1,0,false,814,"Santa Clara, California, United States",37.386215,-121.970991945,,,,,,,open,false,,,Snowy Egret,Egretta thula,Garza dedos dorados,Aves,4940
167633818,de0f67d5-1f80-4cf5-9b5c-e58fa9651dcf,2023/05/28 7:16 AM,2023-05-28,2023-05-28 16:16:00 +0200,America/Hermosillo,1177624,anverver,Andrés Verver,2023-06-16 04:05:30 +0200,2025-09-07 02:17:22 +0200,research,CC-BY-NC,https://www.inaturalist.org/observations/167633818,https://inaturalist-open-data.s3.amazonaws.com/photos/290416267/medium.jpeg,,"",,4,0,false,,"Puerto Peñasco, Son., México",31.3268218,-113.5311843,10922,,,,10922,,open,false,,,Garza dedos dorados,Egretta thula,Garza dedos dorados,Aves,4940
167977035,adbf8a3f-591f-4481-b90c-e4bed89a9271,2023/05/24 3:36 PM,2023-05-24,2023-05-24 21:36:00 +0200,Eastern Time (US & Canada),230951,bwood708,"",2023-06-18 00:41:12 +0200,2023-06-25 12:52:19 +0200,research,CC-BY-NC,https://www.inaturalist.org/observations/167977035,https://inaturalist-open-data.s3.amazonaws.com/photos/291051743/medium.jpg,,"",,3,0,false,,"Surry County, VA, USA",37.182815265,-76.680892645,,,,,,,open,false,,,Snowy Egret,Egretta thula,Garza dedos dorados,Aves,4940
168344134,d6b26a6d-933b-4f9b-832b-22bcea1a87f8,2023/06/17 7:23 AM,2023-06-17,2023-06-17 14:23:00 +0200,Central Time (US & Canada),279308,jcat,Judy,2023-06-19 20:30:41 +0200,2023-06-20 05:23:38 +0200,research,CC-BY-NC,https://www.inaturalist.org/observations/168344134,https://inaturalist-open-data.s3.amazonaws.com/photos/291733826/medium.jpeg,,"",,2,0,false,,"Grayson County, TX, USA",33.7296527778,-96.7724805556,,,,,,,open,false,,,Snowy Egret,Egretta thula,Garza dedos dorados,Aves,4940
168683701,c84e0316-1c27-439f-a175-5846e3f82a19,2023/06/21 8:42 AM,2023-06-21,2023-06-21 14:42:00 +0200,Eastern Time (US & Canada),291150,abiggs2,Alan R. Biggs,2023-06-21 19:10:31 +0200,2023-06-22 13:10:23 +0200,research,CC-BY-NC,https://www.inaturalist.org/observations/168683701,https://inaturalist-open-data.s3.amazonaws.com/photos/292366399/medium.jpg,,"",,3,0,false,,"Hilton Head Island, SC, USA",32.2424541148,-80.7320086348,1715,,,,1715,,open,false,,,Snowy Egret,Egretta thula,Garza dedos dorados,Aves,4940
168683745,025d6e1f-0dec-4694-8161-cb5d6aa3d5a6,2023/06/21 8:42 AM,2023-06-21,2023-06-21 14:42:00 +0200,Eastern Time (US & Canada),291150,abiggs2,Alan R. Biggs,2023-06-21 19:10:37 +0200,2023-06-22 13:08:03 +0200,research,CC-BY-NC,https://www.inaturalist.org/observations/168683745,https://inaturalist-open-data.s3.amazonaws.com/photos/292368537/medium.jpg,,"",,3,0,false,,"Hilton Head Island, SC, USA",32.2424541148,-80.7320086348,1715,,,,1715,,open,false,,,Snowy Egret,Egretta thula,Garza dedos dorados,Aves,4940
168909687,3c0ed62e-d7fb-4e43-ab50-86490cd110d8,2023/06/22 9:53 AM,2023-06-22,2023-06-22 18:53:00 +0200,Pacific Time (US & Canada),1926458,molafish,"",2023-06-23 01:10:01 +0200,2023-08-08 18:54:58 +0200,research,CC-BY-NC,https://www.inaturalist.org/observations/168909687,https://inaturalist-open-data.s3.amazonaws.com/photos/292775193/medium.jpeg,,"","",1,0,false,,"Santa Clara, CA, USA",37.3723378061,-121.9685375459,982,,,,982,,open,false,,,Snowy Egret,Egretta thula,Garza dedos dorados,Aves,4940
168946632,a67a486e-b3a5-4eca-bbed-6de3d7c2725f,2021/06/09 7:32 AM,2021-06-09,2021-06-09 14:32:00 +0200,Mexico City,46681,cris-tzabcan,Cristian Olvera,2023-06-23 06:59:34 +0200,2023-09-20 05:50:33 +0200,research,CC-BY-NC-SA,https://www.inaturalist.org/observations/168946632,https://inaturalist-open-data.s3.amazonaws.com/photos/292854652/medium.jpg,,"",,2,0,false,,Mexico,15.723239845,-96.4895687289,6304,,,,30870,obscured,open,true,,,Garza dedos dorados,Egretta thula,Garza dedos dorados,Aves,4940
169473855,f74a1052-3a5f-4c33-884a-0f338cadda36,2023/06/23 9:25 AM,2023-06-23,2023-06-23 16:25:00 +0200,Central Time (US & Canada),1013209,riverahlquist,River Ahlquist,2023-06-25 23:50:23 +0200,2024-09-27 02:17:55 +0200,research,CC-BY,https://www.inaturalist.org/observations/169473855,https://inaturalist-open-data.s3.amazonaws.com/photos/293815253/medium.jpeg,,"",,1,0,false,,"Austin, TX, USA",30.2503557485,-97.7129495141,54,,,,54,,open,false,,,Snowy Egret,Egretta thula,Garza dedos dorados,Aves,4940
169600100,38bc1dce-7121-4a35-81d3-45e7b0d2a425,2023/04/15 12:29 PM,2023-04-15,2023-04-15 18:29:00 +0200,Eastern Time (US & Canada),987898,williamwisephoto,William Wise,2023-06-26 17:47:19 +0200,2023-12-14 21:10:10 +0000,research,,https://www.inaturalist.org/observations/169600100,https://static.inaturalist.org/photos/294056546/medium.jpg,,"","Okefenokee National Wildlife Refuge, Georgia. April 15, 2023.  
 - Location: Suwannee River Sill 
 - Mostly sunny, with a high 85.
 - Sunrise 7:01 AM; Sunset 7:57 PM
 - Daylight hours: 12 hours 56 minute  (+1m 48s)

See and learn more about the Okefenokee National Wildlife Refuge on my blog at www.okefenokee.photography",9,0,false,,Okefenokee NWR - The Sill,30.8145536905,-82.4132023135,2722,,,,2722,,open,false,,,Snowy Egret,Egretta thula,Garza dedos dorados,Aves,4940
170198087,3a082150-b949-4608-8922-11dc3ce3ad61,2023/06/28 1:24 PM,2023-06-28,2023-06-28 19:24:00 +0200,Eastern Time (US & Canada),3286634,billpranty,Bill Pranty,2023-06-30 01:51:15 +0200,2023-06-30 02:44:53 +0200,research,CC-BY-NC,https://www.inaturalist.org/observations/170198087,https://inaturalist-open-data.s3.amazonaws.com/photos/295150254/medium.jpg,,"","A solo visit after iNatting Green Swamp East with Don Fraser and Clint Gibson. I walked most of the ponds clockwise from the northwestern corner, Most ponds were fully filled but one was just graded and being filled, and that pond had most of the birds in it. The weather at the start was post-shower, overcast and mild with a light breeze. I left at 1452 and headed home.

All these photographs were taken with a Panasonic Lumix FZ200 (with 24x zoom) on loan from Don Fraser until my damaged FZ80 (with 60x zoom) is replaced.",2,0,false,,"Florida, Sumter, Green Swamp Wilderness Preserve, Bass Conservation Center",28.4799742345,-82.0434661178,191,,,,191,,open,false,,,Snowy Egret,Egretta thula,Garza dedos dorados,Aves,4940
171783515,391dd22a-65af-422b-9351-3e943f9b6f0b,2023-06-25 10:38:12,2023-06-25,2023-06-25 19:38:12 +0200,Pacific Time (US & Canada),6812621,moliwog,"",2023-07-08 19:36:37 +0200,2023-07-25 21:44:06 +0200,research,CC-BY-NC,https://www.inaturalist.org/observations/171783515,https://inaturalist-open-data.s3.amazonaws.com/photos/298124959/medium.jpeg,,"",,2,0,false,2,Mountain View,37.3860249899,-122.0838513225,9943,,,,9943,,open,false,gps,gps,Snowy Egret,Egretta thula,Garza dedos dorados,Aves,4940
171784649,c581f3ab-34af-4dc9-a4b2-3374b1a57cb5,2023-06-25 10:13:48,2023-06-25,2023-06-25 19:13:48 +0200,Pacific Time (US & Canada),6812621,moliwog,"",2023-07-08 19:41:12 +0200,2023-07-25 21:43:55 +0200,research,CC-BY-NC,https://www.inaturalist.org/observations/171784649,https://inaturalist-open-data.s3.amazonaws.com/photos/298126637/medium.jpeg,,"","",2,0,false,2,Mountain View,37.3860249899,-122.0838513225,9943,,,,9943,,open,false,,,Snowy Egret,Egretta thula,Garza dedos dorados,Aves,4940
171894774,27f141d7-7572-4e6b-9c2a-460518b7664e,2023/07/04 8:31 AM,2023-07-04,2023-07-04 15:31:00 +0200,Central Time (US & Canada),16522,scottbuckel,Scott Buckel,2023-07-09 07:15:28 +0200,2025-09-01 05:37:50 +0200,research,CC-BY-NC,https://www.inaturalist.org/observations/171894774,https://inaturalist-open-data.s3.amazonaws.com/photos/298330047/medium.jpg,,"","I was hoping that people would not be on the dike at about 8am or so, but there were lots of them so the diversity of birds was quite limited!",2,0,false,,"Texas City, TX, USA",29.3807983333,-94.8572116667,,,,,,,open,false,,,Snowy Egret,Egretta thula,Garza dedos dorados,Aves,4940
171898714,163bf018-0ecd-4089-ba41-950edad245e5,2023/07/02 10:49 AM,2023-07-02,2023-07-02 19:49:00 +0200,Pacific Time (US & Canada),3599896,itazura,,2023-07-09 07:58:30 +0200,2023-07-10 05:22:58 +0200,research,CC-BY-NC,https://www.inaturalist.org/observations/171898714,https://inaturalist-open-data.s3.amazonaws.com/photos/298337353/medium.jpeg,,"","",2,0,false,,"Orange County, CA, USA",33.6973080686,-118.0452310648,235,,,,235,,open,false,,,Snowy Egret,Egretta thula,Garza dedos dorados,Aves,4940
171989997,a94ad7bc-feee-4513-ac5f-d64d27a37a72,2023-07-09 12:09:28-04:00,2023-07-09,2023-07-09 18:09:28 +0200,Eastern Time (US & Canada),1417604,dbfisher,Dan Fisher,2023-07-09 19:17:47 +0200,2025-06-16 22:42:25 +0200,research,CC-BY-NC,https://www.inaturalist.org/observations/171989997,https://inaturalist-open-data.s3.amazonaws.com/photos/298506424/medium.jpg,,"","",2,0,false,3,"Palmer River, Barrington, RI, US",41.737575,-71.288895,4,,,,4,,open,false,,,Snowy Egret,Egretta thula,Garza dedos dorados,Aves,4940
172440787,e9999dbd-61cb-461d-bebf-a8c676246cd9,2016-04-16,2016-04-16,,Central Time (US & Canada),343056,ctdbryantx,CindieTD,2023-07-12 03:42:56 +0200,2023-07-12 04:10:26 +0200,research,CC-BY-NC,https://www.inaturalist.org/observations/172440787,https://inaturalist-open-data.s3.amazonaws.com/photos/299354856/medium.jpeg,,"",,1,0,false,2,High Island,29.5631304915,-94.3899228796,1331,,,,1331,,open,false,gps,gps,Snowy Egret,Egretta thula,Garza dedos dorados,Aves,4940
172490312,d7fc4c07-7505-4ed9-b225-e7e0930519ee,2023-04-26 09:09:19-04:00,2023-04-26,2023-04-26 15:09:19 +0200,Eastern Time (US & Canada),6728322,jessdiemer11,,2023-07-12 13:55:25 +0200,2023-07-23 01:58:35 +0200,research,CC-BY-NC,https://www.inaturalist.org/observations/172490312,https://inaturalist-open-data.s3.amazonaws.com/photos/299450427/medium.jpg,,"","",3,0,false,3,"Tampa Bay, FL, US",27.6276583333,-82.67993,5000,,,,5000,,open,false,,,Snowy Egret,Egretta thula,Garza dedos dorados,Aves,4940
172914996,9282931f-b42b-44fb-9502-32db73715df6,2023/06/17 9:09 AM,2023-06-17,2023-06-17 18:09:00 +0200,Pacific Time (US & Canada),497624,kumarihb,Kumari Hudson-Bates,2023-07-14 23:59:57 +0200,2023-07-26 05:49:01 +0200,research,CC-BY-NC,https://www.inaturalist.org/observations/172914996,https://inaturalist-open-data.s3.amazonaws.com/photos/300234006/medium.jpeg,,"",The island was full of egrets and herons!,1,0,false,,"North Sacramento, Sacramento, CA, USA",38.6646848484,-121.5127783735,4,,,,4,,open,false,,,Snowy Egret,Egretta thula,Garza dedos dorados,Aves,4940
173008174,3aaaf9cd-abbe-4392-ad71-5444c372ad50,2021/07/29 8:25 AM,2021-07-29,2021-07-29 14:25:00 +0200,Eastern Time (US & Canada),7078334,bimhoff07,Brad Imhoff,2023-07-15 15:39:04 +0200,2023-07-31 20:47:30 +0200,research,CC-BY-NC,https://www.inaturalist.org/observations/173008174,https://inaturalist-open-data.s3.amazonaws.com/photos/300408346/medium.jpg,,"",,2,0,false,,"Harbor Island Beach, SC (Restricted Access)",32.4052836837,-80.4231824842,15,,,,15,,open,false,,,Snowy Egret,Egretta thula,Garza dedos dorados,Aves,4940
173319593,b49f9651-0f43-4761-904e-85091789264d,2023-07-12 14:12:00-07:00,2023-07-12,2023-07-12 23:12:00 +0200,Pacific Time (US & Canada),1565470,josiedevault,JDeVault,2023-07-17 01:39:21 +0200,2023-07-17 01:41:51 +0200,research,CC-BY-NC,https://www.inaturalist.org/observations/173319593,https://inaturalist-open-data.s3.amazonaws.com/photos/300977342/medium.jpg,,"","",1,0,false,3,"Seaport Village, San Diego, CA, US",32.7088966667,-117.170045,21,,,,21,,open,false,,,Snowy Egret,Egretta thula,Garza dedos dorados,Aves,4940
173670760,35f15206-958e-4c62-8198-71fc3c9b0afb,2023/07/12 9:37 AM,2023-07-12,2023-07-12 15:37:00 +0200,Eastern Time (US & Canada),506840,jorgenols,"",2023-07-19 00:02:09 +0200,2024-06-13 04:37:34 +0200,research,,https://www.inaturalist.org/observations/173670760,https://static.inaturalist.org/photos/301621383/medium.jpeg,,"",,2,0,false,,"Sarasota County, FL, USA",27.0902583333,-82.4576111111,1422,,,,1422,,open,false,,,Snowy Egret,Egretta thula,Garza dedos dorados,Aves,4940
173681827,9e561631-0412-4f7e-b592-ad934ae4eb0c,2023/06/03 9:04 AM,2023-06-03,2023-06-03 18:04:00 +0200,Pacific Time (US & Canada),986773,andrealikesbirds,Andrea Carpio,2023-07-19 01:25:21 +0200,2025-08-02 20:53:42 +0200,research,CC-BY-NC,https://www.inaturalist.org/observations/173681827,https://inaturalist-open-data.s3.amazonaws.com/photos/301641602/medium.jpg,,"",,1,0,false,,"Orange County, CA, USA",33.703020555,-118.0526397217,,,,,,,open,false,,,Snowy Egret,Egretta thula,Garza dedos dorados,Aves,4940
174040585,9c87674e-f6c3-40d9-b230-b32a625110ca,2023-07-19 13:36:00-06:00,2023-07-19,2023-07-19 21:36:00 +0200,America/Edmonton,4993708,mldahl,Monica Dahl,2023-07-21 04:38:27 +0200,2023-07-21 05:13:32 +0200,research,CC-BY-NC,https://www.inaturalist.org/observations/174040585,https://inaturalist-open-data.s3.amazonaws.com/photos/302311524/medium.jpg,,"","A bit Smaller than a great blue heron, not sure of species, but think it’s an egret",1,0,false,3,"Forty Mile County No. 8, AB, CA",49.4066939498,-111.1155592836,4467,,,,4467,,open,false,,,Snowy Egret,Egretta thula,Garza dedos dorados,Aves,4940
174494963,c858d0d4-7556-41e1-9d0c-651e63abf36d,2023/04/29 6:39 PM,2023-04-29,2023-04-30 03:39:00 +0200,Pacific Time (US & Canada),796280,eleggua,eleggua,2023-07-23 17:52:37 +0200,2026-01-13 00:11:47 +0000,research,CC-BY-NC,https://www.inaturalist.org/observations/174494963,https://inaturalist-open-data.s3.amazonaws.com/photos/303139157/medium.jpg,,"",,1,0,false,,"Chinatown, Oakland, CA, USA",37.7990176514,-122.2657147626,4,,,,4,,open,false,,,Snowy Egret,Egretta thula,Garza dedos dorados,Aves,4940
175007224,4a5570ee-fc4e-4e97-85c2-30ce1895ad4e,2011/03/30 9:14 AM,2011-03-30,2011-03-30 15:14:00 +0200,Eastern Time (US & Canada),6443197,manlivesingrimsby,Wilf Podolak,2023-07-26 11:52:30 +0200,2023-07-26 16:32:03 +0200,research,CC-BY-NC,https://www.inaturalist.org/observations/175007224,https://inaturalist-open-data.s3.amazonaws.com/photos/304105494/medium.jpg,,"",,2,0,false,,"14501 S Orange Blossom Trl, Orlando, FL 32837, USA",28.3556496,-81.4022109,425,,,,425,,open,false,,,Snowy Egret,Egretta thula,Garza dedos dorados,Aves,4940
175560609,f7b08533-64be-4447-814c-94ba66301df7,2023/07/28 6:56 AM,2023-07-28,2023-07-28 13:56:00 +0200,Central Time (US & Canada),1138432,patti_edens,Patti A. Edens,2023-07-29 18:11:16 +0200,2023-07-31 00:00:20 +0200,research,CC-BY-NC-ND,https://www.inaturalist.org/observations/175560609,https://inaturalist-open-data.s3.amazonaws.com/photos/305110583/medium.jpg,,"",Observation is for the 2 light colored birds in foreground.,3,0,false,,"North Deer Island, TX, USA",29.2846006784,-94.9226044714,1004,,,,1004,,open,false,,,Snowy Egret,Egretta thula,Garza dedos dorados,Aves,4940
175586494,cb1b497d-da68-49f1-a9c0-6cacf248ac00,2023/07/08 8:58 AM,2023-07-08,2023-07-08 17:58:00 +0200,Pacific Time (US & Canada),4426566,walkabata,Alexis,2023-07-29 20:33:00 +0200,2023-07-30 13:26:17 +0200,research,CC-BY-NC,https://www.inaturalist.org/observations/175586494,https://inaturalist-open-data.s3.amazonaws.com/photos/305160188/medium.jpeg,,"",,2,0,false,,"Del Mar, CA 92014, USA",32.9676375219,-117.2594253825,8,,,,8,,open,false,,,Snowy Egret,Egretta thula,Garza dedos dorados,Aves,4940
175586499,6d106701-cfa8-4586-a9c0-db7cda25707e,2023/07/08 9:28 AM,2023-07-08,2023-07-08 18:28:00 +0200,Pacific Time (US & Canada),4426566,walkabata,Alexis,2023-07-29 20:33:01 +0200,2023-07-30 13:26:02 +0200,research,CC-BY-NC,https://www.inaturalist.org/observations/175586499,https://inaturalist-open-data.s3.amazonaws.com/photos/305160211/medium.jpeg,,"",,1,0,false,,"Del Mar, CA 92014, USA",32.9676375219,-117.2594253825,8,,,,8,,open,false,,,Snowy Egret,Egretta thula,Garza dedos dorados,Aves,4940
176023100,ec86ce41-f0fc-4535-87d5-430bc51e8872,2023/07/31 7:51 AM,2023-07-31,2023-07-31 13:51:00 +0200,Eastern Time (US & Canada),26405,obrock,"",2023-08-01 01:51:13 +0200,2023-08-06 05:11:54 +0200,research,CC-BY-NC,https://www.inaturalist.org/observations/176023100,https://inaturalist-open-data.s3.amazonaws.com/photos/305975140/medium.jpeg,,"",,2,0,false,,"Sweetwater Wetlands Park, Southeast Williston Road, Gainesville, FL, USA",29.6173782,-82.3221275,1246,,,,1246,,open,false,,,Snowy Egret,Egretta thula,Garza dedos dorados,Aves,4940
177002989,29ffc9e7-4ed7-4690-b921-549e4bf833d0,2023/08/06 6:49 AM,2023-08-06,2023-08-06 14:49:00 +0200,Mountain Time (US & Canada),1499212,adkonings,Ad Konings,2023-08-06 19:26:43 +0200,2023-08-07 21:44:51 +0200,research,CC-BY-NC,https://www.inaturalist.org/observations/177002989,https://inaturalist-open-data.s3.amazonaws.com/photos/307793869/medium.jpg,,"",,2,0,false,,"El Paso, TX, USA",31.822998,-106.564453,3,,,,3,,open,false,,,Snowy Egret,Egretta thula,Garza dedos dorados,Aves,4940
177060661,8c7976b7-ce3c-48fc-b7f2-0af6354eed6c,2023/06/17 8:58 AM,2023-06-17,2023-06-17 16:58:00 +0200,Mexico City,270397,panecillo,Jorge A. Pérez Torres,2023-08-07 00:18:45 +0200,2023-08-07 02:24:05 +0200,research,CC-BY-NC,https://www.inaturalist.org/observations/177060661,https://inaturalist-open-data.s3.amazonaws.com/photos/307896138/medium.jpeg,,"",,1,0,false,,"Educación, Puerto Vallarta, Jal., México",20.6609337719,-105.2429097397,3494,,,,3494,,open,false,,,Garza dedos dorados,Egretta thula,Garza dedos dorados,Aves,4940
177199017,be45f85f-17a2-42e1-99c1-335189885fde,2023/08/06 8:28 AM,2023-08-06,2023-08-06 17:28:00 +0200,Pacific Time (US & Canada),28,tiwane,Tony Iwane,2023-08-07 19:16:46 +0200,2025-11-18 22:39:27 +0000,research,CC-BY,https://www.inaturalist.org/observations/177199017,https://inaturalist-open-data.s3.amazonaws.com/photos/308155747/medium.jpg,,"alameda county, east bay, middle harbor shoreline park, oakland, port of oakland, san francisco bay",,1,0,false,,"Oakland, CA, USA",37.8022029722,-122.3244764444,,,,,,,open,false,,,Snowy Egret,Egretta thula,Garza dedos dorados,Aves,4940
177841267,729495ed-24cc-44b5-9d08-7868f28547ff,2023-07-17 12:51:27-07:00,2023-07-17,2023-07-17 21:51:27 +0200,Pacific Time (US & Canada),2627620,luanne_103,,2023-08-11 17:55:25 +0200,2023-08-11 18:14:28 +0200,research,CC-BY-NC,https://www.inaturalist.org/observations/177841267,https://inaturalist-open-data.s3.amazonaws.com/photos/309362564/medium.jpg,,"","",1,0,false,3,"Averill Park, Los Angeles, CA, US",33.7338116667,-118.309555,37,,,,37,,open,false,,,Snowy Egret,Egretta thula,Garza dedos dorados,Aves,4940
178968950,a92cf0ee-5781-49bf-9260-76169cf419f7,2022-08-16 09:51:56-04:00,2022-08-16,2022-08-16 15:51:56 +0200,Eastern Time (US & Canada),7245205,tiffanitipton,,2023-08-18 13:08:57 +0200,2024-12-30 22:30:59 +0000,research,CC-BY-NC,https://www.inaturalist.org/observations/178968950,https://inaturalist-open-data.s3.amazonaws.com/photos/311518330/medium.jpg,,"","",3,0,false,3,"Brohard Paw Park, FL, US",27.0729083333,-82.451325,4,,,,4,,open,false,,,Snowy Egret,Egretta thula,Garza dedos dorados,Aves,4940
179376567,3859b322-28bb-473b-bbe7-5240a6d34423,2023/08/20 9:28 AM,2023-08-20,2023-08-20 15:28:00 +0200,Eastern Time (US & Canada),6232758,roboticsasquatch,Donovan Snell,2023-08-20 19:12:46 +0200,2025-05-08 03:33:03 +0200,research,CC-BY-NC,https://www.inaturalist.org/observations/179376567,https://inaturalist-open-data.s3.amazonaws.com/photos/312269945/medium.jpeg,,"",,2,0,false,,"St. Petersburg, FL, USA",27.7146440252,-82.6866243616,31,,,,31,,open,false,,,Snowy Egret,Egretta thula,Garza dedos dorados,Aves,4940
179391161,870e3a43-320c-40e0-842e-52b4d9ec26b0,2023/08/20 10:54 AM,2023-08-20,2023-08-20 19:54:00 +0200,Pacific Time (US & Canada),141551,philwarren,Phil Warren,2023-08-20 20:38:07 +0200,2023-08-21 02:27:14 +0200,research,CC-BY-NC,https://www.inaturalist.org/observations/179391161,https://inaturalist-open-data.s3.amazonaws.com/photos/312301465/medium.jpg,,"","",2,0,false,,"Bodega Bay, CA 94923, USA",38.3168801721,-123.0368060152,4,,,,4,,open,false,,,Snowy Egret,Egretta thula,Garza dedos dorados,Aves,4940
179391162,394305cb-f11c-4094-bab2-e013fcc054aa,2023/08/20 10:06 AM,2023-08-20,2023-08-20 19:06:00 +0200,Pacific Time (US & Canada),141551,philwarren,Phil Warren,2023-08-20 20:38:07 +0200,2023-08-21 02:27:03 +0200,research,CC-BY-NC,https://www.inaturalist.org/observations/179391162,https://inaturalist-open-data.s3.amazonaws.com/photos/312301474/medium.jpg,,"","",2,0,false,,"Bodega Bay, CA 94923, USA",38.3168149343,-123.0365967685,3,,,,3,,open,false,,,Snowy Egret,Egretta thula,Garza dedos dorados,Aves,4940
179466409,420ea7a8-d4ae-4a74-bbaf-ead277db33ad,2023-08-19 08:35:15-05:00,2023-08-19,2023-08-19 15:35:15 +0200,Central Time (US & Canada),7094319,micj,,2023-08-21 04:49:18 +0200,2023-09-07 18:25:42 +0200,research,CC-BY-NC,https://www.inaturalist.org/observations/179466409,https://inaturalist-open-data.s3.amazonaws.com/photos/312450772/medium.jpg,,"","",3,0,false,3,"E Nasa Pkwy, Pasadena, TX, US",29.5638966667,-95.068925,4,,,,4,,open,false,,,Snowy Egret,Egretta thula,Garza dedos dorados,Aves,4940
179471831,4260815d-f405-4be7-b087-3e45f704c301,2023/08/12 8:39 AM,2023-08-12,2023-08-12 14:39:00 +0200,Eastern Time (US & Canada),3341973,samrudhnandagopal,Samrudh Nandagopal,2023-08-21 05:43:30 +0200,2023-09-27 02:46:45 +0200,research,CC-BY-NC,https://www.inaturalist.org/observations/179471831,https://inaturalist-open-data.s3.amazonaws.com/photos/312454995/medium.jpeg,,"",,1,0,false,,"2501-2599 Refuge Entrance Rd, Smyrna, DE 19977, USA",39.2598239,-75.4731068,162,,,,162,,open,false,,,Snowy Egret,Egretta thula,Garza dedos dorados,Aves,4940
179638881,12dbb97d-6a30-4efe-b4a7-7fb9830ca92e,2023-08-21 10:00:30,2023-08-21,2023-08-21 18:00:30 +0200,Mexico City,2790563,julioperez,Julio Pérez,2023-08-22 07:31:58 +0200,2023-08-22 07:35:57 +0200,research,,https://www.inaturalist.org/observations/179638881,https://static.inaturalist.org/photos/312779495/medium.jpeg,,"",,1,0,false,2,"FW5H+85, Zoológico de San Juan de Aragón, Gustavo A. Madero, 07920 Ciudad de México, CDMX, México",19.4587521888,-99.0726380423,245,,,,245,,open,false,gps,gps,Garza dedos dorados,Egretta thula,Garza dedos dorados,Aves,4940
179897938,03504df7-f05d-49ff-b31e-29e1d002cf3a,2023/08/23 10:36 AM,2023-08-23,2023-08-23 19:36:00 +0200,Pacific Time (US & Canada),4333876,gvbox,"",2023-08-24 01:25:54 +0200,2023-08-24 04:32:08 +0200,research,CC-BY-NC,https://www.inaturalist.org/observations/179897938,https://inaturalist-open-data.s3.amazonaws.com/photos/313272563/medium.jpg,,"",,1,0,false,,"Eastern Malibu, Malibu, CA, USA",34.0335283259,-118.6824958167,304,,,,304,,open,false,,,Snowy Egret,Egretta thula,Garza dedos dorados,Aves,4940
181116849,e9698cf3-40e2-4c13-aeec-1dbeb9460f6a,2023-08-31 14:59:36-05:00,2023-08-31,2023-08-31 21:59:36 +0200,Eastern Time (US & Canada),841416,wellsprings,,2023-08-31 23:44:24 +0200,2023-11-11 19:00:14 +0000,research,,https://www.inaturalist.org/observations/181116849,https://static.inaturalist.org/photos/315606408/medium.jpg,,"","",2,0,false,3,"Gordon Pond, Rehoboth Beach, DE, US",38.753580519,-75.0913731587,1261,,,,1261,,open,false,,,Snowy Egret,Egretta thula,Garza dedos dorados,Aves,4940
181141638,72ce4c8d-5c41-4793-b9c2-6f87497c66f1,2023/08/31 3:59 PM,2023-08-31,2023-09-01 00:59:00 +0200,Pacific Time (US & Canada),6574975,trees_sing,,2023-09-01 03:47:00 +0200,2023-09-01 04:27:59 +0200,research,CC-BY-NC,https://www.inaturalist.org/observations/181141638,https://inaturalist-open-data.s3.amazonaws.com/photos/315655652/medium.jpeg,,"",Successful hunting!,3,0,false,,"Laguna Niguel, CA, USA",33.5505538536,-117.7090965235,15,,,,15,,open,false,,,Snowy Egret,Egretta thula,Garza dedos dorados,Aves,4940
181415187,fc6b4fdb-add8-4453-8ed6-41751abb3ae2,2023-09-02 11:39:11-06:00,2023-09-02,2023-09-02 19:39:11 +0200,Mountain Time (US & Canada),5849,maui_manini,Rick Long,2023-09-02 19:40:21 +0200,2025-08-04 00:55:59 +0200,research,CC-BY-NC-ND,https://www.inaturalist.org/observations/181415187,https://inaturalist-open-data.s3.amazonaws.com/photos/316128118/medium.jpg,,"","",2,0,false,3,"Carolyn Holmberg Preserve At Rock Creek Farm, Broomfield, CO, US",39.9464866667,-105.1030583333,,,,,,,open,false,,,Snowy Egret,Egretta thula,Garza dedos dorados,Aves,4940
181476562,4b444ab6-73dd-4eb7-a30b-c68750f483bc,2023-09-02 19:13:53-04:00,2023-09-02,2023-09-03 01:13:53 +0200,Eastern Time (US & Canada),5217411,kpdonald,Keith Donald,2023-09-03 01:55:11 +0200,2023-09-05 11:54:50 +0200,research,CC-BY-NC,https://www.inaturalist.org/observations/181476562,https://inaturalist-open-data.s3.amazonaws.com/photos/316253777/medium.jpg,,"","",2,0,false,3,"E Strawbridge Ave, Indialantic, FL, US",28.0886471667,-80.5775966667,54,,,,54,,open,false,,,Snowy Egret,Egretta thula,Garza dedos dorados,Aves,4940
181481395,6c3137b4-8832-4574-9f84-815fcf1827c8,2021/09/30 11:03 AM,2021-09-30,2021-09-30 20:03:00 +0200,Pacific Time (US & Canada),7165882,joebalestreri,Joe Balestreri,2023-09-03 02:32:22 +0200,2023-09-03 20:27:14 +0200,research,CC-BY,https://www.inaturalist.org/observations/181481395,https://inaturalist-open-data.s3.amazonaws.com/photos/316247433/medium.jpeg,,"","",2,0,false,,"Santa Rosa, CA, USA",38.445850953,-122.821689329,496,,,,496,,open,false,,,Snowy Egret,Egretta thula,Garza dedos dorados,Aves,4940
181483831,bd7feb05-11aa-49e9-adf2-93bca89283a5,Sat Sep 02 2023 17:53:17 GMT -0700 (PDT),2023-09-02,2023-09-03 02:53:17 +0200,Pacific Time (US & Canada),6001380,dv1352,,2023-09-03 02:54:08 +0200,2023-10-12 19:11:15 +0200,research,CC-BY-NC,https://www.inaturalist.org/observations/181483831,https://inaturalist-open-data.s3.amazonaws.com/photos/316258131/medium.jpeg,,"",,2,0,false,333,Santa Monica,34.0021972656,-118.4901428223,106,,,,106,,open,false,,,Snowy Egret,Egretta thula,Garza dedos dorados,Aves,4940
182121578,6a2e83dd-f679-4ae4-972f-81fd8669ac81,2023/08/07 12:14 PM,2023-08-07,2023-08-07 20:14:00 +0200,Mountain Time (US & Canada),122831,chartuso,Christian Artuso,2023-09-07 02:11:30 +0200,2024-04-13 20:01:56 +0200,research,,https://www.inaturalist.org/observations/182121578,https://static.inaturalist.org/photos/317482028/medium.jpg,,"",,1,0,false,,Rocky Mountain Arsenal,39.8136,-104.7909833333,55,,,,55,,open,false,,,Snowy Egret,Egretta thula,Garza dedos dorados,Aves,4940
182486688,56311579-6edf-46aa-ac8e-f06013690732,2023/03/29 11:58 AM,2023-03-29,2023-03-29 20:58:00 +0200,Mazatlan,366415,taniafiol,Tania Pérez Fiol,2023-09-09 18:21:50 +0200,2023-09-10 05:59:43 +0200,research,CC-BY-NC,https://www.inaturalist.org/observations/182486688,https://inaturalist-open-data.s3.amazonaws.com/photos/318186177/medium.jpg,,"",,3,0,false,,"La Paz, B.C.S., México",24.1183160374,-110.3525630064,571,,,,571,,open,false,,,Garza dedos dorados,Egretta thula,Garza dedos dorados,Aves,4940
182557573,5f26173d-2718-45c0-9dba-792247914571,2023/08/23 11:17 AM,2023-08-23,2023-08-23 20:17:00 +0200,Pacific Time (US & Canada),159910,mlodinow,Steven Mlodinow,2023-09-10 02:03:37 +0200,2023-09-10 18:15:14 +0200,research,CC-BY-NC,https://www.inaturalist.org/observations/182557573,https://inaturalist-open-data.s3.amazonaws.com/photos/318320307/medium.jpg,,"",,1,0,false,,"Imperial County, CA, USA",33.1397856324,-115.6663273844,869,,,,869,,open,false,,,Snowy Egret,Egretta thula,Garza dedos dorados,Aves,4940
182872835,8456fb90-f3b2-42ac-9ca3-75bf6a095676,2023/09/11 9:53 AM,2023-09-11,2023-09-11 16:53:00 +0200,Central Time (US & Canada),1842498,okbirdman,Richard Hasegawa,2023-09-12 00:46:16 +0200,2024-11-07 06:39:06 +0000,research,CC-BY-NC,https://www.inaturalist.org/observations/182872835,https://inaturalist-open-data.s3.amazonaws.com/photos/318933225/medium.jpeg,,"",,1,0,false,,"Tulsa, OK, USA",36.2273790171,-95.8972021654,93,,,,93,,open,false,,,Egretta thula thula,Egretta thula thula,Garza chica,Aves,555704
182972225,c5a781bb-add7-40ba-bf9c-c19a317175ab,2023/09/12 8:09 AM,2023-09-12,2023-09-12 17:09:00 +0200,Pacific Time (US & Canada),1491315,wjfor,Bill Forwood,2023-09-12 19:50:53 +0200,2023-09-14 03:55:51 +0200,research,CC-BY-NC,https://www.inaturalist.org/observations/182972225,https://inaturalist-open-data.s3.amazonaws.com/photos/319130980/medium.jpg,,"",I had observed three egrets together at this time.,2,0,false,,"Ventura County, CA, USA",34.4420346607,-119.2969199492,122,,,,122,,open,false,,,Snowy Egret,Egretta thula,Garza dedos dorados,Aves,4940
183706728,0e9ae0db-eda0-43f7-9ae4-dc26d03c9d20,2023/09/17 9:20 AM,2023-09-17,2023-09-17 16:20:00 +0200,Central Time (US & Canada),300627,joseph92,Joe Girgente,2023-09-17 20:05:39 +0200,2024-01-30 16:47:52 +0000,research,CC-BY,https://www.inaturalist.org/observations/183706728,https://inaturalist-open-data.s3.amazonaws.com/photos/320543255/medium.jpeg,,"","Probably just a young SNEG, but looks superficially LBHE-like. ",2,0,false,,"Lubbock, TX, USA",33.5888029908,-101.8309067454,25,,,,25,,open,false,,,Snowy Egret,Egretta thula,Garza dedos dorados,Aves,4940
183844298,a72d203b-9659-4aa8-9c8a-f91ec8974671,2023-09-18 10:14:06-04:00,2023-09-18,2023-09-18 16:14:06 +0200,Eastern Time (US & Canada),532415,paintedtrilliummaine,,2023-09-18 16:14:20 +0200,2025-11-03 19:22:15 +0000,research,,https://www.inaturalist.org/observations/183844298,https://static.inaturalist.org/photos/320808474/medium.jpg,,"",https://www.allaboutbirds.org/guide/Great_Egret/photo-gallery/70610211; https://www.allaboutbirds.org/guide/Snowy_Egret/id#,1,0,false,3,"Portland Harbor, South Portland, ME, US",43.6400199359,-70.2524984097,25,,,,25,,open,false,,,Snowy Egret,Egretta thula,Garza dedos dorados,Aves,4940
184700519,c92196ed-ef53-4823-ad0f-6b3a67c639b1,2023-09-23 15:41:40,2023-09-23,2023-09-24 00:41:40 +0200,Pacific Time (US & Canada),3567422,ginae,Gina E,2023-09-24 16:51:25 +0200,2024-03-07 00:14:13 +0000,research,,https://www.inaturalist.org/observations/184700519,https://static.inaturalist.org/photos/322447368/medium.jpeg,,"",Young heron...,3,1,false,2,"4th Av & Broadway, San Diego, CA 92101, USA",32.7151663927,-117.1610838175,50437,,,,50437,,open,false,gps,gps,Snowy Egret,Egretta thula,Garza dedos dorados,Aves,4940
184804297,d3654441-ea8f-43f6-93bc-564506647e54,2023/09/15 10:10 AM,2023-09-15,2023-09-15 18:10:00 +0200,Mexico City,4538968,ariellopezpics,,2023-09-25 04:23:56 +0200,2023-09-25 19:59:04 +0200,research,CC-BY-NC,https://www.inaturalist.org/observations/184804297,https://inaturalist-open-data.s3.amazonaws.com/photos/322643158/medium.jpg,,"",,3,0,false,,"Mexico City, Mexico",19.2647582355,-99.0830515121,1014,,,,1014,,open,false,,,Snowy Egret,Egretta thula,Garza dedos dorados,Aves,4940
184971671,cb93971a-8e29-475e-b52b-1ad8fbde6b99,2023/09/25 6:35 PM,2023-09-25,2023-09-26 03:35:00 +0200,Pacific Time (US & Canada),28,tiwane,Tony Iwane,2023-09-26 07:50:39 +0200,2025-11-18 22:39:27 +0000,research,CC-BY,https://www.inaturalist.org/observations/184971671,https://inaturalist-open-data.s3.amazonaws.com/photos/322965286/medium.jpg,,"Alameda County, California, East Bay, Oakland, Port of Oakland, San Francisco Bay",,2,0,false,,"Oakland, CA, USA",37.8002990833,-122.3267181667,,,,,,,open,false,,,Snowy Egret,Egretta thula,Garza dedos dorados,Aves,4940
185655964,90f8bef0-cccd-4909-8810-ce9e2d1571b3,2023-09-30 12:04:21-07:00,2023-09-30,2023-09-30 21:04:21 +0200,Pacific Time (US & Canada),4268148,sorrykb,Kat B,2023-10-01 01:31:09 +0200,2023-10-01 01:31:53 +0200,research,CC-BY,https://www.inaturalist.org/observations/185655964,https://inaturalist-open-data.s3.amazonaws.com/photos/324277732/medium.jpg,,"","",1,0,false,3,"Ballona Creek, Culver City, CA, US",34.0030181542,-118.3997822921,119,,,,119,,open,false,,,Snowy Egret,Egretta thula,Garza dedos dorados,Aves,4940
185767748,ee7863bc-ba47-47c0-84f8-405df011acdf,2023/09/24 8:22 AM,2023-09-24,2023-09-24 17:22:00 +0200,Pacific Time (US & Canada),1842498,okbirdman,Richard Hasegawa,2023-10-01 19:34:22 +0200,2025-05-08 03:25:46 +0200,research,CC-BY-NC,https://www.inaturalist.org/observations/185767748,https://inaturalist-open-data.s3.amazonaws.com/photos/324495713/medium.jpeg,,"","",3,0,false,,"Richmond, CA, USA",37.9086245249,-122.3274698675,39,,,,39,,open,false,,,Brewster’s Snowy Egret,Egretta thula brewsteri,,Aves,424535
185849946,2cf1efc2-6b68-42d3-8600-3f649d483eea,2023/08/15 4:12 PM,2023-08-15,2023-08-16 00:12:00 +0200,America/Costa_Rica,1519870,latropaloca,Desertados,2023-10-02 04:40:05 +0200,2023-10-02 16:40:07 +0200,research,,https://www.inaturalist.org/observations/185849946,https://static.inaturalist.org/photos/324653900/medium.jpeg,,"","",1,0,false,,"R92V+7J6, Carr. Pacífica Fernández Oreamuno, Provincia de Puntarenas, Garabito, Costa Rica",9.8006674,-84.6059764,209,,,,209,,open,false,,,Garza dedos dorados,Egretta thula,Garza dedos dorados,Aves,4940
185912003,33f41579-2540-4caf-9873-e05ed2f5d5ea,2023/09/30 9:48 AM,2023-09-30,2023-09-30 15:48:00 +0200,Eastern Time (US & Canada),1731209,bughaven,Anne Boyd,2023-10-02 17:22:21 +0200,2023-10-03 14:50:00 +0200,research,CC-BY-NC,https://www.inaturalist.org/observations/185912003,https://inaturalist-open-data.s3.amazonaws.com/photos/324775849/medium.jpg,,"",,2,0,false,,"Rehoboth Flats, Delaware 19958, USA",38.7504536,-75.0895854,873,,,,873,,open,false,,,Snowy Egret,Egretta thula,Garza dedos dorados,Aves,4940
186058724,b99d7566-2f66-4933-ae73-ae1aef9115b0,2023-10-03 13:02:22,2023-10-03,2023-10-03 19:02:22 +0200,Eastern Time (US & Canada),3173985,bschind,"",2023-10-03 19:04:06 +0200,2023-10-05 15:43:59 +0200,research,CC-BY-NC,https://www.inaturalist.org/observations/186058724,https://inaturalist-open-data.s3.amazonaws.com/photos/325065944/medium.jpeg,,"",,3,1,false,2,"Charleston, SC 29401, USA",32.7877060575,-79.9250388524,16,,,,16,,open,false,,,Snowy Egret,Egretta thula,Garza dedos dorados,Aves,4940
186103288,5887f848-1350-49d2-b89f-a545ef863257,2023-10-03 10:15:34-06:00,2023-10-03,2023-10-03 18:15:34 +0200,America/Costa_Rica,22331,eproctor,Eric Proctor,2023-10-04 01:48:13 +0200,2023-10-04 03:37:14 +0200,research,CC-BY-NC,https://www.inaturalist.org/observations/186103288,https://inaturalist-open-data.s3.amazonaws.com/photos/325155260/medium.jpg,,"","",1,0,false,3,"Cipancí Wildlife Refuge, Bagaces, Guanacaste, CR",10.3440116667,-85.4066783333,4,,,,4,,open,false,,,Snowy Egret,Egretta thula,Garza dedos dorados,Aves,4940
186334441,3a347394-d11f-4bf8-ba57-5d93c719fef0,2021/08/04 12:46 PM,2021-08-04,2021-08-04 21:46:00 +0200,Pacific Time (US & Canada),1428410,uwkwaj,"",2023-10-05 23:40:44 +0200,2023-10-05 23:59:27 +0200,research,CC-BY-NC,https://www.inaturalist.org/observations/186334441,https://inaturalist-open-data.s3.amazonaws.com/photos/325609021/medium.jpg,,"Goleta Slough, CA",,2,0,false,,"Santa Barbara County, CA, USA",34.4174011453,-119.8275160874,41,,,,41,,open,false,,,Snowy Egret,Egretta thula,Garza dedos dorados,Aves,4940
186334443,c57a4404-00ed-4ce3-8306-730133c6a0fb,2021/08/04 12:51 PM,2021-08-04,2021-08-04 21:51:00 +0200,Pacific Time (US & Canada),1428410,uwkwaj,"",2023-10-05 23:40:44 +0200,2025-03-29 18:41:46 +0000,research,CC-BY-NC,https://www.inaturalist.org/observations/186334443,https://inaturalist-open-data.s3.amazonaws.com/photos/325609033/medium.jpg,,"Goleta Slough, CA",Eating fish,2,0,false,,"Santa Barbara County, CA, USA",34.4174119009,-119.8275078227,45,,,,45,,open,false,,,Snowy Egret,Egretta thula,Garza dedos dorados,Aves,4940
186600825,5312ec0c-45da-4d0f-a71f-361d7bdf9700,2023-10-07 16:32:29,2023-10-07,2023-10-07 22:32:29 +0200,Eastern Time (US & Canada),1505621,sophieluvr1,Parker Fletcher,2023-10-07 23:03:29 +0200,2025-08-31 20:56:15 +0200,research,CC-BY-NC,https://www.inaturalist.org/observations/186600825,https://inaturalist-open-data.s3.amazonaws.com/photos/326132341/medium.jpeg,,"",,1,0,false,2,"Kiawah Island, SC, USA",32.5789210472,-80.1408793889,,,,,,,open,false,gps,gps,Snowy Egret,Egretta thula,Garza dedos dorados,Aves,4940
187057452,ac72d7b4-6236-4ac4-b154-5e0ea1641152,2023-10-10 10:36:25,2023-10-10,2023-10-10 19:36:25 +0200,Pacific Time (US & Canada),2558447,dbelardes,Donovan Belardes,2023-10-11 01:22:02 +0200,2023-10-20 22:41:34 +0200,research,,https://www.inaturalist.org/observations/187057452,https://inaturalist-open-data.s3.amazonaws.com/photos/327042300/medium.jpeg,,"",Smaller size egret in urban waterway(connects to Calabazas creek),1,0,false,2,"Santa Clara, CA 95051, USA",37.3700553985,-121.9957199693,8,,,,8,,open,false,gps,gps,Snowy Egret,Egretta thula,Garza dedos dorados,Aves,4940
187568198,9b0b0d44-584e-4877-bf4e-602d4effb9c8,2023/10/14 11:11 AM,2023-10-14,2023-10-14 20:11:00 +0200,Tijuana,6602283,flosas,Francisco Flores Valdez,2023-10-15 02:29:19 +0200,2025-07-09 07:44:44 +0200,research,,https://www.inaturalist.org/observations/187568198,https://static.inaturalist.org/photos/328047321/medium.jpeg,,"","",3,0,false,,"Tijuana, B.C., México",32.5376274054,-116.9383293732,8,,,,8,,open,false,,,Garza dedos dorados,Egretta thula,Garza dedos dorados,Aves,4940
187834823,6b11f7f3-2f96-4ac3-a22e-d6937c246a59,2023/10/13 4:09 PM,2023-10-13,2023-10-14 01:09:00 +0200,America/Hermosillo,7023060,gabriel_isai,Gabriel Isaí Reyes Terrazas,2023-10-17 00:46:46 +0200,2023-10-17 02:14:59 +0200,research,CC-BY-NC,https://www.inaturalist.org/observations/187834823,https://inaturalist-open-data.s3.amazonaws.com/photos/328580944/medium.jpeg,,"",,2,0,false,,"Guaymas, MX-SO, MX",27.9546059947,-110.8415358514,26,,,,26,,open,false,gps,gps,Snowy Egret,Egretta thula,Garza dedos dorados,Aves,4940
187923196,11103c05-90a0-41b8-86b3-c5fb455b10b1,2017/05/01 7:24 PM,2017-05-01,2017-05-02 02:24:00 +0200,Central Time (US & Canada),7515686,ageeken,Ken Agee,2023-10-17 19:41:31 +0200,2024-09-12 00:43:52 +0200,research,CC-BY-NC,https://www.inaturalist.org/observations/187923196,https://inaturalist-open-data.s3.amazonaws.com/photos/328749500/medium.jpg,,"",,1,0,false,,"Grayson County, TX, USA",33.7362258977,-96.7821745986,21,,,,21,,open,false,,,Snowy Egret,Egretta thula,Garza dedos dorados,Aves,4940
187925735,2438f46d-b4c0-4ba4-a8f5-68689d754e1f,2013/07/28 11:56 AM,2013-07-28,2013-07-28 18:56:00 +0200,Central Time (US & Canada),7515686,ageeken,Ken Agee,2023-10-17 20:03:53 +0200,2024-09-12 00:42:56 +0200,research,CC-BY-NC,https://www.inaturalist.org/observations/187925735,https://inaturalist-open-data.s3.amazonaws.com/photos/328754402/medium.jpg,,"",,1,0,false,,"Grayson County, TX, USA",33.743520964,-96.7526211333,15,,,,15,,open,false,,,Snowy Egret,Egretta thula,Garza dedos dorados,Aves,4940
187926517,d7c360ab-9560-49e7-84b9-18b2ad49358d,2012/09/22 4:57 PM,2012-09-22,2012-09-22 23:57:00 +0200,Central Time (US & Canada),7515686,ageeken,Ken Agee,2023-10-17 20:11:25 +0200,2024-09-12 00:42:28 +0200,research,CC-BY-NC,https://www.inaturalist.org/observations/187926517,https://inaturalist-open-data.s3.amazonaws.com/photos/328755928/medium.jpg,,"",Two Great Egrets fighting over fishing territory ,2,0,false,,"Grayson County, TX, USA",33.7286852868,-96.7787090516,61,,,,61,,open,false,,,Snowy Egret,Egretta thula,Garza dedos dorados,Aves,4940
188397058,42a06a7a-56f4-4c6a-bc04-63bb6f92671a,2023/10/20 10:46 AM,2023-10-20,2023-10-20 18:46:00 +0200,Monterrey,662709,belgomex,Luc Wyn,2023-10-21 18:43:10 +0200,2023-10-24 03:37:56 +0200,research,CC-BY,https://www.inaturalist.org/observations/188397058,https://inaturalist-open-data.s3.amazonaws.com/photos/329721196/medium.jpeg,,"",,1,0,false,,"Sin Nombre de Col 30, Guadalupe, N.L., Mexico",25.6762275775,-100.2358803632,2,,,,2,,open,false,,,Snowy Egret,Egretta thula,Garza dedos dorados,Aves,4940
188423280,bbe0bd12-74b4-4906-93f3-9d7d2b23347c,2023/10/21 8:08 AM,2023-10-21,2023-10-21 17:08:00 +0200,Pacific Time (US & Canada),2873,jmaughn,James Maughn,2023-10-21 22:18:11 +0200,2023-11-03 18:59:11 +0000,research,CC-BY-NC,https://www.inaturalist.org/observations/188423280,https://inaturalist-open-data.s3.amazonaws.com/photos/329778211/medium.jpeg,,"","",2,0,false,,"Santa Cruz County, CA, USA",36.9783963899,-121.9386212844,4,,,,4,,open,false,,,Snowy Egret,Egretta thula,Garza dedos dorados,Aves,4940
188562683,7b555ac8-b47e-4d25-9180-62421ee25afc,2023/10/21 10:54 PM,2023-10-21,2023-10-22 07:54:00 +0200,Pacific Time (US & Canada),5981507,jiovanny,Jiovanny Celis,2023-10-22 21:36:17 +0200,2026-01-06 19:31:46 +0000,research,CC-BY-NC,https://www.inaturalist.org/observations/188562683,https://inaturalist-open-data.s3.amazonaws.com/photos/330065092/medium.jpeg,,"","",1,0,false,,"Los Angeles County, CA, USA",34.0448038405,-118.9332294919,98,,,,98,,open,false,,,Snowy Egret,Egretta thula,Garza dedos dorados,Aves,4940
188562942,2ede5729-03ab-438e-946a-55e5f7009a3f,2023/10/21 10:17 PM,2023-10-21,2023-10-22 07:17:00 +0200,Pacific Time (US & Canada),5981507,jiovanny,Jiovanny Celis,2023-10-22 21:38:12 +0200,2025-10-17 01:51:03 +0200,research,CC-BY-NC,https://www.inaturalist.org/observations/188562942,https://inaturalist-open-data.s3.amazonaws.com/photos/330065567/medium.jpeg,,"","",1,0,false,,"Los Angeles County, CA, USA",34.0440747578,-118.9342341375,50,,,,50,,open,false,,,Snowy Egret,Egretta thula,Garza dedos dorados,Aves,4940
188950747,0fbb728c-39a8-4fc6-8690-e16b91df0cc5,2023/10/25 8:53 AM,2023-10-25,2023-10-25 17:53:00 +0200,Mazatlan,695337,blevine,Bill Levine,2023-10-26 01:15:01 +0200,2026-02-16 19:00:45 +0000,research,CC-BY,https://www.inaturalist.org/observations/188950747,https://inaturalist-open-data.s3.amazonaws.com/photos/330856973/medium.jpeg,,"",,4,0,false,,"La Paz, BCS, Mexico",23.4846944444,-110.2671638889,,,,,,,open,false,,,Snowy Egret,Egretta thula,Garza dedos dorados,Aves,4940
188950761,b52091af-4fa4-47d8-a400-657a3f766ab1,2023/10/25 9:00 AM,2023-10-25,2023-10-25 18:00:00 +0200,Mazatlan,695337,blevine,Bill Levine,2023-10-26 01:15:04 +0200,2025-10-22 07:15:38 +0200,research,CC-BY,https://www.inaturalist.org/observations/188950761,https://inaturalist-open-data.s3.amazonaws.com/photos/330857116/medium.jpeg,,"",,3,0,false,,"La Paz, BCS, Mexico",23.4847166667,-110.267225,,,,,,,open,false,,,Snowy Egret,Egretta thula,Garza dedos dorados,Aves,4940
189254938,69dc2f22-f01e-4d6f-8f59-0fe776dbfaee,2023-10-23 11:49:44-08:00,2023-10-23,2023-10-23 21:49:44 +0200,Pacific Time (US & Canada),3188668,aparrot1,Irene,2023-10-28 20:23:16 +0200,2025-12-10 20:39:25 +0000,research,CC0,https://www.inaturalist.org/observations/189254938,https://inaturalist-open-data.s3.amazonaws.com/photos/331478049/medium.jpg,,"Point Lobos State Natural Reserve, Carmel CA","Snowy Egrets have a black bill and YELLOW FEET (I think of it like Snowy Egrets wearing yellow galoshes for the snow) . . . unlike Great Egrets that are larger, have a yellow bill and black feet.

My favorite Snowy Egret (Egretta thula) observations: https://www.inaturalist.org/observations?verifiable=any&taxon_id=4940&preferred_place_id=917&user_id=aparrot1
Close-up of Face: https://www.inaturalist.org/observations/197348662
Close-up of Feet: https://www.inaturalist.org/observations/189254938
Graceful Takeoff: https://www.inaturalist.org/observations/136912891
Funny Coincidence: https://www.inaturalist.org/observations/94875376
Snowy Egret Feather: https://www.inaturalist.org/observations/241777398

Snowy Egret (Egretta thula) is a small and graceful egret in the Small Egrets and Herons (Egretta) genus and the Typical Herons and Egrets (Ardeinae) subfamily that is 24 inches long with 41 inch wingspan. Adult has a black bill, black legs, and yellow feet. Legs of immatures and non-breeding adults have greenish-yellow up back of leg. Snowy Egret is widespead in coastal wetlands and other marine and freshwater habitats. It alternates active wading, foot-stirring, and even dashing around erratically to stir up prey.
Snowy Egret is known for its yellow feet and is said ""to dance in the shallows on golden slippers."" It has white lacy plumes on head, breast, and back during breeding season. Egrets suffered huge population collapses at the end of the 19th century from the harvesting of these delicate plumes for ladies hats. Lores (skin between eye and bill) are usually bright yellow, but flush reddish in the breeding season. Juveniles have duller yellow lores and more yellow extending up the legs than adults. Snowy Egret is fairly common and widespread in North and South America and is most common along the coast. It forages actively in shallow water, often darting after small fish. It is widespread in many types of aquatic habitats, including fresh and salt water. It nests in colonies in trees, shrubs, mangroves, sometimes on or near the ground in protected marshes. Diet is varied and includes fish, crabs, crayfish, frogs, snakes, insects, snails, worms, lizards, and even small rodents.""

Ebird with species description, range map and sound recordings: https://ebird.org/species/snoegr/

The Cornell Lab: https://www.allaboutbirds.org/guide/Snowy_Egret

Xeno-canto Bird songs, sound recordings, and species range map: https://xeno-canto.org/species/Egretta-thula

Audubon Guide to North American Birds: https://www.audubon.org/field-guide/bird/snowy-egret

National Geographic Field Guide to the Birds of North America, ed. Jon L. Dunn, 7th ed., 2017,
pp. 260-261.

National Geographic Field Guide to the Birds of Western North America, ed. Jon L. Dunn, 2008, p. 92.

Monterey Birds, Don Roberson, 2nd ed. 2002, sponsored by Monterey Peninsula Audubon Society,
p. 114.

Birds of Colombia, Steven L. Hilty, March, 2021 (excellent index, color illustrations, species distribution maps, QR codes), p. 145.

xxxxxxxxxxxxxxxxxxxxxxxxxxxxxxxxxxxxxxxxxxxxxxxxxxxxxxxxxxxxxxxxxxxxxxxxxxxxxxxxxxxxxxxxxx

Irene's Small Egrets and Herons (Genus Egretta): https://www.inaturalist.org/observations?verifiable=any&taxon_id=4933&preferred_place_id=917&user_id=aparrot1

xxxxxxxxxxxxxxxxxxxxxxxxxxxxxxxxxxxxxxxxxxxxxxxxxxxxxxxxxxxxxxxxxxxxxxxxxxxxxxxxxxxxxxxxxx

Irene's Herons, Egrets, and Bitterns (Ardeidae) family observations on INaturalist, worldwide: https://www.inaturalist.org/observations?taxon_id=4929&user_id=aparrot1

Herons, Egrets, and Bitterns (Ardeidae) 18 genera; 74 species worldwide

Birds of the World: https://birdsoftheworld.org/bow/species/ardeid1/cur/introduction
""Ardeids have a varied diet that includes a large proportion of aquatic and terrestrial vertebrates (fish, amphibians, small birds, and mammals) and invertebrates. They vary from active, probing pursuers of prey to unflappable sit-and-wait predators. . .
Herons and bitterns fly with their necks tucked in, extending them at takeoff and landing. Cranes always fly with outstretched necks. . . ""

Waterfowl and Herons of Western North America: an INaturalist Project: https://www.inaturalist.org/projects/waterfowl-and-herons-of-western-america

COMPARE TO
Irene's Great Herons and Egrets (Genus Ardea) observations: (this genus now includes Great Blue Heron, Great Egret, Western Cattle Egret, and more): https://www.inaturalist.org/observations?taxon_id=4950&user_id=aparrot1&verifiable=any

Irene's Shorebirds and Allies (Charadriiformes) order observations on INaturalist, worldwide: https://www.inaturalist.org/observations?taxon_id=67561&user_id=aparrot1&verifiable=any

California Shorebird Project: an INaturalist Project: https://www.inaturalist.org/projects/california-shorebird-project
Mine: https://www.inaturalist.org/observations?project_id=139343&ttl=900&place_id=any&verifiable=any&subview=grid&user_id=3188668

Birds of the World: Comprehensive life histories for all bird species and families (worldwide):
Cornell Lab: https://birdsoftheworld.org/bow/home?__hstc=

Ebird with species description, range map and sound recordings: https://ebird.org/explore

Xeno-canto: Bird songs, sound recordings, bird range and migration map (worldwide): https://xeno-canto.org/about/xeno-canto

National Geographic Field Guide to the Birds of North America, ed. Jon L. Dunn, 7th ed., 2017

Monterey Birds, Don Roberson, 2nd ed. 2002, sponsored by Monterey Peninsula Audubon Society

Birds of Costa Rica, Dale Dyer and Steve N. G. Howell, Princeton Field Guides, 2023

Birds of Panama, George R.. Angehr and Robert. Dean, 2010 (excellent illustrations)

Birds of Colombia, Steven L. Hilty, March, 2021 (excellent index, color illustrations, species distribution maps, QR codes)

I.D. Guide on (400) Birds of Cuba (including the 23 Endemics) https://Birds-Of-Cuba.com and https://www.birds-of-cuba.com/Endemic_Birds_of_Cuba.html

Merlin: Free worldwide Bird I.D./guide with photos, sounds, maps, 8,500+ species, and mobile App): https://merlin.allaboutbirds.org/

What is Motus? ""Motus is an international research community working together to study the movement and behaviour of birds, bats, and insects. . . "": https://motus.org/dashboard/#d=species

Found Feathers Resources (comprehensive list with links by INat featherenthusiast): https://foundfeathers.org/resources/
Found Feathers: an INaturalist Project: https://www.inaturalist.org/projects/found-feathers
Irene's Feather observations on INaturalist, worldwide: https://www.inaturalist.org/observations?project_id=125924&ttl=900&v=1725598515000&place_id=any&verifiable=any&subview=grid&user_id=3188668

Irene's Ebird Profile: https://ebird.org/profile/MTIwNjIzMg and my (worldwide) checklists: https://ebird.org/mychecklists

Animal Diversity Web (ADW) is an online encyclopedia of animal natural history, distribution, classification, and conservation biology: https://animaldiversity.org/
and glossary: https://animaldiversity.org/glossary/

California Natural Diversity Database - CNDDB: an INaturalist Project:
https://www.inaturalist.org/projects/california-natural-diversity-database-cnddb

Irene's (aparrot1) Profile Page on INaturalist listing Nature Resources (includes list of online references with links) for Birds, Plants, Plant Galls, Fungi, Insects, Arachnids, Mammals, Reptiles, Amphibians, Marine Life, Fishes, Lepidoptera, Odonata, Diptera, and more: https://www.inaturalist.org/people/3188668",3,0,false,3,"Point Lobos State Natural Reserve, Carmel, CA, US",36.5074533333,-121.939995,,,,,,,open,false,,,Snowy Egret,Egretta thula,Garza dedos dorados,Aves,4940
189466014,af383946-a920-497c-9ba9-8dd9fc52ee9a,2023/08/06 12:41 PM,2023-08-06,2023-08-06 20:41:00 +0200,Mexico City,270397,panecillo,Jorge A. Pérez Torres,2023-10-30 13:45:24 +0000,2023-11-01 06:18:48 +0000,research,CC-BY-NC,https://www.inaturalist.org/observations/189466014,https://inaturalist-open-data.s3.amazonaws.com/photos/331915372/medium.jpeg,,"",,4,0,false,,"Zoológico de San Juan de Aragón, 07920 Ciudad de México, CDMX, México",19.4620354965,-99.0709660691,187,,,,187,,open,false,,,Garza dedos dorados,Egretta thula,Garza dedos dorados,Aves,4940
189784002,3f8d02a8-52cf-4435-a3c0-3a328f07e367,2023/11/02 11:06 AM,2023-11-02,2023-11-02 16:06:00 +0000,Central Time (US & Canada),18812,mako252,Jon McIntyre,2023-11-02 19:37:24 +0000,2023-11-03 23:59:56 +0000,research,CC-BY-NC,https://www.inaturalist.org/observations/189784002,https://inaturalist-open-data.s3.amazonaws.com/photos/332555816/medium.jpeg,,"",,4,0,false,,"Port Aransas, TX, USA",27.8272120051,-97.0797183625,2,,,,2,,open,false,,,Snowy Egret,Egretta thula,Garza dedos dorados,Aves,4940
189900445,35803f58-f2f9-4ff9-a325-79253132ba93,2023-11-03 17:18:58-04:00,2023-11-03,2023-11-03 21:18:58 +0000,Eastern Time (US & Canada),940990,globalist50,,2023-11-03 23:09:08 +0000,2023-11-12 13:48:17 +0000,research,,https://www.inaturalist.org/observations/189900445,https://static.inaturalist.org/photos/332777940/medium.jpg,,"","",2,0,false,3,"Savannah National Wildlife Refuge, Hardeeville, SC, US",32.1470555,-81.0926278333,3,,,,3,,open,false,,,Snowy Egret,Egretta thula,Garza dedos dorados,Aves,4940
190461894,f92afaa7-34f0-4449-bdc5-8c8563693abe,2023/11/08 4:47 PM,2023-11-08,2023-11-08 22:47:00 +0000,Central Time (US & Canada),5694094,aquilus_aquila,Antonio Aguilar,2023-11-09 03:16:15 +0000,2025-06-16 16:40:46 +0200,research,CC-BY-NC,https://www.inaturalist.org/observations/190461894,https://inaturalist-open-data.s3.amazonaws.com/photos/333879726/medium.jpg,,"",,5,0,false,," Braunig Lake Park, San Antonio, TX, US Braunig Lake Park, San Antonio, TX, US",29.2487660781,-98.3934763068,4,,,,4,,open,false,,,Snowy Egret,Egretta thula,Garza dedos dorados,Aves,4940
190970696,d9cb8a4e-44df-457e-934f-73721bbfc03c,2023-11-13 15:14:48-08:00,2023-11-13,2023-11-13 23:14:48 +0000,Pacific Time (US & Canada),7356123,kreibman,Katie Reibman,2023-11-14 04:48:17 +0000,2023-11-14 23:24:41 +0000,research,CC-BY-NC,https://www.inaturalist.org/observations/190970696,https://inaturalist-open-data.s3.amazonaws.com/photos/334901447/medium.jpeg,,"","third photo has Snowy Egret on top, Great Egret on bottom!",3,0,false,3,"Los Angeles River, Los Angeles, CA, US",34.0937471667,-118.2340916667,11,,,,11,,open,false,,,Snowy Egret,Egretta thula,Garza dedos dorados,Aves,4940
191060113,f7c53082-76ea-4655-b300-7cebaf7a98e3,2022/01/19 11:14 AM,2022-01-19,2022-01-19 18:14:00 +0000,Arizona,5206812,littleredbird,Marleigh Fletcher,2023-11-15 03:49:49 +0000,2023-11-15 08:39:50 +0000,research,CC-BY-NC,https://www.inaturalist.org/observations/191060113,https://inaturalist-open-data.s3.amazonaws.com/photos/335079470/medium.jpg,,"",Riparian Preserve at Gilbert Water Ranch,3,0,false,,"Gilbert, AZ, USA",33.3619672937,-111.7341088556,300,,,,300,,open,false,,,Snowy Egret,Egretta thula,Garza dedos dorados,Aves,4940
191435217,3c5de206-dc9c-458c-a1ee-620666ca9d13,2023-11-18 12:04:08-05:00,2023-11-18,2023-11-18 17:04:08 +0000,Eastern Time (US & Canada),2871991,ymsak_,Sofie,2023-11-19 03:33:05 +0000,2024-02-01 00:59:11 +0000,research,CC-BY-NC,https://www.inaturalist.org/observations/191435217,https://inaturalist-open-data.s3.amazonaws.com/photos/335832653/medium.jpg,,"","",2,0,false,3,"Lust Rd, Apopka, FL, US",28.6699033333,-81.5575033333,1,,,,1,,open,false,,,Snowy Egret,Egretta thula,Garza dedos dorados,Aves,4940
191639711,a20292b8-e602-4bb2-ac39-237355bc2971,2023/08/31 6:02 PM,2023-08-31,2023-09-01 02:02:00 +0200,Mexico City,270397,panecillo,Jorge A. Pérez Torres,2023-11-21 02:58:36 +0000,2023-11-22 01:18:01 +0000,research,CC-BY-NC,https://www.inaturalist.org/observations/191639711,https://inaturalist-open-data.s3.amazonaws.com/photos/336241871/medium.jpeg,,"",,2,0,false,,"Granjas del Marqués, 39890 Acapulco de Juárez, Gro., México",16.7912134445,-99.8254810931,103,,,,103,,open,false,,,Garza dedos dorados,Egretta thula,Garza dedos dorados,Aves,4940
191639719,9a5cad2f-0f01-4707-90c3-daf2424fd9d4,2023/08/31 6:08 PM,2023-08-31,2023-09-01 02:08:00 +0200,Mexico City,270397,panecillo,Jorge A. Pérez Torres,2023-11-21 02:58:38 +0000,2023-11-22 01:17:51 +0000,research,CC-BY-NC,https://www.inaturalist.org/observations/191639719,https://inaturalist-open-data.s3.amazonaws.com/photos/336242099/medium.jpeg,,"",,2,0,false,,"Granjas del Marqués, 39890 Acapulco de Juárez, Gro., México",16.7913103206,-99.825086804,273,,,,273,,open,false,,,Garza dedos dorados,Egretta thula,Garza dedos dorados,Aves,4940
191639720,ee51bd49-017c-4f77-a497-c255a5ee0fa7,2023/08/31 6:06 PM,2023-08-31,2023-09-01 02:06:00 +0200,Mexico City,270397,panecillo,Jorge A. Pérez Torres,2023-11-21 02:58:38 +0000,2023-11-22 01:17:49 +0000,research,CC-BY-NC,https://www.inaturalist.org/observations/191639720,https://inaturalist-open-data.s3.amazonaws.com/photos/336242080/medium.jpeg,,"",,2,0,false,,"Granjas del Marqués, 39890 Acapulco de Juárez, Gro., México",16.7914417936,-99.8257734495,104,,,,104,,open,false,,,Garza dedos dorados,Egretta thula,Garza dedos dorados,Aves,4940
191647470,a2996986-ee1f-4c7d-b80b-e9d0fc628b30,2023/11/14 12:40 PM,2023-11-14,2023-11-14 18:40:00 +0000,Central Time (US & Canada),1595749,jcochran706,Jack Cochran,2023-11-21 05:17:41 +0000,2023-11-21 14:53:33 +0000,research,CC-BY-NC,https://www.inaturalist.org/observations/191647470,https://inaturalist-open-data.s3.amazonaws.com/photos/336257145/medium.jpeg,,CCSP,,2,0,false,,"McMullen County, TX, USA",28.4718783333,-98.3397083333,,,,,,,open,false,,,Snowy Egret,Egretta thula,Garza dedos dorados,Aves,4940
191767972,2ab85052-c684-4645-aa32-0c2b64c21d59,2019/09/20 7:55 AM,2019-09-20,2019-09-20 14:55:00 +0200,Mexico City,65448,joegonzorj,"",2023-11-22 16:16:53 +0000,2023-11-22 18:34:12 +0000,research,CC-BY-NC,https://www.inaturalist.org/observations/191767972,https://inaturalist-open-data.s3.amazonaws.com/photos/336499055/medium.jpeg,,"",,2,0,false,,"Lago de Arquitectura, Cd Universitaria, 72592 Heroica Puebla de Zaragoza, Pue., México",19.0036502309,-98.2050495611,100,,,,100,,open,false,,,Garza dedos dorados,Egretta thula,Garza dedos dorados,Aves,4940
191767974,9c61bac2-9712-4f90-ab43-01cfd9dbd44d,2018/01/31 9:48 AM,2018-01-31,2018-01-31 15:48:00 +0000,Mexico City,65448,joegonzorj,"",2023-11-22 16:16:54 +0000,2025-06-02 06:42:30 +0200,research,CC-BY-NC,https://www.inaturalist.org/observations/191767974,https://inaturalist-open-data.s3.amazonaws.com/photos/336499065/medium.jpeg,,"",,2,0,false,,"Lago de Arquitectura, Cd Universitaria, 72592 Heroica Puebla de Zaragoza, Pue., México",19.0036502309,-98.2050495611,100,,,,100,,open,false,,,Garza dedos dorados,Egretta thula,Garza dedos dorados,Aves,4940
191767980,f78a2c86-7a53-4607-b41b-83bf9b0096ef,2019/01/13 9:42 AM,2019-01-13,2019-01-13 15:42:00 +0000,Mexico City,65448,joegonzorj,"",2023-11-22 16:16:56 +0000,2023-11-22 18:34:30 +0000,research,CC-BY-NC,https://www.inaturalist.org/observations/191767980,https://inaturalist-open-data.s3.amazonaws.com/photos/336499119/medium.jpeg,,"",,2,0,false,,"Lago de Arquitectura, Cd Universitaria, 72592 Heroica Puebla de Zaragoza, Pue., México",19.0036502309,-98.2050495611,100,,,,100,,open,false,,,Garza dedos dorados,Egretta thula,Garza dedos dorados,Aves,4940
191977518,dc6cdd04-1587-4dd0-bd21-20eeb84c75b4,2023-11-24 06:56:00,2023-11-24,2023-11-24 12:56:00 +0000,Mexico City,7104420,isac-flores7,Isaac Flores,2023-11-24 19:55:24 +0000,2023-11-24 20:48:34 +0000,research,,https://www.inaturalist.org/observations/191977518,https://static.inaturalist.org/photos/336917211/medium.jpeg,,"",,3,0,false,2,"30837 Chis., México",14.6315221825,-92.3310183361,428,,,,428,,open,false,gps,gps,Snowy Egret,Egretta thula,Garza dedos dorados,Aves,4940
192285605,d9c29c7e-346d-42ef-8b0e-ac8c0d044b1d,2023/03/30 2:17 PM,2023-03-30,2023-03-30 20:17:00 +0200,Eastern Time (US & Canada),5955908,restodrood,David Yeager,2023-11-27 02:49:31 +0000,2023-11-27 03:40:34 +0000,research,CC-BY-NC,https://www.inaturalist.org/observations/192285605,https://inaturalist-open-data.s3.amazonaws.com/photos/337521822/medium.jpg,,"",,1,0,false,,"Poquoson, VA, USA",37.1118877614,-76.3229059441,4,,,,4,,open,false,,,Snowy Egret,Egretta thula,Garza dedos dorados,Aves,4940
192303235,eaf735dd-99f7-419c-a863-01134378a75a,2023/11/11 5:15 PM,2023-11-11,2023-11-11 23:15:00 +0000,Central Time (US & Canada),1595749,jcochran706,Jack Cochran,2023-11-27 06:10:39 +0000,2026-02-11 07:36:13 +0000,research,CC-BY-NC,https://www.inaturalist.org/observations/192303235,https://inaturalist-open-data.s3.amazonaws.com/photos/337556329/medium.jpeg,,CLRV,,3,0,false,,"Palmhurst, TX, USA",26.2646016667,-98.308365,,,,,,,open,false,,,Snowy Egret,Egretta thula,Garza dedos dorados,Aves,4940
192636635,939cddd6-52c2-4203-895f-d739fe625fee,2023/09/30 7:16 AM,2023-09-30,2023-09-30 15:16:00 +0200,America/Merida,270397,panecillo,Jorge A. Pérez Torres,2023-11-30 13:50:48 +0000,2023-11-30 14:22:37 +0000,research,CC-BY-NC,https://www.inaturalist.org/observations/192636635,https://inaturalist-open-data.s3.amazonaws.com/photos/338216929/medium.jpeg,,"",,4,0,false,,"Dzemul, Yuc., México",21.325432391,-89.3450071982,414,,,,414,,open,false,,,Garza dedos dorados,Egretta thula,Garza dedos dorados,Aves,4940
192764448,de0c9ec6-eb57-4357-b159-f4aef4606882,2023-12-01 12:38:23,2023-12-01,2023-12-01 18:38:23 +0000,America/Costa_Rica,6703129,jgolden20,Josh Golden,2023-12-01 23:20:02 +0000,2023-12-02 13:57:24 +0000,research,CC-BY-NC,https://www.inaturalist.org/observations/192764448,https://inaturalist-open-data.s3.amazonaws.com/photos/338470180/medium.jpeg,,"",,2,0,false,2,"Q9GF+R9X, Puntarenas Province, Tarcoles, Costa Rica",9.7786710833,-84.6253604069,209,,,,209,,open,false,gps,gps,Snowy Egret,Egretta thula,Garza dedos dorados,Aves,4940
192875830,31acec28-ca40-4984-ad65-247270b6d4dd,2023/05/25 1:28 PM,2023-05-25,2023-05-25 22:28:00 +0200,Arizona,5438141,aidan226,Aidan,2023-12-03 01:07:13 +0000,2023-12-03 01:25:41 +0000,research,,https://www.inaturalist.org/observations/192875830,https://static.inaturalist.org/photos/338692536/medium.jpg,,"",,1,0,false,,"Gilbert, AZ, USA",33.3614619042,-111.7354554226,15,,,,15,,open,false,,,Snowy Egret,Egretta thula,Garza dedos dorados,Aves,4940
192995526,b6cbf414-6d2e-492c-8180-1d6d5818de1e,2023/08/18 3:36 PM,2023-08-18,2023-08-19 00:36:00 +0200,Pacific Time (US & Canada),796280,eleggua,eleggua,2023-12-04 02:23:45 +0000,2025-05-29 12:56:32 +0200,research,CC-BY-NC,https://www.inaturalist.org/observations/192995526,https://inaturalist-open-data.s3.amazonaws.com/photos/338929839/medium.jpg,,"","Two fledgling black-crowned nightherons visible in this photo, along with three snowy egrets.  There were several other herons and egrets here this same day. Rookery at this location, involving several trees.

edit: corrected notes that were copy and pasted from this observation.
https://www.inaturalist.org/observations/192995522

12th and Harrison Sts, Downtown Oakland, black-crowned night heron and snowy egret urban rookery.",1,0,false,,"12th and Harrison Sts, Downtown Oakland, Oakland, CA, USA",37.8013217932,-122.2682670866,8,,,,8,,open,false,,,Snowy Egret,Egretta thula,Garza dedos dorados,Aves,4940
193139019,487923ff-b53f-4736-97b3-876863d101ed,2023-12-04 16:51:00-08:00,2023-12-04,2023-12-05 00:51:00 +0000,Pacific Time (US & Canada),7642740,yihan_li_o,,2023-12-05 17:46:11 +0000,2023-12-06 04:45:45 +0000,research,,https://www.inaturalist.org/observations/193139019,https://static.inaturalist.org/photos/339230858/medium.jpg,,"","",1,0,false,3,"California, US",37.5685396731,-122.2617568917,1016,,,,28388,obscured,open,true,,,Snowy Egret,Egretta thula,Garza dedos dorados,Aves,4940
193337964,a4f905cc-15e1-40c7-8ffe-95cf89db1d6b,2023/12/05 3:44 PM,2023-12-05,2023-12-05 23:44:00 +0000,Pacific Time (US & Canada),1809129,charadrius,Paul Donahue,2023-12-07 22:53:25 +0000,2024-09-12 22:43:08 +0200,research,CC-BY-NC,https://www.inaturalist.org/observations/193337964,https://inaturalist-open-data.s3.amazonaws.com/photos/339619320/medium.jpg,,"",,4,0,false,,"Merced National Wldlife Refuge, Merced County, CA, USA",37.1773178109,-120.6136253095,1386,,,,1386,,open,false,,,Egretta thula,Egretta thula,Garza dedos dorados,Aves,4940
193562412,9a8d62f3-ed92-418c-8493-32d4d161257a,2023/09/02 8:08 AM,2023-09-02,2023-09-02 14:08:00 +0200,Eastern Time (US & Canada),5196723,wrektorik,Will Rektorik,2023-12-10 03:40:55 +0000,2023-12-10 03:41:29 +0000,research,CC-BY-NC,https://www.inaturalist.org/observations/193562412,https://inaturalist-open-data.s3.amazonaws.com/photos/340037366/medium.jpeg,,"","",1,0,false,,"Brevard County, FL, USA",28.6978933333,-80.7139883333,50,,,,50,,open,false,,,Snowy Egret,Egretta thula,Garza dedos dorados,Aves,4940
193736666,3d6c210a-7bc2-41ee-9515-5831756dd174,2023/11/13 4:31 PM,2023-11-13,2023-11-13 22:31:00 +0000,Central Time (US & Canada),1595749,jcochran706,Jack Cochran,2023-12-11 20:58:59 +0000,2023-12-11 22:41:16 +0000,research,CC-BY-NC,https://www.inaturalist.org/observations/193736666,https://inaturalist-open-data.s3.amazonaws.com/photos/340360817/medium.jpeg,,CLRV,,2,0,false,,"Hidalgo, Texas, United States",26.2643016667,-98.30815,,,,,,,open,false,,,Snowy Egret,Egretta thula,Garza dedos dorados,Aves,4940
193754267,1146b8aa-7fe8-4395-811b-1598f025330f,2023/12/11 1:55 PM,2023-12-11,2023-12-11 21:55:00 +0000,Pacific Time (US & Canada),16404,ross2,Ross Millikan,2023-12-12 01:03:42 +0000,2023-12-12 01:24:30 +0000,research,CC-BY-NC,https://www.inaturalist.org/observations/193754267,https://inaturalist-open-data.s3.amazonaws.com/photos/340397505/medium.jpeg,,"",,1,0,false,,"Foster City, CA, USA",37.563245,-122.249313,,,,,,,open,false,,,Snowy Egret,Egretta thula,Garza dedos dorados,Aves,4940
193985542,bce40465-4d8a-41ea-a214-33f34ebeac5e,2023/12/13 5:30 PM,2023-12-13,2023-12-14 01:30:00 +0000,Pacific Time (US & Canada),1458371,katiesan,,2023-12-15 00:28:31 +0000,2023-12-15 00:34:41 +0000,research,CC-BY-NC,https://www.inaturalist.org/observations/193985542,https://inaturalist-open-data.s3.amazonaws.com/photos/340865862/medium.jpg,,"Pillar Point, Snowy Egret, bird, single",,1,0,false,,"San Mateo County, CA, USA",37.4951182917,-122.4967467759,8,,,,8,,open,false,,,Snowy Egret,Egretta thula,Garza dedos dorados,Aves,4940
193986718,cffaa9c5-aeb6-4bc0-8e84-eb92becde61f,2023-11-21 14:43:11,2023-11-21,2023-11-21 20:43:11 +0000,Mexico City,4797513,ingridavila,Ingrid Dávila,2023-12-15 00:50:35 +0000,2023-12-15 01:44:42 +0000,research,CC-BY-NC,https://www.inaturalist.org/observations/193986718,https://inaturalist-open-data.s3.amazonaws.com/photos/340868605/medium.jpeg,,"",,1,0,false,2,"Nuevo San Jose, 94560 Córdoba, Ver., México",18.8949599664,-96.9485893473,15,,,,15,,open,false,gps,gps,Garza dedos dorados,Egretta thula,Garza dedos dorados,Aves,4940
193997671,380d6da2-f1c4-4d01-9782-bc629b669ade,2023/12/14 2:01 PM,2023-12-14,2023-12-14 22:01:00 +0000,Pacific Time (US & Canada),38530,kevinhintsa,"",2023-12-15 03:50:38 +0000,2024-01-07 07:40:55 +0000,research,CC-BY-NC,https://www.inaturalist.org/observations/193997671,https://inaturalist-open-data.s3.amazonaws.com/photos/340890350/medium.jpeg,,"","",5,0,false,,"Heather Farm , California USA",37.920038,-122.042898,13,,,,13,,open,false,,,Snowy Egret,Egretta thula,Garza dedos dorados,Aves,4940
194314336,02ed7db5-3bd7-40d6-93a0-bfecf3b08034,2023/12/11 4:22 PM,2023-12-11,2023-12-12 00:22:00 +0000,Pacific Time (US & Canada),28,tiwane,Tony Iwane,2023-12-18 23:16:59 +0000,2025-11-18 22:39:27 +0000,research,CC-BY,https://www.inaturalist.org/observations/194314336,https://inaturalist-open-data.s3.amazonaws.com/photos/341530492/medium.jpg,,"",,2,0,false,,"Berkeley Marina, Berkeley, CA, USA",37.8688755807,-122.3148467369,,,,,,,open,false,,,Snowy Egret,Egretta thula,Garza dedos dorados,Aves,4940
194623210,61493e0e-8d30-4577-bc60-7e6d7514685a,2023-12-22 10:28:31,2023-12-22,2023-12-22 18:28:31 +0000,Pacific Time (US & Canada),1490864,dgrimmphd,"Donald W. Grimm, Ph.D.",2023-12-23 02:47:17 +0000,2024-03-20 03:30:15 +0000,research,,https://www.inaturalist.org/observations/194623210,https://static.inaturalist.org/photos/342157539/medium.jpeg,,"","Alviso Marina County Park, San Jose, Santa Clara County, California

Black beak, yellow feet",4,0,false,2,"Sunnyvale, CA 94089, USA",37.4274137,-121.9794387,,,,,,,open,false,gps,gps,Snowy Egret,Egretta thula,Garza dedos dorados,Aves,4940
194628263,f7f6e8ba-cf7f-483a-ba9c-5fcc6425e53d,2023/12/02 8:40 AM,2023-12-02,2023-12-02 16:40:00 +0000,Pacific Time (US & Canada),1499343,ben1010,Ben,2023-12-23 04:20:51 +0000,2025-09-21 18:18:47 +0200,research,CC-BY-NC-ND,https://www.inaturalist.org/observations/194628263,https://inaturalist-open-data.s3.amazonaws.com/photos/342173793/medium.jpg,,"","",1,0,false,,"Orange County, CA, USA",33.6971191145,-118.0458855159,339,,,,339,,open,false,,,Snowy Egret,Egretta thula,Garza dedos dorados,Aves,4940
194681252,ae9b7fdc-fca1-498f-a05f-91087113b7f7,2023-12-16 14:59:00-06:00,2023-12-16,2023-12-16 20:59:00 +0000,Mexico City,3322756,ivandegrassi,Iván López,2023-12-23 20:59:53 +0000,2023-12-25 23:42:58 +0000,research,CC-BY,https://www.inaturalist.org/observations/194681252,https://inaturalist-open-data.s3.amazonaws.com/photos/342274145/medium.jpg,,"","",2,0,false,3,"Barra De Tecoanapa, Marquelia, Gro., MX",16.5046821125,-98.7300070756,1447,,,,1447,,open,false,,,Garza dedos dorados,Egretta thula,Garza dedos dorados,Aves,4940
194934747,d7d1e249-94f7-4b25-a239-3a3e0c2f042a,2023-12-26 18:56:26-05:00,2023-12-26,2023-12-26 23:56:26 +0000,Pacific Time (US & Canada),1500169,greenc_,,2023-12-26 23:59:40 +0000,2024-05-17 04:07:30 +0200,research,CC-BY-NC,https://www.inaturalist.org/observations/194934747,https://inaturalist-open-data.s3.amazonaws.com/photos/342796942/medium.jpg,,"","",3,0,false,3,"UCSB Campus Point, Goleta, CA, US",34.406752132,-119.8433251677,189,,,,189,,open,false,,,Snowy Egret,Egretta thula,Garza dedos dorados,Aves,4940
195003277,6af9f932-1d76-41e5-852b-287efb8bb208,2023/12/27 8:25 AM,2023-12-27,2023-12-27 15:25:00 +0000,Arizona,1980888,michael_smith,"",2023-12-27 19:26:16 +0000,2024-01-26 03:54:18 +0000,research,,https://www.inaturalist.org/observations/195003277,https://static.inaturalist.org/photos/342938627/medium.jpg,,"",,2,0,false,,"Maricopa County, AZ, USA",33.9328619746,-112.6947698802,31,,,,31,,open,false,,,Snowy Egret,Egretta thula,Garza dedos dorados,Aves,4940
195106462,1c62509e-43aa-4be0-b76f-43f3fd7aa7ca,2023/12/27 11:00 AM,2023-12-27,2023-12-27 17:00:00 +0000,Central Time (US & Canada),6097101,petermcintyre,,2023-12-28 21:11:13 +0000,2024-01-01 05:42:32 +0000,research,CC-BY-NC,https://www.inaturalist.org/observations/195106462,https://inaturalist-open-data.s3.amazonaws.com/photos/343145629/medium.jpg,,"",,3,0,false,,"Chambers County, TX, USA",29.606575,-94.5561483333,,,,,,,open,false,,,Snowy Egret,Egretta thula,Garza dedos dorados,Aves,4940
195335810,1173caf7-31cd-4bfe-90f8-bdfd969a52e7,2023/12/15 1:32 PM,2023-12-15,2023-12-15 18:32:00 +0000,Eastern Time (US & Canada),1052771,jtmartin54,John Martin,2023-12-31 03:49:09 +0000,2024-01-01 04:56:41 +0000,research,CC-BY-NC-ND,https://www.inaturalist.org/observations/195335810,https://inaturalist-open-data.s3.amazonaws.com/photos/343614117/medium.jpg,,Snowy Egret,A few of many more in pic #1. And then something triggered a departure - pics #2-6,3,0,false,,"Merritt Island National Wildlife Refuge, Titusville, Florida, USA",28.657872517,-80.7548117638,16,,,,16,,open,false,,,Snowy Egret,Egretta thula,Garza dedos dorados,Aves,4940
195345600,b02ce15c-d470-49ce-92f3-3dc8724c9036,2023/12/24 8:50 AM,2023-12-24,2023-12-24 16:50:00 +0000,Pacific Time (US & Canada),1653276,lglevanik,Lauren Glevanik,2023-12-31 06:25:29 +0000,2024-01-07 17:11:30 +0000,research,CC-BY-NC,https://www.inaturalist.org/observations/195345600,https://inaturalist-open-data.s3.amazonaws.com/photos/343632002/medium.jpeg,,"",,1,0,false,,"Fremont, CA, USA",37.5330945658,-122.0749564674,8,,,,8,,open,false,,,Snowy Egret,Egretta thula,Garza dedos dorados,Aves,4940
195394530,190986af-3a76-48f6-85e4-fc4a7d241201,2023/12/30 8:18 AM,2023-12-30,2023-12-30 15:18:00 +0000,Mountain Time (US & Canada),1499212,adkonings,Ad Konings,2023-12-31 19:29:02 +0000,2024-01-01 22:46:11 +0000,research,CC-BY-NC,https://www.inaturalist.org/observations/195394530,https://inaturalist-open-data.s3.amazonaws.com/photos/343735582/medium.jpg,,"",,2,0,false,,"Valley Creek South, El Paso, TX 79932, USA",31.8504801214,-106.6168279441,3,,,,3,,open,false,,,Snowy Egret,Egretta thula,Garza dedos dorados,Aves,4940
195426672,eea92e77-6d54-47b5-a355-68a7b6dc358c,2023-12-14 12:56:00+01:00,2023-12-14,2023-12-14 11:56:00 +0000,America/Costa_Rica,3125876,zombiefied,,2024-01-01 01:58:05 +0000,2024-01-06 13:46:55 +0000,research,,https://www.inaturalist.org/observations/195426672,https://static.inaturalist.org/photos/343801652/medium.jpg,,"","",1,0,false,3,"Estero Mata de Limón, Esparza, Puntarenas, CR",9.9318541754,-84.7044362827,3344,,,,3344,,open,false,,,Schmuckreiher,Egretta thula,Garza dedos dorados,Aves,4940
195506697,7d4c298c-1183-4578-8a39-18005a6b350a,2023/12/30 12:12 PM,2023-12-30,2023-12-30 20:12:00 +0000,Pacific Time (US & Canada),6415127,dr00g,Karl 'Beachnik' Butz,2024-01-01 22:00:37 +0000,2024-01-02 00:44:20 +0000,research,CC-BY-NC,https://www.inaturalist.org/observations/195506697,https://inaturalist-open-data.s3.amazonaws.com/photos/343964895/medium.jpg,,"",,2,0,false,,"South San Francisco, CA, USA",37.6427132997,-122.3992982997,,,,,,,open,false,,,Snowy Egret,Egretta thula,Garza dedos dorados,Aves,4940
195542793,4077c175-7860-4561-9e7f-675cb750c268,2023/12/29 12:19 AM,2023-12-29,2023-12-29 08:19:00 +0000,Pacific Time (US & Canada),7175904,lavenderflora,Sonia S,2024-01-02 05:03:04 +0000,2024-01-08 20:28:52 +0000,research,CC-BY-NC,https://www.inaturalist.org/observations/195542793,https://inaturalist-open-data.s3.amazonaws.com/photos/343993715/medium.jpeg,,"",,1,0,false,,"Monterey, CA, USA",36.6060757582,-121.8941238414,34,,,,34,,open,false,,,Snowy Egret,Egretta thula,Garza dedos dorados,Aves,4940
195624991,8c0b0f09-a773-4998-8689-7b4a6e9ca623,2024-01-02 16:46:27-08:00,2024-01-02,2024-01-03 00:46:27 +0000,Pacific Time (US & Canada),3062594,larrykoopa,Larry Koopa,2024-01-03 02:20:37 +0000,2024-06-25 19:08:33 +0200,research,CC-BY-NC,https://www.inaturalist.org/observations/195624991,https://inaturalist-open-data.s3.amazonaws.com/photos/344204263/medium.jpg,,"","",3,0,false,3,"Hopkins Wilderness Park, Redondo Beach, CA, US",33.8293087048,-118.3742794171,22,,,,22,,open,false,,,Snowy Egret,Egretta thula,Garza dedos dorados,Aves,4940
195638244,54224a11-580c-49e0-a7ca-5403b23132f1,2024-01-02 14:21:02-08:00,2024-01-02,2024-01-02 22:21:02 +0000,Pacific Time (US & Canada),1563867,robertkrupin,,2024-01-03 05:53:05 +0000,2024-01-08 18:54:46 +0000,research,CC-BY-NC,https://www.inaturalist.org/observations/195638244,https://inaturalist-open-data.s3.amazonaws.com/photos/344231365/medium.jpg,,"","",4,0,false,3,"Carpinteria State Beach, Carpinteria, CA, US",34.3912883333,-119.51908,3,,,,3,,open,false,,,Snowy Egret,Egretta thula,Garza dedos dorados,Aves,4940
195723218,f55137b5-6500-44d1-907f-4a27d345be34,2023/11/19 11:40 AM,2023-11-19,2023-11-19 19:40:00 +0000,Pacific Time (US & Canada),986773,andrealikesbirds,Andrea Carpio,2024-01-04 03:58:35 +0000,2024-01-10 21:45:34 +0000,research,CC-BY-NC,https://www.inaturalist.org/observations/195723218,https://inaturalist-open-data.s3.amazonaws.com/photos/344402931/medium.jpg,,"",,1,0,false,,"Orange County, CA, USA",33.702901945,-118.053174445,,,,,,,open,false,,,Snowy Egret,Egretta thula,Garza dedos dorados,Aves,4940
195952483,48e39037-4da4-456f-a28b-77b12a453b44,2023/09/04 9:56 AM,2023-09-04,2023-09-04 16:56:00 +0200,America/Matamoros,239019,joshua_tx,Joshua Ekrut,2024-01-06 19:52:35 +0000,2025-06-17 22:57:08 +0200,research,CC-BY-NC,https://www.inaturalist.org/observations/195952483,https://inaturalist-open-data.s3.amazonaws.com/photos/344856782/medium.jpg,,"",,3,0,false,,"Reynosa Municipality, Tamaulipas, Mexico",26.1679124432,-98.3667386942,50,,,,50,,open,false,,,Snowy Egret,Egretta thula,Garza dedos dorados,Aves,4940
196021698,59a0355b-1ce0-4d7d-8b3c-fa35791927f2,2024-01-07 08:49:16-05:00,2024-01-07,2024-01-07 13:49:16 +0000,Eastern Time (US & Canada),2279655,bangert,,2024-01-07 13:49:34 +0000,2024-01-11 18:11:34 +0000,research,CC-BY-NC,https://www.inaturalist.org/observations/196021698,https://inaturalist-open-data.s3.amazonaws.com/photos/345004254/medium.jpg,,"","",3,0,false,3,"Floating Bridge Trail, Wilmington, NC, US",34.152708957,-77.9305386265,7,,,,7,,open,false,,,Snowy Egret,Egretta thula,Garza dedos dorados,Aves,4940
196149308,06f501e8-451c-460b-99c6-10f9102d6c59,2023/12/26 11:53 AM,2023-12-26,2023-12-26 19:53:00 +0000,Pacific Time (US & Canada),108876,wyattherp,"",2024-01-08 20:58:16 +0000,2024-01-09 03:05:48 +0000,research,CC-BY-NC,https://www.inaturalist.org/observations/196149308,https://inaturalist-open-data.s3.amazonaws.com/photos/345256972/medium.jpeg,,"",,1,0,false,,"Santa Cruz, CA, USA",36.9509200967,-122.0583784257,15,,,,15,,open,false,,,Snowy Egret,Egretta thula,Garza dedos dorados,Aves,4940
196149481,78a1676d-7b7c-4f5e-8b61-2b0226d600be,2024-01-08 14:34:04,2024-01-08,2024-01-08 20:34:04 +0000,America/Bahia_Banderas,2730542,gonzalogm,,2024-01-08 21:01:13 +0000,2024-01-09 19:34:40 +0000,research,CC-BY-NC,https://www.inaturalist.org/observations/196149481,https://inaturalist-open-data.s3.amazonaws.com/photos/345257607/medium.jpeg,,"",,3,0,false,2,"63735 Nuevo Vallarta, Nay., México",20.6986188856,-105.2964898199,3229,,,,3229,,open,false,gps,gps,Garza blanca,Egretta thula,Garza dedos dorados,Aves,4940
196249623,fc682bb6-b92f-47e4-972f-f77940e40a2b,2024-01-09 13:23:24-05:00,2024-01-09,2024-01-09 18:23:24 +0000,Eastern Time (US & Canada),469469,ryancooke,Ryan Cooke,2024-01-10 03:03:41 +0000,2024-01-10 11:30:33 +0000,research,CC-BY-NC,https://www.inaturalist.org/observations/196249623,https://static.inaturalist.org/photos/345461017/medium.jpg,,"","",3,0,false,3,"Tampa Bay, FL, US",27.58484813,-82.6135874618,25,,,,25,,open,false,,,Snowy Egret,Egretta thula,Garza dedos dorados,Aves,4940
196458547,d02f700f-302b-4d03-b0c1-c3691c6c9fa7,2023/05/29 10:39 AM,2023-05-29,2023-05-29 18:39:00 +0200,Mexico City,64596,juancarlosgarciamorales1,Juan Carlos Garcia Morales,2024-01-12 22:33:07 +0000,2024-01-13 07:12:35 +0000,research,,https://www.inaturalist.org/observations/196458547,https://static.inaturalist.org/photos/345885951/medium.jpeg,,"","",1,0,false,,Parque Sierra Morelos,19.3135223216,-99.7004220198,1587,,,,1587,,open,false,,,Garza dedos dorados,Egretta thula,Garza dedos dorados,Aves,4940
196544442,592508b4-ab79-43df-bfeb-3049a866b357,2024-01-13 08:51:15-05:00,2024-01-13,2024-01-13 13:51:15 +0000,Eastern Time (US & Canada),642393,phaynes,Patti Haynes,2024-01-13 17:57:50 +0000,2024-01-13 18:04:57 +0000,research,CC-BY-NC,https://www.inaturalist.org/observations/196544442,https://inaturalist-open-data.s3.amazonaws.com/photos/346020437/medium.jpg,,"","",1,0,false,3,"Gasparilla Sound, FL, US",26.82733,-82.2670666667,3,,,,3,,open,false,,,Snowy Egret,Egretta thula,Garza dedos dorados,Aves,4940
196882803,57295c33-4f6e-489f-93fb-4eb00a9bea5c,2023/12/22 5:40 PM,2023-12-22,2023-12-23 01:40:00 +0000,Pacific Time (US & Canada),2843576,tj4444,TJ Hastings,2024-01-17 01:31:12 +0000,2024-02-03 21:32:26 +0000,research,,https://www.inaturalist.org/observations/196882803,https://static.inaturalist.org/photos/346616900/medium.jpg,,"",,5,0,false,,"Isla Vista, CA 93117, USA",34.409512,-119.850369,,,,,,,open,false,,,Snowy Egret,Egretta thula,Garza dedos dorados,Aves,4940
197437954,87ad02f4-d645-453e-9cbe-2ade47d30d87,2024/01/23 9:40 PM,2024-01-23,2024-01-24 05:40:00 +0000,Pacific Time (US & Canada),5852324,serradura,,2024-01-24 04:15:34 +0000,2024-01-24 07:35:53 +0000,research,CC-BY-NC,https://www.inaturalist.org/observations/197437954,https://inaturalist-open-data.s3.amazonaws.com/photos/347742480/medium.jpeg,,"",,1,0,false,,"Mountain View, CA, USA",37.4333533333,-122.08664,,,,,,,open,false,,,Snowy Egret,Egretta thula,Garza dedos dorados,Aves,4940
198780447,7d9b4093-5b9f-4dd9-b0e1-9a476f57c7ed,2022-12-02 09:04:57-08:00,2022-12-02,2022-12-02 17:04:57 +0000,Pacific Time (US & Canada),5228194,jilllingnell,Jill Lingnell,2024-02-09 04:04:58 +0000,2024-02-09 04:06:07 +0000,research,CC-BY-NC,https://www.inaturalist.org/observations/198780447,https://inaturalist-open-data.s3.amazonaws.com/photos/350427676/medium.jpg,,"","",2,0,false,3,"San Elijo Lagoon, Encinitas, CA, US",33.01061945,-117.27678,5,,,,5,,open,false,,,Snowy Egret,Egretta thula,Garza dedos dorados,Aves,4940
198840060,dab18b2d-a035-454c-bba1-46520983c928,2024/02/08 5:03 PM,2024-02-08,2024-02-08 22:03:00 +0000,Eastern Time (US & Canada),5018825,kitemongoose,,2024-02-09 21:59:55 +0000,2025-05-25 06:04:54 +0200,research,CC-BY-NC,https://www.inaturalist.org/observations/198840060,https://inaturalist-open-data.s3.amazonaws.com/photos/350538254/medium.jpeg,,"Amelia Island, Cabana Lane","",3,0,false,,"Florida, US",30.7247665406,-81.4969517694,9,,,,29330,obscured,open,true,,,Snowy Egret,Egretta thula,Garza dedos dorados,Aves,4940
198858470,300b9e53-76cc-469b-ba8a-00d2ff14ec0e,2024-02-06 12:04:32,2024-02-06,2024-02-06 18:04:32 +0000,America/Costa_Rica,747417,texcat,,2024-02-10 02:32:19 +0000,2024-02-10 02:32:50 +0000,research,CC-BY-NC,https://www.inaturalist.org/observations/198858470,https://inaturalist-open-data.s3.amazonaws.com/photos/350578475/medium.jpeg,,"",,1,0,false,2,"Caño Negro, Provincia de Alajuela, Los Chiles, Costa Rica",10.8851192929,-84.7911638394,213,,,,213,,open,false,gps,gps,Snowy Egret,Egretta thula,Garza dedos dorados,Aves,4940
199053057,f6b15666-5802-4818-873e-ad3e170e156f,2024/02/11 7:47 AM,2024-02-11,2024-02-11 14:47:00 +0000,Mountain Time (US & Canada),1499212,adkonings,Ad Konings,2024-02-11 23:50:01 +0000,2024-02-12 14:23:02 +0000,research,CC-BY-NC,https://www.inaturalist.org/observations/199053057,https://inaturalist-open-data.s3.amazonaws.com/photos/350960355/medium.jpg,,"",,2,0,false,,"Country Club, El Paso, TX, USA",31.8352396598,-106.5981826187,1,,,,1,,open,false,,,Snowy Egret,Egretta thula,Garza dedos dorados,Aves,4940
199256109,878b3be9-b712-4558-8d5a-c2226a37e9b1,2024/02/13 4:37 PM,2024-02-13,2024-02-14 00:37:00 +0000,Pacific Time (US & Canada),6485835,katydiddata,"",2024-02-14 05:45:25 +0000,2024-11-03 09:38:37 +0000,research,,https://www.inaturalist.org/observations/199256109,https://static.inaturalist.org/photos/351366672/medium.jpeg,,"",Yellow legs and lighter bill color makes me think Cattle Egret instead of Snowy Egret,4,0,false,,"Coronado, CA, USA",32.6021305556,-117.1220166667,4,,,,4,,open,false,,,Snowy Egret,Egretta thula,Garza dedos dorados,Aves,4940
199421189,fede9b9a-1cec-4a78-8629-0c5b0153d30f,2024/02/15 6:57 PM,2024-02-15,2024-02-16 00:57:00 +0000,Central Time (US & Canada),4409523,noniss88,NoNiSs,2024-02-16 02:18:07 +0000,2024-02-16 02:57:30 +0000,research,CC-BY-NC,https://www.inaturalist.org/observations/199421189,https://inaturalist-open-data.s3.amazonaws.com/photos/351681596/medium.jpg,,"",,5,0,false,,"Stinson Airport Vicinity, San Antonio, TX, USA",29.3508319049,-98.468177866,110,,,,110,,open,false,,,Snowy Egret,Egretta thula,Garza dedos dorados,Aves,4940
199529563,3c33e6df-92c8-4eab-bf25-54b4741f18e5,2023/12/13 3:43 PM,2023-12-13,2023-12-13 23:43:00 +0000,Pacific Time (US & Canada),270397,panecillo,Jorge A. Pérez Torres,2024-02-17 05:07:29 +0000,2024-02-17 19:17:32 +0000,research,CC-BY-NC,https://www.inaturalist.org/observations/199529563,https://inaturalist-open-data.s3.amazonaws.com/photos/351885512/medium.jpeg,,"",,1,0,false,,"Presidio Real de San Francisco, San Francisco, California, EE. UU.",37.8049109727,-122.4552165088,141,,,,141,,open,false,,,Garza dedos dorados,Egretta thula,Garza dedos dorados,Aves,4940
199822268,ad548179-b82d-4b1c-90c0-acfa9ed75f8a,2024/02/08 1:14 PM,2024-02-08,2024-02-08 19:14:00 +0000,Central America,4026605,ricardelremate,Ricard Busquets Reverte,2024-02-19 19:26:18 +0000,2024-03-02 22:41:01 +0000,research,CC-BY,https://www.inaturalist.org/observations/199822268,https://inaturalist-open-data.s3.amazonaws.com/photos/352438697/medium.jpeg,,"","Around lake Petén Itzá shore. El Remate village, Flores, Petén, Guatemala.
",3,0,false,,"Flores, Guatemala",16.9908049419,-89.6924549824,21,,,,21,,open,false,,,Garza dedos dorados,Egretta thula,Garza dedos dorados,Aves,4940
200410772,0cb3c19b-1919-4575-a2cc-db15fd50df63,2024/02/12 9:55 AM,2024-02-12,2024-02-12 15:55:00 +0000,Central Time (US & Canada),1400796,biomule,,2024-02-25 17:01:28 +0000,2024-02-25 17:32:41 +0000,research,CC-BY-NC,https://www.inaturalist.org/observations/200410772,https://inaturalist-open-data.s3.amazonaws.com/photos/353582808/medium.jpeg,,"",,2,0,false,,"Austin, TX, USA",30.1876616667,-97.7220833333,,,,,,,open,false,,,Snowy Egret,Egretta thula,Garza dedos dorados,Aves,4940
200474108,05d78c82-8e12-40b5-b620-2f79c34634ee,2024-02-23 10:34:37-07:00,2024-02-23,2024-02-23 17:34:37 +0000,Mountain Time (US & Canada),4751903,georgek22,George Kinney,2024-02-26 02:33:38 +0000,2024-02-29 22:09:19 +0000,research,,https://www.inaturalist.org/observations/200474108,https://static.inaturalist.org/photos/353706603/medium.jpg,,"","",1,0,false,3,"Ascarate Golf Course, El Paso, TX, US",31.750095,-106.4056033333,4,,,,4,,open,false,,,Snowy Egret,Egretta thula,Garza dedos dorados,Aves,4940
200478534,3890fb57-1fb4-4fb4-92eb-c67eed69953f,2023/10/11 8:24 AM,2023-10-11,2023-10-11 17:24:00 +0200,Pacific Time (US & Canada),7824547,phenomfi,phenomfi,2024-02-26 03:19:16 +0000,2025-07-18 21:23:17 +0200,research,,https://www.inaturalist.org/observations/200478534,https://static.inaturalist.org/photos/353716746/medium.jpg,,"",,5,0,false,,"Cardiff, Encinitas, CA 92007, USA",33.0107684515,-117.2765285305,85,,,,85,,open,false,,,Snowy Egret,Egretta thula,Garza dedos dorados,Aves,4940
200651761,093812ba-5fd5-4d6d-b40d-3adb77aaa1e3,2019/07/21 9:56 AM,2019-07-21,2019-07-21 17:56:00 +0200,America/El_Salvador,3948063,carlos_jenkins,Carlos Jenkins,2024-02-27 20:35:59 +0000,2024-04-04 15:09:14 +0200,research,,https://www.inaturalist.org/observations/200651761,https://static.inaturalist.org/photos/354050207/medium.jpeg,,"",,3,0,false,,"Acajutla, El Salvador",13.5413249082,-89.8241372704,33,,,,33,,open,false,,,Snowy Egret,Egretta thula,Garza dedos dorados,Aves,4940
201190954,dd6b877c-d98d-4ce2-a809-4a8176d6f8f7,2024/03/03 8:54 AM,2024-03-03,2024-03-03 14:54:00 +0000,Mexico City,192635,jartigas,Juan Miguel Artigas Azas,2024-03-03 23:01:37 +0000,2024-03-04 13:49:01 +0000,research,,https://www.inaturalist.org/observations/201190954,https://static.inaturalist.org/photos/355105760/medium.jpg,,"","",4,0,false,,"Querétaro, Qro., Mexico",20.7959015156,-100.4510214356,2,,,,2,,open,false,,,Snowy Egret,Egretta thula,Garza dedos dorados,Aves,4940
201343729,c67ec63b-aa66-4090-a7a5-0ba294e68351,2023/05/25 10:39 AM,2023-05-25,2023-05-25 19:39:00 +0200,Arizona,774402,wildmushroom,,2024-03-05 06:18:41 +0000,2024-03-05 06:48:06 +0000,research,,https://www.inaturalist.org/observations/201343729,https://static.inaturalist.org/photos/355410398/medium.jpeg,,"",,1,0,false,,"Tres Rios Wetlands, Tres Rios Wetlands, Tolleson, AZ 85353, USA",33.3888946794,-112.2634189149,1189,,,,1189,,open,false,,,Snowy Egret,Egretta thula,Garza dedos dorados,Aves,4940
201532252,535e9cf3-4298-488e-9457-37f45cc22845,2023/11/25 4:43 PM,2023-11-25,2023-11-25 21:43:00 +0000,Eastern Time (US & Canada),5781621,bev435,,2024-03-07 01:17:26 +0000,2024-03-07 02:38:25 +0000,research,CC-BY-NC,https://www.inaturalist.org/observations/201532252,https://inaturalist-open-data.s3.amazonaws.com/photos/355771223/medium.jpeg,,"",either i'm good at finding one legged egrets or we have too many of them...,1,0,false,,"Sussex County, DE, USA",38.877619471,-75.2784491949,190,,,,190,,open,false,,,Snowy Egret,Egretta thula,Garza dedos dorados,Aves,4940
201584006,f56af7a7-56da-49fc-9333-9b3207a7e50a,2024-03-06 17:56:41-05:00,2024-03-06,2024-03-06 22:56:41 +0000,Eastern Time (US & Canada),4152424,threedogsandacatrv,,2024-03-07 16:11:57 +0000,2024-03-07 16:14:51 +0000,research,CC-BY-NC,https://www.inaturalist.org/observations/201584006,https://inaturalist-open-data.s3.amazonaws.com/photos/355870103/medium.jpg,,"","",1,0,false,3,"North Atlantic Ocean, FL, US",29.9581850432,-81.2883188568,36500,,,,36500,,open,false,,,Snowy Egret,Egretta thula,Garza dedos dorados,Aves,4940
201800592,039872e3-72ca-40a5-9264-c07d32fea46c,2024-03-09 10:08:59-06:00,2024-03-09,2024-03-09 16:08:59 +0000,Central Time (US & Canada),6468851,eelofciryl,,2024-03-09 16:15:33 +0000,2024-03-12 14:08:48 +0000,research,CC-BY-NC,https://www.inaturalist.org/observations/201800592,https://inaturalist-open-data.s3.amazonaws.com/photos/356287382/medium.jpg,,"","",1,0,false,3,"Houma Navigation Canal, Dulac, LA, US",29.3076729178,-90.7152868439,232,,,,232,,open,false,,,Snowy Egret,Egretta thula,Garza dedos dorados,Aves,4940
201858646,a39e7e47-15f3-4896-bd4f-2331633f27e5,2024-03-09 12:54:19-06:00,2024-03-09,2024-03-09 18:54:19 +0000,Central Time (US & Canada),7717165,crassvs,,2024-03-10 00:51:48 +0000,2025-01-21 03:35:08 +0000,research,CC-BY-NC,https://www.inaturalist.org/observations/201858646,https://inaturalist-open-data.s3.amazonaws.com/photos/356403528/medium.jpg,,"","",2,0,false,3,"South Padre Island, South Padre Island, TX, US",26.0679555,-97.154975,9,,,,9,,open,false,,,Snowy Egret,Egretta thula,Garza dedos dorados,Aves,4940
201866328,9987861c-4fa5-4f0f-8256-49c048fea61b,2023/06/01 10:24 AM,2023-06-01,2023-06-01 16:24:00 +0200,Eastern Time (US & Canada),1133501,christa_explores,Christa B,2024-03-10 02:08:22 +0000,2024-03-11 23:07:49 +0000,research,CC-BY-NC-ND,https://www.inaturalist.org/observations/201866328,https://inaturalist-open-data.s3.amazonaws.com/photos/356413426/medium.jpeg,,"",,2,0,false,,"Apponaug Cove, RI, USA",41.6888340819,-71.4469993646,803,,,,803,,open,false,,,Snowy Egret,Egretta thula,Garza dedos dorados,Aves,4940
201875228,ca261c18-9cea-4001-befe-a97fd5f1038d,2024/03/07 10:57 AM,2024-03-07,2024-03-07 18:57:00 +0000,Pacific Time (US & Canada),7857100,jfarle,Joao,2024-03-10 03:42:06 +0000,2024-03-10 03:48:04 +0000,research,CC-BY-NC,https://www.inaturalist.org/observations/201875228,https://inaturalist-open-data.s3.amazonaws.com/photos/356435227/medium.jpeg,,"",,1,0,false,,"Santee, CA, USA",32.8586476795,-117.0079074693,39,,,,39,,open,false,,,Snowy Egret,Egretta thula,Garza dedos dorados,Aves,4940
202188012,d3d3dae3-a562-4915-9556-d745cf663ccd,2022-09-17 07:55:38,2022-09-17,2022-09-17 13:55:38 +0200,Eastern Time (US & Canada),6098374,rivs18,River Turner,2024-03-12 18:59:47 +0000,2024-03-12 19:26:56 +0000,research,CC-BY-NC,https://www.inaturalist.org/observations/202188012,https://inaturalist-open-data.s3.amazonaws.com/photos/357043772/medium.jpeg,,"",,1,0,false,2,"Little Marsh Hill, Jacksonville, FL, USA",30.3953088171,-81.4700643718,198,,,,198,,open,false,gps,gps,Snowy Egret,Egretta thula,Garza dedos dorados,Aves,4940
202714828,4294d0db-6ab5-4785-a015-122d75c78ea8,2024/02/20 11:45 AM,2024-02-20,2024-02-20 16:45:00 +0000,Eastern Time (US & Canada),2807595,jimangelo,,2024-03-16 20:55:02 +0000,2024-03-28 03:50:53 +0000,research,CC-BY-NC,https://www.inaturalist.org/observations/202714828,https://inaturalist-open-data.s3.amazonaws.com/photos/358050234/medium.jpg,,"Blue Cypress Park, Egretta thula, Florida, Jacksonville, Snowy Egret",Snowy Egret - Blye Cypress Paru,2,0,false,,"Blue Cypress Park, Jacksonville, FL, USA",30.3751849443,-81.6121503455,529,,,,529,,open,false,,,Snowy Egret,Egretta thula,Garza dedos dorados,Aves,4940
203164743,6cc4501b-16c6-4e4b-b3f3-b22a7b5dd215,2016-10-02 22:46:00+01:00,2016-10-02,2016-10-02 23:46:00 +0200,Pacific Time (US & Canada),7885037,crowpuccino,,2024-03-19 22:47:30 +0000,2024-03-21 17:45:33 +0000,research,CC-BY-NC,https://www.inaturalist.org/observations/203164743,https://inaturalist-open-data.s3.amazonaws.com/photos/358911116/medium.jpg,,"","",1,0,false,3,"Oceanside Harbor, Oceanside, CA, US",33.2021154611,-117.393202493,48,,,,48,,open,false,,,Snowy Egret,Egretta thula,Garza dedos dorados,Aves,4940
203321578,23162927-fc87-40bf-8bc3-3aee232cbf16,2024-02-18 12:00:00-08:00,2024-02-18,2024-02-18 20:00:00 +0000,Pacific Time (US & Canada),2596329,mcguire_rm,Rosa McGuire,2024-03-21 05:22:14 +0000,2024-03-22 19:44:00 +0000,research,CC-BY-NC,https://www.inaturalist.org/observations/203321578,https://inaturalist-open-data.s3.amazonaws.com/photos/359215879/medium.jpg,,"","",1,0,false,3,"San Francisco Bay Trail, Sunnyvale, CA, US",37.41967,-122.0179166667,1,,,,1,,open,false,,,Snowy Egret,Egretta thula,Garza dedos dorados,Aves,4940
203654014,00576134-978c-415f-ad19-3dcdaead8eda,2024/03/16 8:05 AM,2024-03-16,2024-03-16 14:05:00 +0000,Monterrey,2557522,almithos,Alexis Salazar,2024-03-23 22:06:59 +0000,2025-05-27 06:53:48 +0200,research,CC-BY-NC,https://www.inaturalist.org/observations/203654014,https://inaturalist-open-data.s3.amazonaws.com/photos/359843722/medium.jpeg,,"","",3,0,false,,"Sin Nombre de Col 16, Torreón, Coah., México",25.5534447586,-103.3908051706,24,,,,24,,open,false,,,Garza dedos dorados,Egretta thula,Garza dedos dorados,Aves,4940
203690331,c07d125d-0417-4d8f-8df2-7c464dbd4a55,2024-03-23 10:09:01-05:00,2024-03-23,2024-03-23 15:09:01 +0000,Central Time (US & Canada),2061777,aliceceil,,2024-03-24 03:39:01 +0000,2024-03-25 18:20:39 +0000,research,CC-BY-NC,https://www.inaturalist.org/observations/203690331,https://inaturalist-open-data.s3.amazonaws.com/photos/359922735/medium.jpg,,"","",3,0,false,3,"Ann and Roy Butler Trail, Austin, TX, US",30.2645866667,-97.7515283333,4,,,,4,,open,false,,,Snowy Egret,Egretta thula,Garza dedos dorados,Aves,4940
203797404,8820dcd7-eab8-4f55-9755-0e468a8e13db,2024/03/23 12:50 PM,2024-03-23,2024-03-23 19:50:00 +0000,Pacific Time (US & Canada),796280,eleggua,eleggua,2024-03-24 21:04:23 +0000,2024-03-25 17:45:03 +0000,research,CC-BY-NC,https://www.inaturalist.org/observations/203797404,https://inaturalist-open-data.s3.amazonaws.com/photos/360106757/medium.jpg,,"",,1,0,false,,"Downtown Oakland, Oakland, CA, USA",37.8014363058,-122.2684553351,2,,,,2,,open,false,,,Snowy Egret,Egretta thula,Garza dedos dorados,Aves,4940
204021869,4c4c63b9-2592-4a53-b5c9-85f8aa8d42c1,2023-03-06 11:36:25,2023-03-06,2023-03-06 16:36:25 +0000,Eastern Time (US & Canada),7192813,mlbowenpe,Mike Bowen,2024-03-26 14:51:17 +0000,2024-04-12 01:11:24 +0200,research,,https://www.inaturalist.org/observations/204021869,https://static.inaturalist.org/photos/360556482/medium.jpeg,,"",,2,0,false,2,"Anastasia, St. Augustine, FL 32080, USA",29.9040318524,-81.2774214149,303,,,,303,,open,false,gps,gps,Snowy Egret,Egretta thula,Garza dedos dorados,Aves,4940
204054063,44c5960c-eddd-431c-82bc-6d736b3a2b07,2024/03/26 7:41 AM,2024-03-26,2024-03-26 14:41:00 +0000,Pacific Time (US & Canada),748758,hazzbeen,,2024-03-26 19:36:06 +0000,2024-03-26 21:06:40 +0000,research,CC-BY-NC,https://www.inaturalist.org/observations/204054063,https://inaturalist-open-data.s3.amazonaws.com/photos/360611772/medium.jpg,,"",,3,0,false,,"San Joaquin Marsh, Irvine, CA 92612, USA",33.6618569394,-117.8420507912,1,,,,1,,open,false,,,Snowy Egret,Egretta thula,Garza dedos dorados,Aves,4940
204502512,52c59b07-dd87-402a-8477-968f4b366cbd,2024/03/16 12:54 PM,2024-03-16,2024-03-16 19:54:00 +0000,Pacific Time (US & Canada),3407564,ken_mateik,Ken Mateik,2024-03-30 04:23:18 +0000,2024-07-22 08:14:14 +0200,research,CC-BY-NC,https://www.inaturalist.org/observations/204502512,https://inaturalist-open-data.s3.amazonaws.com/photos/361482540/medium.jpeg,,Photo,"A Snowy Egret resting on the western island at the Bridgewater Island Pond in West Sacramento, CA. ",4,0,false,,"West Sacramento, CA, USA",38.5413417796,-121.5799493899,15,,,,15,,open,false,,,Snowy Egret,Egretta thula,Garza dedos dorados,Aves,4940
204872056,bb4d53a7-b27e-4698-83e4-8bfbe6032e29,2024-03-15 17:15:00-06:00,2024-03-15,2024-03-15 23:15:00 +0000,America/El_Salvador,7807879,mariovas,,2024-04-01 06:23:11 +0200,2024-04-04 04:34:00 +0200,research,CC-BY-NC,https://www.inaturalist.org/observations/204872056,https://inaturalist-open-data.s3.amazonaws.com/photos/362173839/medium.jpg,,"","",2,0,false,3,"Punta Remedios, Acajutla, Sonsonate, SV",13.5385955359,-89.8133490825,1767,,,,1767,,open,false,,,Garza dedos dorados,Egretta thula,Garza dedos dorados,Aves,4940
205272031,5415dee5-774e-4784-b692-38170008e117,2015-04-20 08:25:00-07:00,2015-04-20,2015-04-20 17:25:00 +0200,Arizona,496760,caleb_strand,Caleb Strand,2024-04-03 21:18:30 +0200,2024-04-03 21:41:51 +0200,research,CC-BY-NC,https://www.inaturalist.org/observations/205272031,https://inaturalist-open-data.s3.amazonaws.com/photos/362935696/medium.jpg,,"","",2,0,false,3,"Yucca District, Glendale, AZ, US",33.5270693447,-112.2849330035,164,,,,164,,open,false,,,Snowy Egret,Egretta thula,Garza dedos dorados,Aves,4940
205327943,81063015-9848-4d4d-8804-6152b66d0b95,2024/04/02 4:13 PM,2024-04-02,2024-04-02 23:13:00 +0200,Central Time (US & Canada),24865,cnacree,Chris Acree,2024-04-04 05:36:37 +0200,2024-04-04 21:44:31 +0200,research,CC-BY-SA,https://www.inaturalist.org/observations/205327943,https://inaturalist-open-data.s3.amazonaws.com/photos/363046544/medium.jpeg,,"","",3,0,false,,"Tarrant County, TX, USA",32.6331194449,-97.4731286204,61,,,,61,,open,false,,,Snowy Egret,Egretta thula,Garza dedos dorados,Aves,4940
205601228,3adbf784-3285-49ff-b387-5d0f100d35a6,2024-04-05 16:32:12-05:00,2024-04-05,2024-04-05 23:32:12 +0200,Central Time (US & Canada),5415505,neo_k,Neo Koite,2024-04-06 04:03:48 +0200,2024-04-06 13:30:58 +0200,research,,https://www.inaturalist.org/observations/205601228,https://static.inaturalist.org/photos/363562607/medium.jpg,,"","",2,0,false,3,"Onion Creek, Austin, TX, US",30.1842783333,-97.7248783333,4,,,,4,,open,false,,,Snowy Egret,Egretta thula,Garza dedos dorados,Aves,4940
205696779,fbda4e0a-482f-4523-9ea7-5f0900121cae,2024/01/03 9:32 AM,2024-01-03,2024-01-03 15:32:00 +0000,America/Costa_Rica,3074378,sophiasperd,Sophia Sperduto,2024-04-06 19:06:24 +0200,2025-02-05 05:26:26 +0000,research,CC-BY-NC,https://www.inaturalist.org/observations/205696779,https://inaturalist-open-data.s3.amazonaws.com/photos/363726704/medium.jpeg,,"",,1,0,false,,"Osa, CR-PU, CR",9.1949144931,-83.7834469144,8,,,,8,,open,false,,,Snowy Egret,Egretta thula,Garza dedos dorados,Aves,4940
206505535,cc545283-5195-471c-9957-7f538e64ece5,2024/04/09 5:52 PM,2024-04-09,2024-04-09 22:52:00 +0200,Atlantic Time (Canada),1207896,rvandommelen,,2024-04-11 01:20:20 +0200,2024-04-11 16:19:00 +0200,research,CC-BY-NC,https://www.inaturalist.org/observations/206505535,https://inaturalist-open-data.s3.amazonaws.com/photos/365236303/medium.jpg,,"","The legs/feet are not visible here, but other sighting of the bird in the previous 36 hours confirmed snowy egret.",1,0,false,,"Cow Bay, NS, Canada",44.6296452333,-63.4181000712,4,,,,4,,open,false,,,Snowy Egret,Egretta thula,Garza dedos dorados,Aves,4940
206954579,7e1bf97e-688d-4bb3-a84d-39a08ff29b28,2024/04/12 2:48 PM,2024-04-12,2024-04-12 20:48:00 +0200,Eastern Time (US & Canada),282559,mellok,Mel Kelley,2024-04-13 16:18:34 +0200,2024-04-16 01:25:53 +0200,research,CC-BY-NC,https://www.inaturalist.org/observations/206954579,https://inaturalist-open-data.s3.amazonaws.com/photos/366015111/medium.jpeg,,"","",1,0,false,,"Port Royal, SC, USA",32.3825694035,-80.6902482234,31,,,,31,,open,false,,,Snowy Egret,Egretta thula,Garza dedos dorados,Aves,4940
206996644,9e5ee192-38b8-4be0-a895-a439b5a914ee,2024/04/10 6:13 PM,2024-04-10,2024-04-11 00:13:00 +0200,Eastern Time (US & Canada),5583936,cerw8384,Amanda Kuhlman,2024-04-13 19:45:55 +0200,2024-11-21 01:18:04 +0000,research,CC-BY-NC,https://www.inaturalist.org/observations/206996644,https://inaturalist-open-data.s3.amazonaws.com/photos/366127583/medium.jpeg,,"","",1,0,false,,"Monroe County, FL, USA",25.1371683333,-80.932445,,,,,,,open,false,,,Snowy Egret,Egretta thula,Garza dedos dorados,Aves,4940
207150823,bc69a601-9cd9-43a7-8b0f-a9ba889ff524,2024/03/05 06:15,2024-03-05,2024-03-05 12:15:00 +0000,America/Costa_Rica,6225448,paulasee,Paula Seeger,2024-04-14 14:23:22 +0200,2025-01-18 00:30:27 +0000,research,CC-BY-NC,https://www.inaturalist.org/observations/207150823,https://inaturalist-open-data.s3.amazonaws.com/photos/366381968/medium.jpg,,"","",1,0,false,,"Provincia de Puntarenas, Garabito, Costa Rica",9.777367,-84.627669,1930,,,,1930,,open,false,,manual,Egretta thula,Egretta thula,Garza dedos dorados,Aves,4940
207713254,6e5f082d-aa8e-4ee9-82c1-283b5b349832,2024/04/07 12:55 PM,2024-04-07,2024-04-07 19:55:00 +0200,Central Time (US & Canada),1069564,radrat,Dario Taraborelli,2024-04-17 07:37:31 +0200,2024-04-17 16:57:19 +0200,research,CC0,https://www.inaturalist.org/observations/207713254,https://inaturalist-open-data.s3.amazonaws.com/photos/367440393/medium.jpeg,,"",,1,0,false,,"Bolivar Peninsula, TX, USA",29.5731305556,-94.3903055556,,,,,,,open,false,,,Snowy Egret,Egretta thula,Garza dedos dorados,Aves,4940
209019800,8b4b8f21-d8da-43bc-9479-80c4e242fb6d,2024/04/18 2:42 PM,2024-04-18,2024-04-18 22:42:00 +0200,Mexico City,6552305,edjoy,Hanji Eduardo Alegría Ovando,2024-04-24 05:06:45 +0200,2024-04-24 12:19:27 +0200,research,CC-BY-NC,https://www.inaturalist.org/observations/209019800,https://inaturalist-open-data.s3.amazonaws.com/photos/369870182/medium.jpg,,"",,2,0,false,,"Bosque de Chapultepec II Secc, 11100 Ciudad de México, CDMX, México",19.4116717617,-99.2007740798,15,,,,15,,open,false,,,Garza dedos dorados,Egretta thula,Garza dedos dorados,Aves,4940
209149273,0ab4dc3e-af2f-47d7-a294-1437886fa027,2024/04/18 6:46 PM,2024-04-18,2024-04-19 00:46:00 +0200,Eastern Time (US & Canada),641829,brice_c,Brice C.,2024-04-24 23:38:11 +0200,2025-04-30 00:21:50 +0200,research,CC-BY-NC,https://www.inaturalist.org/observations/209149273,https://inaturalist-open-data.s3.amazonaws.com/photos/370105938/medium.jpg,,"",,2,0,false,,"Sarasota, FL, USA",27.332307727,-82.5807264304,15,,,,15,,open,false,,,Snowy Egret,Egretta thula,Garza dedos dorados,Aves,4940
209149274,d5ef867c-caa4-4eec-b2f8-6a666105695e,2024/04/18 6:39 PM,2024-04-18,2024-04-19 00:39:00 +0200,Eastern Time (US & Canada),641829,brice_c,Brice C.,2024-04-24 23:38:11 +0200,2024-06-06 02:43:53 +0200,research,CC-BY-NC,https://www.inaturalist.org/observations/209149274,https://inaturalist-open-data.s3.amazonaws.com/photos/370107308/medium.jpg,,"",,2,0,false,,"Sarasota, FL, USA",27.332307727,-82.5807264304,15,,,,15,,open,false,,,Snowy Egret,Egretta thula,Garza dedos dorados,Aves,4940
209174813,4d113a44-af48-4d33-9da8-5e18908e05e4,2024-04-24 17:28:14-05:00,2024-04-24,2024-04-25 00:28:14 +0200,Central Time (US & Canada),6160168,jackerson92,,2024-04-25 02:27:45 +0200,2024-09-12 02:52:47 +0200,research,CC-BY-NC,https://www.inaturalist.org/observations/209174813,https://inaturalist-open-data.s3.amazonaws.com/photos/370157985/medium.jpg,,"","",1,0,false,3,"White Rock Creek, Dallas, TX, US",32.813426025,-96.7267532937,73,,,,73,,open,false,,,Snowy Egret,Egretta thula,Garza dedos dorados,Aves,4940
209305223,6669c6b6-2713-4964-821b-8f020d169dad,2024-04-25 11:37:36-07:00,2024-04-25,2024-04-25 20:37:36 +0200,Pacific Time (US & Canada),7835284,jasmin19016,Jasmin Hernandez,2024-04-25 20:48:14 +0200,2024-11-29 05:48:00 +0000,research,,https://www.inaturalist.org/observations/209305223,https://static.inaturalist.org/photos/370399540/medium.jpg,,"","",1,0,false,3,"Franklin Creek, Carpinteria, CA, US",34.3993810366,-119.5272751375,13,,,,13,,open,false,,,Snowy Egret,Egretta thula,Garza dedos dorados,Aves,4940
209410712,215ae843-b748-444b-a518-95f4409a9443,2024-04-20 10:54:06,2024-04-20,2024-04-20 18:54:06 +0200,Mexico City,326817,franc1997,francisco,2024-04-26 07:08:11 +0200,2026-01-09 19:14:54 +0000,research,CC-BY,https://www.inaturalist.org/observations/209410712,https://inaturalist-open-data.s3.amazonaws.com/photos/370590161/medium.jpeg,,"",,3,0,false,2,"WGJ8+MQ, 70950 El Alacrán, Oax., México",15.929552162,-96.4820385352,259,,,,259,,open,false,gps,gps,Garza dedos dorados,Egretta thula,Garza dedos dorados,Aves,4940
209529052,bf624077-cdd2-452b-a719-eb9a7c89dafa,2024/04/02 11:35 AM,2024-04-02,2024-04-02 20:35:00 +0200,Pacific Time (US & Canada),796280,eleggua,eleggua,2024-04-26 14:57:55 +0200,2025-12-11 19:01:02 +0000,research,CC-BY-NC,https://www.inaturalist.org/observations/209529052,https://inaturalist-open-data.s3.amazonaws.com/photos/370768669/medium.jpg,,"",,2,0,false,,"Downtown Oakland, Oakland, CA, USA",37.8015202452,-122.2683953487,1,,,,1,,open,false,,,Snowy Egret,Egretta thula,Garza dedos dorados,Aves,4940
209706861,9af01051-3608-4b8c-bf92-7aec95308cac,2024/04/26 6:55 AM,2024-04-26,2024-04-26 14:55:00 +0200,Mountain Time (US & Canada),1499212,adkonings,Ad Konings,2024-04-26 20:31:46 +0200,2024-04-27 18:00:55 +0200,research,CC-BY-NC,https://www.inaturalist.org/observations/209706861,https://inaturalist-open-data.s3.amazonaws.com/photos/371044574/medium.jpg,,"",,2,0,false,,"El Paso, TX, USA",31.8219239242,-106.5637933515,3,,,,3,,open,false,,,Snowy Egret,Egretta thula,Garza dedos dorados,Aves,4940
209971557,84e82a97-76b3-4c1e-8ee1-7a5c05d82fb5,2024-04-26 18:01:38,2024-04-26,2024-04-27 02:01:38 +0200,Mexico City,2710306,dos_momotos,Aragón Jhonatan y Moran Arely,2024-04-27 06:34:48 +0200,2024-04-27 06:36:52 +0200,research,CC-BY-NC,https://www.inaturalist.org/observations/209971557,https://inaturalist-open-data.s3.amazonaws.com/photos/371479640/medium.jpeg,,"",,2,0,false,2,"Ecatepec de Morelos, MX-MX, MX",19.57363854,-99.04441519,7,,,,7,,open,false,,,Garza dedos dorados,Egretta thula,Garza dedos dorados,Aves,4940
210583117,42e520c2-73f3-467d-98cf-37356e1da1db,2024/04/27 1:22 PM,2024-04-27,2024-04-27 22:22:00 +0200,Pacific Time (US & Canada),4118583,sglider,Sondra K Glider,2024-04-28 04:38:21 +0200,2025-02-23 04:53:02 +0000,research,,https://www.inaturalist.org/observations/210583117,https://static.inaturalist.org/photos/372451465/medium.jpeg,,"","",2,0,false,,"California, US",37.5294309291,-122.1456268537,15,,,,28388,obscured,open,true,,,Snowy Egret,Egretta thula,Garza dedos dorados,Aves,4940
211188817,2a34e994-3554-425e-a5fa-0cae57bff753,2024-04-28 13:51:23-05:00,2024-04-28,2024-04-28 20:51:23 +0200,Central Time (US & Canada),1670213,kleboeuf517,,2024-04-29 01:11:02 +0200,2024-04-29 17:20:12 +0200,research,CC-BY-NC,https://www.inaturalist.org/observations/211188817,https://inaturalist-open-data.s3.amazonaws.com/photos/373417216/medium.jpg,,"","",2,0,false,3,"Galveston Island State Park, Galveston, TX, US",29.202305,-94.9575366667,4,,,,4,,open,false,,,Snowy Egret,Egretta thula,Garza dedos dorados,Aves,4940
212566279,c0fec49a-9ebc-48cc-9fdc-076176b1bc3b,2024/04/29 11:37 AM,2024-04-29,2024-04-29 18:37:00 +0200,Central Time (US & Canada),6512592,sa_joe,,2024-05-01 14:07:52 +0200,2024-05-01 16:48:32 +0200,research,CC-BY-NC,https://www.inaturalist.org/observations/212566279,https://inaturalist-open-data.s3.amazonaws.com/photos/375640087/medium.jpg,,"",,2,0,false,,Haggard Ranch,29.2538633181,-98.7054811242,447,,,,447,,open,false,,,Snowy Egret,Egretta thula,Garza dedos dorados,Aves,4940
212693123,ccf493a2-521d-4c33-98f7-b39accd2b367,2022/11/28 10:18 AM,2022-11-28,2022-11-28 15:18:00 +0000,America/Cancun,7834292,t-ssly,,2024-05-01 21:38:19 +0200,2025-02-23 20:51:21 +0000,research,CC-BY-NC,https://www.inaturalist.org/observations/212693123,https://inaturalist-open-data.s3.amazonaws.com/photos/375863140/medium.jpeg,,"",,3,0,false,,"Grand Palladium Resort, Q.R., Mexico",20.4423783653,-87.2879423324,31,,,,31,,open,false,,,Snowy Egret,Egretta thula,Garza dedos dorados,Aves,4940
213572544,fd59fb7c-c0b3-42f3-96b3-2271c97b5855,2024-05-04 07:44:00-07:00,2024-05-04,2024-05-04 16:44:00 +0200,Pacific Time (US & Canada),2390248,n_lam22,Nathan Lam,2024-05-05 03:11:35 +0200,2025-07-26 12:17:51 +0200,research,,https://www.inaturalist.org/observations/213572544,https://static.inaturalist.org/photos/377448586/medium.jpg,,"","",1,0,false,3,"San Diego County, US-CA, US",32.8586285481,-117.3677870017,357,,,,29039,obscured,open,true,,,Snowy Egret,Egretta thula,Garza dedos dorados,Aves,4940
214046830,b72e48cf-8134-4fda-a034-e024897cfe12,2024/05/04 2:53 PM,2024-05-04,2024-05-04 21:53:00 +0200,Central Time (US & Canada),1906701,vicki936,Vicki Miller,2024-05-06 21:50:31 +0200,2024-08-30 19:04:59 +0200,research,CC0,https://www.inaturalist.org/observations/214046830,https://inaturalist-open-data.s3.amazonaws.com/photos/378297135/medium.jpg,,"",,2,0,false,,"Brazoria National Wildlife Refuge, 24907 FM 2004 Rd, Lake Jackson, TX 77566, USA",29.1453448,-95.292334,921,,,,921,,open,false,,,Snowy Egret,Egretta thula,Garza dedos dorados,Aves,4940
214117465,c1adc7e6-1378-4100-a497-22cd3440885b,2024/05/02 9:25 AM,2024-05-02,2024-05-02 15:25:00 +0200,Eastern Time (US & Canada),1371496,sdrov,"",2024-05-07 04:49:05 +0200,2024-05-07 04:49:49 +0200,research,,https://www.inaturalist.org/observations/214117465,https://static.inaturalist.org/photos/378433586/medium.jpg,,"",,1,0,false,,"Talbot County, MD, USA",38.774267,-76.374345,,,,,,,open,false,,,Snowy Egret,Egretta thula,Garza dedos dorados,Aves,4940
214617494,488ffc12-66dd-41ff-9f83-835c8a0b263d,2024-05-09 12:51:12,2024-05-09,2024-05-09 18:51:12 +0200,Eastern Time (US & Canada),1405063,metric_hikes,Graham,2024-05-09 18:52:13 +0200,2024-07-15 02:31:40 +0200,research,,https://www.inaturalist.org/observations/214617494,https://static.inaturalist.org/photos/379363263/medium.jpeg,,"",,2,0,false,2,"Beverly, MA 01915, USA",42.5600277778,-70.8879972222,,,,,,,open,false,gps,gps,Snowy Egret,Egretta thula,Garza dedos dorados,Aves,4940
214916318,01500003-e7bb-4cdc-bbc9-d9119c519eb6,2024/05/06 11:02 AM,2024-05-06,2024-05-06 18:02:00 +0200,Central Time (US & Canada),4049897,hoiman01,Hoiman,2024-05-11 04:10:59 +0200,2024-05-11 04:13:05 +0200,research,CC-BY-NC,https://www.inaturalist.org/observations/214916318,https://inaturalist-open-data.s3.amazonaws.com/photos/379925609/medium.jpg,,"",,1,0,false,,"Sugar Land, TX, USA",29.6004827826,-95.5933220986,20,,,,20,,open,false,,,Snowy Egret,Egretta thula,Garza dedos dorados,Aves,4940
216193311,c3f7aa6f-99c7-4dad-8bc0-9dade6ac9fb4,2024-05-16 12:54:41-07:00,2024-05-16,2024-05-16 21:54:41 +0200,Pacific Time (US & Canada),5021341,ibhappy,ibhappy,2024-05-16 23:43:08 +0200,2024-05-18 04:41:55 +0200,research,CC-BY-NC,https://www.inaturalist.org/observations/216193311,https://inaturalist-open-data.s3.amazonaws.com/photos/382320821/medium.jpg,,"","",3,0,false,3,"North Pacific Ocean, CA, US",32.5855098827,-117.1337150285,65,,,,65,,open,false,,,Snowy Egret,Egretta thula,Garza dedos dorados,Aves,4940
216423714,c761d0bd-4523-44b0-9245-191520430482,2024/05/17 1:03 PM,2024-05-17,2024-05-17 20:03:00 +0200,Central Time (US & Canada),6677706,mikemasse,Mike Masse,2024-05-18 02:44:50 +0200,2025-05-27 06:51:36 +0200,research,CC-BY-NC,https://www.inaturalist.org/observations/216423714,https://inaturalist-open-data.s3.amazonaws.com/photos/382755511/medium.jpeg,,"",on nest,1,0,false,,"Cinco Ranch West, TX 77494, USA",29.731720351,-95.7818677535,304,,,,304,,open,false,,,Snowy Egret,Egretta thula,Garza dedos dorados,Aves,4940
216457151,db22ffd4-0083-43b0-bd92-1fd7432f2bb4,2024/05/07 2:57 PM,2024-05-07,2024-05-07 23:57:00 +0200,Pacific Time (US & Canada),2991,sea-kangaroo,"",2024-05-18 06:51:08 +0200,2024-12-24 00:19:12 +0000,research,CC-BY,https://www.inaturalist.org/observations/216457151,https://inaturalist-open-data.s3.amazonaws.com/photos/382819953/medium.jpeg,https://static.inaturalist.org/sounds/1044098.m4a?1716007614,"calling, hasface, open mouth, Snowy Egret","Lots at the rookery, making guttural squawks and crazy Ewok ""wub wub"" noises.",3,0,false,,"Mountain View, California, USA",37.4191077175,-122.0714768985,30,,,,30,,open,false,,,Snowy Egret,Egretta thula,Garza dedos dorados,Aves,4940
216937676,aeefd5ae-2c4c-4e24-a6f9-ffb291e831fb,2024/05/19 12:48 PM,2024-05-19,2024-05-19 21:48:00 +0200,Pacific Time (US & Canada),6463783,goliath_birder,Ross Rabkin,2024-05-20 01:46:32 +0200,2025-08-20 01:51:12 +0200,research,,https://www.inaturalist.org/observations/216937676,https://static.inaturalist.org/photos/383704572/medium.jpeg,,"","",3,0,false,,"Google Heron/Egret Rookery, Mountain View, CA 94043, USA",37.4187519,-122.0746114,364,,,,364,,open,false,,,Snowy Egret,Egretta thula,Garza dedos dorados,Aves,4940
218615575,a58dd4e6-b544-4d57-93a3-98ffb7eb2a33,2024-05-25 08:43:00,2024-05-25,2024-05-25 14:43:00 +0200,Eastern Time (US & Canada),1388999,erin_etc,erin,2024-05-27 13:43:36 +0200,2024-05-27 19:50:01 +0200,research,,https://www.inaturalist.org/observations/218615575,https://static.inaturalist.org/photos/386870448/medium.jpeg,,"",,2,0,false,2,"Ocean City, NJ 08226, USA",39.2888165868,-74.5826582238,204,,,,204,,open,false,gps,gps,Snowy Egret,Egretta thula,Garza dedos dorados,Aves,4940
218889743,08519f94-fcfe-400a-83d3-513052ea7fd8,2024/05/26 11:43 AM,2024-05-26,2024-05-26 20:43:00 +0200,Pacific Time (US & Canada),4118583,sglider,Sondra K Glider,2024-05-28 15:45:16 +0200,2024-05-30 01:24:00 +0200,research,,https://www.inaturalist.org/observations/218889743,https://static.inaturalist.org/photos/387382893/medium.jpeg,,"",In nest.,2,0,false,,"California, US",37.5584572971,-122.1898097778,15,,,,28388,obscured,open,true,,,Snowy Egret,Egretta thula,Garza dedos dorados,Aves,4940
219445060,07eda58f-57f6-4f84-9e1e-7def6c22d964,2024/05/28 4:41 PM,2024-05-28,2024-05-28 23:41:00 +0200,Central Time (US & Canada),1086762,georgezimmer,George Zimmer,2024-05-31 03:03:43 +0200,2024-08-31 01:33:42 +0200,research,CC-BY-NC,https://www.inaturalist.org/observations/219445060,https://inaturalist-open-data.s3.amazonaws.com/photos/388420946/medium.jpeg,,"",,2,0,false,,"Downtown Oklahoma City, Oklahoma City, OK, USA",35.4682290499,-97.519174182,3906,,,,3906,,open,false,,,Snowy Egret,Egretta thula,Garza dedos dorados,Aves,4940
219464086,892091e5-1627-444f-a483-07dc5c597803,2024/05/30 3:10 PM,2024-05-30,2024-05-30 23:10:00 +0200,America/Merida,5333630,conycondor,Consuelo Hernández,2024-05-31 05:27:27 +0200,2024-11-02 23:26:03 +0000,research,CC-BY-NC,https://www.inaturalist.org/observations/219464086,https://static.inaturalist.org/photos/388459668/medium.jpg,,"",,3,1,false,,"Sacalum, Yuc., México",20.5967406398,-89.7105956703,244,,,,244,,open,false,,,Garza dedos dorados,Egretta thula,Garza dedos dorados,Aves,4940
219913394,5a0b46d9-0e6d-440f-820a-4b5e57ea1d55,2024/05/30 4:27 PM,2024-05-30,2024-05-31 01:27:00 +0200,Pacific Time (US & Canada),28,tiwane,Tony Iwane,2024-06-02 05:42:37 +0200,2025-11-18 22:39:27 +0000,research,CC-BY,https://www.inaturalist.org/observations/219913394,https://inaturalist-open-data.s3.amazonaws.com/photos/389297738/medium.jpg,,"",,2,0,false,,"Downtown Oakland, Oakland, CA, USA",37.7998545833,-122.2616879167,,,,,,,open,false,,,Snowy Egret,Egretta thula,Garza dedos dorados,Aves,4940
220104474,542ab904-1838-47cd-a500-75183e00dfa0,2024/05/19 2:30 PM,2024-05-19,2024-05-19 20:30:00 +0200,Puerto Rico,2059238,lma82,Luis Agosto,2024-06-02 23:22:16 +0200,2024-06-05 05:52:43 +0200,research,CC-BY-NC,https://www.inaturalist.org/observations/220104474,https://inaturalist-open-data.s3.amazonaws.com/photos/389643420/medium.jpg,,"",,3,0,false,,"Camino Nuevo, Yabucoa 00767, Puerto Rico",18.0506378137,-65.8311756796,2,,,,2,,open,false,,,Snowy Egret,Egretta thula,Garza dedos dorados,Aves,4940
220164647,112e3ca9-31be-4a50-a96e-1a6c9b1a519d,2024-06-02 17:47:32,2024-06-02,2024-06-03 02:47:32 +0200,Pacific Time (US & Canada),39066,twsummer,Theo Summer,2024-06-03 04:31:48 +0200,2024-06-03 21:16:05 +0200,research,CC0,https://www.inaturalist.org/observations/220164647,https://inaturalist-open-data.s3.amazonaws.com/photos/389770291/medium.jpeg,,"",,1,0,false,2,"Baylands, Fremont, CA 94538, USA",37.4783407997,-121.9508443997,,,,,,,open,false,gps,gps,Snowy Egret,Egretta thula,Garza dedos dorados,Aves,4940
220183806,dcd3b49e-2aa1-454e-afea-f5d5933e36a4,2024/05/17 5:06 PM,2024-05-17,2024-05-18 02:06:00 +0200,Pacific Time (US & Canada),2991,sea-kangaroo,"",2024-06-03 06:47:00 +0200,2024-06-03 06:53:37 +0200,research,CC-BY,https://www.inaturalist.org/observations/220183806,https://inaturalist-open-data.s3.amazonaws.com/photos/389808126/medium.jpeg,,"predation, snowy egret",,2,0,false,,"Redwood Shores, California, USA",37.5483627,-122.2413141999,7,,,,7,,open,false,,,Snowy Egret · Garza Dedos Dorados,Egretta thula,Garza dedos dorados,Aves,4940
220280303,c69525ea-0cef-4b82-8654-d687d1397078,2024-06-02 09:45:16,2024-06-02,2024-06-02 18:45:16 +0200,Pacific Time (US & Canada),1490864,dgrimmphd,"Donald W. Grimm, Ph.D.",2024-06-03 18:42:22 +0200,2025-04-04 00:06:49 +0200,research,,https://www.inaturalist.org/observations/220280303,https://static.inaturalist.org/photos/389984992/medium.jpeg,,"","Paradise Point Resort, Mission Bay, San Diego, San Diego County, California

Specimen on the right.  Immature Snowy Egrets have duller, greenish legs.",2,0,false,2,"Mission Bay, San Diego, CA, USA",32.7753940997,-117.2407292,,,,,,,open,false,gps,gps,Snowy Egret,Egretta thula,Garza dedos dorados,Aves,4940
220407752,a75a65ff-f581-4f2b-a75a-b80be77f5b68,2024-06-03 17:45:44,2024-06-03,2024-06-04 02:45:44 +0200,Mazatlan,6007051,hukar0508,HUGO REDONA,2024-06-04 07:07:51 +0200,2025-11-27 17:44:08 +0000,research,CC-BY-NC,https://www.inaturalist.org/observations/220407752,https://inaturalist-open-data.s3.amazonaws.com/photos/390230016/medium.jpeg,,"",,5,0,false,2,La Paz,24.1111693877,-110.3477743641,487,,,,487,,open,false,gps,gps,Garza dedos dorados,Egretta thula,Garza dedos dorados,Aves,4940
220472905,4a7d0d41-8e35-41ac-aab7-139820248280,2024-05-31 06:10:21-08:00,2024-05-31,2024-05-31 16:10:21 +0200,Pacific Time (US & Canada),1365326,kerstinfirmin,Kerstin Firmin,2024-06-04 16:20:56 +0200,2024-06-04 21:10:46 +0200,research,,https://www.inaturalist.org/observations/220472905,https://static.inaturalist.org/photos/390348014/medium.jpg,,"","",2,0,false,3,"Lake Merritt Blvd, Oakland, CA, US",37.8003641939,-122.2617049356,51,,,,51,,open,false,,,Snowy Egret,Egretta thula,Garza dedos dorados,Aves,4940
220603830,cd0ea9c3-1c75-4af1-8702-8576517274df,2024/06/04 10:53 AM,2024-06-04,2024-06-04 16:53:00 +0200,Eastern Time (US & Canada),2873,jmaughn,James Maughn,2024-06-05 04:37:12 +0200,2024-06-06 05:18:12 +0200,research,CC-BY-NC,https://www.inaturalist.org/observations/220603830,https://inaturalist-open-data.s3.amazonaws.com/photos/390587843/medium.jpeg,,"","",1,0,false,,"North Cape May, Lower Township, NJ 08204, USA",38.9669559369,-74.9598432153,523,,,,523,,open,false,,,Snowy Egret,Egretta thula,Garza dedos dorados,Aves,4940
220830288,37531ce2-ada3-4e26-bf5e-1c1a1cd3b39b,2024-06-05 12:19:25,2024-06-05,2024-06-05 21:19:25 +0200,Pacific Time (US & Canada),3020799,bigdawg5181,James Phillips,2024-06-06 07:50:38 +0200,2024-06-06 07:57:04 +0200,research,CC-BY-NC,https://www.inaturalist.org/observations/220830288,https://inaturalist-open-data.s3.amazonaws.com/photos/391021120/medium.jpeg,,"",,2,0,false,2,"Mission Bay, San Diego, CA, USA",32.7666899,-117.2351354,,,,,,,open,false,gps,gps,Snowy Egret,Egretta thula,Garza dedos dorados,Aves,4940
221041292,eb0f452d-65a1-45b9-884d-4affac83d583,2024/05/30 5:58 PM,2024-05-30,2024-05-31 01:58:00 +0200,Mexico City,1677385,maril1,Marilú Medina,2024-06-07 07:51:12 +0200,2024-06-08 04:11:35 +0200,research,,https://www.inaturalist.org/observations/221041292,https://static.inaturalist.org/photos/391408576/medium.jpeg,,"",,2,0,false,,"Zitácuaro, Mich., México",19.3946270379,-100.3963667426,244,,,,244,,open,false,,,Garza dedos dorados,Egretta thula,Garza dedos dorados,Aves,4940
221498560,3a4e7f72-40f9-4be0-a5e5-fc857856f056,2024-06-08 17:57:44,2024-06-08,2024-06-09 01:57:44 +0200,Monterrey,61090,pedro_alanis,Pedro Alanis,2024-06-09 08:25:17 +0200,2024-06-24 06:16:29 +0200,research,CC-BY-NC,https://www.inaturalist.org/observations/221498560,https://inaturalist-open-data.s3.amazonaws.com/photos/392265858/medium.jpeg,,"",,3,0,false,2,"Santiago, N.L., México",25.4094242323,-100.1302501559,137,,,,137,,open,false,gps,gps,Garza dedos dorados,Egretta thula,Garza dedos dorados,Aves,4940
221647753,0753ece8-ef90-4fed-8a5f-4e3a398b0b3a,2024/06/07 7:33 PM,2024-06-07,2024-06-08 02:33:00 +0200,Central Time (US & Canada),2851144,jasmitch,Mitchell Watts,2024-06-09 21:33:52 +0200,2024-06-10 00:43:30 +0200,research,CC-BY-NC,https://www.inaturalist.org/observations/221647753,https://inaturalist-open-data.s3.amazonaws.com/photos/392534468/medium.jpeg,,"",Little Blue Heron juvenile? ,1,0,false,,"Farmers Branch, TX, USA",32.9223233333,-96.8937283333,,,,,,,open,false,,,Snowy Egret,Egretta thula,Garza dedos dorados,Aves,4940
222099267,8c23b699-f31d-4bf5-8393-55ab619360cc,2024/06/11 7:29 AM,2024-06-11,2024-06-11 13:29:00 +0200,Eastern Time (US & Canada),978848,dogbowlbookpile,"",2024-06-11 21:56:50 +0200,2026-01-21 18:20:21 +0000,research,CC-BY-NC,https://www.inaturalist.org/observations/222099267,https://inaturalist-open-data.s3.amazonaws.com/photos/393384257/medium.jpg,,"",Caught a nice shrimp breakfast! :),2,0,false,,"New Hanover County, NC, USA",33.9498033333,-77.9408116667,,,,,,,open,false,,,Snowy Egret,Egretta thula,Garza dedos dorados,Aves,4940
222695785,2fd272f4-c44d-4cc7-b87e-267d12a91be3,2024/06/14 8:08 AM,2024-06-14,2024-06-14 14:08:00 +0200,Eastern Time (US & Canada),291150,abiggs2,Alan R. Biggs,2024-06-14 20:45:28 +0200,2024-07-02 12:30:41 +0200,research,CC-BY-NC,https://www.inaturalist.org/observations/222695785,https://inaturalist-open-data.s3.amazonaws.com/photos/394506659/medium.jpg,,"",,2,0,false,,"Hilton Head Island, SC, USA",32.252326557,-80.7251421797,2103,,,,2103,,open,false,,,Snowy Egret,Egretta thula,Garza dedos dorados,Aves,4940
222974143,999a4fc4-dd98-4188-8fb8-dc17c89cba8d,2024-06-15 19:15:23-04:00,2024-06-15,2024-06-16 01:15:23 +0200,Eastern Time (US & Canada),5125526,venusnymphaea,Melanie,2024-06-16 01:21:43 +0200,2024-06-23 15:05:48 +0200,research,CC-BY-NC,https://www.inaturalist.org/observations/222974143,https://inaturalist-open-data.s3.amazonaws.com/photos/395027217/medium.jpg,,"","",1,0,false,3,"Lassing Park, Saint Petersburg, FL, US",27.7508216667,-82.629905,3,,,,3,,open,false,,,Snowy Egret,Egretta thula,Garza dedos dorados,Aves,4940
223181809,02a0378d-f741-4ffb-9744-3a89eff1bd37,2024-06-16 15:54:00-04:00,2024-06-16,2024-06-16 21:54:00 +0200,Eastern Time (US & Canada),7738834,michael_ney,Michael Ney,2024-06-16 21:59:29 +0200,2024-06-18 05:56:31 +0200,research,CC0,https://www.inaturalist.org/observations/223181809,https://inaturalist-open-data.s3.amazonaws.com/photos/395415958/medium.jpg,,"","",2,0,false,3,"Chesapeake Bay, Annapolis, MD, US",39.044137185,-76.4243266003,45,,,,45,,open,false,,,Snowy Egret,Egretta thula,Garza dedos dorados,Aves,4940
223672419,a74fc88a-0037-4f95-8a5b-f830378d8c8e,2024-06-16 17:35:10-04:00,2024-06-16,2024-06-16 23:35:10 +0200,Eastern Time (US & Canada),8006100,carriewandler,Carrie Wandler,2024-06-19 04:15:26 +0200,2024-06-19 05:44:41 +0200,research,,https://www.inaturalist.org/observations/223672419,https://static.inaturalist.org/photos/396347469/medium.jpg,,"","",1,0,false,3,"Venice, FL, US",27.113894,-82.4145995,3603,,,,3603,,open,false,,,Snowy Egret,Egretta thula,Garza dedos dorados,Aves,4940
223896419,5390f99f-827a-48af-b2c5-edc430471d49,2024-06-19 18:21:41-04:00,2024-06-19,2024-06-20 00:21:41 +0200,Eastern Time (US & Canada),273932,patriciaduganhenriksen,PattiDH,2024-06-20 04:22:39 +0200,2024-06-20 23:35:05 +0200,research,,https://www.inaturalist.org/observations/223896419,https://static.inaturalist.org/photos/396758628/medium.jpg,,"","",1,0,false,3,"NJ-52 S, Ocean City, NJ, US",39.2883116667,-74.583405,5,,,,5,,open,false,,,Snowy Egret,Egretta thula,Garza dedos dorados,Aves,4940
224282984,ba36cb5c-5008-40e8-a8ed-f00b4eb2dab1,2024/05/19 1:30 PM,2024-05-19,2024-05-19 21:30:00 +0200,Mexico City,5798,daniel_garza_tobon,Daniel Garza Tobón,2024-06-22 01:14:31 +0200,2024-06-22 13:37:14 +0200,research,,https://www.inaturalist.org/observations/224282984,https://static.inaturalist.org/photos/397490089/medium.jpg,,"","",3,0,false,,"Catazajá, Chis., México",17.7429431929,-92.0129827985,61,,,,61,,open,false,,,Garza dedos dorados,Egretta thula,Garza dedos dorados,Aves,4940
224290090,f92c6640-c181-4708-ab72-011f295eda4d,Fri Aug 02 2019 15:34:49 GMT -0400 (GMT-4),2019-08-02,2019-08-02 21:34:49 +0200,Eastern Time (US & Canada),8289674,j_gemperline,"",2024-06-22 02:05:55 +0200,2025-07-26 00:17:22 +0200,research,CC-BY-NC,https://www.inaturalist.org/observations/224290090,https://inaturalist-open-data.s3.amazonaws.com/photos/397504546/medium.jpeg,,"",,3,0,false,333,Greensboro,36.0891876221,-79.837928772,44,,,,44,,open,false,,,Snowy Egret,Egretta thula,Garza dedos dorados,Aves,4940
224330422,0c855328-1b90-48f6-abbf-0202c1975c1d,2024-06-17 11:25:53-05:00,2024-06-17,2024-06-17 18:25:53 +0200,Central Time (US & Canada),6324889,ejburns,EJ Burns,2024-06-22 07:14:38 +0200,2024-12-13 04:25:22 +0000,research,CC0,https://www.inaturalist.org/observations/224330422,https://inaturalist-open-data.s3.amazonaws.com/photos/397582963/medium.jpg,,"","",3,0,false,3,"Mustang Island, Port Aransas, TX, US",27.8281164886,-97.0804022832,561,,,,561,,open,false,,,Snowy Egret,Egretta thula,Garza dedos dorados,Aves,4940
224789702,c2d70d4b-3535-476a-95af-378ec6ccd8c9,2024-06-23 18:32:05-07:00,2024-06-23,2024-06-24 03:32:05 +0200,Pacific Time (US & Canada),6916934,eybanno,Emily Banno,2024-06-24 03:34:54 +0200,2024-06-24 03:50:31 +0200,research,CC-BY-NC,https://www.inaturalist.org/observations/224789702,https://inaturalist-open-data.s3.amazonaws.com/photos/398455298/medium.jpg,,"","",1,0,false,3,"Marina Park, Emeryville, CA, US",37.8407670567,-122.3138974229,4,,,,4,,open,false,,,Snowy Egret,Egretta thula,Garza dedos dorados,Aves,4940
225373068,9551581d-936d-4145-b900-7abf5f3afe4c,2024-06-22 09:15:36-05:00,2024-06-22,2024-06-22 16:15:36 +0200,Central Time (US & Canada),7903124,angelicareeyes,,2024-06-26 22:03:01 +0200,2024-07-04 22:20:36 +0200,research,CC-BY-NC,https://www.inaturalist.org/observations/225373068,https://inaturalist-open-data.s3.amazonaws.com/photos/399569088/medium.jpg,,"","",2,0,false,3,"Hermann Park, Houston, TX, US",29.72053,-95.3910916667,4,,,,4,,open,false,,,Snowy Egret,Egretta thula,Garza dedos dorados,Aves,4940
225442402,5f2bf884-f4f5-4301-b515-2159068e3fc4,2024/06/25 4:26 PM,2024-06-25,2024-06-25 23:26:00 +0200,Central Time (US & Canada),143067,philipwoodscc,Philip Woods,2024-06-27 05:29:37 +0200,2024-06-27 22:48:25 +0200,research,CC-BY-NC,https://www.inaturalist.org/observations/225442402,https://inaturalist-open-data.s3.amazonaws.com/photos/399701176/medium.jpeg,,"",in the cattails,2,0,false,,"Port Aransas, TX, USA",27.8271859826,-97.0797350178,2,,,,2,,open,false,,,Snowy Egret,Egretta thula,Garza dedos dorados,Aves,4940
225783798,c9f313e8-5bb7-40f0-a705-b51eb081b727,2024/06/15 8:09 PM,2024-06-15,2024-06-16 02:09:00 +0200,Eastern Time (US & Canada),3453019,kingmush,JeffreyGammon,2024-06-28 22:05:03 +0200,2025-01-20 00:23:06 +0000,research,CC-BY-NC,https://www.inaturalist.org/observations/225783798,https://inaturalist-open-data.s3.amazonaws.com/photos/400338525/medium.jpeg,,"kingmush, 2024, Florida, June, USA, North America",beauty shot :p,1,0,false,,"Hillsborough County, FL, USA",27.6135266389,-82.7387,,,,,,,open,false,,,Snowy Egret,Egretta thula,Garza dedos dorados,Aves,4940
226726716,f3952ba9-cb36-4918-a15b-9c12625e5fd6,2024/06/22 5:14 PM,2024-06-22,2024-06-23 02:14:00 +0200,Mazatlan,8096463,paul_rangel,,2024-07-02 20:03:27 +0200,2024-08-07 21:43:40 +0200,research,CC-BY-NC,https://www.inaturalist.org/observations/226726716,https://inaturalist-open-data.s3.amazonaws.com/photos/402121217/medium.jpeg,,"",,1,0,false,,"Rincón de Guayabitos, Nay., México",21.0261111,-105.265,2120,,,,2120,,open,false,,,Garza dedos dorados,Egretta thula,Garza dedos dorados,Aves,4940
227043560,d17dca33-4c50-496d-8438-772432e35e1c,2024/07/03 6:27 PM,2024-07-03,2024-07-04 03:27:00 +0200,Pacific Time (US & Canada),18846,ouzel,Michael Warner,2024-07-04 08:05:27 +0200,2024-07-05 00:11:58 +0200,research,CC-BY,https://www.inaturalist.org/observations/227043560,https://inaturalist-open-data.s3.amazonaws.com/photos/402737370/medium.jpg,,"",,2,0,false,,"Bodega Bay, CA 94923, USA",38.315664596,-123.0369019067,8,,,,8,,open,false,,,Snowy Egret,Egretta thula,Garza dedos dorados,Aves,4940
227193513,0c3425fc-2062-405f-b13f-6d8f24db8128,2024/07/03 8:05 AM,2024-07-03,2024-07-03 15:05:00 +0200,Central Time (US & Canada),582536,texaskingbird,Bill Wright,2024-07-05 00:35:09 +0200,2024-08-13 02:42:00 +0200,research,CC-BY-NC,https://www.inaturalist.org/observations/227193513,https://inaturalist-open-data.s3.amazonaws.com/photos/403009483/medium.jpg,,"",,2,0,false,,"Cross Creek Ranch Wetlands, Fulshear, TX, USA",29.6980367461,-95.8765067914,494,,,,494,,open,false,,,Snowy Egret,Egretta thula,Garza dedos dorados,Aves,4940
227609475,60b6d2b7-2ece-4837-82be-17792708893f,2024-07-04 13:44:42,2024-07-04,2024-07-04 19:44:42 +0200,Eastern Time (US & Canada),3701496,jd_flores,JD Flores,2024-07-06 22:33:14 +0200,2025-11-19 20:45:39 +0000,research,CC-BY,https://www.inaturalist.org/observations/227609475,https://inaturalist-open-data.s3.amazonaws.com/photos/403802649/medium.jpeg,,"",,1,0,false,2,"Sunset Beach, NC, USA",33.8864119834,-78.5128591955,187,,,,187,,open,false,gps,gps,Snowy Egret,Egretta thula,Garza dedos dorados,Aves,4940
227687858,70245bad-0e72-44c0-b86d-557c688c04ba,2022/08/21 4:17 PM,2022-08-21,2022-08-21 22:17:00 +0200,Eastern Time (US & Canada),516212,kyleholloway,Kyle Holloway,2024-07-07 05:55:57 +0200,2024-07-07 06:12:48 +0200,research,,https://www.inaturalist.org/observations/227687858,https://static.inaturalist.org/photos/403952006/medium.jpeg,,"",,1,0,false,,"Four Corners, FL, USA",28.3303664991,-81.6200156793,136,,,,136,,open,false,,,Snowy Egret,Egretta thula,Garza dedos dorados,Aves,4940
227928560,a9c250f4-1331-4be1-bdab-ee36ed1fb358,2024/07/07 10:47 AM,2024-07-07,2024-07-07 19:47:00 +0200,Pacific Time (US & Canada),1807929,gregslak,"",2024-07-08 04:21:11 +0200,2024-07-08 07:01:58 +0200,research,CC-BY-NC,https://www.inaturalist.org/observations/227928560,https://inaturalist-open-data.s3.amazonaws.com/photos/404407254/medium.jpeg,,"","AN EGRET CALLED OSRIC.
""A fish, a very palpable fish.""
Must be a classical egret.",1,0,false,,"Woodley, Los Angeles, CA, USA",34.1697851779,-118.4763124453,31,,,,31,,open,false,,,Snowy Egret,Egretta thula,Garza dedos dorados,Aves,4940
228171001,0ba38a94-f40f-498b-a165-503a2f92f356,2024-07-06 13:23:07-08:00,2024-07-06,2024-07-06 23:23:07 +0200,Pacific Time (US & Canada),1467957,trailblazr,S.S.,2024-07-09 05:47:55 +0200,2024-07-21 18:31:33 +0200,research,,https://www.inaturalist.org/observations/228171001,https://static.inaturalist.org/photos/404870188/medium.jpg,,"","",2,0,false,3,"Spinnaker Dr, Ventura, CA, US",34.2475059704,-119.2664023843,22,,,,22,,open,false,,,Snowy Egret,Egretta thula,Garza dedos dorados,Aves,4940
228574787,02409633-f3c2-464b-b74b-db5f8558fe5a,2024/05/21 9:55 AM,2024-05-21,2024-05-21 18:55:00 +0200,Pacific Time (US & Canada),6676459,packwood40,Donald L Packwood,2024-07-11 05:53:13 +0200,2024-11-28 07:23:54 +0000,research,CC-BY-NC,https://www.inaturalist.org/observations/228574787,https://inaturalist-open-data.s3.amazonaws.com/photos/405631697/medium.jpg,,"","",3,0,false,,"Lincoln Manor Association, Santa Rosa, CA 95401, USA",38.4416812695,-122.7395081063,15,,,,15,,open,false,,,Snowy Egret,Egretta thula,Garza dedos dorados,Aves,4940
228928268,63447a80-10b9-4263-9bf5-aa1d143ecd9e,2024/07/06 10:03 AM,2024-07-06,2024-07-06 17:03:00 +0200,Central Time (US & Canada),141329,biologybruce,Bruce Polikoff,2024-07-13 02:18:21 +0200,2024-07-13 18:44:57 +0200,research,CC-BY-NC,https://www.inaturalist.org/observations/228928268,https://inaturalist-open-data.s3.amazonaws.com/photos/406308503/medium.jpg,,"",,3,0,false,,"Port Aransas, TX, USA",27.8288422667,-97.0780348299,299,,,,299,,open,false,,,Snowy Egret,Egretta thula,Garza dedos dorados,Aves,4940
229188482,79d76649-b1b0-4dd2-ab17-540383045666,2024/07/13 11:38 AM,2024-07-13,2024-07-13 20:38:00 +0200,Pacific Time (US & Canada),115788,selwynq,,2024-07-14 06:52:42 +0200,2024-07-21 17:45:17 +0200,research,CC-BY-NC,https://www.inaturalist.org/observations/229188482,https://inaturalist-open-data.s3.amazonaws.com/photos/406799850/medium.jpg,,"","",2,0,false,,"Shorebird Egret Rookery, 1209-1231 Shorebird Way, Mountain View, CA 94043, USA",37.4192031,-122.0714565,191,,,,191,,open,false,,,Snowy Egret,Egretta thula,Garza dedos dorados,Aves,4940
230004642,cfac8f0e-eb4a-4be6-a6f4-23b763835d51,2024/07/06 7:33 PM,2024-07-06,2024-07-07 04:33:00 +0200,Pacific Time (US & Canada),201308,dolichothrix,Justin Benttinen,2024-07-18 02:19:15 +0200,2024-07-19 20:10:14 +0200,research,CC-BY-NC,https://www.inaturalist.org/observations/230004642,https://inaturalist-open-data.s3.amazonaws.com/photos/408342774/medium.jpg,,"",,1,0,false,,"Crissy Field Marsh, Golden Gate Promenade, San Francisco, CA 94129, USA",37.804571,-122.45688,191,,,,191,,open,false,,,Snowy Egret,Egretta thula,Garza dedos dorados,Aves,4940
230371281,eec58859-17c7-4dd4-ac2d-82d91872ce46,2024/07/19 12:07 PM,2024-07-19,2024-07-19 21:07:00 +0200,Pacific Time (US & Canada),1807929,gregslak,"",2024-07-19 23:11:44 +0200,2024-07-20 05:49:49 +0200,research,CC-BY-NC,https://www.inaturalist.org/observations/230371281,https://inaturalist-open-data.s3.amazonaws.com/photos/409039012/medium.jpeg,,"",Some wading birds are great at catching fish.  It is just their thing.  But this Snowy Egret had style!  And knew it.,1,0,false,,"Riverside Rancho, Glendale, CA 91201, USA",34.1561381212,-118.2920640334,15,,,,15,,open,false,,,Snowy Egret,Egretta thula,Garza dedos dorados,Aves,4940
230388503,ee3630b1-3919-4659-af67-a4a1d6c748c7,2024-07-13 10:32:05-08:00,2024-07-13,2024-07-13 20:32:05 +0200,Pacific Time (US & Canada),1467957,trailblazr,S.S.,2024-07-20 00:59:44 +0200,2024-07-20 01:17:17 +0200,research,,https://www.inaturalist.org/observations/230388503,https://static.inaturalist.org/photos/409076663/medium.jpeg,,"","",1,0,false,3,"Los Angeles River, Los Angeles, CA, US",34.1687964105,-118.4752704159,108,,,,108,,open,false,,,Snowy Egret,Egretta thula,Garza dedos dorados,Aves,4940
231775570,2bc03e1e-3438-4e72-a895-570ffc668f89,2024/07/25 10:37 AM,2024-07-25,2024-07-25 19:37:00 +0200,Pacific Time (US & Canada),335645,ldjaffe,"",2024-07-26 09:37:59 +0200,2024-07-26 16:40:36 +0200,research,CC-BY-NC,https://www.inaturalist.org/observations/231775570,https://inaturalist-open-data.s3.amazonaws.com/photos/411699330/medium.jpg,,"",,1,0,false,,Natural Bridges State Beach trails,36.9532127619,-122.0578617867,239,,,,239,,open,false,,,Snowy Egret,Egretta thula,Garza dedos dorados,Aves,4940
232744165,ed46baeb-e1a4-4c62-93a8-a87a04b096a0,2024/07/30 10:51 AM,2024-07-30,2024-07-30 19:51:00 +0200,Pacific Time (US & Canada),141551,philwarren,Phil Warren,2024-07-30 20:40:20 +0200,2024-07-31 00:52:22 +0200,research,CC-BY-NC,https://www.inaturalist.org/observations/232744165,https://inaturalist-open-data.s3.amazonaws.com/photos/413531763/medium.jpg,,"",,3,0,false,,"Bodega Bay, CA 94923, USA",38.3159551047,-123.0368539354,2,,,,2,,open,false,,,Snowy Egret,Egretta thula,Garza dedos dorados,Aves,4940
233026604,784b9922-805a-4de1-ae2e-997912799449,2024/07/11 2:56 PM,2024-07-11,2024-07-11 20:56:00 +0200,Eastern Time (US & Canada),2508104,mbdbirds,"",2024-08-01 05:24:12 +0200,2024-08-01 12:24:43 +0200,research,CC-BY-NC-ND,https://www.inaturalist.org/observations/233026604,https://inaturalist-open-data.s3.amazonaws.com/photos/414075337/medium.jpg,,"2024, Birds",,2,0,false,,"Lee County, FL, USA",26.476372785,-81.9679282333,,,,,,,open,false,,,Snowy Egret,Egretta thula,Garza dedos dorados,Aves,4940
233365450,1eaf73ba-17bb-4578-b3b8-2f1bb9aaed96,2024/08/02 11:09 AM,2024-08-02,2024-08-02 18:09:00 +0200,Central Time (US & Canada),448213,cameralenswrangler,"",2024-08-02 23:44:28 +0200,2024-08-02 23:50:13 +0200,research,CC-BY-NC,https://www.inaturalist.org/observations/233365450,https://inaturalist-open-data.s3.amazonaws.com/photos/414724565/medium.jpg,,"",,1,0,false,,"Southwest Carrollton, Carrollton, TX, USA",32.9734335556,-96.8851320833,,,,,,,open,false,,,Snowy Egret,Egretta thula,Garza dedos dorados,Aves,4940
233991460,518bf132-ef10-4f57-b96a-53ae174d312c,2024-08-04 09:46:11,2024-08-04,2024-08-04 17:46:11 +0200,Mountain Time (US & Canada),1956773,jgbirds,Jordan🌻,2024-08-05 20:41:52 +0200,2024-08-05 23:28:13 +0200,research,CC-BY-NC,https://www.inaturalist.org/observations/233991460,https://inaturalist-open-data.s3.amazonaws.com/photos/415914692/medium.jpeg,,"","",2,0,false,,"Wheat Ridge, CO, USA",39.7751177504,-105.1281142524,5,,,,5,,open,false,,,Garza Dedos Dorados,Egretta thula,Garza dedos dorados,Aves,4940
234522785,63d7aa32-9d8f-4b26-9f84-0008c6cfa1d5,2024-08-07 10:39:13-06:00,2024-08-07,2024-08-07 18:39:13 +0200,America/Managua,8420999,ivaliyi,,2024-08-08 16:50:39 +0200,2025-11-13 00:44:37 +0000,research,CC-BY-NC,https://www.inaturalist.org/observations/234522785,https://inaturalist-open-data.s3.amazonaws.com/photos/416936548/medium.jpeg,,"","",6,0,false,3,"Santana Beach, Tola, Rivas, NI",11.441355,-86.0864555,4,,,,4,,open,false,,,Snowy Egret,Egretta thula,Garza dedos dorados,Aves,4940
234907102,0fb4efa6-7586-4a97-b6c4-4cf0f2de837a,2024-08-10 11:03:06-04:00,2024-08-10,2024-08-10 17:03:06 +0200,Eastern Time (US & Canada),3389661,nataliamontoro,Natalia Montoro,2024-08-10 18:29:23 +0200,2024-11-03 09:40:16 +0000,research,CC-BY-NC,https://www.inaturalist.org/observations/234907102,https://inaturalist-open-data.s3.amazonaws.com/photos/417682991/medium.jpeg,,"",Had some orange on chest,1,0,false,3,"Church Creek, MD, US",38.3716671237,-76.1318264112,1263,,,,1263,,open,false,,,Snowy Egret,Egretta thula,Garza dedos dorados,Aves,4940
235642452,e621dd53-b7dd-4ff8-90b8-7878e03b289c,2024/08/12 8:30 AM,2024-08-12,2024-08-12 17:30:00 +0200,America/Hermosillo,1526621,iparra68,Ivan Eduardo Parra Salazar,2024-08-14 03:11:22 +0200,2025-10-04 23:17:06 +0200,research,CC-BY-NC,https://www.inaturalist.org/observations/235642452,https://static.inaturalist.org/photos/419104307/medium.jpeg,,"",,1,0,false,,"Hermosillo Municipality, Sonora, Mexico",28.3724924783,-111.42141109,,,,,,,open,false,,,Snowy Egret,Egretta thula,Garza dedos dorados,Aves,4940
235781718,55baf349-58fc-4191-94d9-06739d616112,2024/08/14 11:28 AM,2024-08-14,2024-08-14 17:28:00 +0200,Eastern Time (US & Canada),2714198,evanwillstopforplants,Evan C,2024-08-14 21:53:30 +0200,2024-08-14 22:51:11 +0200,research,CC-BY-NC-ND,https://www.inaturalist.org/observations/235781718,https://inaturalist-open-data.s3.amazonaws.com/photos/419369263/medium.jpg,,"",,1,0,false,,"Bald Head Island, NC 28461, USA",33.8759,-77.9982933333,,,,,,,open,false,,,Snowy Egret,Egretta thula,Garza dedos dorados,Aves,4940
235859514,8df1f43d-8d18-4fe0-9529-f886e61ff2f7,2024/08/14 6:52 PM,2024-08-14,2024-08-15 00:52:00 +0200,Eastern Time (US & Canada),2714198,evanwillstopforplants,Evan C,2024-08-15 08:19:09 +0200,2024-08-15 14:34:40 +0200,research,CC-BY-NC-ND,https://www.inaturalist.org/observations/235859514,https://inaturalist-open-data.s3.amazonaws.com/photos/419523418/medium.jpg,,"",,1,0,false,,"Bald Head Island, NC 28461, USA",33.862405,-77.9964966667,,,,,,,open,false,,,Snowy Egret,Egretta thula,Garza dedos dorados,Aves,4940
236030354,6b1fbff9-e4a2-4fb2-b2e6-0f32e373504b,2024/07/20 12:08 PM,2024-07-20,2024-07-20 19:08:00 +0200,Central Time (US & Canada),1894168,assmann,"",2024-08-16 06:30:57 +0200,2024-08-16 21:23:46 +0200,research,CC-BY-NC,https://www.inaturalist.org/observations/236030354,https://inaturalist-open-data.s3.amazonaws.com/photos/419857360/medium.jpg,,"",,2,0,false,,Oak Point Park and Nature Preserve,33.0560562873,-96.6705467779,843,,,,843,,open,false,,,Snowy Egret,Egretta thula,Garza dedos dorados,Aves,4940
236122766,ac0808bd-afc6-46db-be9d-92f6dd74e033,2024/08/16 10:30 AM,2024-08-16,2024-08-16 16:30:00 +0200,Eastern Time (US & Canada),3340532,plawrynpx,,2024-08-16 19:34:03 +0200,2025-10-02 21:15:19 +0200,research,CC-BY-NC,https://www.inaturalist.org/observations/236122766,https://inaturalist-open-data.s3.amazonaws.com/photos/420031804/medium.jpeg,,"",,2,0,false,,"Collier County, FL, USA",25.9481067184,-81.7482498756,8,,,,8,,open,false,,,Snowy Egret,Egretta thula,Garza dedos dorados,Aves,4940
237001082,ea1ecf56-7042-4562-ae00-0aa0cac6c76a,2024-07-05 15:02:54,2024-07-05,2024-07-05 21:02:54 +0200,Eastern Time (US & Canada),6533850,flwgt07,Fabrice Guiot,2024-08-21 00:23:35 +0200,2024-09-09 15:26:26 +0200,research,,https://www.inaturalist.org/observations/237001082,https://static.inaturalist.org/photos/421724237/medium.jpeg,,"",,3,1,false,2,"Harris Neck NWR, Shellman Bluff, GA 31331, USA",31.632748978,-81.283130832,1343,,,,1343,,open,false,gps,gps,Snowy Egret,Egretta thula,Garza dedos dorados,Aves,4940
237172634,e821b4ae-24e8-4372-9315-ee61c9325228,2024/08/21 11:17 AM,2024-08-21,2024-08-21 20:17:00 +0200,Pacific Time (US & Canada),796280,eleggua,eleggua,2024-08-21 23:08:41 +0200,2024-08-22 16:50:22 +0200,research,CC-BY-NC,https://www.inaturalist.org/observations/237172634,https://inaturalist-open-data.s3.amazonaws.com/photos/422034241/medium.jpg,,"",,1,0,false,,"Lake Merritt, Oakland, CA, USA",37.7994864393,-122.2596278516,31,,,,31,,open,false,,,Snowy Egret,Egretta thula,Garza dedos dorados,Aves,4940
237234541,2283f061-9890-46c9-8c2f-f7a1f8ba5ffd,2024/08/19 4:31 PM,2024-08-19,2024-08-20 01:31:00 +0200,Pacific Time (US & Canada),514765,lyneisfilm,Claude Lyneis,2024-08-22 08:14:32 +0200,2024-08-22 15:48:21 +0200,research,,https://www.inaturalist.org/observations/237234541,https://inaturalist-open-data.s3.amazonaws.com/photos/422173649/medium.jpg,,"",Snowny Egret Meeker Slough,1,0,false,,"Marina Bay, Richmond, CA 94804, USA",37.9129216667,-122.3383916667,,,,,,,open,false,,,Snowy Egret,Egretta thula,Garza dedos dorados,Aves,4940
237386863,aadf4569-0541-46cc-8478-3929f6171271,2024/08/22 7:24 AM,2024-08-22,2024-08-22 14:24:00 +0200,Central Time (US & Canada),1400796,biomule,,2024-08-23 03:12:07 +0200,2025-06-12 22:37:29 +0200,research,CC-BY-NC,https://www.inaturalist.org/observations/237386863,https://inaturalist-open-data.s3.amazonaws.com/photos/422470645/medium.jpeg,,"",,6,0,false,,"Austin, TX, USA",30.2479616667,-97.7000116667,,,,,,,open,false,,,Snowy Egret,Egretta thula,Garza dedos dorados,Aves,4940
237523288,38b11f1a-b668-4778-be75-972d89be6a5a,2024/08/22 12:20 PM,2024-08-22,2024-08-22 18:20:00 +0200,Eastern Time (US & Canada),6942171,josiah_reed,Josiah Reed,2024-08-23 22:27:14 +0200,2024-08-26 02:26:52 +0200,research,CC-BY-NC,https://www.inaturalist.org/observations/237523288,https://inaturalist-open-data.s3.amazonaws.com/photos/422727894/medium.jpg,,"",,1,0,false,,"Rowley, MA, USA",42.7405776842,-70.7963721222,2,,,,2,,open,false,,,Snowy Egret,Egretta thula,Garza dedos dorados,Aves,4940
237921696,aae3e931-b7ea-4968-b505-c8fe3be0e23a,2024-08-23 17:46:13,2024-08-23,2024-08-24 02:46:13 +0200,Pacific Time (US & Canada),4590187,rcloran,,2024-08-25 21:13:39 +0200,2024-08-26 07:57:24 +0200,research,CC-BY-NC-ND,https://www.inaturalist.org/observations/237921696,https://inaturalist-open-data.s3.amazonaws.com/photos/423498473/medium.jpeg,,"","",3,0,false,814,"Shoreline at Mountain View Park, Santa Clara, California, United States",37.4345308333,-122.0947736117,,,,,,,open,false,,,Snowy Egret,Egretta thula,Garza dedos dorados,Aves,4940
238131255,845b930f-1f7e-4847-a936-4c2f781b5d41,2024/08/24 1:09 PM,2024-08-24,2024-08-24 22:09:00 +0200,Pacific Time (US & Canada),224597,twillrichardson,Will Richardson,2024-08-26 22:16:26 +0200,2024-08-27 13:12:56 +0200,research,CC-BY-NC,https://www.inaturalist.org/observations/238131255,https://inaturalist-open-data.s3.amazonaws.com/photos/423899553/medium.jpeg,,"",,1,0,false,,"San Diego, CA, USA",32.8076600758,-117.2653639345,50,,,,50,,open,false,,,Snowy Egret,Egretta thula,Garza dedos dorados,Aves,4940
238194336,9917af1a-42ea-41c5-af66-70a3c946f0f2,2024/08/24 12:55 PM,2024-08-24,2024-08-24 21:55:00 +0200,Pacific Time (US & Canada),1653276,lglevanik,Lauren Glevanik,2024-08-27 06:37:10 +0200,2024-08-30 04:40:22 +0200,research,CC-BY-NC,https://www.inaturalist.org/observations/238194336,https://inaturalist-open-data.s3.amazonaws.com/photos/424024780/medium.png,,"",,1,0,false,,"Imperial Beach, CA, USA",32.5720840018,-117.1313936457,31,,,,31,,open,false,,,Snowy Egret,Egretta thula,Garza dedos dorados,Aves,4940
238194344,15320c65-c217-4543-9119-41942c4f4052,2024/08/24 1:09 PM,2024-08-24,2024-08-24 22:09:00 +0200,Pacific Time (US & Canada),1653276,lglevanik,Lauren Glevanik,2024-08-27 06:37:12 +0200,2024-08-30 04:40:06 +0200,research,CC-BY-NC,https://www.inaturalist.org/observations/238194344,https://inaturalist-open-data.s3.amazonaws.com/photos/424025160/medium.jpeg,,"",,1,0,false,,"Imperial Beach, CA, USA",32.569326441,-117.1318549856,55,,,,55,,open,false,,,Snowy Egret,Egretta thula,Garza dedos dorados,Aves,4940
238514678,8d5e50e8-567c-4e52-9b1b-2e67117e5a2f,2024-08-28 10:32:56-05:00,2024-08-28,2024-08-28 17:32:56 +0200,Central Time (US & Canada),291746,greenesnake,Mark Greene,2024-08-29 02:34:38 +0200,2025-01-19 19:52:00 +0000,research,CC-BY-NC,https://www.inaturalist.org/observations/238514678,https://inaturalist-open-data.s3.amazonaws.com/photos/424643212/medium.jpeg,,"","",1,0,false,3,"Red Benthal Rd, Trenton, TN, US",35.986705,-88.887725,5,,,,5,,open,false,,,Snowy Egret,Egretta thula,Garza dedos dorados,Aves,4940
238531601,f75dbc68-1e97-4676-b55d-dcb3bd340077,2024/08/23 7:11 AM,2024-08-23,2024-08-23 16:11:00 +0200,Pacific Time (US & Canada),796280,eleggua,eleggua,2024-08-29 04:56:11 +0200,2025-05-11 18:10:31 +0200,research,CC-BY-NC,https://www.inaturalist.org/observations/238531601,https://inaturalist-open-data.s3.amazonaws.com/photos/424673533/medium.jpg,,"",wading at the shoreline,1,0,false,,"Lake Merritt, Oakland, CA, USA",37.8057882738,-122.2563464848,15,,,,15,,open,false,,,Snowy Egret,Egretta thula,Garza dedos dorados,Aves,4940
239020133,39c95e6d-113a-48cc-b75c-5e03e1d65b23,2024/08/31 6:56 AM,2024-08-31,2024-08-31 15:56:00 +0200,Pacific Time (US & Canada),796280,eleggua,eleggua,2024-08-31 20:44:41 +0200,2025-05-16 07:32:19 +0200,research,CC-BY-NC,https://www.inaturalist.org/observations/239020133,https://inaturalist-open-data.s3.amazonaws.com/photos/425595734/medium.jpg,,"",,1,0,false,,"Lake Merritt, Oakland, CA, USA",37.8059875467,-122.2564125954,15,,,,15,,open,false,,,Snowy Egret,Egretta thula,Garza dedos dorados,Aves,4940
239329549,86a8fd51-a8ae-401b-ae7c-25096fac1d1e,2024/09/01 3:04 PM,2024-09-01,2024-09-02 00:04:00 +0200,Pacific Time (US & Canada),913201,uzun,"",2024-09-02 05:54:48 +0200,2024-09-02 06:20:08 +0200,research,CC-BY-NC,https://www.inaturalist.org/observations/239329549,https://inaturalist-open-data.s3.amazonaws.com/photos/426232582/medium.jpg,,"",,2,0,false,,"Lindo Lake, Lakeside, CA 92040, USA",32.8578323,-116.9149581,271,,,,271,,open,false,,,Snowy Egret,Egretta thula,Garza dedos dorados,Aves,4940
239433130,196111cf-23ec-43d7-b362-846eedc3d673,2024-09-02 11:02:33,2024-09-02,2024-09-02 17:02:33 +0200,Eastern Time (US & Canada),8516827,megatheriid,Jay,2024-09-02 19:27:00 +0200,2024-09-02 22:42:49 +0200,research,CC-BY-NC,https://www.inaturalist.org/observations/239433130,https://inaturalist-open-data.s3.amazonaws.com/photos/426432998/medium.jpeg,,"",,1,0,false,2,"Barcroft Company Heliport, Lewes, DE 19958, USA",38.7819208,-75.10572,,,,,,,open,false,gps,gps,Snowy Egret,Egretta thula,Garza dedos dorados,Aves,4940
239528648,f3dba357-224c-43d0-a120-55e7c5a73edb,2024/09/02 4:08 PM,2024-09-02,2024-09-02 22:08:00 +0200,Eastern Time (US & Canada),2269559,inbetweenbays,"",2024-09-03 03:17:06 +0200,2024-09-30 23:54:33 +0200,research,CC-BY,https://www.inaturalist.org/observations/239528648,https://inaturalist-open-data.s3.amazonaws.com/photos/426619733/medium.jpeg,,"",,1,0,false,,"Kent County, DE, USA",39.2832135304,-75.4915322916,4,,,,4,,open,false,,,Snowy Egret,Egretta thula,Garza dedos dorados,Aves,4940
239548548,2428ae42-29ca-4cc4-8b27-1540cc63f448,2024/09/02 7:05 PM,2024-09-02,2024-09-03 04:05:00 +0200,Pacific Time (US & Canada),3298118,sunsound,Phil Calvert,2024-09-03 05:31:55 +0200,2024-09-03 05:32:36 +0200,research,CC-BY-NC,https://www.inaturalist.org/observations/239548548,https://inaturalist-open-data.s3.amazonaws.com/photos/426660675/medium.jpg,,"",,1,0,false,,"Woodley, Los Angeles, CA, USA",34.170116,-118.477432,,,,,,,open,false,,,Snowy Egret,Egretta thula,Garza dedos dorados,Aves,4940
239548552,3e26ccfb-cd3f-4637-ad22-8cc72ee2a90f,2024/09/02 6:58 PM,2024-09-02,2024-09-03 03:58:00 +0200,Pacific Time (US & Canada),3298118,sunsound,Phil Calvert,2024-09-03 05:31:56 +0200,2024-09-03 05:32:41 +0200,research,CC-BY-NC,https://www.inaturalist.org/observations/239548552,https://inaturalist-open-data.s3.amazonaws.com/photos/426660684/medium.jpg,,"",,1,0,false,,"Woodley, Los Angeles, CA, USA",34.170116,-118.477432,,,,,,,open,false,,,Snowy Egret,Egretta thula,Garza dedos dorados,Aves,4940
240392624,c0827df6-b6e8-4ac9-b458-35bf426df20d,2024/08/23 1:18 PM,2024-08-23,2024-08-23 19:18:00 +0200,Eastern Time (US & Canada),521996,brennafarrell,Brenna Farrell,2024-09-07 21:56:15 +0200,2025-05-09 21:15:51 +0200,research,CC-BY-NC,https://www.inaturalist.org/observations/240392624,https://static.inaturalist.org/photos/428271980/medium.jpeg,,"","For great egrets: https://www.inaturalist.org/observations/240392129
For heron: https://www.inaturalist.org/observations/240392530",1,0,false,,"Middle Township, NJ, USA",39.0589267679,-74.7698757971,34,,,,34,,open,false,,,Snowy Egret,Egretta thula,Garza dedos dorados,Aves,4940
240444608,1b85915f-379e-4ca9-9532-f908d2c480dc,2024/09/07 5:38 PM,2024-09-07,2024-09-08 02:38:00 +0200,Pacific Time (US & Canada),541847,billhubick,Bill Hubick,2024-09-08 02:39:29 +0200,2024-09-09 12:36:45 +0200,research,CC-BY-NC,https://www.inaturalist.org/observations/240444608,https://static.inaturalist.org/photos/428375033/medium.jpg,,"",,2,0,false,,"Laguna Grande Regional Park, Monterey, California, United States",36.60158,-121.8550133333,,,,,,,open,false,,,Snowy Egret,Egretta thula,Garza dedos dorados,Aves,4940
240875627,83ccb15d-82ba-4cf5-9b9b-1ed2ba216d03,2024-09-07 15:45:00-04:00,2024-09-07,2024-09-07 21:45:00 +0200,Eastern Time (US & Canada),1371645,appletree1,Mark Applebaum,2024-09-10 05:15:35 +0200,2024-09-12 18:26:17 +0200,research,CC-BY-NC,https://www.inaturalist.org/observations/240875627,https://inaturalist-open-data.s3.amazonaws.com/photos/429213011/medium.jpeg,,"","",3,1,false,3,"Lawrenceburg, IN, US",39.1266936715,-84.8281496734,360,,,,360,,open,false,,,Snowy Egret,Egretta thula,Garza dedos dorados,Aves,4940
241020124,02450ab4-e69b-4dd8-8025-d50f67aee094,2024/09/10 9:37 AM,2024-09-10,2024-09-10 18:37:00 +0200,Pacific Time (US & Canada),29598,alanking,Alan King,2024-09-11 01:07:58 +0200,2025-02-12 20:18:43 +0000,research,CC-BY-NC,https://www.inaturalist.org/observations/241020124,https://inaturalist-open-data.s3.amazonaws.com/photos/429487108/medium.jpeg,,"",,1,0,false,,"Point Loma Heights, San Diego, CA, USA",32.752771075,-117.2290458783,,,,,,,open,false,,,Snowy Egret,Egretta thula,Garza dedos dorados,Aves,4940
241187660,da6b9b31-e796-4d4e-990a-159092c0c155,2024/09/08 7:16 AM,2024-09-08,2024-09-08 16:16:00 +0200,Pacific Time (US & Canada),130904,bobc,"",2024-09-12 00:20:36 +0200,2025-01-21 18:02:30 +0000,research,CC-BY-NC,https://www.inaturalist.org/observations/241187660,https://inaturalist-open-data.s3.amazonaws.com/photos/429813582/medium.jpg,,"",frisky....,1,0,false,,"Pittmann, Henderson, NV, USA",36.076015591,-115.0020897751,15,,,,15,,open,false,,,Snowy Egret,Egretta thula,Garza dedos dorados,Aves,4940
241229235,c0781ba3-f0e2-4055-8331-343e9b605e50,2024/09/11 5:30 PM,2024-09-11,2024-09-12 02:30:00 +0200,Pacific Time (US & Canada),6485705,decoyhedgehog,William Walker,2024-09-12 05:57:18 +0200,2025-05-07 23:25:37 +0200,research,CC-BY-NC,https://www.inaturalist.org/observations/241229235,https://inaturalist-open-data.s3.amazonaws.com/photos/429893659/medium.jpg,,"",,3,0,false,,"Orange County, CA, USA",33.705665,-118.049295,,,,,,,open,false,,,Snowy Egret,Egretta thula,Garza dedos dorados,Aves,4940
241379544,c84b66b1-9cde-4f8c-bfef-8cad310ad64f,2023-08-16 17:14:00,2023-08-16,2023-08-17 01:14:00 +0200,Mexico City,8482933,damianjp,Damián Jiménez Padilla,2024-09-13 02:13:41 +0200,2025-09-27 00:39:47 +0200,research,CC-BY-NC,https://www.inaturalist.org/observations/241379544,https://inaturalist-open-data.s3.amazonaws.com/photos/430184531/medium.jpeg,,"",Estaba en la playa,4,1,false,2,"Parada en Gral. Lazaro Cardenas 808, Las Brisas, 28218 Manzanillo, Col., México",19.0651692016,-104.3025593832,1298,,,,1298,,open,false,gps,gps,Garza dedos dorados,Egretta thula,Garza dedos dorados,Aves,4940
241382145,5f8dfddc-a7ac-4844-80c6-e53984ca730d,2024/09/11 6:07 PM,2024-09-11,2024-09-12 03:07:00 +0200,Pacific Time (US & Canada),28,tiwane,Tony Iwane,2024-09-13 02:38:03 +0200,2025-11-18 22:39:27 +0000,research,CC-BY,https://www.inaturalist.org/observations/241382145,https://inaturalist-open-data.s3.amazonaws.com/photos/430189107/medium.jpg,,"alameda county, bird, california, east bay, egretta thula, middle harbor shoreline park, oakland, port of oakland, san fancisco bay, snowy egret",,2,0,false,,"Oakland, CA, USA",37.8013938611,-122.3248986667,,,,,,,open,false,,,Snowy Egret,Egretta thula,Garza dedos dorados,Aves,4940
241929479,3c4ca241-6a50-478e-ae6b-d61227b193e5,2022/04/18 12:28 PM,2022-04-18,2022-04-18 19:28:00 +0200,Central Time (US & Canada),1281815,fsterrett49,Frank Sterrett,2024-09-15 20:38:19 +0200,2025-06-25 17:00:59 +0200,research,CC-BY-NC,https://www.inaturalist.org/observations/241929479,https://inaturalist-open-data.s3.amazonaws.com/photos/431229299/medium.jpeg,,"",,6,0,false,,"High Island, Texas, USA",29.5611776679,-94.3904454822,488,,,,488,,open,false,,,Snowy Egret,Egretta thula,Garza dedos dorados,Aves,4940
241985964,f34c0e5f-cdba-487b-afdc-a52801a772bf,2024/02/13 2:52 PM,2024-02-13,2024-02-13 21:52:00 +0000,Arizona,4968373,airb28,Aaron B,2024-09-16 01:32:11 +0200,2024-09-16 05:00:01 +0200,research,,https://www.inaturalist.org/observations/241985964,https://static.inaturalist.org/photos/431339322/medium.jpeg,,"",,1,0,false,,"Riparian Preserve at Water Ranch, 2757 E Guadalupe Rd, Gilbert, AZ 85234, USA",33.3643875,-111.7346927,192,,,,192,,open,false,,,Snowy Egret,Egretta thula,Garza dedos dorados,Aves,4940
242006622,c20c756e-4289-4e2e-9956-6ed1f1a04980,2024-09-15 10:35:53-04:00,2024-09-15,2024-09-15 16:35:53 +0200,Eastern Time (US & Canada),1033231,torgos216,Al. Morgue,2024-09-16 03:35:44 +0200,2024-09-16 04:59:48 +0200,research,,https://www.inaturalist.org/observations/242006622,https://static.inaturalist.org/photos/431391560/medium.jpeg,,"","",1,0,false,3,"Edisto Island, Edisto Island, SC, US",32.545634247,-80.2602875665,1005,,,,1005,,open,false,,,Snowy Egret,Egretta thula,Garza dedos dorados,Aves,4940
242227262,7e7eba14-c635-4d5f-b3ca-7b5f3da36427,2024/09/15 11:45 aM,2024-09-15,2024-09-15 19:45:00 +0200,Mountain Time (US & Canada),1968569,leslie_s,Leslie S,2024-09-17 06:30:42 +0200,2025-03-17 01:18:44 +0000,research,CC-BY-NC,https://www.inaturalist.org/observations/242227262,https://inaturalist-open-data.s3.amazonaws.com/photos/431821711/medium.jpg,,"",Drama at the beach,4,0,false,,"Boulder, CO, USA",40.0853890705,-105.2256171877,61,,,,61,,open,false,,,Snowy Egret,Egretta thula,Garza dedos dorados,Aves,4940
242393177,7ecf83f1-0c6a-4181-8cc8-1fe5e94610c5,2024-09-17 09:17:43-05:00,2024-09-17,2024-09-17 16:17:43 +0200,Eastern Time (US & Canada),2739904,bobanon,,2024-09-18 02:40:36 +0200,2024-09-18 14:49:22 +0200,research,CC-BY-NC,https://www.inaturalist.org/observations/242393177,https://inaturalist-open-data.s3.amazonaws.com/photos/432135125/medium.jpeg,,"",Napatree,2,0,false,3,"Little Narragansett Bay, Westerly, RI, US",41.3094657758,-71.8799876635,122,,,,122,,open,false,,,Snowy Egret,Egretta thula,Garza dedos dorados,Aves,4940
242579006,c5c62da7-76db-43e6-a200-d9948e3bf826,2024-09-18 15:15:51,2024-09-18,2024-09-19 00:15:51 +0200,Pacific Time (US & Canada),4812986,tasrine,Michael Souza,2024-09-19 00:53:08 +0200,2024-09-30 06:29:05 +0200,research,,https://www.inaturalist.org/observations/242579006,https://static.inaturalist.org/photos/432458098/medium.jpeg,,"",,1,0,false,2,"Cafeteria Building, Pleasant Hill, CA 94523, USA",37.968575,-122.0701527778,,,,,,,open,false,gps,gps,Snowy Egret,Egretta thula,Garza dedos dorados,Aves,4940
242670784,3b357791-e7ce-4ecd-a5c1-7ec58563536e,2024/09/08 9:14 AM,2024-09-08,2024-09-08 15:14:00 +0200,Eastern Time (US & Canada),2483732,silvertop41,,2024-09-19 15:15:01 +0200,2024-10-30 10:51:42 +0000,research,CC-BY-NC,https://www.inaturalist.org/observations/242670784,https://inaturalist-open-data.s3.amazonaws.com/photos/432635089/medium.jpg,,"",,1,0,false,,"Surry County, VA, USA",37.181036,-76.683,,,,,,,open,false,,,Snowy Egret,Egretta thula,Garza dedos dorados,Aves,4940
243100890,0c1f3915-7068-4646-b306-de0f1eb3e2ed,2017/02/08 4:12 PM,2017-02-08,2017-02-08 22:12:00 +0000,Mexico City,7834292,t-ssly,,2024-09-21 17:08:03 +0200,2024-10-01 03:47:00 +0200,research,CC-BY-NC,https://www.inaturalist.org/observations/243100890,https://inaturalist-open-data.s3.amazonaws.com/photos/433443942/medium.jpeg,,"","",1,0,false,,"Westside of Tangolunda Golf Course, Oaxaca, Mexico",15.7755674606,-96.1047842356,15,,,,15,,open,false,,,Snowy Egret,Egretta thula,Garza dedos dorados,Aves,4940
243152401,bd807ae5-9a4d-4854-a94f-2d855c19125c,2018/09/15 3:37 PM,2018-09-15,2018-09-15 21:37:00 +0200,America/Nipigon,8404454,find_report,Deryl Nethercott,2024-09-21 20:41:08 +0200,2024-12-30 12:55:29 +0000,research,CC-BY-NC,https://www.inaturalist.org/observations/243152401,https://inaturalist-open-data.s3.amazonaws.com/photos/433521687/medium.jpeg,,"",,2,0,false,,"Chatham Township, Chatham-Kent, ON, Canada",42.6107462655,-82.4747473344,8,,,,8,,open,false,,,Snowy Egret,Egretta thula,Garza dedos dorados,Aves,4940
243218955,68ea8e5c-dc85-4503-9151-b56ed90bcb62,2024-09-21 16:06:41-07:00,2024-09-21,2024-09-22 01:06:41 +0200,Pacific Time (US & Canada),89190,danabrown,Dana L. Brown,2024-09-22 02:19:42 +0200,2024-09-22 08:36:32 +0200,research,CC-BY-SA,https://www.inaturalist.org/observations/243218955,https://inaturalist-open-data.s3.amazonaws.com/photos/433669237/medium.jpeg,,"","",1,0,false,3,"Santa Venetia Marsh Open Space Preserve, San Rafael, CA, US",38.0164638833,-122.5121083333,11,,,,11,,open,false,,,Snowy Egret,Egretta thula,Garza dedos dorados,Aves,4940
243415796,8cf853be-3e44-47f7-8269-6cd13e522798,2024/09/21 10:40 AM,2024-09-21,2024-09-21 19:40:00 +0200,Pacific Time (US & Canada),3231180,nevadawolf,"",2024-09-22 21:17:47 +0200,2024-09-23 13:20:34 +0200,research,CC-BY-NC,https://www.inaturalist.org/observations/243415796,https://inaturalist-open-data.s3.amazonaws.com/photos/434036995/medium.jpeg,,"","",2,0,false,,"Churchill County, NV, USA",39.5230413889,-118.5120180556,,,,,,,open,false,,,Snowy Egret,Egretta thula,Garza dedos dorados,Aves,4940
243474286,89c00946-f572-4c79-aae5-01b3ac68f942,2024/09/21 8:47 AM,2024-09-21,2024-09-21 17:47:00 +0200,Pacific Time (US & Canada),261717,richbreisch,Richard Breisch,2024-09-23 01:44:17 +0200,2024-09-23 01:44:36 +0200,research,CC-BY-NC,https://www.inaturalist.org/observations/243474286,https://inaturalist-open-data.s3.amazonaws.com/photos/434152465/medium.jpeg,,"",,1,0,false,,"Point Loma, San Diego, CA, USA",32.75558,-117.24066,25,,,,25,,open,false,,,Snowy Egret,Egretta thula,Garza dedos dorados,Aves,4940
243736840,19313f9f-af63-42da-9ceb-9bea4fc5a41a,2024/09/23 5:32 PM,2024-09-23,2024-09-24 02:32:00 +0200,Pacific Time (US & Canada),6485705,decoyhedgehog,William Walker,2024-09-24 06:54:37 +0200,2024-09-24 13:10:17 +0200,research,CC-BY-NC,https://www.inaturalist.org/observations/243736840,https://inaturalist-open-data.s3.amazonaws.com/photos/434662647/medium.jpg,,"",,2,0,false,,"Orange County, CA, USA",33.7057016667,-118.0492616667,,,,,,,open,false,,,Snowy Egret,Egretta thula,Garza dedos dorados,Aves,4940
243736846,c9a3f6b3-66e3-46d4-b3cf-9ae06bf39502,2024/09/23 6:11 PM,2024-09-23,2024-09-24 03:11:00 +0200,Pacific Time (US & Canada),6485705,decoyhedgehog,William Walker,2024-09-24 06:54:38 +0200,2024-09-24 09:01:04 +0200,research,CC-BY-NC,https://www.inaturalist.org/observations/243736846,https://inaturalist-open-data.s3.amazonaws.com/photos/434662657/medium.jpg,,"",,2,0,false,,"Orange County, CA, USA",33.7068366667,-118.0475016667,,,,,,,open,false,,,Snowy Egret,Egretta thula,Garza dedos dorados,Aves,4940
243881241,24a6a9e1-ed6b-4f33-ad9a-d30b3e887993,2024/01/06 11:48 AM,2024-01-06,2024-01-06 17:48:00 +0000,Central Time (US & Canada),410667,damonwilliford,rook70031,2024-09-25 01:19:16 +0200,2024-10-01 10:43:12 +0200,research,CC-BY-NC,https://www.inaturalist.org/observations/243881241,https://inaturalist-open-data.s3.amazonaws.com/photos/434940016/medium.jpg,,"Ardeidae, Egretta thula, Palacios, Pelecaniformes, Snowy Egret, Texas, wading birds","",1,0,false,,"Palacios, TX 77465, USA",28.705637,-96.21,316,,,,316,,open,false,,,Snowy Egret,Egretta thula,Garza dedos dorados,Aves,4940
243912397,b9e817ac-811f-4723-9bdd-c5b7c7859e16,2024/09/24 5:42 PM,2024-09-24,2024-09-25 02:42:00 +0200,Pacific Time (US & Canada),6485705,decoyhedgehog,William Walker,2024-09-25 05:23:21 +0200,2024-09-25 17:17:03 +0200,research,CC-BY-NC,https://www.inaturalist.org/observations/243912397,https://inaturalist-open-data.s3.amazonaws.com/photos/435003563/medium.jpg,,"",,2,0,false,,"Orange County, CA, USA",33.7057766667,-118.049085,,,,,,,open,false,,,Snowy Egret,Egretta thula,Garza dedos dorados,Aves,4940
243995089,c923301b-a65d-45ce-83f7-cf3862332c82,2020/09/24 10:49 AM,2020-09-24,2020-09-24 17:49:00 +0200,Central Time (US & Canada),350225,kalamurphyking,Kala Murphy King,2024-09-25 18:39:19 +0200,2024-09-25 18:51:41 +0200,research,CC-BY-NC-ND,https://www.inaturalist.org/observations/243995089,https://inaturalist-open-data.s3.amazonaws.com/photos/435163351/medium.jpg,,"snowy egret, egret, small egret, white rock lake, dallas texas, aquatic bird, aquatic, water fowl, Egretta thula, waders, white water, flood waters, display behaviors, displaying, aggressive, territorial, patrol, spillway, crest, fluffed up, threat mode, drama queen, close up","Typical Snowy Drama Queen
Not only did the weather make the water dramatic, but the egret got into the mood by going full battle mode.  There was another snowy nearby.",1,0,false,,"Dallas, TX, USA spillway",32.8149711462,-96.7252182459,97,,,,97,,open,false,,,Snowy Egret,Egretta thula,Garza dedos dorados,Aves,4940
244069615,50d5eab8-f848-4a66-aa4e-8f5e6a697e51,2021/08/15 6:40 AM,2021-08-15,2021-08-15 13:40:00 +0200,America/Merida,8540000,estebandupinet,Esteban Dupinet,2024-09-26 03:25:38 +0200,2025-05-08 03:36:32 +0200,research,CC-BY-NC,https://www.inaturalist.org/observations/244069615,https://inaturalist-open-data.s3.amazonaws.com/photos/435290615/medium.jpg,,"",,1,0,false,,"Progreso, Yuc., México",21.2850058294,-89.6281939324,61,,,,61,,open,false,,,Garza dedos dorados,Egretta thula,Garza dedos dorados,Aves,4940
244249107,076caff3-e699-444c-a18c-bad8fcaf40fc,2024/09/26 3:22 PM,2024-09-26,2024-09-27 00:22:00 +0200,Pacific Time (US & Canada),2873,jmaughn,James Maughn,2024-09-27 05:43:45 +0200,2024-09-28 20:26:38 +0200,research,CC-BY-NC,https://www.inaturalist.org/observations/244249107,https://inaturalist-open-data.s3.amazonaws.com/photos/435667561/medium.jpeg,,"",,3,0,false,,"Santa Cruz, CA, USA",36.9698180511,-122.0020562966,4,,,,4,,open,false,,,Snowy Egret,Egretta thula,Garza dedos dorados,Aves,4940
244383836,8e83cdc2-ee9f-4c06-b16d-fd2c1e44a564,2024/09/26 10:12 AM,2024-09-26,2024-09-26 19:12:00 +0200,Arizona,1705504,dutchjohn,John Van Veldhuizen,2024-09-27 23:29:53 +0200,2024-10-02 22:46:48 +0200,research,CC-BY-NC,https://www.inaturalist.org/observations/244383836,https://inaturalist-open-data.s3.amazonaws.com/photos/435907841/medium.jpeg,,"",,2,0,false,,"Pima County, AZ, USA",31.7302592311,-111.0545322913,122,,,,122,,open,false,,,Snowy Egret,Egretta thula,Garza dedos dorados,Aves,4940
244398632,eb95ee0d-671b-4560-b05d-90a9b994cebd,2024/09/27 6:20 PM,2024-09-27,2024-09-28 00:20:00 +0200,Eastern Time (US & Canada),7053248,caitlinonthecoast,Cait,2024-09-28 01:23:37 +0200,2024-09-30 20:33:56 +0200,research,,https://www.inaturalist.org/observations/244398632,https://static.inaturalist.org/photos/435937201/medium.png,,"",,1,0,false,,"Quincy, MA, USA",42.2666996014,-70.9996484632,15,,,,15,,open,false,,,Snowy Egret,Egretta thula,Garza dedos dorados,Aves,4940
244491056,dc3513a4-5350-493b-b974-b780b3bb8a15,2024/09/20 9:26 AM,2024-09-20,2024-09-20 15:26:00 +0200,Eastern Time (US & Canada),4573169,dwthor54,,2024-09-28 16:14:56 +0200,2024-09-28 17:18:52 +0200,research,CC-BY-NC,https://www.inaturalist.org/observations/244491056,https://inaturalist-open-data.s3.amazonaws.com/photos/436121327/medium.jpeg,,"",,1,0,false,,Edwin B Forsythe Nat'l Wildlife Refuge,39.4631753484,-74.4440029327,122,,,,122,,open,false,,,Snowy Egret,Egretta thula,Garza dedos dorados,Aves,4940
244935629,f20609c1-592d-46fc-9558-4d567e6bc5d6,2024-09-30 13:23:42-04:00,2024-09-30,2024-09-30 19:23:42 +0200,Eastern Time (US & Canada),8172530,marissas26,,2024-09-30 19:46:11 +0200,2025-06-30 03:49:43 +0200,research,CC0,https://www.inaturalist.org/observations/244935629,https://inaturalist-open-data.s3.amazonaws.com/photos/436991721/medium.jpeg,,"","",1,0,false,3,"Merritt Island, New Smyrna Beach, FL, US",28.9809028944,-80.8594268608,44,,,,44,,open,false,,,Snowy Egret,Egretta thula,Garza dedos dorados,Aves,4940
245012632,1d01b4a7-f2f6-4f55-a324-43fdb5a1529c,2024/09/30 12:17 PM,2024-09-30,2024-09-30 21:17:00 +0200,Pacific Time (US & Canada),8159696,sglevanik,,2024-10-01 04:49:29 +0200,2024-10-02 02:57:17 +0200,research,CC-BY-NC,https://www.inaturalist.org/observations/245012632,https://inaturalist-open-data.s3.amazonaws.com/photos/437141243/medium.jpeg,,"",,1,0,false,,"Ocean Beach Bike Path, San Diego, CA, USA",32.7580481,-117.2207656,2917,,,,2917,,open,false,,,Snowy Egret,Egretta thula,Garza dedos dorados,Aves,4940
245149163,7aa994b9-b241-43b9-81ce-799aab76c19c,2024/10/01 12:40 PM,2024-10-01,2024-10-01 21:40:00 +0200,Pacific Time (US & Canada),6415127,dr00g,Karl 'Beachnik' Butz,2024-10-02 00:53:39 +0200,2024-10-02 03:55:51 +0200,research,CC-BY-NC,https://www.inaturalist.org/observations/245149163,https://inaturalist-open-data.s3.amazonaws.com/photos/437406160/medium.jpg,,"",,3,0,false,,"South San Francisco, CA, USA",37.6427132997,-122.3992982997,,,,,,,open,false,,,Snowy Egret,Egretta thula,Garza dedos dorados,Aves,4940
245893086,35451efd-2e08-4e22-bc2c-183d6bd94984,2024/10/04 6:22 PM,2024-10-04,2024-10-05 03:22:00 +0200,Pacific Time (US & Canada),861881,chilipossum,Cricket Raspet,2024-10-06 08:00:26 +0200,2024-10-11 17:05:40 +0200,research,CC-BY,https://www.inaturalist.org/observations/245893086,https://inaturalist-open-data.s3.amazonaws.com/photos/438867913/medium.jpeg,,"",,1,0,false,,"San Mateo County, CA, USA",37.4948379916,-122.4983352645,61,,,,61,,open,false,,,Snowy Egret,Egretta thula,Garza dedos dorados,Aves,4940
247407354,6b3a9cfb-69a5-4d50-9554-8cb6f927a8bb,2024/10/14 9:07 AM,2024-10-14,2024-10-14 17:07:00 +0200,America/Merida,536291,trinchan,Luis Trinchan,2024-10-15 03:26:39 +0200,2024-10-17 02:44:33 +0200,research,CC-BY-NC,https://www.inaturalist.org/observations/247407354,https://inaturalist-open-data.s3.amazonaws.com/photos/441869529/medium.jpg,,"",,3,0,false,,"Progreso, Yucatan, Mexico",21.2798303839,-89.6331759202,323,,,,323,,open,false,,,Snowy Egret,Egretta thula,Garza dedos dorados,Aves,4940
247505765,03cb8012-2399-4e1b-a2de-e506cdb9a9a3,2024/01/17 15:43,2024-01-17,2024-01-17 21:43:00 +0000,America/Costa_Rica,3085936,jvacl,Jana Václavíková,2024-10-15 20:10:42 +0200,2024-10-16 02:31:46 +0200,research,CC-BY-NC,https://www.inaturalist.org/observations/247505765,https://inaturalist-open-data.s3.amazonaws.com/photos/442058989/medium.jpg,,"",,3,0,false,,"Alajuela Province, Los Chiles, Kostarika",10.9304268752,-84.7502089605,4263,,,,4263,,open,false,,,volavka bělostná,Egretta thula,Garza dedos dorados,Aves,4940
247543854,6ebb5f5f-90c3-49bc-92f8-20be8130417e,2024/10/15 8:37 AM,2024-10-15,2024-10-15 17:37:00 +0200,Pacific Time (US & Canada),7884532,daveweldon,David D. Weldon,2024-10-16 01:01:05 +0200,2025-08-20 01:36:30 +0200,research,CC-BY-NC,https://www.inaturalist.org/observations/247543854,https://inaturalist-open-data.s3.amazonaws.com/photos/442135974/medium.jpg,,"2024-10-15, Bolsa Chica Wetlands, Photo by David D. Weldon",,1,0,false,,"Orange County, CA, USA",33.7036546944,-118.0481493422,22,,,,22,,open,false,,,Snowy Egret,Egretta thula,Garza dedos dorados,Aves,4940
247633267,2ed6832c-dbbf-4225-b7c2-53d1c708805b,2024-10-16 07:26:16,2024-10-16,2024-10-16 15:26:16 +0200,Mexico City,3844843,benavidesmz,Arturo Benavides Mendoza,2024-10-16 17:31:04 +0200,2026-03-01 23:21:43 +0000,research,CC-BY,https://www.inaturalist.org/observations/247633267,https://inaturalist-open-data.s3.amazonaws.com/photos/442317408/medium.jpeg,,"",,1,0,false,2,"Jesús García, 86040 Villahermosa, Tabasco, México",17.9972888889,-92.937525,,,,,,,open,false,gps,gps,Garza dedos dorados,Egretta thula,Garza dedos dorados,Aves,4940
247762669,1c190013-85cb-4ee0-8daf-cf8090c36f84,2024/08/30 7:14 AM,2024-08-30,2024-08-30 15:14:00 +0200,Mexico City,270397,panecillo,Jorge A. Pérez Torres,2024-10-17 15:41:31 +0200,2024-10-21 16:23:44 +0200,research,CC-BY-NC,https://www.inaturalist.org/observations/247762669,https://inaturalist-open-data.s3.amazonaws.com/photos/442574914/medium.jpeg,,"Animals, Birds, Water, Blur judgement:Wrong, Exposure judgement:Appropriate",,1,0,false,,"Acapulco de Juárez, MX-GR, MX",16.7905268439,-99.823427621,181,,,,181,,open,false,,,Garza dedos dorados,Egretta thula,Garza dedos dorados,Aves,4940
248351135,e77e41cd-da4f-40ac-a78a-fc7390e1ffd4,2024/10/12 6:46 AM,2024-10-12,2024-10-12 12:46:00 +0200,Eastern Time (US & Canada),3408004,wildlifeandreptiles,Luke B,2024-10-20 23:46:15 +0200,2025-07-30 17:49:54 +0200,research,,https://www.inaturalist.org/observations/248351135,https://static.inaturalist.org/photos/443725510/medium.jpeg,,"",,1,0,false,,United States,32.3321450965,-80.6618783449,61,,,,29120,obscured,open,true,,,Snowy Egret,Egretta thula,Garza dedos dorados,Aves,4940
248436644,55e2d16e-262b-499f-910d-5a24b071d655,2024-09-15 15:51:26,2024-09-15,2024-09-15 21:51:26 +0200,Eastern Time (US & Canada),2512310,molinina,,2024-10-21 14:16:29 +0200,2024-11-19 01:59:32 +0000,research,CC-BY-NC,https://www.inaturalist.org/observations/248436644,https://inaturalist-open-data.s3.amazonaws.com/photos/443903895/medium.jpeg,,"",,1,0,false,843,"New York, NY, US",40.6171469684,-73.8213633387,1715,,,,1715,,open,false,,,Snowy Egret,Egretta thula,Garza dedos dorados,Aves,4940
248454389,bcd4b653-b18c-42f1-91de-b7ee9cc80069,2024/10/19 9:52 AM,2024-10-19,2024-10-19 18:52:00 +0200,Arizona,7141992,rthunen,,2024-10-21 16:44:49 +0200,2025-04-06 23:52:54 +0200,research,CC-BY-NC,https://www.inaturalist.org/observations/248454389,https://inaturalist-open-data.s3.amazonaws.com/photos/443938566/medium.jpg,,"",,1,0,false,,"Veterans Oasis Park, 4050 E Chandler Heights Rd, Chandler, AZ 85249, USA",33.2360233,-111.7677866,246,,,,246,,open,false,,,Snowy Egret,Egretta thula,Garza dedos dorados,Aves,4940
248492151,fe75f952-5ba5-45f1-8fba-06812b4b09da,2024/10/13 10:46 AM,2024-10-13,2024-10-13 16:46:00 +0200,Eastern Time (US & Canada),6764387,rbuening,Ron Buening II,2024-10-21 21:05:58 +0200,2025-04-07 01:02:03 +0200,research,,https://www.inaturalist.org/observations/248492151,https://static.inaturalist.org/photos/444008225/medium.jpg,,"",,1,0,false,,"Largo, FL, USA",27.9093083333,-82.77258,,,,,,,open,false,,,Snowy Egret,Egretta thula,Garza dedos dorados,Aves,4940
248499420,b3061123-79d1-4552-ad28-45e9d78f0e56,2024/10/21 7:54 AM,2024-10-21,2024-10-21 14:54:00 +0200,Central Time (US & Canada),5229510,wallmandinger,Walter Allmandinger,2024-10-21 21:54:53 +0200,2025-04-07 01:16:36 +0200,research,CC-BY-NC,https://www.inaturalist.org/observations/248499420,https://inaturalist-open-data.s3.amazonaws.com/photos/444027301/medium.jpeg,,"","",1,0,false,,"Eldridge / West Oaks, Houston, TX, USA",29.7186033333,-95.6859066667,100,,,,100,,open,false,,"",Snowy Egret,Egretta thula,Garza dedos dorados,Aves,4940
248694670,27a114ca-aab3-4f1d-aaf9-a5ef8928cacb,2017/08/08 5:24 PM,2017-08-08,2017-08-08 23:24:00 +0200,Eastern Time (US & Canada),3453019,kingmush,JeffreyGammon,2024-10-23 05:47:28 +0200,2025-04-07 06:27:00 +0200,research,CC-BY-NC,https://www.inaturalist.org/observations/248694670,https://inaturalist-open-data.s3.amazonaws.com/photos/444420480/medium.jpeg,,"kingmush, 2017, August, Florida, United States, USA, North America",HISTORIC PHOTOS.,1,0,false,,"Orange County, FL, USA",28.573035812,-80.9979113839,301,,,,301,,open,false,,,Snowy Egret,Egretta thula,Garza dedos dorados,Aves,4940
248819919,837a7cee-de48-4f20-babb-9e5b26e25699,2024-10-23 18:03:57,2024-10-23,2024-10-24 02:03:57 +0200,Mexico City,3844843,benavidesmz,Arturo Benavides Mendoza,2024-10-24 02:08:14 +0200,2026-03-01 23:21:43 +0000,research,CC-BY,https://www.inaturalist.org/observations/248819919,https://inaturalist-open-data.s3.amazonaws.com/photos/444671361/medium.jpeg,,"",,3,0,false,2,"Centro, MX-TB, MX",17.9957313407,-92.9346452312,378,,,,378,,open,false,gps,gps,Garza dedos dorados,Egretta thula,Garza dedos dorados,Aves,4940
249216902,5c6aeea2-af52-4212-bdb3-2b9fd1bff448,2024/10/19 9:47 AM,2024-10-19,2024-10-19 16:47:00 +0200,Central Time (US & Canada),2528028,acacialady,Rose Cooper,2024-10-26 22:14:15 +0200,2024-10-27 23:25:44 +0000,research,CC-BY-NC-SA,https://www.inaturalist.org/observations/249216902,https://inaturalist-open-data.s3.amazonaws.com/photos/445445902/medium.jpeg,,"2024, Leonabelle Turnbull Birding Center, Port Aransas, Tx",,2,0,false,,"Port Aransas, TX, USA",27.8277130866,-97.0807089077,167,,,,167,,open,false,,,Snowy Egret,Egretta thula,Garza dedos dorados,Aves,4940
249265707,94fe69b9-1696-492f-92ee-2cb4501da0bc,2020/09/26 2:34 PM,2020-09-26,2020-09-26 20:34:00 +0200,Eastern Time (US & Canada),5781621,bev435,,2024-10-27 03:25:03 +0000,2024-10-30 12:55:20 +0000,research,CC-BY-NC,https://www.inaturalist.org/observations/249265707,https://inaturalist-open-data.s3.amazonaws.com/photos/445550929/medium.jpeg,,"",,1,0,false,,"Life of the Marsh Nature Trail, 7206 National Seashore Ln, Berlin, MD 21811, USA",38.2067486,-75.1603105,189,,,,189,,open,false,,,Snowy Egret,Egretta thula,Garza dedos dorados,Aves,4940
249370981,0686d663-0b05-40e9-851b-1cc66bb80abb,2024/10/20 3:26 PM,2024-10-20,2024-10-21 00:26:00 +0200,Pacific Time (US & Canada),525243,billpalmer,Bill Palmer,2024-10-27 18:49:28 +0000,2025-05-17 02:54:42 +0200,research,CC-BY-NC,https://www.inaturalist.org/observations/249370981,https://inaturalist-open-data.s3.amazonaws.com/photos/445759140/medium.jpeg,,"","",2,0,false,,"Kit Carson Pk, 3333 Bear Valley Pkwy, Escondido, CA 92025, USA",33.0786677971,-117.0617445318,195,,,,195,,open,false,,,Snowy Egret,Egretta thula,Garza dedos dorados,Aves,4940
249437273,1fda79ca-fd8b-4ed1-ada4-2c24bccc2fca,2024-10-27 14:46:00-06:00,2024-10-27,2024-10-27 20:46:00 +0000,Mexico City,4711992,marcelo-87,Marcelo Gutierrez,2024-10-28 02:20:13 +0000,2024-10-30 02:34:52 +0000,research,,https://www.inaturalist.org/observations/249437273,https://static.inaturalist.org/photos/445891690/medium.jpeg,,"","",2,0,false,3,"Bosque de Chapultepec Segunda Seccion, Miguel Hidalgo, CDMX, MX",19.4110846867,-99.2008439248,52,,,,52,,open,false,,,Egretta thula,Egretta thula,Garza dedos dorados,Aves,4940
249550405,ea32396b-3dc4-4749-acf4-a5e718bdd5ba,2024-10-05 08:59:36,2024-10-05,2024-10-05 16:59:36 +0200,Mexico City,1524007,alvaro_atrogularis,Alvaro Rojas (brújula de aves),2024-10-28 21:26:19 +0000,2024-10-30 02:25:45 +0000,research,CC-BY-NC,https://www.inaturalist.org/observations/249550405,https://inaturalist-open-data.s3.amazonaws.com/photos/446114855/medium.jpeg,,"",,1,0,false,2,"Nuevo San Juan, 76806 San Juan del Río, Qro., México",20.3890605172,-99.9651360512,15,,,,15,,open,false,gps,gps,Garza dedos dorados,Egretta thula,Garza dedos dorados,Aves,4940
249796835,1309d93d-3922-4ed3-ba28-79f7d5e0c32d,2024-04-17 12:16:39-04:00,2024-04-17,2024-04-17 18:16:39 +0200,Central Time (US & Canada),8523996,natemiller02,Nathan Miller,2024-10-30 19:56:05 +0000,2024-11-26 21:42:55 +0000,research,,https://www.inaturalist.org/observations/249796835,https://static.inaturalist.org/photos/446609697/medium.jpeg,,"","",1,0,false,3,"Bolivar Peninsula, Port Bolivar, TX, US",29.3707600062,-94.75018,500,,,,500,,open,false,,,Snowy Egret,Egretta thula,Garza dedos dorados,Aves,4940
249950277,72a339ad-15d6-4ef5-b6de-5dc4c2e190ac,2016/12/25 5:34 PM,2016-12-25,2016-12-25 22:34:00 +0000,Eastern Time (US & Canada),3453019,kingmush,JeffreyGammon,2024-11-01 00:44:51 +0000,2024-11-01 09:12:04 +0000,research,CC-BY-NC,https://www.inaturalist.org/observations/249950277,https://inaturalist-open-data.s3.amazonaws.com/photos/446908603/medium.jpeg,,"kingmush, 2016, Florida, United States, USA, North America, December",HISTORIC PHOTOS.,1,0,false,,"Brevard County, FL, USA",28.6814479323,-80.7569310798,2133,,,,2133,,open,false,,,Snowy Egret,Egretta thula,Garza dedos dorados,Aves,4940
250225037,7bd23b2c-9526-438f-9e9c-0280c57abd44,2024/11/02 11:21 AM,2024-11-02,2024-11-02 18:21:00 +0000,Pacific Time (US & Canada),1263262,sessilefielder,Eric Johnson,2024-11-03 01:09:57 +0000,2025-04-09 04:40:52 +0200,research,CC-BY-NC,https://www.inaturalist.org/observations/250225037,https://inaturalist-open-data.s3.amazonaws.com/photos/447462882/medium.jpeg,,"",,1,0,false,,"Newport Beach, CA, USA",33.5984486196,-117.8821997879,,,,,,,open,false,,,Snowy Egret,Egretta thula,Garza dedos dorados,Aves,4940
250304330,21510246-2014-4c00-9a51-878f9be3285b,2024/10/19 9:10 AM,2024-10-19,2024-10-19 18:10:00 +0200,Arizona,3416794,rjkno,,2024-11-03 16:05:45 +0000,2024-11-15 05:24:29 +0000,research,,https://www.inaturalist.org/observations/250304330,https://static.inaturalist.org/photos/447628391/medium.jpeg,,"",,1,0,false,,"Gilbert, AZ, USA",33.3608948844,-111.7329935735,619,,,,619,,open,false,,,Snowy Egret,Egretta thula,Garza dedos dorados,Aves,4940
250402420,b4772a70-f7eb-4206-a0fd-fe157482dcae,2024/11/03 11:44 AM,2024-11-03,2024-11-03 19:44:00 +0000,Pacific Time (US & Canada),3342,hfabian,Henry Fabian,2024-11-04 05:33:46 +0000,2024-11-07 04:09:41 +0000,research,CC0,https://www.inaturalist.org/observations/250402420,https://static.inaturalist.org/photos/447828461/medium.jpg,,"",,1,0,false,,"Emeryville, CA, USA",37.8403277325,-122.3139397943,15,,,,15,,open,false,,,Snowy Egret,Egretta thula,Garza dedos dorados,Aves,4940
250509129,a8e29aff-b01a-4633-98b8-259e7dd2678c,2024-11-04 07:05:00,2024-11-04,2024-11-04 13:05:00 +0000,America/Costa_Rica,5682024,antho2005,Anthony Ramírez Murillo,2024-11-05 01:06:09 +0000,2025-08-01 02:03:28 +0200,research,CC-BY-NC,https://www.inaturalist.org/observations/250509129,https://inaturalist-open-data.s3.amazonaws.com/photos/448042784/medium.jpeg,,"",,1,0,false,2,"Las Horquetas, Heredia, Sarapiquí, Costa Rica",10.3987239116,-83.9687512815,52,,,,52,,open,false,gps,gps,Garza dedos dorados,Egretta thula,Garza dedos dorados,Aves,4940
250526509,2be90abb-e1cf-4456-9037-5d4bad0a1f9b,2023/12/17 10:46 AM,2023-12-17,2023-12-17 17:46:00 +0000,Arizona,774402,wildmushroom,,2024-11-05 04:55:58 +0000,2025-12-24 17:50:54 +0000,research,,https://www.inaturalist.org/observations/250526509,https://static.inaturalist.org/photos/448077989/medium.jpeg,,"",,3,0,false,,"Laguna Park The Dobson Association, 2455 W Laguna Azul Ave, Mesa, AZ 85202, USA",33.3717511776,-111.8881532241,129,,,,129,,open,false,,,Snowy Egret,Egretta thula,Garza dedos dorados,Aves,4940
250631632,3626446a-2a30-4349-b062-9dc4fe57d2a8,2024-11-05 08:55:39,2024-11-05,2024-11-05 14:55:39 +0000,Mexico City,1684034,naomy_montiel_,Nao,2024-11-06 01:27:20 +0000,2025-02-24 04:25:11 +0000,research,CC-BY-NC,https://www.inaturalist.org/observations/250631632,https://inaturalist-open-data.s3.amazonaws.com/photos/448286274/medium.jpeg,,"",,3,0,false,2,"7WV3+75, Parque Ecológico de Xochimilco, Xochimilco, 16043 Ciudad de México, CDMX, México",19.2925964254,-99.0975718573,127,,,,127,,open,false,gps,gps,Garza dedos dorados,Egretta thula,Garza dedos dorados,Aves,4940
250714506,d64c550d-c939-43c8-991a-920715a3a15c,2024/11/06 9:59 AM,2024-11-06,2024-11-06 17:59:00 +0000,Pacific Time (US & Canada),168342,kccardif,kccardif,2024-11-06 20:18:23 +0000,2025-04-10 20:55:11 +0200,research,CC-BY-NC,https://www.inaturalist.org/observations/250714506,https://inaturalist-open-data.s3.amazonaws.com/photos/448455989/medium.jpeg,,"","",1,0,false,,"Famosa Slough, Point Loma Heights, San Diego, CA, USA",32.7515304208,-117.2284081188,61,,,,61,,open,false,,,Snowy Egret,Egretta thula,Garza dedos dorados,Aves,4940
251114967,5527771c-c55c-4d80-a409-1631086a74bf,2024/11/09 8:08 AM,2024-11-09,2024-11-09 16:08:00 +0000,Pacific Time (US & Canada),4235249,adirado,Alicia Di Rado,2024-11-10 02:38:19 +0000,2025-03-25 00:06:25 +0000,research,CC-BY-NC,https://www.inaturalist.org/observations/251114967,https://inaturalist-open-data.s3.amazonaws.com/photos/449254074/medium.jpg,,"",,3,0,false,,"Avocado Heights, CA, USA",34.0323619864,-118.0097518902,35,,,,35,,open,false,,,Snowy Egret,Egretta thula,Garza dedos dorados,Aves,4940
251201678,87c04812-6f7a-45e1-b5e1-2413a7a87e9c,2024-11-09 07:30:00,2024-11-09,2024-11-09 14:30:00 +0000,Mazatlan,6007051,hukar0508,HUGO REDONA,2024-11-10 18:17:53 +0000,2025-07-04 02:29:16 +0200,research,CC-BY-NC,https://www.inaturalist.org/observations/251201678,https://inaturalist-open-data.s3.amazonaws.com/photos/449426887/medium.jpeg,,"",,3,0,false,2,"23205 B.C.S., México",24.1086495546,-110.3532400355,441,,,,441,,open,false,gps,gps,Garza dedos dorados,Egretta thula,Garza dedos dorados,Aves,4940
251345235,f1b2c04e-be5e-467c-860e-19140a6a2d47,2024-11-11 12:44:59-05:00,2024-11-11,2024-11-11 17:44:59 +0000,Eastern Time (US & Canada),522377,joooom,,2024-11-11 19:07:39 +0000,2025-04-11 12:09:44 +0200,research,CC-BY,https://www.inaturalist.org/observations/251345235,https://inaturalist-open-data.s3.amazonaws.com/photos/449713132/medium.jpeg,,"","",1,0,false,3,"Circuit Rd, Nokomis, FL, US",27.122852471,-82.4684461586,59,,,,59,,open,false,,,Snowy Egret,Egretta thula,Garza dedos dorados,Aves,4940
251505612,95cf7e1f-d02e-4a85-a11b-20fdc99516fa,2022/06/03 6:19 PM,2022-06-03,2022-06-04 01:19:00 +0200,Central Time (US & Canada),8682872,tonygallucci,Tony Gallucci,2024-11-13 01:32:14 +0000,2025-04-11 15:54:30 +0200,research,,https://www.inaturalist.org/observations/251505612,https://static.inaturalist.org/photos/450031436/medium.jpeg,,"",,1,0,false,,"Freeport, TX 77541, USA",28.9079116667,-95.3473366667,,,,,,,open,false,,,Snowy Egret,Egretta thula,Garza dedos dorados,Aves,4940
251517827,5d029bb2-9279-412a-82a0-e558c35d63f2,2024/11/09 2:17 PM,2024-11-09,2024-11-09 22:17:00 +0000,Pacific Time (US & Canada),4030693,jmillsand,Jonathan Mills-Anderson,2024-11-13 04:06:18 +0000,2025-04-11 16:11:46 +0200,research,CC0,https://www.inaturalist.org/observations/251517827,https://inaturalist-open-data.s3.amazonaws.com/photos/450054941/medium.jpeg,,"",,1,0,false,,"San Joaquin Marsh, Irvine, CA 92612, USA",33.6628381703,-117.8424267978,5,,,,5,,open,false,,,Snowy Egret,Egretta thula,Garza dedos dorados,Aves,4940
251520168,174c8f96-1c8b-4e62-b39d-ad5bc1f8fea3,2024-11-12 17:17:00-06:00,2024-11-12,2024-11-12 23:17:00 +0000,Mexico City,8447873,alondre,,2024-11-13 04:34:09 +0000,2024-11-25 01:41:25 +0000,research,CC-BY-NC,https://www.inaturalist.org/observations/251520168,https://inaturalist-open-data.s3.amazonaws.com/photos/450060537/medium.jpeg,,"","",2,0,false,3,"Puerto Vallarta, Jal., MX",20.7367713638,-105.2236213405,43650,,,,43650,,open,false,,,Garza dedos dorados,Egretta thula,Garza dedos dorados,Aves,4940
251600651,d46a93e4-a1db-41fa-b209-f12dd50f983d,2024-11-13 10:33:53-08:00,2024-11-13,2024-11-13 18:33:53 +0000,Pacific Time (US & Canada),1065472,anniebeez,Annie Bosel,2024-11-13 22:12:58 +0000,2024-11-14 16:01:43 +0000,research,,https://www.inaturalist.org/observations/251600651,https://static.inaturalist.org/photos/450216570/medium.jpeg,,"","",1,0,false,3,"Greenlake Dr, Sunnyvale, CA, US",37.3976383333,-122.0092861167,15,,,,15,,open,false,,,Snowy Egret,Egretta thula,Garza dedos dorados,Aves,4940
251735212,c4406f51-7428-486e-b051-8ed08e80bc44,2024/10/12 10:50 AM,2024-10-12,2024-10-12 19:50:00 +0200,Pacific Time (US & Canada),3407564,ken_mateik,Ken Mateik,2024-11-15 04:16:29 +0000,2024-11-15 04:43:01 +0000,research,CC-BY-NC,https://www.inaturalist.org/observations/251735212,https://inaturalist-open-data.s3.amazonaws.com/photos/450488096/medium.jpg,,Photo,A lone Snowy Egret also joined the mixed group of Western and Least Sandpipers resting on the dead-fallen tree in the flooded field area on the West side of the gravel road that heads to the South to more of the Huichica Creek Unit of the Napa-Sonoma Marshes Wildlife Area. This was a Sacramento Audubon led Field Trip. ,1,0,false,,"Napa County, CA, USA",38.20737204,-122.33262086,61,,,,61,,open,false,,,Snowy Egret,Egretta thula,Garza dedos dorados,Aves,4940
251859088,b4cab57f-498e-4728-8753-7f6ddaaa31e2,2024-11-15 11:03:42,2024-11-15,2024-11-15 17:03:42 +0000,Mexico City,8762379,playol,Oliver,2024-11-16 08:06:55 +0000,2024-11-16 18:05:14 +0000,research,CC-BY-NC,https://www.inaturalist.org/observations/251859088,https://inaturalist-open-data.s3.amazonaws.com/photos/450739391/medium.jpeg,,"",,1,0,false,2,"Bosque de Chapultepec II Secc, 11100 Ciudad de México, CDMX, México",19.4194596495,-99.2004858702,8,,,,8,,open,false,gps,gps,Garza dedos dorados,Egretta thula,Garza dedos dorados,Aves,4940
251874903,0f02ba8a-115f-4b56-a7c6-59afff1261c8,2024-11-16 07:09:18-05:00,2024-11-16,2024-11-16 12:09:18 +0000,Eastern Time (US & Canada),7575742,ryan_desutter,Ryan DeSutter,2024-11-16 12:10:47 +0000,2025-04-12 02:08:46 +0200,research,CC-BY-NC,https://www.inaturalist.org/observations/251874903,https://inaturalist-open-data.s3.amazonaws.com/photos/450770191/medium.jpeg,,"",Tricolored heron present in background. ,1,0,false,3,"Sabal Ridge Cir, Palm Beach Gardens, FL, US",26.850764371,-80.106045473,23,,,,23,,open,false,,,Snowy Egret,Egretta thula,Garza dedos dorados,Aves,4940
251949852,68e1ec6c-ae5f-455d-ac7b-795aafdcff87,2024-11-15 16:32:55-08:00,2024-11-15,2024-11-16 00:32:55 +0000,Pacific Time (US & Canada),7857301,juliarose338,,2024-11-16 23:49:57 +0000,2024-11-28 05:04:43 +0000,research,,https://www.inaturalist.org/observations/251949852,https://static.inaturalist.org/photos/450916533/medium.jpeg,,"","",1,0,false,3,"Santa Barbara Channel, Montecito, CA, US",34.4171466667,-119.65097,4,,,,4,,open,false,,,Snowy Egret,Egretta thula,Garza dedos dorados,Aves,4940
252036046,baff5c80-838e-4772-bd5b-d525960fc69d,2024-11-16 12:32:14-08:00,2024-11-16,2024-11-16 20:32:14 +0000,Pacific Time (US & Canada),8390076,john-gallagher,John Gallagher,2024-11-17 16:52:14 +0000,2025-05-06 01:26:24 +0200,research,,https://www.inaturalist.org/observations/252036046,https://static.inaturalist.org/photos/451092788/medium.jpeg,,"","",1,0,false,3,"Don Edwards San Francisco Bay National Wildlife Refuge, San Jose, CA, US",37.430195,-121.9839383333,,,,,,,open,false,,,Snowy Egret,Egretta thula,Garza dedos dorados,Aves,4940
252204986,120bac1f-ab79-4537-bc83-d9b31fab6448,2024-11-18 07:05:03,2024-11-18,2024-11-18 11:05:03 +0000,America/Santo_Domingo,1401081,mreith,Martin Reith,2024-11-18 22:21:40 +0000,2025-05-07 01:41:06 +0200,research,CC-BY-NC,https://www.inaturalist.org/observations/252204986,https://static.inaturalist.org/photos/451431835/medium.jpeg,,"",,1,0,false,2,"Luperon, DO-PP, DO",19.8565833333,-70.79699,8,,,,8,,open,false,,,Egretta thula thula,Egretta thula thula,Garza chica,Aves,555704
252236418,79383af4-8bdf-448b-883f-6e68f36713bd,2024/11/11 3:07 PM,2024-11-11,2024-11-11 20:07:00 +0000,Eastern Time (US & Canada),943445,tkoosman,Toby Koosman,2024-11-19 04:16:02 +0000,2025-04-12 10:12:09 +0200,research,CC-BY-NC,https://www.inaturalist.org/observations/252236418,https://inaturalist-open-data.s3.amazonaws.com/photos/451496330/medium.jpeg,,"",,1,0,false,,"Port Royal, SC, USA",32.3820616667,-80.6894066667,,,,,,,open,false,,,Snowy Egret,Egretta thula,Garza dedos dorados,Aves,4940
252317282,00b17a58-75f5-4ad5-8ea4-682e8266bda0,2024/11/18 1:46 PM,2024-11-18,2024-11-18 21:46:00 +0000,Pacific Time (US & Canada),1807929,gregslak,"",2024-11-19 21:03:11 +0000,2025-02-25 18:21:26 +0000,research,CC-BY-NC,https://www.inaturalist.org/observations/252317282,https://inaturalist-open-data.s3.amazonaws.com/photos/451653706/medium.jpeg,,"","What appears to be a gigantic Snowy Egret is actually just standing next to a surprisingly realistic toy car.  Believe it or not, this is an actual non-altered photograph taken from across the LA River in Frogtown.",3,0,false,,"Northeast Los Angeles, Los Angeles, CA, USA",34.0956272772,-118.239182076,15,,,,15,,open,false,,,Snowy Egret,Egretta thula,Garza dedos dorados,Aves,4940
252340973,b93838fe-6ecf-48f2-8abe-1a7160874262,2021-05-22 17:43:28-04:00,2021-05-22,2021-05-22 23:43:28 +0200,Eastern Time (US & Canada),1588576,epaciotta,,2024-11-20 01:36:54 +0000,2024-11-20 01:45:49 +0000,research,CC-BY-NC,https://www.inaturalist.org/observations/252340973,https://inaturalist-open-data.s3.amazonaws.com/photos/451703876/medium.jpeg,,"","",1,0,false,3,"Clearwater Beach Island, Clearwater, FL, US",27.9768133333,-82.82547,31,,,,31,,open,false,,,Snowy Egret,Egretta thula,Garza dedos dorados,Aves,4940
252343499,0248cb58-0971-4481-9726-f36695542c14,2024/11/19 11:48 AM,2024-11-19,2024-11-19 16:48:00 +0000,Eastern Time (US & Canada),536155,cathybester,Cathy Bester,2024-11-20 02:08:40 +0000,2024-11-20 02:15:05 +0000,research,CC-BY-NC,https://www.inaturalist.org/observations/252343499,https://inaturalist-open-data.s3.amazonaws.com/photos/451709424/medium.jpg,,"",,1,0,false,,"Orlando Wetlands, 25155 Wheeler Rd, Christmas, FL 32709, USA",28.5693567,-80.9966412,197,,,,197,,open,false,,,Snowy Egret,Egretta thula,Garza dedos dorados,Aves,4940
252351272,8f497a81-dd23-49b5-9a1c-0a55cdea0d67,2024-11-19 11:02:05-08:00,2024-11-19,2024-11-19 19:02:05 +0000,Pacific Time (US & Canada),1065472,anniebeez,Annie Bosel,2024-11-20 03:48:29 +0000,2024-11-29 01:42:23 +0000,research,,https://www.inaturalist.org/observations/252351272,https://static.inaturalist.org/photos/451725854/medium.jpeg,,"","",1,0,false,3,"Greenlake Dr, Sunnyvale, CA, US",37.39988,-122.0085916667,4,,,,4,,open,false,,,Snowy Egret,Egretta thula,Garza dedos dorados,Aves,4940
252646944,7f2c3fa4-5ed6-4e50-bb8c-57a27c583741,2024-11-22 16:21:54-06:00,2024-11-22,2024-11-22 22:21:54 +0000,Central Time (US & Canada),8764622,marissa_current,,2024-11-22 22:22:02 +0000,2025-04-12 18:51:01 +0200,research,CC-BY-NC,https://www.inaturalist.org/observations/252646944,https://inaturalist-open-data.s3.amazonaws.com/photos/452301617/medium.jpeg,,"","",1,0,false,3,"Boardwalk Ave, Corpus Christi, TX, US",27.6708178378,-97.3814225894,78,,,,78,,open,false,,,Snowy Egret,Egretta thula,Garza dedos dorados,Aves,4940
253313890,1197bded-5ded-4b85-b303-fe912ec4d856,2024-11-16 15:54:24-08:00,2024-11-16,2024-11-16 23:54:24 +0000,Pacific Time (US & Canada),8644772,antoniof05,,2024-11-27 18:56:17 +0000,2024-11-28 06:34:04 +0000,research,CC-BY-NC,https://www.inaturalist.org/observations/253313890,https://inaturalist-open-data.s3.amazonaws.com/photos/453543676/medium.jpeg,,"","",1,0,false,3,"Santa Barbara Channel, CA, US",34.3726916667,-119.4771416667,3,,,,3,,open,false,,,Snowy Egret,Egretta thula,Garza dedos dorados,Aves,4940
253482626,b992e43c-281b-4926-a545-fd0914d7ed9e,2007/02/26 9:36 AM,2007-02-26,2007-02-26 17:36:00 +0000,Pacific Time (US & Canada),6676459,packwood40,Donald L Packwood,2024-11-29 06:04:56 +0000,2024-11-29 13:05:56 +0000,research,CC-BY-NC,https://www.inaturalist.org/observations/253482626,https://inaturalist-open-data.s3.amazonaws.com/photos/453882838/medium.jpg,,"",Snowy Egret with its eye on a Bluegill.,1,0,false,,"Los Gatos, CA, USA",37.2447983301,-121.9672898345,31,,,,31,,open,false,,,Snowy Egret,Egretta thula,Garza dedos dorados,Aves,4940
253584751,3c2bf067-b927-49ff-8abe-ff03fd28fbbc,2024/11/29 11:54 AM,2024-11-29,2024-11-29 16:54:00 +0000,Eastern Time (US & Canada),6834255,rbeaver,,2024-11-30 03:17:17 +0000,2025-04-13 14:24:37 +0200,research,CC-BY-NC,https://www.inaturalist.org/observations/253584751,https://inaturalist-open-data.s3.amazonaws.com/photos/454083654/medium.jpeg,,"",,1,0,false,,"New Hanover County, NC, USA",33.9603825566,-77.9249587407,159,,,,159,,open,false,,,Snowy Egret,Egretta thula,Garza dedos dorados,Aves,4940
253704110,075f87a2-2f1e-4a7d-b910-69c511164dc1,2024/11/30 1:27 PM,2024-11-30,2024-11-30 21:27:00 +0000,Pacific Time (US & Canada),3280916,mosesaubrey,Moses Aubrey,2024-12-01 03:02:30 +0000,2025-08-02 06:46:54 +0200,research,CC-BY-NC,https://www.inaturalist.org/observations/253704110,https://inaturalist-open-data.s3.amazonaws.com/photos/454315651/medium.jpeg,,"",Anyone know whats underneath its bill?,2,0,false,,"Orange County, CA, USA",33.6963227887,-118.04554326,247,,,,247,,open,false,,,Snowy Egret,Egretta thula,Garza dedos dorados,Aves,4940
253707175,aa5a9232-5915-4ff9-ada3-e6bdc667c12c,2024-11-11 13:18:28-05:00,2024-11-11,2024-11-11 18:18:28 +0000,Eastern Time (US & Canada),1206120,willwatts4519,William Watts,2024-12-01 03:34:51 +0000,2024-12-03 22:23:28 +0000,research,,https://www.inaturalist.org/observations/253707175,https://static.inaturalist.org/photos/454327162/medium.jpeg,,"","",3,0,false,3,"Florida Keys Aquarium Encounters, Marathon, FL, US",24.7306716667,-81.0310055,26,,,,26,,open,false,,,Snowy Egret,Egretta thula,Garza dedos dorados,Aves,4940
254074193,033bcecc-bec7-41a3-bf4f-96bae75768ad,2024-12-01 10:59:09,2024-12-01,2024-12-01 18:59:09 +0000,Pacific Time (US & Canada),14118,kensanfran,Ken McGary,2024-12-04 04:48:43 +0000,2025-04-14 04:06:21 +0200,research,CC-BY-NC,https://www.inaturalist.org/observations/254074193,https://inaturalist-open-data.s3.amazonaws.com/photos/455019232/medium.jpeg,,"","",1,0,false,,"Los Osos, Baywood-Los Osos, CA 93402, USA",35.32224,-120.842083,,,,,,,open,false,,,Snowy Egret,Egretta thula,Garza dedos dorados,Aves,4940
254121102,443e305a-2a13-4c65-bf65-f282207c5c2c,2024/11/07 12:16 PM,2024-11-07,2024-11-07 20:16:00 +0000,Pacific Time (US & Canada),6978309,kaydeesky,Karen Skelton,2024-12-04 17:33:13 +0000,2025-01-28 20:34:47 +0000,research,CC-BY-NC,https://www.inaturalist.org/observations/254121102,https://inaturalist-open-data.s3.amazonaws.com/photos/455112491/medium.jpeg,,"",,1,0,false,,"Cosumnes River Preserve, 13501 Franklin Blvd, Galt, CA 95690, USA",38.2657318,-121.43927,169,,,,169,,open,false,,,Snowy Egret,Egretta thula,Garza dedos dorados,Aves,4940
254325959,c49ff4fe-edf1-4c37-a785-5d82031961b8,2024/11/16 10:43 AM,2024-11-16,2024-11-16 15:43:00 +0000,Eastern Time (US & Canada),8818343,eggstatic101,Haley King,2024-12-06 19:30:26 +0000,2024-12-06 20:48:21 +0000,research,CC-BY-NC,https://www.inaturalist.org/observations/254325959,https://inaturalist-open-data.s3.amazonaws.com/photos/455467600/medium.jpeg,,"","I like these pictures a lot, he jump",1,0,false,,"Orange County, FL, USA",28.5749227541,-80.9919079486,23,,,,23,,open,false,,,Snowy Egret,Egretta thula,Garza dedos dorados,Aves,4940
254470967,eb70e922-7a06-4bb9-97dc-d6907d46bf3c,2024/12/07 12:49 PM,2024-12-07,2024-12-07 20:49:00 +0000,Pacific Time (US & Canada),3274267,californiaredwood,,2024-12-08 03:46:10 +0000,2026-01-06 08:34:51 +0000,research,CC-BY-NC,https://www.inaturalist.org/observations/254470967,https://inaturalist-open-data.s3.amazonaws.com/photos/455813916/medium.jpeg,,"",,1,0,false,,"Seal Slough, San Mateo, CA, USA",37.55113395,-122.2844318252,349,,,,349,,open,false,,,Snowy Egret,Egretta thula,Garza dedos dorados,Aves,4940
254756549,cdfacdd4-cd40-41d4-b2d4-9ba8ebeb0dc5,2024/04/15 3:06 PM,2024-04-15,2024-04-15 22:06:00 +0200,Central Time (US & Canada),1045837,timthorington,Tim Thorington,2024-12-10 22:43:48 +0000,2024-12-11 00:27:58 +0000,research,CC-BY-NC,https://www.inaturalist.org/observations/254756549,https://inaturalist-open-data.s3.amazonaws.com/photos/456384386/medium.jpg,,"",,2,0,false,,"South Padre Island, TX 78597, USA",26.1118401,-97.1681257,3981,,,,3981,,open,false,,,Snowy Egret,Egretta thula,Garza dedos dorados,Aves,4940
254805481,fdac4175-75a1-4452-8a3d-d45a378bc116,2024/12/10 12:48 AM,2024-12-10,2024-12-10 05:48:00 +0000,Eastern Time (US & Canada),5566347,donm5d,,2024-12-11 12:34:58 +0000,2025-04-15 01:25:26 +0200,research,CC-BY-NC,https://www.inaturalist.org/observations/254805481,https://inaturalist-open-data.s3.amazonaws.com/photos/456488860/medium.jpeg,,"","",1,0,false,,"Clearwater Beach, Clearwater, FL, USA",27.972065,-82.8285877,5654,,,,5654,,open,false,,,Snowy Egret,Egretta thula,Garza dedos dorados,Aves,4940
254869009,3819da85-760e-4164-8d3f-5869d4d23c54,2024-06-07 8:51am,2024-06-07,2024-06-07 14:51:00 +0200,Eastern Time (US & Canada),70841,conuropsis,Andrew Block,2024-12-12 03:40:29 +0000,2024-12-19 03:23:55 +0000,research,CC-BY-NC,https://www.inaturalist.org/observations/254869009,https://inaturalist-open-data.s3.amazonaws.com/photos/456617251/medium.jpeg,,"",Seen at the rookery there.,1,0,false,,"Welcome Center Rookery, Ocean City, Cape May Co., NJ",39.288586,-74.58363,,,,,,,open,false,,,Snowy Egret,Egretta thula,Garza dedos dorados,Aves,4940
255005668,d9361c6c-f131-4384-8e7a-d5b1f24286bd,2024-12-13 14:09:49,2024-12-13,2024-12-13 19:09:49 +0000,Eastern Time (US & Canada),8376531,william3575,William Kennard,2024-12-13 19:10:08 +0000,2025-06-02 06:51:15 +0200,research,,https://www.inaturalist.org/observations/255005668,https://static.inaturalist.org/photos/456893636/medium.jpeg,,"",,3,0,false,2,"Juno Beach, FL 33408, USA",26.87119298,-80.05160517,8,,,,8,,open,false,,,Snowy Egret,Egretta thula,Garza dedos dorados,Aves,4940
255027808,e74a5964-2f2f-4102-a287-840543bd8dd1,2024-12-13 10:19:36,2024-12-13,2024-12-13 16:19:36 +0000,Monterrey,1539905,franciscogarcaloyola,Francisco García Loyola,2024-12-14 00:19:19 +0000,2025-02-14 23:43:17 +0000,research,CC-BY-NC,https://www.inaturalist.org/observations/255027808,https://inaturalist-open-data.s3.amazonaws.com/photos/456938522/medium.jpeg,,"",,2,0,false,2,"Sin Nombre de Col 9, Saltillo, Coah., México",25.4315037123,-100.9773159027,36,,,,36,,open,false,gps,gps,Garza dedos dorados,Egretta thula,Garza dedos dorados,Aves,4940
255202059,ac1f61f2-af24-4f5d-80de-10d8a14c59ac,2024/12/15 8:34 AM,2024-12-15,2024-12-15 14:34:00 +0000,Mexico City,42662,huatulco,Jon Church,2024-12-15 18:19:04 +0000,2024-12-15 23:55:09 +0000,research,CC-BY-NC-SA,https://www.inaturalist.org/observations/255202059,https://static.inaturalist.org/photos/457293568/medium.jpg,,"",,1,0,false,,"Santa María Huatulco, Oax., Mexico",15.7856116667,-96.0549966667,,,,,,,open,false,,,Snowy Egret,Egretta thula,Garza dedos dorados,Aves,4940
255232888,c0b19973-2ee9-48b7-b362-901f4d71c0a5,2024/12/15 10:02 AM,2024-12-15,2024-12-15 15:02:00 +0000,Eastern Time (US & Canada),767309,sj7,"",2024-12-15 23:34:46 +0000,2024-12-16 00:39:33 +0000,research,CC-BY-NC,https://www.inaturalist.org/observations/255232888,https://inaturalist-open-data.s3.amazonaws.com/photos/457354704/medium.jpg,,"",Spotted fishing alongside great blue heron and wood stork,1,0,false,,"Fish Hawk, Lithia, FL, USA",27.8378459326,-82.2301475651,128,,,,128,,open,false,,,Snowy Egret,Egretta thula,Garza dedos dorados,Aves,4940
255363375,8aff98b7-5895-4d15-89ea-9b907d884f6d,2024/12/16 10:10 AM,2024-12-16,2024-12-16 18:10:00 +0000,Pacific Time (US & Canada),986773,andrealikesbirds,Andrea Carpio,2024-12-17 04:42:31 +0000,2024-12-17 06:19:14 +0000,research,CC-BY-NC,https://www.inaturalist.org/observations/255363375,https://inaturalist-open-data.s3.amazonaws.com/photos/457618963/medium.jpg,,"",,2,0,false,,"Mesa Verde, Costa Mesa, CA, USA",33.6673197217,-117.937516945,,,,,,,open,false,,,Snowy Egret,Egretta thula,Garza dedos dorados,Aves,4940
255838922,6fca9bee-0b25-4920-bedb-6b0c47248d40,2024/12/12 12:02 PM,2024-12-12,2024-12-12 18:02:00 +0000,America/Belize,1939,apmckinlay,Andrew McKinlay,2024-12-22 04:31:24 +0000,2025-12-11 04:04:05 +0000,research,CC-BY,https://www.inaturalist.org/observations/255838922,https://inaturalist-open-data.s3.amazonaws.com/photos/458573145/medium.jpg,,"",,2,0,false,,"Belize District, Belize",17.507530825,-88.2657639083,,,,,,,open,false,,,Snowy Egret,Egretta thula,Garza dedos dorados,Aves,4940
255949331,d6e8ddf4-aa68-4727-b0bc-f1d18d112d47,2024-12-22 17:22:15-06:00,2024-12-22,2024-12-22 23:22:15 +0000,Central Time (US & Canada),7002234,tx_herper,Dayne Jordan,2024-12-23 03:19:54 +0000,2024-12-23 23:13:42 +0000,research,CC-BY-NC,https://www.inaturalist.org/observations/255949331,https://inaturalist-open-data.s3.amazonaws.com/photos/458784057/medium.jpg,,"","",2,0,false,3,"Lake Mark Kramer, Pasadena, TX, US",29.5776517451,-95.0683879004,14,,,,14,,open,false,,,Snowy Egret,Egretta thula,Garza dedos dorados,Aves,4940
255957510,5ab3e75e-c349-497b-a3c4-ab16c29231fd,2024-12-21 09:22:20,2024-12-21,2024-12-21 17:22:20 +0000,Pacific Time (US & Canada),5251031,ocmelissa,Melissa Pearson,2024-12-23 05:26:24 +0000,2024-12-23 15:19:55 +0000,research,CC-BY-NC,https://www.inaturalist.org/observations/255957510,https://inaturalist-open-data.s3.amazonaws.com/photos/458801141/medium.jpeg,,"",,1,0,false,2,"Newport Beach, CA 92657, USA",33.5798385,-117.8536509997,,,,,,,open,false,gps,gps,Snowy Egret,Egretta thula,Garza dedos dorados,Aves,4940
256343740,693626d2-044b-4cb8-8f0c-491de8c019a4,2024-12-26 17:20:44-07:00,2024-12-26,2024-12-27 00:20:44 +0000,Arizona,1634085,micoral,,2024-12-27 04:26:03 +0000,2025-04-17 02:21:09 +0200,research,CC-BY-NC,https://www.inaturalist.org/observations/256343740,https://inaturalist-open-data.s3.amazonaws.com/photos/459588217/medium.jpg,,"","",1,0,false,3,"Maricopa County, US-AZ, US",33.590661666,-111.9071596174,1,,,,28957,obscured,open,true,,,Snowy Egret,Egretta thula,Garza dedos dorados,Aves,4940
256347707,62100af7-84ff-4205-ae1f-6d72cb4eb462,2024-12-26 16:20:38-08:00,2024-12-26,2024-12-27 00:20:38 +0000,Pacific Time (US & Canada),767939,chrysaetos,Jorge Ayón,2024-12-27 05:26:03 +0000,2024-12-27 10:30:57 +0000,research,,https://www.inaturalist.org/observations/256347707,https://static.inaturalist.org/photos/459596852/medium.jpg,,"",Attempting to steal the Orcas’ fish. ,1,0,false,3,"SeaWorld San Diego, San Diego, CA, US",32.7645121564,-117.2287036814,6,,,,6,,open,false,,,Snowy Egret,Egretta thula,Garza dedos dorados,Aves,4940
256841996,f6c682b5-cfb9-472c-a230-5d0f2c2fc138,2024/12/29 4:40 PM,2024-12-29,2024-12-29 22:40:00 +0000,Central Time (US & Canada),1906701,vicki936,Vicki Miller,2024-12-31 03:47:46 +0000,2024-12-31 07:12:00 +0000,research,CC0,https://www.inaturalist.org/observations/256841996,https://inaturalist-open-data.s3.amazonaws.com/photos/460598550/medium.jpg,,"",,2,0,false,,"Reserve Wetlands, Clear Lake City, Houston, TX, USA",29.6125442842,-95.1276957927,220,,,,220,,open,false,,,Snowy Egret,Egretta thula,Garza dedos dorados,Aves,4940
256943469,0dcf8426-1788-419d-a6f1-ee9d5f629b8b,2024/08/02 6:55 PM,2024-08-02,2024-08-03 00:55:00 +0200,Indiana (East),4271570,nancylightfoot,"",2025-01-01 00:17:47 +0000,2025-03-27 02:22:32 +0000,research,CC-BY-NC,https://www.inaturalist.org/observations/256943469,https://inaturalist-open-data.s3.amazonaws.com/photos/460807707/medium.jpg,,"",,3,0,false,,"North Fork State Wildlife Refuge, Bloomington, IN 47401, USA",39.1118413,-86.3959473,442,,,,442,,open,false,,,Snowy Egret,Egretta thula,Garza dedos dorados,Aves,4940
256948595,6a28a88c-f4d8-4595-984a-89afe6224f6d,2024/12/31 1:33 PM,2024-12-31,2024-12-31 21:33:00 +0000,Pacific Time (US & Canada),18189,jzzipkin,Janet Zipser Zipkin,2025-01-01 01:15:19 +0000,2025-01-01 01:18:12 +0000,research,CC-BY-NC,https://www.inaturalist.org/observations/256948595,https://inaturalist-open-data.s3.amazonaws.com/photos/460813668/medium.jpeg,,"",,1,0,false,,"Marin County, CA, USA",38.0288513258,-122.51282701,260,,,,260,,open,false,,,Snowy Egret,Egretta thula,Garza dedos dorados,Aves,4940
257465144,36df7d2b-dbe5-46ea-ae30-5eff3e4fa4f1,2025/01/04 10:11 AM,2025-01-04,2025-01-04 17:11:00 +0000,Arizona,254546,varajuan,Gordon Karre,2025-01-05 12:51:27 +0000,2025-01-05 20:46:19 +0000,research,CC-BY-NC,https://www.inaturalist.org/observations/257465144,https://inaturalist-open-data.s3.amazonaws.com/photos/461869198/medium.jpg,,"",,2,0,false,,"Riparian Preserve at Water Ranch, 2757 E Guadalupe Rd, Gilbert, AZ 85234, USA",33.3643875,-111.7346927,192,,,,192,,open,false,,,Snowy Egret,Egretta thula,Garza dedos dorados,Aves,4940
257675161,c9cbbef5-0c39-41da-95df-bb326d524df8,2025/01/06 10:54 AM,2025-01-06,2025-01-06 17:54:00 +0000,Arizona,681802,dulceylima,Dulcey Lima,2025-01-07 06:12:22 +0000,2025-07-18 00:04:17 +0200,research,CC-BY,https://www.inaturalist.org/observations/257675161,https://inaturalist-open-data.s3.amazonaws.com/photos/462279011/medium.jpg,,"",,1,0,false,,"Sweetwater Wetlands Park, 2511 W Sweetwater Dr, Tucson, AZ 85745, USA",32.2796666,-111.0208989,192,,,,192,,open,false,,,Snowy Egret,Egretta thula,Garza dedos dorados,Aves,4940
257870880,5ab38502-f4c9-4363-8c72-5371a9e150fb,2025-01-04 10:19:19-08:00,2025-01-04,2025-01-04 18:19:19 +0000,Pacific Time (US & Canada),5228194,jilllingnell,Jill Lingnell,2025-01-08 23:03:36 +0000,2025-02-16 23:39:17 +0000,research,CC-BY-NC,https://www.inaturalist.org/observations/257870880,https://inaturalist-open-data.s3.amazonaws.com/photos/462594562/medium.jpg,,"","",1,0,false,3,"San Elijo Lagoon Ecological Reserve, Encinitas, CA, US",33.0117222167,-117.2742,4,,,,4,,open,false,,,Snowy Egret,Egretta thula,Garza dedos dorados,Aves,4940
257948136,70d2d6d7-dadb-4611-b86d-d0dd64c13427,2024/12/31 6:03 PM,2024-12-31,2025-01-01 02:03:00 +0000,Pacific Time (US & Canada),1496253,zoestephens,Zoe Stephens,2025-01-09 19:59:48 +0000,2025-04-11 19:00:26 +0200,research,CC-BY-NC,https://www.inaturalist.org/observations/257948136,https://inaturalist-open-data.s3.amazonaws.com/photos/462749372/medium.jpeg,,"",,1,0,false,,"Downtown, Pismo Beach, CA, USA",35.1419110696,-120.6464325413,2057,,,,2057,,open,false,,,Snowy Egret,Egretta thula,Garza dedos dorados,Aves,4940
258087226,401569ac-5a11-47e8-93c9-63de9d2e6a34,2024/12/17 12:49 PM,2024-12-17,2024-12-17 16:49:00 +0000,Puerto Rico,2316906,dondanko,Don Danko,2025-01-11 01:55:37 +0000,2025-01-11 15:28:49 +0000,research,,https://www.inaturalist.org/observations/258087226,https://static.inaturalist.org/photos/463000028/medium.jpg,,"",,1,0,false,,"Borinquen, Caguas 00725, Puerto Rico",18.1674744782,-66.0393327439,244,,,,244,,open,false,,,Snowy Egret,Egretta thula,Garza dedos dorados,Aves,4940
258090018,c2244a39-4708-4f1e-8564-5efea10fb1cd,2025-01-10 18:04:17,2025-01-10,2025-01-11 00:04:17 +0000,Mexico City,8839839,marsierra_,Mar,2025-01-11 02:34:41 +0000,2025-06-03 04:46:19 +0200,research,CC-BY-NC,https://www.inaturalist.org/observations/258090018,https://inaturalist-open-data.s3.amazonaws.com/photos/463006072/medium.jpeg,,"",,1,0,false,2,"Las Glorias, 48333 Puerto Vallarta, Jal., México",20.6307108384,-105.2329120785,16,,,,16,,open,false,,,Garza dedos dorados,Egretta thula,Garza dedos dorados,Aves,4940
258319610,0987d4ee-b2d8-4c4d-be44-87a05e2ea5ec,2025/01/11 9:36 AM,2025-01-11,2025-01-11 15:36:00 +0000,Mexico City,270397,panecillo,Jorge A. Pérez Torres,2025-01-13 00:30:17 +0000,2025-01-15 04:08:50 +0000,research,CC-BY-NC,https://www.inaturalist.org/observations/258319610,https://inaturalist-open-data.s3.amazonaws.com/photos/463435251/medium.jpeg,,"Animals, Birds, Blur judgement:Appropriate, Exposure judgement:Appropriate",,2,0,false,,"Parque Ecológico de Xochimilco, Ciudad de México, CDMX, México",19.2928171418,-99.0951581546,24,,,,24,,open,false,,,Garza dedos dorados,Egretta thula,Garza dedos dorados,Aves,4940
258338484,f7381532-6c51-4216-821a-8defef96e9da,2025-01-12 09:46:41-08:00,2025-01-12,2025-01-12 17:46:41 +0000,Pacific Time (US & Canada),6543441,seth_mueller,,2025-01-13 04:00:29 +0000,2025-04-12 04:49:59 +0200,research,CC-BY-NC,https://www.inaturalist.org/observations/258338484,https://inaturalist-open-data.s3.amazonaws.com/photos/463474757/medium.jpg,,"","",1,0,false,3,"Prado Regional Park, Chino, CA, US",33.9401195727,-117.6473986788,94,,,,94,,open,false,,,Snowy Egret,Egretta thula,Garza dedos dorados,Aves,4940
258374389,ad81b410-7e0e-43be-b51d-252c2dde28ff,2024/12/31 9:40 AM,2024-12-31,2024-12-31 17:40:00 +0000,Pacific Time (US & Canada),5864746,cjmatheson,,2025-01-13 14:31:40 +0000,2025-08-16 16:07:21 +0200,research,CC-BY-NC,https://www.inaturalist.org/observations/258374389,https://inaturalist-open-data.s3.amazonaws.com/photos/463549190/medium.jpg,,"",,2,0,false,,"Alameda, CA, USA",37.7673161995,-122.27575349,59,,,,59,,open,false,,,Snowy Egret,Egretta thula,Garza dedos dorados,Aves,4940
258381748,1327f5aa-3ba3-45e2-bc79-b4a41ca7a891,2025/01/05 10:37 AM,2025-01-05,2025-01-05 18:37:00 +0000,Pacific Time (US & Canada),6485705,decoyhedgehog,William Walker,2025-01-13 16:18:25 +0000,2025-04-12 05:46:56 +0200,research,CC-BY-NC,https://www.inaturalist.org/observations/258381748,https://inaturalist-open-data.s3.amazonaws.com/photos/463563437/medium.jpg,,"",,1,0,false,,"Orange County, CA, USA",33.698422572,-118.0456407295,50,,,,50,,open,false,,,Snowy Egret,Egretta thula,Garza dedos dorados,Aves,4940
258415947,abafee5a-12fb-472b-967d-a4e0b44e053b,2025/01/13 10:16 AM,2025-01-13,2025-01-13 18:16:00 +0000,Pacific Time (US & Canada),2380625,mooseandsquirrel,"",2025-01-13 23:28:34 +0000,2025-01-16 04:29:33 +0000,research,CC-BY-NC,https://www.inaturalist.org/observations/258415947,https://inaturalist-open-data.s3.amazonaws.com/photos/463632733/medium.jpeg,,"","Observed a presumed territorial skirmish between two Snowy Egrets after one entered the water where the first was hunting for food. A brief physical interaction ensued lasting less than one minute before one of the Egrets flew out of the immediate area in related
Observation https://www.inaturalist.org/observations/258416684",1,0,false,,"San Joaquin Marsh, Irvine, CA 92612, USA",33.6645817167,-117.8492837276,1,,,,1,,open,false,,,Snowy Egret,Egretta thula,Garza dedos dorados,Aves,4940
258673691,b2461b94-55e9-4738-9fe6-6d656db17d46,2025/01/15 05:22 PM,2025-01-15,2025-01-16 01:22:00 +0000,Pacific Time (US & Canada),25945,alan_rockefeller,Alan Rockefeller,2025-01-16 19:10:19 +0000,2025-02-10 18:53:10 +0000,research,CC-BY-SA,https://www.inaturalist.org/observations/258673691,https://inaturalist-open-data.s3.amazonaws.com/photos/464162844/medium.jpg,,"",,11,2,false,,"Berkeley, CA, USA",37.8705428254,-122.3076378808,3,,,,3,,open,false,,,Egretta thula,Egretta thula,Garza dedos dorados,Aves,4940
259011295,c691f4e6-23a4-4f53-a303-1ab23362be0e,2023/03/27 9:45 AM,2023-03-27,2023-03-27 16:45:00 +0200,Central Time (US & Canada),1529096,peggyrudman,Peggy Rudman,2025-01-20 01:40:00 +0000,2025-12-11 01:42:21 +0000,research,CC-BY-NC,https://www.inaturalist.org/observations/259011295,https://inaturalist-open-data.s3.amazonaws.com/photos/464847641/medium.jpg,,"LRGV., SPI, Snowy Egret, South Padre Island mudflats, TX",,3,0,false,,"7355 Padre Blvd, South Padre Island, TX 78597, USA",26.1410463,-97.1751285,179,,,,179,,open,false,,,Snowy Egret,Egretta thula,Garza dedos dorados,Aves,4940
259100166,c273899f-190c-43d8-95e9-2a34eeabef78,2010-08-01 05:30:00-04:00,2010-08-01,2010-08-01 11:30:00 +0200,Eastern Time (US & Canada),8889060,sonnyoutside,Sonny DePasquale,2025-01-20 23:04:52 +0000,2025-04-12 22:17:52 +0200,research,CC-BY-NC,https://www.inaturalist.org/observations/259100166,https://inaturalist-open-data.s3.amazonaws.com/photos/465030266/medium.jpg,,"",Snowy egret catching a meal,1,0,false,3,"North Atlantic Ocean, FL, US",27.3729487934,-80.2486839764,2774,,,,2774,,open,false,,,Snowy Egret,Egretta thula,Garza dedos dorados,Aves,4940
259359956,7ee338c5-c168-486c-bc1d-2a4c3dc9d07a,2025-01-23 08:44:18-08:00,2025-01-23,2025-01-23 16:44:18 +0000,Pacific Time (US & Canada),7767432,bluegrace,Grace E.,2025-01-23 19:12:59 +0000,2025-04-13 04:17:30 +0200,research,CC-BY-NC,https://www.inaturalist.org/observations/259359956,https://inaturalist-open-data.s3.amazonaws.com/photos/465560221/medium.jpg,,"","",1,0,false,3,"Merced, CA, US",37.363126,-120.426356,,,,,,,open,false,,,Snowy Egret,Egretta thula,Garza dedos dorados,Aves,4940
259506394,df1d93b2-647f-4dbc-8b3d-63afb900f0f5,2025/01/24 12:19 PM,2025-01-24,2025-01-24 17:19:00 +0000,Eastern Time (US & Canada),349183,joemdo,Joe MDO,2025-01-25 07:06:39 +0000,2025-01-26 03:13:55 +0000,research,CC-BY-NC,https://www.inaturalist.org/observations/259506394,https://inaturalist-open-data.s3.amazonaws.com/photos/465848311/medium.jpeg,,"","Spent about 8 hours on Loop Road bioblitzing for the 50th anniversary of Big Cypress BioBlitz. I recently moved to San Jose, CA but am back in Miami until February 20th for Everglades work and couldn't help but run over to Loop Road on this last day of the blitz. I landed in Miami on the 23rd at 11PM so I was a little late waking up and getting to Big Cypress!

I forgot to turn on my GPS for the first 45 minutes or so so I had to estimate the location based on when I turned my GPS on and the observations where I remember being near the homes at the east end.

Coolest find was an eastern diamondback, which I got very close to by mistake. It did not rattle but it did some loud breathing! Video here:
https://youtube.com/shorts/bi8S7FnXXfk

Project page here: https://www.inaturalist.org/projects/bicy-bioblitz-for-the-50th

All of my observations from my afternoon and evening in Big Cypress:
https://www.inaturalist.org/observations?on=2025-01-24&user_id=joemdo",2,0,false,,"Monroe County, FL, USA",25.7610978492,-80.8761771759,237,,,,237,,open,false,,,Snowy Egret,Egretta thula,Garza dedos dorados,Aves,4940
259780130,72c28e9f-93cb-4216-9105-b149c43d7843,2025-01-27 11:27:06-05:00,2025-01-27,2025-01-27 16:27:06 +0000,Eastern Time (US & Canada),6926367,festuca59,,2025-01-27 18:17:50 +0000,2025-02-05 01:38:23 +0000,research,CC-BY-NC,https://www.inaturalist.org/observations/259780130,https://inaturalist-open-data.s3.amazonaws.com/photos/466404422/medium.jpg,,"","",2,1,false,3,"Big Cypress National Preserve, Ochopee, FL, US",25.8899383333,-81.2701416667,18,,,,18,,open,false,,,Snowy Egret,Egretta thula,Garza dedos dorados,Aves,4940
260164525,bbb81b22-562a-44c3-ac22-60283a197338,2025/01/30 10:55 AM,2025-01-30,2025-01-30 16:55:00 +0000,Central Time (US & Canada),922298,antshrike1,Dan Jones,2025-01-31 16:10:39 +0000,2025-01-31 17:03:25 +0000,research,CC-BY-NC,https://www.inaturalist.org/observations/260164525,https://inaturalist-open-data.s3.amazonaws.com/photos/467162027/medium.jpeg,,"",,1,0,false,,"Delta Lake County Park, Hidalgo County, TX, USA",26.4135678157,-97.95839646,1516,,,,1516,,open,false,,,Snowy Egret,Egretta thula,Garza dedos dorados,Aves,4940
260302236,734c316a-1bbb-427b-8f9b-35134da1543c,2025/02/01 10:28 AM,2025-02-01,2025-02-01 18:28:00 +0000,Pacific Time (US & Canada),1005353,dkaralun,"",2025-02-01 21:09:55 +0000,2025-10-11 02:13:03 +0200,research,CC-BY-NC,https://www.inaturalist.org/observations/260302236,https://inaturalist-open-data.s3.amazonaws.com/photos/467437389/medium.jpg,,"",,2,0,false,,"San Diego County, CA, USA",33.3858705997,-117.5942534997,,,,,,,open,false,,,Snowy Egret,Egretta thula,Garza dedos dorados,Aves,4940
260443522,7c8da42a-d897-4b79-8e94-a8c80f13d43f,2025-01-28 14:27:35-08:00,2025-01-28,2025-01-28 22:27:35 +0000,Pacific Time (US & Canada),3163791,calochortus_kween,"",2025-02-02 23:58:57 +0000,2025-02-14 02:15:38 +0000,research,,https://www.inaturalist.org/observations/260443522,https://static.inaturalist.org/photos/467716389/medium.jpg,,"","",1,0,false,3,"Spinnaker Dr, Ventura, CA, US",34.2484583333,-119.2662966667,7,,,,7,,open,false,,,Snowy Egret,Egretta thula,Garza dedos dorados,Aves,4940
260744197,933f0132-d091-481c-ad35-6b004fac5f69,2025-02-05 13:31:35,2025-02-05,2025-02-05 21:31:35 +0000,Pacific Time (US & Canada),8033684,annalee58841,Annalee Nagami,2025-02-05 21:32:10 +0000,2025-04-14 13:29:26 +0200,research,,https://www.inaturalist.org/observations/260744197,https://static.inaturalist.org/photos/468306521/medium.jpeg,,"",,1,0,false,2,"Sunnyvale, CA 94089, USA",37.4118945978,-122.0207628233,5,,,,5,,open,false,,,Snowy Egret,Egretta thula,Garza dedos dorados,Aves,4940
260935545,c2713f36-7b7b-431e-86ba-9d9e324432b1,2024/03/01 6:04 PM,2024-03-01,2024-03-02 00:04:00 +0000,Central Time (US & Canada),1447753,johnrosford,John Rosford,2025-02-07 22:05:52 +0000,2025-02-07 23:55:05 +0000,research,CC0,https://www.inaturalist.org/observations/260935545,https://inaturalist-open-data.s3.amazonaws.com/photos/468686748/medium.jpg,,"",,2,0,false,,"Hidalgo County, TX, USA",26.1787888889,-98.3869861111,,,,,,,open,false,,,Snowy Egret,Egretta thula,Garza dedos dorados,Aves,4940
261065336,2cf1859e-70a9-4239-b5f8-23da287f7885,2024-12-19 12:10:09,2024-12-19,2024-12-19 18:10:09 +0000,Mexico City,8937266,pippa_oht,"",2025-02-09 01:29:39 +0000,2025-02-15 19:18:39 +0000,research,CC-BY-NC,https://www.inaturalist.org/observations/261065336,https://inaturalist-open-data.s3.amazonaws.com/photos/468945069/medium.jpeg,,"",,1,0,false,2,"Manzana 001, 50455 Atlacomulco de Fabela, Méx., México",19.7985916263,-99.8892228305,19,,,,19,,open,false,,,Garza dedos dorados,Egretta thula,Garza dedos dorados,Aves,4940
261761681,a8487a22-392f-45d5-9195-1ac5f919d29f,2025-02-15 12:22:56,2025-02-15,2025-02-15 20:22:56 +0000,Pacific Time (US & Canada),5631287,pjlong,,2025-02-15 20:23:22 +0000,2025-02-21 20:38:01 +0000,research,CC-BY-NC,https://www.inaturalist.org/observations/261761681,https://inaturalist-open-data.s3.amazonaws.com/photos/470331428/medium.jpeg,,"",,3,1,false,2,"Oakland, CA, USA",37.8094057271,-122.2625472554,4,,,,4,,open,false,,,Snowy Egret,Egretta thula,Garza dedos dorados,Aves,4940
261810993,00f4766b-95f3-49cb-bb8f-950645045e1d,2025-02-15 17:27:29-08:00,2025-02-15,2025-02-16 01:27:29 +0000,Pacific Time (US & Canada),6543441,seth_mueller,,2025-02-16 05:33:14 +0000,2025-05-14 06:28:47 +0200,research,CC-BY-NC,https://www.inaturalist.org/observations/261810993,https://inaturalist-open-data.s3.amazonaws.com/photos/470430826/medium.jpg,,"","",1,0,false,3,"Brawley, CA, US",33.0845371099,-115.7096909988,158,,,,158,,open,false,,,Snowy Egret,Egretta thula,Garza dedos dorados,Aves,4940
261940568,37a8b950-1360-49fc-a7f0-9c2f3613a9ff,2024-08-06 10:37:03,2024-08-06,2024-08-06 18:37:03 +0200,Mountain Time (US & Canada),8512480,lhphone,"",2025-02-17 03:48:30 +0000,2025-10-11 23:09:54 +0200,research,CC-BY-NC,https://www.inaturalist.org/observations/261940568,https://inaturalist-open-data.s3.amazonaws.com/photos/470678888/medium.jpeg,,"",,2,0,false,2,"Scenic Heights, Arvada, CO, USA",39.8250425716,-105.0996140018,48,,,,48,,open,false,,,Snowy Egret,Egretta thula,Garza dedos dorados,Aves,4940
262110680,f19b6707-a6b4-4c0b-9b22-d5dff6073686,2025-01-03 14:17:22,2025-01-03,2025-01-03 19:17:22 +0000,Eastern Time (US & Canada),6533850,flwgt07,Fabrice Guiot,2025-02-18 11:24:53 +0000,2025-04-16 08:57:33 +0200,research,,https://www.inaturalist.org/observations/262110680,https://static.inaturalist.org/photos/470962433/medium.jpeg,,"",,1,0,false,2,"Fort Pulaski National Monument, Tybee Island, GA 31328, USA",32.0271934921,-80.8904926479,396,,,,396,,open,false,gps,gps,Snowy Egret,Egretta thula,Garza dedos dorados,Aves,4940
262276910,535018df-e826-4a63-aac1-3b0758bf6556,2025/02/17 11:31 AM,2025-02-17,2025-02-17 17:31:00 +0000,America/Merida,1591410,moorsj,,2025-02-19 15:33:30 +0000,2026-02-04 01:16:28 +0000,research,CC-BY-NC,https://www.inaturalist.org/observations/262276910,https://inaturalist-open-data.s3.amazonaws.com/photos/471193913/medium.jpg,,"",,4,0,false,,"Celestún Municipality, Yucatan, Mexico",20.9227766947,-90.3453870859,244,,,,244,,open,false,,,Snowy Egret,Egretta thula,Garza dedos dorados,Aves,4940
262369896,17d4a0ae-4d59-4baf-9810-85c1212f3ac5,2025-02-09,2025-02-09,,Pacific Time (US & Canada),5286668,svetab_wildlife,Sveta Barabanschikova,2025-02-20 11:37:45 +0000,2025-04-16 14:07:09 +0200,research,,https://www.inaturalist.org/observations/262369896,https://static.inaturalist.org/photos/471358783/medium.jpeg,,"",,1,0,false,2,"Виллидж оф Ла-Хойя, Сан-Диего, Калифорния 92037, США",32.8503895366,-117.2729436681,212,,,,212,,open,false,,,Белая американская цапля,Egretta thula,Garza dedos dorados,Aves,4940
262739188,737a8609-0b37-49df-9a80-33b4981b8c45,2025/02/22 10:37 AM,2025-02-22,2025-02-22 15:37:00 +0000,Eastern Time (US & Canada),8593711,humblegecko,"",2025-02-22 21:37:59 +0000,2025-03-25 22:50:53 +0000,research,,https://www.inaturalist.org/observations/262739188,https://static.inaturalist.org/photos/471867147/medium.jpg,,"",,1,0,false,,"Emerson Point Preserve, Palmetto, Florida",27.5328758,-82.6258339,204,,,,204,,open,false,,,Snowy Egret,Egretta thula,Garza dedos dorados,Aves,4940
262822851,6295c0b0-8e44-422b-8105-a9bd597af563,2025-02-18 11:54:57-08:00,2025-02-18,2025-02-18 19:54:57 +0000,Mazatlan,861881,chilipossum,Cricket Raspet,2025-02-23 15:51:51 +0000,2025-04-20 21:10:42 +0200,research,CC-BY,https://www.inaturalist.org/observations/262822851,https://inaturalist-open-data.s3.amazonaws.com/photos/472039812/medium.jpg,,"","",3,0,false,3,"El Vizcaino Biosphere Reserve, Mulegé, B.C.S., MX",27.972952234,-114.0606648979,429,,,,429,,open,false,,,Snowy Egret,Egretta thula,Garza dedos dorados,Aves,4940
262882081,b77f8ca8-92f8-4b51-9b97-63431a514e71,2025/02/23 10:33 AM,2025-02-23,2025-02-23 16:33:00 +0000,Central Time (US & Canada),4504258,dontfencemein,,2025-02-24 00:28:56 +0000,2025-02-24 05:50:30 +0000,research,CC-BY-NC,https://www.inaturalist.org/observations/262882081,https://inaturalist-open-data.s3.amazonaws.com/photos/472157067/medium.jpg,,"","ID is for white egret at left.
Egret and heron seemed to be buddies-- they took off together, flew together, and landed at the same spot. GB seemed to be leading the way (last photo).",3,0,false,,"Arena District, San Antonio, TX, USA",29.4310639572,-98.4189071915,332,,,,332,,open,false,,,Snowy Egret,Egretta thula,Garza dedos dorados,Aves,4940
262891185,87c5b426-4612-491c-adab-f2973ca19ffc,2025-02-19 10:35:44-08:00,2025-02-19,2025-02-19 18:35:44 +0000,Pacific Time (US & Canada),6219243,whitneybarnett20,Whitney,2025-02-24 02:04:41 +0000,2025-04-17 04:58:20 +0200,research,CC-BY-NC,https://www.inaturalist.org/observations/262891185,https://inaturalist-open-data.s3.amazonaws.com/photos/472176321/medium.jpg,,"","",1,0,false,3,"Santa Barbara Channel, Carpinteria, CA, US",34.3877866667,-119.51628,4,,,,4,,open,false,,,Snowy Egret,Egretta thula,Garza dedos dorados,Aves,4940
262976190,d859aad3-6da2-4d73-a047-64885f9e53aa,2025/02/23 12:07 PM,2025-02-23,2025-02-23 18:07:00 +0000,Central Time (US & Canada),18812,mako252,Jon McIntyre,2025-02-24 20:39:45 +0000,2025-02-28 22:04:40 +0000,research,CC-BY-NC,https://www.inaturalist.org/observations/262976190,https://inaturalist-open-data.s3.amazonaws.com/photos/472343919/medium.jpeg,,"",,4,0,false,,"Port Aransas, TX, USA",27.838273537,-97.0760163995,2,,,,2,,open,false,,,Snowy Egret,Egretta thula,Garza dedos dorados,Aves,4940
262983582,b4d59c8b-3d64-47c6-bf8a-be4fa7aa913d,2025-02-07 12:50:23-05:00,2025-02-07,2025-02-07 17:50:23 +0000,Eastern Time (US & Canada),8923793,haynes_a_009,,2025-02-24 21:54:38 +0000,2025-03-13 21:58:51 +0000,research,CC-BY-NC,https://www.inaturalist.org/observations/262983582,https://inaturalist-open-data.s3.amazonaws.com/photos/472358467/medium.jpg,,"","",2,0,false,3,"University of South Florida, Tampa, FL, US",28.0671888333,-82.4111416667,21,,,,21,,open,false,,,Snowy Egret,Egretta thula,Garza dedos dorados,Aves,4940
262992623,aacd0d72-bdd3-4250-a5df-f026477a19b9,2025-02-24 10:39:34-08:00,2025-02-24,2025-02-24 18:39:34 +0000,Pacific Time (US & Canada),8972609,oceanexplorerloro,,2025-02-24 23:29:55 +0000,2025-02-25 00:38:08 +0000,research,CC-BY-NC,https://www.inaturalist.org/observations/262992623,https://inaturalist-open-data.s3.amazonaws.com/photos/472376835/medium.jpg,,"",Wasn’t very approachable but held still until it flew away. Their necks retract when they are uncomfortable and they fly far over the sea ,1,0,false,3,"Newport Pier, Newport Beach, CA, US",33.6058666667,-117.9311666667,3,,,,3,,open,false,,,Snowy Egret,Egretta thula,Garza dedos dorados,Aves,4940
263016919,b30c2180-af0a-4f1e-b98d-7abee4614221,2025-02-24 14:21:48-07:00,2025-02-24,2025-02-24 21:21:48 +0000,Pacific Time (US & Canada),19971,geodani,George Chrisman,2025-02-25 04:04:25 +0000,2025-03-03 04:40:03 +0000,research,CC-BY-NC,https://www.inaturalist.org/observations/263016919,https://inaturalist-open-data.s3.amazonaws.com/photos/472424785/medium.jpg,,"","",3,0,false,3,"San Francisco Bay, Foster City, CA, US",37.5642528119,-122.2495896015,8,,,,8,,open,false,,,Snowy Egret,Egretta thula,Garza dedos dorados,Aves,4940
263019299,1e576b65-6873-4eaa-9179-c48cf4471af5,2025-02-24 17:08:56,2025-02-24,2025-02-25 01:08:56 +0000,Pacific Time (US & Canada),4371401,sh0nf0x,Sean,2025-02-25 04:49:21 +0000,2025-04-17 07:56:21 +0200,research,,https://www.inaturalist.org/observations/263019299,https://static.inaturalist.org/photos/472429469/medium.jpeg,,"",,1,0,false,2,"Playa Del Rey, Los Angeles, CA, USA",33.96334,-118.4523233333,,,,,,,open,false,gps,gps,Snowy Egret,Egretta thula,Garza dedos dorados,Aves,4940
263072412,78f54530-efa1-4603-baad-baf2cfb272e4,2025/01/27 11:00 AM,2025-01-27,2025-01-27 19:00:00 +0000,Pacific Time (US & Canada),6978309,kaydeesky,Karen Skelton,2025-02-25 18:10:15 +0000,2025-04-17 09:06:19 +0200,research,CC-BY-NC,https://www.inaturalist.org/observations/263072412,https://inaturalist-open-data.s3.amazonaws.com/photos/472536217/medium.jpeg,,"",,1,0,false,,"Mather Regional Park, 4111 Old Eagle's Nest Road, Mather, CA 95655, USA",38.5569758,-121.2595373,188,,,,188,,open,false,,,Snowy Egret,Egretta thula,Garza dedos dorados,Aves,4940
263097755,403050c8-9a09-49e9-b38d-ca2432831065,2025/02/23 2:17 PM,2025-02-23,2025-02-23 21:17:00 +0000,America/Hermosillo,7023060,gabriel_isai,Gabriel Isaí Reyes Terrazas,2025-02-25 22:44:54 +0000,2025-04-17 09:42:33 +0200,research,CC-BY-NC,https://www.inaturalist.org/observations/263097755,https://inaturalist-open-data.s3.amazonaws.com/photos/472583389/medium.jpeg,,"",,1,0,false,,"85506 Son., México",27.9536695458,-110.9719435126,5,,,,5,,open,false,gps,gps,Snowy Egret,Egretta thula,Garza dedos dorados,Aves,4940
263346879,26d77ac2-eebb-4d1d-9952-cceefb52e535,2020-12-20 13:50:15-05:00,2020-12-20,2020-12-20 18:50:15 +0000,Eastern Time (US & Canada),8984165,otterlycurious629,,2025-02-28 04:38:51 +0000,2025-02-28 14:39:42 +0000,research,CC-BY-NC,https://www.inaturalist.org/observations/263346879,https://inaturalist-open-data.s3.amazonaws.com/photos/473081868/medium.jpg,,"","",1,0,false,3,"Big Hickory Pass, Bonita Springs, FL, US",26.3652383333,-81.8630833333,4,,,,4,,open,false,,,Snowy Egret,Egretta thula,Garza dedos dorados,Aves,4940
263565634,5524b11c-c69a-49ca-83ad-248234f090a6,2025/02/28 3:07 PM,2025-02-28,2025-02-28 20:07:00 +0000,Eastern Time (US & Canada),3453019,kingmush,JeffreyGammon,2025-03-02 01:22:39 +0000,2025-04-11 03:06:05 +0200,research,CC-BY-NC,https://www.inaturalist.org/observations/263565634,https://inaturalist-open-data.s3.amazonaws.com/photos/473508734/medium.jpeg,,"kingmush, 2025, February, USA, Florida, United States, North America","",1,0,false,,"Volusia County, FL, USA",29.0716709293,-80.9108042064,641,,,,641,,open,false,,,Snowy Egret,Egretta thula,Garza dedos dorados,Aves,4940
263835564,9a952475-e5cb-487d-ac0b-592247395b66,2025/03/01 1:19 PM,2025-03-01,2025-03-01 18:19:00 +0000,Eastern Time (US & Canada),1117406,evanaturalist,"",2025-03-04 04:32:08 +0000,2025-03-04 06:52:08 +0000,research,CC-BY-NC,https://www.inaturalist.org/observations/263835564,https://inaturalist-open-data.s3.amazonaws.com/photos/474041860/medium.jpeg,,"",,2,0,false,,"Apopka, FL, USA",28.6692810462,-81.5623802867,15,,,,15,,open,false,,,Snowy Egret,Egretta thula,Garza dedos dorados,Aves,4940
264167975,91049292-25f5-43b9-8d01-ef56eb372e99,2019/05/08 6:45 AM,2019-05-08,2019-05-08 13:45:00 +0200,Central Time (US & Canada),8244242,scwraw,Stanley Wood,2025-03-07 04:16:40 +0000,2025-03-12 04:05:00 +0000,research,CC-BY-NC,https://www.inaturalist.org/observations/264167975,https://inaturalist-open-data.s3.amazonaws.com/photos/474675750/medium.jpg,,"",,2,0,false,,"Stafford County, KS, USA",38.1147357163,-98.4891306674,122,,,,122,,open,false,,,Snowy Egret,Egretta thula,Garza dedos dorados,Aves,4940
264609624,e62ef104-1318-4640-9fd9-66a61fad9b35,2025/03/03 10:55 AM,2025-03-03,2025-03-03 16:55:00 +0000,Central Time (US & Canada),1109260,puffin21,Michael Orgill,2025-03-09 03:55:05 +0000,2025-03-15 21:54:34 +0000,research,CC-BY-NC,https://www.inaturalist.org/observations/264609624,https://inaturalist-open-data.s3.amazonaws.com/photos/475160073/medium.jpeg,,"",,2,0,false,,"Corpus Christi, TX, USA",27.7116277178,-97.328914951,8,,,,8,,open,false,,,Snowy Egret,Egretta thula,Garza dedos dorados,Aves,4940
264611394,cf2849b0-31bc-498e-a7ef-d50d783a459b,2025-03-08 10:41:11-08:00,2025-03-08,2025-03-08 18:41:11 +0000,Pacific Time (US & Canada),400897,baldeaglevet,"",2025-03-09 04:16:19 +0000,2025-03-09 11:10:31 +0000,research,,https://www.inaturalist.org/observations/264611394,https://static.inaturalist.org/photos/475164033/medium.jpg,,"","",1,0,false,3,"Sierra Point Pkwy, Brisbane, CA, US",37.6727527518,-122.3885771005,19,,,,19,,open,false,,,Snowy Egret,Egretta thula,Garza dedos dorados,Aves,4940
264743685,900855e3-5a4b-4133-ac69-d613e19262b3,2025/03/09 1:12 PM,2025-03-09,2025-03-09 20:12:00 +0000,Pacific Time (US & Canada),8631922,yongestation,yongestation,2025-03-10 00:36:06 +0000,2025-04-12 03:28:30 +0200,research,CC-BY,https://www.inaturalist.org/observations/264743685,https://inaturalist-open-data.s3.amazonaws.com/photos/475420377/medium.jpeg,,"","",1,0,false,,"Albany, CA, USA",37.8896699816,-122.3115170207,13,,,,13,,open,false,,"",Snowy Egret,Egretta thula,Garza dedos dorados,Aves,4940
264886923,5c4fac6e-fe34-4586-b278-2f808027bf22,2025-03-10 19:11:00-05:00,2025-03-10,2025-03-11 00:11:00 +0000,Central Time (US & Canada),7002234,tx_herper,Dayne Jordan,2025-03-11 02:36:57 +0000,2025-03-11 09:36:04 +0000,research,CC-BY-NC,https://www.inaturalist.org/observations/264886923,https://inaturalist-open-data.s3.amazonaws.com/photos/475699970/medium.jpg,,"","",2,0,false,3,"Lake Mark Kramer, Pasadena, TX, US",29.5943112007,-95.0893930378,159,,,,159,,open,false,,,Snowy Egret,Egretta thula,Garza dedos dorados,Aves,4940
264893909,54a6e342-0e3e-44f0-8411-e20f9d5a28f7,2025-03-10 17:48:08,2025-03-10,2025-03-11 00:48:08 +0000,Arizona,8875282,zach63671,Zach Johnson,2025-03-11 03:57:02 +0000,2025-05-01 17:47:33 +0200,research,,https://www.inaturalist.org/observations/264893909,https://static.inaturalist.org/photos/475713596/medium.jpeg,,"",,1,0,false,2,"C2XX+QW, Phoenix, AZ 85008, USA",33.45,-111.95,,,,,,,open,false,,,Snowy Egret,Egretta thula,Garza dedos dorados,Aves,4940
264959915,29385a35-2d4a-42f0-9723-e9f18b1aa150,2025/03/10 4:07 PM,2025-03-10,2025-03-10 20:07:00 +0000,Eastern Time (US & Canada),9008766,cw4phillips,Michael Phillips,2025-03-11 18:47:56 +0000,2025-04-12 08:13:18 +0200,research,CC-BY-NC,https://www.inaturalist.org/observations/264959915,https://inaturalist-open-data.s3.amazonaws.com/photos/475840949/medium.jpg,,"",,1,0,false,,"Sarasota County, FL, USA",27.0431560738,-82.3178597773,31,,,,31,,open,false,,,Snowy Egret,Egretta thula,Garza dedos dorados,Aves,4940
265039930,15638c68-2e27-4d48-adbc-65a6fbfd52a9,2025/03/11 5:33 PM,2025-03-11,2025-03-11 21:33:00 +0000,Eastern Time (US & Canada),536155,cathybester,Cathy Bester,2025-03-12 12:10:08 +0000,2025-03-12 18:19:35 +0000,research,CC-BY-NC,https://www.inaturalist.org/observations/265039930,https://inaturalist-open-data.s3.amazonaws.com/photos/476000304/medium.jpg,,"",,1,0,false,,"La Chua Trail, Gainesville, FL, USA",29.6008367,-82.3048248,1075,,,,1075,,open,false,,,Snowy Egret,Egretta thula,Garza dedos dorados,Aves,4940
265238085,be6c364a-4b8b-4141-8dcd-181236289ffd,2025/03/13 5:15 PM,2025-03-13,2025-03-14 00:15:00 +0000,Pacific Time (US & Canada),6688661,melbar2022,Melanie Barnett,2025-03-14 02:38:07 +0000,2025-03-14 03:09:48 +0000,research,CC-BY-NC,https://www.inaturalist.org/observations/265238085,https://inaturalist-open-data.s3.amazonaws.com/photos/476390692/medium.jpeg,,"","",1,0,false,,"Alviso Marina, Santa Clara County, CA",37.426893358,-121.9791617501,95,,,,95,,open,false,,,Snowy Egret,Egretta thula,Garza dedos dorados,Aves,4940
265581638,1e6e16a4-d4e4-4972-b764-c493f8db4e01,2025/03/09 5:04 PM,2025-03-09,2025-03-09 23:04:00 +0000,Mexico City,3576208,el_pajarazzi,el pajarazzi,2025-03-16 18:24:55 +0000,2025-03-18 17:43:29 +0000,research,CC-BY-NC,https://www.inaturalist.org/observations/265581638,https://inaturalist-open-data.s3.amazonaws.com/photos/477062051/medium.jpg,,"",,3,0,false,,"Parque Ecológico de Xochimilco, Ciudad de México, CDMX, México",19.293964663,-99.0969118985,2,,,,2,,open,false,,,Garza dedos dorados,Egretta thula,Garza dedos dorados,Aves,4940
265640971,2e9396a3-e818-4157-ab13-4829aa95e01b,2020/02/20 08:30,2020-02-20,2020-02-20 13:30:00 +0000,Eastern Time (US & Canada),152362,chrisearley,Chris G Earley,2025-03-17 01:33:27 +0000,2025-03-17 14:28:25 +0000,research,CC-BY-NC,https://www.inaturalist.org/observations/265640971,https://inaturalist-open-data.s3.amazonaws.com/photos/477162427/medium.jpg,,"",,1,0,false,,"Blackpoint Wildlife Dr, Florida, USA",28.6750491,-80.7626954,2556,,,,2556,,open,false,,,Snowy Egret,Egretta thula,Garza dedos dorados,Aves,4940
265642022,af5f4e82-3aeb-49a6-bc0e-2b74b5b16169,2024/12/30 12:04 PM,2024-12-30,2024-12-30 20:04:00 +0000,Pacific Time (US & Canada),3191422,cofa,Corey Farwell,2025-03-17 01:42:16 +0000,2025-03-17 14:28:28 +0000,research,CC-BY,https://www.inaturalist.org/observations/265642022,https://inaturalist-open-data.s3.amazonaws.com/photos/477181313/medium.jpg,,"",,2,0,false,,"Monterey County, CA, USA",36.8129944617,-121.7726840876,1262,,,,1262,,open,false,,,Snowy Egret,Egretta thula,Garza dedos dorados,Aves,4940
266034196,21ee803f-d086-4166-b9c8-7cf1814e3571,2025/03/19 1:19 PM,2025-03-19,2025-03-19 19:19:00 +0000,America/Merida,21288,russh,Russ Hoverman,2025-03-20 00:11:34 +0000,2026-02-07 05:00:00 +0000,research,CC-BY-NC,https://www.inaturalist.org/observations/266034196,https://inaturalist-open-data.s3.amazonaws.com/photos/477946742/medium.jpeg,,"",,4,0,false,,"Celestún Municipality, Yucatan, Mexico",20.8632411995,-90.3800378063,31,,,,31,,open,false,,,Snowy Egret,Egretta thula,Garza dedos dorados,Aves,4940
266053176,58efab17-8e2d-4407-a7ff-3259632cb31e,2025/03/19 12:19 PM,2025-03-19,2025-03-19 17:19:00 +0000,Central Time (US & Canada),18812,mako252,Jon McIntyre,2025-03-20 03:26:06 +0000,2025-03-21 23:36:43 +0000,research,CC-BY-NC,https://www.inaturalist.org/observations/266053176,https://inaturalist-open-data.s3.amazonaws.com/photos/477985635/medium.jpeg,,"",,4,0,false,,"Port Aransas, TX, USA",27.8272811525,-97.0796744081,2,,,,2,,open,false,,,Snowy Egret,Egretta thula,Garza dedos dorados,Aves,4940
266149287,3b8520af-a42c-47d5-927c-5825ce93df53,2015/04/23 5:32 PM,2015-04-23,2015-04-23 23:32:00 +0200,Eastern Time (US & Canada),289931,towle001,,2025-03-20 21:15:02 +0000,2025-03-20 22:04:21 +0000,research,CC-BY-NC,https://www.inaturalist.org/observations/266149287,https://inaturalist-open-data.s3.amazonaws.com/photos/478167842/medium.jpeg,,"Birds, Birds-FL","",1,0,false,,"Fort Myers Beach, FL 33931, USA",26.4163913826,-81.8999231504,596,,,,596,,open,false,,,Snowy Egret,Egretta thula,Garza dedos dorados,Aves,4940
266161635,cd53a174-c497-4097-8cae-e5199d21ca35,1980/01/01 12:00 AM,1980-01-01,1980-01-01 06:00:00 +0000,America/El_Salvador,1355971,fundacionfigueroametapan,Silvia Figueroa,2025-03-20 23:05:48 +0000,2025-03-22 01:46:20 +0000,research,,https://www.inaturalist.org/observations/266161635,https://static.inaturalist.org/photos/478192255/medium.jpeg,,"",,1,0,false,,Tropical Dry Forest protected by de E. Figueroa Foundation,14.3326523048,-89.5676950446,1669,,,,1669,,open,false,,,Garza dedos dorados,Egretta thula,Garza dedos dorados,Aves,4940
266227753,e93306c5-7261-4c3d-a7cb-bf052592a0fc,2025/03/20 4:07 PM,2025-03-20,2025-03-20 23:07:00 +0000,Pacific Time (US & Canada),796280,eleggua,eleggua,2025-03-21 13:15:22 +0000,2025-03-21 15:26:31 +0000,research,CC-BY-NC,https://www.inaturalist.org/observations/266227753,https://inaturalist-open-data.s3.amazonaws.com/photos/478310811/medium.jpg,,"","First snowy egrets of 2025 seen in the trees in the rookery at this location, which they share with Black-crowned night herons.

The bcnh arrived the last week of January, and are already rearing chicks. The snowys have arrived approximately two months after the bcnh in previous years.

12th and Harrison, downtown Oakland, black-crowned night heron and snowy egret urban rookery.",1,0,false,,"Downtown Oakland, Oakland, CA, USA",37.8013200233,-122.2684980261,2,,,,2,,open,false,,,Snowy Egret,Egretta thula,Garza dedos dorados,Aves,4940
266534209,48ffa817-3552-4eb0-a5bf-511d2279eb92,2025/03/17 12:22 PM,2025-03-17,2025-03-17 16:22:00 +0000,Eastern Time (US & Canada),2863877,hollyyoung,"",2025-03-23 11:03:24 +0000,2025-03-23 17:40:46 +0000,research,CC-BY-NC,https://www.inaturalist.org/observations/266534209,https://inaturalist-open-data.s3.amazonaws.com/photos/478904089/medium.jpeg,,"","Paynes Prairie State Park - La Chua
Not sure if I was observing courtship or territorial disputes.  I watched for about a half hour and they were feeding as well as displaying.  ",3,0,false,,"Alachua County, FL, USA",29.6026911536,-82.3028857201,1,,,,1,,open,false,,,Snowy Egret,Egretta thula,Garza dedos dorados,Aves,4940
266846533,c7c31d33-c3e2-49a3-848e-d773ee144ac3,2025/03/23 03:00,2025-03-23,2025-03-23 07:00:00 +0000,Eastern Time (US & Canada),7340523,leekelai,leekelai,2025-03-25 02:54:20 +0000,2025-03-25 02:55:08 +0000,research,CC-BY-NC,https://www.inaturalist.org/observations/266846533,https://inaturalist-open-data.s3.amazonaws.com/photos/479473133/medium.jpg,,"",,1,0,false,,美国佛罗里达州迈阿密-戴德县,25.750673,-80.766643,,,,,,,open,false,,,雪鹭,Egretta thula,Garza dedos dorados,Aves,4940
267610220,eba3a2cc-afaf-449a-bb76-f55d09178c68,2025/03/29 11:34 AM,2025-03-29,2025-03-29 18:34:00 +0000,Pacific Time (US & Canada),206963,kfistanic,Kevin Fistanic,2025-03-29 23:42:06 +0000,2025-04-15 03:42:18 +0200,research,CC-BY-NC,https://www.inaturalist.org/observations/267610220,https://inaturalist-open-data.s3.amazonaws.com/photos/480935805/medium.jpg,,"",,1,0,false,,"Playa Del Rey, Los Angeles, CA, USA",33.96318827,-118.4523872029,93,,,,93,,open,false,,,Snowy Egret,Egretta thula,Garza dedos dorados,Aves,4940
267643047,bb38d857-38d4-45cf-aff9-925565f4d9b0,2025/03/29 10:57 AM,2025-03-29,2025-03-29 14:57:00 +0000,Eastern Time (US & Canada),6512243,naturessnapshots,Nick Ramon,2025-03-30 05:46:44 +0200,2025-03-30 15:24:40 +0200,research,,https://www.inaturalist.org/observations/267643047,https://static.inaturalist.org/photos/481002999/medium.jpg,,"",,3,0,false,,"Pinellas County, FL, USA",27.6147114651,-82.7313835414,828,,,,828,,open,false,,,Snowy Egret,Egretta thula,Garza dedos dorados,Aves,4940
267652509,7f736238-344a-41e5-b63c-291b568607ce,2025-03-29 16:37:46-07:00,2025-03-29,2025-03-29 23:37:46 +0000,Pacific Time (US & Canada),1417803,irinamitine,Irina Mitine,2025-03-30 07:30:25 +0200,2025-04-15 04:41:53 +0200,research,CC-BY,https://www.inaturalist.org/observations/267652509,https://inaturalist-open-data.s3.amazonaws.com/photos/481023021/medium.jpg,,"","",1,0,false,3,"Shoreline Park, Mountain View, CA, US",37.4345366667,-122.0947638333,3,,,,3,,open,false,,,Snowy Egret,Egretta thula,Garza dedos dorados,Aves,4940
267744029,e1d77237-802b-403b-a8e4-d6b1fbb14281,2025/01/29 15:03,2025-01-29,2025-01-29 21:03:00 +0000,America/Tegucigalpa,3816198,jean_sebastien_chartier_dumais,Jean-Sébastien Chartier-Dumais,2025-03-30 19:35:27 +0200,2025-09-14 19:32:21 +0200,research,CC-BY-NC-SA,https://www.inaturalist.org/observations/267744029,https://inaturalist-open-data.s3.amazonaws.com/photos/566433701/medium.jpg,,"","el primero ave blanco.
the first white bird.",2,0,false,,"Refugio de vida silvestre Cuero y Salado, Atlántida, Honduras",15.7750139,-87.1323139,4665,,,,4665,,open,false,,,aigrette neigeuse,Egretta thula,Garza dedos dorados,Aves,4940
267955994,97a5225f-0fb4-4742-b24e-f28f5888347a,2025/03/15 9:40 AM,2025-03-15,2025-03-15 15:40:00 +0000,Chihuahua,2499698,sergio1953,"",2025-03-31 22:10:44 +0200,2025-04-02 02:54:08 +0200,research,CC-BY-NC,https://www.inaturalist.org/observations/267955994,https://inaturalist-open-data.s3.amazonaws.com/photos/481595823/medium.jpg,,"",,2,0,false,,"Aldama, Chih., México",28.8330149,-105.9311945,154421,,,,154421,,open,false,,,Garza dedos dorados,Egretta thula,Garza dedos dorados,Aves,4940
268309641,7c591c2e-8e22-44eb-b87c-6b2bdeb7f45f,2024/07/21 8:03 AM,2024-07-21,2024-07-21 17:03:00 +0200,Pacific Time (US & Canada),7736851,johnnyrhomboid,,2025-04-03 03:00:24 +0200,2025-04-04 18:37:54 +0200,research,CC-BY-NC,https://www.inaturalist.org/observations/268309641,https://inaturalist-open-data.s3.amazonaws.com/photos/482264643/medium.jpeg,,"",,4,0,false,,"Lakeside, CA, USA",32.8584913298,-116.920329887,4,,,,4,,open,false,,,Snowy Egret,Egretta thula,Garza dedos dorados,Aves,4940
268632203,4a2a5344-d109-4610-831b-7d3c68b72dd8,2025/04/04 1:01 PM,2025-04-04,2025-04-04 22:01:00 +0200,Pacific Time (US & Canada),6927082,drewskipoo,Andrew Martinez,2025-04-05 01:10:12 +0200,2025-07-01 02:17:23 +0200,research,CC-BY-NC,https://www.inaturalist.org/observations/268632203,https://inaturalist-open-data.s3.amazonaws.com/photos/482888356/medium.jpg,,"",,1,0,false,,"Walnut, CA, USA",34.0430502766,-117.84584491,30,,,,30,,open,false,,,Snowy Egret,Egretta thula,Garza dedos dorados,Aves,4940
269323113,17daf1f1-2642-4ce5-b2b8-c417d230d162,2025/02/28 7:57 AM,2025-02-28,2025-02-28 12:57:00 +0000,Eastern Time (US & Canada),6764387,rbuening,Ron Buening II,2025-04-08 20:13:29 +0200,2025-04-08 20:20:02 +0200,research,,https://www.inaturalist.org/observations/269323113,https://static.inaturalist.org/photos/484228628/medium.jpg,,"NIkon Z8, Nikkor, Nikkor Z 400/4.5 VR S, Nikkor Z 400mm f/4.5 VR S, Nikon, Z TC-1.4X, aves, avian, bird, birding, birding in Florida, z8",,2,0,false,,"Tarpon Springs, FL, USA",28.1374983333,-82.753775,,,,,,,open,false,,,Snowy Egret,Egretta thula,Garza dedos dorados,Aves,4940
269341019,25a8a6b7-d453-4721-8080-cdbd5950949e,2025-04-08 09:20,2025-04-08,2025-04-08 16:20:00 +0200,Central Time (US & Canada),18446,royaltyler,Royal Tyler,2025-04-08 22:09:59 +0200,2025-04-08 23:57:14 +0200,research,CC-BY-NC-SA,https://www.inaturalist.org/observations/269341019,https://inaturalist-open-data.s3.amazonaws.com/photos/484265146/medium.jpeg,,"","",2,0,false,,"Mansfield, LA 71052, USA",32.1325790975,-93.4695630055,6,,,,6,,open,false,,,Snowy Egret,Egretta thula,Garza dedos dorados,Aves,4940
269603809,a1995493-2356-4766-9d87-303ce8d1f3ef,2025/04/08 11:13 AM,2025-04-08,2025-04-08 18:13:00 +0200,Central Time (US & Canada),217056,kcoxau79,Kathy Cox,2025-04-10 15:12:27 +0200,2025-04-11 01:28:14 +0200,research,CC-BY-NC,https://www.inaturalist.org/observations/269603809,https://inaturalist-open-data.s3.amazonaws.com/photos/484768348/medium.jpg,,"",,3,0,false,,"Bolivar Peninsula, TX, USA",29.5741563951,-94.3897845793,1,,,,1,,open,false,,,Snowy Egret,Egretta thula,Garza dedos dorados,Aves,4940
269657376,30217225-bc9e-48f2-9f9e-1a3c2b45299c,2025/04/08 7:38 AM,2025-04-08,2025-04-08 14:38:00 +0200,Central Time (US & Canada),5356844,konijntje,MJ,2025-04-10 20:40:51 +0200,2025-04-12 01:18:58 +0200,research,CC-BY-NC,https://www.inaturalist.org/observations/269657376,https://inaturalist-open-data.s3.amazonaws.com/photos/484870580/medium.jpg,,HNWR,,4,0,false,,"Grayson County, TX, USA",33.7431474465,-96.7530034339,153,,,,153,,open,false,,,Snowy Egret,Egretta thula,Garza dedos dorados,Aves,4940
269914418,bbdc9258-1eed-4b10-8095-751b039a0740,2025-04-08 06:34:18-07:00,2025-04-08,2025-04-08 15:34:18 +0200,Pacific Time (US & Canada),133261,pocketmouse,"",2025-04-12 08:33:05 +0200,2025-04-12 08:45:40 +0200,research,CC-BY-NC,https://www.inaturalist.org/observations/269914418,https://inaturalist-open-data.s3.amazonaws.com/photos/485365609/medium.jpg,,"","",1,0,false,3,"Vasona Lake County Park, Los Gatos, CA, US",37.24417,-121.967945,,,,,,,open,false,,,Snowy Egret,Egretta thula,Garza dedos dorados,Aves,4940
269974874,2b32e4ea-98ba-4246-92bd-c2214168e706,2025/04/11 10:50 AM,2025-04-11,2025-04-11 17:50:00 +0200,Central Time (US & Canada),18812,mako252,Jon McIntyre,2025-04-12 16:51:32 +0200,2025-04-15 22:48:04 +0200,research,CC-BY-NC,https://www.inaturalist.org/observations/269974874,https://inaturalist-open-data.s3.amazonaws.com/photos/485476033/medium.jpeg,,"",,3,0,false,,"Padre Island, Corpus Christi, TX, USA",27.6395118743,-97.2470407459,4,,,,4,,open,false,,,Snowy Egret,Egretta thula,Garza dedos dorados,Aves,4940
270058192,98655027-751c-419d-9f17-80e7f46c07cd,2025/04/11 2:22 PM,2025-04-11,2025-04-11 23:22:00 +0200,Pacific Time (US & Canada),796280,eleggua,eleggua,2025-04-12 23:18:28 +0200,2025-12-05 18:38:38 +0000,research,CC-BY-NC,https://www.inaturalist.org/observations/270058192,https://inaturalist-open-data.s3.amazonaws.com/photos/485607211/medium.jpg,,"","12th and Harrison Sts, Downtown Oakland, black-crowned night heron and snowy egret urban rookery.",1,0,false,,"12th and Harrison Sts, Downtown Oakland, Oakland, CA, USA",37.8011362469,-122.2685002537,2,,,,2,,open,false,,,Snowy Egret,Egretta thula,Garza dedos dorados,Aves,4940
270362773,bb33eeeb-15f6-4756-aeb4-736fd7cb2dd3,2025/04/13 1:53 PM,2025-04-13,2025-04-13 20:53:00 +0200,Central Time (US & Canada),1109260,puffin21,Michael Orgill,2025-04-14 06:19:16 +0200,2025-04-26 17:07:37 +0200,research,CC-BY-NC,https://www.inaturalist.org/observations/270362773,https://inaturalist-open-data.s3.amazonaws.com/photos/486217823/medium.jpeg,,"",,4,0,false,,"Port Aransas, TX, USA",27.8276584485,-97.0790768166,2,,,,2,,open,false,,,Snowy Egret,Egretta thula,Garza dedos dorados,Aves,4940
271596721,e68c15fa-4da2-4dec-bbc2-f97a36609dbc,2025/04/19 7:11 AM,2025-04-19,2025-04-19 16:11:00 +0200,Pacific Time (US & Canada),7884532,daveweldon,David D. Weldon,2025-04-20 03:27:45 +0200,2025-04-20 04:05:59 +0200,research,CC-BY-NC,https://www.inaturalist.org/observations/271596721,https://inaturalist-open-data.s3.amazonaws.com/photos/488554925/medium.jpg,,"2025-04-19, Bolsa Chica Wetlands, Photo by David D. Weldon",,1,0,false,,"Orange County, CA, USA",33.7035368116,-118.0530845649,26,,,,26,,open,false,,,Snowy Egret,Egretta thula,Garza dedos dorados,Aves,4940
271749957,43f39b88-a0d0-476f-ae1b-19e4eff5d715,2025/04/20 12:50 PM,2025-04-20,2025-04-20 17:50:00 +0200,Atlantic Time (Canada),3969261,krystyn-s,Krystyn Scrbic,2025-04-20 19:24:36 +0200,2025-04-20 22:18:15 +0200,research,CC-BY-NC,https://www.inaturalist.org/observations/271749957,https://inaturalist-open-data.s3.amazonaws.com/photos/488843181/medium.jpg,,"",,3,0,false,,"Rainbow Haven Beach, Cow Bay, NS, Canada",44.6490462,-63.4148753,685,,,,685,,open,false,,,Snowy Egret,Egretta thula,Garza dedos dorados,Aves,4940
273145861,b8a0e6d1-e625-41f6-85bb-202f4515b177,2024/11/05 08:00,2024-11-05,2024-11-05 12:00:00 +0000,America/St_Barthelemy,5255606,karl_questel,Karl Questel,2025-04-25 17:08:33 +0200,2025-04-28 05:20:51 +0200,research,,https://www.inaturalist.org/observations/273145861,https://static.inaturalist.org/photos/491319702/medium.jpg,,"",,1,0,false,,Saint-Barthélemy,17.9079727493,-62.7996814345,4,,,,4,,open,false,,,Egretta thula,Egretta thula,Garza dedos dorados,Aves,4940
273263078,022edc55-b15a-47f8-bd22-13afbf0c62e8,2025/04/25 11:41 AM,2025-04-25,2025-04-25 18:41:00 +0200,Central Time (US & Canada),9200251,sariahu,,2025-04-25 20:07:23 +0200,2025-05-08 05:53:58 +0200,research,CC-BY-NC,https://www.inaturalist.org/observations/273263078,https://inaturalist-open-data.s3.amazonaws.com/photos/491504363/medium.jpeg,,"",,3,0,false,,"San Antonio River Walk, San Antonio, TX 78205, USA",29.4229737,-98.486034,211,,,,211,,open,false,,,Snowy Egret,Egretta thula,Garza dedos dorados,Aves,4940
273339491,8d883b41-6030-4067-8cf3-61d02fa97847,2025/04/25 11:42 AM,2025-04-25,2025-04-25 19:42:00 +0200,Mountain Time (US & Canada),708958,cathyp,Cathy Pasterczyk,2025-04-25 22:10:46 +0200,2025-04-27 08:02:44 +0200,research,CC-BY-NC,https://www.inaturalist.org/observations/273339491,https://inaturalist-open-data.s3.amazonaws.com/photos/491629570/medium.jpeg,,"",,1,0,false,,"Rio Grande Nature Center State Park, 2901 Candelaria Rd NW, Albuquerque, NM 87107, USA",35.1280183997,-106.6852591881,28,,,,28,,open,false,,,Snowy Egret,Egretta thula,Garza dedos dorados,Aves,4940
273378249,2d1583fb-2676-4753-bf72-1d7c9c8fc638,2025/04/25 12:04 PM,2025-04-25,2025-04-25 20:04:00 +0200,Mountain Time (US & Canada),708958,cathyp,Cathy Pasterczyk,2025-04-25 23:14:11 +0200,2025-04-27 08:02:12 +0200,research,CC-BY-NC,https://www.inaturalist.org/observations/273378249,https://inaturalist-open-data.s3.amazonaws.com/photos/491691856/medium.jpeg,,"",,1,0,false,,"Candelaria Farm, Albuquerque, NM 87107, USA",35.13065079,-106.6838215241,37,,,,37,,open,false,,,Snowy Egret,Egretta thula,Garza dedos dorados,Aves,4940
273459724,590de5b6-6435-46b2-8419-e40bf1e0391c,2025/04/25 2:55 PM,2025-04-25,2025-04-25 20:55:00 +0200,Eastern Time (US & Canada),2245841,susky56,Sue D,2025-04-26 01:52:09 +0200,2025-10-02 17:50:58 +0200,research,,https://www.inaturalist.org/observations/273459724,https://inaturalist-open-data.s3.amazonaws.com/photos/491826714/medium.jpeg,,"","",1,0,false,,"5100 Town Center Blvd, Orlando, FL 32837, USA",28.3553591,-81.4397656,194,,,,194,,open,false,,,Snowy Egret,Egretta thula,Garza dedos dorados,Aves,4940
274149002,b5d37cfa-ef2a-44ae-b83c-ff4234978dad,2025/04/26 8:14 AM,2025-04-26,2025-04-26 16:14:00 +0200,Mountain Time (US & Canada),16823,jnstuart,James N. Stuart,2025-04-26 23:14:26 +0200,2025-04-27 08:02:01 +0200,research,CC-BY-NC,https://www.inaturalist.org/observations/274149002,https://inaturalist-open-data.s3.amazonaws.com/photos/492898735/medium.jpeg,,"",One seen,1,0,false,,"Los Poblanos, Albuquerque, NM 87107, USA",35.1491798407,-106.6551578893,2,,,,2,,open,false,,,Snowy Egret,Egretta thula,Garza dedos dorados,Aves,4940
275174864,5ffa038b-b756-49cf-8f2c-7cc84e9548e0,2025/04/26 5:03 PM,2025-04-26,2025-04-27 01:03:00 +0200,Mountain Time (US & Canada),622452,tlr06754,Tina Reimer,2025-04-28 01:44:41 +0200,2025-04-28 02:36:50 +0200,research,CC-BY-NC,https://www.inaturalist.org/observations/275174864,https://inaturalist-open-data.s3.amazonaws.com/photos/494520735/medium.jpeg,,"",,1,0,false,,"Boulder County, CO, USA",39.9471498245,-105.1067177722,394,,,,394,,open,false,,,Snowy Egret,Egretta thula,Garza dedos dorados,Aves,4940
276083119,743b4ad2-b9ac-426f-a588-4d05c4926e33,2025-04-28 13:17:00-06:00,2025-04-28,2025-04-28 21:17:00 +0200,Mountain Time (US & Canada),7678422,burd_brayn,,2025-04-28 23:20:35 +0200,2025-05-15 17:05:47 +0200,research,CC-BY-NC,https://www.inaturalist.org/observations/276083119,https://inaturalist-open-data.s3.amazonaws.com/photos/495886253/medium.jpg,,"",Different individual than one posted before,1,0,false,3,"Rio Grande Nature Center State Park, Albuquerque, NM, US",35.1306215329,-106.6838968363,5,,,,5,,open,false,,,Snowy Egret,Egretta thula,Garza dedos dorados,Aves,4940
276343503,adefe668-feb5-48b2-8d2c-b470dbece4aa,2025-04-28 18:41:23,2025-04-28,2025-04-29 03:41:23 +0200,Pacific Time (US & Canada),39066,twsummer,Theo Summer,2025-04-29 04:32:39 +0200,2025-04-30 06:00:42 +0200,research,CC0,https://www.inaturalist.org/observations/276343503,https://inaturalist-open-data.s3.amazonaws.com/photos/496289664/medium.jpeg,,"",,2,0,false,2,"Redwood Shores, Redwood City, CA, USA",37.5430290997,-122.2492378997,,,,,,,open,false,gps,gps,Snowy Egret,Egretta thula,Garza dedos dorados,Aves,4940
276895705,10263ab9-1b13-45e5-926d-8f2cfd92baf4,2025/04/29 6:07 PM,2025-04-29,2025-04-30 03:07:00 +0200,Pacific Time (US & Canada),123167,njjturner,"",2025-04-30 06:21:54 +0200,2025-05-01 00:43:15 +0200,research,CC-BY-NC,https://www.inaturalist.org/observations/276895705,https://inaturalist-open-data.s3.amazonaws.com/photos/497211705/medium.jpeg,,"",,1,0,false,,"University of California-Santa Barbara, CA, USA",34.4082718302,-119.8486866196,443,,,,443,,open,false,,,Snowy Egret,Egretta thula,Garza dedos dorados,Aves,4940
277163667,df0cf0a0-385f-4731-83b4-317dfd8734ef,2024-06-16 01:35:39,2024-06-16,2024-06-16 08:35:39 +0200,Central Time (US & Canada),1975803,beyondgrasp,,2025-04-30 23:58:55 +0200,2025-05-01 00:46:22 +0200,research,CC-BY-NC,https://www.inaturalist.org/observations/277163667,https://inaturalist-open-data.s3.amazonaws.com/photos/497687474/medium.jpg,,"",,2,0,false,843,"Fort Worth, TX, US",32.7911708276,-97.4195186153,91,,,,91,,open,false,,,Snowy Egret,Egretta thula,Garza dedos dorados,Aves,4940
278123536,87c9d95f-2a53-4e86-910b-e0bdf84a87b0,2025/04/17 6:10 AM,2025-04-17,2025-04-17 14:10:00 +0200,America/Merida,2499698,sergio1953,"",2025-05-03 20:06:44 +0200,2025-05-08 04:02:14 +0200,research,CC-BY-NC,https://www.inaturalist.org/observations/278123536,https://inaturalist-open-data.s3.amazonaws.com/photos/499385960/medium.jpg,,"",,2,0,false,,"Progreso, Yuc., México",21.2811908,-89.6651628,8631,,,,8631,,open,false,,,Garza dedos dorados,Egretta thula,Garza dedos dorados,Aves,4940
278201655,6730a5c0-cdda-47d8-8168-98c7975f9712,2025/05/01 7:32 AM,2025-05-01,2025-05-01 16:32:00 +0200,Pacific Time (US & Canada),53702,lonnyholmes,"",2025-05-04 00:22:54 +0200,2025-05-04 00:37:24 +0200,research,CC-BY-NC,https://www.inaturalist.org/observations/278201655,https://inaturalist-open-data.s3.amazonaws.com/photos/499527399/medium.jpeg,,"",Looking for food.,1,0,false,,"Clark County, NV, USA",36.4390103445,-115.3592168412,4,,,,4,,open,false,,,Snowy Egret,Egretta thula,Garza dedos dorados,Aves,4940
278515713,719f38f1-bc07-4a10-aa56-19fd4af10b2c,2025/04/30 11:33 AM,2025-04-30,2025-04-30 17:33:00 +0200,Eastern Time (US & Canada),3911628,cs16-levi,Levi F. C. Smith,2025-05-04 21:45:29 +0200,2025-07-18 23:49:24 +0200,research,CC-BY-NC,https://www.inaturalist.org/observations/278515713,https://inaturalist-open-data.s3.amazonaws.com/photos/500084058/medium.jpeg,,"",,1,0,false,,"Anastasia, St. Augustine, FL 32080, USA",29.8823796624,-81.2907078958,242,,,,242,,open,false,,,Snowy Egret,Egretta thula,Garza dedos dorados,Aves,4940
280151997,41d56b6a-f9ea-4805-bdce-a0409338be56,2025/05/10 12:05 PM,2025-05-10,2025-05-10 21:05:00 +0200,Pacific Time (US & Canada),309263,tedrake,Tracy Drake,2025-05-11 07:30:14 +0200,2025-05-20 08:27:05 +0200,research,CC-BY-NC,https://www.inaturalist.org/observations/280151997,https://inaturalist-open-data.s3.amazonaws.com/photos/503136819/medium.jpg,,"",,2,0,false,,"Madrona Marsh Preserve, Torrance, CA, USA",33.8264838844,-118.3425614305,136,,,,136,,open,false,,,Snowy Egret,Egretta thula,Garza dedos dorados,Aves,4940
280457023,e73c9155-d518-4bfb-bee1-277cf3977d31,2025/05/07 3:40 PM,2025-05-07,2025-05-07 23:40:00 +0200,America/Edmonton,2515988,johnkrampl,John Krampl,2025-05-12 07:19:26 +0200,2025-05-13 14:44:19 +0200,research,CC-BY,https://www.inaturalist.org/observations/280457023,https://inaturalist-open-data.s3.amazonaws.com/photos/503712349/medium.jpeg,,"",,3,0,false,,"Taber, AB, Canada",49.7991388889,-112.1201361111,,,,,,,open,false,,,Snowy Egret,Egretta thula,Garza dedos dorados,Aves,4940
280668327,ed3a6986-73fe-4b1b-ad20-a725a830a646,2009/12/15 3:23 PM,2009-12-15,2009-12-15 20:23:00 +0000,Eastern Time (US & Canada),1813616,margeryoldfield,"Margery L. Oldfield, PhD",2025-05-13 02:43:37 +0200,2026-02-07 12:36:07 +0000,research,CC-BY-ND,https://www.inaturalist.org/observations/280668327,https://inaturalist-open-data.s3.amazonaws.com/photos/504111073/medium.jpg,,"","Off Wildlife Drive in J.N. Ding Darling National Wildlife Refuge, Sanibel, FL.",1,0,false,,"Sanibel, FL, USA",26.454025,-82.115558,6,,,,6,,open,false,,,Snowy Egret,Egretta thula,Garza dedos dorados,Aves,4940
281180522,64073e70-0701-4d3c-be79-2ef7d5efd3be,2025/05/09 7:24 AM,2025-05-09,2025-05-09 15:24:00 +0200,America/Edmonton,5742154,bazarov,,2025-05-15 06:09:39 +0200,2026-01-21 18:48:22 +0000,research,CC-BY-NC,https://www.inaturalist.org/observations/281180522,https://inaturalist-open-data.s3.amazonaws.com/photos/505082694/medium.jpg,,"",,3,0,false,,"Taber, AB, Canada",49.7992762169,-112.119239141,8,,,,8,,open,false,,,Snowy Egret,Egretta thula,Garza dedos dorados,Aves,4940
281540640,9b529ad2-c247-4e0f-b001-e3cbf2ffba48,2021/05/05 10:15 AM,2021-05-05,2021-05-05 17:15:00 +0200,Central Time (US & Canada),350225,kalamurphyking,Kala Murphy King,2025-05-16 19:29:38 +0200,2025-05-17 05:13:18 +0200,research,CC-BY-NC-ND,https://www.inaturalist.org/observations/281540640,https://inaturalist-open-data.s3.amazonaws.com/photos/505758285/medium.jpg,,"aquatic, aquatic bird, water fowl, waders, Rookery, dallas texas, Southwest Medical Center Bird Rookery, breeding season, SMC rookery, punk, snowy egret, egretta thula, egret, white egret, UT Southwest Medical, plumes, late spring, May, close up, nesting season, bad hair day, windy","Bad Hair Day
Hard to take photos when you are laughing.",1,0,false,,"UTSW rookery Campus, Dallas, TX 75390, USA",32.8139245,-96.8438102,192,,,,192,,open,false,,,Snowy Egret,Egretta thula,Garza dedos dorados,Aves,4940
281737857,7c3f5ecb-55c3-4ed9-82b1-15e7fb27a3ca,2024/10/03 8:16 AM,2024-10-03,2024-10-03 14:16:00 +0200,Eastern Time (US & Canada),8804064,chris61697,Chris B,2025-05-17 14:25:43 +0200,2025-05-17 15:48:40 +0200,research,CC-BY-NC,https://www.inaturalist.org/observations/281737857,https://static.inaturalist.org/photos/506130205/medium.jpg,,"",,1,0,false,,United States,38.9865791675,-74.8421135957,244,,,,28181,obscured,open,true,,,Snowy Egret,Egretta thula,Garza dedos dorados,Aves,4940
281815612,1e25ef80-cb2f-4000-926b-f395f914a5d5,2025/05/09 5:55 AM,2025-05-09,2025-05-09 11:55:00 +0200,Eastern Time (US & Canada),948149,mw52berg,Michael,2025-05-17 19:08:27 +0200,2025-05-17 20:01:26 +0200,research,CC-BY-NC,https://www.inaturalist.org/observations/281815612,https://inaturalist-open-data.s3.amazonaws.com/photos/506270237/medium.jpg,,"",,1,0,false,,"Lower Township, NJ, USA",38.9351052671,-74.9408682557,31,,,,31,,open,false,,,Snowy Egret,Egretta thula,Garza dedos dorados,Aves,4940
281938912,eb091bed-f85f-48ab-be54-560339e43350,2025-05-17 15:45:37,2025-05-17,2025-05-18 00:45:37 +0200,Pacific Time (US & Canada),1660789,nuheyenuh,'nuh-EYE-nuh' - Nina,2025-05-18 02:47:19 +0200,2025-11-25 00:30:52 +0000,research,CC-BY-NC,https://www.inaturalist.org/observations/281938912,https://inaturalist-open-data.s3.amazonaws.com/photos/506498771/medium.jpg,,"",,2,0,false,2,"Sea Cliff, San Francisco, CA, USA",37.7887555556,-122.4903583333,,,,,,,open,false,gps,gps,Snowy Egret,Egretta thula,Garza dedos dorados,Aves,4940
281958806,97378c16-92fe-4d70-ad09-1c109f07d4bd,2025/05/06 8:42 AM,2025-05-06,2025-05-06 17:42:00 +0200,Pacific Time (US & Canada),796339,ramonamom,Nancy Christensen,2025-05-18 04:25:32 +0200,2025-05-18 18:31:22 +0200,research,,https://www.inaturalist.org/observations/281958806,https://static.inaturalist.org/photos/506535019/medium.jpg,,"",,2,0,false,,"Ocean Beach, San Diego, CA, USA",32.7555290724,-117.2429096333,1,,,,1,,open,false,,,Snowy Egret,Egretta thula,Garza dedos dorados,Aves,4940
282443081,2517be96-6b56-40d4-ba7b-c39273eef3bf,2025-05-19 09:08:08,2025-05-19,2025-05-19 18:08:08 +0200,Pacific Time (US & Canada),1065472,anniebeez,Annie Bosel,2025-05-19 20:56:15 +0200,2025-05-21 19:32:11 +0200,research,,https://www.inaturalist.org/observations/282443081,https://static.inaturalist.org/photos/507441083/medium.jpg,,"",,2,0,false,843,"Greenlake Dr, Sunnyvale, CA, US",37.3974883333,-122.00936945,3,,,,3,,open,false,,,Snowy Egret,Egretta thula,Garza dedos dorados,Aves,4940
282653511,82d5208f-9b32-49d7-9b25-61008fd4d0fa,Sun Apr 16 2023 07:03:00 GMT -0600 (CST),2023-04-16,2023-04-16 15:03:00 +0200,Mexico City,4188022,familiaclaupauydavid,,2025-05-20 17:42:16 +0200,2025-05-20 19:24:34 +0200,research,CC-BY-NC,https://www.inaturalist.org/observations/282653511,https://inaturalist-open-data.s3.amazonaws.com/photos/507834327/medium.jpg,,"",Una pequeña garza que vi cuando estaba de vacaciones.,4,0,false,333,Ixtapa Zihuatanejo,17.6581916809,-101.6026611328,20,,,,20,,open,false,,,Garza dedos dorados,Egretta thula,Garza dedos dorados,Aves,4940
282923550,87285ec1-0219-4b0d-b279-65ed3c7cab7f,2025/05/21 7:38 AM,2025-05-21,2025-05-21 14:38:00 +0200,Central Time (US & Canada),4409523,noniss88,NoNiSs,2025-05-21 18:44:13 +0200,2025-05-22 00:44:09 +0200,research,CC-BY-NC,https://www.inaturalist.org/observations/282923550,https://inaturalist-open-data.s3.amazonaws.com/photos/508339246/medium.jpg,,"",,3,0,false,,"San Antonio, TX, USA",29.2588167282,-98.3905638824,244,,,,244,,open,false,,,Snowy Egret,Egretta thula,Garza dedos dorados,Aves,4940
283012373,07c55aec-0c68-47f5-be82-3723c12f0767,2024-07-17T19:44,2024-07-17,2024-07-18 01:44:00 +0200,Eastern Time (US & Canada),9275498,kyra_a,,2025-05-22 01:33:48 +0200,2025-12-07 22:16:06 +0000,research,CC-BY-NC,https://www.inaturalist.org/observations/283012373,https://inaturalist-open-data.s3.amazonaws.com/photos/508503912/medium.jpg,,"",,4,0,false,843,"Florida, US",26.3934742712,-81.815645926,74,,,,29868,obscured,open,true,,,Snowy Egret,Egretta thula,Garza dedos dorados,Aves,4940
283021287,3bc92376-451f-4398-91a6-76241a99b34e,2025-04-22 12:09:26,2025-04-22,2025-04-22 19:09:26 +0200,Central Time (US & Canada),4617856,happyhat,Denise Gary,2025-05-22 02:26:28 +0200,2025-05-26 01:04:56 +0200,research,,https://www.inaturalist.org/observations/283021287,https://static.inaturalist.org/photos/508521373/medium.jpg,,"",,4,0,false,2,"Bolivar Peninsula, TX, USA",29.3691516667,-94.74855,,,,,,,open,false,gps,gps,Snowy Egret,Egretta thula,Garza dedos dorados,Aves,4940
283949612,b7afe267-419d-4601-b7b1-ec26c28c8ba9,2023/08/20 8:38 AM,2023-08-20,2023-08-20 16:38:00 +0200,Mountain Time (US & Canada),9354684,duncan_wildlife,D H,2025-05-25 16:19:01 +0200,2025-05-25 17:56:25 +0200,research,CC-BY-NC,https://www.inaturalist.org/observations/283949612,https://inaturalist-open-data.s3.amazonaws.com/photos/510258193/medium.jpg,,"",,4,1,false,,"Box Elder County, UT, USA",41.477153745,-112.2762704214,488,,,,488,,open,false,,,Snowy Egret,Egretta thula,Garza dedos dorados,Aves,4940
284106996,2611abaa-83d9-4573-9468-6bcc8c834d0e,2025/05/25 8:09 AM,2025-05-25,2025-05-25 16:09:00 +0200,Mountain Time (US & Canada),1499212,adkonings,Ad Konings,2025-05-26 00:55:46 +0200,2025-05-27 08:29:58 +0200,research,CC-BY-NC,https://www.inaturalist.org/observations/284106996,https://inaturalist-open-data.s3.amazonaws.com/photos/510552326/medium.jpg,,"",,2,0,false,,"El Paso, TX, USA",31.82177,-106.5636833333,3,,,,3,,open,false,,,Snowy Egret,Egretta thula,Garza dedos dorados,Aves,4940
284284465,b455b835-4de1-4e2e-858f-f6bf62b91ae3,2025/05/26 6:22 AM,2025-05-26,2025-05-26 15:22:00 +0200,Pacific Time (US & Canada),796280,eleggua,eleggua,2025-05-26 17:57:07 +0200,2025-10-08 23:03:33 +0200,research,CC-BY-NC,https://www.inaturalist.org/observations/284284465,https://inaturalist-open-data.s3.amazonaws.com/photos/510880691/medium.jpg,,"","#baby.snowy.egret

12th and Harrison Sts, Downtown Oakland, black-crowned night heron and snowy egret urban rookery.",2,0,false,,"12th and Harrison Sts, Downtown Oakland, Oakland, CA, USA",37.8012426757,-122.2680338307,1,,,,1,,open,false,,,Snowy Egret,Egretta thula,Garza dedos dorados,Aves,4940
284710420,fa33dc88-031c-419e-91fd-8cae05211853,2023/10/03 8:25 AM,2023-10-03,2023-10-03 14:25:00 +0200,Eastern Time (US & Canada),9338920,psusinger,Scott Singer,2025-05-28 03:45:31 +0200,2025-05-28 03:46:03 +0200,research,CC-BY-NC,https://www.inaturalist.org/observations/284710420,https://inaturalist-open-data.s3.amazonaws.com/photos/511699582/medium.jpg,,"","",1,0,false,,"Accomack County, VA, USA",37.8941807807,-75.3575942215,15,,,,15,,open,false,,,Snowy Egret,Egretta thula,Garza dedos dorados,Aves,4940
284724928,9320ce2b-dc86-4fc0-ad62-ab12824d0206,2025/05/26 4:34 PM,2025-05-26,2025-05-27 01:34:00 +0200,Pacific Time (US & Canada),16404,ross2,Ross Millikan,2025-05-28 05:10:31 +0200,2025-05-28 08:51:11 +0200,research,CC-BY-NC,https://www.inaturalist.org/observations/284724928,https://inaturalist-open-data.s3.amazonaws.com/photos/511730187/medium.jpg,,"",,2,0,false,,"Mountain View, CA, USA",37.41864925,-122.07143375,,,,,,,open,false,,,Snowy Egret,Egretta thula,Garza dedos dorados,Aves,4940
284972943,2b76ea49-faba-46ba-84fe-43e615e0d141,2025/04/09 11:08 AM,2025-04-09,2025-04-09 18:08:00 +0200,Central Time (US & Canada),2528028,acacialady,Rose Cooper,2025-05-29 04:33:19 +0200,2025-05-29 11:51:55 +0200,research,CC-BY-NC-SA,https://www.inaturalist.org/observations/284972943,https://inaturalist-open-data.s3.amazonaws.com/photos/512193195/medium.jpg,,"",,3,0,false,,"Port Aransas, TX, USA",27.8328333972,-97.0867931842,80,,,,80,,open,false,,,Snowy Egret,Egretta thula,Garza dedos dorados,Aves,4940
285477962,549c20a5-7a72-44bf-a797-440c3c2411b0,2023/06/10 8:35 AM,2023-06-10,2023-06-10 17:35:00 +0200,Pacific Time (US & Canada),7658394,jubileej,"",2025-05-31 01:55:09 +0200,2025-08-02 06:54:49 +0200,research,CC0,https://www.inaturalist.org/observations/285477962,https://inaturalist-open-data.s3.amazonaws.com/photos/513130021/medium.jpg,,"",,1,0,false,,"Balboa Peninsula, Newport Beach, CA, USA",33.6079181829,-117.9291145267,15,,,,15,,open,false,,,Snowy Egret,Egretta thula,Garza dedos dorados,Aves,4940
285959912,e857fe99-2a72-41a9-8f42-e3ef2bd5dd74,2025/05/31 11:50 AM,2025-05-31,2025-05-31 18:50:00 +0200,Central Time (US & Canada),989820,ltjeffers,,2025-06-01 16:38:11 +0200,2025-06-02 18:15:27 +0200,research,CC-BY-NC,https://www.inaturalist.org/observations/285959912,https://inaturalist-open-data.s3.amazonaws.com/photos/514032718/medium.jpg,,"",,1,0,false,,"Pearland, TX, USA",29.5436875663,-95.3086342435,34,,,,34,,open,false,,,Snowy Egret,Egretta thula,Garza dedos dorados,Aves,4940
285992449,458b1d5e-bf08-4721-b2ee-4c60887a96a7,2025/06/01 8:56 AM,2025-06-01,2025-06-01 15:56:00 +0200,Central Time (US & Canada),2288699,sdmtx,Dale MacLean,2025-06-01 18:19:23 +0200,2025-06-02 22:16:10 +0200,research,CC-BY-NC,https://www.inaturalist.org/observations/285992449,https://inaturalist-open-data.s3.amazonaws.com/photos/514092169/medium.jpg,,"",,1,0,false,,"Murphy Park, 1600 Veterans Dr, Taylor, TX 76574, USA",30.580687,-97.4148815,219,,,,219,,open,false,,,Snowy Egret,Egretta thula,Garza dedos dorados,Aves,4940
286010936,545c19d5-bd02-465e-be5f-551e0d670898,2025/05/27 9:30 AM,2025-05-27,2025-05-27 18:30:00 +0200,Pacific Time (US & Canada),5290302,sidhough,Sidney Hough,2025-06-01 19:14:33 +0200,2025-06-07 02:37:12 +0200,research,CC-BY-NC,https://www.inaturalist.org/observations/286010936,https://inaturalist-open-data.s3.amazonaws.com/photos/514125351/medium.jpg,,"",,2,0,false,,"Palo Alto, CA, USA",37.4580056774,-122.1029472344,663,,,,663,,open,false,,,Snowy Egret,Egretta thula,Garza dedos dorados,Aves,4940
286143502,a6f78e5e-4564-4c7e-a725-5dd3293ac164,2025-06-01 12:50:50-06:00,2025-06-01,2025-06-01 20:50:50 +0200,Mountain Time (US & Canada),2889874,irukandji,Irukandji,2025-06-02 02:42:51 +0200,2025-07-19 00:14:17 +0200,research,CC-BY-NC-ND,https://www.inaturalist.org/observations/286143502,https://inaturalist-open-data.s3.amazonaws.com/photos/514379150/medium.jpg,,"","",2,0,false,3,"Dike Rd, Farmington, UT, US",40.95766,-111.924865,,,,,,,open,false,,,Snowy Egret,Egretta thula,Garza dedos dorados,Aves,4940
286296643,0e1a3374-0348-491f-b37a-dcb2ee928622,2025/06/01 1:01 PM,2025-06-01,2025-06-01 22:01:00 +0200,Pacific Time (US & Canada),796280,eleggua,eleggua,2025-06-02 17:43:49 +0200,2025-06-03 03:14:24 +0200,research,CC-BY-NC,https://www.inaturalist.org/observations/286296643,https://inaturalist-open-data.s3.amazonaws.com/photos/514655103/medium.jpg,,"",,1,0,false,,"Lake Merritt, Oakland, CA, USA",37.8058333333,-122.2622222222,,,,,,,open,false,,,Snowy Egret,Egretta thula,Garza dedos dorados,Aves,4940
286697537,52739660-2cc4-491e-8f2f-614d96d0fccd,2025-06-03 17:26:35-07:00,2025-06-03,2025-06-04 02:26:35 +0200,Pacific Time (US & Canada),8537966,michellemoir,,2025-06-04 04:07:15 +0200,2025-09-29 16:24:19 +0200,research,CC-BY-NC,https://www.inaturalist.org/observations/286697537,https://inaturalist-open-data.s3.amazonaws.com/photos/515436622/medium.jpg,,"","",1,0,false,3,"Golden Gate Park, San Francisco, CA, US",37.7708167101,-122.5034136454,96,,,,96,,open,false,,,Snowy Egret,Egretta thula,Garza dedos dorados,Aves,4940
287209100,d030857c-9088-48d8-b2f7-d85fb2c2cff8,2025-06-05 08:57:17-07:00,2025-06-05,2025-06-05 17:57:17 +0200,Pacific Time (US & Canada),1561961,keithpittluck,Keith P,2025-06-06 04:51:34 +0200,2025-06-06 07:58:42 +0200,research,CC-BY-NC,https://www.inaturalist.org/observations/287209100,https://inaturalist-open-data.s3.amazonaws.com/photos/516405879/medium.jpg,,"","",3,0,false,3,"Santa Monica Bay, Redondo Beach, CA, US",33.8281200697,-118.3917264733,20,,,,20,,open,false,,,Snowy Egret,Egretta thula,Garza dedos dorados,Aves,4940
287235429,e1c789d0-1adc-4f6b-b98f-d3981f700358,2025/05/24 6:35 AM,2025-05-24,2025-05-24 14:35:00 +0200,Monterrey,6808892,wild_adventures,Enrique and Gabriel Longoria,2025-06-06 08:21:11 +0200,2025-06-09 01:22:55 +0200,research,,https://www.inaturalist.org/observations/287235429,https://static.inaturalist.org/photos/516454269/medium.jpg,,"",,3,0,false,,"Sin Nombre de Col 33, Guadalupe, N.L., Mexico",25.6660803526,-100.2522244679,31,,,,31,,open,false,,,Snowy Egret,Egretta thula,Garza dedos dorados,Aves,4940
288519788,72f51722-6d54-4e37-a9ba-12b09dac922d,2025/06/10 8:22 AM,2025-06-10,2025-06-10 14:22:00 +0200,Eastern Time (US & Canada),1073605,kevinricker,Kevin Ricker,2025-06-10 19:40:48 +0200,2025-06-28 06:49:31 +0200,research,CC-BY-NC,https://www.inaturalist.org/observations/288519788,https://inaturalist-open-data.s3.amazonaws.com/photos/518865842/medium.jpg,,"",,1,0,false,,"Georgetown County, SC, USA",33.5039790204,-79.0704960384,4,,,,4,,open,false,,,Snowy Egret,Egretta thula,Garza dedos dorados,Aves,4940
288655004,f7753e36-7564-4f8f-8b72-2b79db2e2a2e,2025/06/09 12:03 PM,2025-06-09,2025-06-09 21:03:00 +0200,Pacific Time (US & Canada),4118606,philipfiorio,Philip Fiorio,2025-06-11 06:49:35 +0200,2025-06-11 17:50:40 +0200,research,CC-BY-NC,https://www.inaturalist.org/observations/288655004,https://inaturalist-open-data.s3.amazonaws.com/photos/519129271/medium.jpg,,"",,3,0,false,,"Marina District, San Francisco, CA, USA",37.8042527778,-122.4478222222,,,,,,,open,false,,,Snowy Egret,Egretta thula,Garza dedos dorados,Aves,4940
289145604,5af1d8b0-580d-467d-8464-5e26b7381ad2,2025-06-12 16:50:51,2025-06-12,2025-06-13 01:50:51 +0200,Pacific Time (US & Canada),28,tiwane,Tony Iwane,2025-06-13 02:26:45 +0200,2025-11-18 22:38:10 +0000,research,CC-BY,https://www.inaturalist.org/observations/289145604,https://inaturalist-open-data.s3.amazonaws.com/photos/520033749/medium.jpg,,"",,1,0,false,843,"San Francisco Bay Trail, Emeryville, CA, US",37.8373637573,-122.3083431247,2,,,,2,,open,false,,,Snowy Egret,Egretta thula,Garza dedos dorados,Aves,4940
289744090,3afcba64-fb50-4757-9816-a8512f3b7f03,2025/06/14 9:47 AM,2025-06-14,2025-06-14 18:47:00 +0200,Pacific Time (US & Canada),796280,eleggua,eleggua,2025-06-15 08:21:05 +0200,2025-06-15 21:53:52 +0200,research,CC-BY-NC,https://www.inaturalist.org/observations/289744090,https://inaturalist-open-data.s3.amazonaws.com/photos/521158230/medium.jpg,,"","Oakland Zoo Heron Rescue Project in action.
Bird is on its way to rehab.

This injured pre-fledgling chick  was rescued at the 12th and Harrison Sts bcnh/snowy egret rookery.

Despite its injuries and distress,  the heron rescuer described the bird as ""feisty!""

The box in which the bird is temporarily housed is designed and built for this specific use, containment and transport of young herons to a bird rehabilitation center.

The bird will be well fed and homed until it is able to fully fledge, after which it will be released with other rescuees at a nearby marsh.

Photos were taken at the bcnh rookery at 10th and Madison Sts. Heron Rescue Project stopped at this location to check for potential rescuees, after checking the rookery located at 12th and Harrison, this bird's home.

Photo taken and posted with permission from the Oakland Zoo Heron Rescue Project.",1,0,false,,"10th and Madison Sts, Chinatown, Oakland, USA",37.7990815916,-122.2656482423,4,,,,4,,open,false,,,Snowy Egret,Egretta thula,Garza dedos dorados,Aves,4940
290268505,0b5fb591-db8e-476c-a880-ab5d6d7c4cb5,2025/06/12 4:02 PM,2025-06-12,2025-06-13 00:02:00 +0200,Mountain Time (US & Canada),8241069,daughterdad,Daughter Dad,2025-06-17 01:35:04 +0200,2026-02-24 03:48:41 +0000,research,CC-BY,https://www.inaturalist.org/observations/290268505,https://inaturalist-open-data.s3.amazonaws.com/photos/522156794/medium.jpg,,"",,1,0,false,,"Davis County, UT, USA",40.9628448227,-111.9263474915,281,,,,281,,open,false,,,Snowy Egret,Egretta thula,Garza dedos dorados,Aves,4940
290403787,5987a742-2aff-4554-b29f-2635f0e25ec1,2025-06-17 07:44:05+09:00,2025-06-16,2025-06-17 00:44:05 +0200,America/Costa_Rica,7315132,lcaroliney19,,2025-06-17 16:17:24 +0200,2025-06-28 23:56:30 +0200,research,CC-BY-NC,https://www.inaturalist.org/observations/290403787,https://inaturalist-open-data.s3.amazonaws.com/photos/523204044/medium.jpg,,"","",2,0,false,3,"Centro Agronómico Tropical de Investigación y Enseñanza, Turrialba, Cartago, CR",9.8906056733,-83.6548945899,81,,,,81,,open,false,,,Snowy Egret,Egretta thula,Garza dedos dorados,Aves,4940
290706068,5e19f10b-a3ee-4067-b65b-fea43d0c6db6,2025-06-18 08:02:00,2025-06-18,2025-06-18 17:02:00 +0200,Pacific Time (US & Canada),2460115,jasminott,Mel Minott,2025-06-18 18:48:21 +0200,2025-06-18 22:56:13 +0200,research,,https://www.inaturalist.org/observations/290706068,https://static.inaturalist.org/photos/522988208/medium.jpg,,"",,3,0,false,2,"South Park, Los Angeles, CA, USA",33.9927279987,-118.2684240932,3,,,,3,,open,false,,,Snowy Egret,Egretta thula,Garza dedos dorados,Aves,4940
291204196,6b46fd21-d97a-4b54-9f2a-f573095750cc,2025/06/19 9:28 AM,2025-06-19,2025-06-19 16:28:00 +0200,Central Time (US & Canada),316477,tcouncil,Todd Council,2025-06-20 16:12:09 +0200,2025-06-20 16:19:04 +0200,research,CC-BY-NC,https://www.inaturalist.org/observations/291204196,https://inaturalist-open-data.s3.amazonaws.com/photos/523919224/medium.jpg,,"Gabi, Hornsby Bend, Snowy Egret, iNaturalist",,2,0,false,,"Travis County, TX, USA",30.2195244599,-97.6495806898,655,,,,655,,open,false,,,Snowy Egret,Egretta thula,Garza dedos dorados,Aves,4940
291394873,2f1af3ae-3bbd-41dc-b62c-b1f7c836b8f9,2025/05/01 2:07 PM,2025-05-01,2025-05-01 21:07:00 +0200,Central Time (US & Canada),137761,wildreturn,Chrissy McClarren and Andy Reago,2025-06-21 07:31:55 +0200,2025-06-21 15:23:15 +0200,research,CC0,https://www.inaturalist.org/observations/291394873,https://inaturalist-open-data.s3.amazonaws.com/photos/524282040/medium.jpg,,"",,2,0,false,,"O'Fallon Park, 799 E Taylor Ave, St. Louis, MO 63147, USA",38.6804764,-90.219231,424,,,,424,,open,false,,,Snowy Egret,Egretta thula,Garza dedos dorados,Aves,4940
291888462,828c31f4-55c4-4753-8e8d-1a33645e60c5,2025/06/15 8:51 AM,2025-06-15,2025-06-15 17:51:00 +0200,Pacific Time (US & Canada),4536725,john_erickson,John Matthew Erickson,2025-06-22 21:58:43 +0200,2025-06-23 08:10:00 +0200,research,,https://www.inaturalist.org/observations/291888462,https://static.inaturalist.org/photos/525192678/medium.jpg,,"",,1,0,false,,"Pacific Grove, CA, USA",36.6382344594,-121.936325221,486,,,,486,,open,false,,,Snowy Egret,Egretta thula,Garza dedos dorados,Aves,4940
292634331,e64da908-5b52-45f8-bb20-aeeb3b476cc1,2025/06/23 6:55 AM,2025-06-23,2025-06-23 15:55:00 +0200,Pacific Time (US & Canada),796280,eleggua,eleggua,2025-06-25 17:25:12 +0200,2025-06-26 03:42:03 +0200,research,CC-BY-NC,https://www.inaturalist.org/observations/292634331,https://inaturalist-open-data.s3.amazonaws.com/photos/526631186/medium.jpg,,"","""It's the precarious perch that inspires and makes us leap!""  -Art Goodtimes

12th and Harrison Sts, Downtown Oakland, black-crowned night heron and snowy egret urban rookery.",2,0,false,,"12th and Harrison Sts, Downtown Oakland, Oakland, CA, USA",37.8013888889,-122.2683333333,,,,,,,open,false,,,Snowy Egret,Egretta thula,Garza dedos dorados,Aves,4940
292744714,32f966a4-9c0b-4c15-b329-c34f97672aea,2014/06/22 8:49 AM,2014-06-22,2014-06-22 15:49:00 +0200,Central Time (US & Canada),63375,rkostecke,Rich Kostecke,2025-06-26 01:33:04 +0200,2025-06-28 04:44:17 +0200,research,CC-BY-NC,https://www.inaturalist.org/observations/292744714,https://inaturalist-open-data.s3.amazonaws.com/photos/526844685/medium.jpg,,"Ardeidae, Texas, Williamson County, egret, wading bird, wading birds",,1,0,false,,"Taylor, TX, USA",30.5809820324,-97.4132342673,24,,,,24,,open,false,,,Snowy Egret,Egretta thula,Garza dedos dorados,Aves,4940
292990802,ff1d2b44-0329-4a13-9ac4-cd1ae4789448,2025-06-25 14:41:33,2025-06-25,2025-06-25 22:41:33 +0200,Mexico City,5246949,fer_garcia,,2025-06-27 00:43:33 +0200,2025-07-10 06:30:30 +0200,research,CC-BY-NC,https://www.inaturalist.org/observations/292990802,https://inaturalist-open-data.s3.amazonaws.com/photos/527309847/medium.jpg,,"",,1,0,false,2,"Túxpam de Rodríguez Cano, Ver., México",20.9452013619,-97.3576815426,3066,,,,3066,,open,false,gps,gps,Garza dedos dorados,Egretta thula,Garza dedos dorados,Aves,4940
292991145,5323806e-376e-4a21-b9a0-1190d7e6fe46,2025-06-25 14:54:34,2025-06-25,2025-06-25 22:54:34 +0200,Mexico City,5246949,fer_garcia,,2025-06-27 00:46:08 +0200,2025-06-28 18:51:16 +0200,research,CC-BY-NC,https://www.inaturalist.org/observations/292991145,https://inaturalist-open-data.s3.amazonaws.com/photos/527310317/medium.jpg,,"",,3,0,false,2,"Túxpam de Rodríguez Cano, Ver., México",20.9430079262,-97.3631086573,2796,,,,2796,,open,false,gps,gps,Garza dedos dorados,Egretta thula,Garza dedos dorados,Aves,4940
293423686,1b380675-e725-4fc7-8d42-79ff1f6fccb2,2025/06/28 6:49 AM,2025-06-28,2025-06-28 13:49:00 +0200,Central Time (US & Canada),8394525,matthew_woodring,Matthew Woodring,2025-06-28 18:05:16 +0200,2025-06-29 01:23:11 +0200,research,,https://www.inaturalist.org/observations/293423686,https://static.inaturalist.org/photos/528117027/medium.jpg,,"",,1,0,false,,"Seabrook, TX, USA",29.5907237814,-94.9958416113,25,,,,25,,open,false,,,Snowy Egret,Egretta thula,Garza dedos dorados,Aves,4940
293445132,a1c668af-ea0d-43d3-9939-b38e0a9259da,2025/06/28 7:51 AM,2025-06-28,2025-06-28 15:51:00 +0200,America/Merida,6651566,echmartnature,Julio César Echeverría Botes,2025-06-28 19:16:29 +0200,2025-06-28 22:50:41 +0200,research,CC-BY-NC-ND,https://www.inaturalist.org/observations/293445132,https://inaturalist-open-data.s3.amazonaws.com/photos/528159159/medium.jpg,,"","",4,0,false,,"San Antonio Kaua II, Mérida, Yuc., México",20.9487258462,-89.5780174988,15,,,,15,,open,false,,,Garza dedos dorados,Egretta thula,Garza dedos dorados,Aves,4940
293645430,5281ac8a-c117-4626-8aa4-badeea478a54,2023/06/26 3:09 PM,2023-06-26,2023-06-27 00:09:00 +0200,Pacific Time (US & Canada),796280,eleggua,eleggua,2025-06-29 07:36:44 +0200,2025-07-28 06:11:50 +0200,research,CC-BY-NC,https://www.inaturalist.org/observations/293645430,https://inaturalist-open-data.s3.amazonaws.com/photos/528484355/medium.jpg,,"","fledgling snowys often show yellow on the beak.

2023 = snowys sharing the urban rookery with bcnh.

2025 = no snowys sharing this urban rookery with the bcnh.

10th and Madison Sts, Chinatown, Oakland, black-crowned night heron urban rookery.

",1,0,false,,"10th and Madison Sts, Chinatown, Oakland, USA",37.7990971459,-122.2657259465,2,,,,2,,open,false,,,Snowy Egret,Egretta thula,Garza dedos dorados,Aves,4940
293647202,1c9b271e-ffad-43cd-a2ee-5b6494bb8e1f,2023/06/26 3:08 PM,2023-06-26,2023-06-27 00:08:00 +0200,Pacific Time (US & Canada),796280,eleggua,eleggua,2025-06-29 07:51:32 +0200,2025-07-28 04:49:42 +0200,research,CC-BY-NC,https://www.inaturalist.org/observations/293647202,https://inaturalist-open-data.s3.amazonaws.com/photos/528491263/medium.jpg,,"","adult bcnh on the right.
juvenile snowy egret on the left.

fledgling snowys often show yellow on the beak.

2023 = snowys sharing the urban rookery with bcnh.

2025 = no snowys sharing this urban rookery with the bcnh.

10th and Madison Sts, Chinatown, Oakland, black-crowned night heron urban rookery.",1,0,false,,"10th and Madison Sts, Chinatown, Oakland, USA",37.7990983786,-122.2657053656,2,,,,2,,open,false,,,Snowy Egret,Egretta thula,Garza dedos dorados,Aves,4940
294136977,4ae6e333-4262-43bb-82ae-f53bf5841c7e,2025/06/30 10:40 AM,2025-06-30,2025-06-30 18:40:00 +0200,America/Edmonton,1568648,ccfisher,Chris Fisher,2025-06-30 21:47:21 +0200,2025-07-01 05:45:09 +0200,research,CC-BY-NC,https://www.inaturalist.org/observations/294136977,https://inaturalist-open-data.s3.amazonaws.com/photos/529403299/medium.jpg,,"",,4,0,false,,"Rocky View County, AB, Canada",50.8053633284,-113.6956720341,122,,,,122,,open,false,,,Snowy Egret,Egretta thula,Garza dedos dorados,Aves,4940
294197526,68add407-db6d-4962-b18e-1819af9ef853,2025-06-29 19:36:16-04:00,2025-06-29,2025-06-30 01:36:16 +0200,Eastern Time (US & Canada),7652083,em_brid,,2025-07-01 02:28:27 +0200,2025-07-01 02:34:25 +0200,research,CC-BY-NC,https://www.inaturalist.org/observations/294197526,https://inaturalist-open-data.s3.amazonaws.com/photos/529520997/medium.jpg,,"","",1,0,false,3,"North Atlantic Ocean, Tybee Island, GA, US",32.0214796865,-80.8628769422,36,,,,36,,open,false,,,Snowy Egret,Egretta thula,Garza dedos dorados,Aves,4940
294344301,51a918ae-e82d-4b15-bb4e-17fc749181b7,2025/06/30 11:43 AM,2025-06-30,2025-06-30 19:43:00 +0200,America/Merida,6810349,eduardosz,Eduardo Suárez Zapata,2025-07-01 17:50:01 +0200,2025-11-23 21:41:24 +0000,research,CC-BY-NC,https://www.inaturalist.org/observations/294344301,https://inaturalist-open-data.s3.amazonaws.com/photos/529796017/medium.jpg,,"",,4,0,false,,"Cdad. del Carmen, Camp., México",18.6585977695,-91.8182120446,2,,,,2,,open,false,,,Garza dedos dorados,Egretta thula,Garza dedos dorados,Aves,4940
294409869,e3341f2f-34de-46be-9b47-5edc7acf04ca,Tue Jul 01 2025 08:48:23 GMT -0700 (PDT),2025-07-01,2025-07-01 17:48:23 +0200,Pacific Time (US & Canada),8966050,chenbuterol,,2025-07-01 22:19:21 +0200,2025-07-07 19:02:40 +0200,research,CC-BY-NC,https://www.inaturalist.org/observations/294409869,https://inaturalist-open-data.s3.amazonaws.com/photos/530386309/medium.jpg,,"",,2,0,false,333,Encinitas,33.0108184814,-117.2697753906,635,,,,635,,open,false,,,Snowy Egret,Egretta thula,Garza dedos dorados,Aves,4940
294491560,f7ddff1e-88dc-4fb6-867b-6d46755a6671,2025-05-27 00:35:03,2025-05-27,2025-05-27 08:35:03 +0200,Mountain Time (US & Canada),8257874,munzing,,2025-07-02 05:08:46 +0200,2025-07-02 13:57:11 +0200,research,CC-BY-NC,https://www.inaturalist.org/observations/294491560,https://inaturalist-open-data.s3.amazonaws.com/photos/530074178/medium.jpg,,"",,2,0,false,843,Bear River Migratory Bird Refuge,41.4700980839,-112.2648652429,,,,,,,open,false,,,Snowy Egret,Egretta thula,Garza dedos dorados,Aves,4940
294968539,3ed0eb96-5c41-479f-93fd-6cb616049623,2025/07/03 2:23 PM,2025-07-03,2025-07-03 21:23:00 +0200,Central Time (US & Canada),279308,jcat,Judy,2025-07-04 00:33:58 +0200,2025-07-04 15:24:12 +0200,research,CC-BY-NC,https://www.inaturalist.org/observations/294968539,https://inaturalist-open-data.s3.amazonaws.com/photos/530968125/medium.jpg,,"",,2,0,false,,"Dallas, TX, USA",32.8338293534,-96.7126697084,4,,,,4,,open,false,,,Snowy Egret,Egretta thula,Garza dedos dorados,Aves,4940
295285445,a5797717-f7c5-4bd2-8ed2-6021e281adcd,2025/07/04 11:09 AM,2025-07-04,2025-07-04 20:09:00 +0200,Pacific Time (US & Canada),6688661,melbar2022,Melanie Barnett,2025-07-05 04:39:01 +0200,2025-09-16 04:49:31 +0200,research,CC-BY-NC,https://www.inaturalist.org/observations/295285445,https://inaturalist-open-data.s3.amazonaws.com/photos/531569904/medium.jpg,,"",,1,0,false,,"Shorebird Way Rookery, Mountain View, Santa Clara County, CA, USA",37.4192673308,-122.071521018,60,,,,60,,open,false,,,Snowy Egret,Egretta thula,Garza dedos dorados,Aves,4940
295427871,e8f7f4be-1b80-4f4f-8f7f-b9575d6f93d6,2025/07/01 12:55 PM,2025-07-01,2025-07-01 21:55:00 +0200,Pacific Time (US & Canada),796280,eleggua,eleggua,2025-07-05 18:35:15 +0200,2025-07-07 04:30:52 +0200,research,CC-BY-NC,https://www.inaturalist.org/observations/295427871,https://inaturalist-open-data.s3.amazonaws.com/photos/531768789/medium.jpg,,"","12th and Harrison Sts, Downtown Oakland, black-crowned night heron and snowy egret urban rookery.",1,0,false,,"12th and Harrison Sts, Downtown Oakland, Oakland, CA, USA",37.8011046929,-122.2683594003,4,,,,4,,open,false,,,Snowy Egret,Egretta thula,Garza dedos dorados,Aves,4940
295449292,bde6126e-d7db-4375-89cc-d30a33b1f729,2025/07/01 12:57 PM,2025-07-01,2025-07-01 21:57:00 +0200,Pacific Time (US & Canada),796280,eleggua,eleggua,2025-07-05 19:53:23 +0200,2025-12-11 04:57:25 +0000,research,CC-BY-NC,https://www.inaturalist.org/observations/295449292,https://inaturalist-open-data.s3.amazonaws.com/photos/531893429/medium.jpg,,"","both successfully hatched!

side-by-side for comparison.

bcnh eggs are slightly larger, less oblong and more rounded than snowy eggs. snowy eggs tend toward a deeper blue, too. Also, the snowy exit hole tends too be less wide, smaller and toward the top of the egg than bcnh.

found at the 12th and Harrison Sts, Downtown Oakland, black-crowned night heron and snowy egret urban rookery.",1,0,false,,"12th and Harrison Sts, Downtown Oakland, Oakland, CA, USA",37.8013811407,-122.2683804245,1,,,,1,,open,false,,,Snowy Egret,Egretta thula,Garza dedos dorados,Aves,4940
295458424,0637a927-9e5c-4c4c-87a5-a107bcffaacf,2025-07-05 09:23:49-07:00,2025-07-05,2025-07-05 18:23:49 +0200,Pacific Time (US & Canada),44715,ki6h,M.R. Perry,2025-07-05 20:28:07 +0200,2025-07-06 16:32:47 +0200,research,CC-BY-NC,https://www.inaturalist.org/observations/295458424,https://inaturalist-open-data.s3.amazonaws.com/photos/531896768/medium.jpg,,"","Catching a fish, losing it, then catching it again.",1,0,false,3,"Griffith Park, Los Angeles, CA, US",34.1571445,-118.2990383333,,,,,,,open,false,,,Snowy Egret,Egretta thula,Garza dedos dorados,Aves,4940
295599494,ac97846f-b2e8-46c2-b329-3106d7e9b4ee,2015/04/05 10:27 AM,2015-04-05,2015-04-05 19:27:00 +0200,Pacific Time (US & Canada),91922,avocat,"",2025-07-06 06:49:58 +0200,2025-07-06 07:07:04 +0200,research,CC-BY-NC,https://www.inaturalist.org/observations/295599494,https://inaturalist-open-data.s3.amazonaws.com/photos/532166198/medium.jpg,,"Mountain View, Shoreline Park",,1,0,false,,"Mountain View, CA, USA",37.43565,-122.0988882,,,,,,,open,false,,,Snowy Egret,Egretta thula,Garza dedos dorados,Aves,4940
295704056,93ee6e9b-0455-46bf-8c90-c65b5da3ef5f,2025/06/24 7:41 PM,2025-06-24,2025-06-25 04:41:00 +0200,Pacific Time (US & Canada),796280,eleggua,eleggua,2025-07-06 16:55:40 +0200,2025-07-06 18:08:04 +0200,research,CC-BY-NC,https://www.inaturalist.org/observations/295704056,https://inaturalist-open-data.s3.amazonaws.com/photos/532347738/medium.jpg,,"","overflying the 10th and Madison Sts, Chinatown, Oakland, black-crowned night heron urban rookery.",1,0,false,,"10th and Madison Sts, Chinatown, Oakland, USA",37.7990336852,-122.2658010596,4,,,,4,,open,false,,,Snowy Egret,Egretta thula,Garza dedos dorados,Aves,4940
296535579,0afc6a85-6f23-44c8-9a1b-34ef33f969cd,2024/04/10 11:04 AM,2024-04-10,2024-04-10 17:04:00 +0200,Eastern Time (US & Canada),1255518,donaldmcleod,Don McLeod,2025-07-09 18:15:01 +0200,2025-07-10 01:37:06 +0200,research,CC-BY-NC,https://www.inaturalist.org/observations/296535579,https://inaturalist-open-data.s3.amazonaws.com/photos/533943138/medium.jpg,,"",Referring to the white bird in background with black bill and yellow lores,2,0,false,,"Georgetown County, SC, USA",33.5096169444,-79.0711188889,,,,,,,open,false,,,Snowy Egret,Egretta thula,Garza dedos dorados,Aves,4940
297801052,2bcaa1d3-a119-4299-a010-758023bdb02b,2025/06/30 7:37 AM,2025-06-30,2025-06-30 13:37:00 +0200,Eastern Time (US & Canada),8777531,roxas132,Andrew Touati,2025-07-14 05:40:27 +0200,2025-07-16 06:47:12 +0200,research,CC-BY-NC,https://www.inaturalist.org/observations/297801052,https://inaturalist-open-data.s3.amazonaws.com/photos/536352747/medium.jpg,,"",,2,0,false,,"Galloway, NJ, USA",39.4608424274,-74.4298270225,2858,,,,2858,,open,false,,,Snowy Egret,Egretta thula,Garza dedos dorados,Aves,4940
298047879,713cc397-951a-4ad0-90fe-cb6451b1f672,2025-07-14 12:10:15,2025-07-14,2025-07-14 19:10:15 +0200,Central Time (US & Canada),8828621,joyjourney,jamie,2025-07-15 03:26:28 +0200,2025-08-07 19:11:43 +0200,research,CC-BY-NC,https://www.inaturalist.org/observations/298047879,https://inaturalist-open-data.s3.amazonaws.com/photos/536825800/medium.jpg,,"",,2,0,false,2,"High Island, TX 77623, USA",29.5742411997,-94.3900686,,,,,,,open,false,gps,gps,Snowy Egret,Egretta thula,Garza dedos dorados,Aves,4940
298062139,4d84fd81-31b0-4777-b6eb-4561c6b076e2,2025/07/10 7:30 PM,2025-07-10,2025-07-11 01:30:00 +0200,America/Detroit,3509070,andrew61891,Andrew Simon,2025-07-15 04:46:09 +0200,2025-07-17 17:02:40 +0200,research,,https://www.inaturalist.org/observations/298062139,https://static.inaturalist.org/photos/536842432/medium.jpg,,"",,3,0,false,,"Bay County, MI, USA",43.6682301721,-83.9020935957,15,,,,15,,open,false,,,Snowy Egret,Egretta thula,Garza dedos dorados,Aves,4940
298680899,efeb8b83-d256-4528-bd1c-2cf514411b17,2025-07-11 08:13:33,2025-07-11,2025-07-11 16:13:33 +0200,Mountain Time (US & Canada),4733620,oscar_dove,Oscar Dove,2025-07-17 16:53:40 +0200,2025-07-18 07:10:07 +0200,research,CC-BY,https://www.inaturalist.org/observations/298680899,https://inaturalist-open-data.s3.amazonaws.com/photos/538034429/medium.jpg,,"",,2,0,false,2,"Box Elder County, UT, USA",41.4498192462,-112.2869906947,2844,,,,2844,,open,false,gps,gps,Snowy Egret,Egretta thula,Garza dedos dorados,Aves,4940
299045747,809f2513-c17b-42e5-8418-e426584969a4,2025-07-18 12:53:30-07:00,2025-07-18,2025-07-18 21:53:30 +0200,Pacific Time (US & Canada),44715,ki6h,M.R. Perry,2025-07-19 00:58:35 +0200,2025-07-19 06:47:00 +0200,research,CC-BY-NC,https://www.inaturalist.org/observations/299045747,https://inaturalist-open-data.s3.amazonaws.com/photos/538730210/medium.jpg,,"","",2,0,false,3,"Lake Hollywood Dr, Los Angeles, CA, US",34.1262333333,-118.3308333333,1,,,,1,,open,false,,,Snowy Egret,Egretta thula,Garza dedos dorados,Aves,4940
299104454,82a5c0df-3e0a-45b2-a460-e90ff898b9fe,2025-07-17 11:15:00-06:00,2025-07-17,2025-07-17 19:15:00 +0200,Mexico City,9555185,patydannae,Patricia,2025-07-19 06:46:46 +0200,2025-07-20 13:04:37 +0200,research,CC-BY-NC,https://www.inaturalist.org/observations/299104454,https://inaturalist-open-data.s3.amazonaws.com/photos/538847212/medium.jpg,,"","",2,0,false,3,Mexico,19.2977143587,-99.0071001274,27,,,,30580,obscured,open,true,,,Garza dedos dorados,Egretta thula,Garza dedos dorados,Aves,4940
299154557,f703c5a4-db66-4d4a-9692-e0c53ef2747a,2018-01-13 21:02:18,2018-01-13,2018-01-14 05:02:18 +0000,Pacific Time (US & Canada),159874,jnegreann,Joey Negreann,2025-07-19 13:30:57 +0200,2025-07-19 20:53:17 +0200,research,CC-BY-NC,https://www.inaturalist.org/observations/299154557,https://inaturalist-open-data.s3.amazonaws.com/photos/538942993/medium.jpg,,"",,1,0,false,843,"Strawberry, CA, US",37.8938855922,-122.5009262184,87,,,,87,,open,false,,,Snowy Egret,Egretta thula,Garza dedos dorados,Aves,4940
299328302,2efd4908-4db8-4eca-ae49-f451a52dbe8b,2025-07-19T13:19,2025-07-19,2025-07-19 22:19:00 +0200,Pacific Time (US & Canada),9317649,devsirlpokedex,Devin Wright,2025-07-20 00:19:55 +0200,2025-12-26 09:00:55 +0000,research,CC-BY-NC,https://www.inaturalist.org/observations/299328302,https://inaturalist-open-data.s3.amazonaws.com/photos/539264502/medium.jpg,,"",,2,0,false,843,"Nieto Ave, Long Beach, CA, US",33.7721729159,-118.1332368225,445,,,,445,,open,false,,,Snowy Egret,Egretta thula,Garza dedos dorados,Aves,4940
299355411,8107145b-c537-4a4f-89d5-a900cf44d592,2025-05-26 11:59,2025-05-26,2025-05-26 19:59:00 +0200,Mountain Time (US & Canada),2125127,ribbonworm,Lee J,2025-07-20 02:06:32 +0200,2025-09-27 07:00:18 +0200,research,CC-BY-NC,https://www.inaturalist.org/observations/299355411,https://inaturalist-open-data.s3.amazonaws.com/photos/541454394/medium.jpg,,"photographed, class-bulkobservationfile-user_id-2125127-filename-naturalist-export-csv-project_id-2025-07-19 16:55:05 -0700.csv","",1,0,false,,"Addenbrooke Park, Colorado, United States",39.706,-105.1041,,,,,,,open,false,,,Snowy Egret,Egretta thula,Garza dedos dorados,Aves,4940
299749462,217ab34e-e941-44ea-a4f8-bb9c66f66411,2025/07/20 9:09 AM,2025-07-20,2025-07-20 18:09:00 +0200,Pacific Time (US & Canada),6688661,melbar2022,Melanie Barnett,2025-07-21 06:50:42 +0200,2025-07-21 07:45:56 +0200,research,CC-BY-NC,https://www.inaturalist.org/observations/299749462,https://inaturalist-open-data.s3.amazonaws.com/photos/540041667/medium.jpg,,"",,1,0,false,,"Foster City Shell Bar, San Mateo County, CA, USA",37.561680893,-122.248156469,150,,,,150,,open,false,,,Snowy Egret,Egretta thula,Garza dedos dorados,Aves,4940
299936030,6197750b-019d-4ac9-8eb7-77f8ee434a56,2017/06/22 4:18 PM,2017-06-22,2017-06-22 22:18:00 +0200,Eastern Time (US & Canada),912605,kodiakgarden,Dan Vickers,2025-07-21 22:11:51 +0200,2025-07-21 23:01:46 +0200,research,CC0,https://www.inaturalist.org/observations/299936030,https://inaturalist-open-data.s3.amazonaws.com/photos/540382592/medium.jpg,,"",,3,0,false,,"66MC+GCF, Hilton Head Island, SC, USA",32.2338125,-80.7789531,196,,,,196,,open,false,,,Snowy Egret,Egretta thula,Garza dedos dorados,Aves,4940
300333729,92cc2b3c-539b-42b1-a594-7640e42ec115,2025-07-22 19:49:48-07:00,2025-07-22,2025-07-23 04:49:48 +0200,Pacific Time (US & Canada),2490792,shevacarr,Sheva Carr,2025-07-23 08:40:38 +0200,2025-07-23 08:50:10 +0200,research,,https://www.inaturalist.org/observations/300333729,https://static.inaturalist.org/photos/541135469/medium.jpg,,"","",1,0,false,3,"Cowell’s Beach, Santa Cruz, CA, US",36.9604133333,-122.0250695,10,,,,10,,open,false,,,Snowy Egret,Egretta thula,Garza dedos dorados,Aves,4940
300583572,6cb8e6d7-dfc1-452b-b503-3b6c4accada0,2025/03/08 9:54 AM,2025-03-08,2025-03-08 17:54:00 +0000,Pacific Time (US & Canada),9330842,bmartin0593photo,Ben Martin Mortimer,2025-07-24 06:10:55 +0200,2025-07-24 13:30:02 +0200,research,CC-BY-NC,https://www.inaturalist.org/observations/300583572,https://inaturalist-open-data.s3.amazonaws.com/photos/541599970/medium.jpg,,"",,1,0,false,,"Santee, CA, USA",32.8473319505,-117.0053003576,244,,,,244,,open,false,,,Snowy Egret,Egretta thula,Garza dedos dorados,Aves,4940
300584610,dcdf5b6a-9c83-4e56-9515-052839158d7c,2025-07-21 17:32:50,2025-07-21,2025-07-22 02:32:50 +0200,Pacific Time (US & Canada),9529100,justbears,,2025-07-24 06:17:15 +0200,2026-02-21 15:36:08 +0000,research,CC-BY-NC,https://www.inaturalist.org/observations/300584610,https://inaturalist-open-data.s3.amazonaws.com/photos/541606469/medium.jpg,,"",,4,0,false,843,"San Diego Creek Trail, Irvine, CA, US",33.6882166667,-117.8262116667,3,,,,3,,open,false,,,Snowy Egret,Egretta thula,Garza dedos dorados,Aves,4940
300719689,c74f8114-b095-4bfe-bc71-5611c1d7a3bd,2025/07/22 6:27 AM,2025-07-22,2025-07-22 15:27:00 +0200,Pacific Time (US & Canada),796280,eleggua,eleggua,2025-07-24 19:08:00 +0200,2025-10-10 20:19:52 +0200,research,CC-BY-NC,https://www.inaturalist.org/observations/300719689,https://inaturalist-open-data.s3.amazonaws.com/photos/541842899/medium.jpg,,"","12th and Harrison Sts, Downtown Oakland, black-crowned night heron and snowy egret urban rookery.
",1,0,false,,"12th and Harrison Sts, Downtown Oakland, Oakland, CA, USA",37.8011946822,-122.2685646739,2,,,,2,,open,false,,,Snowy Egret,Egretta thula,Garza dedos dorados,Aves,4940
300982373,3f109a91-6210-4b8e-acd7-d6f72acd5595,2025-07-23 16:13:14,2025-07-23,2025-07-24 01:13:14 +0200,Pacific Time (US & Canada),9572721,alexander48387,Alexander Miles,2025-07-25 19:08:03 +0200,2025-07-26 05:59:08 +0200,research,CC-BY-NC,https://www.inaturalist.org/observations/300982373,https://inaturalist-open-data.s3.amazonaws.com/photos/542340511/medium.jpg,,"",,2,0,false,843,"Coyote Creek Trail, San Jose, CA, US",37.2270463768,-121.7515393801,11,,,,11,,open,false,,,Snowy Egret,Egretta thula,Garza dedos dorados,Aves,4940
301088192,7b1036b8-e3ac-4526-a589-2ba01594588b,2025-07-23,2025-07-23,,Central Time (US & Canada),4058142,christopherbentley04,Chris Bentley,2025-07-26 03:36:50 +0200,2025-07-26 08:45:44 +0200,research,CC-BY-NC,https://www.inaturalist.org/observations/301088192,https://inaturalist-open-data.s3.amazonaws.com/photos/542541287/medium.jpg,,"",Snowy observation ,1,0,false,2,"San Antonio, TX 78221, USA",29.3109559588,-98.4998553246,188,,,,188,,open,false,gps,gps,Snowy Egret,Egretta thula,Garza dedos dorados,Aves,4940
301269422,cb9a5261-55f5-4e2a-8b4c-ce4432bc41fe,2025-07-24 15:27:40,2025-07-24,2025-07-24 21:27:40 +0200,Eastern Time (US & Canada),1351798,naturalistfishing,"",2025-07-26 19:54:12 +0200,2025-07-27 02:07:28 +0200,research,CC-BY-NC,https://www.inaturalist.org/observations/301269422,https://inaturalist-open-data.s3.amazonaws.com/photos/542869437/medium.jpg,,"",,2,0,false,2,"Jamestown, RI 02835, USA",41.5069912454,-71.3742940128,10,,,,10,,open,false,gps,gps,Snowy Egret,Egretta thula,Garza dedos dorados,Aves,4940
301567131,30d292b4-a2d9-4de7-939a-8792a64ea948,2025-06-29 07:05:11,2025-06-29,2025-06-29 14:05:11 +0200,Central Time (US & Canada),2292711,rhnwi,Rick Nelson,2025-07-27 18:46:25 +0200,2025-12-01 02:57:36 +0000,research,CC-BY-NC,https://www.inaturalist.org/observations/301567131,https://inaturalist-open-data.s3.amazonaws.com/photos/543428082/medium.jpg,,"",,1,0,false,2,"Taylor, TX, USA",30.580687121,-97.4148816615,220,,,,220,,open,false,gps,gps,Snowy Egret,Egretta thula,Garza dedos dorados,Aves,4940
301573219,c8216afb-7e0f-4190-b441-b4195689ec42,2025/07/20 10:51 AM,2025-07-20,2025-07-20 16:51:00 +0200,Eastern Time (US & Canada),6787153,zackhall02,Zachary Hall,2025-07-27 19:05:06 +0200,2025-07-28 01:41:19 +0200,research,CC-BY-NC,https://www.inaturalist.org/observations/301573219,https://inaturalist-open-data.s3.amazonaws.com/photos/543428722/medium.jpg,,"",,2,0,false,,"East Lyme, CT, USA",41.30373,-72.2441933333,,,,,,,open,false,,,Snowy Egret,Egretta thula,Garza dedos dorados,Aves,4940
301993589,59e91f35-7567-4707-81b2-499e2944e82b,2025-07-27 17:03:39,2025-07-27,2025-07-28 00:03:39 +0200,Central Time (US & Canada),8889633,yviwantsless,Yvonne Karnath,2025-07-29 04:25:38 +0200,2025-07-29 14:04:24 +0200,research,,https://www.inaturalist.org/observations/301993589,https://static.inaturalist.org/photos/544228919/medium.jpg,,"",,4,0,false,2,"Pleasant Valley, Austin, TX 78741, USA",30.2439740019,-97.696926333,181,,,,181,,open,false,gps,gps,Snowy Egret,Egretta thula,Garza dedos dorados,Aves,4940
302252273,8cf1d6fa-8ff4-4994-b0f3-346630a5c92c,2025-07-29 10:26:58-04:00,2025-07-29,2025-07-29 16:26:58 +0200,Eastern Time (US & Canada),3564162,zitserm,Misha Zitser,2025-07-30 04:12:56 +0200,2025-07-31 22:11:26 +0200,research,CC-BY-NC,https://www.inaturalist.org/observations/302252273,https://inaturalist-open-data.s3.amazonaws.com/photos/544711547/medium.jpg,,"","",1,0,false,3,"Webhannet River, Wells, ME, US",43.3136321137,-70.5651831001,518,,,,518,,open,false,,,Snowy Egret,Egretta thula,Garza dedos dorados,Aves,4940
302464306,8690b44f-788b-4dbf-b265-135b8e69d764,2025-07-30 09:52:34-08:00,2025-07-30,2025-07-30 19:52:34 +0200,Pacific Time (US & Canada),8300807,coatesmatthew,,2025-07-31 00:01:49 +0200,2025-08-02 06:42:08 +0200,research,,https://www.inaturalist.org/observations/302464306,https://static.inaturalist.org/photos/545100628/medium.jpg,,"","",2,0,false,3,"Anaheim Bay, Huntington Beach, CA, US",33.6974023182,-118.0448341564,31,,,,31,,open,false,,,Snowy Egret,Egretta thula,Garza dedos dorados,Aves,4940
302482141,ae40c283-9ff2-4264-b9c3-770a1d89b736,2025/07/21 5:23 PM,2025-07-21,2025-07-22 01:23:00 +0200,Monterrey,6808892,wild_adventures,Enrique and Gabriel Longoria,2025-07-31 01:30:52 +0200,2025-08-01 06:27:55 +0200,research,,https://www.inaturalist.org/observations/302482141,https://static.inaturalist.org/photos/545120700/medium.jpg,,"",,3,0,false,,"China, Nuevo León, Nuevo Leon, Mexico",25.6512774787,-99.2809061436,15,,,,15,,open,false,,,Snowy Egret,Egretta thula,Garza dedos dorados,Aves,4940
303317268,9b662676-5d9a-4175-a69b-108b396b0109,2025/08/02 5:44 PM,2025-08-02,2025-08-02 23:44:00 +0200,Eastern Time (US & Canada),5276538,peterselmayr,"",2025-08-03 05:07:28 +0200,2025-08-03 19:44:10 +0200,research,CC-BY-NC,https://www.inaturalist.org/observations/303317268,https://inaturalist-open-data.s3.amazonaws.com/photos/546684131/medium.jpg,,"",,2,0,false,,Wells reserve,43.3307953022,-70.5463853555,4,,,,4,,open,false,,,Snowy Egret,Egretta thula,Garza dedos dorados,Aves,4940
303501095,118ca893-dad6-4038-8db4-2e3df480bf1c,2025/08/03 8:47 AM,2025-08-03,2025-08-03 15:47:00 +0200,Central Time (US & Canada),2288699,sdmtx,Dale MacLean,2025-08-03 20:56:41 +0200,2025-08-03 21:01:33 +0200,research,CC-BY-NC,https://www.inaturalist.org/observations/303501095,https://inaturalist-open-data.s3.amazonaws.com/photos/547034068/medium.jpg,,"",,1,0,false,,"Murphy Park, 1600 Veterans Dr, Taylor, TX 76574, USA",30.580687,-97.4148815,219,,,,219,,open,false,,,Snowy Egret,Egretta thula,Garza dedos dorados,Aves,4940
304124787,a5618aba-dda0-49bb-a0e9-b5a16b3d4c74,2019/05/08 6:28 AM,2019-05-08,2019-05-08 13:28:00 +0200,Central Time (US & Canada),8244242,scwraw,Stanley Wood,2025-08-06 03:26:23 +0200,2025-08-06 14:39:26 +0200,research,CC-BY-NC,https://www.inaturalist.org/observations/304124787,https://inaturalist-open-data.s3.amazonaws.com/photos/548222600/medium.jpg,,"",,3,0,false,,"Stafford County, KS, USA",38.1037121501,-98.4888646138,122,,,,122,,open,false,,,Snowy Egret,Egretta thula,Garza dedos dorados,Aves,4940
304148743,e79d0a0c-2a5d-4e96-9084-f9cf819d29a5,2025/08/03 8:51 AM,2025-08-03,2025-08-03 15:51:00 +0200,Central Time (US & Canada),932052,daricrogers,"",2025-08-06 05:59:02 +0200,2025-08-06 14:39:23 +0200,research,,https://www.inaturalist.org/observations/304148743,https://static.inaturalist.org/photos/548261873/medium.jpg,,"","",3,0,false,,"Fort Worth, TX, USA",32.827186615,-97.4601852338,8,,,,8,,open,false,,,Snowy Egret,Egretta thula,Garza dedos dorados,Aves,4940
304340344,c0770646-e7a9-4b58-a9d1-877efdd07ff2,2025/08/04 5:19 PM,2025-08-04,2025-08-05 00:19:00 +0200,Central Time (US & Canada),1917261,texasgirl27,Lynn Pyle,2025-08-07 00:24:58 +0200,2025-08-24 17:38:35 +0200,research,CC-BY-NC,https://www.inaturalist.org/observations/304340344,https://inaturalist-open-data.s3.amazonaws.com/photos/548632888/medium.jpg,,"","",1,0,false,,"Kleberg County, TX, USA",27.2868923308,-97.7741854723,61,,,,61,,open,false,,,Snowy Egret,Egretta thula,Garza dedos dorados,Aves,4940
304512347,57f03701-953b-4354-864b-9183a1ae0cab,2025-08-07 10:17:54,2025-08-07,2025-08-07 16:17:54 +0200,Eastern Time (US & Canada),9275940,robinrubecula,robin,2025-08-07 18:54:45 +0200,2025-09-25 20:31:09 +0200,research,CC-BY-NC,https://www.inaturalist.org/observations/304512347,https://inaturalist-open-data.s3.amazonaws.com/photos/548963822/medium.jpg,,"",,1,0,false,2,"Absecon, NJ 08205, USA",39.46076,-74.438764,,,,,,,open,false,gps,gps,Snowy Egret,Egretta thula,Garza dedos dorados,Aves,4940
304786379,624317b5-86f4-4e51-8db1-4275b010df04,2025/07/25 6:41 AM,2025-07-25,2025-07-25 15:41:00 +0200,Pacific Time (US & Canada),1774023,lalagregg,Gregg McClain,2025-08-08 21:08:34 +0200,2025-08-09 00:38:22 +0200,research,CC-BY,https://www.inaturalist.org/observations/304786379,https://inaturalist-open-data.s3.amazonaws.com/photos/549479178/medium.jpg,,"",,2,0,false,,"Coastal San Pedro, Los Angeles, CA, USA",33.7068616667,-118.2858583333,,,,,,,open,false,,,Snowy Egret,Egretta thula,Garza dedos dorados,Aves,4940
304851012,5ae6000f-ee40-4580-898e-3d7b009f32e2,2025-08-08 17:49:33-07:00,2025-08-08,2025-08-09 02:49:33 +0200,Pacific Time (US & Canada),3426906,vedika_s,"",2025-08-09 02:50:35 +0200,2025-08-09 02:51:09 +0200,research,CC-BY-NC,https://www.inaturalist.org/observations/304851012,https://inaturalist-open-data.s3.amazonaws.com/photos/549605126/medium.jpg,,"","",1,0,false,3,"West Beach, Santa Barbara, CA, US",34.4115033333,-119.68833,94,,,,94,,open,false,,,Snowy Egret,Egretta thula,Garza dedos dorados,Aves,4940
305035544,cf15f52b-1402-453a-ae90-54d1bc409661,2025/08/01 9:53 AM,2025-08-01,2025-08-01 18:53:00 +0200,Pacific Time (US & Canada),1112503,joepaquin,Joe Paquin,2025-08-09 20:56:16 +0200,2025-08-10 09:15:19 +0200,research,CC-BY-NC,https://www.inaturalist.org/observations/305035544,https://inaturalist-open-data.s3.amazonaws.com/photos/549950362/medium.jpg,,"",,3,0,false,,"Santa Cruz, CA, USA",36.9539123069,-122.0240930428,228,,,,228,,open,false,,,Snowy Egret,Egretta thula,Garza dedos dorados,Aves,4940
305220261,3b5f9e8b-054d-4b21-9285-a6050719dc7e,2025/08/04 10:48 AM,2025-08-04,2025-08-04 16:48:00 +0200,Eastern Time (US & Canada),2857197,mumbled,RC,2025-08-10 14:49:32 +0200,2025-08-11 02:03:43 +0200,research,,https://www.inaturalist.org/observations/305220261,https://static.inaturalist.org/photos/550297928/medium.jpg,,"",,1,0,false,,"Lower Township, NJ, USA",38.9569442525,-74.8797768754,2440,,,,2440,,open,false,,,Snowy Egret,Egretta thula,Garza dedos dorados,Aves,4940
305660134,fabb4b4a-a457-4954-9a1f-e4513cef525a,2025-08-11 18:08:46,2025-08-11,2025-08-12 00:08:46 +0200,Eastern Time (US & Canada),8666170,dinomariobob,,2025-08-12 02:28:28 +0200,2025-08-16 08:16:03 +0200,research,CC0,https://www.inaturalist.org/observations/305660134,https://inaturalist-open-data.s3.amazonaws.com/photos/551139565/medium.jpg,,"","The snowy egret (Egretta thula) is a small white heron. The genus name comes from Provençal French for the little egret, aigrette, which is a diminutive of aigron, 'heron'. The species name thula is the Araucano term for the black-necked swan, applied to this species in error by Chilean naturalist Juan Ignacio Molina in 1782.",1,0,false,843,"Barnstable County, US-MA, US",41.6734771206,-70.0177033577,262,,,,262,,open,false,,,Snowy Egret,Egretta thula,Garza dedos dorados,Aves,4940
306130629,0651e436-4775-4682-ad1a-61e06c75108f,2025-01-12 10:40:06,2025-01-12,2025-01-12 16:40:06 +0000,Central Time (US & Canada),4964962,sarahspots,Sarah,2025-08-14 01:36:25 +0200,2025-08-14 03:29:26 +0200,research,,https://www.inaturalist.org/observations/306130629,https://static.inaturalist.org/photos/552034451/medium.jpg,,"",,1,0,false,2,"Zilker, Austin, TX 78704, USA",30.2654215997,-97.7578716,,,,,,,open,false,gps,gps,Snowy Egret,Egretta thula,Garza dedos dorados,Aves,4940
306416369,0159b794-9efa-4e40-8bb3-ed35ce96a7b8,2025/06/19 1:26 PM,2025-06-19,2025-06-19 19:26:00 +0200,Eastern Time (US & Canada),3249701,kyleparks,Kyle Parks,2025-08-15 06:56:07 +0200,2025-08-19 23:25:45 +0200,research,,https://www.inaturalist.org/observations/306416369,https://static.inaturalist.org/photos/552581646/medium.jpg,,"",,2,0,false,,"East Lyme, CT, USA",41.3012927161,-72.2443380747,900,,,,900,,open,false,,,Snowy Egret,Egretta thula,Garza dedos dorados,Aves,4940
307109741,192bbe4a-2274-4dd7-b37d-9c870df15663,2025/08/17 8:50 AM,2025-08-17,2025-08-17 14:50:00 +0200,Eastern Time (US & Canada),1780649,matthewpaulson,Matthew Paulson,2025-08-17 22:27:06 +0200,2025-08-23 02:13:23 +0200,research,,https://www.inaturalist.org/observations/307109741,https://static.inaturalist.org/photos/553891636/medium.jpg,,"Florida, Fort Desoto, Nature Parks",,2,0,false,,"Pinellas County, FL, USA",27.6360605083,-82.7274350241,3164,,,,3164,,open,false,,,Snowy Egret,Egretta thula,Garza dedos dorados,Aves,4940
308007536,47d68503-0f01-4ccd-9f58-157aa374de6e,2025/08/20 10:17 AM,2025-08-20,2025-08-20 18:17:00 +0200,Mountain Time (US & Canada),8396668,blackb1rdz,Noah Sanford,2025-08-21 19:32:02 +0200,2025-08-23 03:09:47 +0200,research,CC-BY-NC,https://www.inaturalist.org/observations/308007536,https://inaturalist-open-data.s3.amazonaws.com/photos/555635440/medium.jpg,,"",,1,0,false,,"Arapahoe County, CO, USA",39.6365937306,-104.8433249698,15,,,,15,,open,false,,,Snowy Egret,Egretta thula,Garza dedos dorados,Aves,4940
308510364,afbe9d88-bbec-440c-af50-cde9257a8234,2025/08/20 8:00 PM,2025-08-20,2025-08-21 05:00:00 +0200,Pacific Time (US & Canada),3816604,cartergailband,,2025-08-23 21:19:15 +0200,2025-12-01 02:57:30 +0000,research,CC-BY-NC,https://www.inaturalist.org/observations/308510364,https://inaturalist-open-data.s3.amazonaws.com/photos/556595625/medium.jpg,,"",,2,0,false,,"Jacoby Creek, Eureka, CA, USA",40.8565922819,-124.0967210759,17,,,,17,,open,false,,,Snowy Egret,Egretta thula,Garza dedos dorados,Aves,4940
308891940,7b0e05b9-5709-494b-9c9e-253ad4792ed2,2025-08-24 10:26:17-07:00,2025-08-24,2025-08-24 19:26:17 +0200,Pacific Time (US & Canada),5228194,jilllingnell,Jill Lingnell,2025-08-25 03:17:18 +0200,2025-09-10 02:54:23 +0200,research,CC-BY-NC,https://www.inaturalist.org/observations/308891940,https://inaturalist-open-data.s3.amazonaws.com/photos/557335846/medium.jpg,,"","",1,0,false,3,"Seaport Village, San Diego, CA, US",32.7088666667,-117.1699366667,3,,,,3,,open,false,,,Snowy Egret,Egretta thula,Garza dedos dorados,Aves,4940
309872291,701aad06-4b27-46e1-9559-75fde4a9936a,2025-08-28 07:39:49,2025-08-28,2025-08-28 16:39:49 +0200,Pacific Time (US & Canada),1455486,ophioblennius,Abram Fleishman,2025-08-29 04:37:49 +0200,2025-08-29 17:47:41 +0200,research,CC-BY-NC-SA,https://www.inaturalist.org/observations/309872291,https://inaturalist-open-data.s3.amazonaws.com/photos/559219763/medium.jpg,,"",,1,0,false,843,"Younger Lagoon Overlook, Santa Cruz, CA, US",36.950726082,-122.0666168747,67,,,,67,,open,false,,,Snowy Egret,Egretta thula,Garza dedos dorados,Aves,4940
310244592,25498166-f9b1-4044-a5eb-52d7f96f086d,2025-08-28 18:18:13,2025-08-28,2025-08-29 03:18:13 +0200,Pacific Time (US & Canada),8325218,opal54,Opal,2025-08-30 18:53:34 +0200,2025-11-26 03:42:22 +0000,research,CC-BY-NC,https://www.inaturalist.org/observations/310244592,https://inaturalist-open-data.s3.amazonaws.com/photos/559910394/medium.jpg,,"",,1,0,false,2,"Mission Bay, San Diego, CA, USA",32.769333,-117.2489896,,,,,,,open,false,gps,gps,Snowy Egret,Egretta thula,Garza dedos dorados,Aves,4940
310881552,0049a8db-ed93-45f6-ae9d-0ca2963b7154,2025/08/30 9:55 AM,2025-08-30,2025-08-30 15:55:00 +0200,Eastern Time (US & Canada),834930,thehawkwardnaturalist,Christopher Rigobello,2025-09-01 23:59:34 +0200,2025-09-02 03:31:45 +0200,research,CC-BY-NC,https://www.inaturalist.org/observations/310881552,https://inaturalist-open-data.s3.amazonaws.com/photos/561129266/medium.jpg,,"",,2,0,false,,"Broad Channel, Queens, NY, USA",40.6160905112,-73.8207882283,35,,,,35,,open,false,,,Snowy Egret,Egretta thula,Garza dedos dorados,Aves,4940
310945329,8beaea8a-6f71-4849-a610-677ac64a2805,2025/08/29 7:09 AM,2025-08-29,2025-08-29 16:09:00 +0200,Pacific Time (US & Canada),130904,bobc,"",2025-09-02 05:12:40 +0200,2025-09-04 01:00:06 +0200,research,CC-BY-NC,https://www.inaturalist.org/observations/310945329,https://inaturalist-open-data.s3.amazonaws.com/photos/561649651/medium.jpg,,"",the flock of 6 including the bird in the previous observation,2,0,false,,"Clark County, NV, USA",36.438571847,-115.3594110799,15,,,,15,,open,false,,,Snowy Egret,Egretta thula,Garza dedos dorados,Aves,4940
311139006,a788bac2-6aa8-4ab0-b863-ca353c196277,2025/08/29 3:28 PM,2025-08-29,2025-08-30 00:28:00 +0200,Pacific Time (US & Canada),14380,mkaufman1,Michael Kaufman,2025-09-03 01:31:18 +0200,2025-09-03 01:33:43 +0200,research,CC-BY-NC,https://www.inaturalist.org/observations/311139006,https://inaturalist-open-data.s3.amazonaws.com/photos/561618555/medium.jpg,,"",,1,0,false,,"Moss Landing, CA 95039, USA",36.7968337927,-121.7904219328,15,,,,15,,open,false,,,Snowy Egret,Egretta thula,Garza dedos dorados,Aves,4940
311594657,908b1272-d8b5-47e9-ad05-d5a0b418da80,2025/09/04 2:21 PM,2025-09-04,2025-09-04 23:21:00 +0200,Pacific Time (US & Canada),665781,dvbakke,"",2025-09-05 02:38:30 +0200,2025-09-05 03:54:45 +0200,research,CC-BY-NC,https://www.inaturalist.org/observations/311594657,https://inaturalist-open-data.s3.amazonaws.com/photos/562501700/medium.jpg,,"",,2,0,false,,"Cardiff, Encinitas, CA 92007, USA",33.0124556404,-117.2747045043,117,,,,117,,open,false,,,Snowy Egret,Egretta thula,Garza dedos dorados,Aves,4940
312070542,4cfaaf43-b8d7-4722-b60c-dc683466c6fe,2025-09-06 10:26:07-04:00,2025-09-06,2025-09-06 16:26:07 +0200,Eastern Time (US & Canada),5238000,amyzw,,2025-09-07 02:19:52 +0200,2025-09-08 07:11:08 +0200,research,CC-BY-NC,https://www.inaturalist.org/observations/312070542,https://inaturalist-open-data.s3.amazonaws.com/photos/563397481/medium.jpg,,"","",1,0,false,3,"East Pond, New York, NY, US",40.6208591612,-73.8208884397,175,,,,175,,open,false,,,Snowy Egret,Egretta thula,Garza dedos dorados,Aves,4940
312507929,1bda569a-d643-4fb7-8151-369d14271afd,2025-09-07 11:23:46-06:00,2025-09-07,2025-09-07 19:23:46 +0200,Mountain Time (US & Canada),2889874,irukandji,Irukandji,2025-09-08 20:35:01 +0200,2025-10-08 13:56:27 +0200,research,CC-BY-NC-ND,https://www.inaturalist.org/observations/312507929,https://inaturalist-open-data.s3.amazonaws.com/photos/564237890/medium.jpg,,"","",3,0,false,3,"Dike Rd, Farmington, UT, US",40.9577466667,-111.9247366667,,,,,,,open,false,,,Snowy Egret,Egretta thula,Garza dedos dorados,Aves,4940
313442096,adfa2197-77b5-4853-8fa7-1ab6d4ffcf39,2025-09-12 15:17:19,2025-09-12,2025-09-12 21:17:19 +0200,Eastern Time (US & Canada),4371401,sh0nf0x,Sean,2025-09-13 01:33:04 +0200,2025-09-15 03:44:08 +0200,research,,https://www.inaturalist.org/observations/313442096,https://static.inaturalist.org/photos/567123893/medium.jpg,,"","",2,0,false,2,"Absecon, NJ 08205, USA",39.4531516667,-74.4052283333,,,,,,,open,false,gps,gps,Egretta thula,Egretta thula,Garza dedos dorados,Aves,4940
313903850,533333f6-136f-4d46-9398-e82e14881695,2025/09/12 5:02 PM,2025-09-12,2025-09-12 23:02:00 +0200,Eastern Time (US & Canada),1352532,kirk_gardner,kirk gardner,2025-09-14 20:03:27 +0200,2025-10-11 03:49:18 +0200,research,CC-BY,https://www.inaturalist.org/observations/313903850,https://inaturalist-open-data.s3.amazonaws.com/photos/566911156/medium.jpg,,"",,1,0,false,,"Accomack County, VA, USA",37.8941128246,-75.355547314,61,,,,61,,open,false,,,Snowy Egret,Egretta thula,Garza dedos dorados,Aves,4940
314120164,26c40cf5-b7a5-45a2-b248-abd997240773,2025-09-14 06:11:07-08:00,2025-09-14,2025-09-14 16:11:07 +0200,Pacific Time (US & Canada),1365326,kerstinfirmin,Kerstin Firmin,2025-09-15 16:50:27 +0200,2025-09-15 17:47:29 +0200,research,,https://www.inaturalist.org/observations/314120164,https://static.inaturalist.org/photos/567328952/medium.jpg,,"","",1,0,false,3,"Lakeside Park Garden Center, Oakland, CA, US",37.8072560954,-122.2550372345,53,,,,53,,open,false,,,Snowy Egret,Egretta thula,Garza dedos dorados,Aves,4940
314460072,d22e2a9d-b915-427b-9f92-d904042b3ce0,2025/09/16 8:47 AM,2025-09-16,2025-09-16 14:47:00 +0200,Eastern Time (US & Canada),1306796,bert_filemyr,Bert Filemyr,2025-09-17 01:19:06 +0200,2025-10-31 23:16:35 +0000,research,CC-BY-NC,https://www.inaturalist.org/observations/314460072,https://inaturalist-open-data.s3.amazonaws.com/photos/567959221/medium.jpg,,Snowy Egret (Egretta thula),,1,0,false,,"Brigantine, NJ, USA",39.41045,-74.3717583333,,,,,,,open,false,,,Snowy Egret,Egretta thula,Garza dedos dorados,Aves,4940
314721434,1e1b9b77-f4a5-4bb4-9f5e-56ec9b27430a,2025/07/03 4:22 PM,2025-07-03,2025-07-04 01:22:00 +0200,Pacific Time (US & Canada),544599,renateelster,,2025-09-18 06:16:22 +0200,2025-10-04 02:39:45 +0200,research,CC-BY-NC,https://www.inaturalist.org/observations/314721434,https://inaturalist-open-data.s3.amazonaws.com/photos/568449213/medium.jpg,,"",,2,0,false,,"North Lake, San Francisco, CA 94121, USA",37.7698551,-122.5023544,172,,,,172,,open,false,,,Snowy Egret,Egretta thula,Garza dedos dorados,Aves,4940
314785910,31ff297e-20ac-4f03-9165-8cb1e0dca2f3,2025-09-15 16:49:36,2025-09-15,2025-09-16 01:49:36 +0200,Pacific Time (US & Canada),5715361,forever1057,Adam Dibley,2025-09-18 15:35:14 +0200,2025-09-18 19:54:28 +0200,research,CC-BY-NC,https://www.inaturalist.org/observations/314785910,https://inaturalist-open-data.s3.amazonaws.com/photos/568586077/medium.jpg,,"",multi species hangout !,2,0,false,2,"Redwood City, CA 94063, USA",37.5011269325,-122.2247008234,31,,,,31,,open,false,gps,gps,Snowy Egret,Egretta thula,Garza dedos dorados,Aves,4940
314798661,7a243046-d86f-4f6b-8497-de38803a8b27,2025-09-15 17:21:08,2025-09-15,2025-09-16 02:21:08 +0200,Pacific Time (US & Canada),5715361,forever1057,Adam Dibley,2025-09-18 16:37:15 +0200,2025-09-18 19:53:10 +0200,research,CC-BY-NC,https://www.inaturalist.org/observations/314798661,https://inaturalist-open-data.s3.amazonaws.com/photos/568608706/medium.jpg,,"",,1,0,false,2,"Redwood City, CA 94063, USA",37.4993902739,-122.2346679121,19,,,,19,,open,false,gps,gps,Snowy Egret,Egretta thula,Garza dedos dorados,Aves,4940
315112236,5b46eee7-9b5a-474e-a9ef-fcb866c40163,2024/12/28 9:42 AM,2024-12-28,2024-12-28 17:42:00 +0000,Pacific Time (US & Canada),2902070,nutsaboutkitties,Mary Fenwick,2025-09-20 00:31:54 +0200,2025-10-23 23:54:22 +0200,research,CC-BY-NC,https://www.inaturalist.org/observations/315112236,https://inaturalist-open-data.s3.amazonaws.com/photos/569213486/medium.jpg,,"",,3,0,false,,"The Huntington Library, Art Museum, and Botanical Gardens, 1151 Oxford Rd, San Marino, CA 91108, USA",34.1290452,-118.1145242,618,,,,618,,open,false,,,Snowy Egret,Egretta thula,Garza dedos dorados,Aves,4940
315325948,c659d785-2c9d-4f05-9d94-5a2f1dfff91c,2025-09-20 10:23:28-07:00,2025-09-20,2025-09-20 19:23:28 +0200,Pacific Time (US & Canada),44715,ki6h,M.R. Perry,2025-09-20 21:38:18 +0200,2025-09-21 05:13:37 +0200,research,CC-BY-NC,https://www.inaturalist.org/observations/315325948,https://inaturalist-open-data.s3.amazonaws.com/photos/569621292/medium.jpg,,"","",1,0,false,3,"Ingledale Terr, Los Angeles, CA, US",34.1155,-118.2667033333,,,,,,,open,false,,,Snowy Egret,Egretta thula,Garza dedos dorados,Aves,4940
315440860,ef8fbb26-8d80-4a77-8aea-9ceda7a3bd0b,2025/09/20 5:10 PM,2025-09-20,2025-09-21 02:10:00 +0200,Pacific Time (US & Canada),5981507,jiovanny,Jiovanny Celis,2025-09-21 07:13:10 +0200,2026-01-15 04:39:30 +0000,research,CC-BY-NC,https://www.inaturalist.org/observations/315440860,https://inaturalist-open-data.s3.amazonaws.com/photos/569832997/medium.jpg,,"","",2,0,false,,"Woodley, Los Angeles, CA, USA",34.180799,-118.496273,,,,,,,open,false,,,Snowy Egret,Egretta thula,Garza dedos dorados,Aves,4940
315659284,c788ae17-d297-4c42-bbe5-14b8e8c7d046,2025/09/20 4:20 PM,2025-09-20,2025-09-21 00:20:00 +0200,Mexico City,2581453,arabame,"",2025-09-22 00:40:40 +0200,2025-12-05 15:34:36 +0000,research,CC-BY-NC,https://www.inaturalist.org/observations/315659284,https://inaturalist-open-data.s3.amazonaws.com/photos/570246004/medium.jpg,,"",,3,0,false,,"Bosque de Chapultepec II Secc, 11100 Ciudad de México, CDMX, México",19.4171197354,-99.1995477662,326,,,,326,,open,false,,,Garza dedos dorados,Egretta thula,Garza dedos dorados,Aves,4940
315661376,c67b11ff-5706-4f74-8949-6c1a2d916cd2,2025/09/17 6:20 PM,2025-09-17,2025-09-18 02:20:00 +0200,Mountain Time (US & Canada),3923686,mattbecker,Matt Becker,2025-09-22 00:49:47 +0200,2026-01-24 22:11:09 +0000,research,CC-BY-NC,https://www.inaturalist.org/observations/315661376,https://inaturalist-open-data.s3.amazonaws.com/photos/570254834/medium.jpg,,"",,4,1,false,,"Doña Ana County, NM, USA",32.27301,-106.8305216667,,,,,,,open,false,,,Snowy Egret,Egretta thula,Garza dedos dorados,Aves,4940
316101556,a10ca3f1-0bcd-4776-8f46-ce33386f62f1,2025/08/29 4:44 PM,2025-08-29,2025-08-30 00:44:00 +0200,Central America,4800762,cornelio_chable,Cornelio Chablé,2025-09-23 19:58:47 +0200,2025-09-24 19:01:43 +0200,research,CC-BY-NC,https://www.inaturalist.org/observations/316101556,https://inaturalist-open-data.s3.amazonaws.com/photos/571083462/medium.jpg,,"","",1,0,false,,"San Andres, Guatemala",17.240763,-90.297213,31,,,,31,,open,false,,,Garza Dedos Dorados,Egretta thula,Garza dedos dorados,Aves,4940
317570840,0b57bd10-48e2-416e-92c9-156a7d46d2d1,2025/09/28 6:50 PM,2025-09-28,2025-09-29 01:50:00 +0200,Central Time (US & Canada),4409523,noniss88,NoNiSs,2025-09-29 18:36:23 +0200,2025-09-30 01:48:33 +0200,research,CC-BY-NC,https://www.inaturalist.org/observations/317570840,https://inaturalist-open-data.s3.amazonaws.com/photos/573857919/medium.jpg,,"",,4,0,false,,"San Antonio, TX, USA",29.2490214312,-98.3880579245,1077,,,,1077,,open,false,,,Snowy Egret,Egretta thula,Garza dedos dorados,Aves,4940
317682773,6c2ae6e1-d49f-44fd-bde1-247ff0503b3b,2025/09/27 11:52 AM,2025-09-27,2025-09-27 20:52:00 +0200,Pacific Time (US & Canada),2866445,ammoph11,Dan Sandri,2025-09-30 04:38:20 +0200,2025-09-30 13:05:32 +0200,research,CC-BY-NC,https://www.inaturalist.org/observations/317682773,https://inaturalist-open-data.s3.amazonaws.com/photos/574077745/medium.jpg,,"","Snowy Egret, No Name Trail, Coyote Hills Regional Park, CA.",3,0,false,,"Fremont, CA, USA",37.5464323797,-122.0924397863,109,,,,109,,open,false,,,Snowy Egret,Egretta thula,Garza dedos dorados,Aves,4940
318523837,c174265e-7e13-4e92-9630-a0a1235ac7a8,2009/02/14 7:36 AM,2009-02-14,2009-02-14 12:36:00 +0000,Eastern Time (US & Canada),3286634,billpranty,Bill Pranty,2025-10-04 02:58:51 +0200,2025-10-04 15:26:52 +0200,research,CC-BY-NC,https://www.inaturalist.org/observations/318523837,https://inaturalist-open-data.s3.amazonaws.com/photos/575547469/medium.jpg,,"","With Darcy Stumbaugh and Julia Fromfeld; most of the day in Everglades National Park, starting at Flamingo. We must have stayed over at the former home of Everett Evansky and the late Helen Violi, because we birded Matheson Hammock et al. the next day.

Our itinerary this day was:

0730-0855: Eco Pond

0855-0940: Flamingo lodge

1025-1130: Mahogany Hammock

1157-1217: Pa-hay-okee Overlook

1239-1429: Anhinga Trail and Gumbo Limbo Trail.",2,0,false,,"Florida, Monroe, Everglades National Park, Flamingo, Eco Pond",25.1400824242,-80.9376038476,147,,,,147,,open,false,,"",Snowy Egret,Egretta thula,Garza dedos dorados,Aves,4940
319187226,6c6c64ac-b401-4f8f-bf47-0034c4bb3dcb,2025/10/06 7:30 AM,2025-10-06,2025-10-06 14:30:00 +0200,Central Time (US & Canada),4409523,noniss88,NoNiSs,2025-10-06 20:00:52 +0200,2025-10-08 21:22:43 +0200,research,CC-BY-NC,https://www.inaturalist.org/observations/319187226,https://inaturalist-open-data.s3.amazonaws.com/photos/576952449/medium.jpg,,"",,4,0,false,,"San Antonio, TX, USA",29.2550485401,-98.3910755821,323,,,,323,,open,false,,,Snowy Egret,Egretta thula,Garza dedos dorados,Aves,4940
319245249,b6b4712a-cb5d-412b-8deb-a9fdc3b1234d,2025/10/02 10:12 AM,2025-10-02,2025-10-02 17:12:00 +0200,Central Time (US & Canada),3772516,michaelkalisek,,2025-10-07 00:46:30 +0200,2025-12-01 02:57:05 +0000,research,CC-BY-NC,https://www.inaturalist.org/observations/319245249,https://inaturalist-open-data.s3.amazonaws.com/photos/577062207/medium.jpg,,"",,3,0,false,,"Port Aransas, TX, USA",27.8277265466,-97.0795418322,48,,,,48,,open,false,,,Snowy Egret,Egretta thula,Garza dedos dorados,Aves,4940
319472597,52a2b652-25de-4866-a184-7e3093ebc51c,2025/05/05 5:53 PM,2025-05-05,2025-05-06 01:53:00 +0200,America/Edmonton,1101662,canuckamok,"",2025-10-08 03:00:59 +0200,2026-01-21 18:48:06 +0000,research,CC-BY-NC,https://www.inaturalist.org/observations/319472597,https://inaturalist-open-data.s3.amazonaws.com/photos/577500390/medium.jpg,,"",,3,0,false,,"Taber, AB, Canada",49.7997701048,-112.1198537717,122,,,,122,,open,false,,,Snowy Egret,Egretta thula,Garza dedos dorados,Aves,4940
319704091,fe38fa07-4ee5-4cfa-973a-1e2ef4c6803d,2025-10-08 14:32:20-07:00,2025-10-08,2025-10-08 23:32:20 +0200,Pacific Time (US & Canada),1065472,anniebeez,Annie Bosel,2025-10-09 07:13:46 +0200,2025-10-10 02:45:42 +0200,research,,https://www.inaturalist.org/observations/319704091,https://static.inaturalist.org/photos/577945593/medium.jpg,,"",Four different birds just hanging out together ,2,0,false,3,"Tasman Ct, Sunnyvale, CA, US",37.4018533333,-122.00798055,4,,,,4,,open,false,,,Snowy Egret,Egretta thula,Garza dedos dorados,Aves,4940
319705411,b5f4f8d6-1e94-42a1-b6d5-aebebc502bb5,2025-10-08 10:54:55,2025-10-08,2025-10-08 19:54:55 +0200,Pacific Time (US & Canada),8407763,shutterdawg,Steve,2025-10-09 07:27:38 +0200,2025-10-10 02:44:52 +0200,research,CC-BY-NC,https://www.inaturalist.org/observations/319705411,https://inaturalist-open-data.s3.amazonaws.com/photos/577948209/medium.jpg,,"",,2,0,false,2,"Los Angeles, CA 91411, USA",34.1686894436,-118.4753806517,152,,,,152,,open,false,gps,gps,Snowy Egret,Egretta thula,Garza dedos dorados,Aves,4940
319869398,55abd97a-6c60-482c-8f54-3549155c6568,2025/10/05 5:34 PM,2025-10-05,2025-10-06 02:34:00 +0200,Pacific Time (US & Canada),9812782,subeen,,2025-10-10 02:51:32 +0200,2025-10-18 04:54:55 +0200,research,CC-BY-NC,https://www.inaturalist.org/observations/319869398,https://inaturalist-open-data.s3.amazonaws.com/photos/578256901/medium.jpg,,"","",3,0,false,,"Bonney Lake, WA 98391, USA",47.192278109,-122.1665937281,488,,,,488,,open,false,,,Snowy Egret,Egretta thula,Garza dedos dorados,Aves,4940
320096924,8c061073-3c8f-42c1-9f76-25365452abeb,2025-10-10 17:42:49,2025-10-10,2025-10-11 02:42:49 +0200,Pacific Time (US & Canada),3185434,hommedeterre,Garrett Craig,2025-10-11 06:46:47 +0200,2025-10-23 02:16:10 +0200,research,CC-BY-NC,https://www.inaturalist.org/observations/320096924,https://inaturalist-open-data.s3.amazonaws.com/photos/578701621/medium.jpg,,"",,2,0,false,843,"CA, US",34.4068744958,-119.8777368354,232,,,,232,,open,false,,,Snowy Egret,Egretta thula,Garza dedos dorados,Aves,4940
321262353,90d9e9f8-fedc-4820-85db-689af01530a9,2025-10-16 08:00:00,2025-10-16,2025-10-16 17:00:00 +0200,Pacific Time (US & Canada),2460115,jasminott,Mel Minott,2025-10-16 19:23:42 +0200,2025-10-17 23:51:06 +0200,research,,https://www.inaturalist.org/observations/321262353,https://static.inaturalist.org/photos/580979113/medium.jpg,,"",,2,0,false,2,"South Park, Los Angeles, CA, USA",33.992771208,-118.2682809923,1,,,,1,,open,false,,,Snowy Egret,Egretta thula,Garza dedos dorados,Aves,4940
321553442,29450144-bf84-4dcb-99c4-55968aa0854e,2025/09/21 9:30 AM,2025-09-21,2025-09-21 18:30:00 +0200,Pacific Time (US & Canada),6548101,gratefulfocus,Grateful Focus,2025-10-18 07:34:00 +0200,2025-10-19 01:34:21 +0200,research,CC-BY-NC,https://www.inaturalist.org/observations/321553442,https://static.inaturalist.org/photos/581550087/medium.jpg,,"",,2,0,false,,"Orange County, US-CA, US",33.7634448589,-117.8922001917,170,,,,28930,obscured,open,true,,,Snowy Egret,Egretta thula,Garza dedos dorados,Aves,4940
321737532,ccb1b3ab-09fb-4046-b99f-80ce67ef1917,2025/10/18 9:52 AM,2025-10-18,2025-10-18 18:52:00 +0200,Pacific Time (US & Canada),80984,kimssight,Kim Moore,2025-10-19 02:52:23 +0200,2025-10-20 07:18:39 +0200,research,,https://www.inaturalist.org/observations/321737532,https://static.inaturalist.org/photos/581899142/medium.jpg,,"",,3,0,false,,"Long Beach, CA, USA",33.8063332665,-118.2053956971,125,,,,125,,open,false,,,Snowy Egret,Egretta thula,Garza dedos dorados,Aves,4940
322161390,7cda7875-3ebd-434d-b564-b0d4704ae044,2025/06/16 5:35 AM,2025-06-16,2025-06-16 14:35:00 +0200,Pacific Time (US & Canada),796280,eleggua,eleggua,2025-10-21 04:10:05 +0200,2025-11-04 02:33:51 +0000,research,CC-BY-NC,https://www.inaturalist.org/observations/322161390,https://inaturalist-open-data.s3.amazonaws.com/photos/582744650/medium.jpg,,"","12th and Harrison Sts, Downtown Oakland, black-crowned night heron and snowy egret urban rookery.",3,0,false,,"12th and Harrison Sts, Downtown Oakland, Oakland, CA, USA",37.8012286601,-122.2679596154,1,,,,1,,open,false,,,Snowy Egret,Egretta thula,Garza dedos dorados,Aves,4940
322623006,9ef0617d-368f-4c77-bc54-63da4a09e284,2025-10-23 12:02:58,2025-10-23,2025-10-23 21:02:58 +0200,Pacific Time (US & Canada),8325218,opal54,Opal,2025-10-23 21:10:12 +0200,2025-10-23 22:32:02 +0200,research,CC-BY-NC,https://www.inaturalist.org/observations/322623006,https://inaturalist-open-data.s3.amazonaws.com/photos/583667002/medium.jpg,,"",,2,0,false,2,"Chula Vista, CA 91910, USA",32.6395697,-117.1101989997,,,,,,,open,false,gps,gps,Snowy Egret,Egretta thula,Garza dedos dorados,Aves,4940
322844738,3363bacf-8d14-4bbf-a142-e794b7985f41,2025-10-24 15:02:16-04:00,2025-10-24,2025-10-24 21:02:16 +0200,Eastern Time (US & Canada),7333037,ryan3476,ryan,2025-10-25 00:03:45 +0200,2025-10-27 17:42:08 +0000,research,CC-BY-NC,https://www.inaturalist.org/observations/322844738,https://inaturalist-open-data.s3.amazonaws.com/photos/584101127/medium.jpg,,"","",4,0,false,3,"Binney Park, Old Greenwich, CT, US",41.0328638333,-73.5709916667,4,,,,4,,open,false,,,Snowy Egret,Egretta thula,Garza dedos dorados,Aves,4940
323663288,e42fe6c5-99cd-4660-8143-dccfc1409547,2025/10/23 8:53 AM,2025-10-23,2025-10-23 16:53:00 +0200,America/Merida,536291,trinchan,Luis Trinchan,2025-10-28 15:13:04 +0000,2025-11-05 21:52:26 +0000,research,CC-BY-NC,https://www.inaturalist.org/observations/323663288,https://inaturalist-open-data.s3.amazonaws.com/photos/585685783/medium.jpg,,"",,4,0,false,,"San Antonio Kaua II, Mérida, Yuc., Mexico",20.9475058967,-89.5779406604,148,,,,148,,open,false,,,Snowy Egret,Egretta thula,Garza dedos dorados,Aves,4940
323755225,b8f02a78-b30a-4026-ba5b-111e365b198b,2025-08-09 17:08:18-04:00,2025-08-09,2025-08-09 23:08:18 +0200,Eastern Time (US & Canada),1841034,xx7trey,Trey Wardlaw,2025-10-29 02:00:59 +0000,2025-12-01 02:56:57 +0000,research,CC-BY-NC,https://www.inaturalist.org/observations/323755225,https://inaturalist-open-data.s3.amazonaws.com/photos/585868789/medium.jpg,,"","",2,0,false,3,"Cypress Wetlands, Port Royal, SC, US",32.3822883333,-80.6905883333,10,,,,10,,open,false,,,Snowy Egret,Egretta thula,Garza dedos dorados,Aves,4940
323940343,a9a0afa5-30f2-4e6d-930c-5f991917ffa4,2025/10/29 1:52 PM,2025-10-29,2025-10-29 20:52:00 +0000,Pacific Time (US & Canada),9836153,cade_,,2025-10-30 03:24:05 +0000,2025-12-31 09:09:01 +0000,research,CC-BY-NC,https://www.inaturalist.org/observations/323940343,https://inaturalist-open-data.s3.amazonaws.com/photos/586227715/medium.jpg,,"",,2,0,false,,"La Jolla, San Diego, CA, USA",32.8502,-117.2728,,,,,,,open,false,,,Snowy Egret,Egretta thula,Garza dedos dorados,Aves,4940
325341949,dad68e2a-51f6-46eb-abba-6806b68611dc,2025/11/06 3:47 PM,2025-11-06,2025-11-06 23:47:00 +0000,Pacific Time (US & Canada),28,tiwane,Tony Iwane,2025-11-07 14:53:45 +0000,2025-11-18 22:39:09 +0000,research,CC-BY,https://www.inaturalist.org/observations/325341949,https://inaturalist-open-data.s3.amazonaws.com/photos/589032756/medium.jpg,,"alameda county, california, east bay, port of oakland, port view park, san francisco bay",,2,0,false,,"Oakland, CA, USA",37.8054051667,-122.3326257222,,,,,,,open,false,,,Snowy Egret,Egretta thula,Garza dedos dorados,Aves,4940
325706636,fa17f310-0620-4f31-b605-87e625030edc,2025-11-08,2025-11-08,,Central Time (US & Canada),4058142,christopherbentley04,Chris Bentley,2025-11-09 16:26:19 +0000,2025-11-09 19:01:35 +0000,research,CC-BY-NC,https://www.inaturalist.org/observations/325706636,https://inaturalist-open-data.s3.amazonaws.com/photos/589760085/medium.jpg,,"",,3,0,false,2,"Converse, TX, USA",29.5243608171,-98.3276005089,192,,,,192,,open,false,gps,gps,Snowy Egret,Egretta thula,Garza dedos dorados,Aves,4940
326848235,60d14d39-1dda-40aa-a9a1-67df6e1b8669,2025/11/16 9:14 AM,2025-11-16,2025-11-16 17:14:00 +0000,Pacific Time (US & Canada),499995,petdoc,"Julia Lewis DVM, MPH",2025-11-16 20:33:07 +0000,2025-11-17 09:36:36 +0000,research,CC-BY-NC-ND,https://www.inaturalist.org/observations/326848235,https://inaturalist-open-data.s3.amazonaws.com/photos/592035890/medium.jpg,,"","In foreground, black crowned night heron in background",2,0,false,,Palo Alto Baylands,37.430878879,-122.0903396688,753,,,,753,,open,false,,,Snowy Egret,Egretta thula,Garza dedos dorados,Aves,4940
327148068,d22d296b-e8c1-455b-8675-574d8fe378dd,2024/05/26 12:05 PM,2024-05-26,2024-05-26 18:05:00 +0200,Puerto Rico,293689,coralaviles,,2025-11-18 19:34:54 +0000,2025-11-18 20:01:29 +0000,research,CC-BY-NC,https://www.inaturalist.org/observations/327148068,https://inaturalist-open-data.s3.amazonaws.com/photos/592623240/medium.jpg,,"","",2,0,false,,"Carrizales, Hatillo 00659, Puerto Rico",18.4899,-66.7916133333,,,,,,,open,false,,,Garza blanca,Egretta thula,Garza dedos dorados,Aves,4940
327328650,b4192957-cb8d-4185-b218-434abf29c4b7,2025-11-19 15:38:49-08:00,2025-11-19,2025-11-19 23:38:49 +0000,Pacific Time (US & Canada),8112061,juliadevine,,2025-11-20 01:55:22 +0000,2025-11-20 21:08:31 +0000,research,CC-BY-NC,https://www.inaturalist.org/observations/327328650,https://inaturalist-open-data.s3.amazonaws.com/photos/592995519/medium.jpg,,"","",1,0,false,3,"Elkhorn Slough, Moss Landing, CA, US",36.8111333333,-121.7780616667,12,,,,12,,open,false,,,Snowy Egret,Egretta thula,Garza dedos dorados,Aves,4940
327537526,7177e0d2-3e9e-4234-8e4f-5bacb283adb7,2025-02-17 15:44:05,2025-02-17,2025-02-17 21:44:05 +0000,Mexico City,6438998,rtuz,,2025-11-21 18:06:48 +0000,2025-11-23 04:39:28 +0000,research,CC-BY-NC,https://www.inaturalist.org/observations/327537526,https://inaturalist-open-data.s3.amazonaws.com/photos/593410808/medium.jpg,,"",,3,0,false,843,"Puerto Vallarta, Central Pacific Region, MX",20.5839916667,-105.2445833333,5,,,,5,,open,false,,,Snowy Egret,Egretta thula,Garza dedos dorados,Aves,4940
328116155,4094e72f-82ed-4272-9f5c-2a7e5034d9c5,2025/11/24 12:21 PM,2025-11-24,2025-11-24 18:21:00 +0000,Central Time (US & Canada),111241,lovebirder,Missy McAllister-Kerr,2025-11-24 22:46:20 +0000,2025-11-24 23:47:44 +0000,research,CC-BY-NC,https://www.inaturalist.org/observations/328116155,https://inaturalist-open-data.s3.amazonaws.com/photos/594496456/medium.jpg,,"","",2,0,false,,"Galveston, TX, USA",29.200681,-94.951116,500,,,,500,,open,false,,,Snowy Egret,Egretta thula,Garza dedos dorados,Aves,4940
328213433,6c11e18e-aa83-421c-b607-e4476af6bbb7,2025/11/23 11:41 AM,2025-11-23,2025-11-23 17:41:00 +0000,Central Time (US & Canada),5598715,tannerlady,Cindi Tanner,2025-11-25 16:26:34 +0000,2025-11-26 02:10:44 +0000,research,CC-BY-NC,https://www.inaturalist.org/observations/328213433,https://inaturalist-open-data.s3.amazonaws.com/photos/594696583/medium.jpg,,"",,4,0,false,,"Leonabelle Turnbull Birding Center, 1356 Ross Ave, Port Aransas, TX 78373, USA",27.8272791,-97.0783761,206,,,,206,,open,false,,,Snowy Egret,Egretta thula,Garza dedos dorados,Aves,4940
328558969,2cdc282e-6b24-4770-9bba-be52834f5572,2025/11/26 11:24 AM,2025-11-26,2025-11-26 19:24:00 +0000,Pacific Time (US & Canada),3803384,michael_long,Michael Long,2025-11-28 00:53:44 +0000,2026-01-06 21:07:55 +0000,research,CC-BY-NC,https://www.inaturalist.org/observations/328558969,https://inaturalist-open-data.s3.amazonaws.com/photos/595397037/medium.jpg,,"",,2,0,false,,"Redwood Shores, Redwood City, CA, USA",37.529373881,-122.2625479867,4,,,,4,,open,false,,,Snowy Egret,Egretta thula,Garza dedos dorados,Aves,4940
328781244,036b631c-0ae0-445e-9695-af18b8061035,Sat Nov 29 2025 12:15:22 GMT -0500 (EST),2025-11-29,2025-11-29 17:15:22 +0000,Eastern Time (US & Canada),8310014,hastatus,Fdichfovd,2025-11-29 17:15:29 +0000,2025-12-07 15:26:53 +0000,research,CC-BY-NC,https://www.inaturalist.org/observations/328781244,https://inaturalist-open-data.s3.amazonaws.com/photos/595847635/medium.jpg,,"",,1,0,false,333,Sarasota,27.3381595612,-82.549156189,19,,,,19,,open,false,,,Snowy Egret,Egretta thula,Garza dedos dorados,Aves,4940
328970703,58648633-e442-4413-a2c5-56aa7e718cec,2025/07/10 3:04 PM,2025-07-10,2025-07-11 00:04:00 +0200,Pacific Time (US & Canada),796280,eleggua,eleggua,2025-11-30 21:13:44 +0000,2025-12-01 07:35:06 +0000,research,CC-BY-NC,https://www.inaturalist.org/observations/328970703,https://inaturalist-open-data.s3.amazonaws.com/photos/596226288/medium.gif,,"","flying off to fetch a twig for use in nest renovation.

Shorebird Way Egret and Heron Rookery, Google Campus, Mountain View, CA, USA
https://scvbirdalliance.org/egrets
https://www.mv-voice.com/news/2024/05/23/come-see-herons-egrets-nesting-at-googles-mountain-view-campus/
https://scvbirdalliance.org/shorebird-way

",2,0,false,,"Shorebird Way, Google Campus, Mountain View, CA, USA",37.4185593076,-122.071273123,2,,,,2,,open,false,,,Snowy Egret,Egretta thula,Garza dedos dorados,Aves,4940
329040749,9603d809-0acd-42f0-810f-9c677b4cee99,2025/11/24 1:59 PM,2025-11-24,2025-11-24 21:59:00 +0000,Pacific Time (US & Canada),335645,ldjaffe,"",2025-12-01 08:06:49 +0000,2025-12-02 17:17:06 +0000,research,CC-BY-NC,https://www.inaturalist.org/observations/329040749,https://inaturalist-open-data.s3.amazonaws.com/photos/596367049/medium.jpg,,"",,2,0,false,,"Yolo Bypass Wildlife Area, 45211 Co Rd 32B, Davis, CA 95618, USA",38.5614856,-121.6290339,197,,,,197,,open,false,,,Snowy Egret,Egretta thula,Garza dedos dorados,Aves,4940
329128928,a8f2926a-1165-4696-b49d-d64f54cf9be4,2025-12-01 11:30:00,2025-12-01,2025-12-01 17:30:00 +0000,America/Costa_Rica,8658556,ignacho1,Ignacho 96,2025-12-01 23:07:28 +0000,2025-12-05 04:10:45 +0000,research,,https://www.inaturalist.org/observations/329128928,https://static.inaturalist.org/photos/596542631/medium.jpg,,"",,4,0,false,2,"5732+8J4, Provincia de Puntarenas, Uvita, Playa, Costa Rica",9.1530933403,-83.7469034269,439,,,,439,,open,false,gps,gps,Garza dedos dorados,Egretta thula,Garza dedos dorados,Aves,4940
329323965,3b97b3b4-c73e-4e1a-bbc5-6ef00b557871,2025/11/24 8:15 PM,2025-11-24,2025-11-25 01:15:00 +0000,Eastern Time (US & Canada),3462520,iota,Yana,2025-12-03 12:19:38 +0000,2025-12-10 06:35:53 +0000,research,CC-BY-NC,https://www.inaturalist.org/observations/329323965,https://inaturalist-open-data.s3.amazonaws.com/photos/596933087/medium.jpg,,"",,3,0,false,,"Pinellas County, FL, USA",27.6344307511,-82.7003708553,84,,,,84,,open,false,,,Snowy Egret,Egretta thula,Garza dedos dorados,Aves,4940
329476581,7fde0fa7-f877-4d83-97e3-226a84a2a74f,2001/05/06 21:40,2001-05-06,2001-05-07 01:40:00 +0000,Eastern Time (US & Canada),6598930,splatzone,Simon Plat,2025-12-04 19:11:08 +0000,2025-12-04 20:13:11 +0000,research,CC-BY-NC,https://www.inaturalist.org/observations/329476581,https://inaturalist-open-data.s3.amazonaws.com/photos/597240315/medium.jpg,,"020 Reigers, Birds, Landen regios en gebieden, Nature, VS Florida 2001, Vakanties en reisjes, Verenigde Staten",,2,0,false,,"Pinellas County, Florida, Verenigde Staten",27.6221856867,-82.7357106783,,,,,,,open,false,,,Amerikaanse Kleine Zilverreiger,Egretta thula,Garza dedos dorados,Aves,4940
329567316,025ed604-6849-40e2-9a7c-b649cd32552b,2025-12-05 08:24:28,2025-12-05,2025-12-05 13:24:28 +0000,Eastern Time (US & Canada),9017862,hellbenderman,Oscar U,2025-12-05 14:01:47 +0000,2025-12-05 16:07:15 +0000,research,CC-BY-NC,https://www.inaturalist.org/observations/329567316,https://inaturalist-open-data.s3.amazonaws.com/photos/597427265/medium.jpg,,"",,2,0,false,843,"International Dr, Orlando, FL, US",28.46002,-81.4659716667,6,,,,6,,open,false,,,Snowy Egret,Egretta thula,Garza dedos dorados,Aves,4940
329661214,35af0f74-44e0-4de4-8514-08183734f450,2012/01/02 9:57 AM,2012-01-02,2012-01-02 15:57:00 +0000,Central Time (US & Canada),1138432,patti_edens,Patti A. Edens,2025-12-06 06:14:23 +0000,2025-12-28 05:02:30 +0000,research,CC-BY-NC-ND,https://www.inaturalist.org/observations/329661214,https://inaturalist-open-data.s3.amazonaws.com/photos/597599139/medium.jpg,,"BBSP, Brazos Bend State Park",Brazos Bend State Park,3,0,false,,"Fort Bend County, TX, USA",29.3715976292,-95.6275012804,107,,,,107,,open,false,,,Snowy Egret,Egretta thula,Garza dedos dorados,Aves,4940
329713549,e4d623ab-abd6-4585-9a95-c86d128a596a,2025-11-23 16:10:21,2025-11-23,2025-11-23 21:10:21 +0000,Eastern Time (US & Canada),167967,eric_olson,Eric Olson,2025-12-06 17:00:16 +0000,2025-12-28 20:21:21 +0000,research,CC-BY-SA,https://www.inaturalist.org/observations/329713549,https://inaturalist-open-data.s3.amazonaws.com/photos/597720763/medium.jpg,,"",,1,0,false,843,"Snowberry Ln, Sanibel, FL, US",26.4411730808,-82.132842025,202,,,,202,,open,false,,,Snowy Egret,Egretta thula,Garza dedos dorados,Aves,4940
329776199,5a87b2ac-0067-4c12-942c-4b8b66e98a5f,2025/12/06 4:41 PM,2025-12-06,2025-12-07 00:41:00 +0000,Pacific Time (US & Canada),9130330,lupefern,,2025-12-07 02:06:19 +0000,2025-12-08 08:48:57 +0000,research,CC-BY-NC,https://www.inaturalist.org/observations/329776199,https://inaturalist-open-data.s3.amazonaws.com/photos/597844899/medium.jpg,,"",,2,0,false,,"Rancho Palos Verdes, CA, USA",33.7225103488,-118.335424661,150,,,,150,,open,false,,,Snowy Egret,Egretta thula,Garza dedos dorados,Aves,4940
329782983,8751d4df-c90a-487d-8a40-bca1fcdc3f21,2025/11/19 3:02 PM,2025-11-19,2025-11-19 23:02:00 +0000,Pacific Time (US & Canada),796280,eleggua,eleggua,2025-12-07 03:11:35 +0000,2025-12-07 03:29:28 +0000,research,CC-BY-NC,https://www.inaturalist.org/observations/329782983,https://inaturalist-open-data.s3.amazonaws.com/photos/597771423/medium.jpg,,"",,1,0,false,,"Lake Merritt, Oakland, CA, USA",37.8047644029,-122.2580256358,8,,,,8,,open,false,,,Snowy Egret,Egretta thula,Garza dedos dorados,Aves,4940
329805215,9d512ac0-990b-48bb-968c-66e5eab9eaba,2025-12-06 10:02:20,2025-12-06,2025-12-06 18:02:20 +0000,Pacific Time (US & Canada),2742035,meganmarvin,Megan Marvin,2025-12-07 07:33:42 +0000,2025-12-28 13:47:22 +0000,research,,https://www.inaturalist.org/observations/329805215,https://static.inaturalist.org/photos/597906704/medium.jpg,,"",,3,0,false,843,"Bellevue Ave, Oakland, CA, US",37.8058033333,-122.2565216667,4,,,,4,,open,false,,,Snowy Egret,Egretta thula,Garza dedos dorados,Aves,4940
329865899,8596a8ea-b3c9-40eb-a713-ab88608455d1,2025/12/06 3:33 PM,2025-12-06,2025-12-06 23:33:00 +0000,Pacific Time (US & Canada),9081515,sonjay_,Sonjay,2025-12-07 18:22:38 +0000,2025-12-07 22:59:27 +0000,research,CC-BY-NC-ND,https://www.inaturalist.org/observations/329865899,https://inaturalist-open-data.s3.amazonaws.com/photos/598028343/medium.jpg,,"",,1,0,false,,Legacy Park,34.0352411272,-118.6893441752,213,,,,213,,open,false,,,Snowy Egret,Egretta thula,Garza dedos dorados,Aves,4940
329997111,418097ce-f9a4-45bb-9718-209230f3c1de,2025/12/07 10:57 AM,2025-12-07,2025-12-07 18:57:00 +0000,Pacific Time (US & Canada),3342,hfabian,Henry Fabian,2025-12-08 16:49:08 +0000,2026-01-31 15:33:30 +0000,research,CC0,https://www.inaturalist.org/observations/329997111,https://static.inaturalist.org/photos/598293328/medium.jpg,,"",,3,0,false,,"Elsie Roemer Bird Sanctuary, Alameda, CA 94501, USA",37.7530036,-122.2471087,199,,,,199,,open,false,,,Snowy Egret,Egretta thula,Garza dedos dorados,Aves,4940
330067105,11627cbd-05a1-4a5e-a305-a6af42b7d9b2,2025/06/02 4:10 PM,2025-06-02,2025-06-03 01:10:00 +0200,Pacific Time (US & Canada),796280,eleggua,eleggua,2025-12-09 04:43:40 +0000,2025-12-11 04:52:49 +0000,research,CC-BY-NC,https://www.inaturalist.org/observations/330067105,https://inaturalist-open-data.s3.amazonaws.com/photos/598431917/medium.jpg,,"","smaller blue egg.
successfully hatched!

12th and Harrison Sts, Downtown Oakland, black-crowned night heron and snowy egret urban rookery.

bcnh eggs are slightly larger, less oblong and more rounded than snowy eggs. snowy eggs tend toward a deeper blue, too. Also, the snowy exit hole tends too be less wide, smaller and toward the top of the egg than bcnh.

comparison tool:
https://www.inaturalist.org/observations/295449292

https://www.inaturalist.org/observations/295449294",1,0,false,,"12th and Harrison Sts, Downtown Oakland, Oakland, CA, USA",37.8012507839,-122.2684979958,4,,,,4,,open,false,,,Snowy Egret,Egretta thula,Garza dedos dorados,Aves,4940
330118247,c7115667-03c2-4c90-b6fc-f8a9ed776f23,2025/12/08 8:06 AM,2025-12-08,2025-12-08 16:06:00 +0000,Pacific Time (US & Canada),1803171,tempetoon,Scott Templeton,2025-12-09 16:48:13 +0000,2025-12-28 05:00:23 +0000,research,CC-BY-NC,https://www.inaturalist.org/observations/330118247,https://inaturalist-open-data.s3.amazonaws.com/photos/598543656/medium.jpg,,"",,1,0,false,,"Orange County, CA, USA",33.7056047939,-118.0434130722,6,,,,6,,open,false,,,Snowy Egret,Egretta thula,Garza dedos dorados,Aves,4940
330230957,6b6c3dd7-a1e9-46d2-b059-7295f4b4db82,2025/12/08 10:20 AM,2025-12-08,2025-12-08 18:20:00 +0000,Pacific Time (US & Canada),1803171,tempetoon,Scott Templeton,2025-12-10 15:07:37 +0000,2026-01-08 01:11:22 +0000,research,CC-BY-NC,https://www.inaturalist.org/observations/330230957,https://inaturalist-open-data.s3.amazonaws.com/photos/598772845/medium.jpg,,"",,2,0,false,,"Orange County, CA, USA",33.7041731775,-118.048942789,30,,,,30,,open,false,,,Snowy Egret,Egretta thula,Garza dedos dorados,Aves,4940
330262334,b749e72d-ce0b-4289-b3df-fd26ab1645d3,2025/06/16 5:47 AM,2025-06-16,2025-06-16 14:47:00 +0200,Pacific Time (US & Canada),796280,eleggua,eleggua,2025-12-10 20:56:19 +0000,2025-12-21 21:32:34 +0000,research,CC-BY-NC,https://www.inaturalist.org/observations/330262334,https://inaturalist-open-data.s3.amazonaws.com/photos/598823583/medium.jpg,,"","successfully hatched!

smaller blue egg, snowy.
bcnh eggs are slightly larger, less oblong and more rounded than snowy eggs. snowy eggs tend toward a deeper blue, too.  Also, the snowy exit hole tends too be less wide, smaller and toward the top of the egg than bcnh.


comparison tool:
https://www.inaturalist.org/observations/295449292

https://www.inaturalist.org/observations/295449294

12th and Harrison Sts, Downtown Oakland, black-crowned night heron and snowy egret urban rookery.",2,0,false,,"12th and Harrison Sts, Downtown Oakland, Oakland, CA, USA",37.8013618635,-122.2682031965,1,,,,1,,open,false,,,Snowy Egret,Egretta thula,Garza dedos dorados,Aves,4940
330395803,f1950995-fd41-413e-9f27-b24f619ce4bd,2025/12/11 10:26 AM,2025-12-11,2025-12-11 18:26:00 +0000,Pacific Time (US & Canada),26610,anudibranchmom,Robin Gwen Agarwal,2025-12-11 23:44:13 +0000,2025-12-12 00:25:52 +0000,research,CC-BY-NC,https://www.inaturalist.org/observations/330395803,https://inaturalist-open-data.s3.amazonaws.com/photos/599108168/medium.jpg,,"",,2,0,false,,"Alameda, CA, USA",37.7640064579,-122.2851121376,61,,,,61,,open,false,,,Snowy Egret,Egretta thula,Garza dedos dorados,Aves,4940
330501626,527a9da0-c750-417e-bda5-42e6e95e3ad8,2025-12-11 17:45:02-08:00,2025-12-11,2025-12-12 01:45:02 +0000,Pacific Time (US & Canada),2374030,camerashychris,Christian Long,2025-12-12 21:24:15 +0000,2025-12-15 05:06:41 +0000,research,CC-BY-NC,https://www.inaturalist.org/observations/330501626,https://inaturalist-open-data.s3.amazonaws.com/photos/599654838/medium.jpg,,"","",2,0,false,3,"Marsh Creek Regional Trail, Oakley, CA, US",37.9986672899,-121.6953524708,111,,,,111,,open,false,,,Snowy Egret,Egretta thula,Garza dedos dorados,Aves,4940
330782699,51459b41-2739-47ac-b803-373230faf649,2025/12/14 9:51 AM,2025-12-14,2025-12-14 14:51:00 +0000,Eastern Time (US & Canada),8014991,mtart,,2025-12-14 23:40:42 +0000,2025-12-28 04:57:39 +0000,research,CC-BY-NC,https://www.inaturalist.org/observations/330782699,https://inaturalist-open-data.s3.amazonaws.com/photos/599907042/medium.jpg,,"",,2,0,false,,"Peaceful Waters Sanctuary, 11676 Pierson Rd, Wellington, FL 33414, USA",26.6310827,-80.2325743,191,,,,191,,open,false,,,Snowy Egret,Egretta thula,Garza dedos dorados,Aves,4940
330782720,469faef7-dad0-4fb2-8f7b-e2e5890c67e2,2025-12-14 15:39:02,2025-12-14,2025-12-14 23:39:02 +0000,Pacific Time (US & Canada),6024045,szep,"",2025-12-14 23:40:46 +0000,2025-12-15 17:46:34 +0000,research,,https://www.inaturalist.org/observations/330782720,https://static.inaturalist.org/photos/599907909/medium.jpg,,"",,1,0,false,843,"Maytime Ln, Culver City, CA, US",34.0043361167,-118.391555,56,,,,56,,open,false,,,Snowy Egret,Egretta thula,Garza dedos dorados,Aves,4940
330789095,ac056282-debe-4d48-9bf0-100131178fc1,2025/12/14 9:16 AM,2025-12-14,2025-12-14 17:16:00 +0000,Pacific Time (US & Canada),217955,phelsumas4life,Sean,2025-12-15 00:40:19 +0000,2025-12-28 04:57:31 +0000,research,CC-BY-NC,https://www.inaturalist.org/observations/330789095,https://inaturalist-open-data.s3.amazonaws.com/photos/599920141/medium.jpg,,"",,1,0,false,,"Bolsa Chica State Beach, California, USA",33.6955698,-118.0487973,2151,,,,2151,,open,false,,,Snowy Egret,Egretta thula,Garza dedos dorados,Aves,4940
330791193,1f3ffcf7-069f-492d-ad4d-c8b81e4efe15,2024/08/31 6:23 PM,2024-08-31,2024-09-01 03:23:00 +0200,Pacific Time (US & Canada),7736851,johnnyrhomboid,,2025-12-15 00:58:43 +0000,2025-12-15 15:41:19 +0000,research,CC-BY-NC,https://www.inaturalist.org/observations/330791193,https://inaturalist-open-data.s3.amazonaws.com/photos/599925616/medium.jpg,,"",,2,0,false,,"Lakeside, CA, USA",32.8579809038,-116.9176346734,1,,,,1,,open,false,,,Snowy Egret,Egretta thula,Garza dedos dorados,Aves,4940
330807966,41688cd5-4afa-4216-953e-1b9fe875b407,2025/07/22 7:01 AM,2025-07-22,2025-07-22 16:01:00 +0200,Pacific Time (US & Canada),796280,eleggua,eleggua,2025-12-15 03:39:55 +0000,2026-01-08 22:01:31 +0000,research,CC-BY-NC,https://www.inaturalist.org/observations/330807966,https://inaturalist-open-data.s3.amazonaws.com/photos/599955305/medium.jpg,,"","snowy egret making evasive flight maneuver. they perform pirouettes when they see a human on the ground pointing something upward in their direction. racial memory of humans shooting at them, killing them for their feathers.

12th and Harrison Sts, Downtown Oakland, black-crowned night heron and snowy egret urban rookery.

",3,0,false,,"12th and Harrison Sts, Downtown Oakland, Oakland, CA, USA",37.8012934834,-122.2683778361,2,,,,2,,open,false,,,Snowy Egret,Egretta thula,Garza dedos dorados,Aves,4940
330816500,707a5b56-52fa-487a-923e-29b7078d3082,2025/09/04 8:20 AM,2025-09-04,2025-09-04 17:20:00 +0200,Pacific Time (US & Canada),8593443,kaitlyndavidson,Kaitlyn Davidson,2025-12-15 05:12:23 +0000,2025-12-28 04:56:59 +0000,research,,https://www.inaturalist.org/observations/330816500,https://static.inaturalist.org/photos/599975266/medium.jpg,,"",,2,0,false,,"Bolsa Chica Ecological Reserve, 18000 CA-1, Huntington Beach, CA 92648, USA",33.6956195,-118.0464005,196,,,,196,,open,false,,,Snowy Egret,Egretta thula,Garza dedos dorados,Aves,4940
331037998,3b66b566-516d-49d3-989e-cc99ef4fa07f,2022/02/12 8:43 AM,2022-02-12,2022-02-12 13:43:00 +0000,Eastern Time (US & Canada),6636130,blivieri,Barbara Livieri,2025-12-17 02:09:34 +0000,2025-12-28 04:56:21 +0000,research,CC-BY-NC,https://www.inaturalist.org/observations/331037998,https://inaturalist-open-data.s3.amazonaws.com/photos/600437218/medium.jpg,,"Big Cypress National Preserve, February, florida, loop_road, snowy_egret",,2,0,false,,"Monroe County, FL, USA",25.7603934376,-81.0045934079,1480,,,,1480,,open,false,,,Snowy Egret,Egretta thula,Garza dedos dorados,Aves,4940
331146357,a8e10602-2ed7-4a13-b8f6-05e0a870be7c,2025/08/22 10:36 AM,2025-08-22,2025-08-22 19:36:00 +0200,Pacific Time (US & Canada),986773,andrealikesbirds,Andrea Carpio,2025-12-18 01:05:55 +0000,2025-12-28 04:56:05 +0000,research,CC-BY-NC,https://www.inaturalist.org/observations/331146357,https://inaturalist-open-data.s3.amazonaws.com/photos/600657571/medium.jpg,,"",,2,0,false,,"Eastern Malibu, Malibu, CA, USA",34.0326316667,-118.679878055,,,,,,,open,false,,,Snowy Egret,Egretta thula,Garza dedos dorados,Aves,4940
331154830,75e9d0e6-1fcc-4a9f-b536-9343b8eb139d,2025-12-16 11:07:38,2025-12-16,2025-12-16 17:07:38 +0000,Mexico City,3449964,davidgalindo,David Galindo,2025-12-18 02:47:19 +0000,2026-02-26 07:08:07 +0000,research,,https://www.inaturalist.org/observations/331154830,https://static.inaturalist.org/photos/600676264/medium.jpg,,"",,4,0,false,2,"42852 Hgo., México",19.9446885209,-99.3194552511,206,,,,206,,open,false,gps,gps,Garza dedos dorados,Egretta thula,Garza dedos dorados,Aves,4940
331358860,8b9c1cf2-cbc3-4870-adfc-7f06521e8570,2025/12/19 11:07 AM,2025-12-19,2025-12-19 17:07:00 +0000,Central Time (US & Canada),459141,bradyreed,Brady Reed,2025-12-19 23:38:51 +0000,2025-12-20 22:00:35 +0000,research,CC0,https://www.inaturalist.org/observations/331358860,https://inaturalist-open-data.s3.amazonaws.com/photos/601098638/medium.jpg,,"",,2,0,false,,"Waller County, TX, USA",29.9327888889,-95.9249027778,1,,,,1,,open,false,,,Snowy Egret,Egretta thula,Garza dedos dorados,Aves,4940
331470275,6d607029-554d-49cc-b5e6-df6ed8a1e657,2025/12/20 3:35 AM,2025-12-20,2025-12-20 07:35:00 +0000,America/Santo_Domingo,4272679,jacobo_giraldo_,Jacobo Giraldo trejos,2025-12-20 22:34:18 +0000,2026-03-01 19:20:39 +0000,research,,https://www.inaturalist.org/observations/331470275,https://static.inaturalist.org/photos/601329317/medium.jpg,,"",,3,0,false,,"Bávaro, 23000 Punta Cana, República Dominicana",18.7306405373,-68.4729212676,2,,,,2,,open,false,,,Garza chica,Egretta thula thula,Garza chica,Aves,555704
331509072,f3ef2fac-b01e-427e-a000-e35c797a4fa5,2023-10-05 14:25:36,2023-10-05,2023-10-05 23:25:36 +0200,Pacific Time (US & Canada),5345384,tyler-white,Tyler White,2025-12-21 05:13:02 +0000,2025-12-28 04:54:34 +0000,research,,https://www.inaturalist.org/observations/331509072,https://static.inaturalist.org/photos/601408581/medium.jpg,,"",,1,0,false,2,"Mather Dam, Mather, CA 95655, USA",38.5569758076,-121.2595374137,191,,,,191,,open,false,gps,gps,Snowy Egret,Egretta thula,Garza dedos dorados,Aves,4940
331581805,0996620c-b24b-4cce-be9c-07ae8f4fe25c,2025/12/13 9:10 AM,2025-12-13,2025-12-13 15:10:00 +0000,Mexico City,157427,sinai,Sinai Duarte,2025-12-21 19:59:34 +0000,2026-03-08 06:14:55 +0000,research,,https://www.inaturalist.org/observations/331581805,https://static.inaturalist.org/photos/601553394/medium.jpg,,"",,4,0,false,,"Parque Ecológico de Xochimilco, Ciudad de México, CDMX, Mexico",19.2948421174,-99.0960167359,207,,,,207,,open,false,,,Garza dedos dorados,Egretta thula,Garza dedos dorados,Aves,4940
331612648,7ac9c038-f4d2-4296-bdd3-df4c508ffb84,2025/12/21 11:21 AM,2025-12-21,2025-12-21 16:21:00 +0000,Eastern Time (US & Canada),7234422,critter-queen32,Rachel Echols,2025-12-22 00:36:14 +0000,2025-12-22 03:46:09 +0000,research,CC-BY-NC,https://www.inaturalist.org/observations/331612648,https://inaturalist-open-data.s3.amazonaws.com/photos/601609042/medium.jpg,,"",,2,0,false,,"Smyrna Dunes Park, New Smyrna Beach, FL, USA",29.0680851873,-80.9129189423,450,,,,450,,open,false,,,Snowy Egret,Egretta thula,Garza dedos dorados,Aves,4940
331621007,fb064237-fd1c-42a7-afd9-b58061f0c0c7,2025/12/18 9:22 AM,2025-12-18,2025-12-18 17:22:00 +0000,Pacific Time (US & Canada),583493,tothemax,Max Roberts,2025-12-22 02:00:46 +0000,2025-12-28 04:54:08 +0000,research,CC-BY-NC,https://www.inaturalist.org/observations/331621007,https://inaturalist-open-data.s3.amazonaws.com/photos/601629748/medium.jpg,,"",3 individuals seen foraging in this area.,1,0,false,,"Imperial Beach, CA, USA",32.572685458,-117.1232722697,4,,,,4,,open,false,,,Snowy Egret,Egretta thula,Garza dedos dorados,Aves,4940
331692527,c45cc637-6338-4e95-bd81-7660206ed1f4,2025/03/29 6:02 PM,2025-03-29,2025-03-29 22:02:00 +0000,Eastern Time (US & Canada),2807595,jimangelo,,2025-12-22 17:19:38 +0000,2025-12-28 04:53:33 +0000,research,CC-BY-NC,https://www.inaturalist.org/observations/331692527,https://inaturalist-open-data.s3.amazonaws.com/photos/601773120/medium.jpg,,"Alligator Farm Zoological Park, Egretta thula, Florida, Notable breeding plumage, Snowy Egret, St Augustine, St John's County",,1,0,false,,"St Augustine Alligator Farm, St. Augustine, FL 32080, USA",29.8818461,-81.2885721,211,,,,211,,open,false,,,Snowy Egret,Egretta thula,Garza dedos dorados,Aves,4940
331737926,61032aaf-38ed-4dca-b0ff-cb02c3a267ae,2025/12/22 12:34 PM,2025-12-22,2025-12-22 20:34:00 +0000,Pacific Time (US & Canada),798633,mombliss,,2025-12-23 00:08:20 +0000,2025-12-23 19:59:52 +0000,research,,https://www.inaturalist.org/observations/331737926,https://static.inaturalist.org/photos/601869989/medium.jpg,,"",,1,0,false,,"Palo Alto, CA, USA",37.4420886579,-122.1142813649,15,,,,15,,open,false,,,Snowy Egret,Egretta thula,Garza dedos dorados,Aves,4940
331740897,3fc215a2-79e4-4a1c-bbac-1d0bc7e1ede2,2025/12/21,2025-12-21,,Pacific Time (US & Canada),4215727,skrapple,Melissa,2025-12-23 00:38:10 +0000,2025-12-28 04:53:05 +0000,research,,https://www.inaturalist.org/observations/331740897,https://static.inaturalist.org/photos/601875958/medium.jpg,,"",,1,0,false,,"Imperial County, CA, USA",33.1540131941,-115.6138656774,6359,,,,6359,,open,false,,,Snowy Egret,Egretta thula,Garza dedos dorados,Aves,4940
331760392,e937be9b-4f1e-4e87-9694-c68cd385ba1f,2025/12/20 1:49 PM,2025-12-20,2025-12-20 19:49:00 +0000,Central Time (US & Canada),1576433,mary4mac,Mary Halligan,2025-12-23 03:59:06 +0000,2025-12-24 09:27:54 +0000,research,CC-BY-NC,https://www.inaturalist.org/observations/331760392,https://inaturalist-open-data.s3.amazonaws.com/photos/601912331/medium.jpg,,"",,2,0,false,,"Jocelyn Nungaray National Wildlife Refuge, 4318 FM1985, Anahuac, TX 77514, USA",29.6576206,-94.5466046,200,,,,200,,open,false,,,Snowy Egret,Egretta thula,Garza dedos dorados,Aves,4940
331973779,3e477d8a-0723-40ae-88ee-3587db11ffb7,2025/12/21 7:59 AM,2025-12-21,2025-12-21 15:59:00 +0000,Pacific Time (US & Canada),81261,biohexx1,Valtierra,2025-12-24 23:37:52 +0000,2025-12-25 10:23:57 +0000,research,CC-BY-NC-ND,https://www.inaturalist.org/observations/331973779,https://inaturalist-open-data.s3.amazonaws.com/photos/602354717/medium.jpg,,"",Right,2,0,false,,"Tijuana River National Estuarine Research Reserve; San Diego, California",32.5735183534,-117.1257461752,5,,,,5,,open,false,,,Snowy Egret,Egretta thula,Garza dedos dorados,Aves,4940
332070217,6135d94e-8784-40c3-9584-389ed6528057,2025-12-25 16:15:37,2025-12-25,2025-12-25 21:15:37 +0000,Eastern Time (US & Canada),8986239,sidneyblumenfeld,Sidney Blumenfeld,2025-12-25 21:28:44 +0000,2026-01-13 14:50:32 +0000,research,CC-BY-NC,https://www.inaturalist.org/observations/332070217,https://inaturalist-open-data.s3.amazonaws.com/photos/602554618/medium.jpg,,"",,5,0,false,843,"Mount Pleasant, SC, US",32.817945,-79.799675,4,,,,4,,open,false,,,Snowy Egret,Egretta thula,Garza dedos dorados,Aves,4940
332228538,f162364f-0bcb-4e60-9188-5e2b3dc90354,2025/12/22 11:54 AM,2025-12-22,2025-12-22 19:54:00 +0000,Pacific Time (US & Canada),130904,bobc,"",2025-12-27 02:06:52 +0000,2026-01-01 21:57:00 +0000,research,CC-BY-NC,https://www.inaturalist.org/observations/332228538,https://inaturalist-open-data.s3.amazonaws.com/photos/602882049/medium.jpg,,"","with Ibis - presumably White-faced Ibis

immature Snowy Egret",2,0,false,,"Pittmann, Henderson, NV, USA",36.0767931468,-115.0034748161,15,,,,15,,open,false,,,Snowy Egret,Egretta thula,Garza dedos dorados,Aves,4940
332312777,0fc771bd-d9fc-406c-ac96-78dd492096a8,Sat Dec 27 2025 13:12:54 GMT -0500 (EST),2025-12-27,2025-12-27 18:12:54 +0000,Eastern Time (US & Canada),9912903,florentc,Florent Charpin,2025-12-27 18:13:22 +0000,2025-12-28 04:51:02 +0000,research,CC-BY-NC,https://www.inaturalist.org/observations/332312777,https://inaturalist-open-data.s3.amazonaws.com/photos/603054987/medium.jpg,,"",,2,0,false,333,Palm Beach Shores,26.7774524689,-80.0399398804,,,,,,,open,false,,,Snowy Egret,Egretta thula,Garza dedos dorados,Aves,4940
332360425,86ade448-02a6-4695-ab93-c9ed42998f4b,2025/12/24 11:57 AM,2025-12-24,2025-12-24 19:57:00 +0000,Pacific Time (US & Canada),1458371,katiesan,,2025-12-28 00:18:30 +0000,2026-02-10 11:57:57 +0000,research,CC-BY-NC,https://www.inaturalist.org/observations/332360425,https://inaturalist-open-data.s3.amazonaws.com/photos/603150585/medium.jpg,,"Pillar Point Harbor, Snowy Egret, bird, single",,2,0,false,,"San Mateo County, CA, USA",37.5032597028,-122.4803720701,8,,,,8,,open,false,,,Snowy Egret,Egretta thula,Garza dedos dorados,Aves,4940
332380325,0d35339a-19cc-4261-a79f-27dbf18dff98,2025/12/18 9:56 AM,2025-12-18,2025-12-18 15:56:00 +0000,Central Time (US & Canada),4049897,hoiman01,Hoiman,2025-12-28 03:03:52 +0000,2025-12-29 03:35:05 +0000,research,CC-BY-NC,https://www.inaturalist.org/observations/332380325,https://inaturalist-open-data.s3.amazonaws.com/photos/603193940/medium.jpg,,"",,3,0,false,,"Rosenberg, TX, USA",29.5230527778,-95.8038622222,50,,,,50,,open,false,,,Snowy Egret,Egretta thula,Garza dedos dorados,Aves,4940
332381726,d1123a02-b36e-46e5-b3bc-3d4a11688f6d,2025/12/19 8:11 AM,2025-12-19,2025-12-19 14:11:00 +0000,Central Time (US & Canada),4049897,hoiman01,Hoiman,2025-12-28 03:14:20 +0000,2025-12-30 01:41:03 +0000,research,CC-BY-NC,https://www.inaturalist.org/observations/332381726,https://inaturalist-open-data.s3.amazonaws.com/photos/603196928/medium.jpg,,"","",4,0,false,,"Sugar Land, TX, USA",29.6376087449,-95.6587702414,8,,,,8,,open,false,,"",Snowy Egret,Egretta thula,Garza dedos dorados,Aves,4940
332781510,cf5492e4-e9c8-49a4-af13-b376e8fe5837,2025-12-30 11:28:45-08:00,2025-12-30,2025-12-30 19:28:45 +0000,Pacific Time (US & Canada),150851,gavitp,,2025-12-30 21:20:24 +0000,2025-12-31 18:08:51 +0000,research,CC-BY-NC,https://www.inaturalist.org/observations/332781510,https://inaturalist-open-data.s3.amazonaws.com/photos/604012989/medium.jpg,,"","",2,0,false,3,"Via Verde, San Dimas, CA, US",34.0916402716,-117.7980707314,134,,,,134,,open,false,,,Snowy Egret,Egretta thula,Garza dedos dorados,Aves,4940
332899010,9e2f5d50-e68e-4fe6-ac49-3e530c0d625c,2025/12/30 4:30 PM,2025-12-30,2025-12-31 00:30:00 +0000,Pacific Time (US & Canada),8293733,torj27,Torin Johnson,2025-12-31 18:04:23 +0000,2026-01-08 03:27:50 +0000,research,CC-BY-NC,https://www.inaturalist.org/observations/332899010,https://inaturalist-open-data.s3.amazonaws.com/photos/604254526/medium.jpg,,"",,3,0,false,,"Alameda, CA, USA",37.7798721,-122.2821855,5723,,,,5723,,open,false,,,Snowy Egret,Egretta thula,Garza dedos dorados,Aves,4940
332957189,b5a681b9-8a56-4aa0-b9dc-e48cbb1078c9,2025/05/29 10:05 AM,2025-05-29,2025-05-29 19:05:00 +0200,Pacific Time (US & Canada),99304,phylogenomics,Jonathan Eisen,2026-01-01 03:43:21 +0000,2026-01-02 15:58:52 +0000,research,CC-BY,https://www.inaturalist.org/observations/332957189,https://inaturalist-open-data.s3.amazonaws.com/photos/604380325/medium.jpg,,"",,3,0,false,,"Yolo County, CA, USA",38.541025,-121.6203616667,,,,,,,open,false,,,Snowy Egret,Egretta thula,Garza dedos dorados,Aves,4940
333106262,1e7d7dd6-9988-44cc-9853-86f4a663f7ff,2026/01/01 2:34 PM,2026-01-01,2026-01-01 22:34:00 +0000,Pacific Time (US & Canada),4682333,bigyear,Big Year,2026-01-02 04:29:45 +0000,2026-01-02 20:44:09 +0000,research,CC-BY-NC,https://www.inaturalist.org/observations/333106262,https://inaturalist-open-data.s3.amazonaws.com/photos/604684803/medium.jpg,,"","",1,0,false,,"Campanil, Santa Barbara, CA, USA",34.4031888711,-119.7458093127,15,,,,15,,open,false,,,Snowy Egret,Egretta thula,Garza dedos dorados,Aves,4940
333809588,fb81df4a-14d2-4607-a735-275fc141551b,2025/12/20 11:21 AM,2025-12-20,2025-12-20 19:21:00 +0000,Pacific Time (US & Canada),3803384,michael_long,Michael Long,2026-01-07 03:32:12 +0000,2026-02-03 03:07:31 +0000,research,CC-BY-NC,https://www.inaturalist.org/observations/333809588,https://inaturalist-open-data.s3.amazonaws.com/photos/606055161/medium.jpg,,"",,3,0,false,,"Redwood Shores, Redwood City, CA, USA",37.5292413605,-122.262655532,15,,,,15,,open,false,,,Snowy Egret,Egretta thula,Garza dedos dorados,Aves,4940
333901117,44073f96-6216-4add-87bb-8b5ef7ea39e1,2026-01-07 16:32:52,2026-01-07,2026-01-07 21:32:52 +0000,Eastern Time (US & Canada),9506005,drag0ncrow,drag0ncrow,2026-01-07 22:50:55 +0000,2026-03-07 09:59:55 +0000,research,CC-BY-NC,https://www.inaturalist.org/observations/333901117,https://inaturalist-open-data.s3.amazonaws.com/photos/606246600/medium.jpg,,"",,1,0,false,843,"Merritt Island, FL, US",28.6330683769,-80.7030599043,20094,,,,20094,,open,false,,,Snowy Egret,Egretta thula,Garza dedos dorados,Aves,4940
334030187,453d1ea7-bfe8-4ecc-b585-822554afc3ee,2025-12-21 17:45:03,2025-12-21,2025-12-22 01:45:03 +0000,Pacific Time (US & Canada),8676511,blithium,Bryant Aubuchon,2026-01-09 00:43:39 +0000,2026-01-11 04:17:06 +0000,research,CC-BY-NC,https://www.inaturalist.org/observations/334030187,https://inaturalist-open-data.s3.amazonaws.com/photos/606508432/medium.jpg,,"",,1,0,false,2,"Newport Beach, Californië 92657, Verenigde Staten",33.5796650107,-117.8539339453,615,,,,615,,open,false,gps,gps,Snowy Egret,Egretta thula,Garza dedos dorados,Aves,4940
334047574,953a967c-d96d-47f5-9ced-a211808c4861,2022/05/02 10:39 AM,2022-05-02,2022-05-02 18:39:00 +0200,Mountain Time (US & Canada),8244242,scwraw,Stanley Wood,2026-01-09 03:46:12 +0000,2026-01-10 02:35:10 +0000,research,CC-BY-NC,https://www.inaturalist.org/observations/334047574,https://inaturalist-open-data.s3.amazonaws.com/photos/606543192/medium.jpg,,"",,2,0,false,,"Box Elder County, UT, USA",41.4639610275,-112.2757224478,31,,,,31,,open,false,,,Snowy Egret,Egretta thula,Garza dedos dorados,Aves,4940
334112995,cf4e20b2-3b7e-45b4-b651-d2552623b88d,2026/01/03 1:29 PM,2026-01-03,2026-01-03 19:29:00 +0000,Central Time (US & Canada),2595012,bcur155,"",2026-01-09 18:24:24 +0000,2026-01-09 18:35:49 +0000,research,CC-BY,https://www.inaturalist.org/observations/334112995,https://inaturalist-open-data.s3.amazonaws.com/photos/606669813/medium.jpg,,"","",2,0,false,,"Bay County, FL, USA",30.1227890308,-85.7328337562,8,,,,8,,open,false,,,Snowy Egret,Egretta thula,Garza dedos dorados,Aves,4940
334232492,8b791dce-5180-4d80-9e93-42900601621a,2026/01/01 2:59 PM,2026-01-01,2026-01-01 20:59:00 +0000,Central Time (US & Canada),1670629,ripley_k,Ripley Kindervater,2026-01-10 17:06:18 +0000,2026-02-01 05:06:52 +0000,research,,https://www.inaturalist.org/observations/334232492,https://static.inaturalist.org/photos/606916882/medium.jpg,,"",,3,0,false,,"Mobile County, AL, USA",30.3547990071,-88.1172521734,153,,,,153,,open,false,,,Snowy Egret,Egretta thula,Garza dedos dorados,Aves,4940
334271692,6240e846-0c9d-425e-8146-ea028b592c43,2026/01/01 12:13 PM,2026-01-01,2026-01-01 18:13:00 +0000,Central Time (US & Canada),397065,katherinedaniels,Katherine Benbow Daniels,2026-01-10 22:39:00 +0000,2026-01-11 00:22:55 +0000,research,,https://www.inaturalist.org/observations/334271692,https://static.inaturalist.org/photos/606998078/medium.jpg,,"",,2,0,false,,Roy G Guerrero Park,30.2451152375,-97.701043758,283,,,,283,,open,false,,,Snowy Egret,Egretta thula,Garza dedos dorados,Aves,4940
334285844,5af535cb-3f95-494a-9311-3f30619ec615,2025/12/25 3:52 PM,2025-12-25,2025-12-25 23:52:00 +0000,Pacific Time (US & Canada),8484682,kindjay,"",2026-01-11 00:48:15 +0000,2026-01-11 09:37:39 +0000,research,CC-BY-NC,https://www.inaturalist.org/observations/334285844,https://inaturalist-open-data.s3.amazonaws.com/photos/607028200/medium.jpg,,"",,2,0,false,,"La Jolla, San Diego, CA, USA",32.8497502383,-117.2706511755,4,,,,4,,open,false,,,Snowy Egret,Egretta thula,Garza dedos dorados,Aves,4940
334442045,69c4b7ec-ac54-413b-b024-4bacb88f1cfc,2026/01/11 9:00 AM,2026-01-11,2026-01-11 17:00:00 +0000,Pacific Time (US & Canada),217955,phelsumas4life,Sean,2026-01-12 02:21:28 +0000,2026-01-12 20:00:04 +0000,research,CC-BY-NC,https://www.inaturalist.org/observations/334442045,https://inaturalist-open-data.s3.amazonaws.com/photos/607340121/medium.jpg,,"",,1,0,false,,"California, US",33.7099693955,-118.0243844037,2151,,,,28930,obscured,open,true,,,Snowy Egret,Egretta thula,Garza dedos dorados,Aves,4940
334448216,3ab35c12-96d5-4494-b8d3-389fb86ef2fb,2026/01/10 9:20 AM,2026-01-10,2026-01-10 15:20:00 +0000,Mexico City,6717588,lupitaviajera-aves,Viajes Chenzira,2026-01-12 03:18:34 +0000,2026-03-02 04:55:44 +0000,research,,https://www.inaturalist.org/observations/334448216,https://static.inaturalist.org/photos/607361631/medium.jpg,,"",,3,0,false,,"Dr. Miguel Silva, Mich., México",19.9667761,-101.1723536,,,,,,,open,false,,,Garza dedos dorados,Egretta thula,Garza dedos dorados,Aves,4940
334778885,b42d5e0d-fa79-4712-b2d3-4dc3b1425e7d,2026-01-14T16:58,2026-01-14,2026-01-14 21:58:00 +0000,Eastern Time (US & Canada),6722720,hlunula,Luca Toro,2026-01-15 00:31:52 +0000,2026-02-21 23:01:59 +0000,research,CC-BY-NC,https://www.inaturalist.org/observations/334778885,https://inaturalist-open-data.s3.amazonaws.com/photos/608028442/medium.jpg,,"",,1,0,false,843,"Lake Bradford Rd, Tallahassee, FL, US",30.4286549819,-84.3006613447,49,,,,49,,open,false,,,Snowy Egret,Egretta thula,Garza dedos dorados,Aves,4940
335303603,8d34c397-1471-4550-a0f4-a9e5a6b2cea6,2026/01/18 11:16 AM,2026-01-18,2026-01-18 19:16:00 +0000,Pacific Time (US & Canada),499995,petdoc,"Julia Lewis DVM, MPH",2026-01-19 02:14:46 +0000,2026-01-19 04:31:51 +0000,research,CC-BY-NC-ND,https://www.inaturalist.org/observations/335303603,https://inaturalist-open-data.s3.amazonaws.com/photos/609099789/medium.jpg,,"",,1,0,false,,"Shoreline Park, Mountain View, California, United States",37.4331216667,-122.0978316667,,,,,,,open,false,,,Snowy Egret,Egretta thula,Garza dedos dorados,Aves,4940
335486730,bb688ee2-4b2a-4af4-b1bd-c7245451a7e5,2025/12/31 10:37 AM,2025-12-31,2025-12-31 15:37:00 +0000,Eastern Time (US & Canada),3610149,naturejeanne,Sandy Thomas,2026-01-20 14:56:15 +0000,2026-03-08 12:40:18 +0000,research,CC-BY-NC,https://www.inaturalist.org/observations/335486730,https://inaturalist-open-data.s3.amazonaws.com/photos/609465581/medium.jpg,,"",,2,0,false,,"Ernest F. Hollings ACE Basin National Wildlife Refuge, Hollywood, SC, USA",32.6663275538,-80.3982202042,23,,,,23,,open,false,,,Snowy Egret,Egretta thula,Garza dedos dorados,Aves,4940
335804948,cd5412cd-f2b0-4753-a3f4-b33a53d26fdc,2026-01-21 17:08:00-08:00,2026-01-21,2026-01-22 01:08:00 +0000,Pacific Time (US & Canada),6348400,xywegh,Jordan O,2026-01-23 08:08:57 +0000,2026-01-24 03:40:19 +0000,research,CC-BY-NC,https://www.inaturalist.org/observations/335804948,https://inaturalist-open-data.s3.amazonaws.com/photos/610113088/medium.jpg,,"","",1,0,false,3,"Arcata Bay, Arcata, CA, US",40.8555384183,-124.0913870702,188,,,,188,,open,false,,,Snowy Egret,Egretta thula,Garza dedos dorados,Aves,4940
336038775,c888476c-171b-432f-bb61-2d068285e43e,2026/01/24 3:05 PM,2026-01-24,2026-01-24 23:05:00 +0000,Pacific Time (US & Canada),5742842,dingbat2,Ciara McKim,2026-01-25 03:11:45 +0000,2026-01-25 22:06:55 +0000,research,CC-BY-NC,https://www.inaturalist.org/observations/336038775,https://inaturalist-open-data.s3.amazonaws.com/photos/610573482/medium.jpg,,"",,3,0,false,,"Humboldt County, US-CA, US",40.8535471473,-124.0923420309,31,,,,31,,open,false,,,Snowy Egret,Egretta thula,Garza dedos dorados,Aves,4940
336141846,fccb8280-1fd4-4928-b6d5-abd3058ee708,2026/01/25 11:30 AM,2026-01-25,2026-01-25 19:30:00 +0000,Pacific Time (US & Canada),5790077,okisutch99,Brian Spence,2026-01-25 21:02:41 +0000,2026-01-26 01:34:10 +0000,research,CC-BY-NC,https://www.inaturalist.org/observations/336141846,https://inaturalist-open-data.s3.amazonaws.com/photos/610782951/medium.jpg,,"",,1,0,false,,"Twin Lakes, CA, USA",36.9596164123,-121.990022592,5,,,,5,,open,false,,,Snowy Egret,Egretta thula,Garza dedos dorados,Aves,4940
336202298,f71059c3-e9ed-4dc1-b6ed-2088d4f47326,2026-01-25 17:04:00,2026-01-25,2026-01-25 23:04:00 +0000,Mexico City,3285655,diegobravata,Diego Bravata,2026-01-26 05:50:52 +0000,2026-03-02 04:55:11 +0000,research,,https://www.inaturalist.org/observations/336202298,https://static.inaturalist.org/photos/610902615/medium.jpg,,"",,5,0,false,2,"Heriberto Kehoe Vicent, Villahermosa, Tab., México",18.010224,-92.9411699722,,,,,,,open,false,gps,gps,Snowy Egret,Egretta thula,Garza dedos dorados,Aves,4940
336298993,d35b8b47-5956-445e-ae95-97a6de383156,2026/01/14 10:19 AM,2026-01-14,2026-01-14 15:19:00 +0000,Eastern Time (US & Canada),754619,richardtimm,Richard Timm,2026-01-27 01:02:49 +0000,2026-01-27 01:39:41 +0000,research,,https://www.inaturalist.org/observations/336298993,https://static.inaturalist.org/photos/611093866/medium.jpg,,"",,1,0,false,,"Gainesville, FL, USA",29.6166050095,-82.3227260614,293,,,,293,,open,false,,,Snowy Egret,Egretta thula,Garza dedos dorados,Aves,4940
336323011,52736d14-ef6a-4fc0-af1c-acbc8784dbbb,2026/01/26 10:14 PM,2026-01-26,2026-01-27 06:14:00 +0000,Pacific Time (US & Canada),8636246,steensfindings,,2026-01-27 06:21:31 +0000,2026-01-30 16:52:25 +0000,research,CC-BY-NC,https://www.inaturalist.org/observations/336323011,https://inaturalist-open-data.s3.amazonaws.com/photos/611147358/medium.jpg,,"",,1,0,false,,"Cardiff, Encinitas, CA 92007, USA",33.0098408446,-117.2714858522,883,,,,883,,open,false,,,Snowy Egret,Egretta thula,Garza dedos dorados,Aves,4940
336914813,ebcb768b-0271-4826-b273-8472c4925833,2026-01-31 16:12:39,2026-01-31,2026-02-01 00:12:39 +0000,Pacific Time (US & Canada),8615402,kyle_yoshida,Kyle Yoshida,2026-02-01 05:45:05 +0000,2026-02-01 05:58:00 +0000,research,,https://www.inaturalist.org/observations/336914813,https://static.inaturalist.org/photos/612349397/medium.jpg,,"",,2,0,false,843,"Pleasure Point, CA, US",36.9552916667,-121.97072,3,,,,3,,open,false,,,Snowy Egret,Egretta thula,Garza dedos dorados,Aves,4940
337446958,7ddfa180-99db-4f93-9684-a7c91e5c754a,2024-07-10 19:58:00-07:00,2024-07-10,2024-07-11 04:58:00 +0200,Pacific Time (US & Canada),7755175,gmanglik,sneakybeaky,2026-02-05 16:56:28 +0000,2026-02-05 19:02:29 +0000,research,CC-BY-NC,https://www.inaturalist.org/observations/337446958,https://inaturalist-open-data.s3.amazonaws.com/photos/405914156/medium.jpeg,,"",this id is for the snowy egret,1,0,false,,"Shoreline Lake, Mountain View, CA, US",37.434421477,-122.0947858026,25,,,,25,,open,false,,,Snowy Egret,Egretta thula,Garza dedos dorados,Aves,4940
337610900,1af69641-6ddd-4074-868f-929c2bd0733e,2026/02/06 1:40 PM,2026-02-06,2026-02-06 21:40:00 +0000,Pacific Time (US & Canada),1458371,katiesan,,2026-02-07 01:33:40 +0000,2026-02-10 11:32:16 +0000,research,CC-BY-NC,https://www.inaturalist.org/observations/337610900,https://inaturalist-open-data.s3.amazonaws.com/photos/613776116/medium.jpg,,"San Mateo, Seal Point Park, Snowy Egret, bird, single",,2,0,false,,"San Mateo, CA, USA",37.5733852354,-122.2964751233,31,,,,31,,open,false,,,Snowy Egret,Egretta thula,Garza dedos dorados,Aves,4940
337616409,23d0063f-4508-496e-a227-bfad5e0c28ce,2026/02/06 7:47 AM,2026-02-06,2026-02-06 15:47:00 +0000,Pacific Time (US & Canada),53702,lonnyholmes,"",2026-02-07 02:31:41 +0000,2026-02-22 01:00:05 +0000,research,CC-BY-NC,https://www.inaturalist.org/observations/337616409,https://inaturalist-open-data.s3.amazonaws.com/photos/613787247/medium.jpg,,"",Yellow slippers.,2,0,false,,"Pittmann, Henderson, NV, USA",36.0768984035,-115.0016824394,4,,,,4,,open,false,,,Snowy Egret,Egretta thula,Garza dedos dorados,Aves,4940
337721787,35f85329-6eb6-4553-8d63-6f18224d7704,2026-02-07 11:02:41-08:00,2026-02-07,2026-02-07 19:02:41 +0000,Pacific Time (US & Canada),3916529,zr217,"",2026-02-07 21:57:58 +0000,2026-02-07 23:30:19 +0000,research,,https://www.inaturalist.org/observations/337721787,https://inaturalist-open-data.s3.amazonaws.com/photos/613999389/medium.jpg,,"","",1,0,false,3,"Lindo Lake County Park, Lakeside, CA, US",32.8577916667,-116.9173966667,,,,,,,open,false,,,Snowy Egret,Egretta thula,Garza dedos dorados,Aves,4940
337875032,7fd6e5c8-9af3-4576-a1bd-3982909b9a1e,2025-11-04 06:30:23,2025-11-04,2025-11-04 12:30:23 +0000,Mexico City,9790017,huichosalas,HuichoSalas,2026-02-08 23:20:30 +0000,2026-03-08 06:26:56 +0000,research,,https://www.inaturalist.org/observations/337875032,https://static.inaturalist.org/photos/614314416/medium.jpg,,"",,3,0,false,843,"Santa María Huatulco, Oax., MX",15.7878614778,-96.0515240081,640,,,,640,,open,false,,,Garza dedos dorados,Egretta thula,Garza dedos dorados,Aves,4940
337891823,e8c93d5c-23de-4772-b95a-f9b0ad98a3b0,2026-01-29 10:01:42,2026-01-29,2026-01-29 16:01:42 +0000,Mexico City,530259,alfredo_hd,Jose Alfredo Hernández Díaz,2026-02-09 01:57:55 +0000,2026-02-26 07:03:12 +0000,research,,https://www.inaturalist.org/observations/337891823,https://static.inaturalist.org/photos/614350449/medium.jpg,,"",,3,0,false,2,"Laguna de, Los Héroes Puebla 1° Sección, 72587 Chapulco, Pue., México",18.9869792732,-98.2209562138,502,,,,502,,open,false,gps,gps,Snowy Egret,Egretta thula,Garza dedos dorados,Aves,4940
338389879,bcf442eb-70f3-4fbe-a31b-9e11602cc015,2026/01/01 9:18 AM,2026-01-01,2026-01-01 17:18:00 +0000,Pacific Time (US & Canada),3803384,michael_long,Michael Long,2026-02-13 02:40:37 +0000,2026-02-23 16:45:33 +0000,research,CC-BY-NC,https://www.inaturalist.org/observations/338389879,https://inaturalist-open-data.s3.amazonaws.com/photos/615371650/medium.jpg,,"",,1,0,false,,"Redwood Shores, Redwood City, CA, USA",37.529507785,-122.2626009727,4,,,,4,,open,false,,,Snowy Egret,Egretta thula,Garza dedos dorados,Aves,4940
338475534,82be4114-8ed3-4e17-ac8f-a81f431732e2,2026-02-10 16:37:46-05:00,2026-02-10,2026-02-10 21:37:46 +0000,Eastern Time (US & Canada),5220788,shmavin,,2026-02-13 20:45:52 +0000,2026-02-16 17:28:28 +0000,research,CC-BY-NC,https://www.inaturalist.org/observations/338475534,https://inaturalist-open-data.s3.amazonaws.com/photos/615552052/medium.jpg,,"",Absolute goober of an egret.,2,0,false,3,"Florida, US",26.3962147832,-81.9945739461,11,,,,29868,obscured,open,true,,,Snowy Egret,Egretta thula,Garza dedos dorados,Aves,4940
338613357,14f7f351-7834-441d-bb6c-9423836b2f90,2026/02/13 6:05 PM,2026-02-13,2026-02-13 23:05:00 +0000,Eastern Time (US & Canada),6869289,almansa,Joshua Almansa,2026-02-14 20:36:51 +0000,2026-02-14 23:34:21 +0000,research,CC-BY-NC,https://www.inaturalist.org/observations/338613357,https://inaturalist-open-data.s3.amazonaws.com/photos/615827121/medium.jpg,,"",,2,0,false,,"Miami-Dade County, FL, USA",25.3822356702,-80.6221421654,203,,,,203,,open,false,,,Snowy Egret,Egretta thula,Garza dedos dorados,Aves,4940
338824441,f8fe7538-fc8a-487b-acc5-9caf2d0dd261,2026/02/15 12:35 PM,2026-02-15,2026-02-15 18:35:00 +0000,Central Time (US & Canada),1486142,dnvarga,"",2026-02-16 03:07:02 +0000,2026-02-16 12:29:00 +0000,research,CC-BY-NC,https://www.inaturalist.org/observations/338824441,https://inaturalist-open-data.s3.amazonaws.com/photos/616247424/medium.jpg,,"",Landa Park,2,0,false,,"New Braunfels, TX, USA",29.7128033511,-98.1365375052,8,,,,8,,open,false,,,Snowy Egret,Egretta thula,Garza dedos dorados,Aves,4940
339240411,77e38cbe-a81e-46c4-a536-de1b2a9b5902,2026-02-18 16:48:16,2026-02-18,2026-02-18 22:48:16 +0000,Monterrey,8011563,jobdaniel,Computadora Navarro,2026-02-19 02:11:56 +0000,2026-02-26 07:01:47 +0000,research,,https://www.inaturalist.org/observations/339240411,https://static.inaturalist.org/photos/617081767/medium.jpg,,"",Jajajaja este wey se me quedo viendo bien vergas,5,0,false,2,"Cabecera Municipal, 66050 Cdad. Gral. Escobedo, N.L., México",25.8136133499,-100.3336906806,6,,,,6,,open,false,,,Garza dedos dorados,Egretta thula,Garza dedos dorados,Aves,4940
339391218,179b8138-44a3-48a5-9e2a-93cf5dd2414d,2025/02/14 6:59 PM,2025-02-14,2025-02-15 01:59:00 +0000,America/Hermosillo,1038698,jodiboe,jodiboe,2026-02-20 05:26:32 +0000,2026-02-23 22:34:12 +0000,research,,https://www.inaturalist.org/observations/339391218,https://static.inaturalist.org/photos/617393793/medium.jpg,,"",,4,0,false,,"Guaymas Municipality, Sonora, Mexico",27.9586286202,-110.984386932,35,,,,35,,open,false,,,Snowy Egret,Egretta thula,Garza dedos dorados,Aves,4940
339611927,e5072db6-cef1-4852-a9ff-c32fb6a411ad,2026/02/21 11:31 AM,2026-02-21,2026-02-21 19:31:00 +0000,Pacific Time (US & Canada),5491872,pscharnell,pscharnell,2026-02-21 19:47:21 +0000,2026-02-22 01:30:27 +0000,research,CC-BY-NC,https://www.inaturalist.org/observations/339611927,https://inaturalist-open-data.s3.amazonaws.com/photos/617837203/medium.jpg,,"",,1,0,false,,"San Joaquin Marsh, Irvine, CA 92612, USA",33.670254866,-117.8439864401,1,,,,1,,open,false,,,Snowy Egret,Egretta thula,Garza dedos dorados,Aves,4940
339689430,53a9b7d0-d673-4d36-bfb7-80f46fcd0a41,2026-02-21 12:20:05,2026-02-21,2026-02-21 18:20:05 +0000,Mexico City,3957326,edgardo_lopez,Edgardo López,2026-02-22 06:19:23 +0000,2026-03-08 06:10:18 +0000,research,,https://www.inaturalist.org/observations/339689430,https://static.inaturalist.org/photos/617996654/medium.jpg,,"",,3,0,false,2,"108-B, Cd Universitaria, Cdad. Universitaria, 72592 Heroica Puebla de Zaragoza, Pue., México",19.0019981101,-98.2035077736,188,,,,188,,open,false,gps,gps,Snowy Egret,Egretta thula,Garza dedos dorados,Aves,4940
339987842,43a588b2-d738-4ade-913e-3428de8aa4ff,2026/02/23 10:56 AM,2026-02-23,2026-02-23 16:56:00 +0000,Central Time (US & Canada),1486142,dnvarga,"",2026-02-24 04:26:41 +0000,2026-02-27 01:54:48 +0000,research,CC-BY-NC,https://www.inaturalist.org/observations/339987842,https://inaturalist-open-data.s3.amazonaws.com/photos/618604496/medium.jpg,,"",Lenonabelle Turnbull Birding Center,1,0,false,,"Port Aransas, TX, USA",27.8271890944,-97.0798750601,4,,,,4,,open,false,,,Snowy Egret,Egretta thula,Garza dedos dorados,Aves,4940
340106790,ed3576dc-33c6-491b-93fd-5712f2a86bda,2026/02/24 7:15 PM,2026-02-24,2026-02-25 00:15:00 +0000,Eastern Time (US & Canada),9539259,r4bbirds,Stasi G.,2026-02-25 02:16:13 +0000,2026-02-25 21:50:14 +0000,research,CC-BY-NC,https://www.inaturalist.org/observations/340106790,https://inaturalist-open-data.s3.amazonaws.com/photos/618848912/medium.jpg,,"","",1,0,false,,"8702 Hunters Lake Dr Suite 100, Tampa, FL 33647, USA",28.1409357,-82.3530723,194,,,,194,,open,false,,,Snowy Egret,Egretta thula,Garza dedos dorados,Aves,4940
340258850,0d17c475-63a6-45af-9571-ae163e71a847,2026-02-21 07:25:08,2026-02-21,2026-02-21 13:25:08 +0000,America/El_Salvador,10087619,emer_somer,Emerson Martínez,2026-02-26 04:16:52 +0000,2026-02-27 00:33:17 +0000,research,CC-BY-NC,https://www.inaturalist.org/observations/340258850,https://inaturalist-open-data.s3.amazonaws.com/photos/619165817/medium.jpg,,"",,3,0,false,2,"La Libertad, El Salvador",13.4466602921,-89.2126167566,53,,,,53,,open,false,gps,gps,Garza dedos dorados,Egretta thula,Garza dedos dorados,Aves,4940
340360991,f39425e0-4cb6-433d-a6ed-501ba349f878,2026/02/26 9:19 AM,2026-02-26,2026-02-26 17:19:00 +0000,Pacific Time (US & Canada),8604847,kbrily786,Kate Bridges-Lyman,2026-02-26 22:03:32 +0000,2026-02-27 04:23:15 +0000,research,CC-BY-NC,https://www.inaturalist.org/observations/340360991,https://inaturalist-open-data.s3.amazonaws.com/photos/619359276/medium.jpg,,"",,1,0,false,,Sepulveda Basin,34.1753798756,-118.472270412,326,,,,326,,open,false,,,Snowy Egret,Egretta thula,Garza dedos dorados,Aves,4940
340366982,d7ad0c2f-f37b-4d8c-a6ed-82f3ff562015,2019/08/10 1:55 PM,2019-08-10,2019-08-10 22:55:00 +0200,Pacific Time (US & Canada),10089112,skitaya,,2026-02-26 22:55:09 +0000,2026-02-27 04:22:40 +0000,research,CC-BY-NC,https://www.inaturalist.org/observations/340366982,https://inaturalist-open-data.s3.amazonaws.com/photos/619376688/medium.jpg,,"",Dipsea Trail ,2,0,false,,"Mill Valley, CA 94941, USA",37.9022882596,-122.5583025331,375,,,,375,,open,false,,,Snowy Egret,Egretta thula,Garza dedos dorados,Aves,4940
340672382,80a37bbb-4ffa-4cc0-b1a3-be21e521ff0d,2026/02/22 7:50 AM,2026-02-22,2026-02-22 13:50:00 +0000,Central Time (US & Canada),9560083,featherandtrail,featherandtrail,2026-02-28 22:46:54 +0000,2026-03-01 04:03:55 +0000,research,CC-BY-NC,https://www.inaturalist.org/observations/340672382,https://inaturalist-open-data.s3.amazonaws.com/photos/619994388/medium.jpg,,"",,1,0,false,,"Georgetown, TX, USA",30.653009003,-97.662363378,114,,,,114,,open,false,,,Snowy Egret,Egretta thula,Garza dedos dorados,Aves,4940
340890573,cc2def15-3fda-4f96-8559-b35fc3b20e6e,2026/02/24 07:35,2026-02-24,2026-02-24 15:35:00 +0000,Pacific Time (US & Canada),5874769,iburyl,Ilya Burylov,2026-03-02 03:11:26 +0000,2026-03-03 02:34:12 +0000,research,CC-BY-NC,https://www.inaturalist.org/observations/340890573,https://inaturalist-open-data.s3.amazonaws.com/photos/620439706/medium.jpg,,"",,1,0,false,,"Алвисо, Сан-Хосе, Калифорния, США",37.4370352783,-121.9581833333,,,,,,,open,false,,,Снежная цапля,Egretta thula,Garza dedos dorados,Aves,4940
340953901,d7f3fa5a-cba6-4bc7-849a-12c843311b7d,2026-03-02 06:59:14,2026-03-02,2026-03-02 14:59:14 +0000,Pacific Time (US & Canada),10161563,kellystephens,,2026-03-02 14:59:49 +0000,2026-03-08 16:02:36 +0000,research,CC-BY-NC,https://www.inaturalist.org/observations/340953901,https://inaturalist-open-data.s3.amazonaws.com/photos/620571924/medium.jpg,,"",,2,0,false,2,"Palo Alto, CA 94303, USA",37.4343783333,-122.0954466667,4,,,,4,,open,false,,,Snowy Egret,Egretta thula,Garza dedos dorados,Aves,4940
340985305,afe3ff60-f1d9-4d14-ac79-129c05f15322,2026/02/27 4:46 PM,2026-02-27,2026-02-27 23:46:00 +0000,Mazatlan,5586883,marcopolo_amarillas,Marco Polo amarillas vargas,2026-03-02 19:03:16 +0000,2026-03-08 06:09:27 +0000,research,CC-BY-NC,https://www.inaturalist.org/observations/340985305,https://inaturalist-open-data.s3.amazonaws.com/photos/620632230/medium.jpg,,"",,5,0,false,,"Guasave, Sin., México",25.2789395974,-108.4733857621,2,,,,2,,open,false,,,Garza dedos dorados,Egretta thula,Garza dedos dorados,Aves,4940
341005004,5945d749-6b1b-454c-be90-aaea08491c2c,2026/02/27 01:55,2026-02-27,2026-02-27 08:55:00 +0000,Mazatlan,2920959,jujuwild,Justin Philbois,2026-03-02 21:44:59 +0000,2026-03-08 06:09:30 +0000,research,CC0,https://www.inaturalist.org/observations/341005004,https://inaturalist-open-data.s3.amazonaws.com/photos/620669542/medium.jpg,,"","",4,0,false,,"Loreto, Basse-Californie du Sud, Mexique",26.0027700005,-111.3367287286,15,,,,15,,open,false,,,aigrette neigeuse,Egretta thula,Garza dedos dorados,Aves,4940
