id,uuid,observed_on_string,observed_on,time_observed_at,time_zone,user_id,user_login,user_name,created_at,updated_at,quality_grade,license,url,image_url,sound_url,tag_list,description,num_identification_agreements,num_identification_disagreements,captive_cultivated,oauth_application_id,place_guess,latitude,longitude,positional_accuracy,private_place_guess,private_latitude,private_longitude,public_positional_accuracy,geoprivacy,taxon_geoprivacy,coordinates_obscured,positioning_method,positioning_device,species_guess,scientific_name,common_name,iconic_taxon_name,taxon_id
5588053,c2b395de-12b1-4f69-8d8d-443a27698d05,2012/02/15 5:23 PM ART,2012-02-15,2012-02-15 20:23:00 UTC,Buenos Aires,142253,carancho,Leonel Roget,2017-04-06 02:53:01 UTC,2018-11-22 17:55:05 UTC,research,CC-BY,https://www.inaturalist.org/observations/5588053,https://inaturalist-open-data.s3.amazonaws.com/photos/6896486/medium.jpeg,,"",,1,0,false,,"Colonia Carlos Pellegrini, Esteros del Iberá, Corrientes, Argentina",-28.5193827678,-57.0739746094,30878,,,,30878,,open,false,,,Grayish Saltator,Saltator coerulescens,Saltador Gris,Aves,9850
5588155,18729cae-a094-42fb-80da-1085619a2163,2012/02/12 9:33 AM ART,2012-02-12,2012-02-12 12:33:00 UTC,Buenos Aires,142253,carancho,Leonel Roget,2017-04-06 02:57:15 UTC,2018-11-22 17:44:36 UTC,research,CC-BY,https://www.inaturalist.org/observations/5588155,https://inaturalist-open-data.s3.amazonaws.com/photos/6899148/medium.jpeg,,Esteros del Iberá,"",1,0,false,,"Colonia Carlos Pellegrini, Esteros del Iberá, Corrientes, Argentina",-28.5193827678,-57.0739746094,30878,,,,30878,,open,false,,,Grayish Saltator,Saltator coerulescens,Saltador Gris,Aves,9850
10202724,4c7a599d-3433-4e2c-bfd5-d78214f76702,2018/02/27 11:03 AM PST,2018-02-27,2018-02-27 19:03:00 UTC,Pacific Time (US & Canada),16131,kschnei,K Schneider,2018-03-12 15:31:02 UTC,2018-03-13 01:53:18 UTC,research,CC-BY-NC,https://www.inaturalist.org/observations/10202724,https://inaturalist-open-data.s3.amazonaws.com/photos/14095858/medium.jpeg,,"",,1,0,false,,"Vicente Lopez Ecological Reserve, La Lucila, Buenos Aires Province, Argentina",-34.4918126,-58.4794414,194,,,,194,,open,false,,,Grayish Saltator,Saltator coerulescens,Saltador Gris,Aves,9850
19860463,fad2f872-0eef-4084-be07-024a43b52b73,Wed Jan 16 2019 06:21:48 GMT-0800 (PST),2019-01-16,2019-01-16 14:21:48 UTC,Pacific Time (US & Canada),213838,vireolanius,Justyn Stahl,2019-01-25 12:55:31 UTC,2019-07-29 19:23:33 UTC,research,CC-BY-NC,https://www.inaturalist.org/observations/19860463,https://inaturalist-open-data.s3.amazonaws.com/photos/30622523/medium.jpg,,"","",1,0,false,3,"palmari, brazil",-4.289181,-70.293757,,,,,,,open,false,,"",Sabiá-congá,Saltator coerulescens,Saltador Gris,Aves,9850
19910479,67af5f8a-3a0b-41cb-ab20-f43096f87a27,2019/01/15 5:58 PM -03,2019-01-15,,Buenos Aires,50445,nicoolejnik,Nicolas Olejnik,2019-01-27 19:39:26 UTC,2024-11-07 20:17:15 UTC,research,CC-BY,https://www.inaturalist.org/observations/19910479,https://inaturalist-open-data.s3.amazonaws.com/photos/30710011/medium.jpeg,,"",,1,0,false,,"Yala, Jujuy, Argentina",-24.1243173324,-65.4017245549,31,,,,31,,open,false,,,Grayish Saltator,Saltator coerulescens,Saltador Gris,Aves,9850
20364724,6a491b32-46fd-4487-b0ce-4acac639d48f,2019/02/05 3:47 PM CST,2019-02-05,2019-02-05 21:47:00 UTC,Mexico City,163685,kkacheltje,kkacheltje,2019-02-15 15:33:46 UTC,2022-10-09 17:38:32 UTC,research,CC0,https://www.inaturalist.org/observations/20364724,https://inaturalist-open-data.s3.amazonaws.com/photos/31445924/medium.jpeg,,"",,1,0,false,,"Corumbá - Mato Grosso do Sul, Brazilië",-19.4927,-56.9575444444,,,,,,,open,false,,,Sabiá-congá,Saltator coerulescens,Saltador Gris,Aves,9850
21390433,2d810496-a8ee-4a8d-b2e1-66d3b45199b6,2004/02/18 7:22 AM PST,2004-02-18,,Pacific Time (US & Canada),1420389,joescience1,,2019-03-19 16:37:37 UTC,2019-03-19 16:45:03 UTC,research,CC-BY-NC,https://www.inaturalist.org/observations/21390433,https://inaturalist-open-data.s3.amazonaws.com/photos/33087593/medium.jpeg,,"",,1,0,false,,"Transpantaneira, Corumbá, State of Mato Grosso, Brazil",-17.7082682765,-57.0033187203,977,,,,977,,open,false,,,Grayish Saltator,Saltator coerulescens,Saltador Gris,Aves,9850
25242993,7a0aaaac-17dc-46dd-91ed-bbedd0a4a8a0,2013-02-11 08:54:36,2013-02-11,2013-02-11 11:54:36 UTC,Buenos Aires,144,trekman,Gustavo Fernando Durán,2019-05-17 00:58:54 UTC,2024-06-25 13:42:48 UTC,research,CC-BY-NC,https://www.inaturalist.org/observations/25242993,https://inaturalist-open-data.s3.amazonaws.com/photos/39078023/medium.jpg,,"pepitero, ave, bird, nature, naturaleza, natureza, Reserva Ecológica Costanera Este, Santa Fe de la Vera Cruz, ciudad, La Capital, Santa Fe, Argentina, América, America, Panasonic Lumix DMC-FZ150, teleconvertidor, Raynox, DCR-2020, teleconverter, Gimp","Reserva Ecológica &quot;Ciudad Universitaria UNL&quot;, Costanera Este, Santa Fe de la Vera Cruz",1,0,false,,"Santa Fe, Santa Fe, Argentina",-31.636943,-60.674133,,,,,,,open,false,,"",Saltador Gris,Saltator coerulescens,Saltador Gris,Aves,9850
26138387,5e7a6a61-ee73-4d8e-b20b-e4e564eb76a1,2019/02/03 4:31 PM EST,2019-02-03,2019-02-03 21:31:00 UTC,Eastern Time (US & Canada),696204,elacroix-carignan,Étienne Lacroix-Carignan,2019-05-31 21:24:53 UTC,2019-06-13 00:45:37 UTC,research,CC0,https://www.inaturalist.org/observations/26138387,https://inaturalist-open-data.s3.amazonaws.com/photos/40556474/medium.png,,"",,2,0,false,,"De La Residenta, Asuncion, Paraguay",-25.2376240541,-57.5441286415,2,,,,2,,open,false,,,Saltador Gris,Saltator coerulescens,Saltador Gris,Aves,9850
26138400,c1f29e36-2771-4ac1-aa2a-b165ffa9d3d8,2019/01/20 4:31 PM EST,2019-01-20,2019-01-20 21:31:00 UTC,Eastern Time (US & Canada),696204,elacroix-carignan,Étienne Lacroix-Carignan,2019-05-31 21:25:01 UTC,2021-04-29 16:05:35 UTC,research,CC0,https://www.inaturalist.org/observations/26138400,https://inaturalist-open-data.s3.amazonaws.com/photos/40557762/medium.png,,"",,2,0,false,,"Las Mercedes, Asuncion, Paraguay",-25.2885498722,-57.610898699,61,,,,61,,open,false,,,Saltator coerulescens,Saltator coerulescens,Saltador Gris,Aves,9850
26726334,456c0d1a-1274-4e0d-bcb6-0be329dbf458,Sun Jan 13 2019 14:16:02 GMT-0500 (GMT-5),2019-01-13,2019-01-13 19:16:02 UTC,Bogota,623533,macu13,Mauricio Ramirez,2019-06-10 03:41:49 UTC,2019-06-20 02:08:41 UTC,research,,https://www.inaturalist.org/observations/26726334,https://static.inaturalist.org/photos/41516581/medium.jpg,,"",,2,0,false,3,"Florencia, CO-CQ, CO",1.8451214596,-75.7197416732,1696,,,,1696,,open,false,,,Grayish Saltator,Saltator coerulescens,Saltador Gris,Aves,9850
28065944,bbd19740-3411-4563-badd-b9559b7c4c00,2013/02/25 3:23 PM EST,2013-02-25,2013-02-25 20:23:00 UTC,Eastern Time (US & Canada),1501126,stephen220,Stephen John Davies,2019-07-02 16:56:53 UTC,2023-02-18 19:54:49 UTC,research,CC0,https://www.inaturalist.org/observations/28065944,https://inaturalist-open-data.s3.amazonaws.com/photos/43724237/medium.jpg,,"Animalia, Animals, Birds, Grayish Saltator, Saltator coerulescens, Tanagers, Thraupidae, Vertebrates",,2,0,false,,"Zamora, Zamora Chinchipe, Ecuador",-4.0138408417,-78.8842943267,,,,,,,open,false,,,Grayish Saltator,Saltator coerulescens,Saltador Gris,Aves,9850
29739017,54a30d02-07c9-41c6-b23a-e702adaba19f,2014/01/05 4:24 PM -03,2014-01-05,,Buenos Aires,1368063,goncrisdi,Gonzalo Diaz,2019-07-28 21:07:03 UTC,2020-03-06 20:15:51 UTC,research,CC-BY-NC,https://www.inaturalist.org/observations/29739017,https://inaturalist-open-data.s3.amazonaws.com/photos/46426058/medium.jpeg,,"",,1,0,false,,"Ceibas, Entre Rios, Argentina",-33.5007183,-58.8045578,1498,,,,1498,,open,false,,,Saltador Gris,Saltator coerulescens,Saltador Gris,Aves,9850
31248753,2cbf183a-a188-4727-9660-f9c612adcd28,2014/02/10 2:49 PM -03,2014-02-10,,Buenos Aires,1368063,goncrisdi,Gonzalo Diaz,2019-08-21 19:09:19 UTC,2019-08-21 20:35:16 UTC,research,CC-BY-NC,https://www.inaturalist.org/observations/31248753,https://inaturalist-open-data.s3.amazonaws.com/photos/48884974/medium.jpeg,,"",,1,0,false,,"Esteros del Iberá, Col. Carlos Pellegrini, Corrientes, Argentina",-28.5349398,-57.1727167,199,,,,199,,open,false,,,Saltador Gris,Saltator coerulescens,Saltador Gris,Aves,9850
31249155,30916657-9a6b-429f-86c9-4671a59bf0f4,2014/02/11 5:42 PM -03,2014-02-11,,Buenos Aires,1368063,goncrisdi,Gonzalo Diaz,2019-08-21 19:16:49 UTC,2019-08-21 20:18:51 UTC,research,CC-BY-NC,https://www.inaturalist.org/observations/31249155,https://inaturalist-open-data.s3.amazonaws.com/photos/48886176/medium.jpeg,,"",,1,0,false,,"Esteros del Iberá, Col. Carlos Pellegrini, Corrientes, Argentina",-28.5349398,-57.1727167,199,,,,199,,open,false,,,Saltador Gris,Saltator coerulescens,Saltador Gris,Aves,9850
31249205,27f23032-87b4-47b5-93ac-2354c5f3a54e,2014/02/08 1:56 PM -03,2014-02-08,,Buenos Aires,1368063,goncrisdi,Gonzalo Diaz,2019-08-21 19:17:12 UTC,2019-08-21 20:37:05 UTC,research,CC-BY-NC,https://www.inaturalist.org/observations/31249205,https://inaturalist-open-data.s3.amazonaws.com/photos/48888414/medium.jpeg,,"","",1,0,false,,"Esteros del Iberá, Col. Carlos Pellegrini, Corrientes, Argentina",-28.5349398,-57.1727167,199,,,,199,,open,false,,,Saltador Gris,Saltator coerulescens,Saltador Gris,Aves,9850
33429500,b9600dcc-e06e-4a08-a601-8edd9e7067f5,2018/01/28 10:04 AM -0300,2018-01-28,2018-01-28 13:04:00 UTC,Buenos Aires,1454648,r-a-p,RAP,2019-09-26 15:22:33 UTC,2024-11-07 20:16:31 UTC,research,CC-BY,https://www.inaturalist.org/observations/33429500,https://inaturalist-open-data.s3.amazonaws.com/photos/52504066/medium.jpg,,"",,1,0,false,,"Ceibas, Entre Ríos, Argentina",-33.5007183,-58.8045578,1498,,,,1498,,open,false,,,Grayish Saltator,Saltator coerulescens,Saltador Gris,Aves,9850
37383268,8223b6e6-a443-427e-9d64-5f555ab78319,2015/01/16 11:42 AM -0300,2015-01-16,2015-01-16 13:42:00 UTC,Brasilia,2452235,nelsonatencio,Nelson Atencio,2020-01-07 23:24:31 UTC,2023-10-08 01:35:05 UTC,research,CC-BY,https://www.inaturalist.org/observations/37383268,https://inaturalist-open-data.s3.amazonaws.com/photos/59253939/medium.jpeg,,"",,1,0,false,,"Salta, Argentina",-24.7909159017,-65.3921179936,190,,,,190,,open,false,,,Saltador Gris,Saltator coerulescens,Saltador Gris,Aves,9850
37595763,4db8937b-93be-4826-9b7d-d67ef4ee4ca7,2018/01/18 5:55 PM -0300,2018-01-18,2018-01-18 20:55:00 UTC,Buenos Aires,110716,adrianbraidotti,Adrian Braidotti,2020-01-14 21:17:34 UTC,2025-08-10 16:33:45 UTC,research,CC-BY-NC,https://www.inaturalist.org/observations/37595763,https://inaturalist-open-data.s3.amazonaws.com/photos/59628511/medium.jpeg,,"",,1,0,false,,Bialet Masse Córdoba Argentina,-31.3289164844,-64.4630685465,31,,,,31,,open,false,,,Saltador Gris,Saltator coerulescens,Saltador Gris,Aves,9850
38016079,508fa3be-6cba-42f3-a30c-ee8a1ee17480,2013/01/14 8:18 AM MST,2013-01-14,2013-01-14 15:18:00 UTC,Mountain Time (US & Canada),122831,chartuso,Christian Artuso,2020-01-27 04:37:44 UTC,2022-12-03 23:56:29 UTC,research,CC-BY-NC-ND,https://www.inaturalist.org/observations/38016079,https://inaturalist-open-data.s3.amazonaws.com/photos/60356885/medium.jpg,,"",,2,0,false,,"Southern Pantanal, Mato Grosso do Sul, Brazil",-19.2590575936,-57.2351815344,3333,,,,3333,,open,false,,,Grayish Saltator,Saltator coerulescens,Saltador Gris,Aves,9850
38039546,afd7a7c7-9e27-47d3-a7a5-c0ab6e3ccde9,2020/01/18 8:04 AM -0300,2020-01-18,2020-01-18 11:04:00 UTC,Buenos Aires,1986316,lucianomassa,Luciano Massa,2020-01-27 22:03:24 UTC,2025-04-03 03:48:14 UTC,research,CC-BY,https://www.inaturalist.org/observations/38039546,https://inaturalist-open-data.s3.amazonaws.com/photos/60398247/medium.jpg,,"",,1,0,false,,"La Lucila, Buenos Aires, Argentina",-34.491628544,-58.4789646417,1,,,,1,,,false,,,Grayish Saltator,Saltator coerulescens,Saltador Gris,Aves,9850
38431089,bbf173bd-72d0-4c25-b580-146cb4464cbd,2020/01/10 7:36 AM PST,2020-01-10,2020-01-10 15:36:00 UTC,Pacific Time (US & Canada),425713,trevvan,Trevor Van Loon,2020-02-08 18:14:16 UTC,2025-04-03 08:43:08 UTC,research,CC-BY-NC,https://www.inaturalist.org/observations/38431089,https://inaturalist-open-data.s3.amazonaws.com/photos/61076615/medium.jpg,,"",,1,0,false,,Ecuador,-0.6229516,-77.6028179,212,,,,212,,open,false,,,Grayish Saltator,Saltator coerulescens,Saltador Gris,Aves,9850
38440231,52b5a6d1-ded7-4683-b7a6-0dea46018510,2020/01/26 7:03 AM -0300,2020-01-26,2020-01-26 10:03:00 UTC,Buenos Aires,1368063,goncrisdi,Gonzalo Diaz,2020-02-08 22:06:58 UTC,2020-02-09 17:27:09 UTC,research,CC-BY-NC,https://www.inaturalist.org/observations/38440231,https://inaturalist-open-data.s3.amazonaws.com/photos/61091394/medium.jpeg,,"","",1,0,false,,"Villa Paranacito, Entre Rios, Argentina",-33.7146367,-58.6583381,1041,,,,1041,,open,false,,,Grayish Saltator,Saltator coerulescens,Saltador Gris,Aves,9850
38492264,5b3edd6c-b3b3-424f-a77f-2df861d01cce,2020/02/09 5:48 PM HST,2020-02-09,2020-02-10 03:48:00 UTC,Hawaii,2429677,nicobacacastex,Nicolas Baca Castex,2020-02-10 02:50:46 UTC,2020-02-10 13:03:45 UTC,research,,https://www.inaturalist.org/observations/38492264,https://static.inaturalist.org/photos/61177649/medium.jpeg,,"",,2,0,false,,"Acassuso, Buenos Aires, Argentina",-34.4699813181,-58.4962749481,122,,,,122,,open,false,,,Saltador Gris,Saltator coerulescens,Saltador Gris,Aves,9850
38537708,95de1f60-c3be-4755-a176-f080db3e8994,2019/02/03 12:05 AM HKT,2019-02-03,2019-02-02 16:05:00 UTC,Hong Kong,716148,carol_kwok,Carol Kwok,2020-02-11 15:02:19 UTC,2025-04-03 10:06:30 UTC,research,CC-BY-NC-ND,https://www.inaturalist.org/observations/38537708,https://static.inaturalist.org/photos/61262025/medium.jpg,,Saltator coerulescens,"灰背舞雀 Amazonian Grey Saltator / Greyish Saltator, Saltator coerulescens

The greyish saltator (Saltator coerulescens) is a seed-eating songbird that is widespread in the tropical Americas. Traditionally placed in the cardinal family (Cardinalidae 主紅雀科), the saltators actually seem to be closer to the tanagers (Thraupidae 唐納雀科).",1,0,false,,"Sumaco, Ecuador",-0.667,-77.6,2169,,,,2169,,open,false,,manual,Saltator coerulescens,Saltator coerulescens,Saltador Gris,Aves,9850
38783715,e05abf6a-fbe0-4d1d-9554-af7d4ff8fb83,2020/01/26 6:42 AM -0300,2020-01-26,2020-01-26 09:42:00 UTC,Buenos Aires,142253,carancho,Leonel Roget,2020-02-18 03:34:32 UTC,2022-04-12 04:44:39 UTC,research,CC-BY,https://www.inaturalist.org/observations/38783715,https://inaturalist-open-data.s3.amazonaws.com/photos/61685164/medium.jpeg,,"","",2,0,false,,"Islas del Ibicuy, Entre Ríos, Argentina",-33.6564284114,-58.6403710211,31,,,,31,,,false,,,Grayish Saltator,Saltator coerulescens,Saltador Gris,Aves,9850
38783743,c1e252a9-e101-4245-a893-147412c9ec16,2020/01/26 6:44 AM -0300,2020-01-26,2020-01-26 09:44:00 UTC,Buenos Aires,142253,carancho,Leonel Roget,2020-02-18 03:35:08 UTC,2022-04-12 04:44:40 UTC,research,CC-BY,https://www.inaturalist.org/observations/38783743,https://inaturalist-open-data.s3.amazonaws.com/photos/61685165/medium.jpeg,,"","",1,0,false,,"Islas del Ibicuy, Entre Ríos, Argentina",-33.6564284114,-58.6403710211,31,,,,31,,,false,,,Saltador Gris,Saltator coerulescens,Saltador Gris,Aves,9850
38783745,4e69a67b-92fa-4db4-a33d-4b62a1ca2ac2,2020/01/26 7:04 AM -0300,2020-01-26,2020-01-26 10:04:00 UTC,Buenos Aires,142253,carancho,Leonel Roget,2020-02-18 03:35:10 UTC,2022-04-12 04:44:41 UTC,research,CC-BY,https://www.inaturalist.org/observations/38783745,https://inaturalist-open-data.s3.amazonaws.com/photos/61685208/medium.jpeg,,"","",2,0,false,,"Islas del Ibicuy, Entre Ríos, Argentina",-33.6564284114,-58.6403710211,31,,,,31,,,false,,,Grayish Saltator,Saltator coerulescens,Saltador Gris,Aves,9850
39280818,50426c2a-be53-4b10-a01a-d86329cff961,2020/02/23 11:53 AM -0300,2020-02-23,2020-02-23 14:53:00 UTC,Buenos Aires,1268934,diegocarau,Diego Carús,2020-02-27 16:14:46 UTC,2025-04-03 23:01:02 UTC,research,CC0,https://www.inaturalist.org/observations/39280818,https://inaturalist-open-data.s3.amazonaws.com/photos/62300942/medium.jpeg,,"","",1,0,false,,"La Lucila, Buenos Aires, Argentina",-34.4917300484,-58.4792502973,31,,,,31,,,false,,,Saltador Gris,Saltator coerulescens,Saltador Gris,Aves,9850
39300403,b61cafc1-7de6-46bd-af52-78a218757fa4,2020/02/24 4:12 PM -0300,2020-02-24,2020-02-24 19:12:00 UTC,Buenos Aires,142253,carancho,Leonel Roget,2020-02-28 01:43:42 UTC,2020-02-28 16:17:32 UTC,research,CC-BY,https://www.inaturalist.org/observations/39300403,https://inaturalist-open-data.s3.amazonaws.com/photos/62332644/medium.jpeg,,"","",2,0,false,,"Isla Verde, Victoria, Entre Ríos, Argentina",-32.8772006627,-60.6736733612,390,,,,390,,open,false,,,Grayish Saltator,Saltator coerulescens,Saltador Gris,Aves,9850
39300408,6d93a6e6-328f-45d1-aed5-774c63054e11,2020/02/24 4:35 PM -0300,2020-02-24,2020-02-24 19:35:00 UTC,Buenos Aires,142253,carancho,Leonel Roget,2020-02-28 01:43:44 UTC,2020-02-28 16:17:18 UTC,research,CC-BY,https://www.inaturalist.org/observations/39300408,https://inaturalist-open-data.s3.amazonaws.com/photos/62332722/medium.jpeg,,"","",2,0,false,,"Isla Verde, Victoria, Entre Ríos, Argentina",-32.8772006627,-60.6736733612,390,,,,390,,open,false,,,Grayish Saltator,Saltator coerulescens,Saltador Gris,Aves,9850
39300418,d3f528a4-b86f-4fdc-9364-3d679315ca75,2020/02/24 4:58 PM -0300,2020-02-24,2020-02-24 19:58:00 UTC,Buenos Aires,142253,carancho,Leonel Roget,2020-02-28 01:43:52 UTC,2022-04-12 04:44:41 UTC,research,CC-BY,https://www.inaturalist.org/observations/39300418,https://inaturalist-open-data.s3.amazonaws.com/photos/62332876/medium.jpeg,,"","",1,0,false,,"Isla Verde, Victoria, Entre Ríos, Argentina",-32.8772006627,-60.6736733612,390,,,,390,,,false,,,Grayish Saltator,Saltator coerulescens,Saltador Gris,Aves,9850
39348805,71c26602-690f-4720-84e5-6fb207e61240,2020/02/05 2:31 PM -0300,2020-02-05,2020-02-05 17:31:00 UTC,Buenos Aires,1182839,giramone,Guille Ivan Spajic,2020-02-29 11:56:38 UTC,2020-03-12 22:03:45 UTC,research,CC-BY-NC,https://www.inaturalist.org/observations/39348805,https://inaturalist-open-data.s3.amazonaws.com/photos/62414271/medium.jpeg,,"",,3,0,false,,"Ramallo, Buenos Aires, Argentina",-33.4457847213,-60.0552174355,320,,,,320,,open,false,,,Saltador Gris,Saltator coerulescens,Saltador Gris,Aves,9850
39495177,63b71b52-d004-4032-b3f1-39aca9286516,2020/02/25 5:55 PM -0300,2020-02-25,2020-02-25 20:55:00 UTC,Buenos Aires,1634400,fernando-i,Fernando Iglesias,2020-03-03 17:00:31 UTC,2020-03-07 15:55:34 UTC,research,,https://www.inaturalist.org/observations/39495177,https://static.inaturalist.org/photos/62668353/medium.jpeg,,"",,3,0,false,,"La Lucila, Buenos Aires, Argentina",-34.4924784533,-58.479761284,105,,,,105,,open,false,,,Saltador Gris,Saltator coerulescens,Saltador Gris,Aves,9850
39589147,75c91bad-e10b-4996-99fd-8acd8dc403b4,2020/01/16 9:53 AM MST,2020-01-16,2020-01-16 16:53:00 UTC,Arizona,5158,lifespulse,Jake Mohlmann,2020-03-05 23:06:47 UTC,2020-03-22 19:14:21 UTC,research,CC-BY,https://www.inaturalist.org/observations/39589147,https://static.inaturalist.org/photos/62821966/medium.jpg,,"",,1,0,false,,"Estr. Transpantaneira, Km 25, Poconé - MT, 78175-000, Brazil",-16.4838969,-56.6943079,205,,,,205,,open,false,,,Grayish Saltator,Saltator coerulescens,Saltador Gris,Aves,9850
41417662,8a04cfc9-e326-4c2a-9acf-de52b402dcea,2020-02-14 11:19:00 AM GMT-03:00,2020-02-14,2020-02-14 14:19:00 UTC,Brasilia,1521396,pmantinian1951,Patricio A. Mantinian,2020-04-05 03:18:40 UTC,2020-04-05 13:14:09 UTC,research,CC-BY-NC,https://www.inaturalist.org/observations/41417662,https://inaturalist-open-data.s3.amazonaws.com/photos/65703857/medium.jpg,,"",,3,0,false,2,"Candelaria, Misiones, Argentina",-27.3851108734,-55.5929650739,27,,,,27,,open,false,gps,gps,Saltador Gris,Saltator coerulescens,Saltador Gris,Aves,9850
41650057,148c0221-cb41-4c34-bff7-101cb44444d6,2020-01-08 10:50:41 AM GMT-04:00,2020-01-08,2020-01-08 14:50:41 UTC,Atlantic Time (Canada),1471399,cesarpizarrorios,Cesar Augusto Pizarro Rios,2020-04-07 23:30:30 UTC,2022-06-18 03:16:49 UTC,research,,https://www.inaturalist.org/observations/41650057,https://static.inaturalist.org/photos/66074132/medium.jpeg,,"",,4,0,false,2,"Gran Chaco, BO-TR, BO",-21.2659702544,-63.4728606418,33,,,,33,,open,false,gps,gps,Grayish Saltator,Saltator coerulescens,Saltador Gris,Aves,9850
42241942,a078f2aa-f77f-49a5-90ac-a634991fe487,2015/01/02 6:17 PM -0300,2015-01-02,2015-01-02 21:17:00 UTC,Buenos Aires,1120285,xolmis-irupero,María Fernanda Alarcón,2020-04-15 16:10:32 UTC,2020-04-15 16:35:26 UTC,research,CC-BY-NC,https://www.inaturalist.org/observations/42241942,https://inaturalist-open-data.s3.amazonaws.com/photos/67061753/medium.jpeg,,"","",2,0,false,,"San Fernando, Chaco, Argentina",-27.4106944937,-58.940936728,61,,,,61,,open,false,,,Grayish Saltator,Saltator coerulescens,Saltador Gris,Aves,9850
45031774,2ef73916-dbee-4fe3-8456-3c58d6b74862,2012/02/27 3:21 AM HST,2012-02-27,2012-02-27 13:21:00 UTC,Hawaii,2785405,nicov1,Nicolás Villanucci,2020-05-06 00:38:11 UTC,2023-07-07 20:13:55 UTC,research,CC-BY-NC,https://www.inaturalist.org/observations/45031774,https://inaturalist-open-data.s3.amazonaws.com/photos/71393578/medium.jpeg,,"",,2,0,false,,"Islas del Ibicuy, Entre Ríos, Argentina",-33.6985826575,-58.7097652013,488,,,,488,,open,false,,,Saltador Gris,Saltator coerulescens,Saltador Gris,Aves,9850
46113602,51eb3481-4a38-496c-990b-6ea7a7fc017c,2020/01/18 10:26 AM CET,2020-01-18,2020-01-18 09:26:00 UTC,Paris,645653,thibaudaronson,Thibaud Aronson,2020-05-16 17:49:24 UTC,2020-05-16 17:55:55 UTC,research,CC-BY-SA,https://www.inaturalist.org/observations/46113602,https://inaturalist-open-data.s3.amazonaws.com/photos/73127816/medium.jpg,,"",,1,0,false,,"Laguna El Oconal, Villa Rica",-10.7535446821,-75.2721847148,511,,,,511,,open,false,,,Grayish Saltator,Saltator coerulescens,Saltador Gris,Aves,9850
46888996,21ba9f9e-efd0-4bbe-b005-22700eb0a0bd,2016/01/16 1:15 PM -0300,2016-01-16,2016-01-16 16:15:00 UTC,Buenos Aires,146947,mbernini,Mauro Bernini,2020-05-22 20:58:04 UTC,2020-05-22 21:03:37 UTC,research,CC-BY-NC-SA,https://www.inaturalist.org/observations/46888996,https://inaturalist-open-data.s3.amazonaws.com/photos/74360746/medium.jpg,,"",,2,0,false,,"Reserva Ecológica Vicente López, La Lucila, Vicente López, Buenos Aires, Argentina",-34.4924721161,-58.4792199884,113,,,,113,,open,false,,,Saltador Gris,Saltator coerulescens,Saltador Gris,Aves,9850
53163030,bbb82c89-1f74-453f-9189-f272a5223654,2020/01/02 10:19 PM -0300,2020-01-02,2020-01-03 01:19:00 UTC,Brasilia,2430991,mariazeta,María Zeta,2020-07-15 15:52:53 UTC,2024-11-08 14:31:41 UTC,research,CC-BY,https://www.inaturalist.org/observations/53163030,https://inaturalist-open-data.s3.amazonaws.com/photos/84530729/medium.jpg,,"",juvenil,3,0,false,,"San Cristóbal, Santa Fe, Argentina",-30.1800697654,-61.1405429177,15,,,,15,,open,false,,,Sabiá-congá,Saltator coerulescens,Saltador Gris,Aves,9850
53895688,027559f1-8003-406a-b57b-840d8b72dbf4,2019/01/21 7:20 PM -0300,2019-01-21,2019-01-21 22:20:00 UTC,Buenos Aires,844058,adolfochazarreta,Adolfo,2020-07-21 23:27:10 UTC,2022-04-12 04:44:51 UTC,research,CC-BY-NC,https://www.inaturalist.org/observations/53895688,https://inaturalist-open-data.s3.amazonaws.com/photos/85733804/medium.jpeg,,"",,4,1,false,,"San Martín, Corrientes, Argentina",-28.5358401817,-57.1864744408,122,,,,122,,,false,,,Saltador Gris,Saltator coerulescens,Saltador Gris,Aves,9850
56455269,8cf7ab9a-4740-459c-b7da-7c1f7e7180da,2017/01/26 8:58 AM -0300,2017-01-26,2017-01-26 11:58:00 UTC,Buenos Aires,1454648,r-a-p,RAP,2020-08-14 21:44:59 UTC,2024-11-07 22:39:14 UTC,research,CC-BY,https://www.inaturalist.org/observations/56455269,https://inaturalist-open-data.s3.amazonaws.com/photos/89968036/medium.jpg,,"",RECS - Fotos de Grace,1,0,false,,"Puerto Madero, CABA, Argentina",-34.6080626338,-58.3509635925,244,,,,244,,open,false,,,Saltador Gris,Saltator coerulescens,Saltador Gris,Aves,9850
61454583,1cb4d169-fcd6-44e8-b03c-86664bc737cf,2019/01/18 7:29 PM -0300,2019-01-18,2019-01-18 21:29:00 UTC,Brasilia,2223515,isisagostina,Isis Agostina Ibañez,2020-10-02 04:55:31 UTC,2020-10-02 14:31:39 UTC,research,CC-BY-NC,https://www.inaturalist.org/observations/61454583,https://inaturalist-open-data.s3.amazonaws.com/photos/98334486/medium.jpeg,,"",,2,0,false,,"General Güemes, Chaco, Argentina",-25.009452,-60.9959245,202,,,,202,,open,false,,,Grayish Saltator,Saltator coerulescens,Saltador Gris,Aves,9850
66025210,a5821bde-1fa8-4e11-b028-96d19fa02de6,2020/02/01 7:57 AM -0300,2020-02-01,2020-02-01 10:57:00 UTC,Brasilia,3878692,pedrogarabaya,"",2020-12-03 00:32:26 UTC,2020-12-03 01:00:30 UTC,research,CC-BY-NC,https://www.inaturalist.org/observations/66025210,https://inaturalist-open-data.s3.amazonaws.com/photos/106349314/medium.jpg,,"",,1,0,false,,"Avenida Presidente Néstor Kirchner 3105, Diamante, Entre Ríos, Argentina",-32.1216029,-60.6340393,193,,,,193,,open,false,,,Saltador Gris,Saltator coerulescens,Saltador Gris,Aves,9850
67546720,6ab90a6f-0e9f-41e9-8155-478d1fdeef6c,2021/01/03 6:59 AM -0300,2021-01-03,2021-01-03 09:59:00 UTC,Brasilia,3783606,laura-_-,"",2021-01-04 00:56:05 UTC,2024-08-10 14:08:05 UTC,research,CC-BY-NC,https://www.inaturalist.org/observations/67546720,,https://static.inaturalist.org/sounds/156882.wav?1609721262,"","Grabado con Smartphone, sin micrófono externo en la aplicación RecForge II. Normalizado a -3db",1,0,false,,"Guillermo Enrique Hudson, Provincia de Buenos Aires, Argentina",-34.7542587899,-58.1239276593,61,,,,61,,open,false,,"",Saltador Gris,Saltator coerulescens,Saltador Gris,Aves,9850
68062422,5a3f7017-4802-4d44-82d0-6d26fd76fa27,2021/01/10 9:25 AM -0300,2021-01-10,2021-01-10 12:25:00 UTC,Buenos Aires,1426044,gonsaro,Gonzalo Roget,2021-01-14 17:55:55 UTC,2025-02-26 19:06:23 UTC,research,CC-BY,https://www.inaturalist.org/observations/68062422,https://inaturalist-open-data.s3.amazonaws.com/photos/110117848/medium.jpeg,,"","",1,0,false,,"Victoria, Entre Ríos, Argentina",-32.8690333333,-60.6404333333,,,,,,,open,false,,,Grayish Saltator,Saltator coerulescens,Saltador Gris,Aves,9850
68062440,40f0ed8c-3cbb-4f4e-b53c-7beb616f8576,2021/01/10 10:14 AM -0300,2021-01-10,2021-01-10 13:14:00 UTC,Buenos Aires,1426044,gonsaro,Gonzalo Roget,2021-01-14 17:56:03 UTC,2025-02-26 19:06:23 UTC,research,CC-BY,https://www.inaturalist.org/observations/68062440,https://inaturalist-open-data.s3.amazonaws.com/photos/110118255/medium.jpeg,,"","",1,0,false,,"Victoria, Entre Ríos, Argentina",-32.8707216667,-60.635965,,,,,,,open,false,,,Grayish Saltator,Saltator coerulescens,Saltador Gris,Aves,9850
68267578,2e63e72e-e175-46fc-b969-99a569132420,2021-01-11 8:24:49 AM GMT-05:00,2021-01-11,2021-01-11 13:24:49 UTC,Bogota,793889,ecuadornaturetours,Nelson Apolo,2021-01-18 11:57:46 UTC,2023-05-30 23:25:57 UTC,needs_id,CC-BY-NC,https://www.inaturalist.org/observations/68267578,https://inaturalist-open-data.s3.amazonaws.com/photos/110496471/medium.jpeg,,"",,0,0,false,2,"Hatun Sumaku, Ecuador",-0.622951557,-77.6028178632,212,,,,212,,open,false,gps,gps,Grayish Saltator,Saltator coerulescens,Saltador Gris,Aves,9850
68286038,9d5d3ec5-0ca4-43e1-b506-2d58fdef5456,2021/01/17 9:49 AM -0300,2021-01-17,2021-01-17 12:49:00 UTC,Buenos Aires,2569170,demianlescano,"",2021-01-18 19:47:11 UTC,2021-01-18 22:39:21 UTC,research,CC-BY-NC,https://www.inaturalist.org/observations/68286038,https://inaturalist-open-data.s3.amazonaws.com/photos/110528761/medium.jpeg,,"",,1,0,false,,"San Jerónimo, Santa Fe, Argentina",-32.3323820919,-60.8719847829,61,,,,61,,open,false,,,Grayish Saltator,Saltator coerulescens,Saltador Gris,Aves,9850
68403773,498ab30c-9327-490e-ba82-3e68b73cbd8e,2021/01/10 9:05 AM -0300,2021-01-10,2021-01-10 12:05:00 UTC,Buenos Aires,1368063,goncrisdi,Gonzalo Diaz,2021-01-21 11:26:25 UTC,2021-01-21 21:32:14 UTC,research,CC-BY-NC,https://www.inaturalist.org/observations/68403773,https://inaturalist-open-data.s3.amazonaws.com/photos/110753442/medium.jpeg,,"","",2,0,false,,"Victoria Department, Entre Rios, Argentina",-32.8560039979,-60.6408901006,3906,,,,3906,,open,false,,,Saltador Gris,Saltator coerulescens,Saltador Gris,Aves,9850
68431629,0120e289-da39-42a7-8a87-c7863327403e,2021/01/10 9:06 AM -0300,2021-01-10,2021-01-10 12:06:00 UTC,Buenos Aires,1368063,goncrisdi,Gonzalo Diaz,2021-01-22 01:35:05 UTC,2021-01-22 15:40:22 UTC,research,CC-BY-NC,https://www.inaturalist.org/observations/68431629,https://inaturalist-open-data.s3.amazonaws.com/photos/110801641/medium.jpeg,,"","",2,0,false,,"Victoria Department, Entre Rios, Argentina",-32.8725152621,-60.636976605,15,,,,15,,open,false,,,Grayish Saltator,Saltator coerulescens,Saltador Gris,Aves,9850
68431632,d443634d-709c-4166-85f9-75781df67723,2021/01/10 9:26 AM -0300,2021-01-10,2021-01-10 12:26:00 UTC,Buenos Aires,1368063,goncrisdi,Gonzalo Diaz,2021-01-22 01:35:07 UTC,2021-01-22 15:40:09 UTC,research,CC-BY-NC,https://www.inaturalist.org/observations/68431632,https://inaturalist-open-data.s3.amazonaws.com/photos/110802033/medium.jpeg,,"","",2,0,false,,"Victoria Department, Entre Rios, Argentina",-32.8725152621,-60.636976605,15,,,,15,,open,false,,,Saltador Gris,Saltator coerulescens,Saltador Gris,Aves,9850
68562300,29b3b1a0-1e03-4d83-947b-32fd18e3080a,2021/01/24 2:42 PM -05,2021-01-24,2021-01-24 19:42:00 UTC,Quito,1477175,yantzafarm,"Yantza Farm, Zamora-Chinchipe, Ecuador",2021-01-24 20:17:40 UTC,2022-03-20 01:17:17 UTC,research,CC-BY-NC,https://www.inaturalist.org/observations/68562300,https://inaturalist-open-data.s3.amazonaws.com/photos/111048769/medium.jpg,,"",,2,0,false,,"Yantzaza Canton, Ecuador",-3.7515369462,-78.6307473065,208,,,,208,,open,false,,,Grayish Saltator,Saltator coerulescens,Saltador Gris,Aves,9850
68574437,9470ae86-1029-4b2a-b74e-069359cfb11e,2021-01-24 6:18:46 PM GMT-04:00,2021-01-24,2021-01-24 22:18:46 UTC,Atlantic Time (Canada),3089135,franziskariedel,Franziska Riedel,2021-01-25 00:03:33 UTC,2021-01-25 14:17:16 UTC,research,,https://www.inaturalist.org/observations/68574437,https://static.inaturalist.org/photos/111073018/medium.jpeg,,"",,2,0,false,2,"Baures, Bolivien",-13.6553618671,-63.6959054321,2789,,,,2789,,open,false,gps,gps,Grayish Saltator,Saltator coerulescens,Saltador Gris,Aves,9850
68738207,74782fe7-8c48-4224-b121-74136b7c972b,2021/01/25 7:58 PM -0300,2021-01-25,2021-01-25 22:58:00 UTC,Brasilia,3783606,laura-_-,"",2021-01-28 23:03:05 UTC,2024-10-25 15:05:46 UTC,research,CC-BY-NC,https://www.inaturalist.org/observations/68738207,,https://static.inaturalist.org/sounds/161112.wav?1611874721,"","Creo que es un anambé negro, espero confirmación.
Registrado con Grabador Zoom H5 más micrófono SSH6. Normalizado a -3dB en Audacity. ",1,0,false,,"Guillermo Hudson, Provincia de Buenos Aires, Argentina",-34.7569279323,-58.1268755681,61,,,,61,,open,false,,,Saltador Gris,Saltator coerulescens,Saltador Gris,Aves,9850
68822991,d5574340-0c87-41d9-878e-22a7744ca5c2,2021/01/10 9:51 AM -0300,2021-01-10,2021-01-10 12:51:00 UTC,Buenos Aires,1391118,carlossch,Carlos Schmidtutz,2021-01-30 21:11:46 UTC,2021-01-30 21:19:09 UTC,research,CC-BY-NC,https://www.inaturalist.org/observations/68822991,https://inaturalist-open-data.s3.amazonaws.com/photos/111535234/medium.jpeg,,"",,1,0,false,,"Ecoportal de Piedra, Villa Monte, Santa Bárbara, Jujuy, Argentina",-24.0992942,-64.3993467,199,,,,199,,open,false,,,Grayish Saltator,Saltator coerulescens,Saltador Gris,Aves,9850
69085826,94066869-ac90-4556-9436-66d355501848,2021/02/05 11:38 AM -0200,2021-02-05,2021-02-05 13:38:00 UTC,Mid-Atlantic,1025957,esteban_koch,Esteban Diego Koch,2021-02-05 13:58:26 UTC,2024-12-02 21:58:01 UTC,research,CC-BY-NC,https://www.inaturalist.org/observations/69085826,,https://static.inaturalist.org/sounds/162265.wav?1612533335,"",,2,0,false,,"Aleixo, Manaus - AM, Brasil",-3.0911222156,-59.9892708069,16,,,,16,,open,false,,,Sabiá-congá,Saltator coerulescens,Saltador Gris,Aves,9850
69085827,a04e7fbf-fc86-4c8b-9ec4-68d69eaaff48,2021/02/05 11:38 AM -0200,2021-02-05,2021-02-05 13:38:00 UTC,Mid-Atlantic,1025957,esteban_koch,Esteban Diego Koch,2021-02-05 13:58:26 UTC,2024-12-02 21:58:01 UTC,research,CC-BY-NC,https://www.inaturalist.org/observations/69085827,,https://static.inaturalist.org/sounds/162263.wav?1612533327,"",The first one to call.,2,0,false,,"Aleixo, Manaus - AM, Brasil",-3.0911861044,-59.9891420609,24,,,,24,,open,false,,,Sabiá-congá,Saltator coerulescens,Saltador Gris,Aves,9850
69388483,4a715a0e-6f08-4db7-b62c-4ab5e1f0f3cf,2021/02/10 6:29 PM -0300,2021-02-10,2021-02-10 21:29:00 UTC,Buenos Aires,3558014,vazquezmaca,Maca vazquez,2021-02-11 00:29:15 UTC,2021-02-11 18:17:44 UTC,research,CC-BY-NC,https://www.inaturalist.org/observations/69388483,https://inaturalist-open-data.s3.amazonaws.com/photos/112570686/medium.jpg,,"",,2,0,false,,"Paso de la Patria, Corrientes, Argentina",-27.3148011,-58.5636468,2833,,,,2833,,open,false,,,Saltador Gris,Saltator coerulescens,Saltador Gris,Aves,9850
69453608,dac81ab2-2aaf-48b0-86b7-70b33e2895fc,2011/01/25 6:04 PM PST,2011-01-25,2011-01-26 02:04:00 UTC,Pacific Time (US & Canada),1809129,charadrius,Paul Donahue,2021-02-12 12:39:02 UTC,2021-02-12 16:01:07 UTC,research,CC-BY-NC,https://www.inaturalist.org/observations/69453608,https://inaturalist-open-data.s3.amazonaws.com/photos/112694691/medium.jpg,,"",,2,0,false,,"Fazenda Santa Tereza, Mato Grosso, Brazil",-16.7562587831,-56.8720207743,2050,,,,2050,,open,false,,,Grayish Saltator,Saltator coerulescens,Saltador Gris,Aves,9850
69453784,94bc8cc5-1313-4790-8707-9a8c531b7f3c,2011/01/26 6:52 PM PST,2011-01-26,2011-01-27 02:52:00 UTC,Pacific Time (US & Canada),1809129,charadrius,Paul Donahue,2021-02-12 12:46:56 UTC,2021-02-12 16:01:00 UTC,research,CC-BY-NC,https://www.inaturalist.org/observations/69453784,https://inaturalist-open-data.s3.amazonaws.com/photos/112695229/medium.jpg,,"",,2,0,false,,"Fazenda Santa Tereza, Mato Grosso, Brazil",-16.7562587831,-56.8720207743,2050,,,,2050,,open,false,,,Grayish Saltator,Saltator coerulescens,Saltador Gris,Aves,9850
69454876,ffa54d02-d50c-49b3-a8a6-f504367db849,2011/01/30 5:51 PM PST,2011-01-30,2011-01-31 01:51:00 UTC,Pacific Time (US & Canada),1809129,charadrius,Paul Donahue,2021-02-12 13:21:33 UTC,2021-02-12 15:59:46 UTC,research,CC-BY-NC,https://www.inaturalist.org/observations/69454876,https://inaturalist-open-data.s3.amazonaws.com/photos/112696923/medium.jpg,,"",,2,0,false,,"Fazenda Santa Tereza, Mato Grosso, Brazil",-16.7562587831,-56.8720207743,2050,,,,2050,,open,false,,,Sabiá-congá,Saltator coerulescens,Saltador Gris,Aves,9850
69525460,378bd24f-b2be-4f70-9af9-ce532095099c,2021-02-12 12:38:36 PM GMT-04:00,2021-02-12,2021-02-12 16:38:36 UTC,Atlantic Time (Canada),1471399,cesarpizarrorios,Cesar Augusto Pizarro Rios,2021-02-13 22:16:58 UTC,2021-09-15 02:10:23 UTC,research,,https://www.inaturalist.org/observations/69525460,https://static.inaturalist.org/photos/112829704/medium.jpeg,,"",,1,0,false,2,"Villa Montes, Bolivia",-21.2659299489,-63.472892493,15,,,,15,,open,false,gps,gps,Grayish Saltator,Saltator coerulescens,Saltador Gris,Aves,9850
69675009,6a374117-f1f7-4e87-87e4-58a0a9617fd5,2021/02/14 9:18 AM -0300,2021-02-14,2021-02-14 12:18:00 UTC,Buenos Aires,1205836,elbeltrocco,Eduardo Luis Beltrocco,2021-02-16 16:30:20 UTC,2024-11-09 15:47:03 UTC,research,CC-BY,https://www.inaturalist.org/observations/69675009,https://inaturalist-open-data.s3.amazonaws.com/photos/113105893/medium.jpeg,,"","",1,0,false,,"San Cristóbal, Santa Fe, Argentina",-30.0163563327,-61.2285675361,4,,,,4,,open,false,,,Grayish Saltator,Saltator coerulescens,Saltador Gris,Aves,9850
69792455,2895a528-ba6c-40c8-8b93-e3a954b6181e,2021/02/08 5:42 PM -0300,2021-02-08,2021-02-08 20:42:00 UTC,Buenos Aires,144,trekman,Gustavo Fernando Durán,2021-02-19 01:21:59 UTC,2024-06-25 13:42:48 UTC,research,CC-BY-NC,https://www.inaturalist.org/observations/69792455,https://inaturalist-open-data.s3.amazonaws.com/photos/113325313/medium.jpeg,,"",,2,0,false,,"Gral Obligado, Santa Fe, Argentina",-28.5103350653,-59.2620866094,105,,,,105,,open,false,,,Saltador Gris,Saltator coerulescens,Saltador Gris,Aves,9850
69841135,8592f0f1-bdfa-4302-8606-fe97d20c7896,2021/02/08 6:31 PM -0300,2021-02-08,2021-02-08 21:31:00 UTC,Buenos Aires,144,trekman,Gustavo Fernando Durán,2021-02-20 02:47:57 UTC,2024-06-25 13:42:48 UTC,research,CC-BY-NC,https://www.inaturalist.org/observations/69841135,https://inaturalist-open-data.s3.amazonaws.com/photos/113421992/medium.jpeg,,"",,2,0,false,,"Gral Obligado, Santa Fe, Argentina",-28.5103086259,-59.261953242,119,,,,119,,open,false,,,Saltador Gris,Saltator coerulescens,Saltador Gris,Aves,9850
69856479,f378b051-9d74-40d9-8186-d547faa60e55,2021/01/22 5:33 PM -0300,2021-01-22,2021-01-22 20:33:00 UTC,Brasilia,3783606,laura-_-,"",2021-02-20 12:23:50 UTC,2024-10-25 18:41:49 UTC,research,CC-BY-NC,https://www.inaturalist.org/observations/69856479,,https://static.inaturalist.org/sounds/165347.wav?1613823752,"",Registrado con Grabador Zoom H5 más micrófono SSH6. Normalizado a -3dB en Audacity. ,1,0,false,,"Guillermo Enrique Hudson, Provincia de Buenos Aires, Argentina",-34.7597841235,-58.1144534413,560,,,,560,,open,false,,,Saltador Gris,Saltator coerulescens,Saltador Gris,Aves,9850
69892955,03048483-84c2-4ae8-9901-9f535eb5c15d,2021-02-20 5:04:51 PM GMT-04:00,2021-02-20,2021-02-20 21:04:51 UTC,Atlantic Time (Canada),3089135,franziskariedel,Franziska Riedel,2021-02-21 00:32:56 UTC,2021-02-21 01:12:09 UTC,research,,https://www.inaturalist.org/observations/69892955,https://static.inaturalist.org/photos/113519053/medium.jpeg,,"",,1,0,false,2,"Baures, Bolivien",-13.6563451264,-63.6959319189,2789,,,,2789,,open,false,gps,gps,Grausaltator,Saltator coerulescens,Saltador Gris,Aves,9850
69922877,91034c1d-66dc-4c46-85bc-8917e184a9f0,Sun Feb 21 2021 18:28:34 GMT-0300 (GMT-3),2021-02-21,2021-02-21 21:28:34 UTC,Brasilia,2837751,marcelo2020,,2021-02-21 14:44:15 UTC,2021-02-21 17:45:39 UTC,research,CC-BY-NC,https://www.inaturalist.org/observations/69922877,https://inaturalist-open-data.s3.amazonaws.com/photos/113573935/medium.jpg,,"","",2,0,false,3,"Lucio Mansilla, San Pedro, Buenos Aires, AR",-33.6569111027,-59.7271612144,65,,,,65,,open,false,,,Grayish Saltator,Saltator coerulescens,Saltador Gris,Aves,9850
69992203,fb96635c-9c8f-4675-8e2d-3ce038bbea88,2021/02/09 12:36 PM -0300,2021-02-09,2021-02-09 15:36:00 UTC,Buenos Aires,144,trekman,Gustavo Fernando Durán,2021-02-22 16:54:17 UTC,2024-06-25 13:42:48 UTC,research,CC-BY-NC,https://www.inaturalist.org/observations/69992203,https://inaturalist-open-data.s3.amazonaws.com/photos/113697349/medium.jpeg,,"",,1,0,false,,"Gral Obligado, Santa Fe, Argentina",-28.5103445336,-59.2620038079,109,,,,109,,open,false,,,Grayish Saltator,Saltator coerulescens,Saltador Gris,Aves,9850
70064926,a8e0776f-49ac-4f92-90c3-ad41a368cd3d,2021-02-23 6:01:19 PM GMT-04:00,2021-02-23,2021-02-23 22:01:19 UTC,Atlantic Time (Canada),3089135,franziskariedel,Franziska Riedel,2021-02-24 00:38:35 UTC,2021-02-24 23:51:02 UTC,research,,https://www.inaturalist.org/observations/70064926,https://static.inaturalist.org/photos/113831902/medium.jpeg,,"",,3,0,false,2,"Baures, Bolivien",-13.6550298777,-63.6963798478,11,,,,11,,open,false,gps,gps,Grayish Saltator,Saltator coerulescens,Saltador Gris,Aves,9850
70068815,2aeb212b-c67e-4597-b460-b881f061cbeb,2021/02/10 10:28 AM -0300,2021-02-10,2021-02-10 13:28:00 UTC,Buenos Aires,144,trekman,Gustavo Fernando Durán,2021-02-24 02:11:54 UTC,2024-06-25 13:42:48 UTC,research,CC-BY-NC,https://www.inaturalist.org/observations/70068815,https://inaturalist-open-data.s3.amazonaws.com/photos/113837781/medium.jpeg,,"",,2,0,false,,"Gral Obligado, Santa Fe, Argentina",-28.5172068124,-59.1464504047,77,,,,77,,open,false,,,Saltador Gris,Saltator coerulescens,Saltador Gris,Aves,9850
70165088,ad38a707-1fd4-4ff7-bdfe-e4f70ebf2196,2021/02/22 11:29 AM -0300,2021-02-22,2021-02-22 14:29:00 UTC,Brasilia,1388581,mfraire09,Mica Fraire,2021-02-25 22:09:22 UTC,2021-02-26 17:32:19 UTC,research,CC-BY-NC,https://www.inaturalist.org/observations/70165088,https://inaturalist-open-data.s3.amazonaws.com/photos/114011411/medium.jpeg,,"","",2,0,false,,"Islas del Ibicuy, Entre Ríos, Argentina",-33.74064,-59.1718763889,,,,,,,open,false,,,Grayish Saltator,Saltator coerulescens,Saltador Gris,Aves,9850
70169845,62e8853d-f3df-4948-84c1-b74c7b416b64,2021/02/23 11:53 AM -0300,2021-02-23,2021-02-23 14:53:00 UTC,Brasilia,1388581,mfraire09,Mica Fraire,2021-02-25 23:45:32 UTC,2021-02-26 17:29:11 UTC,research,CC-BY-NC,https://www.inaturalist.org/observations/70169845,https://inaturalist-open-data.s3.amazonaws.com/photos/114020024/medium.jpeg,,"","",2,0,false,,"Islas del Ibicuy, Entre Ríos, Argentina",-33.74124,-59.1750580556,,,,,,,open,false,,,Grayish Saltator,Saltator coerulescens,Saltador Gris,Aves,9850
70208506,8f9bf781-827e-4b75-a0b2-19889cd87479,2021/02/22 2:40 PM -0300,2021-02-22,2021-02-22 17:40:00 UTC,Buenos Aires,1364542,pablof,Pablo Fraire,2021-02-26 18:54:41 UTC,2022-04-12 04:44:56 UTC,research,CC-BY-NC,https://www.inaturalist.org/observations/70208506,https://inaturalist-open-data.s3.amazonaws.com/photos/114086312/medium.jpeg,,"",,2,0,false,,"Islas del Ibicuy, Entre Ríos, Argentina",-33.74084128,-59.17191496,,,,,,,,false,,,Saltador Gris,Saltator coerulescens,Saltador Gris,Aves,9850
70212678,3975574b-597f-4971-a47b-e6fd9257f568,2021/02/23 7:26 PM -0300,2021-02-23,2021-02-23 22:26:00 UTC,Buenos Aires,1364542,pablof,Pablo Fraire,2021-02-26 20:30:02 UTC,2022-04-12 04:44:56 UTC,research,CC-BY-NC,https://www.inaturalist.org/observations/70212678,https://inaturalist-open-data.s3.amazonaws.com/photos/114094679/medium.jpeg,,"",,3,0,false,,"Islas del Ibicuy, Entre Ríos, Argentina",-33.74055798,-59.17319614,,,,,,,,false,,,Saltador Gris,Saltator coerulescens,Saltador Gris,Aves,9850
70214242,07d4dd34-9cba-4737-a718-2d86ba4824c7,2021/02/24 3:16 PM -0300,2021-02-24,2021-02-24 18:16:00 UTC,Buenos Aires,1364542,pablof,Pablo Fraire,2021-02-26 20:56:01 UTC,2022-04-12 04:44:57 UTC,research,CC-BY-NC,https://www.inaturalist.org/observations/70214242,https://inaturalist-open-data.s3.amazonaws.com/photos/114097194/medium.jpeg,,"",,3,0,false,,"Islas del Ibicuy, Entre Ríos, Argentina",-33.74076759,-59.17164361,,,,,,,,false,,,Saltador Gris,Saltator coerulescens,Saltador Gris,Aves,9850
70266926,14069ccb-e45d-4f8a-bbeb-c78f3268ca82,2021/02/11 1:24 PM -0300,2021-02-11,2021-02-11 16:24:00 UTC,Buenos Aires,144,trekman,Gustavo Fernando Durán,2021-02-27 18:52:42 UTC,2024-06-25 13:42:48 UTC,research,CC-BY-NC,https://www.inaturalist.org/observations/70266926,https://inaturalist-open-data.s3.amazonaws.com/photos/114185695/medium.jpeg,,"",,2,0,false,,"Gral Obligado, Santa Fe, Argentina",-28.5104033072,-59.2619438636,110,,,,110,,open,false,,,Grayish Saltator,Saltator coerulescens,Saltador Gris,Aves,9850
70267049,12b306ab-2934-4421-b7a3-988b7d81316f,2021/02/11 5:19 PM -0300,2021-02-11,2021-02-11 20:19:00 UTC,Buenos Aires,144,trekman,Gustavo Fernando Durán,2021-02-27 18:53:44 UTC,2024-06-25 13:42:48 UTC,research,CC-BY-NC,https://www.inaturalist.org/observations/70267049,https://inaturalist-open-data.s3.amazonaws.com/photos/114191889/medium.jpeg,,"",,2,0,false,,"Gral Obligado, Santa Fe, Argentina",-28.5104033072,-59.2619438636,110,,,,110,,open,false,,,Grayish Saltator,Saltator coerulescens,Saltador Gris,Aves,9850
70293168,f9d53242-1594-4a55-bc2b-62408553c52e,2021/02/12 6:56 AM -0300,2021-02-12,2021-02-12 09:56:00 UTC,Buenos Aires,144,trekman,Gustavo Fernando Durán,2021-02-28 02:17:23 UTC,2024-06-25 13:42:48 UTC,research,CC-BY-NC,https://www.inaturalist.org/observations/70293168,https://inaturalist-open-data.s3.amazonaws.com/photos/114239881/medium.jpeg,,"",,2,0,false,,"Gral Obligado, Santa Fe, Argentina",-28.5103704931,-59.2620054194,109,,,,109,,open,false,,,Saltador Gris,Saltator coerulescens,Saltador Gris,Aves,9850
70331213,1fbd42f5-4a25-4ea6-897d-bdda6ba17c69,2021/02/12 4:05 PM -0300,2021-02-12,2021-02-12 19:05:00 UTC,Buenos Aires,144,trekman,Gustavo Fernando Durán,2021-02-28 17:34:35 UTC,2024-06-25 13:42:48 UTC,research,CC-BY-NC,https://www.inaturalist.org/observations/70331213,https://inaturalist-open-data.s3.amazonaws.com/photos/114309877/medium.jpeg,,"",,1,0,false,,"Gral Obligado, Santa Fe, Argentina",-28.5103196554,-59.2620092798,101,,,,101,,open,false,,,Grayish Saltator,Saltator coerulescens,Saltador Gris,Aves,9850
70369336,7a1dbab9-31a9-4c72-971d-7e2f2680ec46,2021/02/13 1:10 PM -0300,2021-02-13,2021-02-13 16:10:00 UTC,Buenos Aires,144,trekman,Gustavo Fernando Durán,2021-03-01 03:02:01 UTC,2024-06-25 13:42:48 UTC,research,CC-BY-NC,https://www.inaturalist.org/observations/70369336,https://inaturalist-open-data.s3.amazonaws.com/photos/114378406/medium.jpeg,,"",,2,0,false,,"Gral Obligado, Santa Fe, Argentina",-28.5103801639,-59.2620063309,101,,,,101,,open,false,,,Saltador Gris,Saltator coerulescens,Saltador Gris,Aves,9850
70606031,d531a604-8d16-409f-9ab6-5335843cc39d,2021-02-23,2021-02-23,,UTC,4025800,lilian91,Lilian Roman,2021-03-05 13:17:46 UTC,2024-08-10 13:46:44 UTC,research,CC0,https://www.inaturalist.org/observations/70606031,,https://static.inaturalist.org/sounds/169037.m4a?1614950282,"","el 23 de febrero 2021 en concordia(ER) oi esta ave,que no pude ubicar de que especie se trata. lo unico que vi fueron dos individuos movedizos con tamaño simililar a un zorzal",2,0,false,2,"Concordia, Entre Ríos, Argentina",-31.383047062,-57.9915972054,84,,,,84,,,false,,,Saltador Gris,Saltator coerulescens,Saltador Gris,Aves,9850
71038918,d91c5555-6437-4d98-aa5e-bde9e3fe65c4,2015/02/20 8:29 AM -0300,2015-02-20,2015-02-20 11:29:00 UTC,Buenos Aires,3647712,julian_tocce,Julián Rolando Tocce,2021-03-12 02:49:17 UTC,2021-03-12 13:38:50 UTC,research,CC-BY-NC,https://www.inaturalist.org/observations/71038918,https://inaturalist-open-data.s3.amazonaws.com/photos/115592718/medium.jpg,,"",,2,0,false,,"Colonia Carlos Pellegrini, San Martín, Corrientes, Argentina",-28.5304222112,-57.1842810322,488,,,,488,,open,false,,,Saltador Gris,Saltator coerulescens,Saltador Gris,Aves,9850
71652019,39815725-cd00-4692-a724-61b587f54388,2021/02/21 7:45 AM UTC,2021-02-21,2021-02-21 07:45:00 UTC,UTC,4039813,calidrisesperanza,Calidris Esperanza,2021-03-20 21:36:17 UTC,2021-03-20 21:46:19 UTC,research,CC-BY-NC,https://www.inaturalist.org/observations/71652019,https://inaturalist-open-data.s3.amazonaws.com/photos/116687889/medium.jpg,,"",,1,0,false,,"Esperanza, Santa Fe, Argentina",-31.4489859,-60.9303663,6458,,,,6458,,open,false,,,Grayish Saltator,Saltator coerulescens,Saltador Gris,Aves,9850
72888713,9eb0944d-ecec-45eb-93e0-821905a91b78,2016/02/09 ,2016-02-09,,Brasilia,4140797,luciano_bernardes,Luciano Bernardes,2021-04-04 13:49:36 UTC,2024-08-04 21:54:04 UTC,research,CC-BY-NC,https://www.inaturalist.org/observations/72888713,https://inaturalist-open-data.s3.amazonaws.com/photos/118923686/medium.jpg,https://static.inaturalist.org/sounds/181587.mp3?1617544142,"",,1,0,false,,"Poconé - MT, 78175-000, Brasil",-16.3422571643,-56.642731819,9392,,,,9392,,open,false,,,Grayish Saltator,Saltator coerulescens,Saltador Gris,Aves,9850
74565407,3dc52eb7-8b27-4810-a7f8-df8334bb8a9c,2020/01/10 8:02 AM -0300,2020-01-10,2020-01-10 11:02:00 UTC,Brasilia,2508649,julianformosa,,2021-04-19 21:54:02 UTC,2021-04-20 13:08:45 UTC,research,,https://www.inaturalist.org/observations/74565407,https://static.inaturalist.org/photos/121879064/medium.jpeg,,"","",2,0,false,,"Costanera de Formosa, Formosa, Argentina",-26.1753913,-58.1575111,201,,,,201,,open,false,,,Saltador Gris,Saltator coerulescens,Saltador Gris,Aves,9850
78790429,729710a7-d706-4f28-9915-202b4bad8ecc,2017/01/27 11:43 AM -0300,2017-01-27,2017-01-27 14:43:00 UTC,Buenos Aires,2508649,julianformosa,,2021-05-15 03:32:16 UTC,2021-05-15 14:44:55 UTC,research,,https://www.inaturalist.org/observations/78790429,https://static.inaturalist.org/photos/128986544/medium.jpeg,,"","",1,0,false,,"Mision San Francisco de Laishi, Formosa, Argentina",-26.2446185358,-58.6362589711,977,,,,977,,open,false,,,Grayish Saltator,Saltator coerulescens,Saltador Gris,Aves,9850
78931702,21c3e3cd-6f43-403d-97fd-506d665fc66d,2017/02/25 9:42 AM -0300,2017-02-25,2017-02-25 12:42:00 UTC,Brasilia,2508649,julianformosa,,2021-05-16 02:04:13 UTC,2021-05-16 16:04:39 UTC,research,,https://www.inaturalist.org/observations/78931702,https://static.inaturalist.org/photos/129229728/medium.jpeg,,"","",1,0,false,,"Laguna Oca, Formosa, Argentina",-26.24,-58.1997222,1946,,,,1946,,open,false,,,Grayish Saltator,Saltator coerulescens,Saltador Gris,Aves,9850
81874206,e7e216f3-54a0-4eaf-ae4e-84faee6174e7,2018/02/04 5:01 PM -0300,2018-02-04,2018-02-04 20:01:00 UTC,Buenos Aires,2569170,demianlescano,"",2021-06-06 15:39:59 UTC,2021-06-06 21:58:29 UTC,research,CC-BY-NC,https://www.inaturalist.org/observations/81874206,https://inaturalist-open-data.s3.amazonaws.com/photos/134319300/medium.jpeg,,"","",2,0,false,,"Rosario, Santa Fe, Argentina",-32.860672513,-60.6793171338,244,,,,244,,open,false,,,Saltador Gris,Saltator coerulescens,Saltador Gris,Aves,9850
90868370,8a79cc06-4b02-4917-a43b-ae377cd168fb,2011/02/10 1:49 PM PST,2011-02-10,2011-02-10 21:49:00 UTC,Pacific Time (US & Canada),1809129,charadrius,Paul Donahue,2021-08-12 09:59:51 UTC,2021-08-12 15:34:35 UTC,research,CC-BY-NC,https://www.inaturalist.org/observations/90868370,https://inaturalist-open-data.s3.amazonaws.com/photos/150223963/medium.jpg,,"",,3,0,false,,"Fazenda Santa Tereza, Mato Grosso, Brazil",-16.7562587831,-56.8720207743,2050,,,,2050,,open,false,,,Sabiá-congá,Saltator coerulescens,Saltador Gris,Aves,9850
90868371,dda35d9b-7ada-4b1b-8144-21e99d1e1e14,2011/02/10 1:50 PM PST,2011-02-10,2011-02-10 21:50:00 UTC,Pacific Time (US & Canada),1809129,charadrius,Paul Donahue,2021-08-12 09:59:52 UTC,2021-08-12 15:34:27 UTC,research,CC-BY-NC,https://www.inaturalist.org/observations/90868371,https://inaturalist-open-data.s3.amazonaws.com/photos/150223969/medium.jpg,,"",,3,0,false,,"Fazenda Santa Tereza, Mato Grosso, Brazil",-16.7562587831,-56.8720207743,2050,,,,2050,,open,false,,,Sabiá-congá,Saltator coerulescens,Saltador Gris,Aves,9850
90868372,d2897778-4821-46b6-86fc-ef2930c53264,2011/02/10 1:54 PM PST,2011-02-10,2011-02-10 21:54:00 UTC,Pacific Time (US & Canada),1809129,charadrius,Paul Donahue,2021-08-12 09:59:52 UTC,2021-08-12 15:33:24 UTC,research,CC-BY-NC,https://www.inaturalist.org/observations/90868372,https://inaturalist-open-data.s3.amazonaws.com/photos/150223976/medium.jpg,,"",,3,0,false,,"Fazenda Santa Tereza, Mato Grosso, Brazil",-16.7562587831,-56.8720207743,2050,,,,2050,,open,false,,,Sabiá-congá,Saltator coerulescens,Saltador Gris,Aves,9850
95919932,345fa80e-e907-4db4-9207-7b3df3a5f2e0,2020/01/26 6:25 AM -0300,2020-01-26,2020-01-26 09:25:00 UTC,Buenos Aires,1368063,goncrisdi,Gonzalo Diaz,2021-09-24 02:01:40 UTC,2021-09-24 12:01:35 UTC,research,CC-BY-NC,https://www.inaturalist.org/observations/95919932,https://inaturalist-open-data.s3.amazonaws.com/photos/159293774/medium.jpeg,,"","",2,0,false,,"Villa Paranacito, Entre Rios, Argentina",-33.7146367,-58.6583381,1041,,,,1041,,,false,,,Saltador Gris,Saltator coerulescens,Saltador Gris,Aves,9850
95919944,efd008bc-34c7-49f3-a47c-aec0b2522ac4,2014/02/10 4:22 PM -0300,2014-02-10,2014-02-10 19:22:00 UTC,Buenos Aires,1368063,goncrisdi,Gonzalo Diaz,2021-09-24 02:01:44 UTC,2021-09-24 16:52:05 UTC,research,CC-BY-NC,https://www.inaturalist.org/observations/95919944,https://inaturalist-open-data.s3.amazonaws.com/photos/159295950/medium.jpeg,,"","",2,0,false,,"Colonia Carlos Pellegrini, Corrientes, Argentina",-28.5360526,-57.1734556,1228,,,,1228,,,false,,,Sabiá-congá,Saltator coerulescens,Saltador Gris,Aves,9850
95919945,806938f2-6ec4-4476-9cef-2be637c498d0,2014/02/08 5:29 PM -0300,2014-02-08,2014-02-08 20:29:00 UTC,Buenos Aires,1368063,goncrisdi,Gonzalo Diaz,2021-09-24 02:01:44 UTC,2021-09-24 16:50:51 UTC,research,CC-BY-NC,https://www.inaturalist.org/observations/95919945,https://inaturalist-open-data.s3.amazonaws.com/photos/159296104/medium.jpeg,,"","",2,0,false,,"Colonia Carlos Pellegrini, Corrientes, Argentina",-28.5360526,-57.1734556,1228,,,,1228,,,false,,,Sabiá-congá,Saltator coerulescens,Saltador Gris,Aves,9850
95919946,0fd1ee90-2f76-45f5-88f3-17b2c73e115e,2014/01/05 5:22 PM -0300,2014-01-05,2014-01-05 20:22:00 UTC,Buenos Aires,1368063,goncrisdi,Gonzalo Diaz,2021-09-24 02:01:45 UTC,2021-09-24 16:50:46 UTC,research,CC-BY-NC,https://www.inaturalist.org/observations/95919946,https://inaturalist-open-data.s3.amazonaws.com/photos/159296262/medium.jpeg,,"","",3,0,false,,"Ceibas, Entre Rios, Argentina",-33.5007183,-58.8045578,1498,,,,1498,,,false,,,Saltador Gris,Saltator coerulescens,Saltador Gris,Aves,9850
95922007,b002153a-c274-4a3b-998e-3c7dd6d7c536,2014/02/10 10:04 AM -0300,2014-02-10,2014-02-10 13:04:00 UTC,Buenos Aires,1368063,goncrisdi,Gonzalo Diaz,2021-09-24 02:26:15 UTC,2021-09-24 16:46:38 UTC,research,CC-BY-NC,https://www.inaturalist.org/observations/95922007,https://inaturalist-open-data.s3.amazonaws.com/photos/159300691/medium.jpeg,,"","",1,0,false,,"Colonia Carlos Pellegrini, Corrientes, Argentina",-28.5360526,-57.1734556,1228,,,,1228,,,false,,,Grayish Saltator,Saltator coerulescens,Saltador Gris,Aves,9850
97613042,4acaf11d-9df0-4104-a1fd-c7b08207838e,2021/01/10 9:10 AM -0300,2021-01-10,2021-01-10 12:10:00 UTC,Buenos Aires,142253,carancho,Leonel Roget,2021-10-09 03:33:28 UTC,2022-04-14 15:48:40 UTC,research,CC-BY,https://www.inaturalist.org/observations/97613042,https://inaturalist-open-data.s3.amazonaws.com/photos/162366211/medium.jpeg,,"","",4,0,false,,"Victoria, Entre Ríos, Argentina",-32.86923,-60.6402833333,,,,,,,,false,,,Grayish Saltator,Saltator coerulescens,Saltador Gris,Aves,9850
100155108,895289c7-ab75-4835-bcbc-cee54195405a,2021/01/24 10:50 AM UTC,2021-01-24,2021-01-24 10:50:00 UTC,UTC,5176929,tomaguivall7,Tomás Aguirre Vallés,2021-11-03 15:46:05 UTC,2021-11-03 17:19:26 UTC,research,CC-BY-NC,https://www.inaturalist.org/observations/100155108,https://inaturalist-open-data.s3.amazonaws.com/photos/167120554/medium.jpeg,,"","",1,0,false,,"Cerro Colorado, Córdoba, Argentina",-30.0955431,-63.9321904,639,,,,639,,,false,,,Grayish Saltator,Saltator coerulescens,Saltador Gris,Aves,9850
101960271,8392d66c-4917-4e1d-a022-676911a77739,2017/02/08 5:41 PM UTC,2017-02-08,2017-02-08 17:41:00 UTC,UTC,4235031,lechuzoologo,Ezequiel Racker,2021-11-26 20:39:33 UTC,2025-08-05 12:23:53 UTC,research,CC-BY,https://www.inaturalist.org/observations/101960271,https://inaturalist-open-data.s3.amazonaws.com/photos/170347946/medium.jpg,,"",,2,0,false,,"El Cazador, Belén de Escobar, Provincia de Buenos Aires, Argentina",-34.3244247,-58.7588654,1791,,,,1791,,,false,,,Saltador Gris,Saltator coerulescens,Saltador Gris,Aves,9850
104440033,70964b8d-f7e9-4642-9b15-4959c0d6c808,2022/01/05 6:09 AM -0400,2022-01-05,2022-01-05 10:09:00 UTC,La Paz,769183,layme,Ruben D. Layme,2022-01-06 02:03:41 UTC,2022-01-06 02:11:49 UTC,research,CC-BY-NC,https://www.inaturalist.org/observations/104440033,https://inaturalist-open-data.s3.amazonaws.com/photos/174999131/medium.jpg,,"",,1,0,false,,"Cercado, Bolivia",-14.8917460885,-64.8406415176,122,,,,122,,open,false,,,Grayish Saltator,Saltator coerulescens,Saltador Gris,Aves,9850
104495076,02efce19-5e26-4f0c-aa80-88d4705b4d98,2022/01/06 5:32 PM -0400,2022-01-06,2022-01-06 21:32:00 UTC,La Paz,769183,layme,Ruben D. Layme,2022-01-07 01:48:23 UTC,2022-01-07 14:43:18 UTC,research,CC-BY-NC,https://www.inaturalist.org/observations/104495076,https://inaturalist-open-data.s3.amazonaws.com/photos/175102860/medium.jpg,,"",,1,0,false,,"Marbán, Bolivia",-14.9218445431,-64.5734527926,15,,,,15,,open,false,,,Grayish Saltator,Saltator coerulescens,Saltador Gris,Aves,9850
104727395,558566ab-8b68-4690-ac1e-ef7aceb7a269,2022/01/03 7:00 PM UTC,2022-01-03,2022-01-03 19:00:00 UTC,UTC,1058218,pablodemaio,Pablo Demaio,2022-01-10 22:03:17 UTC,2024-11-14 20:19:30 UTC,research,CC-BY-NC,https://www.inaturalist.org/observations/104727395,https://inaturalist-open-data.s3.amazonaws.com/photos/175546708/medium.jpg,,"",,1,0,false,,"Santa Bárbara, Jujuy, Argentina",-24.0957383333,-64.3982533333,,,,,,,,false,,,Grayish Saltator,Saltator coerulescens,Saltador Gris,Aves,9850
104870802,5a3adce7-094d-441a-8df4-81f5abcc3a59,2022/01/13 1:57 PM -0300,2022-01-13,2022-01-13 16:57:00 UTC,Brasilia,4339011,drffederico,Fernando Federico,2022-01-13 17:05:57 UTC,2022-01-13 17:17:03 UTC,research,CC-BY-NC,https://www.inaturalist.org/observations/104870802,https://inaturalist-open-data.s3.amazonaws.com/photos/175821701/medium.jpg,,"",,1,0,false,,"Pueblo Esther, Santa Fe, Argentina",-33.0656974827,-60.5679822476,61,,,,61,,,false,,,Grayish Saltator,Saltator coerulescens,Saltador Gris,Aves,9850
104918142,47bedc9e-d6ba-477b-aecd-f4d73122e884,2022/01/13 18:58 AM -0300,2022-01-13,2022-01-13 14:58:00 UTC,Brasilia,4339011,drffederico,Fernando Federico,2022-01-14 15:00:08 UTC,2022-01-14 15:01:07 UTC,research,CC-BY-NC,https://www.inaturalist.org/observations/104918142,https://inaturalist-open-data.s3.amazonaws.com/photos/175914061/medium.jpeg,,"","",1,0,false,,"Pueblo Esther, Santa Fe, Argentina",-33.065961321,-60.5679822478,15,,,,15,,,false,,,Pepitero Gris,Saltator coerulescens,Saltador Gris,Aves,9850
104929015,afb4c20e-43b0-4797-82f2-79e0797de4da,2022/01/14 4:12 PM -0300,2022-01-14,2022-01-14 19:12:00 UTC,Brasilia,4339011,drffederico,Fernando Federico,2022-01-14 19:28:49 UTC,2022-01-15 12:14:57 UTC,research,CC-BY-NC,https://www.inaturalist.org/observations/104929015,https://inaturalist-open-data.s3.amazonaws.com/photos/175935057/medium.jpg,,"",,1,0,false,,"Pueblo Esther, Santa Fe, Argentina",-33.0656110323,-60.5679155053,4,,,,4,,,false,,,Grayish Saltator,Saltator coerulescens,Saltador Gris,Aves,9850
105683041,19327f50-ddf6-4d4a-aff1-3d05332d48cf,2022/01/27 10:25 AM CST,2022-01-27,2022-01-27 16:25:00 UTC,Central Time (US & Canada),723035,juanitoescamilla,Juanito Escamilla,2022-01-27 21:51:41 UTC,2023-03-18 20:05:47 UTC,research,CC-BY,https://www.inaturalist.org/observations/105683041,https://inaturalist-open-data.s3.amazonaws.com/photos/177372289/medium.jpeg,,"",,1,0,false,,"Paso de la Patria, Corrientes, Argentina",-27.3235053991,-58.6026796738,8,,,,8,,,false,,,Grayish Saltator,Saltator coerulescens,Saltador Gris,Aves,9850
105688926,9c162d8e-2ed5-47fb-aba8-ddba71443378,2022-01-26 06:21:55,2022-01-26,2022-01-26 10:21:55 UTC,La Paz,1471399,cesarpizarrorios,Cesar Augusto Pizarro Rios,2022-01-28 00:13:43 UTC,2022-01-28 10:32:57 UTC,research,,https://www.inaturalist.org/observations/105688926,https://static.inaturalist.org/photos/177385655/medium.jpeg,,"",,2,0,false,2,"Villa Montes, Bolivia",-21.2661227281,-63.4728311375,60,,,,60,,open,false,gps,gps,Grayish Saltator,Saltator coerulescens,Saltador Gris,Aves,9850
105769015,65a275ae-a019-42b6-9370-138f0e7fa470,2022/01/16 12:14 PM UTC,2022-01-16,2022-01-16 12:14:00 UTC,UTC,1178188,francof,Franco N. Fabre,2022-01-29 13:40:01 UTC,2024-06-25 13:50:20 UTC,research,CC-BY-NC,https://www.inaturalist.org/observations/105769015,https://inaturalist-open-data.s3.amazonaws.com/photos/177541632/medium.jpeg,,"","",1,0,false,,"La Capital, Santa Fe, Argentina",-31.6367819484,-60.674376829,8,,,,8,,,false,,,Grayish Saltator,Saltator coerulescens,Saltador Gris,Aves,9850
105878675,1e67a1bb-338c-4be0-83bb-abce7347e46b,2022-01-30 19:24:49,2022-01-30,2022-01-30 22:24:49 UTC,Santiago,1521396,pmantinian1951,Patricio A. Mantinian,2022-01-31 01:34:15 UTC,2022-01-31 16:29:18 UTC,research,CC-BY-NC,https://www.inaturalist.org/observations/105878675,https://inaturalist-open-data.s3.amazonaws.com/photos/177752053/medium.jpeg,,"",Juvenil ,1,0,false,2,"Candelaria, Misiones, Argentina",-27.3850614547,-55.5927665904,11,,,,11,,,false,,,Grayish Saltator,Saltator coerulescens,Saltador Gris,Aves,9850
105942163,8a5d97a7-0b31-4645-ba5c-bbb7b24e6bdf,2022/01/29 10:54 PM -0300,2022-01-29,2022-01-30 01:54:00 UTC,Buenos Aires,1509502,diego_t,Diego Trillo,2022-02-01 02:17:23 UTC,2024-08-04 12:11:48 UTC,research,CC-BY-NC,https://www.inaturalist.org/observations/105942163,,https://static.inaturalist.org/sounds/352373.mp3?1643681796,"",,1,0,false,,"Dock Sud, Provincia de Buenos Aires, Argentina",-34.6633388552,-58.3145581978,631,,,,631,,,false,,,Saltador Gris,Saltator coerulescens,Saltador Gris,Aves,9850
106041820,1a778d1d-3781-44f2-b192-215cb0d7d74c,2022/02/01 4:51 PM -0300,2022-02-01,2022-02-01 19:51:00 UTC,Brasilia,3828956,alan_vm,Alan Martin,2022-02-02 22:46:54 UTC,2022-02-02 23:02:10 UTC,research,CC-BY-NC,https://www.inaturalist.org/observations/106041820,https://inaturalist-open-data.s3.amazonaws.com/photos/178058410/medium.jpeg,,"","",1,0,false,,"San Isidro, AR-BA, AR",-34.4814237587,-58.4749098972,977,,,,977,,,false,,,Grayish Saltator,Saltator coerulescens,Saltador Gris,Aves,9850
106222743,3606dab3-9b5f-4dac-a2bc-e32a31542e86,2022-02-02 07:41:45,2022-02-02,2022-02-02 11:41:45 UTC,La Paz,1471399,cesarpizarrorios,Cesar Augusto Pizarro Rios,2022-02-06 05:10:59 UTC,2022-02-09 22:22:58 UTC,research,,https://www.inaturalist.org/observations/106222743,https://static.inaturalist.org/photos/178406657/medium.jpeg,,"",,2,0,false,2,"Villa Montes, Bolivia",-21.2661911537,-63.4729826823,64,,,,64,,open,false,gps,gps,Grayish Saltator,Saltator coerulescens,Saltador Gris,Aves,9850
106325704,644d9c05-02df-4051-ab0c-5abb9509a878,2022-01-30 16:02:23,2022-01-30,2022-01-30 19:02:23 UTC,Brasilia,1879968,franciele_xingu,Franciele,2022-02-07 17:49:35 UTC,2026-02-08 13:03:42 UTC,research,CC-BY-NC,https://www.inaturalist.org/observations/106325704,https://inaturalist-open-data.s3.amazonaws.com/photos/178591550/medium.jpeg,,"",,2,0,false,2,"Av José Lindoso 07 - Parque Dez de Novembro, Manaus - AM, 69007, Brasil",-3.0645531252,-59.989554584,212,,,,212,,open,false,gps,gps,trinca-ferro-gongá,Saltator coerulescens,Saltador Gris,Aves,9850
106341094,8a090b39-3706-472d-acab-67caa770a4b6,2022/02/06 5:19 PM -0300,2022-02-06,2022-02-06 20:19:00 UTC,Brasilia,3886057,tresg,"",2022-02-07 22:30:24 UTC,2024-10-18 22:36:47 UTC,research,CC-BY-NC,https://www.inaturalist.org/observations/106341094,https://inaturalist-open-data.s3.amazonaws.com/photos/178621002/medium.jpeg,,"",,1,0,false,,"San Javier, Santa Fe, Argentina",-29.8066212952,-59.7920002606,488,,,,488,,,false,,,Saltador Gris,Saltator coerulescens,Saltador Gris,Aves,9850
106617120,5ba7a942-45d5-4fc0-af79-29783d5aaf29,2022/01/15 8:31 AM CET,2022-01-15,2022-01-15 07:31:00 UTC,Paris,1469479,jorgejuanrueda,Jorge Juan Rueda,2022-02-12 17:18:04 UTC,2022-02-12 17:49:37 UTC,research,CC-BY-NC,https://www.inaturalist.org/observations/106617120,https://static.inaturalist.org/photos/179139481/medium.jpeg,,"",,1,0,false,,"San Martín, Corrientes, Argentina",-28.5381409107,-57.1865634507,4,,,,4,,,false,,,Saltador Gris,Saltator coerulescens,Saltador Gris,Aves,9850
106884743,3a722c26-9d22-491b-99b6-ad3602aff851,2022/02/13 6:15 AM CST,2022-02-13,2022-02-13 12:15:00 UTC,Central Time (US & Canada),723035,juanitoescamilla,Juanito Escamilla,2022-02-16 23:09:02 UTC,2023-03-18 20:05:47 UTC,research,CC-BY,https://www.inaturalist.org/observations/106884743,https://inaturalist-open-data.s3.amazonaws.com/photos/179649087/medium.jpeg,,"",,1,0,false,,"Villa Guillermina, Santa Fe Province, Argentina",-28.2491499253,-59.4481316935,8,,,,8,,,false,,,Saltador Gris,Saltator coerulescens,Saltador Gris,Aves,9850
107046565,0904eaf2-5ae2-453b-8a10-c9749ab23518,2022/01/16 3:23 PM CET,2022-01-16,2022-01-16 14:23:00 UTC,Paris,1469479,jorgejuanrueda,Jorge Juan Rueda,2022-02-19 17:20:02 UTC,2022-02-20 20:06:07 UTC,research,CC-BY-NC,https://www.inaturalist.org/observations/107046565,https://static.inaturalist.org/photos/179959609/medium.jpeg,,"","",2,0,false,,"San Martín, Corrientes, Argentina",-28.5436596192,-57.0962533874,15,,,,15,,,false,,,Saltador Gris,Saltator coerulescens,Saltador Gris,Aves,9850
107178902,80b65642-4086-446e-a00e-af31a214ee13,Mon Feb 21 2022 07:14:41 GMT-0400 (GMT-4),2022-02-21,2022-02-21 11:14:41 UTC,Atlantic Time (Canada),2081289,simon_graesboell,"",2022-02-21 13:03:01 UTC,2022-02-24 20:12:13 UTC,research,CC-BY-NC,https://www.inaturalist.org/observations/107178902,https://inaturalist-open-data.s3.amazonaws.com/photos/180213377/medium.jpg,,"","",1,0,false,3,"Departamento de Santa Cruz, BO",-17.77643833,-63.09883617,5,,,,5,,open,false,,,Grayish Saltator,Saltator coerulescens,Saltador Gris,Aves,9850
107368612,c343b87a-e9c6-4906-a716-c5cb6c3af023,2022/02/13 12:41 PM -0300,2022-02-13,2022-02-13 15:41:00 UTC,Buenos Aires,1205836,elbeltrocco,Eduardo Luis Beltrocco,2022-02-24 12:37:56 UTC,2024-11-09 15:47:03 UTC,research,CC-BY,https://www.inaturalist.org/observations/107368612,https://inaturalist-open-data.s3.amazonaws.com/photos/180565581/medium.jpeg,,"","",1,0,false,,"Arroyo Leyes, Santa Fe, Argentina",-31.5789388164,-60.5483740258,,,,,,,,false,,,Saltador Gris,Saltator coerulescens,Saltador Gris,Aves,9850
107447619,b9350e47-7f5f-4355-9f6d-ed292d29e3dd,2022-02-24,2022-02-24,,Buenos Aires,4269822,victoriamalamfant,,2022-02-26 00:56:31 UTC,2022-04-07 20:45:27 UTC,research,CC-BY-NC,https://www.inaturalist.org/observations/107447619,https://inaturalist-open-data.s3.amazonaws.com/photos/180721691/medium.jpeg,,"",,2,0,false,2,Unquillo,-31.2341202212,-64.3167114258,7117,,,,7117,,,false,gps,gps,Grayish Saltator,Saltator coerulescens,Saltador Gris,Aves,9850
107504526,bb2fd9b0-21df-4e06-abd5-29a2411c6d10,2022/02/19 9:57 AM -0300,2022-02-19,2022-02-19 12:57:00 UTC,Brasilia,2466511,cecirey,María Cecilia Rey,2022-02-26 21:02:20 UTC,2024-11-10 14:59:46 UTC,research,CC-BY-NC,https://www.inaturalist.org/observations/107504526,https://inaturalist-open-data.s3.amazonaws.com/photos/180822787/medium.jpg,,"",,2,0,false,,"Islas del Ibicuy, Entre Ríos, Argentina",-33.6286025067,-58.758172702,977,,,,977,,,false,,,Saltador Gris,Saltator coerulescens,Saltador Gris,Aves,9850
107601572,9e93c443-b2de-42f9-bbf1-9309fbf62c70,2015-01-23,2015-01-23,,UTC,3923987,marcela212,Marcela Cartabia,2022-02-28 00:51:39 UTC,2022-02-28 01:50:43 UTC,research,,https://www.inaturalist.org/observations/107601572,https://static.inaturalist.org/photos/181005560/medium.jpeg,,"",,1,0,false,2,"Pilcomayo, Formosa, Argentina",-25.0721631064,-58.1409861892,3871,,,,3871,,,false,,,Saltador Gris,Saltator coerulescens,Saltador Gris,Aves,9850
107637076,21e62b1f-7cfe-46a2-86be-bd689608f5e5,2022/02/19 5:49 PM -0300,2022-02-19,2022-02-19 20:49:00 UTC,Brasilia,2821748,oscar_galli_merino,"",2022-02-28 15:03:01 UTC,2025-05-16 19:34:31 UTC,research,CC-BY,https://www.inaturalist.org/observations/107637076,https://inaturalist-open-data.s3.amazonaws.com/photos/181073228/medium.jpeg,,"",,3,0,false,,"Santa Ana, Corrientes, Argentina",-27.4568668,-58.6557336,1939,,,,1939,,,false,,,Pepitero gris,Saltator coerulescens,Saltador Gris,Aves,9850
107734957,becbd448-ac9e-4935-9826-8b5ebff48e04,2022/02/26 3:27 PM -0300,2022-02-26,2022-02-26 18:27:00 UTC,Buenos Aires,746952,frangtaboas,Francisco González Táboas,2022-03-02 01:01:03 UTC,2022-03-03 23:02:42 UTC,research,CC-BY-NC,https://www.inaturalist.org/observations/107734957,https://inaturalist-open-data.s3.amazonaws.com/photos/181251491/medium.jpeg,,"","",1,0,false,,"Gral Obligado, Santa Fe, Argentina",-28.5055555072,-59.188377901,6994,,,,6994,,,false,,,Saltador Gris,Saltator coerulescens,Saltador Gris,Aves,9850
107787597,2f1ac6a5-4176-44a8-a7c2-1232ffffd7bb,2022/02/26 11:06 AM -0300,2022-02-26,2022-02-26 14:06:00 UTC,Buenos Aires,1255162,romigaleota,Romi Galeota Lencina,2022-03-02 22:12:15 UTC,2022-03-04 00:16:27 UTC,research,CC-BY,https://www.inaturalist.org/observations/107787597,https://inaturalist-open-data.s3.amazonaws.com/photos/181354299/medium.jpeg,,"",,2,0,false,,"San Javier, Santa Fe, Argentina",-30.5878115384,-59.9046053774,3100,,,,3100,,,false,,,Saltador Gris,Saltator coerulescens,Saltador Gris,Aves,9850
110230498,86cb409c-9c02-4ee8-bd13-2d1d94295bc9,2017/02/19 3:20 PM -0300,2017-02-19,2017-02-19 18:20:00 UTC,Buenos Aires,3411038,joseluisblazquez,,2022-04-02 23:27:06 UTC,2022-04-04 13:35:33 UTC,research,CC-BY-NC,https://www.inaturalist.org/observations/110230498,https://inaturalist-open-data.s3.amazonaws.com/photos/185914212/medium.jpeg,,"",,3,0,false,,"La Lucila, Provincia de Buenos Aires, Argentina",-34.4916136218,-58.4789800644,31,,,,31,,,false,,,Saltador Gris,Saltator coerulescens,Saltador Gris,Aves,9850
110230510,393ab8ff-924f-4882-a6a7-350d9b4f3640,2017/02/19 5:22 PM -0300,2017-02-19,2017-02-19 20:22:00 UTC,Buenos Aires,3411038,joseluisblazquez,,2022-04-02 23:27:09 UTC,2022-04-03 01:09:48 UTC,research,CC-BY-NC,https://www.inaturalist.org/observations/110230510,https://inaturalist-open-data.s3.amazonaws.com/photos/185914314/medium.jpeg,,"",,1,0,false,,"La Lucila, Provincia de Buenos Aires, Argentina",-34.4916136218,-58.4789800644,31,,,,31,,,false,,,Saltador Gris,Saltator coerulescens,Saltador Gris,Aves,9850
117219760,6c46a028-c38a-448b-8399-055c6d574f6b,2016/01/01 8:31 AM,2016-01-01,2016-01-01 11:31:00 UTC,America/Campo_Grande,927103,ademircarosia,Ademir Carosia,2022-05-15 22:14:21 UTC,2022-05-17 19:39:58 UTC,research,CC-BY-NC,https://www.inaturalist.org/observations/117219760,https://inaturalist-open-data.s3.amazonaws.com/photos/197938386/medium.jpeg,,"","",1,0,false,,"Brejinho, Miranda - MS, 79380-000, Brasil",-20.2328580556,-56.3819030556,,,,,,,open,false,,,Grayish Saltator,Saltator coerulescens,Saltador Gris,Aves,9850
119527426,15eb0710-1b84-4a23-a18c-2ebeb0dcb6d5,2019/01/31 9:33 AM,2019-01-31,2019-01-31 12:33:00 UTC,America/Argentina/Cordoba,2508649,julianformosa,,2022-05-31 01:48:20 UTC,2022-05-31 10:51:07 UTC,research,,https://www.inaturalist.org/observations/119527426,https://static.inaturalist.org/photos/202060890/medium.jpeg,,"","",1,0,false,,"Laguna Oca, Formosa, Argentina",-26.24,-58.1997222,1946,,,,1946,,,false,,,Saltador Gris,Saltator coerulescens,Saltador Gris,Aves,9850
130887403,eeb0d820-fc98-46ca-af70-02331c1c3707,2019/01/27 11:27,2019-01-27,2019-01-27 14:27:00 UTC,Buenos Aires,2786142,taguato_guassu,Horacio Alberto Garcia,2022-08-15 02:57:22 UTC,2023-04-11 23:34:10 UTC,research,CC-BY-NC,https://www.inaturalist.org/observations/130887403,https://inaturalist-open-data.s3.amazonaws.com/photos/222657612/medium.jpeg,,"","",1,0,false,,Reserva Ecológica Vicente López,-34.4916283,-58.4789646,264,,,,264,,,false,,,Sabiá-Congá,Saltator coerulescens,Saltador Gris,Aves,9850
133394539,cf8701dd-9634-425e-9123-43e6c83207df,2012/01/27 10:44 AM,2012-01-27,2012-01-27 13:44:00 UTC,America/Argentina/Cordoba,1514402,hhulsberg,Hugo Hulsberg,2022-09-02 22:28:42 UTC,2022-09-02 22:30:12 UTC,research,CC-BY,https://www.inaturalist.org/observations/133394539,https://inaturalist-open-data.s3.amazonaws.com/photos/227208856/medium.jpg,,"","",1,0,false,,"Mercedes, Corrientes, Argentina",-28.548556371,-57.2004167415,977,,,,977,,,false,,,Grayish Saltator,Saltator coerulescens,Saltador Gris,Aves,9850
133394777,8c2f5589-b60e-4d3e-a82a-e18a0ba384ea,2013/02/12 9:10 AM,2013-02-12,2013-02-12 12:10:00 UTC,America/Argentina/Cordoba,1514402,hhulsberg,Hugo Hulsberg,2022-09-02 22:31:26 UTC,2022-09-02 22:38:17 UTC,research,CC-BY,https://www.inaturalist.org/observations/133394777,https://inaturalist-open-data.s3.amazonaws.com/photos/227209310/medium.jpg,,"","",1,0,false,,"Santo Tomé, Corrientes, Argentina",-28.4023888034,-55.9829975864,1953,,,,1953,,,false,,,Grayish Saltator,Saltator coerulescens,Saltador Gris,Aves,9850
133458521,1f0eb44c-efec-47c0-bc66-a69d524a5942,2021/02/03 6:02 PM,2021-02-03,2021-02-03 21:02:00 UTC,America/Argentina/Tucuman,1514402,hhulsberg,Hugo Hulsberg,2022-09-03 13:32:58 UTC,2022-09-03 18:10:19 UTC,research,CC-BY,https://www.inaturalist.org/observations/133458521,https://inaturalist-open-data.s3.amazonaws.com/photos/227328554/medium.jpg,,"",,1,0,false,,"Trancas, Tucumán, Argentina",-26.3033533788,-65.6131305857,61,,,,61,,,false,,,Grayish Saltator,Saltator coerulescens,Saltador Gris,Aves,9850
135590327,98e11892-b660-4feb-bf3a-34a37c3bc907,2021/02/09 9:09 AM,2021-02-09,2021-02-09 12:09:00 UTC,America/Asuncion,44736,emiliobuongermini,Emilio Buongermini,2022-09-18 22:40:47 UTC,2022-09-18 22:40:47 UTC,needs_id,CC-BY-NC-ND,https://www.inaturalist.org/observations/135590327,https://inaturalist-open-data.s3.amazonaws.com/photos/231265967/medium.jpeg,,"",,0,0,false,,"San Ramon, Paraguay",-24.3004903389,-56.3753568777,15,,,,15,,open,false,,,Saltator coerulescens,Saltator coerulescens,Saltador Gris,Aves,9850
138022209,39b2568c-e474-43a1-adaf-a00d73372f4f,2020/02/19 5:52 PM,2020-02-19,2020-02-19 20:52:00 UTC,America/Argentina/Cordoba,1205836,elbeltrocco,Eduardo Luis Beltrocco,2022-10-08 19:49:50 UTC,2024-11-09 15:47:03 UTC,research,CC-BY,https://www.inaturalist.org/observations/138022209,https://inaturalist-open-data.s3.amazonaws.com/photos/235824595/medium.jpeg,,"","",1,0,false,,"La Capital, Santa Fe, Argentina",-31.7164654992,-60.7798901159,41,,,,41,,,false,,,Grayish Saltator,Saltator coerulescens,Saltador Gris,Aves,9850
145638673,61340e2c-bbb6-4c3f-9d82-5afa55cb3859,2018/02/09 11:13 AM,2018-02-09,2018-02-09 16:13:00 UTC,America/Guayaquil,20198,joshualincoln,Joshua Lincoln,2023-01-02 04:09:03 UTC,2023-01-02 20:45:27 UTC,research,CC-BY-NC,https://www.inaturalist.org/observations/145638673,https://static.inaturalist.org/photos/250200373/medium.jpg,,"",,1,0,false,,"Hatun Sumaku, Ecuador",-0.679295,-77.615867,62,,,,62,,open,false,,,Bluish-gray Saltator,Saltator coerulescens,Saltador Gris,Aves,9850
146772344,66af492c-a1d4-468e-aa08-c3b8135420e8,2023-01-16 06:59:14-04:00,2023-01-16,2023-01-16 10:59:14 UTC,America/Cuiaba,5300719,gustavodallaqua,Gustavo Dallaqua,2023-01-17 18:14:51 UTC,2023-01-17 20:46:35 UTC,research,,https://www.inaturalist.org/observations/146772344,https://static.inaturalist.org/photos/252417665/medium.jpg,,"","",1,0,false,3,"Parque Estadual Mãe Bonifácia, Cuiabá, MT, BR",-15.5783608056,-56.1027480419,52,,,,52,,open,false,,,Sabiá-congá,Saltator coerulescens,Saltador Gris,Aves,9850
146905825,89ca5363-e634-4a11-b266-8695f68da869,2023/01/13 5:39 AM,2023-01-13,2023-01-13 10:39:00 UTC,Quito,5249903,microraptor-w,wang cai,2023-01-19 19:10:38 UTC,2023-01-20 22:28:16 UTC,research,CC-BY,https://www.inaturalist.org/observations/146905825,https://inaturalist-open-data.s3.amazonaws.com/photos/252679443/medium.jpeg,,"",,2,0,false,,"Manú 17800, Peru",-12.2611305556,-70.9086333333,,,,,,,open,false,,,Bluish-gray Saltator,Saltator coerulescens,Saltador Gris,Aves,9850
146923377,1965d596-a0e4-401c-8a0e-6a9e09576977,2023/01/15 10:20 AM,2023-01-15,2023-01-15 15:20:00 UTC,Quito,5249903,microraptor-w,wang cai,2023-01-20 00:04:54 UTC,2023-01-20 22:19:19 UTC,research,CC-BY,https://www.inaturalist.org/observations/146923377,https://inaturalist-open-data.s3.amazonaws.com/photos/252713827/medium.jpeg,,"",,2,0,false,,"Paucartambo Province, Peru",-12.9116611111,-71.4169027778,,,,,,,open,false,,,Bluish-gray Saltator,Saltator coerulescens,Saltador Gris,Aves,9850
147191270,02456e43-7c74-4141-a404-266aacdeca93,2023/01/15 6:49 AM,2023-01-15,2023-01-15 10:49:00 UTC,La Paz,3848490,kozue,Kozue Kawakami,2023-01-23 13:06:27 UTC,2023-05-15 22:53:45 UTC,research,CC-BY-SA,https://www.inaturalist.org/observations/147191270,https://inaturalist-open-data.s3.amazonaws.com/photos/253233529/medium.jpeg,,"",,2,0,false,,"San Juan, Bolivia",-17.3438070964,-63.8360139728,5,,,,5,,open,false,gps,gps,Bluish-gray Saltator,Saltator coerulescens,Saltador Gris,Aves,9850
147276149,556a7a09-5811-40c5-a8c1-eb60e9b414bb,2023/01/20 9:24 PM,2023-01-20,2023-01-21 00:24:00 UTC,Montevideo,5284022,sgomez-barboza,Sebastián Gómez Barboza Silveira,2023-01-24 17:56:59 UTC,2023-01-24 23:36:10 UTC,research,CC0,https://www.inaturalist.org/observations/147276149,https://inaturalist-open-data.s3.amazonaws.com/photos/253394520/medium.jpeg,,"","",1,0,false,,"Bella Union, 55100 Departamento de Artigas, Uruguay",-30.2325137006,-57.5950278007,1752,,,,1752,,open,false,,,Saltador Gris,Saltator coerulescens,Saltador Gris,Aves,9850
147354257,2d196fe8-de7e-4f45-b444-b21c6b1d4d4d,2023/01/25 5:48 PM,2023-01-25,2023-01-25 20:48:00 UTC,America/Argentina/Cordoba,1058218,pablodemaio,Pablo Demaio,2023-01-25 22:27:16 UTC,2024-11-14 20:28:58 UTC,research,CC-BY-NC,https://www.inaturalist.org/observations/147354257,https://inaturalist-open-data.s3.amazonaws.com/photos/253543468/medium.jpeg,,"",,1,0,false,,"Colanchanga, Córdoba, Argentina",-31.1440216667,-64.35463,,,,,,,,false,,,Bluish-gray Saltator,Saltator coerulescens,Saltador Gris,Aves,9850
147483350,8d3be32a-8f78-44cd-a493-bba035a204b7,2023/01/25 6:29 AM,2023-01-25,2023-01-25 10:29:00 UTC,La Paz,769183,layme,Ruben D. Layme,2023-01-27 21:35:44 UTC,2023-01-30 02:00:31 UTC,research,CC-BY-NC,https://www.inaturalist.org/observations/147483350,https://inaturalist-open-data.s3.amazonaws.com/photos/253787168/medium.jpg,,"",,2,0,false,,"Vaca Diez, Bolivia",-11.0182052957,-66.0986947075,15,,,,15,,open,false,,,Bluish-gray Saltator,Saltator coerulescens,Saltador Gris,Aves,9850
147523657,70e48008-6ae5-4d71-83c6-c9bccf3674b3,2023/01/27 6:18 PM,2023-01-27,2023-01-27 21:18:00 UTC,America/Argentina/San_Luis,3650177,lfperotti,"",2023-01-28 12:53:46 UTC,2023-01-28 13:18:04 UTC,research,CC-BY-NC,https://www.inaturalist.org/observations/147523657,https://inaturalist-open-data.s3.amazonaws.com/photos/253865200/medium.jpg,,"",,1,0,false,,"Luján, Provincia de San Luis, Argentina",-32.3682157,-65.937585,3172,,,,3172,,,false,,,Bluish-gray Saltator,Saltator coerulescens,Saltador Gris,Aves,9850
147631368,9908c929-2643-4e05-93ca-8190bef81872,2023/01/03 12:10 PM,2023-01-03,2023-01-03 15:10:00 UTC,America/Argentina/Cordoba,6263421,lucas_fornero,Lucas Fornero,2023-01-29 18:16:04 UTC,2025-04-23 00:17:17 UTC,research,CC-BY-NC,https://www.inaturalist.org/observations/147631368,https://inaturalist-open-data.s3.amazonaws.com/photos/489936497/medium.jpeg,,"","",2,0,false,,"Gral Obligado, Santa Fe, Argentina",-28.4458012968,-59.2553583042,122,,,,122,,,false,,,Pepitero Gris,Saltator coerulescens,Saltador Gris,Aves,9850
148019108,318906c2-e2df-496d-b0f8-5f0ec4f12a40,2023/01/23 7:45 AM,2023-01-23,2023-01-23 10:45:00 UTC,America/Argentina/Cordoba,1205836,elbeltrocco,Eduardo Luis Beltrocco,2023-02-04 14:27:22 UTC,2024-11-09 15:47:03 UTC,research,CC-BY,https://www.inaturalist.org/observations/148019108,https://inaturalist-open-data.s3.amazonaws.com/photos/254816096/medium.jpeg,,"","",1,0,false,,"Santa Fe, Argentina",-31.58219,-60.7061133333,,,,,,,,false,,,Saltador Gris,Saltator coerulescens,Saltador Gris,Aves,9850
148028541,d2713e2e-3a08-4dc0-88e2-4fab228963e0,2023/01/13 5:38 AM,2023-01-13,2023-01-13 10:38:00 UTC,Quito,1992254,agujaceratops,"",2023-02-04 16:56:13 UTC,2023-02-04 17:29:50 UTC,research,CC0,https://www.inaturalist.org/observations/148028541,https://inaturalist-open-data.s3.amazonaws.com/photos/254829900/medium.jpg,,"",,1,0,false,,"Manu, Madre de Dios, Peru",-12.26113019,-70.90863262,,,,,,,open,false,,,Sabiá-congá,Saltator coerulescens,Saltador Gris,Aves,9850
148031365,f7b2065f-5e72-4dc5-876c-f68c34b12f41,2023/01/15 10:20 AM,2023-01-15,2023-01-15 15:20:00 UTC,Quito,1992254,agujaceratops,"",2023-02-04 17:34:00 UTC,2023-02-04 19:21:09 UTC,research,CC0,https://www.inaturalist.org/observations/148031365,https://inaturalist-open-data.s3.amazonaws.com/photos/254838051/medium.jpeg,,"",,1,0,false,,"Paucartambo, Cusco, Peru",-12.9116590325,-71.4169036375,,,,,,,open,false,,,Bluish-gray Saltator,Saltator coerulescens,Saltador Gris,Aves,9850
148184742,134eb3b7-a332-483b-8ef6-b3c8c4742a4e,2023-02-05 16:47:09,2023-02-05,2023-02-05 19:47:09 UTC,Buenos Aires,2653109,fergoracy,María Fernanda Goracy,2023-02-06 15:26:01 UTC,2023-02-06 18:09:10 UTC,research,CC-BY-NC,https://www.inaturalist.org/observations/148184742,https://inaturalist-open-data.s3.amazonaws.com/photos/255132672/medium.jpeg,,"",,1,0,false,2,"Tigre, Provincia de Buenos Aires, Argentina",-34.4067558568,-58.588495329,193,,,,193,,,false,gps,gps,Saltador Gris,Saltator coerulescens,Saltador Gris,Aves,9850
148189325,fd6ad0e8-4f7f-4fc6-9ec0-760e5be1ff49,2023/02/05 7:17 AM,2023-02-05,2023-02-05 10:17:00 UTC,America/Argentina/Cordoba,3878692,pedrogarabaya,"",2023-02-06 16:53:48 UTC,2023-02-06 17:53:39 UTC,research,,https://www.inaturalist.org/observations/148189325,https://static.inaturalist.org/photos/255139174/medium.jpg,,"",,1,0,false,,"San Jerónimo, Santa Fe, Argentina",-32.2755045965,-60.6902865058,15,,,,15,,,false,,,Saltador Gris,Saltator coerulescens,Saltador Gris,Aves,9850
148189344,40052324-328c-4f7d-b785-fc616c3efa70,2023/02/05 7:58 AM,2023-02-05,2023-02-05 10:58:00 UTC,America/Argentina/Cordoba,3878692,pedrogarabaya,"",2023-02-06 16:53:54 UTC,2023-02-06 18:35:43 UTC,research,,https://www.inaturalist.org/observations/148189344,https://static.inaturalist.org/photos/255139309/medium.jpg,,SafariFotográficodeVerano2023,,1,0,false,,"San Jerónimo, Santa Fe, Argentina",-32.275332245,-60.6899109965,15,,,,15,,,false,,,Bluish-gray Saltator,Saltator coerulescens,Saltador Gris,Aves,9850
148362738,40847e9e-75a5-4444-80fc-a938864f3cd6,2023/02/03 3:15 PM,2023-02-03,2023-02-03 18:15:00 UTC,Buenos Aires,2578408,dermochelys,Valentín Vidal,2023-02-09 04:31:47 UTC,2023-02-09 05:40:05 UTC,research,CC-BY-NC,https://www.inaturalist.org/observations/148362738,https://inaturalist-open-data.s3.amazonaws.com/photos/255474469/medium.jpeg,,"",,1,0,false,,"La Lucila, Provincia de Buenos Aires, Argentina",-34.491470938,-58.4793135082,34,,,,34,,,false,,,Saltador Gris,Saltator coerulescens,Saltador Gris,Aves,9850
148417419,ae3ef9b0-7e9f-473d-a22d-26dfb32ee62f,2023/02/06 10:14 AM,2023-02-06,2023-02-06 13:14:00 UTC,America/Argentina/Cordoba,2856786,danieloscarmolina,DANIEL OSCAR MOLINA,2023-02-10 00:42:34 UTC,2023-02-10 12:06:52 UTC,research,CC-BY-NC,https://www.inaturalist.org/observations/148417419,https://inaturalist-open-data.s3.amazonaws.com/photos/255581324/medium.jpeg,,"","",1,0,false,,"38V9+R5, Miramar, Córdoba, Argentina",-30.9054335,-62.6820355,197,,,,197,,,false,,,Bluish-gray Saltator,Saltator coerulescens,Saltador Gris,Aves,9850
148594517,fa4f2297-4d6e-4aee-80d6-c29954b78b1a,2023-02-11 09:42:37,2023-02-11,2023-02-11 12:42:37 UTC,America/Asuncion,3848633,margarechi_alves_caceres,Margarechi Alves Caceres,2023-02-12 10:49:41 UTC,2023-02-12 13:45:44 UTC,research,,https://www.inaturalist.org/observations/148594517,https://static.inaturalist.org/photos/255921530/medium.jpeg,,"",Sobre hojas de Mamon ,1,0,false,2,"Kokue Guasu, Areguá, Paraguay",-25.3457019722,-57.3910249722,,,,,,,open,false,gps,gps,Bluish-gray Saltator,Saltator coerulescens,Saltador Gris,Aves,9850
148599258,6e0523e2-5419-471d-9bc4-939476a89440,2023/01/31 8:05 AM,2023-01-31,2023-01-31 11:05:00 UTC,America/Argentina/Cordoba,733101,pablohcapovilla,Pablo H Capovilla,2023-02-12 12:38:43 UTC,2023-02-12 13:13:15 UTC,research,CC-BY,https://www.inaturalist.org/observations/148599258,https://inaturalist-open-data.s3.amazonaws.com/photos/255929624/medium.jpeg,,"",,1,0,false,,"Santa Fe, Argentina",-31.6089492659,-60.7243690539,4,,,,4,,,false,,,Bluish-gray Saltator,Saltator coerulescens,Saltador Gris,Aves,9850
148639756,cffb69b1-f248-4b59-a876-2568aa63ffe3,2023/02/06 7:22 AM,2023-02-06,2023-02-06 10:22:00 UTC,America/Argentina/Cordoba,2856786,danieloscarmolina,DANIEL OSCAR MOLINA,2023-02-12 21:42:55 UTC,2023-02-12 21:58:42 UTC,research,CC-BY-NC,https://www.inaturalist.org/observations/148639756,https://inaturalist-open-data.s3.amazonaws.com/photos/256006035/medium.jpeg,,"","",1,0,false,,"38V9+R5, Miramar, Córdoba, Argentina",-30.9054335,-62.6820355,197,,,,197,,,false,,,Bluish-gray Saltator,Saltator coerulescens,Saltador Gris,Aves,9850
148643195,aaab3e7f-495c-40a2-a8ce-ed0e8692b6cb,2023/02/12 5:47 PM,2023-02-12,2023-02-12 20:47:00 UTC,America/Argentina/Cordoba,5942617,tere_judith,Teresita,2023-02-12 22:24:42 UTC,2023-02-13 13:07:37 UTC,research,CC-BY-NC,https://www.inaturalist.org/observations/148643195,https://inaturalist-open-data.s3.amazonaws.com/photos/256012434/medium.jpeg,,"",En patio.,1,0,false,,"San Jose de Feliciano, Entre Ríos, Argentina",-30.3859895,-58.7511513,1779,,,,1779,,,false,,,Bluish-gray Saltator,Saltator coerulescens,Saltador Gris,Aves,9850
148850217,e77e6429-6fc2-48dc-bbb8-6f6272bec386,2023/02/10 05:36,2023-02-10,2023-02-10 09:36:00 UTC,America/Cuiaba,1377941,arturcuca_avisteiali,Artur Luiz,2023-02-15 21:04:25 UTC,2023-02-15 21:07:14 UTC,research,,https://www.inaturalist.org/observations/148850217,https://static.inaturalist.org/photos/256405000/medium.jpg,,"",,1,0,false,,"Cáceres, MT, 78200-000, Brasil",-16.0664933,-57.6845017,8794,,,,8794,,open,false,,,Sabiá-congá,Saltator coerulescens,Saltador Gris,Aves,9850
148923213,e935cfdf-d244-4630-bca0-d35acda2da42,2023-02-15 00:05:39,2023-02-15,2023-02-15 03:05:39 UTC,America/Argentina/Cordoba,3509797,juli_ame,Julieta Ameglio,2023-02-16 21:08:06 UTC,2023-02-16 21:51:59 UTC,research,CC-BY-NC,https://www.inaturalist.org/observations/148923213,https://inaturalist-open-data.s3.amazonaws.com/photos/256542146/medium.jpeg,,"",,1,0,false,2,La Invernada,-32.9329574862,-60.6097379699,1880,,,,1880,,,false,gps,gps,Saltador Gris,Saltator coerulescens,Saltador Gris,Aves,9850
148944651,6607bd52-1efe-40de-9893-9d666cd58fc9,2014/01/24 10:42 AM,2014-01-24,2014-01-24 13:42:00 UTC,America/Argentina/Cordoba,3970598,f35,,2023-02-17 03:31:13 UTC,2023-02-17 03:35:14 UTC,research,CC-BY-NC,https://www.inaturalist.org/observations/148944651,https://inaturalist-open-data.s3.amazonaws.com/photos/256582056/medium.jpg,,"","",1,0,false,,"Colonia Carlos Pellegrini, Esteros del Iberá, Corrientes, Argentina ",-28.536053,-57.173456,1395,,,,1395,,,false,,,Saltador Gris,Saltator coerulescens,Saltador Gris,Aves,9850
149004190,3d908331-0a1f-464c-abd7-b25656bcd649,2023/02/11 5:02 PM,2023-02-11,2023-02-11 20:02:00 UTC,America/Argentina/Cordoba,4658846,joseiperusini,Jose Ignacio Perusini,2023-02-18 00:44:31 UTC,2023-02-25 23:21:14 UTC,research,CC-BY-NC,https://www.inaturalist.org/observations/149004190,https://inaturalist-open-data.s3.amazonaws.com/photos/256693418/medium.jpeg,,"",,1,0,false,,"Garay, Santa Fe, Argentina",-30.9655024578,-60.0696630816,4,,,,4,,,false,,,Saltador Gris,Saltator coerulescens,Saltador Gris,Aves,9850
149233799,f3d67191-bb53-4161-81ec-438a3fd90bc3,2023/02/20 9:31 AM,2023-02-20,2023-02-20 12:31:00 UTC,America/Argentina/Cordoba,6435804,manuelagaribaldi,,2023-02-20 14:49:19 UTC,2023-02-20 20:09:52 UTC,research,CC-BY-NC,https://www.inaturalist.org/observations/149233799,https://inaturalist-open-data.s3.amazonaws.com/photos/257115242/medium.jpg,,"",,2,0,false,,"La Capital, Santa Fe, Argentina",-31.7285482696,-60.8025865651,130,,,,130,,,false,,,Bluish-gray Saltator,Saltator coerulescens,Saltador Gris,Aves,9850
149437865,588f6ba5-2f20-441d-9bb2-f95bea7596fe,2023/02/14 6:35 AM,2023-02-14,2023-02-14 09:35:00 UTC,America/Argentina/Cordoba,785045,josh_vandermeulen,Josh van der Meulen,2023-02-22 23:17:34 UTC,2023-02-22 23:25:45 UTC,research,CC-BY-NC-ND,https://www.inaturalist.org/observations/149437865,https://inaturalist-open-data.s3.amazonaws.com/photos/257502174/medium.jpg,,"",,1,0,false,,"San Martín Department, Corrientes, Argentina",-28.5357345247,-57.1460328153,64,,,,64,,,false,,,Bluish-gray Saltator,Saltator coerulescens,Saltador Gris,Aves,9850
149449382,13717a9f-0e3d-46da-aced-ed381dadd063,2023-02-18 06:55:42,2023-02-18,2023-02-18 09:55:42 UTC,America/Argentina/Cordoba,2653109,fergoracy,María Fernanda Goracy,2023-02-23 02:38:40 UTC,2023-02-23 03:14:10 UTC,research,CC-BY-NC,https://www.inaturalist.org/observations/149449382,https://inaturalist-open-data.s3.amazonaws.com/photos/257528118/medium.jpeg,,"",,1,0,false,2,"Esquina, Corrientes, Argentina",-30.0363732608,-59.5330194756,220,,,,220,,,false,gps,gps,Saltador Gris,Saltator coerulescens,Saltador Gris,Aves,9850
149475776,e0f9330f-1b30-4d88-b055-efdd07d7050e,2023-02-20 09:52:00,2023-02-20,2023-02-20 12:52:00 UTC,America/Argentina/Cordoba,1401709,nahue,Nahuel,2023-02-23 13:53:08 UTC,2023-02-23 16:46:20 UTC,research,CC-BY-NC,https://www.inaturalist.org/observations/149475776,https://inaturalist-open-data.s3.amazonaws.com/photos/257578471/medium.jpeg,,"",,1,0,false,2,"Diamante, Entre Ríos, Argentina",-32.1214673631,-60.6338905916,314,,,,314,,,false,gps,gps,Saltador Gris,Saltator coerulescens,Saltador Gris,Aves,9850
149550497,1cf51cbe-33d3-43f8-8c13-079cd709bd82,2023/02/23 10:28 AM,2023-02-23,2023-02-23 13:28:00 UTC,Buenos Aires,5070568,tuckylozano_pispeandoaves,,2023-02-24 12:42:29 UTC,2023-02-24 13:15:58 UTC,research,CC-BY-NC,https://www.inaturalist.org/observations/149550497,https://inaturalist-open-data.s3.amazonaws.com/photos/257719778/medium.jpg,,"",,1,0,false,,"Belgrano, CABA, Argentina",-34.5411045708,-58.4419826636,4,,,,4,,,false,,,Bluish-gray Saltator,Saltator coerulescens,Saltador Gris,Aves,9850
149661817,796273cd-92fb-4141-815f-4e23832f8204,2023/02/07 12:53 PM,2023-02-07,2023-02-07 15:53:00 UTC,America/Argentina/Cordoba,1742792,diegoeseolivera,DiegoEseO,2023-02-25 20:12:37 UTC,2023-02-25 20:16:08 UTC,research,CC-BY-NC,https://www.inaturalist.org/observations/149661817,https://inaturalist-open-data.s3.amazonaws.com/photos/257924790/medium.jpeg,,"",,1,0,false,,"Av. Pres. Néstor Kirchner 3105, Diamante, Entre Ríos, Argentina",-32.1216029,-60.6340393,193,,,,193,,,false,,,Bluish-gray Saltator,Saltator coerulescens,Saltador Gris,Aves,9850
149662207,210a98d0-23e1-4b67-be94-a5566d3f787d,2023/02/18 12:58 PM,2023-02-18,2023-02-18 15:58:00 UTC,America/Argentina/Cordoba,733101,pablohcapovilla,Pablo H Capovilla,2023-02-25 20:16:17 UTC,2023-02-25 20:33:34 UTC,research,CC-BY,https://www.inaturalist.org/observations/149662207,https://inaturalist-open-data.s3.amazonaws.com/photos/257925174/medium.jpeg,,"",,1,0,false,,"San Cristóbal, Santa Fe, Argentina",-30.2036446268,-61.1523669416,8,,,,8,,,false,,,Saltador Gris,Saltator coerulescens,Saltador Gris,Aves,9850
149689660,d1115d0a-cfce-4edf-8ec1-3e80dbc53678,2023/02/18 10:51 AM,2023-02-18,2023-02-18 13:51:00 UTC,America/Argentina/Cordoba,1205836,elbeltrocco,Eduardo Luis Beltrocco,2023-02-26 02:19:31 UTC,2024-11-09 15:47:03 UTC,research,CC-BY,https://www.inaturalist.org/observations/149689660,https://inaturalist-open-data.s3.amazonaws.com/photos/257975815/medium.jpeg,,"","",1,0,false,,"La Capital, Santa Fe, Argentina",-31.7625866667,-60.8359633333,,,,,,,,false,,,Saltador Gris,Saltator coerulescens,Saltador Gris,Aves,9850
150166916,84e4124f-78ef-421d-a68a-d7a23fed0eaf,2023-01-01 13:49:57,2023-01-01,2023-01-01 16:49:57 UTC,America/Belem,6419308,medina112,Medina,2023-03-04 00:03:46 UTC,2023-03-08 10:24:41 UTC,research,,https://www.inaturalist.org/observations/150166916,https://static.inaturalist.org/photos/258880413/medium.jpeg,,"",,2,0,false,2,Parauapebas,-6.0687271674,-49.903571941,3416,,,,3416,,open,false,gps,gps,Sabiá-congá,Saltator coerulescens,Saltador Gris,Aves,9850
150596780,eaa1f8e1-f8aa-4fde-914f-6cebfb1389c8,2023-01-25 13:29:00,2023-01-25,2023-01-25 16:29:00 UTC,America/Argentina/Cordoba,3686897,lio_torrez,Lio Torrez,2023-03-08 20:15:15 UTC,2023-03-08 23:01:33 UTC,research,,https://www.inaturalist.org/observations/150596780,https://static.inaturalist.org/photos/259710764/medium.jpeg,,"",,1,0,false,2,Portal San Nicolas,-28.1281960888,-57.434643209,199,,,,199,,,false,gps,gps,Bluish-gray Saltator,Saltator coerulescens,Saltador Gris,Aves,9850
151973362,f031dcdb-be01-41b0-bbca-c1d74ff71652,2023/02/15 8:21 AM,2023-02-15,2023-02-15 11:21:00 UTC,America/Argentina/Cordoba,1205836,elbeltrocco,Eduardo Luis Beltrocco,2023-03-22 22:48:45 UTC,2024-11-09 15:47:03 UTC,research,CC-BY,https://www.inaturalist.org/observations/151973362,https://inaturalist-open-data.s3.amazonaws.com/photos/262295222/medium.jpeg,,"","",1,0,false,,"Santa Fe, Argentina",-31.6086083333,-60.724495,,,,,,,,false,,,Saltador Gris,Saltator coerulescens,Saltador Gris,Aves,9850
154370269,19364e46-9120-48f7-aff3-5ab52f8a6537,2023-01-01,2023-01-01,,America/Belem,6419308,medina112,Medina,2023-04-11 02:38:55 UTC,2023-04-11 12:32:20 UTC,research,,https://www.inaturalist.org/observations/154370269,https://static.inaturalist.org/photos/266727354/medium.jpeg,,"",,1,0,false,2,Parauapebas,-6.0687271674,-49.903571941,3416,,,,3416,,open,false,gps,gps,Sabiá-congá,Saltator coerulescens,Saltador Gris,Aves,9850
155333051,d763dc3d-f71d-4196-96ea-9c8e0df2bcc4,2023/01/03 12:15 PM,2023-01-03,2023-01-03 15:15:00 UTC,America/Argentina/Cordoba,6263421,lucas_fornero,Lucas Fornero,2023-04-17 15:16:46 UTC,2023-04-17 16:26:02 UTC,research,CC-BY-NC,https://www.inaturalist.org/observations/155333051,https://inaturalist-open-data.s3.amazonaws.com/photos/268488070/medium.jpeg,,"",,2,0,false,,"Gral Obligado, Santa Fe, Argentina",-28.4458740526,-59.261931159,150,,,,150,,,false,,,Saltador Gris,Saltator coerulescens,Saltador Gris,Aves,9850
155333066,ca4d4758-0dcb-4423-b8ac-a6675a71b6c4,2023/01/12 8:53 AM,2023-01-12,2023-01-12 11:53:00 UTC,America/Argentina/Cordoba,6263421,lucas_fornero,Lucas Fornero,2023-04-17 15:16:48 UTC,2023-04-17 15:37:53 UTC,research,CC-BY-NC,https://www.inaturalist.org/observations/155333066,https://inaturalist-open-data.s3.amazonaws.com/photos/268490552/medium.jpg,,"",,1,0,false,,"Gral Obligado, Santa Fe, Argentina",-28.4477286559,-59.2639397036,129,,,,129,,,false,,,Saltador Gris,Saltator coerulescens,Saltador Gris,Aves,9850
155361136,4a3ee91b-0b07-4bb8-80a9-ab9dc4c218bf,2011/01/01 20:23,2011-01-01,2011-01-01 23:23:00 UTC,America/Fortaleza,2761991,gustavogonsioroski,Gustavo Gonsioroski,2023-04-17 18:41:55 UTC,2023-04-17 23:10:01 UTC,research,CC-BY-NC,https://www.inaturalist.org/observations/155361136,https://inaturalist-open-data.s3.amazonaws.com/photos/268542710/medium.jpeg,,"","",1,0,false,,"Bacabeira - MA, 65143-000, Brasil",-2.9365533913,-44.3678563472,8256,,,,8256,,open,false,,,Sabiá-congá,Saltator coerulescens,Saltador Gris,Aves,9850
155877506,d82b0609-8cc5-4279-b25d-80005add331c,2020-02-29 12:28:44-04:00,2020-02-29,2020-02-29 16:28:44 UTC,America/Porto_Velho,6706332,leonardodalligna,,2023-04-21 12:10:12 UTC,2023-04-21 18:54:37 UTC,research,CC-BY-NC,https://www.inaturalist.org/observations/155877506,https://inaturalist-open-data.s3.amazonaws.com/photos/269491855/medium.jpg,,"","",2,0,false,3,"Rua Pastor Eurico A Nélson, Porto Velho, RO, BR",-8.7594558891,-63.8723898788,23,,,,23,,open,false,,,Sabiá-congá,Saltator coerulescens,Saltador Gris,Aves,9850
161654250,297dbac2-83ea-4400-8a86-fbf2626fca03,2023/01/28 4:30 PM,2023-01-28,2023-01-28 19:30:00 UTC,America/Argentina/Cordoba,1205836,elbeltrocco,Eduardo Luis Beltrocco,2023-05-14 18:37:30 UTC,2024-11-09 15:47:03 UTC,research,CC-BY,https://www.inaturalist.org/observations/161654250,https://inaturalist-open-data.s3.amazonaws.com/photos/279422367/medium.jpeg,,"","",1,0,false,,"Colón, Entre Ríos, Argentina",-31.8628995511,-58.2293171259,4,,,,4,,,false,,,Saltador Gris,Saltator coerulescens,Saltador Gris,Aves,9850
164068134,91020dca-bbb3-43df-ac52-c9c0d3fca30e,2020/01/26 7:32 PM,2020-01-26,2020-01-26 22:32:00 UTC,America/Argentina/Cordoba,1205836,elbeltrocco,Eduardo Luis Beltrocco,2023-05-27 20:34:21 UTC,2024-11-09 15:47:03 UTC,research,CC-BY,https://www.inaturalist.org/observations/164068134,https://inaturalist-open-data.s3.amazonaws.com/photos/283835186/medium.jpeg,,"","",1,0,false,,"Sauce Viejo, Santa Fe, Argentina",-31.7612016318,-60.8270953266,4,,,,4,,,false,,,Saltador Gris,Saltator coerulescens,Saltador Gris,Aves,9850
165456765,2161f826-c918-4997-a7cd-1981e9d9918c,2020/02/06 4:13 AM,2020-02-06,2020-02-06 07:13:00 UTC,America/Argentina/Cordoba,3936801,jonodashper,Jono Dashper,2023-06-04 06:58:07 UTC,2023-09-28 22:15:25 UTC,research,CC-BY-NC,https://www.inaturalist.org/observations/165456765,https://static.inaturalist.org/photos/286412971/medium.jpg,,"",,1,0,false,,"Ituzaingó Department, Corrientes, Argentina",-28.1301384902,-56.9724501283,54321,,,,54321,,,false,,,Saltador Gris,Saltator coerulescens,Saltador Gris,Aves,9850
165456766,a06fa879-ea7c-44ce-8844-3acb90607433,2020/02/06 1:33 AM,2020-02-06,2020-02-06 04:33:00 UTC,America/Argentina/Cordoba,3936801,jonodashper,Jono Dashper,2023-06-04 06:58:08 UTC,2023-09-28 22:15:25 UTC,research,CC-BY-NC,https://www.inaturalist.org/observations/165456766,https://static.inaturalist.org/photos/286412983/medium.jpg,,"",,1,0,false,,"Ituzaingó Department, Corrientes, Argentina",-28.1301384902,-56.9724501283,54321,,,,54321,,,false,,,Saltador Gris,Saltator coerulescens,Saltador Gris,Aves,9850
165968572,a04a39ed-ee2d-4054-b0ad-b4f46796a0a1,2018/01/01 1:41 PM,2018-01-01,2018-01-01 18:41:00 UTC,America/Guayaquil,5760868,olegrozhko,OlegRozhko,2023-06-06 21:20:39 UTC,2023-06-06 22:20:13 UTC,research,CC-BY-NC,https://www.inaturalist.org/observations/165968572,https://inaturalist-open-data.s3.amazonaws.com/photos/287354807/medium.jpg,,"",,1,0,false,,"Кантон Арчидона, Эквадор",-0.6864474107,-77.6075345646,244,,,,244,,open,false,,,Bluish-gray Saltator,Saltator coerulescens,Saltador Gris,Aves,9850
166062101,e2ee3477-de40-4fad-9bb3-e9c0ae6571a3,2023/01/18 7:08 PM,2023-01-18,2023-01-18 22:08:00 UTC,Buenos Aires,5807183,joharodriguez,,2023-06-07 12:59:45 UTC,2023-06-07 13:22:44 UTC,research,CC-BY-NC,https://www.inaturalist.org/observations/166062101,https://inaturalist-open-data.s3.amazonaws.com/photos/287439374/medium.jpeg,,"",,1,0,false,,"La Lucila, Provincia de Buenos Aires, Argentina",-34.4920873427,-58.4796574226,15,,,,15,,,false,,,Saltador Gris,Saltator coerulescens,Saltador Gris,Aves,9850
166713808,74545761-85a2-4710-8f79-d5c9edbed519,2023/01/10 5:13 AM,2023-01-10,2023-01-10 08:13:00 UTC,America/Argentina/Cordoba,1038698,jodiboe,jodiboe,2023-06-11 01:35:38 UTC,2023-06-11 03:55:30 UTC,research,,https://www.inaturalist.org/observations/166713808,https://static.inaturalist.org/photos/288722025/medium.jpg,,"",,2,0,false,,"Mercedes Department, Corrientes, Argentina",-28.54643,-57.196248,,,,,,,,false,,,Saltador Gris,Saltator coerulescens,Saltador Gris,Aves,9850
168989760,b7977221-ebfb-4e93-bf9d-421f03ab7c83,2023/02/18 3:09 PM,2023-02-18,2023-02-18 18:09:00 UTC,Buenos Aires,746952,frangtaboas,Francisco González Táboas,2023-06-23 13:29:06 UTC,2024-03-28 12:11:48 UTC,research,CC-BY-NC,https://www.inaturalist.org/observations/168989760,https://inaturalist-open-data.s3.amazonaws.com/photos/292935374/medium.jpeg,,"","",2,0,false,,"Acassuso, Provincia de Buenos Aires, Argentina",-34.4699779724,-58.4942633422,127,,,,127,,,false,,,Saltador Gris,Saltator coerulescens,Saltador Gris,Aves,9850
171827270,faa64b77-2c3b-4a5a-a8ca-9e6a4d0f1e85,2023/01/10 5:11 AM,2023-01-10,2023-01-10 08:11:00 UTC,America/Argentina/Cordoba,1038698,jodiboe,jodiboe,2023-07-08 21:07:42 UTC,2023-07-09 17:40:10 UTC,research,,https://www.inaturalist.org/observations/171827270,https://static.inaturalist.org/photos/298204333/medium.jpg,,"",,2,0,false,,"Mercedes Department, Corrientes, Argentina",-28.546415,-57.196102,,,,,,,,false,,,Saltador Gris,Saltator coerulescens,Saltador Gris,Aves,9850
176430958,c87fff7c-41fc-4463-ba2e-1b975ef34e07,2023/02/14 15:18,2023-02-14,2023-02-14 20:18:00 UTC,America/Guayaquil,4822666,j4n_w,,2023-08-03 13:49:53 UTC,2023-08-10 22:47:59 UTC,research,CC-BY-NC,https://www.inaturalist.org/observations/176430958,https://inaturalist-open-data.s3.amazonaws.com/photos/306726530/medium.jpg,,"",,1,0,false,,"Shushufindi, Ecuador",-0.4360283333,-76.1730733333,,,,,,,open,false,,,Grausaltator,Saltator coerulescens,Saltador Gris,Aves,9850
178945789,07d7a79f-6132-4cec-b8b2-f99c272137d4,2011/02/02 6:45 AM,2011-02-02,2011-02-02 09:45:00 UTC,America/Argentina/Cordoba,5955568,ines280,Ines Otero,2023-08-18 04:52:19 UTC,2023-08-19 13:15:52 UTC,research,,https://www.inaturalist.org/observations/178945789,https://static.inaturalist.org/photos/311474011/medium.jpeg,,"","",2,0,false,,"Islas del Ibicuy, AR-ER, AR",-33.6749300359,-58.7156775986,,,,,28930,obscured,,true,,,Pepitero gris,Saltator coerulescens,Saltador Gris,Aves,9850
180323346,2383db7d-df78-42e7-b8b8-c85951ea0906,2023/01/22 11:12 AM,2023-01-22,2023-01-22 14:12:00 UTC,America/Argentina/Salta,3596813,steelbirder,Diane Bricmont,2023-08-26 19:41:14 UTC,2023-08-28 19:52:09 UTC,research,CC-BY-NC,https://www.inaturalist.org/observations/180323346,https://inaturalist-open-data.s3.amazonaws.com/photos/314081865/medium.jpeg,,"","",2,0,false,,"Anta Department, Salta Province, Argentina",-25.228369594,-64.4793529537,4,,,,4,,,false,,,Bluish-gray Saltator,Saltator coerulescens,Saltador Gris,Aves,9850
193874962,7ceefea5-d869-48e8-bcde-cd6ff94a837b,2016/01/02 10:24 AM,2016-01-02,2016-01-02 13:24:00 UTC,America/Argentina/Cordoba,3249728,manuelmaravilla,,2023-12-13 14:28:36 UTC,2023-12-14 15:42:50 UTC,research,CC-BY-NC,https://www.inaturalist.org/observations/193874962,https://inaturalist-open-data.s3.amazonaws.com/photos/340645253/medium.jpeg,,"",,1,0,false,,"Punilla, Córdoba, Argentina",-30.8195382813,-64.6591742891,8,,,,8,,,false,,,Pepitero gris,Saltator coerulescens,Saltador Gris,Aves,9850
195866013,c6172658-1e71-465c-98e2-647f6a5a1801,2024/01/02 10:59 AM,2024-01-02,2024-01-02 13:59:00 UTC,America/Argentina/Cordoba,3660438,sebalovera_,Sebastián Lovera,2024-01-05 21:08:03 UTC,2024-11-14 21:23:29 UTC,research,CC0,https://www.inaturalist.org/observations/195866013,https://inaturalist-open-data.s3.amazonaws.com/photos/344690119/medium.jpeg,,"","",1,0,false,,"La Capital, AR-SF, AR",-31.780028,-60.838102,28,,,,28,,,false,,,Pepitero gris,Saltator coerulescens,Saltador Gris,Aves,9850
195935093,37a575d0-e035-437c-8936-5fd3a32cba5c,2024/01/06 11:22 AM,2024-01-06,2024-01-06 14:22:00 UTC,America/Argentina/Cordoba,1058218,pablodemaio,Pablo Demaio,2024-01-06 16:25:50 UTC,2024-11-14 20:34:02 UTC,research,CC-BY-NC,https://www.inaturalist.org/observations/195935093,https://inaturalist-open-data.s3.amazonaws.com/photos/344831025/medium.jpeg,,"",,1,0,false,,"Colanchanga, Córdoba, Argentina",-31.1440533333,-64.3547416667,,,,,,,,false,,,Pepitero gris,Saltator coerulescens,Saltador Gris,Aves,9850
196066743,15f132e7-46f9-4544-b015-fa93cd3d0274,2024/01/07 10:31 AM,2024-01-07,2024-01-07 13:31:00 UTC,Buenos Aires,2439429,micxsol,Mica,2024-01-07 22:25:50 UTC,2024-11-08 20:25:11 UTC,research,CC-BY-NC,https://www.inaturalist.org/observations/196066743,https://inaturalist-open-data.s3.amazonaws.com/photos/345087596/medium.jpeg,,"","",1,0,false,,"Reserva Ecológica Vicente López, Av. Paraná y El Río, La Lucila, Provincia de Buenos Aires, Argentina",-34.4916283,-58.4789646,241,,,,241,,,false,,,Pepitero gris,Saltator coerulescens,Saltador Gris,Aves,9850
196083012,3ddc2915-b751-40ff-b7ff-facd7301d95d,2024-01-07 20:17:22,2024-01-07,2024-01-07 23:17:22 UTC,America/Argentina/Salta,2815997,msantillan,"",2024-01-08 01:49:52 UTC,2024-08-08 15:16:43 UTC,research,CC-BY-NC,https://www.inaturalist.org/observations/196083012,,https://static.inaturalist.org/sounds/872863.wav?1704678655,"",,2,1,false,2,"Toay, AR-LP, AR",-36.6802631498,-64.3930578232,17,,,,17,,,false,,,Saltator coerulescens,Saltator coerulescens,Saltador Gris,Aves,9850
196347273,54813ca5-60b1-4f8f-80a1-06ab108aeadd,2024/01/03 12:37 PM,2024-01-03,2024-01-03 15:37:00 UTC,Buenos Aires,3828956,alan_vm,Alan Martin,2024-01-11 12:38:11 UTC,2024-01-11 16:08:51 UTC,research,CC-BY-NC,https://www.inaturalist.org/observations/196347273,https://inaturalist-open-data.s3.amazonaws.com/photos/345657201/medium.jpeg,,"","",2,0,false,,"La Lucila, Provincia de Buenos Aires, Argentina",-34.4965526981,-58.4800782692,488,,,,488,,,false,,,Pepitero gris,Saltator coerulescens,Saltador Gris,Aves,9850
196404927,8523485d-76ca-431b-b41f-fa9b4f58e0fd,2012/02/20 6:24 PM,2012-02-20,2012-02-20 21:24:00 UTC,America/Argentina/Cordoba,3660438,sebalovera_,Sebastián Lovera,2024-01-12 05:20:54 UTC,2024-11-14 21:23:29 UTC,research,CC0,https://www.inaturalist.org/observations/196404927,https://inaturalist-open-data.s3.amazonaws.com/photos/345777978/medium.jpg,,"","",2,0,false,,"La Capital, AR-SF, AR",-31.484694,-60.585835,28,,,,28,,,false,,,Pepitero gris,Saltator coerulescens,Saltador Gris,Aves,9850
196547654,602d34a0-3199-4825-863a-d524b9d62aea,2024-01-13 17:21:42,2024-01-13,2024-01-13 20:21:42 UTC,America/Argentina/Cordoba,7502900,crlssi,"",2024-01-13 18:33:12 UTC,2025-06-18 10:25:38 UTC,research,CC-BY-NC,https://www.inaturalist.org/observations/196547654,https://inaturalist-open-data.s3.amazonaws.com/photos/346026183/medium.jpeg,,"",,3,0,false,2,"Pasaje Las Cascadas, Hito Tres Fronteras, Puerto Iguazú, Misiones, Argentina",-25.5952571524,-54.5913584903,828,,,,828,,,false,,,Saltator coerulescens,Saltator coerulescens,Saltador Gris,Aves,9850
196659943,e162d69c-067f-469b-9250-997978be10f6,2024/01/14 9:35 AM,2024-01-14,2024-01-14 12:35:00 UTC,America/Argentina/Cordoba,1058218,pablodemaio,Pablo Demaio,2024-01-14 13:21:41 UTC,2024-11-14 20:34:31 UTC,research,CC-BY-NC,https://www.inaturalist.org/observations/196659943,https://inaturalist-open-data.s3.amazonaws.com/photos/346171084/medium.jpeg,https://static.inaturalist.org/sounds/875512.mp3?1705239237,"","",1,0,false,,"Colanchanga, Córdoba, Argentina",-31.1442487995,-64.3549859897,,,,,,,,false,,,Pepitero Gris,Saltator coerulescens,Saltador Gris,Aves,9850
196778812,b057112a-ad4a-4f19-9b92-464970264a76,2024/01/04 19:40,2024-01-04,2024-01-04 22:40:00 UTC,America/Asuncion,1453529,ackruger,Adolf Carl Krüger,2024-01-15 19:42:22 UTC,2024-09-07 21:24:58 UTC,research,,https://www.inaturalist.org/observations/196778812,https://static.inaturalist.org/photos/346407307/medium.jpeg,,"","",2,0,false,,"San Lorenzo, Paraguai",-25.3550935171,-57.5186931741,261,,,,261,,open,false,,,Sabiá-congá,Saltator coerulescens,Saltador Gris,Aves,9850
196834293,013b6bb9-a8e7-4ec0-a144-249402d90ee1,2024/01/05 10:51,2024-01-05,2024-01-05 13:51:00 UTC,America/Asuncion,1453529,ackruger,Adolf Carl Krüger,2024-01-16 12:33:22 UTC,2024-09-07 21:25:12 UTC,research,,https://www.inaturalist.org/observations/196834293,https://static.inaturalist.org/photos/346520092/medium.jpeg,,"","",2,0,false,,"San Lorenzo, Paraguai",-25.3550935171,-57.5186931741,261,,,,261,,open,false,,,Sabiá-congá,Saltator coerulescens,Saltador Gris,Aves,9850
197062204,f80fc462-6093-4cd2-954f-a029912405f1,2024/01/07 08:30,2024-01-07,2024-01-07 11:30:00 UTC,America/Asuncion,1453529,ackruger,Adolf Carl Krüger,2024-01-19 14:25:47 UTC,2024-09-07 21:26:33 UTC,research,,https://www.inaturalist.org/observations/197062204,https://static.inaturalist.org/photos/346985638/medium.jpeg,,"","",2,0,false,,"San Lorenzo, Paraguai",-25.3550935171,-57.5186931741,261,,,,261,,open,false,,,Sabiá-congá,Saltator coerulescens,Saltador Gris,Aves,9850
197167602,75af006a-5cb5-4f02-85bf-a2eebd2b89db,2024/01/20 8:05 AM,2024-01-20,2024-01-20 12:05:00 UTC,America/Cuiaba,5300719,gustavodallaqua,Gustavo Dallaqua,2024-01-20 20:48:15 UTC,2024-01-20 20:53:19 UTC,research,,https://www.inaturalist.org/observations/197167602,https://static.inaturalist.org/photos/347194353/medium.jpg,,"",,1,0,false,,"Duque de Caxias, Cuiabá - MT, Brazil",-15.5806314348,-56.1066256032,31,,,,31,,open,false,,,Bluish-gray Saltator,Saltator coerulescens,Saltador Gris,Aves,9850
197246203,5790d1c2-4d8d-4b56-b265-709b953fb8ce,2024/01/21 1:12 PM,2024-01-21,2024-01-21 16:12:00 UTC,Buenos Aires,2447101,buddyfede,Federico,2024-01-21 19:03:41 UTC,2024-01-21 19:11:11 UTC,research,CC-BY-NC,https://www.inaturalist.org/observations/197246203,https://inaturalist-open-data.s3.amazonaws.com/photos/347353276/medium.jpeg,,"",,1,0,false,,"La Lucila, Provincia de Buenos Aires, Argentina",-34.492602857,-58.4790804395,27,,,,27,,,false,,,Pepitero gris,Saltator coerulescens,Saltador Gris,Aves,9850
197271306,785d1d35-9fe9-4b9d-be30-700553591732,2024-01-10 11:56:43,2024-01-10,2024-01-10 15:56:43 UTC,America/Manaus,232926,jennysweatt,Jennysweatt,2024-01-22 00:39:50 UTC,2024-01-22 00:43:00 UTC,research,CC-BY-NC,https://www.inaturalist.org/observations/197271306,https://inaturalist-open-data.s3.amazonaws.com/photos/347404561/medium.jpeg,,"",,1,0,false,2,"Rua Ébano Oriental, 456 - Alvorada, Manaus - AM, 69043-590, Brazil",-3.0815060892,-60.0309414044,6037,,,,6037,,open,false,gps,gps,Bluish-gray Saltator,Saltator coerulescens,Saltador Gris,Aves,9850
197581841,a6696c8e-f330-49d9-8f31-683336d9ed15,2024/01/19 4:03 PM,2024-01-19,2024-01-19 19:03:00 UTC,Buenos Aires,6408783,nimazmedia,Nicolas Mazzini,2024-01-26 03:49:49 UTC,2024-01-26 20:53:52 UTC,research,CC-BY-NC,https://www.inaturalist.org/observations/197581841,https://inaturalist-open-data.s3.amazonaws.com/photos/348036094/medium.jpg,,"",,2,0,false,,"La Lucila, Provincia de Buenos Aires, Argentina",-34.4926436668,-58.4790843591,2,,,,2,,,false,,,Pepitero gris,Saltator coerulescens,Saltador Gris,Aves,9850
198009088,07bffd7f-c82e-4af0-a255-d081d5e79d1f,2024/01/13 8:46 AM,2024-01-13,2024-01-13 11:46:00 UTC,America/Argentina/Cordoba,6404621,pnmontano,Nicolás Montaño Rasch,2024-01-30 22:55:48 UTC,2024-01-31 17:40:58 UTC,research,CC-BY-NC,https://www.inaturalist.org/observations/198009088,https://inaturalist-open-data.s3.amazonaws.com/photos/348891338/medium.jpeg,,"",,2,0,false,,"Córdoba, Argentina",-32.1360702,-64.5076344,203,,,,203,,,false,,,Pepitero gris,Saltator coerulescens,Saltador Gris,Aves,9850
198444511,17d7a543-279c-4204-a76f-9c58834a76e9,2024/01/26 12:58 PM,2024-01-26,2024-01-26 15:58:00 UTC,America/Argentina/Cordoba,3660438,sebalovera_,Sebastián Lovera,2024-02-05 00:14:46 UTC,2024-11-14 21:23:29 UTC,research,CC0,https://www.inaturalist.org/observations/198444511,https://inaturalist-open-data.s3.amazonaws.com/photos/349769291/medium.jpeg,,"","",1,0,false,,"La Capital, AR-SF, AR",-31.794676,-60.812239,7,,,,7,,,false,,,Pepitero gris,Saltator coerulescens,Saltador Gris,Aves,9850
198602616,2227e19b-333d-4920-8637-f3e4330504dd,2024/01/13 07:36,2024-01-13,2024-01-13 11:36:00 UTC,America/Porto_Velho,1377941,arturcuca_avisteiali,Artur Luiz,2024-02-06 22:36:20 UTC,2024-02-06 23:42:53 UTC,research,,https://www.inaturalist.org/observations/198602616,https://static.inaturalist.org/photos/350079474/medium.jpg,,"",,1,0,false,,"Porto Velho, BR-RO, BR",-8.3603800004,-63.9212906382,31,,,,31287,obscured,open,true,,,Sabiá-congá,Saltator coerulescens,Saltador Gris,Aves,9850
198917458,a83fb639-cd42-4ad6-8e78-bdd15ec57c63,2024/02/10 10:17 AM,2024-02-10,2024-02-10 13:17:00 UTC,America/Argentina/Cordoba,733101,pablohcapovilla,Pablo H Capovilla,2024-02-10 18:41:36 UTC,2024-02-12 01:56:53 UTC,research,CC-BY,https://www.inaturalist.org/observations/198917458,https://inaturalist-open-data.s3.amazonaws.com/photos/350691280/medium.jpeg,,"",,1,0,false,,"San Cristóbal, Santa Fe, Argentina",-30.200144295,-61.1560721319,8,,,,8,,,false,,,Pepitero gris,Saltator coerulescens,Saltador Gris,Aves,9850
198989024,03226d37-0a0c-450e-b31b-bb6441364496,2024/02/10 8:11 AM,2024-02-10,2024-02-10 11:11:00 UTC,America/Argentina/Cordoba,1461113,gustavopuente,Gustavo Puente,2024-02-11 10:57:11 UTC,2024-03-02 23:35:04 UTC,research,CC-BY-NC,https://www.inaturalist.org/observations/198989024,https://inaturalist-open-data.s3.amazonaws.com/photos/350834870/medium.jpeg,,"",,2,0,false,,"Gualeguaychú, Entre Ríos, Argentina",-33.0401776653,-58.4574359089,200,,,,200,,,false,,,Pepitero gris,Saltator coerulescens,Saltador Gris,Aves,9850
199394616,5ecbb08e-05c7-4b20-bb13-f77c65d33fbb,2024/02/09 3:21 PM,2024-02-09,2024-02-09 19:21:00 UTC,America/Campo_Grande,5300719,gustavodallaqua,Gustavo Dallaqua,2024-02-15 20:45:25 UTC,2024-02-15 22:20:42 UTC,research,,https://www.inaturalist.org/observations/199394616,https://static.inaturalist.org/photos/351511031/medium.jpg,,"",,1,0,false,,"Centro, Corumbá - MS, Brazil",-19.0072252002,-57.6546232991,2,,,,2,,open,false,,,Bluish-gray Saltator,Saltator coerulescens,Saltador Gris,Aves,9850
199455432,76ee4b10-e2aa-4bbb-87d5-e49cb045dfe2,2024/02/09 5:02 PM,2024-02-09,2024-02-09 20:02:00 UTC,America/Argentina/Cordoba,5197833,ariadnat,Ariadna Tripaldi,2024-02-16 13:31:44 UTC,2024-02-16 13:41:10 UTC,research,CC-BY,https://www.inaturalist.org/observations/199455432,https://inaturalist-open-data.s3.amazonaws.com/photos/351747277/medium.jpg,,"",,1,0,false,,"San Martín, Corrientes, Argentina",-28.542612517,-57.1885618012,1228,,,,1228,,,false,,,Pepitero gris,Saltator coerulescens,Saltador Gris,Aves,9850
199455434,47b62531-d9e7-49b0-8b62-bfce0f5445cb,2024/02/09 5:12 PM,2024-02-09,2024-02-09 20:12:00 UTC,America/Argentina/Cordoba,5197833,ariadnat,Ariadna Tripaldi,2024-02-16 13:31:46 UTC,2024-02-16 13:41:07 UTC,research,CC-BY,https://www.inaturalist.org/observations/199455434,https://inaturalist-open-data.s3.amazonaws.com/photos/351747310/medium.jpg,,"",,1,0,false,,"San Martín, Corrientes, Argentina",-28.542612517,-57.1885618012,1228,,,,1228,,,false,,,Pepitero gris,Saltator coerulescens,Saltador Gris,Aves,9850
199513786,a2f1222e-2cd6-4c29-8585-f1f9ec62e1df,2024/01/15 12:24 PM,2024-01-15,2024-01-15 15:24:00 UTC,America/Argentina/Cordoba,5955568,ines280,Ines Otero,2024-02-17 01:07:54 UTC,2024-02-17 22:55:47 UTC,research,,https://www.inaturalist.org/observations/199513786,https://static.inaturalist.org/photos/351856162/medium.jpeg,,"","",1,0,false,,"Agua de Oro, Córdoba Province, Argentina",-31.0692855174,-64.2977996329,31,,,,31,,,false,,,Pepitero gris,Saltator coerulescens,Saltador Gris,Aves,9850
199742744,05ec22cc-af78-4021-bc6b-a63c2a40f519,2024/02/18 11:36 AM,2024-02-18,2024-02-18 14:36:00 UTC,Buenos Aires,5027632,e_volitans,Julia M.,2024-02-19 01:05:31 UTC,2024-02-19 20:27:32 UTC,research,CC-BY-NC,https://www.inaturalist.org/observations/199742744,https://inaturalist-open-data.s3.amazonaws.com/photos/352296179/medium.jpeg,,"",,2,0,false,,"Ciudad de Buenos Aires, AR-DF-DF, AR",-34.6064378026,-58.3476161726,244,,,,244,,,false,,,Pepitero gris,Saltator coerulescens,Saltador Gris,Aves,9850
199991018,bb6c3b03-605e-4a80-9326-0f75b855258e,2024/02/14 7:28 AM,2024-02-14,2024-02-14 12:28:00 UTC,America/Guayaquil,732632,guy23,Guy Babineau,2024-02-21 13:27:29 UTC,2024-02-21 17:32:34 UTC,research,CC0,https://www.inaturalist.org/observations/199991018,https://inaturalist-open-data.s3.amazonaws.com/photos/352755545/medium.jpeg,,"",,1,0,false,,"Archidona Canton, Ecuador",-0.7312324508,-77.7841956247,93,,,,93,,open,false,,,Bluish-gray Saltator,Saltator coerulescens,Saltador Gris,Aves,9850
199991049,08ed5284-33d2-4efa-abf1-d62a93e5df16,2024/02/14 9:09 AM,2024-02-14,2024-02-14 14:09:00 UTC,America/Guayaquil,732632,guy23,Guy Babineau,2024-02-21 13:27:38 UTC,2024-02-21 13:28:32 UTC,research,CC0,https://www.inaturalist.org/observations/199991049,https://inaturalist-open-data.s3.amazonaws.com/photos/352755693/medium.jpeg,,"",,1,0,false,,"Archidona Canton, Ecuador",-0.7303566579,-77.7589461386,42,,,,42,,open,false,,,Bluish-gray Saltator,Saltator coerulescens,Saltador Gris,Aves,9850
199991693,ea3f6fb4-1df4-4289-9b8f-08ee8bab1ac3,2024/02/17 10:32 AM,2024-02-17,2024-02-17 13:32:00 UTC,America/Argentina/Cordoba,2820474,hugoalbertovalderrey,Hugo,2024-02-21 13:36:15 UTC,2024-07-23 23:03:23 UTC,research,CC-BY-NC,https://www.inaturalist.org/observations/199991693,,https://static.inaturalist.org/sounds/904083.mp3?1708522383,"",,2,0,false,,"Río Primero, Córdoba, Argentina",-30.8824510976,-62.8648394251,977,,,,977,,,false,,,Pepitero gris,Saltator coerulescens,Saltador Gris,Aves,9850
200019246,c3c93aa9-fcc6-4ead-8e0a-4ad19f89ce12,2024/02/19 8:30 AM,2024-02-19,2024-02-19 11:30:00 UTC,America/Argentina/Cordoba,2820474,hugoalbertovalderrey,Hugo,2024-02-21 19:34:17 UTC,2024-02-21 20:46:29 UTC,research,CC-BY-NC,https://www.inaturalist.org/observations/200019246,https://inaturalist-open-data.s3.amazonaws.com/photos/352813140/medium.jpg,,"","",2,0,false,,"San Justo, Córdoba, Argentina",-30.7560930102,-62.5056000911,31250,,,,31250,,,false,,,Pepitero gris,Saltator coerulescens,Saltador Gris,Aves,9850
200019249,dbc6f993-79b3-4b7d-a562-64246e92c235,2024/02/19 8:59 AM,2024-02-19,2024-02-19 11:59:00 UTC,America/Argentina/Cordoba,2820474,hugoalbertovalderrey,Hugo,2024-02-21 19:34:17 UTC,2024-03-14 20:17:48 UTC,research,CC-BY-NC,https://www.inaturalist.org/observations/200019249,https://inaturalist-open-data.s3.amazonaws.com/photos/352813164/medium.jpg,,"","",2,0,false,,"San Justo, Córdoba, Argentina",-30.6427329217,-62.6335213999,31250,,,,31250,,,false,,,Pepitero gris,Saltator coerulescens,Saltador Gris,Aves,9850
200019251,8537eb5d-c61d-40e0-90c6-a00f13e0b4d1,2024/02/19 8:28 AM,2024-02-19,2024-02-19 11:28:00 UTC,America/Argentina/Cordoba,2820474,hugoalbertovalderrey,Hugo,2024-02-21 19:34:18 UTC,2024-02-21 21:49:31 UTC,research,CC-BY-NC,https://www.inaturalist.org/observations/200019251,https://inaturalist-open-data.s3.amazonaws.com/photos/352813176/medium.jpg,,"","",2,0,false,,"San Justo, Córdoba, Argentina",-30.6616355153,-62.6335213999,31250,,,,31250,,,false,,,Pepitero gris,Saltator coerulescens,Saltador Gris,Aves,9850
200053875,64df86f4-e150-4b49-b779-486015602d3b,2024/02/18 5:09 PM,2024-02-18,2024-02-18 20:09:00 UTC,America/Argentina/Cordoba,2820474,hugoalbertovalderrey,Hugo,2024-02-22 02:34:07 UTC,2024-02-22 20:44:27 UTC,research,CC-BY-NC,https://www.inaturalist.org/observations/200053875,https://inaturalist-open-data.s3.amazonaws.com/photos/352882184/medium.jpg,,"",,3,0,false,,"Río Primero, Córdoba, Argentina",-30.8073967963,-62.8538891774,15,,,,15,,,false,,,Pepitero gris,Saltator coerulescens,Saltador Gris,Aves,9850
200137857,c5a5d4a4-34ab-492c-8b0c-47b96c114da6,2024-02-18 16:13:15,2024-02-18,2024-02-18 19:13:15 UTC,Buenos Aires,2429677,nicobacacastex,Nicolas Baca Castex,2024-02-23 00:42:53 UTC,2024-02-23 01:05:28 UTC,research,,https://www.inaturalist.org/observations/200137857,https://static.inaturalist.org/photos/353049229/medium.jpeg,,"",,1,0,false,2,"La Lucila, Provincia de Buenos Aires, Argentina",-34.4931229643,-58.4800609946,8,,,,8,,,false,gps,gps,Pepitero gris,Saltator coerulescens,Saltador Gris,Aves,9850
200337514,3596f8d4-4f54-4b27-b101-31f18ca4a67e,2024/02/15 9:59 AM,2024-02-15,2024-02-15 12:59:00 UTC,America/Argentina/Cordoba,3660438,sebalovera_,Sebastián Lovera,2024-02-25 00:06:41 UTC,2024-11-14 21:23:29 UTC,research,CC0,https://www.inaturalist.org/observations/200337514,https://inaturalist-open-data.s3.amazonaws.com/photos/353436644/medium.jpeg,,"","",2,0,false,,"La Capital, AR-SF, AR",-31.768027,-60.852661,7,,,,7,,,false,,,Pepitero gris,Saltator coerulescens,Saltador Gris,Aves,9850
200378654,bf0ebfb9-4af1-444f-a07f-13835e2a2461,2024-02-22 22:49:26,2024-02-22,2024-02-23 01:49:26 UTC,America/Argentina/Cordoba,3509797,juli_ame,Julieta Ameglio,2024-02-25 10:21:52 UTC,2024-02-25 22:12:17 UTC,research,CC-BY-NC,https://www.inaturalist.org/observations/200378654,https://inaturalist-open-data.s3.amazonaws.com/photos/353520419/medium.jpeg,,"",,3,0,false,2,"Rosario, Santa Fe, Argentina",-32.8371701509,-60.6747453287,196,,,,196,,,false,gps,gps,Saltador Gris,Saltator coerulescens,Saltador Gris,Aves,9850
200444191,71049721-445d-452a-af73-5e358a3aa3fa,2024/02/25 1:33 PM,2024-02-25,2024-02-25 16:33:00 UTC,Buenos Aires,6991327,franco_montano,Franco montaño,2024-02-25 21:44:24 UTC,2024-02-25 22:09:13 UTC,research,CC-BY-NC,https://www.inaturalist.org/observations/200444191,https://inaturalist-open-data.s3.amazonaws.com/photos/353643093/medium.jpeg,,"",,2,0,false,,"Reserva Ecológica Vicente López, Av. Paraná y El Río, La Lucila, Provincia de Buenos Aires, Argentina",-34.4916283,-58.4789646,241,,,,241,,,false,,,Pepitero gris,Saltator coerulescens,Saltador Gris,Aves,9850
200959857,b4462018-eb58-47c7-87e4-6a71d6229963,2024/02/22 17:44,2024-02-22,2024-02-22 21:44:00 UTC,America/Porto_Velho,4108298,raul_pommer,Raul Pommer,2024-03-02 01:22:07 UTC,2024-03-02 01:36:47 UTC,research,,https://www.inaturalist.org/observations/200959857,https://static.inaturalist.org/photos/354656787/medium.jpeg,,"","Conheça a Amazon Birdwatching e venha passarinhar em Porto Velho-RO!
Instagram: @amazonbirdwatching
Contato: 69 99206-1480",1,0,false,,"Porto Velho - RO, Brasil",-8.7111082549,-63.8718663581,488,,,,488,,open,false,,,Sabiá-congá,Saltator coerulescens,Saltador Gris,Aves,9850
200967072,6a360976-78bd-4234-94f5-1ac07a9d602f,2024/02/24 17:39,2024-02-24,2024-02-24 21:39:00 UTC,America/Porto_Velho,4108298,raul_pommer,Raul Pommer,2024-03-02 03:09:44 UTC,2024-08-09 07:50:32 UTC,needs_id,,https://www.inaturalist.org/observations/200967072,,https://static.inaturalist.org/sounds/913082.mp3?1709348769,"","Conheça a Amazon Birdwatching e venha passarinhar em Porto Velho-RO!
Instagram: @amazonbirdwatching
Contato: 69 99206-1480",0,0,false,,"Rio Madeira, Porto Velho - RO, 76821, Brasil",-8.7383890591,-63.8722550869,1953,,,,1953,,open,false,,,Sabiá-Congá,Saltator coerulescens,Saltador Gris,Aves,9850
201207817,6dcea8d8-adeb-447d-83d1-ccb39054116a,2024-01-17 08:15:52,2024-01-17,2024-01-17 11:15:52 UTC,America/Argentina/Cordoba,2912116,danielgarrigues,Daniel Garrigues,2024-03-04 01:34:14 UTC,2024-03-04 22:35:15 UTC,research,,https://www.inaturalist.org/observations/201207817,https://static.inaturalist.org/photos/355141198/medium.jpeg,,"",,2,0,false,2,"Puerto Iguazú, Misiones Province, Argentina",-25.5940923986,-54.5887309313,72,,,,72,,,false,gps,gps,Bluish-gray Saltator,Saltator coerulescens,Saltador Gris,Aves,9850
201413415,e6a28abe-99aa-498f-bda6-34bd8c4d16af,2024/02/14 19:06,2024-02-14,2024-02-14 23:06:00 UTC,America/Porto_Velho,1377941,arturcuca_avisteiali,Artur Luiz,2024-03-05 22:26:24 UTC,2024-03-05 22:57:42 UTC,research,,https://www.inaturalist.org/observations/201413415,https://static.inaturalist.org/photos/355540668/medium.jpg,,"",Expedição de Birdwatching realizada com os guias @kennyueslei   @glaukorrea .,1,0,false,,"Porto Velho, BR-RO, BR",-9.173587518,-64.4270747793,,,,,31254,obscured,open,true,,,Sabiá-Congá,Saltator coerulescens,Saltador Gris,Aves,9850
201639581,0e331350-15fc-4d07-85b6-9fa263aeeca8,2024/02/11 2:43 PM,2024-02-11,2024-02-11 17:43:00 UTC,America/Argentina/Cordoba,5749642,batitu,Adrian Antunez,2024-03-08 02:23:18 UTC,2024-03-09 15:44:34 UTC,research,CC-BY-NC,https://www.inaturalist.org/observations/201639581,https://inaturalist-open-data.s3.amazonaws.com/photos/355974821/medium.jpg,,"",,1,0,false,,"Mercedes, Corrientes, Argentina",-28.546479023,-57.1961563371,8,,,,8,,,false,,,Rey del Bosque Gris,Saltator coerulescens,Saltador Gris,Aves,9850
201660394,dfc80e2c-b023-4ebb-a69e-996105843eb0,2024-02-11 16:47:00,2024-02-11,2024-02-11 19:47:00 UTC,America/Argentina/Cordoba,7834891,phmauri,Luis Maria Mauriño,2024-03-08 08:47:41 UTC,2024-03-10 13:36:11 UTC,research,CC-BY-NC,https://www.inaturalist.org/observations/201660394,https://inaturalist-open-data.s3.amazonaws.com/photos/356017913/medium.jpeg,,"",,2,0,false,2,"Paso de la Patria, Corrientes, Argentina",-27.3147995912,-58.5636470094,2838,,,,2838,,,false,gps,gps,Saltador Gris,Saltator coerulescens,Saltador Gris,Aves,9850
203147087,36b80200-bdd3-448b-8e2d-1f5a0baca550,2024/02/19 9:32 AM,2024-02-19,2024-02-19 14:32:00 UTC,America/Guayaquil,2460541,craigjhowe,,2024-03-19 20:18:00 UTC,2024-04-14 19:53:08 UTC,research,CC-BY-NC,https://www.inaturalist.org/observations/203147087,https://inaturalist-open-data.s3.amazonaws.com/photos/358876974/medium.jpeg,,"",,1,0,false,,"Tena, Ecuador",-1.0392868937,-77.6667986642,51,,,,51,,open,false,,,Bluish-gray Saltator,Saltator coerulescens,Saltador Gris,Aves,9850
203268256,b3bcecac-3136-4842-b093-7db6a294dae0,2024/02/19 12:45 PM,2024-02-19,2024-02-19 17:45:00 UTC,America/Guayaquil,2460541,craigjhowe,,2024-03-20 19:58:49 UTC,2024-03-21 18:15:32 UTC,research,CC-BY-NC,https://www.inaturalist.org/observations/203268256,https://inaturalist-open-data.s3.amazonaws.com/photos/359111052/medium.jpeg,,"",,1,0,false,,"Tena, Ecuador",-1.0406333333,-77.6664366667,,,,,,,open,false,,,Bluish-gray Saltator,Saltator coerulescens,Saltador Gris,Aves,9850
203656353,40e0df2b-8338-4f56-a096-c914468e801d,2024/02/23 9:34 AM,2024-02-23,2024-02-23 14:34:00 UTC,America/Guayaquil,2460541,craigjhowe,,2024-03-23 22:22:51 UTC,2024-04-14 00:59:52 UTC,research,CC-BY-NC,https://www.inaturalist.org/observations/203656353,https://inaturalist-open-data.s3.amazonaws.com/photos/359852968/medium.jpeg,,"",,1,0,false,,"Archidona Canton, Ecuador",-0.714435,-77.5853216667,,,,,,,open,false,,,Bluish-gray Saltator,Saltator coerulescens,Saltador Gris,Aves,9850
205562952,1d697c7a-ec2c-4eb0-8cd6-f951d2b137fa,2020/02/11 1:42 PM,2020-02-11,2020-02-11 18:42:00 UTC,America/Guayaquil,72168,doryo,Dory Owen,2024-04-05 20:12:10 UTC,2024-04-08 04:02:51 UTC,research,CC-BY-NC,https://www.inaturalist.org/observations/205562952,https://inaturalist-open-data.s3.amazonaws.com/photos/363482190/medium.jpeg,,"","",1,0,false,,"Archidona Canton, Ecuador",-0.6755997249,-77.6013861968,147,,,,147,,open,false,,,Bluish-gray Saltator,Saltator coerulescens,Saltador Gris,Aves,9850
215786707,0a5bdafb-87db-4100-9bbf-266f0c6f49f6,2024/02/20 6:46 PM,2024-02-20,2024-02-20 21:46:00 UTC,America/Argentina/Cordoba,5260903,agusoribe,Agus Oribe,2024-05-14 21:17:40 UTC,2024-05-16 04:10:25 UTC,research,,https://www.inaturalist.org/observations/215786707,https://static.inaturalist.org/photos/381545383/medium.jpg,,"",,1,0,false,,"Gral Obligado, Santa Fe, Argentina",-28.5182267395,-59.3336220334,3228,,,,3228,,,false,,,Pepitero gris,Saltator coerulescens,Saltador Gris,Aves,9850
216489514,08a1e97d-4275-4c7f-94e1-48d0265977c8,2024-02-15 14:19:15,2024-02-15,2024-02-15 17:19:15 UTC,Brasilia,2696754,iguazuexplorer,@iguazuexplorer,2024-05-18 10:16:51 UTC,2024-05-18 14:30:24 UTC,research,CC-BY-NC,https://www.inaturalist.org/observations/216489514,https://inaturalist-open-data.s3.amazonaws.com/photos/382883378/medium.jpeg,,"",,1,0,false,2,"Parque Monjolo, Foz do Iguaçu - PR, Brazil",-25.519314,-54.5833909722,,,,,,,open,false,gps,gps,Bluish-gray Saltator,Saltator coerulescens,Saltador Gris,Aves,9850
218409470,a105c825-d78f-4fb6-a308-feeb7e0dbb77,2023/01/29 8:24 AM,2023-01-29,2023-01-29 13:24:00 UTC,America/Guayaquil,2850982,tomfeild,Tom Field,2024-05-26 16:28:31 UTC,2025-10-22 00:25:59 UTC,research,CC-BY,https://www.inaturalist.org/observations/218409470,https://inaturalist-open-data.s3.amazonaws.com/photos/386476508/medium.jpg,,"",,1,0,false,,"Loreto Cantón, Ecuador",-0.5371846382,-77.4248771088,244,,,,244,,open,false,,,Bluish-gray Saltator,Saltator coerulescens,Saltador Gris,Aves,9850
223634035,8cb002c0-07b2-4d30-89ae-c98056e8fd6e,2016-01-01 00:00:15,2016-01-01,2016-01-01 03:00:15 UTC,America/Argentina/Cordoba,3979137,enzo_bonanno,Enzo Bonanno,2024-06-18 21:54:14 UTC,2024-06-19 20:54:07 UTC,research,CC-BY-NC,https://www.inaturalist.org/observations/223634035,https://inaturalist-open-data.s3.amazonaws.com/photos/396274164/medium.jpeg,,"",,3,0,false,2,"Gral Güemes, Chaco, Argentina",-25.1782827708,-61.0971325636,15,,,,15,,,false,gps,gps,Pepitero gris,Saltator coerulescens,Saltador Gris,Aves,9850
237047623,0fd1050e-d140-426e-b0b4-5f5151c661be,2021-02-14 12:25:21,2021-02-14,2021-02-14 15:25:21 UTC,Buenos Aires,2671227,juneau17,Ailín Ayelén Gabucci,2024-08-21 04:21:27 UTC,2024-09-30 17:51:18 UTC,research,,https://www.inaturalist.org/observations/237047623,https://static.inaturalist.org/photos/421815117/medium.jpeg,,"",,2,0,false,2,"Ramallo, Provincia de Buenos Aires, Argentina",-33.4452348186,-60.0554822758,215,,,,215,,,false,gps,gps,Pepitero gris,Saltator coerulescens,Saltador Gris,Aves,9850
242329308,e6134d80-610c-4f5a-8b6b-7d70de737c80,2023/02/09 12:03 PM,2023-02-09,2023-02-09 15:03:00 UTC,America/Argentina/Cordoba,1742792,diegoeseolivera,DiegoEseO,2024-09-17 17:52:37 UTC,2024-09-27 20:14:34 UTC,research,CC-BY-NC,https://www.inaturalist.org/observations/242329308,https://inaturalist-open-data.s3.amazonaws.com/photos/432011234/medium.jpeg,,"",,2,0,false,,"Parque Nacional Pre-Delta, Av. Pres. Néstor Kirchner 3105, Diamante, Entre Ríos, Argentina",-32.1216029,-60.6340393,200,,,,200,,,false,,,Pepitero gris,Saltator coerulescens,Saltador Gris,Aves,9850
247841724,e02ac582-1b4b-4f18-9208-8bd85c9cb9f8,2007/01/01 12:03 PM,2007-01-01,2007-01-01 15:03:00 UTC,America/Argentina/Cordoba,4735021,joaquis,joaquis,2024-10-18 00:24:51 UTC,2025-03-10 10:55:38 UTC,research,CC-BY-NC,https://www.inaturalist.org/observations/247841724,https://inaturalist-open-data.s3.amazonaws.com/photos/442728291/medium.jpeg,,"",,1,0,false,,"Parque Nacional Pre-Delta, Av. Pres. Néstor Kirchner 3105, Diamante, Entre Ríos, Argentina",-32.1216029,-60.6340393,200,,,,200,,,false,,,Pepitero gris,Saltator coerulescens,Saltador Gris,Aves,9850
257011803,0186688a-5b67-41fc-9ce6-6486ece63606,2025/01/01 09:20,2025-01-01,2025-01-01 14:20:00 UTC,America/Rio_Branco,1668108,cristina236,Cristina Lacerda,2025-01-01 15:57:47 UTC,2025-04-10 18:13:39 UTC,research,,https://www.inaturalist.org/observations/257011803,https://static.inaturalist.org/photos/460953039/medium.jpeg,,"","",1,0,false,,"Raimundo Melo, Rio Branco - AC, 69917-400, Brasil",-9.9449444888,-67.820693461,1344,,,,1344,,open,false,,,Sabiá-congá,Saltator coerulescens,Saltador Gris,Aves,9850
257064256,f89fff3a-6e7e-4ff8-9a5f-e7113f32d145,2025-01-01 12:05:00,2025-01-01,2025-01-01 15:05:00 UTC,Buenos Aires,4868844,romanlabrousse,"",2025-01-02 00:23:19 UTC,2025-04-10 20:30:55 UTC,research,CC-BY-NC,https://www.inaturalist.org/observations/257064256,,https://static.inaturalist.org/sounds/1277700.wav?1735777407,"",Dos individuos. ,1,0,false,2,"Area Natural Protegida ""Monte Blanco"", Arroyo Rama Negra Chico, a 500 metros del arroyo Espera, B1649, Provincia de Buenos Aires, Argentina",-34.3687666838,-58.5799655691,28,,,,28,,,false,gps,gps,Pepitero gris,Saltator coerulescens,Saltador Gris,Aves,9850
257158959,82e09258-a19d-44d5-859d-e7cfbe097cd3,2025-01-02 08:45:00,2025-01-02,2025-01-02 11:45:00 UTC,Buenos Aires,4868844,romanlabrousse,"",2025-01-02 20:28:00 UTC,2025-04-10 23:11:11 UTC,research,CC-BY-NC,https://www.inaturalist.org/observations/257158959,,https://static.inaturalist.org/sounds/1278190.wav?1735849699,"",,1,0,false,2,"Tigre, Provincia de Buenos Aires, Argentina",-34.3687666838,-58.5799655691,28,,,,28,,,false,gps,gps,Pepitero gris,Saltator coerulescens,Saltador Gris,Aves,9850
257422357,970f920b-b543-4dc0-af0f-a2053b4447a2,2025/01/04 11:14 AM,2025-01-04,2025-01-04 14:14:00 UTC,America/Argentina/Cordoba,3878692,pedrogarabaya,"",2025-01-05 02:13:23 UTC,2025-04-11 05:19:09 UTC,research,,https://www.inaturalist.org/observations/257422357,https://inaturalist-open-data.s3.amazonaws.com/photos/461779419/medium.jpg,,"",,1,0,false,,"Santa Fe de la Vera Cruz, Santa Fe, Argentina",-31.6366080448,-60.6733549132,2,,,,2,,,false,,,Pepitero gris,Saltator coerulescens,Saltador Gris,Aves,9850
257457547,33863e57-08c0-4baa-8b0f-072e3669f9fa,2025-01-05 07:10:28,2025-01-05,2025-01-05 10:10:28 UTC,America/Argentina/Cordoba,3618207,latalo,Andrea Talone Rìo,2025-01-05 10:57:43 UTC,2025-04-11 06:02:39 UTC,research,CC-BY-NC,https://www.inaturalist.org/observations/257457547,https://inaturalist-open-data.s3.amazonaws.com/photos/461853779/medium.jpeg,,"",,1,0,false,2,"Gral Obligado, Santa Fe, Argentina",-28.5018333306,-59.2642101645,6,,,,6,,,false,gps,gps,Pepitero gris,Saltator coerulescens,Saltador Gris,Aves,9850
257469631,e11212f7-fbcf-46e5-9611-02c4dfa17b0d,2025-01-05 09:11:20,2025-01-05,2025-01-05 12:11:20 UTC,America/Argentina/Cordoba,3618207,latalo,Andrea Talone Rìo,2025-01-05 13:52:54 UTC,2025-04-11 06:18:22 UTC,research,CC-BY-NC,https://www.inaturalist.org/observations/257469631,https://inaturalist-open-data.s3.amazonaws.com/photos/461878559/medium.jpeg,,"",,1,0,false,2,"Gral Obligado, Santa Fe, Argentina",-28.5017458333,-59.2642253333,,,,,,,,false,gps,gps,Pepitero gris,Saltator coerulescens,Saltador Gris,Aves,9850
257469738,a1452502-9180-4a2a-805d-ef8830d4a11e,2025-01-05 09:10:50,2025-01-05,2025-01-05 12:10:50 UTC,America/Argentina/Cordoba,3618207,latalo,Andrea Talone Rìo,2025-01-05 13:54:34 UTC,2025-04-11 06:18:25 UTC,research,CC-BY-NC,https://www.inaturalist.org/observations/257469738,https://inaturalist-open-data.s3.amazonaws.com/photos/461878585/medium.jpeg,,"",,1,0,false,2,"Gral Obligado, Santa Fe, Argentina",-28.5017458333,-59.2642253333,,,,,,,,false,gps,gps,Pepitero gris,Saltator coerulescens,Saltador Gris,Aves,9850
257475612,98bb812a-8946-49d1-98cc-388bfb9ec598,2025-01-05 08:52:22,2025-01-05,2025-01-05 11:52:22 UTC,America/Argentina/Cordoba,3618207,latalo,Andrea Talone Rìo,2025-01-05 15:05:05 UTC,2025-04-11 06:26:20 UTC,research,CC-BY-NC,https://www.inaturalist.org/observations/257475612,https://inaturalist-open-data.s3.amazonaws.com/photos/461890286/medium.jpeg,,"",,1,0,false,2,"Gral Obligado, Santa Fe, Argentina",-28.5019064016,-59.2641471326,6,,,,6,,,false,gps,gps,Pepitero gris,Saltator coerulescens,Saltador Gris,Aves,9850
257475699,a927ffc5-deee-49e9-bdb9-bc0c5f181209,2025-01-05 08:51:57,2025-01-05,2025-01-05 11:51:57 UTC,America/Argentina/Cordoba,3618207,latalo,Andrea Talone Rìo,2025-01-05 15:06:01 UTC,2025-04-11 06:26:24 UTC,research,CC-BY-NC,https://www.inaturalist.org/observations/257475699,https://inaturalist-open-data.s3.amazonaws.com/photos/461890446/medium.jpeg,,"",,1,0,false,2,"Gral Obligado, Santa Fe, Argentina",-28.5018957945,-59.2641649023,7,,,,7,,,false,gps,gps,Pepitero gris,Saltator coerulescens,Saltador Gris,Aves,9850
257493662,d12c4f7f-2d34-418e-a4b8-97b2dd327755,2025-01-05,2025-01-05,,America/Argentina/Cordoba,7693493,gustavoguti,Gustavo G,2025-01-05 18:17:05 UTC,2025-01-05 20:54:46 UTC,research,,https://www.inaturalist.org/observations/257493662,https://static.inaturalist.org/photos/461927057/medium.jpeg,,"",,1,0,false,2,"Gral Obligado, Santa Fe, Argentina",-29.2219118751,-59.5951391011,33,,,,33,,,false,gps,gps,Pepitero gris,Saltator coerulescens,Saltador Gris,Aves,9850
257535435,ff6000ed-f50f-4bd8-9295-607bd74f06b5,2025/01/04 10:04 AM,2025-01-04,2025-01-04 13:04:00 UTC,America/Argentina/Cordoba,1388581,mfraire09,Mica Fraire,2025-01-06 01:15:17 UTC,2025-04-11 07:47:59 UTC,research,CC-BY-NC,https://www.inaturalist.org/observations/257535435,https://inaturalist-open-data.s3.amazonaws.com/photos/462013857/medium.jpeg,,"",,1,0,false,,"San Jerónimo Department, Santa Fe Province, Argentina",-32.2778533333,-60.6865566667,,,,,,,,false,,,Pepitero gris,Saltator coerulescens,Saltador Gris,Aves,9850
257580363,17c794b3-51ac-4fdb-b40f-31a83a6077a9,2025-01-06 08:25:04,2025-01-06,2025-01-06 11:25:04 UTC,America/Argentina/Cordoba,3618207,latalo,Andrea Talone Rìo,2025-01-06 12:07:13 UTC,2025-04-11 08:46:55 UTC,research,CC-BY-NC,https://www.inaturalist.org/observations/257580363,https://inaturalist-open-data.s3.amazonaws.com/photos/462106212/medium.jpeg,,"",,1,0,false,2,"Gral Obligado, Santa Fe, Argentina",-28.5011151667,-59.2646221667,,,,,,,,false,gps,gps,Pepitero gris,Saltator coerulescens,Saltador Gris,Aves,9850
257581769,3cc9ef79-8634-4047-b1ea-0905c3c3102e,2025-01-06 07:35:24,2025-01-06,2025-01-06 10:35:24 UTC,America/Argentina/Cordoba,3618207,latalo,Andrea Talone Rìo,2025-01-06 12:29:30 UTC,2025-04-11 08:47:43 UTC,research,CC-BY-NC,https://www.inaturalist.org/observations/257581769,https://inaturalist-open-data.s3.amazonaws.com/photos/462109077/medium.jpeg,,"",,1,0,false,2,"Gral Obligado, Santa Fe, Argentina",-28.4486953333,-59.30794,,,,,,,,false,gps,gps,Pepitero gris,Saltator coerulescens,Saltador Gris,Aves,9850
257602537,12a5e8f5-6686-4bec-b197-40946bcb7cc4,2025-01-06 06:32:49,2025-01-06,2025-01-06 09:32:49 UTC,America/Argentina/Cordoba,3618207,latalo,Andrea Talone Rìo,2025-01-06 16:16:20 UTC,2025-04-11 09:09:54 UTC,research,CC-BY-NC,https://www.inaturalist.org/observations/257602537,https://inaturalist-open-data.s3.amazonaws.com/photos/462143044/medium.jpeg,,"",,1,0,false,2,"Gral Obligado, Santa Fe, Argentina",-28.5016995634,-59.2644327879,9,,,,9,,,false,gps,gps,Pepitero gris,Saltator coerulescens,Saltador Gris,Aves,9850
257605038,0947c888-7fff-4d8c-a99b-2852e6d0d960,2025-01-06 09:50:11,2025-01-06,2025-01-06 12:50:11 UTC,America/Argentina/Cordoba,3618207,latalo,Andrea Talone Rìo,2025-01-06 16:47:42 UTC,2025-04-11 09:11:16 UTC,research,CC-BY-NC,https://www.inaturalist.org/observations/257605038,https://inaturalist-open-data.s3.amazonaws.com/photos/462148159/medium.jpeg,,"",,1,0,false,2,"Gral Obligado, Santa Fe, Argentina",-28.501734,-59.2642273333,,,,,,,,false,gps,gps,Pepitero gris,Saltator coerulescens,Saltador Gris,Aves,9850
257616135,94df03d0-fd77-484e-bc79-b4e8336d7279,2025/01/05 11:58 AM,2025-01-05,2025-01-05 14:58:00 UTC,America/Argentina/Cordoba,1388581,mfraire09,Mica Fraire,2025-01-06 18:17:00 UTC,2025-04-11 09:22:38 UTC,research,CC-BY-NC,https://www.inaturalist.org/observations/257616135,https://inaturalist-open-data.s3.amazonaws.com/photos/462162110/medium.jpeg,,"",,1,0,false,,"Diamante Department, Entre Ríos Province, Argentina",-32.1223166667,-60.632095,,,,,,,,false,,,Pepitero gris,Saltator coerulescens,Saltador Gris,Aves,9850
257617031,1d52427f-68c9-46b8-964f-e1f779f5567f,2025/01/05 12:53 PM,2025-01-05,2025-01-05 15:53:00 UTC,America/Argentina/Cordoba,1388581,mfraire09,Mica Fraire,2025-01-06 18:28:42 UTC,2025-06-16 19:20:02 UTC,research,CC-BY-NC,https://www.inaturalist.org/observations/257617031,https://inaturalist-open-data.s3.amazonaws.com/photos/462164519/medium.jpeg,,"",,3,1,false,,"Diamante Department, Entre Ríos Province, Argentina",-32.122275,-60.6335283333,,,,,,,,false,,,Pepitero gris,Saltator coerulescens,Saltador Gris,Aves,9850
257624423,08f6d03b-28bc-4ad3-8c19-4a7eda21d2fa,2025/01/04 9:27 AM,2025-01-04,2025-01-04 12:27:00 UTC,America/Argentina/Cordoba,1364542,pablof,Pablo Fraire,2025-01-06 19:33:11 UTC,2025-01-06 20:32:31 UTC,research,CC-BY-NC,https://www.inaturalist.org/observations/257624423,https://inaturalist-open-data.s3.amazonaws.com/photos/462173813/medium.jpeg,,"",,1,0,false,,"San Jerónimo Department, Santa Fe Province, Argentina",-32.2734057601,-60.69137008,,,,,,,,false,,,Pepitero gris,Saltator coerulescens,Saltador Gris,Aves,9850
257624432,e872c3d9-8862-40d3-ac0d-1bc6893a4bc6,2025/01/04 10:04 AM,2025-01-04,2025-01-04 13:04:00 UTC,America/Argentina/Cordoba,1364542,pablof,Pablo Fraire,2025-01-06 19:33:23 UTC,2025-01-06 20:32:34 UTC,research,CC-BY-NC,https://www.inaturalist.org/observations/257624432,https://inaturalist-open-data.s3.amazonaws.com/photos/462173891/medium.jpeg,,"",,1,0,false,,"San Jerónimo Department, Santa Fe Province, Argentina",-32.27789369,-60.68660139,,,,,,,,false,,,Pepitero gris,Saltator coerulescens,Saltador Gris,Aves,9850
257624436,d1f04e4b-6ad7-401a-9bba-4f27bc22e467,2025/01/04 10:05 AM,2025-01-04,2025-01-04 13:05:00 UTC,America/Argentina/Cordoba,1364542,pablof,Pablo Fraire,2025-01-06 19:33:27 UTC,2025-01-06 20:32:35 UTC,research,CC-BY-NC,https://www.inaturalist.org/observations/257624436,https://inaturalist-open-data.s3.amazonaws.com/photos/462173905/medium.jpeg,,"",,1,0,false,,"San Jerónimo Department, Santa Fe Province, Argentina",-32.27792597,-60.68659143,,,,,,,,false,,,Pepitero gris,Saltator coerulescens,Saltador Gris,Aves,9850
257641877,65d8902c-52c1-44a8-9778-3a1efcd0c3ae,2025/01/05 12:53 PM,2025-01-05,2025-01-05 15:53:00 UTC,America/Argentina/Cordoba,1364542,pablof,Pablo Fraire,2025-01-06 22:41:26 UTC,2025-03-01 02:01:20 UTC,research,CC-BY-NC,https://www.inaturalist.org/observations/257641877,https://inaturalist-open-data.s3.amazonaws.com/photos/462209416/medium.jpeg,,"",,1,0,false,,"Diamante Department, Entre Ríos Province, Argentina",-32.1222671,-60.63362123,,,,,,,,false,,,Pepitero gris,Saltator coerulescens,Saltador Gris,Aves,9850
257641881,c9238136-a18c-4ba2-a217-c559c7ae0c2c,2025/01/05 12:53 PM,2025-01-05,2025-01-05 15:53:00 UTC,America/Argentina/Cordoba,1364542,pablof,Pablo Fraire,2025-01-06 22:41:26 UTC,2025-03-01 02:01:10 UTC,research,CC-BY-NC,https://www.inaturalist.org/observations/257641881,https://inaturalist-open-data.s3.amazonaws.com/photos/462209426/medium.jpeg,,"",,1,0,false,,"Diamante Department, Entre Ríos Province, Argentina",-32.12226512,-60.63362487,,,,,,,,false,,,Pepitero gris,Saltator coerulescens,Saltador Gris,Aves,9850
257748151,2567516c-a745-4cde-94de-65dac6cecb81,2025-01-07 07:16:37,2025-01-07,2025-01-07 10:16:37 UTC,America/Argentina/Cordoba,3618207,latalo,Andrea Talone Rìo,2025-01-07 23:17:19 UTC,2025-04-11 12:04:21 UTC,research,CC-BY-NC,https://www.inaturalist.org/observations/257748151,https://inaturalist-open-data.s3.amazonaws.com/photos/462414479/medium.jpeg,,"",,1,0,false,2,"S3580 Villa Ocampo, Santa Fe, Argentina",-28.4886103333,-59.3492721667,,,,,,,,false,gps,gps,Pepitero gris,Saltator coerulescens,Saltador Gris,Aves,9850
257749136,94c5576e-97b4-4e35-9947-3395a245ff07,2025-01-07 06:59:28,2025-01-07,2025-01-07 09:59:28 UTC,America/Argentina/Cordoba,3618207,latalo,Andrea Talone Rìo,2025-01-07 23:30:43 UTC,2025-01-08 20:41:43 UTC,research,CC-BY-NC,https://www.inaturalist.org/observations/257749136,https://inaturalist-open-data.s3.amazonaws.com/photos/462416847/medium.jpeg,,"",,1,0,false,2,"S3580 Villa Ocampo, Santa Fe, Argentina",-28.4886103333,-59.3492721667,,,,,,,,false,gps,gps,Pepitero gris,Saltator coerulescens,Saltador Gris,Aves,9850
257751001,df1e7876-8419-4e58-9819-81a8e249f0d0,2025-01-07 06:44:04,2025-01-07,2025-01-07 09:44:04 UTC,America/Argentina/Cordoba,3618207,latalo,Andrea Talone Rìo,2025-01-07 23:57:21 UTC,2025-04-11 12:08:45 UTC,research,CC-BY-NC,https://www.inaturalist.org/observations/257751001,https://inaturalist-open-data.s3.amazonaws.com/photos/462421234/medium.jpeg,,"",,1,0,false,2,"Gral Obligado, Santa Fe, Argentina",-28.5011143333,-59.264628,,,,,,,,false,gps,gps,Pepitero gris,Saltator coerulescens,Saltador Gris,Aves,9850
257751061,20e1ddbf-3630-438c-a4af-845820a731df,2025-01-07 06:43:29,2025-01-07,2025-01-07 09:43:29 UTC,America/Argentina/Cordoba,3618207,latalo,Andrea Talone Rìo,2025-01-07 23:58:02 UTC,2025-04-11 12:08:48 UTC,research,CC-BY-NC,https://www.inaturalist.org/observations/257751061,https://inaturalist-open-data.s3.amazonaws.com/photos/462421753/medium.jpeg,,"",,1,0,false,2,"Gral Obligado, Santa Fe, Argentina",-28.5011143333,-59.264628,,,,,,,,false,gps,gps,Pepitero gris,Saltator coerulescens,Saltador Gris,Aves,9850
257799297,13dab05a-1088-493b-9a5f-caef65956240,2025-01-07 18:12:02,2025-01-07,2025-01-07 21:12:02 UTC,America/Argentina/Cordoba,3618207,latalo,Andrea Talone Rìo,2025-01-08 14:27:14 UTC,2025-04-11 13:12:46 UTC,research,CC-BY-NC,https://www.inaturalist.org/observations/257799297,https://inaturalist-open-data.s3.amazonaws.com/photos/462519898/medium.jpeg,,"",,1,0,false,2,"Gral Obligado, Santa Fe, Argentina",-28.5017466667,-59.264219,,,,,,,,false,gps,gps,Pepitero gris,Saltator coerulescens,Saltador Gris,Aves,9850
257852943,79e95cbb-6cac-4987-9c8a-055a25246a4c,2025-01-08 09:55:19,2025-01-08,2025-01-08 12:55:19 UTC,America/Argentina/Cordoba,3618207,latalo,Andrea Talone Rìo,2025-01-08 20:58:34 UTC,2025-04-11 14:00:35 UTC,research,CC-BY-NC,https://www.inaturalist.org/observations/257852943,https://inaturalist-open-data.s3.amazonaws.com/photos/462575102/medium.jpeg,,"",,1,0,false,2,"Gral Obligado, Santa Fe, Argentina",-28.5034761667,-59.2403036667,,,,,,,,false,gps,gps,Pepitero gris,Saltator coerulescens,Saltador Gris,Aves,9850
257873104,a66419b3-3cb9-4726-8351-5edfa4b210e7,2025-01-08 09:07:29,2025-01-08,2025-01-08 12:07:29 UTC,America/Argentina/Cordoba,3618207,latalo,Andrea Talone Rìo,2025-01-08 23:34:36 UTC,2025-04-11 14:21:26 UTC,research,CC-BY-NC,https://www.inaturalist.org/observations/257873104,https://inaturalist-open-data.s3.amazonaws.com/photos/462599650/medium.jpeg,,"",,1,0,false,2,"Gral Obligado, Santa Fe, Argentina",-28.4907986667,-59.2971598333,,,,,,,,false,gps,gps,Pepitero gris,Saltator coerulescens,Saltador Gris,Aves,9850
257876067,9ca20fa5-33c7-4f37-a8f5-3aae55945dfd,2025-01-08 08:28:04,2025-01-08,2025-01-08 11:28:04 UTC,America/Argentina/Cordoba,3618207,latalo,Andrea Talone Rìo,2025-01-09 00:14:30 UTC,2025-04-11 14:27:30 UTC,research,CC-BY-NC,https://www.inaturalist.org/observations/257876067,https://inaturalist-open-data.s3.amazonaws.com/photos/462606546/medium.jpeg,,"",,1,0,false,2,"Gral Obligado, Santa Fe, Argentina",-28.5007606667,-59.2516908333,,,,,,,,false,gps,gps,Pepitero gris,Saltator coerulescens,Saltador Gris,Aves,9850
257877230,20739b87-5246-439e-a434-97b0975fc781,2025-01-08 07:49:22,2025-01-08,2025-01-08 10:49:22 UTC,America/Argentina/Cordoba,3618207,latalo,Andrea Talone Rìo,2025-01-09 00:30:53 UTC,2025-04-11 14:29:23 UTC,research,CC-BY-NC,https://www.inaturalist.org/observations/257877230,https://inaturalist-open-data.s3.amazonaws.com/photos/462608936/medium.jpeg,,"",,1,0,false,2,"S3580 Villa Ocampo, Santa Fe, Argentina",-28.4886103333,-59.3492721667,,,,,,,,false,gps,gps,Pepitero gris,Saltator coerulescens,Saltador Gris,Aves,9850
257986625,98735c26-83c5-4240-9020-3675152f79fd,2025/01/04 6:34 PM,2025-01-04,2025-01-04 21:34:00 UTC,America/Argentina/Cordoba,3641527,gus_pascuas,GUSTAVO PASCUAS,2025-01-09 23:54:39 UTC,2025-11-25 16:27:00 UTC,research,CC-BY-NC,https://www.inaturalist.org/observations/257986625,https://inaturalist-open-data.s3.amazonaws.com/photos/462796645/medium.jpg,,Ceibas,,2,0,false,,"Islas del Ibicuy, Entre Ríos, Argentina",-33.5002380765,-58.8309805938,475,,,,475,,,false,,,Pepitero gris,Saltator coerulescens,Saltador Gris,Aves,9850
258145810,bd7ba746-f896-4b37-b97a-bb42a4e9fb32,2025/01/01 10:24,2025-01-01,2025-01-01 13:24:00 UTC,America/Argentina/Cordoba,218112,stefaniadalpra,Stefania Dal Pra,2025-01-11 16:03:30 UTC,2025-04-11 22:04:40 UTC,research,,https://www.inaturalist.org/observations/258145810,https://static.inaturalist.org/photos/463110695/medium.jpeg,,"","",1,0,false,,"Dipartimento di Ituzaingó, Provincia di Corrientes, Argentina",-28.1894153964,-57.2404190654,15625,,,,15625,,,false,,,Saltator coerulescens,Saltator coerulescens,Saltador Gris,Aves,9850
258150005,e10a3ae5-905b-47a5-91ed-90828e378a4d,2025/01/10 2:23 PM,2025-01-10,2025-01-10 17:23:00 UTC,America/Argentina/Cordoba,6991327,franco_montano,Franco montaño,2025-01-11 16:49:24 UTC,2025-01-11 19:51:32 UTC,research,CC-BY-NC,https://www.inaturalist.org/observations/258150005,https://inaturalist-open-data.s3.amazonaws.com/photos/463117797/medium.jpg,,"",,1,0,false,,"Villa Gral. Belgrano, Córdoba, Argentina",-31.972295,-64.554633055,,,,,,,,false,,,Pepitero gris,Saltator coerulescens,Saltador Gris,Aves,9850
258311301,998415e2-a05a-42ec-a1de-8ace753f019a,2025/01/09 6:40 PM,2025-01-09,2025-01-09 21:40:00 UTC,America/Argentina/Jujuy,2110371,davidroche,David Roche,2025-01-12 22:52:50 UTC,2025-04-12 02:05:32 UTC,research,CC-BY-NC,https://www.inaturalist.org/observations/258311301,https://static.inaturalist.org/photos/463417638/medium.jpg,,"",,1,0,false,,"Santa Bárbara Department, Jujuy, Jujuy Province, Argentina",-24.1149420569,-64.4029698232,8,,,,8,,,false,,,Bluish-gray Saltator,Saltator coerulescens,Saltador Gris,Aves,9850
258871988,310f783c-db41-4aea-9215-7828f18d54cf,2025/01/05 7:23 PM,2025-01-05,2025-01-05 22:23:00 UTC,America/Argentina/Cordoba,144,trekman,Gustavo Fernando Durán,2025-01-18 20:54:23 UTC,2025-04-12 13:47:19 UTC,research,CC-BY-NC,https://www.inaturalist.org/observations/258871988,https://inaturalist-open-data.s3.amazonaws.com/photos/464525542/medium.jpeg,,"",,1,0,false,,"La Capital, Santa Fe, Argentina",-31.676488932,-60.7533173063,46,,,,46,,,false,,,Pepitero gris,Saltator coerulescens,Saltador Gris,Aves,9850
258872024,96a3841a-a707-4258-b870-5fdfd5525e96,2025/01/05 7:34 PM,2025-01-05,2025-01-05 22:34:00 UTC,America/Argentina/Cordoba,144,trekman,Gustavo Fernando Durán,2025-01-18 20:54:32 UTC,2025-04-12 13:47:22 UTC,research,CC-BY-NC,https://www.inaturalist.org/observations/258872024,https://inaturalist-open-data.s3.amazonaws.com/photos/464525785/medium.jpeg,,"",,1,0,false,,"La Capital, Santa Fe, Argentina",-31.676488932,-60.7533173063,46,,,,46,,,false,,,Pepitero gris,Saltator coerulescens,Saltador Gris,Aves,9850
258979890,457a7541-c300-4dcf-80f3-18bbc21ba1b7,2025/01/19 7:23 AM,2025-01-19,2025-01-19 11:23:00 UTC,America/Cuiaba,5300719,gustavodallaqua,Gustavo Dallaqua,2025-01-19 20:09:00 UTC,2025-04-12 16:55:11 UTC,research,,https://www.inaturalist.org/observations/258979890,https://static.inaturalist.org/photos/464784039/medium.jpg,,"",,1,0,false,,"Poconé - State of Mato Grosso, 78175-000, Brazil",-16.3900424624,-56.6613905438,122,,,,122,,open,false,,,trinca-ferro-gongá,Saltator coerulescens,Saltador Gris,Aves,9850
258979928,b4c364c4-3dd3-4732-bbc0-b3e84b5fd9d3,2025/01/19 10:02 AM,2025-01-19,2025-01-19 14:02:00 UTC,America/Cuiaba,5300719,gustavodallaqua,Gustavo Dallaqua,2025-01-19 20:09:11 UTC,2025-04-12 16:55:14 UTC,research,,https://www.inaturalist.org/observations/258979928,https://static.inaturalist.org/photos/464784164/medium.jpg,,"",,1,0,false,,"Poconé - State of Mato Grosso, 78175-000, Brazil",-16.3900424624,-56.6613905438,122,,,,122,,open,false,,,trinca-ferro-gongá,Saltator coerulescens,Saltador Gris,Aves,9850
259243404,aa546d09-769b-4502-a40a-d6fc223198c2,2002/02/09 8:08 AM,2002-02-09,2002-02-09 10:08:00 UTC,Brasilia,273707,dbeadle,"",2025-01-22 13:31:06 UTC,2025-04-12 23:49:55 UTC,research,CC-BY-NC,https://www.inaturalist.org/observations/259243404,,https://static.inaturalist.org/sounds/1290451.mp3?1737551319,"Bluish-gray Saltator, Minas Gerias, Brazil","Bluish-gray Saltator. Song. Recorded near Mocambinho, Minas Gerias, Brazil on 9 February 2002. Probably subspecies superciliaris. ",1,0,false,,"Itacarambi - State of Minas Gerais, 39470-000, Brazil",-15.0986326193,-44.0377979742,3,,,,3,,open,false,,,Bluish-gray Saltator,Saltator coerulescens,Saltador Gris,Aves,9850
259243408,f23de861-80b3-425a-bdab-35d9e06cf9d1,2002/02/09 8:08 AM,2002-02-09,2002-02-09 10:08:00 UTC,Brasilia,273707,dbeadle,"",2025-01-22 13:31:07 UTC,2025-01-26 12:57:13 UTC,research,CC-BY-NC,https://www.inaturalist.org/observations/259243408,,https://static.inaturalist.org/sounds/1290454.mp3?1737551329,"Bluish-gray Saltator, Minas Gerias, Brazil","Bluish-gray Saltator. Song. Recorded near Mocambinho, Minas Gerias, Brazil on 9 February 2002. Subspecies superciliaris. ",1,0,false,,"Itacarambi - State of Minas Gerais, 39470-000, Brazil",-15.0986326193,-44.0377979742,3,,,,3,,open,false,,,Bluish-gray Saltator,Saltator coerulescens,Saltador Gris,Aves,9850
259296117,a1a2de36-cf40-4fcb-b1ee-5c1ac628ba2c,2025-01-12 18:04:14,2025-01-12,2025-01-12 21:04:14 UTC,America/Argentina/Cordoba,1674180,natalia184,Natalia Soledad Herrada,2025-01-23 01:54:27 UTC,2025-01-23 15:30:19 UTC,research,,https://www.inaturalist.org/observations/259296117,https://static.inaturalist.org/photos/465431562/medium.jpeg,,"",,1,0,false,2,"Av. Los Aromos y Las Rosas, X5189 Villa Los Aromos, Córdoba, Argentina",-31.7312830556,-64.4346,,,,,,,,false,gps,gps,Pepitero gris,Saltator coerulescens,Saltador Gris,Aves,9850
259564627,f8173ac1-b249-4625-8ca3-848588b7cae3,2025-01-25 16:52:27,2025-01-25,2025-01-25 19:52:27 UTC,America/Argentina/Cordoba,8503980,richterpablo,RichterPablo,2025-01-25 19:59:18 UTC,2026-01-27 21:26:42 UTC,research,,https://www.inaturalist.org/observations/259564627,,https://static.inaturalist.org/sounds/1292659.m4a?1737844444,"",,1,0,false,2,"Islas del Ibicuy, AR-ER, AR",-33.4839533333,-58.6859766667,4,,,,4,,,false,,,Pepitero gris,Saltator coerulescens,Saltador Gris,Aves,9850
259568350,1b791d11-b386-48c8-9719-40fd69bafe40,2025/01/10 2:35 PM,2025-01-10,2025-01-10 17:35:00 UTC,America/Argentina/Cordoba,8895534,noe_palomita,Noelia Aranda,2025-01-25 20:37:13 UTC,2025-01-26 20:45:03 UTC,research,CC-BY-NC,https://www.inaturalist.org/observations/259568350,https://inaturalist-open-data.s3.amazonaws.com/photos/465974462/medium.jpeg,,"",,1,0,false,,"Las Colonias, Santa Fe, Argentina",-30.6866354671,-61.1714144798,488,,,,488,,,false,,,Pepitero gris,Saltator coerulescens,Saltador Gris,Aves,9850
259587579,89d974f8-5ccb-4451-aeb0-9e7ce169e4eb,2025-01-22,2025-01-22,,America/Argentina/Cordoba,3509797,juli_ame,Julieta Ameglio,2025-01-26 00:08:58 UTC,2025-01-26 20:41:27 UTC,research,CC-BY-NC,https://www.inaturalist.org/observations/259587579,https://inaturalist-open-data.s3.amazonaws.com/photos/466013480/medium.jpeg,,"",,1,0,false,2,"Rosario, Santa Fe, Argentina",-32.8587928084,-60.6791280583,196,,,,196,,,false,gps,gps,Saltador Gris,Saltator coerulescens,Saltador Gris,Aves,9850
259649332,4a39d553-03ab-4b6e-9624-62e638293607,2025/01/06 7:48 AM,2025-01-06,2025-01-06 12:48:00 UTC,America/Guayaquil,5556630,dirkm,Dirk Mezger,2025-01-26 14:34:22 UTC,2025-04-13 08:22:15 UTC,research,CC-BY-NC,https://www.inaturalist.org/observations/259649332,https://inaturalist-open-data.s3.amazonaws.com/photos/466139425/medium.jpg,,"","",1,0,false,,"Kuyana Amazon Lodge, Archidona Canton, Ecuador",-0.9445229153,-77.7631509264,4,,,,4,,open,false,,,Bluish-gray Saltator,Saltator coerulescens,Saltador Gris,Aves,9850
260176590,f0ec5513-90bf-4a52-bcbd-1d72d4a26a43,2025/01/30 2:53 PM,2025-01-30,2025-01-30 17:53:00 UTC,America/Argentina/Cordoba,8895534,noe_palomita,Noelia Aranda,2025-01-31 18:24:57 UTC,2025-04-13 22:40:33 UTC,research,CC-BY-NC,https://www.inaturalist.org/observations/260176590,https://inaturalist-open-data.s3.amazonaws.com/photos/467180236/medium.jpeg,,"",,1,0,false,,"Santa Fe de la Vera Cruz, Santa Fe, Argentina",-31.6365934936,-60.672111928,31,,,,31,,,false,,,Pepitero gris,Saltator coerulescens,Saltador Gris,Aves,9850
260417952,e95e832a-ca2f-42ad-9dba-25082b24aa17,2025/01/25 7:21 AM,2025-01-25,2025-01-25 12:21:00 UTC,Bogota,4133999,didelphis_pernigra,Didelphis pernigra,2025-02-02 19:54:56 UTC,2025-04-14 04:43:02 UTC,research,,https://www.inaturalist.org/observations/260417952,https://static.inaturalist.org/photos/467635943/medium.jpeg,,"","",1,0,false,,"San Miguel de Mocoa, Putumayo, Colombia",1.0823583333,-76.6439166667,,,,,,,open,false,,,Saltador Gris,Saltator coerulescens,Saltador Gris,Aves,9850
260464609,71a7a5fb-8742-42e0-b2c3-9292511c4d72,2025/02/01 11:29 AM,2025-02-01,2025-02-01 14:29:00 UTC,America/Argentina/Cordoba,1426044,gonsaro,Gonzalo Roget,2025-02-03 04:23:35 UTC,2025-04-14 05:49:21 UTC,research,CC-BY,https://www.inaturalist.org/observations/260464609,https://inaturalist-open-data.s3.amazonaws.com/photos/467755523/medium.jpeg,,"","",1,0,false,,"Reserva Natural Los Benitos, Victoria, Entre Ríos, Argentina",-32.890035,-60.6415386111,,,,,,,,false,,,Pepitero gris,Saltator coerulescens,Saltador Gris,Aves,9850
260490124,82b52897-c383-4f2f-9822-0fd04626174a,2025/02/01 2:47 PM,2025-02-01,2025-02-01 17:47:00 UTC,America/Argentina/Cordoba,1426044,gonsaro,Gonzalo Roget,2025-02-03 12:15:20 UTC,2025-04-14 06:19:42 UTC,research,CC-BY,https://www.inaturalist.org/observations/260490124,https://inaturalist-open-data.s3.amazonaws.com/photos/467808609/medium.jpeg,,"","",1,0,false,,"Reserva Natural Islote Benito, Victoria, Entre Ríos, Argentina",-32.8913772222,-60.641635,,,,,,,,false,,,Pepitero gris,Saltator coerulescens,Saltador Gris,Aves,9850
260490133,a3a6932b-9054-48ba-9666-53f518e2cd60,2025/02/01 2:55 PM,2025-02-01,2025-02-01 17:55:00 UTC,America/Argentina/Cordoba,1426044,gonsaro,Gonzalo Roget,2025-02-03 12:15:23 UTC,2025-04-14 06:19:42 UTC,research,CC-BY,https://www.inaturalist.org/observations/260490133,https://inaturalist-open-data.s3.amazonaws.com/photos/467809289/medium.jpeg,,"","",1,0,false,,"Reserva Natural Islote Benito, Victoria, Entre Ríos, Argentina",-32.8920136111,-60.6411986111,,,,,,,,false,,,Pepitero gris,Saltator coerulescens,Saltador Gris,Aves,9850
260520923,f44c34ca-be1f-49f4-bc0c-8b2e277c7555,2025/02/01 8:33 AM,2025-02-01,2025-02-01 11:33:00 UTC,America/Argentina/Cordoba,733101,pablohcapovilla,Pablo H Capovilla,2025-02-03 18:45:22 UTC,2025-04-14 06:56:50 UTC,research,CC-BY,https://www.inaturalist.org/observations/260520923,https://inaturalist-open-data.s3.amazonaws.com/photos/467868512/medium.jpeg,,"","",1,0,false,,"Gral Obligado, Santa Fe, Argentina",-28.5070282004,-59.1053705528,61,,,,61,,,false,,,Pepitero gris,Saltator coerulescens,Saltador Gris,Aves,9850
260664951,edba612f-5799-4a40-b33d-8cf3ef547e25,2025/01/31 4:30 PM,2025-01-31,2025-01-31 19:30:00 UTC,America/Argentina/Cordoba,144,trekman,Gustavo Fernando Durán,2025-02-05 01:45:37 UTC,2025-02-06 14:58:29 UTC,research,CC-BY-NC,https://www.inaturalist.org/observations/260664951,https://inaturalist-open-data.s3.amazonaws.com/photos/468146529/medium.jpeg,,"",,1,0,false,,"Santa Fe de la Vera Cruz, Santa Fe, Argentina",-31.6372613423,-60.6736908401,18,,,,18,,,false,,,Pepitero gris,Saltator coerulescens,Saltador Gris,Aves,9850
260700688,68e70b07-795a-45b6-bfd0-7c338b9a4ee3,2025/02/04 11:18 AM,2025-02-04,2025-02-04 14:18:00 UTC,America/Argentina/Cordoba,6692511,carmenoviedo,,2025-02-05 12:08:04 UTC,2025-04-14 10:37:43 UTC,research,CC-BY-NC,https://www.inaturalist.org/observations/260700688,https://inaturalist-open-data.s3.amazonaws.com/photos/468224438/medium.jpeg,,"","",1,0,false,,"Posadas, Misiones, Argentina",-27.368326025,-55.9345756754,4459,,,,4459,,,false,,,Saltador Gris,Saltator coerulescens,Saltador Gris,Aves,9850
260752498,8c3c797d-abef-4f2c-8fd3-ad1ea43f1589,2025/02/05 7:59 PM,2025-02-05,2025-02-05 22:59:00 UTC,Buenos Aires,5503862,arielarnao97,Ariel Arnao,2025-02-05 23:04:15 UTC,2025-02-06 14:54:08 UTC,research,,https://www.inaturalist.org/observations/260752498,https://static.inaturalist.org/photos/468321834/medium.jpeg,,"",,1,0,false,,"Área Natural Monte Blanco, Delta de Tigre, Arroyo Rama Negra Chico, a 500 metros del arroyo Espera, B1608 Tigre, Provincia de Buenos Aires, Argentina",-34.3696022,-58.5796075,11,,,,11,,,false,,,Pepitero gris,Saltator coerulescens,Saltador Gris,Aves,9850
260753106,c9999b66-ac4c-44ef-a706-1fdd568fe971,2025/02/05 7:59 PM,2025-02-05,2025-02-05 22:59:00 UTC,America/Argentina/Cordoba,8281324,biodiversidad-er,Noni Muzzachiodi,2025-02-05 23:13:23 UTC,2025-02-06 20:01:25 UTC,research,,https://www.inaturalist.org/observations/260753106,https://static.inaturalist.org/photos/468323902/medium.jpeg,,"",,1,0,false,,"Camping Toma Vieja, Blas Parera 3914, Paraná, Entre Ríos, Argentina",-31.7038167,-60.4845408,201,,,,201,,,false,,,Pepitero gris,Saltator coerulescens,Saltador Gris,Aves,9850
261057809,bb1acb4e-7881-4402-9315-b66586434df7,2025/02/08 10:13 AM,2025-02-08,2025-02-08 13:13:00 UTC,America/Argentina/Cordoba,733101,pablohcapovilla,Pablo H Capovilla,2025-02-09 00:16:36 UTC,2025-04-14 23:43:31 UTC,research,CC-BY,https://www.inaturalist.org/observations/261057809,https://inaturalist-open-data.s3.amazonaws.com/photos/468928506/medium.jpeg,,"","",1,0,false,,"San Cristóbal, Santa Fe, Argentina",-30.1996833881,-61.1556654506,15,,,,15,,,false,,,Pepitero gris,Saltator coerulescens,Saltador Gris,Aves,9850
261125982,9f490251-87d1-4c18-932e-49292278b857,2024/01/21 10:21 AM,2024-01-21,2024-01-21 13:21:00 UTC,Buenos Aires,1986316,lucianomassa,Luciano Massa,2025-02-09 14:31:12 UTC,2025-07-02 17:12:17 UTC,research,CC-BY,https://www.inaturalist.org/observations/261125982,https://inaturalist-open-data.s3.amazonaws.com/photos/469064169/medium.jpg,,"",,2,0,false,,"La Lucila, Provincia de Buenos Aires, Argentina",-34.4914641422,-58.48034586,488,,,,488,,,false,,,Pepitero gris,Saltator coerulescens,Saltador Gris,Aves,9850
261683273,e117fd1e-51f5-48e6-9c29-d2ffcc61c090,2025-02-01 18:20:59,2025-02-01,2025-02-01 21:20:59 UTC,America/Argentina/Cordoba,1233171,gastma,Gaston Martinez,2025-02-15 02:14:36 UTC,2025-04-15 16:26:56 UTC,research,CC-BY-NC,https://www.inaturalist.org/observations/261683273,https://inaturalist-open-data.s3.amazonaws.com/photos/470175985/medium.jpeg,,"",,1,0,false,2,"Garay, Santa Fe, Argentina",-31.1868997313,-60.1294881105,78,,,,78,,,false,gps,gps,Pepitero gris,Saltator coerulescens,Saltador Gris,Aves,9850
262363079,0b77400e-78c5-486f-a59c-3f34b5d6c7e2,2011/01/17 7:13 AM,2011-01-17,2011-01-17 12:13:00 UTC,Quito,7190753,vermeerjan,JanVermeer,2025-02-20 09:26:08 UTC,2025-04-16 11:55:39 UTC,research,CC-BY-NC,https://www.inaturalist.org/observations/262363079,https://inaturalist-open-data.s3.amazonaws.com/photos/471344613/medium.jpeg,,"",,1,0,false,,"Mariche, Mariscal Cáceres Province, Peru",-7.193333,-76.665563,2000,,,,2000,,open,false,,,Bluish-gray Saltator,Saltator coerulescens,Saltador Gris,Aves,9850
262369656,575c3ed7-4299-4e62-9332-afd628b501ec,2025-02-20,2025-02-20,,America/Argentina/Cordoba,3660275,flacamlau,Laura Serra,2025-02-20 11:34:03 UTC,2025-08-21 17:15:38 UTC,research,,https://www.inaturalist.org/observations/262369656,,https://static.inaturalist.org/sounds/1311353.mp3?1740051246,"",@edubeltrocco,1,0,false,2,"Llambí Campbell, Santa Fe, Argentina",-31.1887600465,-60.7496812195,248,,,,248,,,false,,,Pepitero gris,Saltator coerulescens,Saltador Gris,Aves,9850
262765991,2234e92b-3d2d-4840-b6ec-fd77a03bbf7b,2025/02/22 12:57 PM,2025-02-22,2025-02-22 15:57:00 UTC,America/Argentina/Cordoba,5825420,tutitah,Julia Ariadna,2025-02-23 02:32:20 UTC,2025-05-05 15:26:39 UTC,research,CC0,https://www.inaturalist.org/observations/262765991,https://inaturalist-open-data.s3.amazonaws.com/photos/471922813/medium.jpeg,,"",,3,0,false,,"Victoria, Entre Ríos, Argentina",-32.8898627337,-60.6409115899,89,,,,89,,,false,,,Pepitero gris,Saltator coerulescens,Saltador Gris,Aves,9850
263001908,6ae43ebb-167a-468c-a6cf-3fa4494a6fdf,2025-02-19,2025-02-19,,America/Argentina/Cordoba,3509797,juli_ame,Julieta Ameglio,2025-02-25 01:11:57 UTC,2025-02-25 14:43:19 UTC,research,CC-BY-NC,https://www.inaturalist.org/observations/263001908,https://inaturalist-open-data.s3.amazonaws.com/photos/472405407/medium.jpeg,,"",,2,0,false,2,"Victoria, Entre Ríos, Argentina",-32.8695385194,-60.6659510359,1825,,,,1825,,,false,gps,gps,Saltador Gris,Saltator coerulescens,Saltador Gris,Aves,9850
263160992,24c068ef-3373-4b4f-ac7a-4adc33d8849d,2025-02-25 12:11:38,2025-02-25,2025-02-25 15:11:38 UTC,America/Asuncion,8218039,marianvillamayor,Marian,2025-02-26 14:51:56 UTC,2025-04-18 19:37:05 UTC,research,CC-BY-NC,https://www.inaturalist.org/observations/263160992,https://inaturalist-open-data.s3.amazonaws.com/photos/472717822/medium.jpeg,,"",,3,0,false,2,"MF7J+6XC, Asunción 111421, Paraguay",-25.3368848499,-57.517602928,57,,,,57,,open,false,gps,gps,Saltador Gris,Saltator coerulescens,Saltador Gris,Aves,9850
263243706,0eb4c942-0322-4c29-b14d-84ae95bc46d5,2021/02/14 9:35 AM -0300,2021-02-14,2021-02-14 12:35:00 UTC,America/Argentina/Cordoba,1205836,elbeltrocco,Eduardo Luis Beltrocco,2025-02-27 06:33:32 UTC,2025-02-28 14:16:48 UTC,research,CC-BY,https://www.inaturalist.org/observations/263243706,https://inaturalist-open-data.s3.amazonaws.com/photos/472882216/medium.jpeg,,"","",1,0,false,,"San Cristóbal, Santa Fe, Argentina",-30.0165296658,-61.2302901526,4,,,,4,,,false,,,Pepitero gris,Saltator coerulescens,Saltador Gris,Aves,9850
264506064,66351fe3-319e-41e6-a23a-240b09589a3b,2025/02/07 10:00 AM,2025-02-07,2025-02-07 13:00:00 UTC,America/Argentina/Cordoba,1178188,francof,Franco N. Fabre,2025-03-08 13:18:03 UTC,2025-04-11 18:38:47 UTC,research,CC-BY-NC,https://www.inaturalist.org/observations/264506064,https://inaturalist-open-data.s3.amazonaws.com/photos/474956370/medium.jpeg,,"","",1,0,false,,"Diamante, Entre Ríos, Argentina",-32.1241799199,-60.6304108748,4,,,,4,,,false,,,Pepitero gris,Saltator coerulescens,Saltador Gris,Aves,9850
265101087,7227da38-5e48-4b36-8708-44bb240bc7c5,2025/02/17 10:26 AM,2025-02-17,2025-02-17 13:26:00 UTC,America/Argentina/Cordoba,8994193,rousglucks,RousGlucks,2025-03-12 22:23:57 UTC,2025-03-28 00:56:25 UTC,research,,https://www.inaturalist.org/observations/265101087,https://static.inaturalist.org/photos/476113282/medium.jpeg,,"","El ejemplar de la foto se encontraba comiendo frutos de mistol en un grupo de 4 individuos. Con el pico separaba la semilla de la cáscara, para ingerir esta última.",1,0,false,,"Bermejo, Formosa, Argentina",-24.3123356978,-61.8107457807,30,,,,30,,,false,,,Pepitero gris,Saltator coerulescens,Saltador Gris,Aves,9850
265992570,715f7777-21fb-48ad-b9c7-a2df1f6f2b06,2005/02/13 15:22,2005-02-13,2005-02-13 18:22:00 UTC,America/Argentina/Cordoba,13483,mael_dewynter,Maël Dewynter,2025-03-19 18:32:16 UTC,2025-03-20 15:40:00 UTC,research,CC-BY-NC,https://www.inaturalist.org/observations/265992570,https://inaturalist-open-data.s3.amazonaws.com/photos/477864490/medium.jpeg,,"",,1,0,false,,A-Laguna iberica,-28.5404438693,-57.1897949967,2000,,,,2000,,,false,,,Saltator gris,Saltator coerulescens,Saltador Gris,Aves,9850
272607065,c3fa556f-9736-444b-8186-47dead72d6ed,2025/02/26 4:45 PM,2025-02-26,2025-02-26 19:45:00 UTC,America/Argentina/Cordoba,3635862,tomasburatti,Tomás Buratti,2025-04-24 03:34:28 UTC,2025-04-24 23:42:13 UTC,needs_id,CC-BY-NC,https://www.inaturalist.org/observations/272607065,https://inaturalist-open-data.s3.amazonaws.com/photos/490362480/medium.jpg,,"",,0,0,false,,"Diamante, Entre Ríos, Argentina",-32.1222055556,-60.6337333333,,,,,,,,false,,,Pepitero gris,Saltator coerulescens,Saltador Gris,Aves,9850
272607066,ebb3ccd7-56de-49f4-810d-ccfb33684d77,2025/02/26 4:45 PM,2025-02-26,2025-02-26 19:45:00 UTC,America/Argentina/Cordoba,3635862,tomasburatti,Tomás Buratti,2025-04-24 03:34:28 UTC,2025-04-24 14:23:28 UTC,research,CC-BY-NC,https://www.inaturalist.org/observations/272607066,https://inaturalist-open-data.s3.amazonaws.com/photos/490362538/medium.jpg,,"",,1,0,false,,"Diamante, Entre Ríos, Argentina",-32.1222055556,-60.6337333333,,,,,,,,false,,,Pepitero gris,Saltator coerulescens,Saltador Gris,Aves,9850
274605281,bec2fcdc-991d-40e5-8850-2ea9b164d22f,2025-02-26,2025-02-26,,Bogota,15745,martinmandak,Martin Mandák,2025-04-27 12:21:08 UTC,2025-08-16 10:09:45 UTC,needs_id,CC-BY-NC,https://www.inaturalist.org/observations/274605281,https://static.inaturalist.org/photos/493635077/medium.jpeg,,"","",1,0,false,,Putumayo River,0.802157,-76.607051,50,,,,50,,open,false,,,Bluish-gray Saltator,Saltator coerulescens,Saltador Gris,Aves,9850
279555956,03cf73a7-8753-4f21-a3b9-e2af7dfae230,2024/02/28 10:25 AM,2024-02-28,2024-02-28 13:25:00 UTC,America/Argentina/Cordoba,8771890,gus_catti_caru,Gustavo Cattivelli Caruso,2025-05-08 21:01:00 UTC,2025-05-09 18:16:50 UTC,research,CC-BY,https://www.inaturalist.org/observations/279555956,https://inaturalist-open-data.s3.amazonaws.com/photos/502006600/medium.jpg,,"",,2,0,false,,"Posadas, Misiones, Argentina",-27.361000064,-55.9105992352,160,,,,160,,,false,,,Pepitero gris,Saltator coerulescens,Saltador Gris,Aves,9850
281250669,e626e5b1-bf52-4dde-88d5-ca050315c4d4,2024-02-27 13:39:29-03:00,2024-02-27,2024-02-27 16:39:29 UTC,America/Argentina/Cordoba,6435234,hermanasdelmonte,,2025-05-15 13:57:44 UTC,2025-05-16 03:40:08 UTC,research,CC-BY-NC,https://www.inaturalist.org/observations/281250669,https://inaturalist-open-data.s3.amazonaws.com/photos/505211349/medium.jpg,,"","",2,0,false,3,"Barranqueras, Chaco, AR",-27.415739972,-58.887175967,874,,,,874,,,false,,,Pepitero gris,Saltator coerulescens,Saltador Gris,Aves,9850
282804828,f0fff172-3f8e-4688-aaac-d5999364bab6,2025-02-17 17:30:17,2025-02-17,2025-02-17 20:30:17 UTC,America/Argentina/Cordoba,9319557,gabriel_delasala,,2025-05-21 03:47:25 UTC,2025-05-23 21:34:20 UTC,research,CC-BY-NC,https://www.inaturalist.org/observations/282804828,https://inaturalist-open-data.s3.amazonaws.com/photos/508122506/medium.jpg,,"",,3,0,false,843,"Yacaré, Colonia Carlos Pellegrini, Corrientes, AR",-28.5393499761,-57.1762480839,82,,,,82,,,false,,,Pepitero gris,Saltator coerulescens,Saltador Gris,Aves,9850
287738707,98ff67fc-bba5-4abf-8f29-b3b58ff06b3b,2025-01-01 18:23:45,2025-01-01,2025-01-01 21:23:45 UTC,America/Argentina/Cordoba,9396198,alicesilveirac,,2025-06-08 00:15:00 UTC,2025-06-08 14:11:20 UTC,research,CC-BY-NC,https://www.inaturalist.org/observations/287738707,https://inaturalist-open-data.s3.amazonaws.com/photos/517391619/medium.jpg,,"",,3,0,false,2,"5014, X5000 Córdoba, Argentina",-31.4200211516,-64.1887760907,17015,,,,17015,,,false,,,trinca-ferro-gongá,Saltator coerulescens,Saltador Gris,Aves,9850
289520052,f01d99e0-8a36-4924-807b-0ae3cc89babe,2022/01/08 9:25 AM,2022-01-08,2022-01-08 12:25:00 UTC,America/Asuncion,44736,emiliobuongermini,Emilio Buongermini,2025-06-14 13:46:49 UTC,2025-06-17 18:36:19 UTC,research,CC-BY-NC-ND,https://www.inaturalist.org/observations/289520052,https://inaturalist-open-data.s3.amazonaws.com/photos/520728281/medium.jpg,,"",,1,0,false,,"Santa Rosalina, 031602 San Bernardino, Paraguay",-25.3036166667,-57.2920277778,65,,,,65,,open,false,,,Saltador Gris,Saltator coerulescens,Saltador Gris,Aves,9850
293035087,0a778735-c14a-4f6f-8002-a0a1156db50d,2025/02/27 5:03 PM,2025-02-27,2025-02-27 20:03:00 UTC,America/Argentina/Cordoba,3635862,tomasburatti,Tomás Buratti,2025-06-27 02:58:33 UTC,2025-06-27 11:21:57 UTC,research,CC-BY-NC,https://www.inaturalist.org/observations/293035087,https://inaturalist-open-data.s3.amazonaws.com/photos/527334590/medium.jpg,,"",,1,0,false,,"Diamante, Entre Ríos, Argentina",-32.1221833333,-60.6335527778,,,,,,,,false,,,Pepitero gris,Saltator coerulescens,Saltador Gris,Aves,9850
297751168,0c3e75ba-95aa-47f9-bedc-2b9e78db9631,2025/01/03 6:18 PM,2025-01-03,2025-01-03 21:18:00 UTC,America/Argentina/Cordoba,8895534,noe_palomita,Noelia Aranda,2025-07-13 23:41:48 UTC,2025-07-14 01:00:45 UTC,research,CC-BY-NC,https://www.inaturalist.org/observations/297751168,https://inaturalist-open-data.s3.amazonaws.com/photos/536253483/medium.jpg,,"",,1,0,false,,"Santa Fe de la Vera Cruz, Santa Fe, Argentina",-31.6372288024,-60.673711235,8,,,,8,,,false,,,Pepitero gris,Saltator coerulescens,Saltador Gris,Aves,9850
300487253,6209aeea-1e31-4087-b4d3-392170af6331,2021/02/20 09:27,2021-02-20,2021-02-20 13:27:00 UTC,America/Porto_Velho,4108298,raul_pommer,Raul Pommer,2025-07-23 19:53:01 UTC,2025-07-24 18:09:39 UTC,research,,https://www.inaturalist.org/observations/300487253,https://static.inaturalist.org/photos/541418954/medium.jpg,,"","Conheça a Amazon Birdwatching e venha passarinhar em Porto Velho/RO e Canutama/AM.
Site: www.amazonbirdwatching.com.br
Instagram: @amazonbirdwatching
Contato: 69 99206-1480",1,0,false,,"Porto Velho - RO, Brasil",-8.8806624258,-63.9160021702,1953,,,,1953,,open,false,,,trinca-ferro-gongá,Saltator coerulescens,Saltador Gris,Aves,9850
302153235,c7d29451-8603-4400-bacc-675c0788ab9c,2019/01/06 13:24,2019-01-06,2019-01-06 18:24:00 UTC,America/Rio_Branco,9107666,telurico_pelo_mundo,Telúrico,2025-07-29 18:27:08 UTC,2025-09-26 11:27:00 UTC,needs_id,CC-BY-NC,https://www.inaturalist.org/observations/302153235,https://inaturalist-open-data.s3.amazonaws.com/photos/544526474/medium.jpg,,"",,0,0,false,,,,,15,,,,31218,private,open,true,gps,gps,Trinca-Ferro-Gongá,Saltator coerulescens,Saltador Gris,Aves,9850
302191448,071c7778-817b-4a9f-9ea9-e181b13fbd3f,2025/02/07,2025-02-07,,America/Rio_Branco,9107666,telurico_pelo_mundo,Telúrico,2025-07-29 21:11:43 UTC,2025-07-29 22:01:02 UTC,research,CC-BY-NC,https://www.inaturalist.org/observations/302191448,https://inaturalist-open-data.s3.amazonaws.com/photos/544597577/medium.jpg,,"",Created with GIMP,1,0,false,,"Horto Florestal, Rio Branco - AC, 69914, Brasil",-9.9457929223,-67.8278946876,251,,,,251,,open,false,,,trinca-ferro-gongá,Saltator coerulescens,Saltador Gris,Aves,9850
306392086,12691b74-15c2-4fc5-b18f-982eaa8398a8,2021/02/20 09:27,2021-02-20,2021-02-20 13:27:00 UTC,America/Porto_Velho,4108298,raul_pommer,Raul Pommer,2025-08-15 01:59:46 UTC,2025-08-15 22:29:06 UTC,research,,https://www.inaturalist.org/observations/306392086,https://static.inaturalist.org/photos/552534731/medium.jpg,,"","Conheça a Amazon Birdwatching e venha passarinhar em Porto Velho/RO e Canutama/AM.
Site: www.amazonbirdwatching.com.br
Instagram: @amazonbirdwatching
Contato: 69 99206-1480",2,0,false,,"Jardim Santana, Porto Velho - RO, Brasil",-8.7501753588,-63.814444058,3906,,,,3906,,open,false,,,trinca-ferro-gongá,Saltator coerulescens,Saltador Gris,Aves,9850
312952651,d8183270-224f-4618-9aea-9639d38df6b7,2012/02/25 1:05 PM,2012-02-25,2012-02-25 16:05:00 UTC,America/Argentina/Cordoba,2445036,martin_ferrari_fsa,Martín Ferrari,2025-09-10 18:20:49 UTC,2025-09-10 20:17:05 UTC,research,CC-BY-NC,https://www.inaturalist.org/observations/312952651,https://inaturalist-open-data.s3.amazonaws.com/photos/565096268/medium.jpg,,"","",1,0,false,,"Diamante, Entre Ríos, Argentina",-32.1225536111,-60.6329191667,,,,,,,,false,,,Pepitero gris,Saltator coerulescens,Saltador Gris,Aves,9850
316303297,dbdd0b3d-0961-4800-8268-245782444311,2018/01/13,2018-01-13,,America/Argentina/Cordoba,2445036,martin_ferrari_fsa,Martín Ferrari,2025-09-24 15:16:33 UTC,2025-09-24 15:33:50 UTC,research,CC-BY-NC,https://www.inaturalist.org/observations/316303297,https://inaturalist-open-data.s3.amazonaws.com/photos/571468117/medium.jpg,,"",,1,0,false,,"Formosa, Argentina",-26.2113558121,-58.1736718424,2,,,,2,,,false,,,Pepitero gris,Saltator coerulescens,Saltador Gris,Aves,9850
316497398,beba95be-fd16-4a18-80a0-d775627bb0a0,2018/01/20,2018-01-20,,America/Argentina/Cordoba,2445036,martin_ferrari_fsa,Martín Ferrari,2025-09-25 12:24:14 UTC,2025-09-25 20:45:48 UTC,research,CC-BY-NC,https://www.inaturalist.org/observations/316497398,https://inaturalist-open-data.s3.amazonaws.com/photos/571833421/medium.jpg,,"",,2,0,false,,"Formosa, Argentina",-26.2073603943,-58.1714183581,15,,,,15,,,false,,,Pepitero gris,Saltator coerulescens,Saltador Gris,Aves,9850
329145359,79d82e3b-38de-4edc-9e30-a5501e115773,2025/02/20 9:39 AM,2025-02-20,2025-02-20 13:39:00 UTC,La Paz,1527612,biara,Biara Elias Badani,2025-12-02 01:45:43 UTC,2025-12-02 01:47:24 UTC,needs_id,,https://www.inaturalist.org/observations/329145359,https://static.inaturalist.org/photos/596575512/medium.jpg,,"",,0,0,false,,"Gral. José Ballivián, Bolivia",-14.2047378146,-66.8392770459,72,,,,72,,open,false,,,Saltador Gris,Saltator coerulescens,Saltador Gris,Aves,9850
333136930,fc55d048-b1c6-46ab-82f0-af9f363d038c,2026-01-01,2026-01-01,,America/Belem,7129160,umehlig,Ulf Mehlig,2026-01-02 11:07:35 UTC,2026-02-03 00:33:43 UTC,research,CC-BY-NC-SA,https://www.inaturalist.org/observations/333136930,,https://static.inaturalist.org/sounds/1730487.wav?1767352072,"","Identification by the Merlin app
Identificação pelo aplicativo Merlin",1,0,false,2,"Bragança, BR-PA, BR",-1.2905584367,-46.9024952129,6,,,,6,,open,false,gps,gps,Bluish-gray Saltator,Saltator coerulescens,Saltador Gris,Aves,9850
333487950,08287882-7034-4652-ba2c-3fbc4a5df8b3,2026-01-03 12:51:17,2026-01-03,2026-01-03 17:51:17 UTC,Quito,2348425,birdpackingadventures,Justin Walker,2026-01-04 21:01:55 UTC,2026-01-12 23:07:53 UTC,research,CC-BY-NC,https://www.inaturalist.org/observations/333487950,https://inaturalist-open-data.s3.amazonaws.com/photos/605455167/medium.jpg,,"",,1,0,false,2,"Morales, Peru",-6.5365853831,-76.404963769,1033,,,,1033,,open,false,gps,gps,Bluish-gray Saltator,Saltator coerulescens,Saltador Gris,Aves,9850
333506866,70235fcd-e74e-42ef-b285-a61cd88e87a8,2026/01/04 9:14 AM,2026-01-04,2026-01-04 12:14:00 UTC,America/Argentina/Cordoba,50445,nicoolejnik,Nicolas Olejnik,2026-01-04 23:25:26 UTC,2026-01-05 13:13:58 UTC,research,CC-BY,https://www.inaturalist.org/observations/333506866,https://inaturalist-open-data.s3.amazonaws.com/photos/605491998/medium.jpg,,"",,2,0,false,,"Islas del Ibicuy Department, Entre Ríos Province, Argentina",-33.6484267495,-58.7210892899,31,,,,31,,,false,,,Pepitero gris,Saltator coerulescens,Saltador Gris,Aves,9850
333803714,f5b2180e-56a7-4f0d-9b1d-9db068879377,2026-01-06 12:52:09,2026-01-06,2026-01-06 15:52:09 UTC,America/Argentina/Cordoba,2852440,caro_moro,caro,2026-01-07 02:37:15 UTC,2026-01-11 23:12:46 UTC,research,CC-BY-NC,https://www.inaturalist.org/observations/333803714,https://inaturalist-open-data.s3.amazonaws.com/photos/606046023/medium.jpg,,"",,1,0,false,2,"Arroyo Leyes, Santa Fe, Argentina",-31.5847399496,-60.5368888378,15,,,,15,,,false,gps,gps,Pepitero gris,Saltator coerulescens,Saltador Gris,Aves,9850
333912174,3ac4a1e6-283b-4569-b3a1-c057c12edd43,2026-01-07 18:41:42,2026-01-07,2026-01-07 21:41:42 UTC,America/Argentina/Cordoba,4026861,cecilia_fer_diaz,Cecilia Fer Díaz,2026-01-08 00:43:38 UTC,2026-01-10 17:53:32 UTC,research,CC-BY,https://www.inaturalist.org/observations/333912174,https://inaturalist-open-data.s3.amazonaws.com/photos/606269243/medium.jpg,,"",,1,0,false,2,"Villa Cabello, Posadas, Misiones, Argentina",-27.3607292567,-55.9405981377,136,,,,136,,,false,gps,gps,Saltador Gris,Saltator coerulescens,Saltador Gris,Aves,9850
333997894,e1b3e16d-af6a-41e9-8197-45daf0755f98,2017/01/31 14:28,2017-01-31,2017-01-31 20:28:00 UTC,Central America,5197214,julienbarataud,Julien Barataud,2026-01-08 18:58:56 UTC,2026-01-24 17:32:05 UTC,research,CC-BY-NC,https://www.inaturalist.org/observations/333997894,https://inaturalist-open-data.s3.amazonaws.com/photos/606441053/medium.jpg,,"",,1,0,false,,"San Cristóbal El Alto, Guatemala",14.5376966572,-90.7204803732,61,,,,61,,open,false,,,Saltator gris,Saltator coerulescens,Saltador Gris,Aves,9850
334514624,7202c0d1-8f9e-4751-aa77-b8285eacc9e8,2026-01-12 15:12:47,2026-01-12,2026-01-12 18:12:47 UTC,America/Asuncion,1084354,vincent_mia_edie_verheyen,Vincent Mia Edie Verheyen,2026-01-12 18:27:52 UTC,2026-01-14 02:04:46 UTC,research,CC-BY,https://www.inaturalist.org/observations/334514624,https://inaturalist-open-data.s3.amazonaws.com/photos/607495098/medium.jpg,,"",,2,0,false,843,"San Francisco, Asunción, Central Department, PY",-25.3324,-57.5282,,,,,,,open,false,,,Bluish-gray Saltator,Saltator coerulescens,Saltador Gris,Aves,9850
334523184,c8ffcf2b-4e00-4176-a387-f6219a5a01b6,2026/01/11 7:47 PM,2026-01-11,2026-01-11 22:47:00 UTC,America/Argentina/Cordoba,1622182,susanagomez,Susana Gómez,2026-01-12 19:52:36 UTC,2026-01-13 16:56:49 UTC,research,CC-BY-NC,https://www.inaturalist.org/observations/334523184,https://inaturalist-open-data.s3.amazonaws.com/photos/607509721/medium.jpg,,"",,2,0,false,,"San Esteban, Córdoba, Argentina",-30.9367721892,-64.523404098,4,,,,4,,,false,,,Pepitero gris,Saltator coerulescens,Saltador Gris,Aves,9850
334563875,59a0512e-98ad-4549-a991-d7be5c098718,2026/01/12 7:40 AM,2026-01-12,2026-01-12 10:40:00 UTC,Buenos Aires,5521728,juli18,Juli Riccione,2026-01-13 02:44:56 UTC,2026-01-13 16:53:51 UTC,research,,https://www.inaturalist.org/observations/334563875,https://static.inaturalist.org/photos/607595836/medium.jpg,,"","",3,0,false,,"Área Reserva Cinturón Ecológico, Provincia de Buenos Aires, Argentina",-34.6696361739,-58.3007606305,4,,,,4,,,false,,,Pepitero gris,Saltator coerulescens,Saltador Gris,Aves,9850
334612031,35c3e9e9-c639-48f5-af13-9e29e5150c18,2026/01/12 10:01 AM,2026-01-12,2026-01-12 13:01:00 UTC,America/Argentina/Cordoba,6991327,franco_montano,Franco montaño,2026-01-13 15:08:19 UTC,2026-01-13 15:21:58 UTC,research,CC-BY-NC,https://www.inaturalist.org/observations/334612031,https://inaturalist-open-data.s3.amazonaws.com/photos/607693525/medium.jpg,,"",,1,0,false,,"Villa Gral. Belgrano, Córdoba, Argentina",-31.977583055,-64.556043055,,,,,,,,false,,,Pepitero gris,Saltator coerulescens,Saltador Gris,Aves,9850
334618995,67f9a768-5345-4f53-9505-146a22385f7d,2026/01/13 10:23 AM,2026-01-13,2026-01-13 13:23:00 UTC,America/Argentina/Cordoba,6991327,franco_montano,Franco montaño,2026-01-13 16:32:54 UTC,2026-01-13 16:51:01 UTC,research,CC-BY-NC,https://www.inaturalist.org/observations/334618995,https://inaturalist-open-data.s3.amazonaws.com/photos/607708158/medium.jpg,,"",,2,0,false,,"Villa Gral. Belgrano, Córdoba, Argentina",-31.978088055,-64.556433055,,,,,,,,false,,,Pepitero gris,Saltator coerulescens,Saltador Gris,Aves,9850
334640191,00bb7ffa-a76d-45e0-8489-b60fa063bcd7,2026/01/09 7:02 AM,2026-01-09,2026-01-09 10:02:00 UTC,America/Argentina/Cordoba,1381910,pabloedgardo,Pablo Edgardo Lucconi Grisolia,2026-01-13 20:23:34 UTC,2026-01-14 20:58:50 UTC,research,CC-BY-NC,https://www.inaturalist.org/observations/334640191,https://inaturalist-open-data.s3.amazonaws.com/photos/607746400/medium.jpg,,"",,2,0,false,,"Puerto Iguazú, Misiones, Argentina",-25.595131679,-54.5857390669,13,,,,13,,,false,,,Pepitero gris,Saltator coerulescens,Saltador Gris,Aves,9850
334660517,052df4d4-e6e9-4526-883d-5d733fff1d2e,2026/01/10 2:15 PM,2026-01-10,2026-01-10 17:15:00 UTC,America/Argentina/Cordoba,301307,ezequielvera,Ezequiel Vera,2026-01-13 23:33:42 UTC,2026-01-14 20:56:49 UTC,research,CC-BY,https://www.inaturalist.org/observations/334660517,https://inaturalist-open-data.s3.amazonaws.com/photos/607787800/medium.jpg,,"","",2,0,false,,"San Javier, Córdoba, Argentina",-31.9427375728,-65.0665531228,144,,,,144,,,false,,,Pepitero gris,Saltator coerulescens,Saltador Gris,Aves,9850
334717160,db2c4d01-30d5-44fb-9757-d0915a7df79b,2026-01-14 08:21:31,2026-01-14,2026-01-14 11:21:31 UTC,America/Asuncion,1084354,vincent_mia_edie_verheyen,Vincent Mia Edie Verheyen,2026-01-14 12:55:53 UTC,2026-01-14 19:20:42 UTC,research,CC-BY,https://www.inaturalist.org/observations/334717160,https://inaturalist-open-data.s3.amazonaws.com/photos/607904748/medium.jpg,,"",,2,0,false,843,"Wenceslao López, Asunción, Central Department, PY",-25.3369,-57.5263,,,,,,,open,false,,,Bluish-gray Saltator,Saltator coerulescens,Saltador Gris,Aves,9850
334717251,d9f279be-40f0-4097-944a-d90df816ba94,2026-01-13 18:14:28,2026-01-13,2026-01-13 21:14:28 UTC,America/Asuncion,1084354,vincent_mia_edie_verheyen,Vincent Mia Edie Verheyen,2026-01-14 12:57:21 UTC,2026-01-14 19:02:49 UTC,research,CC-BY,https://www.inaturalist.org/observations/334717251,https://inaturalist-open-data.s3.amazonaws.com/photos/607904977/medium.jpg,,"",,2,0,false,843,"11 de Septiembre, San Lorenzo, Central Department, PY",-25.355,-57.5074,,,,,,,open,false,,,Bluish-gray Saltator,Saltator coerulescens,Saltador Gris,Aves,9850
334870616,c128db1d-0d54-465c-9c84-b920258418f7,2026/01/15 10:59 AM,2026-01-15,2026-01-15 13:59:00 UTC,America/Argentina/Cordoba,1461113,gustavopuente,Gustavo Puente,2026-01-15 20:32:01 UTC,2026-01-16 22:44:13 UTC,research,CC-BY-NC,https://www.inaturalist.org/observations/334870616,https://inaturalist-open-data.s3.amazonaws.com/photos/608216701/medium.jpg,,"",,1,0,false,,"Victoria, Entre Ríos, Argentina",-32.6850597671,-59.9950879726,4927,,,,4927,,,false,,,Pepitero gris,Saltator coerulescens,Saltador Gris,Aves,9850
334993327,86cf60ed-e0fc-42b5-9698-776aabc5cc89,2023/02/05 7:15 PM,2023-02-05,2023-02-05 22:15:00 UTC,America/Argentina/Cordoba,6279722,sanrafaelrnp,Pablo A. Vacca,2026-01-16 22:17:00 UTC,2026-01-17 20:49:06 UTC,research,CC-BY-NC,https://www.inaturalist.org/observations/334993327,https://inaturalist-open-data.s3.amazonaws.com/photos/608472737/medium.jpg,,"",,2,0,false,,"1° de Mayo, Chaco, Argentina",-27.2871596173,-59.053243573,221,,,,221,,,false,,,Pepitero gris,Saltator coerulescens,Saltador Gris,Aves,9850
335101735,a0b37ba5-0eed-41d4-ac20-acb42c2c2efe,2026/01/17 07:00,2026-01-17,2026-01-17 10:00:00 UTC,America/Belem,1386693,luizfernandomatos,Luiz Fernando Matos,2026-01-17 19:10:48 UTC,2026-01-22 10:19:12 UTC,research,,https://www.inaturalist.org/observations/335101735,,https://static.inaturalist.org/sounds/1743436.mp3?1768677045,"",,2,0,false,,"Marabá - PA, Brasil",-5.7985688034,-49.84364726,420,,,,420,,open,false,,,trinca-ferro-gongá,Saltator coerulescens,Saltador Gris,Aves,9850
335375706,b8154ef6-6681-4569-a2d2-87acd6986b8b,2026-01-19 13:33:18,2026-01-19,2026-01-19 17:33:18 UTC,America/Campo_Grande,10044582,lurian,Lurian Klein,2026-01-19 17:35:26 UTC,2026-01-21 10:31:32 UTC,research,CC-BY-NC,https://www.inaturalist.org/observations/335375706,https://inaturalist-open-data.s3.amazonaws.com/photos/609245647/medium.jpg,,"",,2,0,false,843,"Rua Joaquim Murtinho, Rio Verde de Mato Grosso, MS, BR",-18.9175616667,-54.8448366667,4,,,,4,,open,false,,,trinca-ferro-gongá,Saltator coerulescens,Saltador Gris,Aves,9850
335401757,e55a9fdf-a30d-478c-84da-21c419ebb1b6,2026-01-18 08:43:20,2026-01-18,2026-01-18 11:43:20 UTC,Buenos Aires,5462667,elbarbaguardaparque,Mariano Cosentino,2026-01-19 21:29:00 UTC,2026-01-19 22:35:31 UTC,research,CC-BY,https://www.inaturalist.org/observations/335401757,https://inaturalist-open-data.s3.amazonaws.com/photos/609297063/medium.jpg,,"",,1,0,false,2,Reserva Ecológica Vicente López,-34.4920062966,-58.4795956314,131,,,,131,,,false,gps,gps,Pepitero gris,Saltator coerulescens,Saltador Gris,Aves,9850
335436086,e3764c2d-4355-47dc-838b-d03aea0f4023,2026/01/17 6:33 PM,2026-01-17,2026-01-17 21:33:00 UTC,Buenos Aires,429193,bombin,Pablo Bombín,2026-01-20 03:03:30 UTC,2026-01-20 15:32:07 UTC,research,CC-BY,https://www.inaturalist.org/observations/335436086,https://inaturalist-open-data.s3.amazonaws.com/photos/609365645/medium.jpg,,"","",2,0,false,,"isla Talavera, Provincia de Buenos Aires, Argentina",-33.9997715,-58.9890084,194,,,,194,,,false,,,Pepitero gris,Saltator coerulescens,Saltador Gris,Aves,9850
335529039,709f6aeb-0c39-4696-b7cf-44bb41fb9aea,2026-01-18 14:22:14,2026-01-18,2026-01-18 17:22:14 UTC,Buenos Aires,6347711,camila_von_rebeur,Camila Abril von Rebeur Paschwitz,2026-01-20 22:32:02 UTC,2026-01-21 17:29:47 UTC,research,CC-BY-NC,https://www.inaturalist.org/observations/335529039,https://inaturalist-open-data.s3.amazonaws.com/photos/609553174/medium.jpg,,"",,2,0,false,2,"Puerto Madero, Cdad. Autónoma de Buenos Aires, Argentina",-34.6075661961,-58.3509669453,479,,,,479,,,false,gps,gps,Pepitero gris,Saltator coerulescens,Saltador Gris,Aves,9850
335658526,7a947a7f-616c-4fb0-8baf-d2c1438704c9,2026-01-11 06:09:48-03:00,2026-01-11,2026-01-11 09:09:48 UTC,Brasilia,10075925,leandrorezende,Leandro Rezende,2026-01-22 00:43:45 UTC,2026-01-22 01:17:56 UTC,research,CC-BY-NC,https://www.inaturalist.org/observations/335658526,https://inaturalist-open-data.s3.amazonaws.com/photos/609813804/medium.jpg,,"","",1,0,false,3,"Zona Rural, Ibirité, MG, BR",-20.0127429089,-44.109649561,144,,,,144,,open,false,,,trinca-ferro-gongá,Saltator coerulescens,Saltador Gris,Aves,9850
335665485,a2031a86-8be6-49bc-ad43-8ceb8f532d8b,2026/01/21 1:29 PM,2026-01-21,2026-01-21 19:29:00 UTC,America/Merida,3609704,criscatz,Cristina Cauich-Tzab,2026-01-22 01:58:02 UTC,2026-01-22 02:39:38 UTC,research,,https://www.inaturalist.org/observations/335665485,https://static.inaturalist.org/photos/609825181/medium.jpg,,"",individuo 2,1,0,false,,"Tekik de Regil, Yuc., México",20.8119793957,-89.5619378806,362,,,,362,,open,false,,,Saltador Gris,Saltator coerulescens,Saltador Gris,Aves,9850
335735188,3dc7fdee-412b-406d-9c83-d5c5dcab5f32,2026-01-22 09:45:47,2026-01-22,2026-01-22 14:45:47 UTC,America/Rio_Branco,9457995,brunnotts,Brunno Thadeu,2026-01-22 18:10:55 UTC,2026-01-22 18:20:34 UTC,research,CC-BY-NC,https://www.inaturalist.org/observations/335735188,https://inaturalist-open-data.s3.amazonaws.com/photos/609971974/medium.jpg,,"",,1,0,false,2,"Flor de Maio, Rio Branco - AC, 69912, Brasil",-9.966398099,-67.8423035145,71,,,,71,,open,false,gps,gps,trinca-ferro-gongá,Saltator coerulescens,Saltador Gris,Aves,9850
336079665,4295866d-82ef-4b93-8e8d-30711a0b7ca3,2026/01/20 08:56,2026-01-20,2026-01-20 11:56:00 UTC,Brasilia,2358086,amandapmarcon,"",2026-01-25 11:46:04 UTC,2026-01-27 02:03:44 UTC,research,CC-BY-NC,https://www.inaturalist.org/observations/336079665,https://inaturalist-open-data.s3.amazonaws.com/photos/610658931/medium.jpg,,"","",1,0,false,,"São Borja, RS, 97670-000, Brasil",-28.659954,-56.0065719,5484,,,,5484,,open,false,,,trinca-ferro-gongá,Saltator coerulescens,Saltador Gris,Aves,9850
336532950,08bc1656-37f8-45c1-b0fe-90bd5b6240d6,2026-01-28 18:56:31,2026-01-28,2026-01-28 21:56:31 UTC,America/Asuncion,1084354,vincent_mia_edie_verheyen,Vincent Mia Edie Verheyen,2026-01-29 02:19:49 UTC,2026-01-29 18:11:20 UTC,research,CC-BY,https://www.inaturalist.org/observations/336532950,https://inaturalist-open-data.s3.amazonaws.com/photos/611569402/medium.jpg,,"",,2,0,false,843,"Andrés Barbero, Asunción, Central Department, PY",-25.3377,-57.534,,,,,,,open,false,,,Bluish-gray Saltator,Saltator coerulescens,Saltador Gris,Aves,9850
336537703,78abcf0a-3db1-4fa5-8650-f015effe67bf,2026-01-28 18:45:22,2026-01-28,2026-01-28 21:45:22 UTC,America/Asuncion,1084354,vincent_mia_edie_verheyen,Vincent Mia Edie Verheyen,2026-01-29 03:22:08 UTC,2026-01-29 13:14:06 UTC,research,CC-BY,https://www.inaturalist.org/observations/336537703,https://inaturalist-open-data.s3.amazonaws.com/photos/611579823/medium.jpg,,"",,2,0,false,843,"Andrés Barbero, Asunción, Central Department, PY",-25.3361,-57.5335,,,,,,,open,false,,,Bluish-gray Saltator,Saltator coerulescens,Saltador Gris,Aves,9850
336582600,77072554-62db-4e3e-93b0-3b873c188f07,2026-01-29 11:57:44,2026-01-29,2026-01-29 14:57:44 UTC,America/Argentina/Cordoba,7496809,zoecejas,,2026-01-29 15:05:56 UTC,2026-01-29 15:23:40 UTC,research,CC-BY-NC,https://www.inaturalist.org/observations/336582600,https://inaturalist-open-data.s3.amazonaws.com/photos/611673724/medium.jpg,,"",,1,0,false,2,"Chancay 650, X5003 Córdoba, Argentina",-31.3867957,-64.2505542,,,,,,,,false,gps,gps,Pepitero gris,Saltator coerulescens,Saltador Gris,Aves,9850
336769622,2168bc09-1488-4f43-ad83-09a68c59230d,2023/01/10 5:50 PM,2023-01-10,2023-01-10 20:50:00 UTC,America/Argentina/Cordoba,1038698,jodiboe,jodiboe,2026-01-31 03:31:17 UTC,2026-01-31 13:01:28 UTC,research,,https://www.inaturalist.org/observations/336769622,https://static.inaturalist.org/photos/612052094/medium.jpg,,"",,2,0,false,,"Ituzaingó Department, Corrientes Province, Argentina",-27.8573466667,-56.9058316667,,,,,,,,false,,,Bluish-gray Saltator,Saltator coerulescens,Saltador Gris,Aves,9850
336817282,65fc30d7-7537-4d5a-a386-9195ffe32fc4,2026-01-31 07:52:19-03:00,2026-01-31,2026-01-31 10:52:19 UTC,America/Argentina/Cordoba,1365546,argonauta,Rosario,2026-01-31 14:37:15 UTC,2026-03-01 01:10:44 UTC,research,CC-BY,https://www.inaturalist.org/observations/336817282,https://inaturalist-open-data.s3.amazonaws.com/photos/620038937/medium.jpg,,"","",1,0,false,3,"Napenay, Chaco, AR",-26.687322217,-60.6570992688,44,,,,44,,,false,,,Bluish-gray Saltator,Saltator coerulescens,Saltador Gris,Aves,9850
336856981,b581375b-2854-4352-a231-ff6fa07c131a,2026-01-27 18:25:34,2026-01-27,2026-01-27 21:25:34 UTC,America/Argentina/Cordoba,9602397,nehu_carbonell,Nehuen Carbonell,2026-01-31 20:20:25 UTC,2026-02-02 01:35:38 UTC,research,CC-BY-NC,https://www.inaturalist.org/observations/336856981,https://inaturalist-open-data.s3.amazonaws.com/photos/612229399/medium.jpg,,"",,1,0,false,2,"28WJ+9G, Gral. Alvear, Entre Ríos, Argentina",-31.9549438269,-60.6699914485,24,,,,24,,,false,gps,gps,Pepitero gris,Saltator coerulescens,Saltador Gris,Aves,9850
336861715,a947c7b2-3e75-441f-a1ca-f7ca82c891a9,2026-01-27 19:20:42,2026-01-27,2026-01-27 22:20:42 UTC,America/Argentina/Cordoba,9602397,nehu_carbonell,Nehuen Carbonell,2026-01-31 21:04:58 UTC,2026-02-02 01:35:31 UTC,research,CC-BY-NC,https://www.inaturalist.org/observations/336861715,https://inaturalist-open-data.s3.amazonaws.com/photos/612239009/medium.jpg,,"",,1,0,false,2,"28WJ+9G, Gral. Alvear, Entre Ríos, Argentina",-31.9545108627,-60.6692048907,13,,,,13,,,false,gps,gps,Pepitero gris,Saltator coerulescens,Saltador Gris,Aves,9850
336866224,fd183c30-ea38-4fbf-b599-c07c8c0b6859,2026-01-28 10:45:32,2026-01-28,2026-01-28 13:45:32 UTC,America/Argentina/Cordoba,9602397,nehu_carbonell,Nehuen Carbonell,2026-01-31 21:45:32 UTC,2026-02-02 01:35:04 UTC,research,CC-BY-NC,https://www.inaturalist.org/observations/336866224,https://inaturalist-open-data.s3.amazonaws.com/photos/612248173/medium.jpg,,"",,1,0,false,2,"28WJ+9G, Gral. Alvear, Entre Ríos, Argentina",-31.9544935099,-60.6692397594,6,,,,6,,,false,gps,gps,Pepitero gris,Saltator coerulescens,Saltador Gris,Aves,9850
336872441,e019016a-166b-485b-8fb4-c66972ae1d66,2026-01-28 12:50:53,2026-01-28,2026-01-28 15:50:53 UTC,America/Argentina/Cordoba,9602397,nehu_carbonell,Nehuen Carbonell,2026-01-31 22:35:17 UTC,2026-02-02 01:38:15 UTC,research,CC-BY-NC,https://www.inaturalist.org/observations/336872441,https://inaturalist-open-data.s3.amazonaws.com/photos/612261252/medium.jpg,,"",Se nos acerco a comer unas semillitas que se nos habían caído ,1,0,false,2,"Diamante, Entre Ríos, Argentina",-32.1221349341,-60.6336900964,35,,,,35,,,false,,,Pepitero gris,Saltator coerulescens,Saltador Gris,Aves,9850
336905823,97efb7ee-f6b3-4502-abcd-6cc923e092ac,2026-01-30 10:58:02,2026-01-30,2026-01-30 13:58:02 UTC,America/Argentina/Cordoba,4026861,cecilia_fer_diaz,Cecilia Fer Díaz,2026-02-01 03:54:51 UTC,2026-02-02 01:28:49 UTC,research,CC-BY,https://www.inaturalist.org/observations/336905823,https://inaturalist-open-data.s3.amazonaws.com/photos/612330961/medium.jpg,,"",,1,0,false,2,"N 3301, N3301 Posadas, Misiones, Argentina",-27.3610374472,-55.9106841311,7,,,,7,,,false,gps,gps,Saltador Gris,Saltator coerulescens,Saltador Gris,Aves,9850
336906805,e4626c86-a651-47a3-bc7e-ac4e28761b97,2026-01-30 10:58:49,2026-01-30,2026-01-30 13:58:49 UTC,America/Argentina/Cordoba,4026861,cecilia_fer_diaz,Cecilia Fer Díaz,2026-02-01 04:07:30 UTC,2026-02-02 01:28:46 UTC,research,CC-BY,https://www.inaturalist.org/observations/336906805,https://inaturalist-open-data.s3.amazonaws.com/photos/612333135/medium.jpg,,"",,1,0,false,2,"N 3301, N3301 Posadas, Misiones, Argentina",-27.3610258342,-55.9106690437,5,,,,5,,,false,gps,gps,Saltador Gris,Saltator coerulescens,Saltador Gris,Aves,9850
336908863,0ef6ae1b-cadd-4ff5-a501-ab0c6b12f444,2026-01-31 15:57:31,2026-01-31,2026-01-31 18:57:31 UTC,America/Argentina/Cordoba,4026861,cecilia_fer_diaz,Cecilia Fer Díaz,2026-02-01 04:32:01 UTC,2026-02-01 20:55:23 UTC,research,CC-BY,https://www.inaturalist.org/observations/336908863,https://inaturalist-open-data.s3.amazonaws.com/photos/612337280/medium.jpg,,"",,2,0,false,2,"N3301 Posadas, Misiones, Argentina",-27.3993485145,-55.9450516105,28,,,,28,,,false,gps,gps,Saltador Gris,Saltator coerulescens,Saltador Gris,Aves,9850
336943765,c29397c6-ee7d-4549-945d-f4962324ffb2,2026/01/29 6:47 PM,2026-01-29,2026-01-29 21:47:00 UTC,America/Argentina/Cordoba,1365546,argonauta,Rosario,2026-02-01 12:13:42 UTC,2026-02-02 14:35:20 UTC,research,CC-BY,https://www.inaturalist.org/observations/336943765,https://inaturalist-open-data.s3.amazonaws.com/photos/612408020/medium.jpg,,"","",1,0,false,,"San Miguel Department, Corrientes Province, Argentina",-27.7417277778,-57.252175,23,,,,23,,,false,,,Bluish-gray Saltator,Saltator coerulescens,Saltador Gris,Aves,9850
336998042,6a43fc74-0187-4aa4-9e1e-e34fde33c120,2026/01/30 8:55 AM,2026-01-30,2026-01-30 11:55:00 UTC,America/Argentina/Cordoba,3660438,sebalovera_,Sebastián Lovera,2026-02-01 20:31:40 UTC,2026-02-01 20:34:34 UTC,research,CC-BY-NC,https://www.inaturalist.org/observations/336998042,https://inaturalist-open-data.s3.amazonaws.com/photos/612517417/medium.jpg,,"","",1,0,false,,monte vera,-31.512434,-60.610868,226,,,,226,,,false,,,Pepitero gris,Saltator coerulescens,Saltador Gris,Aves,9850
337056437,0c2a0b80-0d6c-4455-a1b8-5de5397b4545,2026-02-01 10:09:21,2026-02-01,2026-02-01 13:09:21 UTC,America/Argentina/Cordoba,4026861,cecilia_fer_diaz,Cecilia Fer Díaz,2026-02-02 05:26:54 UTC,2026-02-02 17:40:11 UTC,research,CC-BY,https://www.inaturalist.org/observations/337056437,https://inaturalist-open-data.s3.amazonaws.com/photos/612638941/medium.jpg,,"",,2,0,false,2,"JXWW+4Q, Nemesio Parma, Misiones, Argentina",-27.3562233247,-56.0040836781,13,,,,13,,,false,gps,gps,Saltador Gris,Saltator coerulescens,Saltador Gris,Aves,9850
337279685,c522ed92-80d1-44f4-b11c-e19ffde443f4,2026/01/30 7:08 AM,2026-01-30,2026-01-30 10:08:00 UTC,America/Argentina/Cordoba,1365546,argonauta,Rosario,2026-02-04 02:45:39 UTC,2026-02-04 21:49:26 UTC,research,CC-BY,https://www.inaturalist.org/observations/337279685,https://inaturalist-open-data.s3.amazonaws.com/photos/613090048/medium.jpg,,"","",2,0,false,,"San Miguel Department, Corrientes Province, Argentina",-27.7417277778,-57.252175,23,,,,23,,,false,,,Bluish-gray Saltator,Saltator coerulescens,Saltador Gris,Aves,9850
337317783,4cc61557-0176-42ed-be51-92893b48c755,2026/02/01 11:41 AM,2026-02-01,2026-02-01 14:41:00 UTC,America/Argentina/Tucuman,688093,analiab87,Analía Benavidez,2026-02-04 12:56:19 UTC,2026-02-04 14:16:04 UTC,research,CC-BY-NC,https://www.inaturalist.org/observations/337317783,https://inaturalist-open-data.s3.amazonaws.com/photos/613170310/medium.jpg,,"",,1,0,false,,"San Pedro de Colalao, Tucumán, Argentina",-26.2409199417,-65.4938236295,15,,,,15,,,false,,,Pepitero gris,Saltator coerulescens,Saltador Gris,Aves,9850
337480126,c82c42ea-ca2e-4ada-bdfb-d15a51e4ddf6,2023/01/11 8:11 AM,2023-01-11,2023-01-11 11:11:00 UTC,America/Argentina/Cordoba,1038698,jodiboe,jodiboe,2026-02-05 22:41:24 UTC,2026-02-05 23:13:43 UTC,research,,https://www.inaturalist.org/observations/337480126,https://static.inaturalist.org/photos/613507495/medium.jpg,,"",,1,0,false,,"Ituzaingó Department, Corrientes Province, Argentina",-27.8572111111,-56.905925,55,,,,55,,,false,,,Bluish-gray Saltator,Saltator coerulescens,Saltador Gris,Aves,9850
337538361,43a8fa49-7924-42bd-9521-9d680e05fa56,2026/02/06 7:35 AM,2026-02-06,2026-02-06 10:35:00 UTC,America/Belem,1976547,mairafernandes,Maíra Fernandes,2026-02-06 12:45:47 UTC,2026-02-06 19:35:10 UTC,research,CC-BY-NC,https://www.inaturalist.org/observations/337538361,https://inaturalist-open-data.s3.amazonaws.com/photos/613623991/medium.jpg,,"","",3,0,false,,"Estr. da Olaria, Itupiranga - PA, 68580-000, Brasil",-5.1408604,-49.3257254,344,,,,344,,open,false,,,trinca-ferro-gongá,Saltator coerulescens,Saltador Gris,Aves,9850
337538497,83191c37-67ff-4157-b77b-dfd2ee335057,2026/02/06 7:37 AM,2026-02-06,2026-02-06 10:37:00 UTC,America/Belem,1976547,mairafernandes,Maíra Fernandes,2026-02-06 12:46:57 UTC,2026-02-06 19:35:21 UTC,research,CC-BY-NC,https://www.inaturalist.org/observations/337538497,https://inaturalist-open-data.s3.amazonaws.com/photos/613624099/medium.jpg,,"","",2,0,false,,"Estr. da Olaria, Itupiranga - PA, 68580-000, Brasil",-5.1408604,-49.3257254,344,,,,344,,open,false,,,trinca-ferro-gongá,Saltator coerulescens,Saltador Gris,Aves,9850
337699223,e964a4b0-77d8-4161-9811-fb5a9379aac8,2026/01/31 6:29 PM,2026-01-31,2026-01-31 21:29:00 UTC,America/Argentina/Cordoba,3555874,micaelayakowitz22,"",2026-02-07 18:58:18 UTC,2026-02-07 20:56:39 UTC,research,CC-BY-NC,https://www.inaturalist.org/observations/337699223,https://inaturalist-open-data.s3.amazonaws.com/photos/613952074/medium.jpg,,"",,2,0,false,,"Parque Nacional Pre-Delta, Av. Pres. Néstor Kirchner 3105, Diamante, Entre Ríos, Argentina",-32.1216029,-60.6340393,193,,,,193,,,false,,,Pepitero gris,Saltator coerulescens,Saltador Gris,Aves,9850
337699232,ab70d315-1aa3-42d3-91f9-831b7ed91d66,2026/02/01 9:45 AM,2026-02-01,2026-02-01 12:45:00 UTC,America/Argentina/Cordoba,3555874,micaelayakowitz22,"",2026-02-07 18:58:19 UTC,2026-02-07 20:56:32 UTC,research,CC-BY-NC,https://www.inaturalist.org/observations/337699232,https://inaturalist-open-data.s3.amazonaws.com/photos/613952109/medium.jpg,,"",,1,0,false,,"Parque Nacional Pre-Delta, Av. Pres. Néstor Kirchner 3105, Diamante, Entre Ríos, Argentina",-32.1216029,-60.6340393,193,,,,193,,,false,,,Pepitero gris,Saltator coerulescens,Saltador Gris,Aves,9850
337699280,9ca0c27c-5ffb-44ee-9d1a-b153669883cd,2026/01/31 5:47 PM,2026-01-31,2026-01-31 20:47:00 UTC,America/Argentina/Cordoba,3555874,micaelayakowitz22,"",2026-02-07 18:58:37 UTC,2026-02-07 22:31:22 UTC,research,CC-BY-NC,https://www.inaturalist.org/observations/337699280,https://inaturalist-open-data.s3.amazonaws.com/photos/613952338/medium.jpg,,"",,1,0,false,,"Parque Nacional Pre-Delta, Av. Pres. Néstor Kirchner 3105, Diamante, Entre Ríos, Argentina",-32.1216029,-60.6340393,193,,,,193,,,false,,,Pepitero gris,Saltator coerulescens,Saltador Gris,Aves,9850
337705890,a7535632-2585-47c2-9575-4826b67f10a5,2026/02/07 8:45 AM,2026-02-07,2026-02-07 11:45:00 UTC,America/Asuncion,6302269,brigitte321,Brigitte Schmidt,2026-02-07 19:56:29 UTC,2026-02-07 20:47:34 UTC,research,CC-BY-NC,https://www.inaturalist.org/observations/337705890,https://inaturalist-open-data.s3.amazonaws.com/photos/613967994/medium.jpg,,"",,1,0,false,,"Obrero, 070202 Bella Vista Sur, Paraguay",-27.0510258916,-55.5661057989,2,,,,2,,open,false,,,Saltador Gris,Saltator coerulescens,Saltador Gris,Aves,9850
337741257,20a2fe04-36bf-4bdd-a0ec-4cf22def7bab,2026/02/03 7:42 PM,2026-02-03,2026-02-03 22:42:00 UTC,Buenos Aires,5521728,juli18,Juli Riccione,2026-02-08 01:13:31 UTC,2026-02-08 01:27:18 UTC,research,,https://www.inaturalist.org/observations/337741257,https://static.inaturalist.org/photos/614039636/medium.jpg,,"","",1,0,false,,"Área Reserva Cinturón Ecológico, Provincia de Buenos Aires, Argentina",-34.6674027543,-58.3139171633,4,,,,4,,,false,,,Pepitero gris,Saltator coerulescens,Saltador Gris,Aves,9850
337872163,964f3b6a-f306-4410-9536-379e28e68317,2026-02-08 19:58:03-03:00,2026-02-08,2026-02-08 22:58:03 UTC,Buenos Aires,755417,martianz,Martín Anzorena,2026-02-08 22:59:36 UTC,2026-02-09 21:51:17 UTC,research,CC-BY-NC,https://www.inaturalist.org/observations/337872163,https://inaturalist-open-data.s3.amazonaws.com/photos/614309435/medium.jpg,,"","",4,1,false,3,"Ida hasta la playa, San Isidro, Provincia de Buenos Aires, AR",-34.4687544961,-58.4936006125,242,,,,242,,,false,,,Pepitero gris,Saltator coerulescens,Saltador Gris,Aves,9850
337935661,5e7fac93-5df1-4aa3-ab34-259d34509a8d,2026-02-08 10:14:14,2026-02-08,2026-02-08 13:14:14 UTC,America/Asuncion,9824887,adriana_delpuerto,"",2026-02-09 11:38:09 UTC,2026-02-09 13:24:22 UTC,research,CC-BY-NC,https://www.inaturalist.org/observations/337935661,https://inaturalist-open-data.s3.amazonaws.com/photos/614441471/medium.jpg,,"",,1,0,false,2,"F9PJ+2H6, Cd. del Este 100151, Paraguay",-25.5157064376,-54.6197775006,572,,,,572,,open,false,gps,gps,Pepitero gris,Saltator coerulescens,Saltador Gris,Aves,9850
338003675,c86d9114-3767-448a-a008-09d37efe5110,2026/01/05 11:57 AM,2026-01-05,2026-01-05 16:57:00 UTC,America/Cancun,7140479,edgarku,,2026-02-09 22:58:45 UTC,2026-02-15 18:59:37 UTC,research,CC-BY-NC-SA,https://www.inaturalist.org/observations/338003675,https://inaturalist-open-data.s3.amazonaws.com/photos/614573291/medium.jpg,,"",,2,0,false,,"77582 Central Vallarta, Q.R., México",20.8640764891,-87.0453541624,31,,,,31,,open,false,,,Saltador Gris,Saltator coerulescens,Saltador Gris,Aves,9850
338074790,cc4cdb0c-88ca-4b6b-b930-d258c98ad183,2026-02-08 10:12:25,2026-02-08,2026-02-08 13:12:25 UTC,America/Argentina/Cordoba,4026861,cecilia_fer_diaz,Cecilia Fer Díaz,2026-02-10 14:10:42 UTC,2026-02-10 15:42:06 UTC,research,CC-BY,https://www.inaturalist.org/observations/338074790,https://inaturalist-open-data.s3.amazonaws.com/photos/614726679/medium.jpg,,"",,4,0,false,2,"3300, Posadas, Misiones, Argentina",-27.3974389767,-55.9555172548,26,,,,26,,,false,gps,gps,Saltador Gris,Saltator coerulescens,Saltador Gris,Aves,9850
338100766,1f0d125a-10b1-48a8-882b-e872eb9a1b3a,2026/02/04,2026-02-04,,America/Rio_Branco,9107666,telurico_pelo_mundo,Telúrico,2026-02-10 18:27:16 UTC,2026-02-10 20:46:30 UTC,research,CC-BY-NC,https://www.inaturalist.org/observations/338100766,https://inaturalist-open-data.s3.amazonaws.com/photos/614777898/medium.jpg,,"",,1,0,false,,"Horto Florestal, Rio Branco - AC, 69914, Brasil",-9.9455760728,-67.8275146369,18,,,,18,,open,false,,,trinca-ferro-gongá,Saltator coerulescens,Saltador Gris,Aves,9850
338126865,07fc7c2d-de9e-4f84-8819-0ce92a8b2c13,2026-02-10 19:15:35-03:00,2026-02-10,2026-02-10 22:15:35 UTC,America/Argentina/Cordoba,10109629,gaba_puglia,Gabriela Sosa,2026-02-10 22:18:19 UTC,2026-02-12 18:55:26 UTC,research,CC-BY-NC,https://www.inaturalist.org/observations/338126865,https://inaturalist-open-data.s3.amazonaws.com/photos/614831140/medium.jpg,,"","",2,0,false,3,"Allais, Concepción del Uruguay, Entre Ríos, AR",-32.4713380063,-58.2728964054,73,,,,73,,,false,,,Saltador Gris,Saltator coerulescens,Saltador Gris,Aves,9850
338276320,f6dd3f66-0a9f-44e3-b809-59e058be44d2,2026-02-11 08:40:37,2026-02-11,2026-02-11 11:40:37 UTC,America/Argentina/Cordoba,4026861,cecilia_fer_diaz,Cecilia Fer Díaz,2026-02-12 03:06:01 UTC,2026-02-12 17:45:19 UTC,research,CC-BY,https://www.inaturalist.org/observations/338276320,https://inaturalist-open-data.s3.amazonaws.com/photos/615137282/medium.jpg,,"",,1,0,false,2,"27.3618551, -55.9102164, N3300 Posadas, Misiones, Argentina",-27.362226429,-55.9105785191,30,,,,30,,,false,gps,gps,Saltador Gris,Saltator coerulescens,Saltador Gris,Aves,9850
338366053,479ebabf-c0ca-4c38-a2e9-3df0963fdb8f,2026-02-12,2026-02-12,,Bogota,5230483,anyi_duran,,2026-02-12 22:28:56 UTC,2026-02-23 23:22:35 UTC,needs_id,CC-BY-NC,https://www.inaturalist.org/observations/338366053,,https://static.inaturalist.org/sounds/1765302.wav?1770935346,"",,0,0,false,2,"Abrego, CO-NS, CO",8.0764117617,-73.2250903174,7,,,,7,,open,false,gps,gps,Saltador Gris,Saltator coerulescens,Saltador Gris,Aves,9850
338569712,6a7f9dd5-ac23-4b27-bbdc-558f769a9ca6,2026-02-14 11:35:00,2026-02-14,2026-02-14 14:35:00 UTC,America/Asuncion,1084354,vincent_mia_edie_verheyen,Vincent Mia Edie Verheyen,2026-02-14 15:08:16 UTC,2026-02-14 15:36:37 UTC,research,CC-BY,https://www.inaturalist.org/observations/338569712,https://inaturalist-open-data.s3.amazonaws.com/photos/615747742/medium.jpg,,"",,1,0,false,843,"Eduardo Guasp, Asunción, Central Department, PY",-25.3381,-57.5324,,,,,,,open,false,,,Bluish-gray Saltator,Saltator coerulescens,Saltador Gris,Aves,9850
338755777,84f812cc-ed12-4269-843e-b73f9f9e3873,2026/02/15 7:02 AM,2026-02-15,2026-02-15 10:02:00 UTC,America/Argentina/Cordoba,6692511,carmenoviedo,,2026-02-15 18:57:49 UTC,2026-02-16 13:12:59 UTC,research,CC-BY-NC,https://www.inaturalist.org/observations/338755777,https://inaturalist-open-data.s3.amazonaws.com/photos/616109412/medium.jpg,,"",Arroyo Mártires,2,0,false,,"Arroyo Mártires, Misiones, Argentina",-27.406951,-55.958136,4284,,,,4284,,,false,,,Saltador Gris,Saltator coerulescens,Saltador Gris,Aves,9850
339029679,1f099b01-5c53-4a4b-a4ed-607c8cead668,2026/01/07 10:56,2026-01-07,2026-01-07 13:56:00 UTC,America/Santarem,2234015,gabrielvolkerlacerda,Gabriel Völker Lacerda,2026-02-17 13:58:00 UTC,2026-02-21 20:18:15 UTC,research,CC-BY-NC,https://www.inaturalist.org/observations/339029679,https://inaturalist-open-data.s3.amazonaws.com/photos/616648808/medium.jpg,,"",,1,0,false,,"Alter do Chão, Santarém - PA, Brasil",-2.5038240476,-54.9570894753,2,,,,2,,open,false,,,trinca-ferro-gongá,Saltator coerulescens,Saltador Gris,Aves,9850
339214842,4c5da7c8-b34e-4171-90e0-018bea1387d8,2026/02/15 6:14 AM,2026-02-15,2026-02-15 11:14:00 UTC,America/Guayaquil,1428321,dawicho,David Torres,2026-02-18 21:44:05 UTC,2026-02-23 22:14:12 UTC,needs_id,CC-BY-NC,https://www.inaturalist.org/observations/339214842,,https://static.inaturalist.org/sounds/1771369.wav?1771450911,"",,0,0,false,,"Mera, Ecuador",-1.3696777846,-78.0162220869,133,,,,133,,open,false,,,Saltator coerulescens,Saltator coerulescens,Saltador Gris,Aves,9850
339240039,75458d3f-68f9-455c-913a-66e1af6ba340,2026/02/18,2026-02-18,,America/Guayaquil,2836334,jfine,Jodhan Fine,2026-02-19 02:08:19 UTC,2026-02-19 02:08:19 UTC,needs_id,,https://www.inaturalist.org/observations/339240039,https://static.inaturalist.org/photos/617080568/medium.jpg,,"",,0,0,false,,"X86P+P59, Puerto Misahuallí, Ecuador",-1.038206,-77.664505,217,,,,217,,open,false,,,Bluish-gray Saltator,Saltator coerulescens,Saltador Gris,Aves,9850
339380399,1d519209-9bdd-42f0-b122-693e57415259,2026/02/16 6:41 PM,2026-02-16,2026-02-16 21:41:00 UTC,America/Argentina/Cordoba,144,trekman,Gustavo Fernando Durán,2026-02-20 03:17:59 UTC,2026-02-20 18:01:18 UTC,research,CC-BY-NC,https://www.inaturalist.org/observations/339380399,https://inaturalist-open-data.s3.amazonaws.com/photos/617366420/medium.jpg,,"",,2,0,false,,"Río Primero, Córdoba, Argentina",-30.8217361111,-62.8835944444,,,,,,,,false,,,Pepitero gris,Saltator coerulescens,Saltador Gris,Aves,9850
339509124,ec60f7e2-16cc-448b-8c19-b245bc54e49a,2026-02-20 18:11:44,2026-02-20,2026-02-20 21:11:44 UTC,America/Argentina/Jujuy,6142967,romandemaria,Román Demaría,2026-02-21 02:27:40 UTC,2026-02-22 20:29:16 UTC,needs_id,,https://www.inaturalist.org/observations/339509124,https://static.inaturalist.org/photos/618082831/medium.jpg,,"",395,0,0,false,2,"San Antonio, AR-JY, AR",-24.31324991,-65.29289059,7,,,,7,,,false,,,Pepitero gris,Saltator coerulescens,Saltador Gris,Aves,9850
339601220,5bd26d03-14c5-442f-85a3-b41b4179842f,2026-01-06 14:40:00,2026-01-06,2026-01-06 17:40:00 UTC,America/Fortaleza,5409122,welligton,Welligton Da Mota Ferreira,2026-02-21 18:36:07 UTC,2026-02-21 21:57:36 UTC,research,,https://www.inaturalist.org/observations/339601220,https://static.inaturalist.org/photos/617817772/medium.jpg,,"",,1,0,false,2,"João Lisboa - MA, Brasil",-5.3840672099,-47.398310937,11,,,,11,,open,false,gps,gps,trinca-ferro-gongá,Saltator coerulescens,Saltador Gris,Aves,9850
339783359,11069397-370c-4e02-9704-cb0f1c285361,2026-02-22 12:23:33-05:00,2026-02-22,2026-02-22 17:23:33 UTC,America/Guayaquil,2276101,robin04,Robin,2026-02-22 20:34:57 UTC,2026-02-22 20:35:57 UTC,needs_id,,https://www.inaturalist.org/observations/339783359,https://static.inaturalist.org/photos/618184942/medium.jpg,,"","",0,0,false,3,"Shushufindi, Sucumbios, EC",-0.4983329682,-76.373392653,9,,,,9,,open,false,,,"",Saltator coerulescens,Saltador Gris,Aves,9850
339810322,f9c1e3c0-950d-4e48-a634-1e0b31ca53ac,2026/02/22 8:07 AM,2026-02-22,2026-02-22 11:07:00 UTC,America/Belem,1976547,mairafernandes,Maíra Fernandes,2026-02-22 23:46:15 UTC,2026-02-26 11:42:08 UTC,research,CC-BY-NC,https://www.inaturalist.org/observations/339810322,https://inaturalist-open-data.s3.amazonaws.com/photos/618240780/medium.jpg,,"","",2,0,false,,"Estr. do Tauari, Itupiranga - PA, 68580-000, Brasil",-5.1117459,-49.3367491,1973,,,,1973,,open,false,,,trinca-ferro-gongá,Saltator coerulescens,Saltador Gris,Aves,9850
339918257,767a3fcc-373c-4c6b-b88d-b95998afd72b,2026/02/12,2026-02-12,,America/Rio_Branco,9107666,telurico_pelo_mundo,Telúrico,2026-02-23 18:17:36 UTC,2026-02-23 18:29:12 UTC,research,CC-BY-NC,https://www.inaturalist.org/observations/339918257,https://inaturalist-open-data.s3.amazonaws.com/photos/618461225/medium.jpg,,"",,1,0,false,,"Horto Florestal, Rio Branco - AC, 69914, Brasil",-9.9457281485,-67.8280753271,12,,,,12,,open,false,,,trinca-ferro-gongá,Saltator coerulescens,Saltador Gris,Aves,9850
340232089,ae1842c2-89fb-4146-acf2-6457506f856b,2026/02/25 7:38 AM,2026-02-25,2026-02-25 10:38:00 UTC,America/Asuncion,2197352,csegedimagyar,"",2026-02-25 23:49:20 UTC,2026-02-26 14:25:13 UTC,needs_id,,https://www.inaturalist.org/observations/340232089,https://static.inaturalist.org/photos/619111013/medium.jpg,,"",,1,0,false,,"Central, PY",-25.7902780421,-57.5918059463,31,,,,29936,obscured,open,true,,,Bluish-gray Saltator,Saltator coerulescens,Saltador Gris,Aves,9850
340420204,8a6a5217-1e83-49b2-a66c-ae372a698ee5,2026-02-26 10:41:51,2026-02-26,2026-02-26 13:41:51 UTC,America/Asuncion,1084354,vincent_mia_edie_verheyen,Vincent Mia Edie Verheyen,2026-02-27 09:22:37 UTC,2026-02-27 19:33:42 UTC,needs_id,CC-BY,https://www.inaturalist.org/observations/340420204,https://inaturalist-open-data.s3.amazonaws.com/photos/619491578/medium.jpg,,"",,1,0,false,843,"Dr. Emilio Cubas, Asunción, Central Department, PY",-25.341,-57.5329,,,,,,,open,false,,,Bluish-gray Saltator,Saltator coerulescens,Saltador Gris,Aves,9850
340437272,428df1be-5d7b-4259-ae53-bfb932502cf0,2026/01/23 16:48,2026-01-23,2026-01-23 21:48:00 UTC,America/Guayaquil,4094238,pierrebonmariage,pierrebonmariage,2026-02-27 13:06:56 UTC,2026-03-03 23:05:28 UTC,research,CC-BY-NC,https://www.inaturalist.org/observations/340437272,https://inaturalist-open-data.s3.amazonaws.com/photos/619527095/medium.jpg,,"","",1,0,false,,"Tena, Équateur",-1.0474082746,-77.6637395272,224,,,,224,,open,false,,,Saltator gris,Saltator coerulescens,Saltador Gris,Aves,9850
340604249,bd7ff42a-7dc9-44e7-a125-e889578be58e,2026/02/26 4:54 PM,2026-02-26,2026-02-26 19:54:00 UTC,Buenos Aires,6991327,franco_montano,Franco montaño,2026-02-28 15:41:58 UTC,2026-03-01 20:48:40 UTC,research,CC-BY-NC,https://www.inaturalist.org/observations/340604249,https://inaturalist-open-data.s3.amazonaws.com/photos/619860625/medium.jpg,,"",,2,0,false,,"B1641 Acassuso, Provincia de Buenos Aires, Argentina",-34.4706447217,-58.4946997217,,,,,,,,false,,,Pepitero gris,Saltator coerulescens,Saltador Gris,Aves,9850
340690413,e9501c8c-1f6b-4a33-8cfc-447a17410619,2026/01/30 8:21 AM,2026-01-30,2026-01-30 11:21:00 UTC,America/Argentina/Cordoba,1365546,argonauta,Rosario,2026-03-01 00:45:09 UTC,2026-03-01 08:57:55 UTC,research,CC-BY,https://www.inaturalist.org/observations/340690413,https://inaturalist-open-data.s3.amazonaws.com/photos/620031943/medium.jpg,,"","",1,0,false,,"San Miguel Department, Corrientes Province, Argentina",-27.7420524127,-57.2521647572,,,,,,,,false,,,Bluish-gray Saltator,Saltator coerulescens,Saltador Gris,Aves,9850
340847143,59060f58-bb9e-4db6-9af0-ef148f9e6722,2026-02-28 09:07:05,2026-02-28,2026-02-28 12:07:05 UTC,Buenos Aires,7888481,gb-arg,Germán Biondo,2026-03-01 22:06:15 UTC,2026-03-02 16:58:38 UTC,research,CC-BY-NC-ND,https://www.inaturalist.org/observations/340847143,https://inaturalist-open-data.s3.amazonaws.com/photos/620352228/medium.jpg,,"",,1,0,false,2,"San Vicente y Guaminí s/n, B1874 Villa Dominico, Provincia de Buenos Aires, Argentina",-34.6858970445,-58.316761069,189,,,,189,,,false,gps,gps,Pepitero gris,Saltator coerulescens,Saltador Gris,Aves,9850
