id,uuid,observed_on_string,observed_on,time_observed_at,time_zone,user_id,user_login,user_name,created_at,updated_at,quality_grade,license,url,image_url,sound_url,tag_list,description,num_identification_agreements,num_identification_disagreements,captive_cultivated,oauth_application_id,place_guess,latitude,longitude,positional_accuracy,private_place_guess,private_latitude,private_longitude,public_positional_accuracy,geoprivacy,taxon_geoprivacy,coordinates_obscured,positioning_method,positioning_device,species_guess,scientific_name,common_name,iconic_taxon_name,taxon_id
506878,12fd6c35-736e-465d-9577-aed8b677bf7e,2012-10-09 17:20:49,2012-10-09,2012-10-09 22:20:49 UTC,Central Time (US & Canada),15674,rolas101,Rolando Chavez,2014-01-22 01:03:02 UTC,2026-01-05 17:59:39 UTC,research,,http://www.inaturalist.org/observations/506878,https://static.inaturalist.org/photos/29169074/medium.jpeg,,"Great Kiskadee, Pitangus sulphuratus, Luis Bienteveo, Aves, Mexico, Tabasco","O mas bien el Royal Kiskadee
Laguna de las Ilusiones
Villahermosa, Tabasco, México
09-octubre-2012",4,0,false,,"Villahermosa, Tabasco, Mexico",18.012895,-92.939658,,,,,,,open,false,,"",Bienteveo común,Pitangus sulphuratus,Bienteveo Común,Aves,16956
581579,64146880-f0ea-42d7-9016-85205260f236,2011-01-21,2011-01-21,,Central Time (US & Canada),32993,c_h_hemphill,CH Hemphill,2014-03-24 23:05:43 UTC,2019-01-30 17:28:04 UTC,research,CC-BY-NC,http://www.inaturalist.org/observations/581579,https://inaturalist-open-data.s3.amazonaws.com/photos/739355/medium.JPG,,"","",3,0,false,,"Frio County, TX",28.831355,-99.10135,41131,,,,41131,,open,false,,,Great Kiskadee,Pitangus sulphuratus,Bienteveo Común,Aves,16956
1144177,11141c2c-157a-4cf1-905a-55a80386e47a,2006-05-15,2006-05-15,,Central Time (US & Canada),9706,greglasley,Greg Lasley,2014-12-23 23:50:52 UTC,2025-08-14 01:26:59 UTC,research,CC-BY-NC,http://www.inaturalist.org/observations/1144177,https://inaturalist-open-data.s3.amazonaws.com/photos/1440014/medium.jpg,,"","Great Kiskadee                       
Pitangus sulphuratus
with frog it just caught
Las Colmenas Ranch
near McCook,
Hidalgo Co., Texas
15 May 2006",6,0,false,,"near McCook, Hidalgo Co., Texas",26.542101,-98.308496,118,,,,118,,open,false,,,Great Kiskadee,Pitangus sulphuratus,Bienteveo Común,Aves,16956
1189381,29e80f0c-c0ba-4f79-95fd-a01140ed95f4,2015-01-08,2015-01-08,,Central Time (US & Canada),26931,kathydetweiler,Kathy Detweiler,2015-01-22 18:13:35 UTC,2025-08-13 07:15:38 UTC,research,CC-BY-NC,http://www.inaturalist.org/observations/1189381,https://inaturalist-open-data.s3.amazonaws.com/photos/1502441/medium.png,,"Great Kiskadee, Bird",Great Kiskadee pecking at a toad,5,0,false,,Bentsen State Park,26.19714,-98.377313,2756,,,,2756,,open,false,,,Great Kiskadee,Pitangus sulphuratus,Bienteveo Común,Aves,16956
2582594,5b733ce8-48ce-4e77-87df-13b35738f1b8,2016-01-10 06:21:08,2016-01-10,2016-01-10 12:21:08 UTC,Central Time (US & Canada),16522,scottbuckel,Scott Buckel,2016-01-15 03:52:21 UTC,2025-09-01 03:37:08 UTC,research,CC-BY-NC,http://www.inaturalist.org/observations/2582594,https://inaturalist-open-data.s3.amazonaws.com/photos/2883644/medium.jpg,,"Brazil, PASSERIFORMES, Perching Birds, Tyrannidae, Tyrant Flycatchers","From my last day in Brazil, this was the second day on the Amazon, while the previous days were on the Rio Negro.",5,1,false,,"Careiro, Amazonas, Brazil",-3.3672616667,-60.1918383333,,,,,,,open,false,,,Tyran quiquivi,Pitangus sulphuratus,Bienteveo Común,Aves,16956
3166055,59ed0344-e7a5-4f6d-9934-190ea9d8ffa4,2014-04-13,2014-04-13,,Mexico City,77824,adorantes,Alfredo Dorantes Euan,2016-05-13 19:35:11 UTC,2018-04-24 23:24:24 UTC,research,,http://conabio.inaturalist.org/observations/3166055,https://static.inaturalist.org/photos/3661027/medium.JPG,,Aves Quintana Roo,,3,0,false,,"Tulum, Quintana Roo",20.214527,-87.453369,33,,,,33,,open,false,,,Bienteveo,Pitangus sulphuratus,Bienteveo Común,Aves,16956
3414244,c8c9d8e9-563f-481e-81f9-33b0a5519a5a,2016-06-04 11:42,2016-06-04,2016-06-04 16:42:00 UTC,Central Time (US & Canada),17564,sheliahargis,Shelia Hargis,2016-06-09 00:43:45 UTC,2019-01-30 17:25:44 UTC,research,CC-BY-NC,http://www.inaturalist.org/observations/3414244,https://inaturalist-open-data.s3.amazonaws.com/photos/3952756/medium.JPG,,"Bird, Williamson County","",7,0,false,,Berry Springs Park and Preserve,30.684357,-97.643798,20,,,,20,,open,false,,,Great Kiskadee,Pitangus sulphuratus,Bienteveo Común,Aves,16956
3489753,0ea99f07-a6ed-4a17-97c9-f2b2cf2f09aa,2016-06-20,2016-06-20,,Mexico City,15748,xanatsa,Elena Galindo,2016-06-20 14:45:37 UTC,2023-01-02 01:21:01 UTC,research,CC-BY-NC,http://conabio.inaturalist.org/observations/3489753,https://inaturalist-open-data.s3.amazonaws.com/photos/4058612/medium.JPG,,"","",2,0,false,,Loma Bonita,18.113632,-95.882106,3331,,,,3331,,open,false,,,Great Kiskadee,Pitangus sulphuratus,Bienteveo Común,Aves,16956
3910240,463ae606-eb3e-4de8-a1a8-57341458186d,2016-07-31,2016-07-31,,Central Time (US & Canada),115129,aguilita,Roberto R. Calderón,2016-08-18 07:14:08 UTC,2019-01-30 17:25:34 UTC,research,CC-BY-NC,http://www.inaturalist.org/observations/3910240,https://inaturalist-open-data.s3.amazonaws.com/photos/4597251/medium.jpg,,"Great Kiskadee (Pintangus sulphuratus), Cook’s Slough Sanctuary and Nature Park, State Highway 117, Uvalde, Texas, flycatchers, summer, South Texas, North America, Western Hemisphere, All About Birds, Cornell Lab of Ornithology, Cornell University","Great Kiskadee (Pintangus sulphuratus)

31 July 2016
Cook’s Slough Sanctuary & Nature Park
Uvalde, Uvalde County, Texas

Great Kiskadee was in evidence everywhere we went in South Texas and Cook's Slough was no exception. Great Kiskadee ranges from South Texas south through Mexico, Central America and most of South America. Because of its extensive range in the Americas it is easily an authentic resident of the Western Hemisphere. Cook's Slough Sanctuary & Nature Park is administered by the City of Uvalde, Texas.

Source: ""Great Kiskadee,"" All About Birds, Cornell Lab of Ornithology, Cornell University, range map, photographs, description, accessed 8.17.16, https://www.allaboutbirds.org/guide/Great_Kiskadee/id",7,0,false,,"Cook’s Slough Sanctuary and Nature Park, State Highway 117, Uvalde, Texas 78801",29.183407,-99.791028,627,,,,627,,open,false,,,Great Kiskadee,Pitangus sulphuratus,Bienteveo Común,Aves,16956
3952186,5ab937d6-af48-44ff-8369-8a1ed7dafc03,2016-08-01,2016-08-01,,Central Time (US & Canada),115129,aguilita,Roberto R. Calderón,2016-08-24 06:47:12 UTC,2019-01-30 17:25:27 UTC,research,CC-BY-NC,http://www.inaturalist.org/observations/3952186,https://inaturalist-open-data.s3.amazonaws.com/photos/4657356/medium.jpg,,"Great Kiskadee (Pitangus sulphuratus), Fort Clark Springs, 300 US-90, Brackettville, Texas, birds, summer, South Texas, North America, Western Hemisphere","Great Kiskadee (Pitangus sulphuratus)

1 August 2016
Fort Clark Springs
Brackettville, Kinney County, Texas

The first bird we photographed at Fort Clark Springs was Great Kiskadee, early in the morning.",5,0,false,,"Fort Clark Springs, 300 US-90, Brackettville, Texas 78832",29.293361,-100.434719,2146,,,,2146,,open,false,,,Great Kiskadee,Pitangus sulphuratus,Bienteveo Común,Aves,16956
4027906,260fc6de-9ec0-4b48-a57e-84456c1f77ee,Sat Sep 03 2016 18:01:29 GMT-0500 (EST),2016-09-03,2016-09-03 22:01:29 UTC,Eastern Time (US & Canada),317164,mariluzavaleta,Marilú Zavaleta,2016-09-03 23:06:29 UTC,2023-07-07 15:24:11 UTC,research,CC-BY-NC,http://conabio.inaturalist.org/observations/4027906,https://inaturalist-open-data.s3.amazonaws.com/photos/4761343/medium.jpg,,"",,4,0,false,3,"Othón P. Blanco, Othón P. Blanco, QROO, MX",18.5139155368,-88.4412915898,28,,,,28,,open,false,,,Luis bienteveo,Pitangus sulphuratus,Bienteveo Común,Aves,16956
4153010,07b92510-5b2e-43b8-adf2-564ee07ff367,2016-09-18,2016-09-18,,Mexico City,107119,karen_keer,Biol. Karen Keer G.,2016-09-20 03:42:37 UTC,2024-08-02 14:39:25 UTC,research,CC-BY-NC,http://www.inaturalist.org/observations/4153010,https://inaturalist-open-data.s3.amazonaws.com/photos/4945843/medium.jpg,https://static.inaturalist.org/sounds/8094.m4a?1502906321,"","A la especie también se le conoce como Luis Grande, Bichofue o Bicho Gritón. Especie ámpliamente distribuida en México. Es una especie residente, que se le puede encontrar por debajo de los 1800 msnm.",1,0,false,,"Atlixco, pue",18.888462,-98.434839,77,,,,77,,open,false,,manual,Luis Bienteveo,Pitangus sulphuratus,Bienteveo Común,Aves,16956
4182242,5ed7b711-8666-4b9d-9e2e-914fbe57ae45,2015/12/02 10:55 AM CST,2015-12-02,2015-12-02 16:55:00 UTC,Central Time (US & Canada),268620,wildlifedoc,Kent C. Jensen,2016-09-23 17:54:12 UTC,2019-07-31 17:51:54 UTC,research,CC-BY-NC,http://www.inaturalist.org/observations/4182242,https://inaturalist-open-data.s3.amazonaws.com/photos/4982026/medium.jpeg,,"",,7,0,false,,"Brookings County, SD, USA",44.2068645283,-96.9298871219,8,,,,8,,open,false,,,Great Kiskadee,Pitangus sulphuratus,Bienteveo Común,Aves,16956
4658036,63b27bfb-bd8b-4a35-83f8-2cbc09cd0582,2016-11-28 6:20:05 PM GMT-05:00,2016-11-28,2016-11-28 13:20:05 UTC,Ekaterinburg,368856,rahucas,RAUL HUMBERTO CASTILLO ALBADAN,2016-11-28 23:22:01 UTC,2018-12-28 04:02:37 UTC,research,CC-BY-NC,http://www.inaturalist.org/observations/4658036,https://inaturalist-open-data.s3.amazonaws.com/photos/5638814/medium.jpeg,,"",,4,0,false,2,"Carrera 52 #1-2 Cali, Valle del Cauca",3.4161575323,-76.554590128,2752,,,,2752,,open,false,gps,gps,Great Kiskadee,Pitangus sulphuratus,Bienteveo Común,Aves,16956
4771018,e5f13719-1d5a-4088-a95d-f72c7997b3ed,2006/04/17 7:53 AM CDT,2006-04-17,2006-04-17 12:53:00 UTC,Central Time (US & Canada),9706,greglasley,Greg Lasley,2016-12-14 02:29:22 UTC,2019-01-30 17:24:43 UTC,research,CC-BY-NC,http://www.inaturalist.org/observations/4771018,https://inaturalist-open-data.s3.amazonaws.com/photos/5809531/medium.jpg,,"Lower Rio Grande Valley, North America, Texas, United States, bird, flycatchers (tyrannidae), perching birds (passeriformes)","Great Kiskadee                       
Pitangus sulphuratus
Las Colmenas Ranch
near McCook,
Hidalgo Co., Texas
17 April 2006",7,0,false,,"Hidalgo County, TX, USA",26.5389133333,-98.3066366667,,,,,,,open,false,,,Great Kiskadee,Pitangus sulphuratus,Bienteveo Común,Aves,16956
4771021,e1e24989-832a-432b-bccb-91761b94cfa5,2006/04/24 4:43 PM CDT,2006-04-24,2006-04-24 21:43:00 UTC,Central Time (US & Canada),9706,greglasley,Greg Lasley,2016-12-14 02:29:24 UTC,2019-01-30 17:24:44 UTC,research,CC-BY-NC,http://www.inaturalist.org/observations/4771021,https://inaturalist-open-data.s3.amazonaws.com/photos/5809534/medium.jpg,,"Lower Rio Grande Valley, North America, Texas, United States, bird, flycatchers (tyrannidae), perching birds (passeriformes)","Great Kiskadee                       
Pitangus sulphuratus
Las Colmenas Ranch
near McCook,
Hidalgo Co., Texas
24 April 2006",7,0,false,,"Hidalgo County, TX, USA",26.5389133333,-98.3066366667,,,,,,,open,false,,,Great Kiskadee,Pitangus sulphuratus,Bienteveo Común,Aves,16956
4933651,aadce766-ee6c-44b4-8a62-403827dacad3,Sun Jan 08 2017 11:23:32 GMT-0600 (CST),2017-01-08,2017-01-08 17:23:32 UTC,Central Time (US & Canada),381905,veropotato,"",2017-01-12 19:26:48 UTC,2017-04-28 22:22:08 UTC,research,,http://conabio.inaturalist.org/observations/4933651,https://static.inaturalist.org/photos/6014041/medium.jpg,,,,2,0,false,3,"Avenida San Rafael de los Lermas, Guadalupe, NL, MX",25.6799882458,-100.2037322268,55,,,,55,,open,false,,,Luis bienteveo,Pitangus sulphuratus,Bienteveo Común,Aves,16956
4943918,281cd7e2-66d6-4f88-8940-e33d819098f6,2016-12-07,2016-12-07,,Hawaii,166724,venegas,Alina,2017-01-14 18:01:21 UTC,2021-05-30 23:38:40 UTC,research,CC-BY-NC,http://conabio.inaturalist.org/observations/4943918,https://inaturalist-open-data.s3.amazonaws.com/photos/6027926/medium.jpeg,,"","",2,0,false,,Laguna de las Garzas,21.46548,-86.78935,15,,,,15,,open,false,,,Great Kiskadee,Pitangus sulphuratus,Bienteveo Común,Aves,16956
5141747,372d39fb-03fe-4e2b-9127-8aa8ff6d4c64,2017/02/17 10:49 PM EST,2017-02-17,2017-02-18 03:49:00 UTC,Eastern Time (US & Canada),263819,loriannkayaker,Lori A Owenby,2017-02-20 14:30:15 UTC,2024-07-26 16:25:42 UTC,research,CC-BY-NC,https://www.inaturalist.org/observations/5141747,https://inaturalist-open-data.s3.amazonaws.com/photos/6330953/medium.jpeg,,"",Lots of other birders there to see this awesome bird! It was flycatching and vocalizing too.,7,0,false,,"Bear Island Wildlife Management Area, South Carolina, USA",32.6130278,-80.4437781,7389,,,,7389,,open,false,,,Great Kiskadee,Pitangus sulphuratus,Bienteveo Común,Aves,16956
5381957,35052153-647c-42f2-89de-dfc0314565ca,2017/03/17 12:21 PM CST,2017-03-17,2017-03-17 17:21:00 UTC,Central Time (US & Canada),61184,alejandro_rivas,Alejandro Rivas Perez,2017-03-17 18:54:45 UTC,2020-02-20 15:00:36 UTC,research,CC-BY-NC,http://conabio.inaturalist.org/observations/5381957,https://inaturalist-open-data.s3.amazonaws.com/photos/6608347/medium.jpeg,,"",,2,0,false,,"Central, 64190 Monterrey, N.L., México",25.7107361111,-100.3420944444,,,,,,,open,false,,,Bienteveo común,Pitangus sulphuratus,Bienteveo Común,Aves,16956
5985433,420e469b-2583-44af-b17e-545b5621e4e6,Thu Apr 27 2017 14:48:17 GMT-0500 (CDT),2017-04-27,2017-04-27 19:48:17 UTC,Central Time (US & Canada),466028,jslaughter,,2017-04-27 19:51:53 UTC,2019-01-30 17:23:08 UTC,research,CC-BY-NC,https://www.inaturalist.org/observations/5985433,https://inaturalist-open-data.s3.amazonaws.com/photos/7482986/medium.jpg,,"",,5,0,false,3,"Texas A&M University-Corpus Christi, Corpus Christi, TX, US",27.7145136846,-97.3236869742,5,,,,5,,open,false,,,Great Kiskadee,Pitangus sulphuratus,Bienteveo Común,Aves,16956
6034303,f597e068-04c2-4bd1-97c0-b4ce0a493c20,Mon May 01 2017 00:01:11 GMT-0500 (CDT),2017-05-01,2017-05-01 05:01:11 UTC,Central Time (US & Canada),470552,lainey2,Lainey Kelley,2017-05-01 05:20:14 UTC,2019-04-09 20:53:11 UTC,research,,https://www.inaturalist.org/observations/6034303,https://static.inaturalist.org/photos/7555369/medium.jpg,,"",,5,0,false,3,"Texas A&M University-Corpus Christi, Corpus Christi, TX, US",27.7093168802,-97.3258323224,357,,,,357,,open,false,,,Great Kiskadee,Pitangus sulphuratus,Bienteveo Común,Aves,16956
6037611,864b8950-d04b-451a-98a1-30a0ca5eda64,Sun Apr 02 2017 15:37:33 GMT-0500 (CDT),2017-04-02,2017-04-02 20:37:33 UTC,Central Time (US & Canada),19673,wrenolivia,Wren Woodburn,2017-05-01 15:51:35 UTC,2019-04-09 20:53:22 UTC,research,CC-BY-NC,https://www.inaturalist.org/observations/6037611,https://inaturalist-open-data.s3.amazonaws.com/photos/7562477/medium.jpg,,"",,5,0,false,3,"Texas A&M University-Corpus Christi, Corpus Christi, TX, US",27.713305,-97.3241116667,,,,,,,open,false,,,Great Kiskadee,Pitangus sulphuratus,Bienteveo Común,Aves,16956
6157248,a5c199e3-6805-4b2a-bd3e-e530b434d8e3,2017/05/06 12:38 PM CDT,2017-05-06,2017-05-06 17:38:00 UTC,Central Time (US & Canada),85026,homerobeunicus,Homero Bennet,2017-05-10 03:17:56 UTC,2019-12-12 02:57:21 UTC,research,,http://conabio.inaturalist.org/observations/6157248,https://static.inaturalist.org/photos/7719639/medium.jpg,,Aves de México,,2,0,false,,"Paraiso Coatzacoalcos, Coatzacoalcos, Ver., México",18.1448983333,-94.4767466667,,,,,,,open,false,,,Luis bienteveo,Pitangus sulphuratus,Bienteveo Común,Aves,16956
6428329,0f045a32-cab9-41aa-b1b9-d6748d18df36,2017/04/30 5:15 PM CDT,2017-04-30,2017-04-30 22:15:00 UTC,Central Time (US & Canada),18994,johnkarges,John Karges,2017-05-30 05:30:21 UTC,2020-03-17 00:26:38 UTC,research,CC-BY-NC,https://www.inaturalist.org/observations/6428329,https://inaturalist-open-data.s3.amazonaws.com/photos/8116540/medium.jpeg,,"Great Kiskadee, Val Verde County, Texas","N29.34842	W-100.938908
JPK-3176
",5,0,false,,"Del Rio, Val Verde County, Texas, USA",29.34842,-100.938908,10,,,,10,,open,false,,,Great Kiskadee,Pitangus sulphuratus,Bienteveo Común,Aves,16956
6746564,b1fa0714-8921-4a56-91dd-6ae94a5e0353,2017/04/13 2:38 AM CDT,2017-04-13,2017-04-13 07:38:00 UTC,Central Time (US & Canada),169355,becreyes,Becky Reyes,2017-06-21 20:55:50 UTC,2019-01-30 17:21:48 UTC,research,CC-BY-NC,https://www.inaturalist.org/observations/6746564,https://inaturalist-open-data.s3.amazonaws.com/photos/8569083/medium.jpg,,"",,7,0,false,,"E Sprague St, Edinburg, TX 78542, USA",26.290698,-98.1334441,199,,,,199,,open,false,,,Great Kiskadee,Pitangus sulphuratus,Bienteveo Común,Aves,16956
7095438,a5eb1299-2622-4929-a038-cd367b49b91c,2017-07-17 6:49:52 PM CDT,2017-07-17,2017-07-17 23:49:52 UTC,Central Time (US & Canada),65171,monica2014,Mónica,2017-07-17 23:50:55 UTC,2017-07-27 22:35:28 UTC,research,CC-BY-NC,https://www.inaturalist.org/observations/7095438,https://inaturalist-open-data.s3.amazonaws.com/photos/9116273/medium.jpg,,"",,3,0,false,2,"Tlaxcala 2707 Ruiz Cortines 67170 Guadalupe, N.L.",25.66367498,-100.23471284,48,,,,48,,open,false,,,Bienteveo común,Pitangus sulphuratus,Bienteveo Común,Aves,16956
7116868,fde7bab4-2645-4beb-9a0c-28a585e8f39b,2017/07/10 7:02 AM PDT,2017-07-10,2017-07-10 14:02:00 UTC,Pacific Time (US & Canada),9335,leslie_flint,Leslie Flint,2017-07-19 15:15:08 UTC,2018-04-20 19:26:39 UTC,research,CC-BY-NC,https://www.inaturalist.org/observations/7116868,https://inaturalist-open-data.s3.amazonaws.com/photos/9153812/medium.jpg,,"",,3,0,false,,"La Fortuna - El Castillo, Provincia de Alajuela, Costa Rica",10.4525334,-84.7211387,210,,,,210,,open,false,,,Great Kiskadee,Pitangus sulphuratus,Bienteveo Común,Aves,16956
8879428,34d61379-f74d-4f56-aafe-08ebaf60d30b,2017/11/12 9:18 AM HST,2017-11-12,2017-11-12 19:18:00 UTC,Hawaii,712135,chucho29,,2017-11-21 00:52:31 UTC,2020-01-16 05:31:20 UTC,research,CC-BY-NC,https://www.inaturalist.org/observations/8879428,https://inaturalist-open-data.s3.amazonaws.com/photos/11941701/medium.jpg,,"",,2,0,false,,"Mérida, Yuc., México",21.0917071783,-89.5996855191,992,,,,992,,open,false,,,Great Kiskadee,Pitangus sulphuratus,Bienteveo Común,Aves,16956
9110301,444de17c-1a86-49cd-9bac-fa82bd7d0160,2017/12/02 9:48 AM -0500,2017-12-02,2017-12-02 14:48:00 UTC,Bogota,54888,luisguillermomx,Luis Guillermo,2017-12-10 14:50:53 UTC,2025-06-07 14:18:19 UTC,research,CC-BY-NC,https://www.inaturalist.org/observations/9110301,https://inaturalist-open-data.s3.amazonaws.com/photos/12335707/medium.jpg,,"","",3,0,false,,"Malecón Tajamar, Cancún, Q.R., México",21.1463604,-86.8182563782,122,,,,122,,open,false,,,Great Kiskadee,Pitangus sulphuratus,Bienteveo Común,Aves,16956
9174155,e5430cdb-ce14-47d8-8f61-874c079d722d,2017/12/16 8:26 AM UTC,2017-12-16,,UTC,441640,danielt,,2017-12-16 23:58:10 UTC,2021-08-06 17:02:22 UTC,research,CC-BY-NC,https://www.inaturalist.org/observations/9174155,https://inaturalist-open-data.s3.amazonaws.com/photos/12412168/medium.jpg,,"",,3,0,false,,"Montevideo, Montevideo Department, Uruguay",-34.9185225698,-56.1724948845,122,,,,122,,open,false,,,Great Kiskadee,Pitangus sulphuratus,Bienteveo Común,Aves,16956
9179270,781d439e-4f19-47c2-a263-efd56c62bf32,2017/12/12 3:45 PM CST,2017-12-12,2017-12-12 21:45:00 UTC,Central Time (US & Canada),30829,andyk,Andy,2017-12-17 17:18:08 UTC,2025-05-31 12:40:29 UTC,research,CC-BY-NC,https://www.inaturalist.org/observations/9179270,https://inaturalist-open-data.s3.amazonaws.com/photos/12421271/medium.jpeg,,"",,3,0,false,,"Valladolid, Yucatan, Mexico",20.6766154875,-88.241994381,31,,,,31,,open,false,,,Great Kiskadee,Pitangus sulphuratus,Bienteveo Común,Aves,16956
9940660,d60375cd-6340-4823-b5ac-107dbfcead8b,Tue Feb 20 2018 17:21:19 GMT-0500 (EST),2018-02-20,2018-02-20 22:21:19 UTC,Eastern Time (US & Canada),730582,edmahala,,2018-02-21 01:34:49 UTC,2018-02-24 23:00:57 UTC,research,,https://www.inaturalist.org/observations/9940660,https://static.inaturalist.org/photos/13643261/medium.jpg,,"",,3,0,false,3,"Santa Cruz, Santa Cruz, Guanacaste, CR",10.24378,-85.8468466667,8,,,,8,,open,false,,,Great Kiskadee,Pitangus sulphuratus,Bienteveo Común,Aves,16956
10470477,93156f31-e2d9-47a4-9224-66b9d9740c23,2013-10-14 16:26:13,2013-10-14,2013-10-14 14:26:13 UTC,Rome,418173,gregoiredubois,Gregoire Dubois,2018-03-28 12:10:12 UTC,2025-08-14 01:22:00 UTC,research,CC-BY-NC-SA,https://www.inaturalist.org/observations/10470477,https://inaturalist-open-data.s3.amazonaws.com/photos/14553784/medium.jpg,,"Brazil, Wildlife, Mato Grosso, Great kiskadee (Pitangus sulphuratus) with frog","",1,0,false,,poconé,-16.377594,-56.987457,26993,,,,26993,,open,false,,manual,Great Kiskadee,Pitangus sulphuratus,Bienteveo Común,Aves,16956
10857251,3321a3f9-664b-467e-a421-f569c28a878d,2018/03/18 5:20 PM CET,2018-03-18,2018-03-18 16:20:00 UTC,Paris,753141,jjourdan,J. Jourdan,2018-04-13 15:21:41 UTC,2021-11-10 04:29:02 UTC,research,CC-BY-NC-ND,https://www.inaturalist.org/observations/10857251,https://inaturalist-open-data.s3.amazonaws.com/photos/15232050/medium.jpeg,,"",,2,0,false,,"Palermo, Autonomen Stadt Buenos Aires, Argentinien",-34.574944245,-58.4111309052,318,,,,318,,,false,,,Great Kiskadee,Pitangus sulphuratus,Bienteveo Común,Aves,16956
10922243,52697700-ef08-475b-8fcc-52d71af03e88,2018/04/02 11:47 PM CEST,2018-04-02,2018-04-02 21:47:00 UTC,Paris,753141,jjourdan,J. Jourdan,2018-04-14 21:47:47 UTC,2021-11-10 04:29:03 UTC,research,CC-BY-NC-ND,https://www.inaturalist.org/observations/10922243,https://inaturalist-open-data.s3.amazonaws.com/photos/15360508/medium.jpeg,,"",,2,0,false,,"San Lorenzo, Salta, Argentinien",-24.7266072051,-65.500831604,244,,,,244,,,false,,,Great Kiskadee,Pitangus sulphuratus,Bienteveo Común,Aves,16956
11883117,74448a26-03e1-450b-a318-0a930377ad96,2014/05/07 10:23 AM -03,2014-05-07,,Brasilia,926784,caburedaamazonia,Rafael,2018-04-30 15:13:33 UTC,2023-01-02 01:22:13 UTC,research,CC-BY-NC,https://www.inaturalist.org/observations/11883117,https://inaturalist-open-data.s3.amazonaws.com/photos/17009437/medium.jpeg,,"",,3,0,false,,"Planalto, Manaus - AM, Brasil",-3.064695,-60.0548564,1651,,,,1651,,open,false,,,Bem-te-vi,Pitangus sulphuratus,Bienteveo Común,Aves,16956
12369254,ffb2f015-fbaa-4a61-83d7-2fb7287c8fac,2018/05/05 1:52 PM -05,2018-05-05,,Bogota,86081,camilojotage,Gabriel Camilo Jaramillo Giraldo,2018-05-12 02:06:48 UTC,2023-10-26 17:10:38 UTC,research,CC-BY-NC-SA,https://www.inaturalist.org/observations/12369254,https://inaturalist-open-data.s3.amazonaws.com/photos/17818216/medium.jpeg,,"",,1,0,false,,"Turbo, Antioquia, Colombia",8.0479663811,-76.8988037109,1953,,,,1953,,open,false,,,Great Kiskadee,Pitangus sulphuratus,Bienteveo Común,Aves,16956
12458782,06515d1d-c0be-4155-b656-241e6180111b,2018-05-14,2018-05-14,,Bogota,460083,juanmiguelmaldonadolizarazo,"",2018-05-14 20:09:28 UTC,2022-09-14 13:29:12 UTC,research,CC-BY-NC,https://www.inaturalist.org/observations/12458782,https://inaturalist-open-data.s3.amazonaws.com/photos/17974523/medium.jpg,,"","Bichofué
Pescador en el espejo de agua",5,2,false,,Humedal El Salitre,4.668263,-74.088219,,,,,,,open,false,,,Bienteveo común,Pitangus sulphuratus,Bienteveo Común,Aves,16956
13449862,5b4a632b-3e30-4e02-a0b0-9ca9e1cc634c,2018/03/15 6:49 AM CET,2018-03-15,2018-03-15 05:49:00 UTC,Paris,645653,thibaudaronson,Thibaud Aronson,2018-06-15 14:23:03 UTC,2019-09-16 19:19:23 UTC,research,CC-BY-SA,https://www.inaturalist.org/observations/13449862,https://inaturalist-open-data.s3.amazonaws.com/photos/19741915/medium.jpeg,,"",,4,0,false,,"Cali, Valle del Cauca, Colombia",3.446208,-76.5446167,211,,,,211,,open,false,,,Bienteveo común,Pitangus sulphuratus,Bienteveo Común,Aves,16956
13773930,f874eac3-1841-4e98-947d-ebb8286d6af3,2018/06/09 11:09 AM -0500,2018-06-09,2018-06-09 16:09:00 UTC,Bogota,922241,jhonjairoalvarezgomez,Jhon Jairo Alvarez Gomez,2018-06-25 16:18:01 UTC,2023-01-04 21:26:43 UTC,research,,https://www.inaturalist.org/observations/13773930,https://static.inaturalist.org/photos/20308895/medium.jpeg,,"",,4,1,false,,"Trinidad, Casanare, Colombia",5.422482,-71.60029,211,,,,211,,open,false,,,Great Kiskadee,Pitangus sulphuratus,Bienteveo Común,Aves,16956
16295265,a0644f0a-2987-4d72-8cdf-3bf04f63eaa9,2018/09/07 10:53 AM EDT,2018-09-07,2018-09-07 14:53:00 UTC,Eastern Time (US & Canada),501095,rainbowdragon,Laura Rainbow Dragon,2018-09-07 19:23:12 UTC,2024-01-11 07:11:03 UTC,research,CC-BY-NC,https://www.inaturalist.org/observations/16295265,https://inaturalist-open-data.s3.amazonaws.com/photos/24471439/medium.jpeg,,"","",25,0,false,,"Rondeau Provincial Park, Chatham-Kent, Ontario, Canada",42.31121,-81.8531633333,,,,,,,open,false,,,Great Kiskadee,Pitangus sulphuratus,Bienteveo Común,Aves,16956
16304497,30addf07-19f1-4070-ae13-495f44aea9a6,2018/09/07 5:16 PM EDT,2018-09-07,2018-09-07 21:16:00 UTC,Eastern Time (US & Canada),1089942,burgbirder,Blake A. Mann,2018-09-08 00:42:55 UTC,2023-09-24 12:46:17 UTC,research,CC-BY-NC,https://www.inaturalist.org/observations/16304497,https://inaturalist-open-data.s3.amazonaws.com/photos/24491176/medium.jpg,,"",,5,0,false,,"18050 Rondeau Park Road, Morpeth, ON N0P 1X0, Canada",42.3173601,-81.8470973,186,,,,186,,open,false,,,Great Kiskadee,Pitangus sulphuratus,Bienteveo Común,Aves,16956
16386979,86af6f13-6c30-4513-a728-36ec0b39f2bd,2018/09/08,2018-09-08,,Eastern Time (US & Canada),409010,cmcheatle,Chris Cheatle,2018-09-10 13:18:51 UTC,2023-09-24 12:47:38 UTC,research,CC-BY-NC,https://www.inaturalist.org/observations/16386979,https://inaturalist-open-data.s3.amazonaws.com/photos/24644290/medium.jpeg,,lifer,"1st Canadian record.

Seen briefly at 1030, then went and birded other parts of park, returned later and got better looks at 1830",6,0,false,,"Marsh Trail - Rondeau PP, Rondeau, ON, Canada",42.3119583333,-81.8528216667,5,,,,5,,open,false,,,Great Kiskadee,Pitangus sulphuratus,Bienteveo Común,Aves,16956
16434307,5c5acc96-57e2-4bfe-8e74-08e3d2e02aa7,2018/09/11 12:09 PM EDT,2018-09-11,2018-09-11 16:09:00 UTC,Eastern Time (US & Canada),416201,jemredwood,Joanne Muis,2018-09-11 21:55:37 UTC,2025-12-13 17:30:46 UTC,research,CC-BY-NC,https://www.inaturalist.org/observations/16434307,https://inaturalist-open-data.s3.amazonaws.com/photos/24986508/medium.jpg,,"","first found and posted to iNat by Laura (Rainbow Dragon) on Sept. 7, 2018.",9,0,false,,"Harwich, Chatham-Kent, ON, Canada",42.3114966667,-81.8530533333,,,,,,,open,false,,,Great Kiskadee,Pitangus sulphuratus,Bienteveo Común,Aves,16956
16438204,5a4757de-be0e-4bf5-9451-ebb3b5dcd283,2018/09/11 12:18 PM EDT,2018-09-11,2018-09-11 16:18:00 UTC,Eastern Time (US & Canada),415953,bkinder832,Bonnie Kinder,2018-09-12 00:28:24 UTC,2025-12-13 17:30:50 UTC,research,CC-BY-NC,https://www.inaturalist.org/observations/16438204,https://inaturalist-open-data.s3.amazonaws.com/photos/24733042/medium.jpeg,,"",,5,0,false,,"Harwich, Chatham-Kent, ON, Canada",42.3114966667,-81.8530733333,,,,,,,open,false,,,Great Kiskadee,Pitangus sulphuratus,Bienteveo Común,Aves,16956
16884798,b97bb2fc-024f-42be-bbb6-021af3c8cb1e,Mon Sep 24 2018 17:36:07 GMT-0500 (CDT),2018-09-24,2018-09-24 22:36:07 UTC,Central Time (US & Canada),951326,markmcknight,Mark McKnight,2018-09-24 22:37:06 UTC,2019-01-30 17:04:16 UTC,research,CC-BY-NC,https://www.inaturalist.org/observations/16884798,https://inaturalist-open-data.s3.amazonaws.com/photos/25522056/medium.jpg,,"","",3,0,false,3,"Bentsen-Rio Grande Valley State Park, Mission, TX, US",26.1825323291,-98.3823350911,10,,,,10,,open,false,,,Great Kiskadee,Pitangus sulphuratus,Bienteveo Común,Aves,16956
17463601,ddb0544a-56d8-4b01-9a49-33e9cdc7dad9,2018/10/13 8:54 AM -05,2018-10-13,,Bogota,1183735,dwkfoster,David W K Foster,2018-10-13 14:21:37 UTC,2024-05-05 19:26:16 UTC,research,CC-BY-NC-ND,https://www.inaturalist.org/observations/17463601,https://inaturalist-open-data.s3.amazonaws.com/photos/26553879/medium.jpeg,,Pitangus sulphuratus,Great Kiskadee,4,0,false,,"Cra 43C, Medellín, Antioquia, Colombia",6.1996189,-75.5764257,7,,,,7,,open,false,,,Bienteveo común,Pitangus sulphuratus,Bienteveo Común,Aves,16956
17502640,ecf30321-b935-4399-85ae-84916d9c4610,2018-10-14 12:50:00 AM GMT-05:00,2018-10-14,2018-10-13 19:50:00 UTC,Ekaterinburg,1255957,alejandrahernndezzapata,Alejandra Hernández Zapata,2018-10-14 17:57:15 UTC,2020-07-24 16:38:05 UTC,research,,https://www.inaturalist.org/observations/17502640,https://static.inaturalist.org/photos/26628775/medium.jpeg,,"",,2,1,false,2,"Cl. 50 #25 B 55, Copacabana, Antioquia, Colombia",6.3576822281,-75.4953536987,,,,,,,open,false,gps,gps,Bienteveo común,Pitangus sulphuratus,Bienteveo Común,Aves,16956
17740463,353eb8f2-5255-4bd2-a31f-c294a20fc3a5,2018-10-22 12:42:00 p. m. CDT,2018-10-22,2018-10-22 17:42:00 UTC,Central Time (US & Canada),1280570,carlosito,carlos ito,2018-10-22 11:57:18 UTC,2021-02-11 06:16:07 UTC,research,,https://www.inaturalist.org/observations/17740463,https://static.inaturalist.org/photos/27055325/medium.jpg,,"",,2,0,false,2,"Paseo de Los Tulipanes 31, Los Tabachines, 62498 Cuernavaca, Mor., México",18.8959502912,-99.2170176655,1395,,,,1395,,open,false,gps,gps,Great Kiskadee,Pitangus sulphuratus,Bienteveo Común,Aves,16956
18088660,916624ac-7e4b-4c34-8ea1-104d295608ed,2018/11/02 9:44 AM CET,2018-11-02,2018-11-02 08:44:00 UTC,Paris,259794,jimarcor,José Ignacio Márquez Corro,2018-11-04 11:43:04 UTC,2023-01-20 02:25:30 UTC,research,CC-BY-NC,https://www.inaturalist.org/observations/18088660,https://inaturalist-open-data.s3.amazonaws.com/photos/27655853/medium.jpeg,,"",,2,0,false,,"Iputinga, Recife - State of Pernambuco, 52171-011, Brasil",-8.0471351771,-34.9429570044,2,,,,2,,open,false,,,Great Kiskadee,Pitangus sulphuratus,Bienteveo Común,Aves,16956
18155079,73f042ba-5b67-4f47-8c11-caae995de9f8,2018/11/02 1:47 PM -05,2018-11-02,,Bogota,391471,mateohernandezschmidt,Mateo Hernandez Schmidt,2018-11-06 04:06:41 UTC,2019-05-08 18:33:36 UTC,research,CC-BY-NC-SA,https://www.inaturalist.org/observations/18155079,https://inaturalist-open-data.s3.amazonaws.com/photos/27752054/medium.jpeg,,"",,4,0,false,,"Barrio Pance, Cali, Valle del Cauca, Colombia",3.3323210091,-76.5365753222,2,,,,2,,open,false,,,Bienteveo común,Pitangus sulphuratus,Bienteveo Común,Aves,16956
18175755,ed4f9e40-d3bd-4ac9-8cbd-904d4536a2ad,2018/11/05 9:07 AM CST,2018-11-05,2018-11-05 15:07:00 UTC,Central Time (US & Canada),308396,armando_forest_al13,Forest_13,2018-11-06 19:30:59 UTC,2020-07-06 02:16:56 UTC,research,CC-BY-NC,https://www.inaturalist.org/observations/18175755,https://inaturalist-open-data.s3.amazonaws.com/photos/27781740/medium.jpeg,,"",,2,0,false,,"Bosque los Colomos Guadalajara, Jal., México",20.7078132295,-103.3934447266,15,,,,15,,open,false,,,Great Kiskadee,Pitangus sulphuratus,Bienteveo Común,Aves,16956
18185926,298c572f-e6e1-4c9d-b178-f50cba848be3,2018/11/06 1:03 PM -02,2018-11-06,,Brasilia,1095247,michelotto,Alexandre S. Michelotto,2018-11-07 01:03:45 UTC,2024-10-01 21:38:05 UTC,research,CC-BY,https://www.inaturalist.org/observations/18185926,https://inaturalist-open-data.s3.amazonaws.com/photos/27795198/medium.jpeg,,"","Treinando minha câmera nova, só vertebrados enquanto não aprendo a tirar fotos macro",2,0,false,,"Rive, Alegre - ES, 29500-000, Brasil",-20.7614274,-41.4631277,2028,,,,2028,,open,false,,,null,Pitangus sulphuratus,Bienteveo Común,Aves,16956
19153000,68b4defc-3ad4-47f2-b2bf-79d33dcc0523,2018-12-21 1:11:01 PM GMT-02:00,2018-12-21,2018-12-21 11:11:01 UTC,Africa/Johannesburg,864652,mstaeblein,"",2018-12-22 15:27:27 UTC,2019-01-14 17:33:23 UTC,research,CC-BY-NC,https://www.inaturalist.org/observations/19153000,https://inaturalist-open-data.s3.amazonaws.com/photos/29407759/medium.jpeg,,"",,1,0,false,2,"Bertioga, BR-SP, BR",-23.7966883,-46.0135867,70,,,,70,,open,false,,,Bem-te-vi,Pitangus sulphuratus,Bienteveo Común,Aves,16956
19185859,6ada66eb-ce48-4a2f-bbfd-15ad384d94c1,2015/06/20 3:59 PM UTC,2015-06-20,,UTC,1374368,annxeneize,"",2018-12-24 02:15:44 UTC,2022-09-17 00:15:31 UTC,research,,https://www.inaturalist.org/observations/19185859,https://static.inaturalist.org/photos/29467296/medium.jpeg,,"",,3,0,false,,"Ceibas, Entre Ríos, Argentina",-33.5007183,-58.8045578,1498,,,,1498,,,false,,,Great Kiskadee,Pitangus sulphuratus,Bienteveo Común,Aves,16956
19525542,1aa91d04-6085-4d6c-b1b6-eaa3dc480a70,Sat Jan 05 2019 09:04:43 GMT-0500 (EST),2019-01-05,2019-01-05 14:04:43 UTC,Eastern Time (US & Canada),182283,wyoerger,Whitney Yoerger,2019-01-09 03:30:51 UTC,2024-07-16 02:28:58 UTC,research,,https://www.inaturalist.org/observations/19525542,https://static.inaturalist.org/photos/30048462/medium.jpg,,"",https://ebird.org/view/checklist/S51331805,4,0,false,3,"374–656 N State Road 9, Albion, IN, US",41.360405,-85.4241866667,6,,,,6,,open,false,,,Great Kiskadee,Pitangus sulphuratus,Bienteveo Común,Aves,16956
19717306,98f037fa-1116-44ff-899b-fc9b003a5342,2019/01/15 1:39 PM -0700,2019-01-15,2019-01-15 20:39:00 UTC,Arizona,42186,pacof,FRANCISCO MIGUEL FARRIOLS ESTRADA,2019-01-18 22:14:33 UTC,2019-01-18 23:59:30 UTC,research,CC-BY-NC,https://www.inaturalist.org/observations/19717306,https://inaturalist-open-data.s3.amazonaws.com/photos/30375865/medium.jpg,,"",Jinetes de los Machado,2,0,false,,"Mazatlán, MX-SI, MX",23.638864,-106.359108,2810,,,,2810,,open,false,,manual,Great Kiskadee,Pitangus sulphuratus,Bienteveo Común,Aves,16956
19841657,3d2dd7fe-fade-4cb9-a842-6942ece71f79,2019/01/20 8:45 AM CST,2019-01-20,2019-01-20 14:45:00 UTC,Central Time (US & Canada),1188943,rebeccath,Rebecca Hill,2019-01-24 14:28:14 UTC,2024-04-03 21:16:36 UTC,research,CC-BY-NC,https://www.inaturalist.org/observations/19841657,https://inaturalist-open-data.s3.amazonaws.com/photos/30588394/medium.jpeg,,"",,2,0,false,,"Punta Duarte,  Panama",7.5009127513,-80.9752116045,159,,,,159,,open,false,,,Great Kiskadee,Pitangus sulphuratus,Bienteveo Común,Aves,16956
19941997,47ac1eb9-b736-46e9-a3cb-1c891062e9bb,2019/01/22 5:03 PM CST,2019-01-22,2019-01-22 23:03:00 UTC,Central Time (US & Canada),28,tiwane,Tony Iwane,2019-01-29 03:29:24 UTC,2025-11-18 22:36:25 UTC,research,CC-BY,https://www.inaturalist.org/observations/19941997,https://inaturalist-open-data.s3.amazonaws.com/photos/30766821/medium.jpg,,"","",2,0,false,,"Puntarenas Province, Quepos, Costa Rica",9.397275,-84.1688533333,,,,,,,open,false,,,Great Kiskadee,Pitangus sulphuratus,Bienteveo Común,Aves,16956
19951778,f2db1981-a7c1-4685-8f7e-48aabebf41cf,2019/01/29 8:25 AM CST,2019-01-29,2019-01-29 14:25:00 UTC,Central Time (US & Canada),683366,erickrmz,Erick Rmz,2019-01-29 18:57:37 UTC,2020-08-19 16:44:52 UTC,research,CC-BY-NC,https://www.inaturalist.org/observations/19951778,https://inaturalist-open-data.s3.amazonaws.com/photos/30784392/medium.jpg,,"",,2,0,false,,"Benito Juárez Nte., 97119 Mérida, Yuc., Mexico",21.0223307475,-89.6142695926,136,,,,136,,open,false,,,Bienteveo común,Pitangus sulphuratus,Bienteveo Común,Aves,16956
20287739,268e2511-1b82-4e6d-8f0f-74524641d05e,Mon Feb 11 2019 13:32:30 GMT-0600 (CST),2019-02-11,2019-02-11 19:32:30 UTC,Central Time (US & Canada),81271,lwbadger,Paul Mindeman,2019-02-11 21:43:03 UTC,2024-05-01 12:33:31 UTC,research,CC-BY,https://www.inaturalist.org/observations/20287739,https://inaturalist-open-data.s3.amazonaws.com/photos/31319363/medium.jpg,,"",,5,0,false,3,"78521, Brownsville, TX, US",25.8503633333,-97.4191283333,,,,,,,open,false,,,Great Kiskadee,Pitangus sulphuratus,Bienteveo Común,Aves,16956
20832796,d7521b44-f4a5-409b-a267-a2cdac932358,2017/08/26 11:28 AM -03,2017-08-26,,Brasilia,984257,beloch,Heitor Fagundes Beloch,2019-02-28 18:21:06 UTC,2019-02-28 21:32:39 UTC,research,CC-BY-NC,https://www.inaturalist.org/observations/20832796,https://inaturalist-open-data.s3.amazonaws.com/photos/32134892/medium.jpeg,,"",Regurgitando/ regurgitating ,1,0,false,,"R. Jardim Botânico, 1008 - Jardim Botânico, Rio de Janeiro - RJ, 22460-030, Brasil",-22.9673717,-43.2250381,509,,,,509,,open,false,,,Great Kiskadee,Pitangus sulphuratus,Bienteveo Común,Aves,16956
20994997,0c01bb20-084d-4089-8ee4-9c6975e5ca89,2019/03/04 7:41 AM -03,2019-03-04,,Brasilia,827979,douglas-u-oliveira,Douglas,2019-03-06 13:16:33 UTC,2019-03-06 22:48:47 UTC,research,CC-BY,https://www.inaturalist.org/observations/20994997,https://inaturalist-open-data.s3.amazonaws.com/photos/32425477/medium.jpeg,,"",,1,0,false,,"Shin Ql 5 Conjunto 2 - St. de Habitações Individuais Norte QL 5 Conj. 2 - Lago Norte, Brasília - DF, 71505-725, Brasil",-15.7299222,-47.8596594,208,,,,208,,open,false,,,Great Kiskadee,Pitangus sulphuratus,Bienteveo Común,Aves,16956
21532212,d124b3e2-0845-4cc2-9048-95f61d08a56e,2018/11/23 5:58 PM CST,2018-11-23,,Central Time (US & Canada),1016864,quilaztli,Mayte Karina Vázquez Aquino,2019-03-23 22:40:25 UTC,2021-02-11 06:16:38 UTC,research,CC-BY-NC,https://www.inaturalist.org/observations/21532212,https://inaturalist-open-data.s3.amazonaws.com/photos/33320602/medium.jpg,,"",,2,0,false,,"Francisco I. Madero, Tuxtla Gutiérrez, Chis., México",16.7288592393,-93.0975281154,31,,,,31,,open,false,,,Bienteveo común,Pitangus sulphuratus,Bienteveo Común,Aves,16956
21653134,a7006f1a-5e3d-4eac-a6ef-99c15e37a2b6,2017/03/20 10:08 AM CST,2017-03-20,,Mexico City,536291,trinchan,Luis Trinchan,2019-03-27 02:35:55 UTC,2023-07-07 07:31:30 UTC,research,CC-BY-NC,https://www.inaturalist.org/observations/21653134,https://inaturalist-open-data.s3.amazonaws.com/photos/33523522/medium.jpeg,,"","",3,0,false,,"Leandro Valle, Mérida, Yuc., México",20.9924505702,-89.5695827902,185,,,,185,,open,false,,,Bienteveo común,Pitangus sulphuratus,Bienteveo Común,Aves,16956
21873645,391466b5-b29c-4d80-a878-c6d95a037534,2019-04-01 8:41:19 a. m. CST,2019-04-01,2019-04-01 14:41:19 UTC,Mexico City,64860,slither,Ricardo Solano Mora,2019-04-01 14:45:36 UTC,2025-01-14 23:25:56 UTC,research,CC-BY-NC,https://www.inaturalist.org/observations/21873645,https://inaturalist-open-data.s3.amazonaws.com/photos/33888438/medium.jpeg,,"",,2,0,false,2,"Hernán Cortés 1388, Pedro Sosa, 87120 Cd Victoria, Tamps., México",23.7186412811,-99.1337585449,,,,,,,open,false,gps,gps,Bienteveo Común,Pitangus sulphuratus,Bienteveo Común,Aves,16956
21943018,0bbab71e-909d-4cab-a573-8ffb536d9129,2019-04-03 6:01:08 AM CST,2019-04-03,2019-04-03 06:01:08 UTC,UTC,775308,nerdy4birdy,Katie,2019-04-03 12:22:35 UTC,2019-04-10 06:22:24 UTC,research,CC-BY-NC,https://www.inaturalist.org/observations/21943018,https://inaturalist-open-data.s3.amazonaws.com/photos/34005869/medium.jpeg,,"",,1,0,false,2,"Unnamed Road, Heredia, Sarapiquí, Costa Rica",10.43141944,-84.00281236,7,,,,7,,open,false,,,Great Kiskadee,Pitangus sulphuratus,Bienteveo Común,Aves,16956
22483635,a6330113-d26b-45c4-886b-962fc4e45e29,2015/07/14 8:24 AM CDT,2015-07-14,2015-07-14 13:24:00 UTC,Mexico City,67003,blakesito,Carlos Domínguez-Rodríguez,2019-04-14 21:15:26 UTC,2019-04-15 21:02:29 UTC,research,CC-BY-NC,https://www.inaturalist.org/observations/22483635,https://inaturalist-open-data.s3.amazonaws.com/photos/34827248/medium.jpeg,,"",,2,0,false,,"Heroica Cd de Juchitán de Zaragoza, Oax., México",16.4871274104,-94.941505364,184,,,,184,,open,false,,,Bienteveo común,Pitangus sulphuratus,Bienteveo Común,Aves,16956
22927367,750116bd-d679-4720-b6fc-eb4f76042cc6,2019-04-13 5:30:00 PM CDT,2019-04-13,2019-04-13 17:30:00 UTC,UTC,1461377,aleal-096,,2019-04-23 04:29:04 UTC,2022-11-24 21:24:05 UTC,research,CC-BY-NC,https://www.inaturalist.org/observations/22927367,https://inaturalist-open-data.s3.amazonaws.com/photos/35539245/medium.jpeg,,"",Weather outside was 86°F and partly cloudy. Bird flew in near our parked car and was able to observe their beautiful yellow color.,4,0,false,2,"3201 S. Ejido Ave Apt# 7105, Laredo, TX 78046, United States",27.4684589985,-99.4603272155,17,,,,17,,open,false,gps,gps,Great Kiskadee,Pitangus sulphuratus,Bienteveo Común,Aves,16956
23230066,e82cfbe0-eecc-4ba8-93e7-5b132d075815,2019/04/12 1:29 AM WEST,2019-04-12,2019-04-12 00:29:00 UTC,Lisbon,426213,pgsr,Pedo Reis,2019-04-26 21:43:38 UTC,2023-08-26 11:04:05 UTC,research,,https://www.inaturalist.org/observations/23230066,https://inaturalist-open-data.s3.amazonaws.com/photos/35954301/medium.jpeg,,"",,2,0,false,,"Cabo Branco, João Pessoa - PB, 58033-455, Brazil",-7.1349305519,-34.8202456104,2,,,,2,,open,false,,,Bem-te-vi,Pitangus sulphuratus,Bienteveo Común,Aves,16956
24044312,d4bebac0-126e-4323-8209-998f94e7c8b4,2019/04/27 6:13 PM -04,2019-04-27,,Santiago,1652393,coaloicapampeana,,2019-04-29 22:18:23 UTC,2021-06-07 22:09:31 UTC,research,CC-BY-NC,https://www.inaturalist.org/observations/24044312,https://inaturalist-open-data.s3.amazonaws.com/photos/37184190/medium.jpg,,"",,2,0,false,,"Bahía Blanca, Buenos Aires, Argentina",-38.7275702824,-62.2791173824,122,,,,122,,open,false,,,Bienteveo común,Pitangus sulphuratus,Bienteveo Común,Aves,16956
24262352,3517ab25-9801-43de-affa-2ad05197c210,Sun Mar 16 2014 11:16:15 GMT-0400 (EDT),2014-03-16,2014-03-16 15:16:15 UTC,Eastern Time (US & Canada),1700826,nikonglass,"",2019-05-01 07:32:30 UTC,2020-01-30 13:24:49 UTC,research,CC-BY-NC,https://www.inaturalist.org/observations/24262352,https://inaturalist-open-data.s3.amazonaws.com/photos/37519727/medium.jpg,,"",,1,0,false,3,"San Juan Del Sur, San Juan Del Sur, Rivas, NI",11.258540006,-85.8751229261,945,,,,945,,open,false,,,Great Kiskadee,Pitangus sulphuratus,Bienteveo Común,Aves,16956
24443647,227a73fb-bc11-4143-8c0e-a70b8d12311e,Fri May 03 2019 09:07:54 GMT-0500 (CDT),2019-05-03,2019-05-03 14:07:54 UTC,Mexico City,490246,world_lineage,"",2019-05-03 15:07:30 UTC,2019-06-08 11:03:31 UTC,research,CC-BY-NC,https://www.inaturalist.org/observations/24443647,https://inaturalist-open-data.s3.amazonaws.com/photos/37796557/medium.jpg,,"",,2,0,false,3,"95466, Tlacotalpan, VER, MX",18.648291603,-95.579974372,33359,,,,33359,,open,false,,,Great Kiskadee,Pitangus sulphuratus,Bienteveo Común,Aves,16956
24760330,8f56076d-35ec-48de-b06c-27f3a4d51a8d,2019-05-07 4:21:18 p. m. GMT-06:00,2019-05-07,2019-05-07 22:21:18 UTC,Central America,1729812,evelin17,Evelin Vasquez,2019-05-08 00:19:34 UTC,2019-06-04 03:38:31 UTC,research,,https://www.inaturalist.org/observations/24760330,https://static.inaturalist.org/photos/38290749/medium.jpeg,,"",Pajareando  en Monte Horeb  con compañeros de JPCH,4,0,false,2,"Unnamed Road, Honduras",14.5666225471,-88.5979510099,22,,,,22,,open,false,gps,gps,Great Kiskadee,Pitangus sulphuratus,Bienteveo Común,Aves,16956
25536332,c693de1b-7abe-4d9c-a620-a4e5bf77dd62,Tue May 14 2019 13:57:59 GMT-0600 (CST),2019-05-14,2019-05-14 13:57:59 UTC,UTC,1771419,oscarua1989,Óscar Umaña,2019-05-22 01:18:01 UTC,2024-10-21 01:02:38 UTC,research,,https://www.inaturalist.org/observations/25536332,https://static.inaturalist.org/photos/39566441/medium.jpg,,"","Reserva Leonelo Oviedo, UCR",1,0,false,3,"UCR, San José, San José, CR",9.9372166667,-84.049675,24,,,,24,,open,false,,,Cristo Fue,Pitangus sulphuratus,Bienteveo Común,Aves,16956
25834369,309aca89-50f1-4626-b68d-5ceff03d58ec,2019-05-26 9:34:12 a. m. CDT,2019-05-26,2019-05-26 14:34:12 UTC,Mexico City,46217,nachotorres,Ignacio Torres-García,2019-05-26 21:28:06 UTC,2019-05-29 04:27:39 UTC,research,CC-BY-NC,https://www.inaturalist.org/observations/25834369,https://inaturalist-open-data.s3.amazonaws.com/photos/40055710/medium.jpeg,,"",,3,0,false,2,"Camino Real, Jesús del Monte, Mich., México",19.64994026,-101.15619376,16,,,,16,,open,false,,,Great Kiskadee,Pitangus sulphuratus,Bienteveo Común,Aves,16956
26178192,8c01900b-1f6b-426c-9c2c-d60670639c00,2019/06/01 10:32 AM CDT,2019-06-01,2019-06-01 15:32:00 UTC,Guadalajara,1343381,ecojn,ecojn,2019-06-01 14:47:02 UTC,2019-06-01 21:26:39 UTC,research,CC-BY-NC,https://www.inaturalist.org/observations/26178192,https://inaturalist-open-data.s3.amazonaws.com/photos/40627000/medium.jpg,,"",Luis Bienteveo,2,0,false,,"Santa María Tequepexpan, 45601 San Pedro Tlaquepaque, Jal., México",20.6072923551,-103.4181854259,4,,,,4,,open,false,,,Bienteveo común,Pitangus sulphuratus,Bienteveo Común,Aves,16956
26329793,dae7d37c-6c63-4904-ab74-7da96d503cc2,2018/02/15 1:07 PM -03,2018-02-15,,Buenos Aires,1182839,giramone,Guille Ivan Spajic,2019-06-03 15:44:22 UTC,2019-08-23 18:24:35 UTC,research,CC-BY-NC,https://www.inaturalist.org/observations/26329793,https://inaturalist-open-data.s3.amazonaws.com/photos/40877363/medium.jpeg,,"",,2,0,false,,"Rivadavia, San Juan, Argentina",-31.5229940889,-68.5689823607,122,,,,122,,open,false,,,Bienteveo común,Pitangus sulphuratus,Bienteveo Común,Aves,16956
26626573,11a4d69a-d2a9-4cdb-9afa-351cf8014fcf,2018/05/31 4:58 AM UTC,2018-05-31,,UTC,743026,aaronruben,Aaron Ruben,2019-06-08 19:43:44 UTC,2019-06-17 20:02:54 UTC,research,,https://www.inaturalist.org/observations/26626573,https://static.inaturalist.org/photos/41356317/medium.jpeg,,"",,2,0,false,,"Guadalupe, N.L., México",25.6748291,-100.2155063,11123,,,,11123,,open,false,,,Great Kiskadee,Pitangus sulphuratus,Bienteveo Común,Aves,16956
27471712,f633fd85-0ab8-4ec5-93b7-2c26bec34b26,2011/01/28 10:17 AM EST,2011-01-28,2011-01-28 15:17:00 UTC,Eastern Time (US & Canada),43255,juddpatterson,Judd Patterson,2019-06-23 00:11:57 UTC,2020-01-16 06:55:22 UTC,research,CC-BY-NC,https://www.inaturalist.org/observations/27471712,https://static.inaturalist.org/photos/42746899/medium.jpg,,"Birds, Great Kiskadee, Passeriformes, Tyrannidae",,3,0,false,,"Gamboa, Panama",9.1196376367,-79.6987158183,,,,,,,open,false,,,Great Kiskadee,Pitangus sulphuratus,Bienteveo Común,Aves,16956
27842011,fd30116a-c35b-4daf-927b-d808c363505c,2014/04/07 2:01 PM EDT,2014-04-07,2014-04-07 18:01:00 UTC,Eastern Time (US & Canada),20400,matthew_wills,"",2019-06-29 00:13:00 UTC,2019-07-01 22:16:33 UTC,research,CC-BY-NC,https://www.inaturalist.org/observations/27842011,https://inaturalist-open-data.s3.amazonaws.com/photos/43360559/medium.jpg,,"","",2,0,false,,"Hidalgo County, TX, USA",26.100042488,-97.9888916016,7813,,,,7813,,open,false,,,Great Kiskadee,Pitangus sulphuratus,Bienteveo Común,Aves,16956
28039558,9a62a2d8-7b51-49d0-a68d-9df48e41cdb2,2019/07/01 2:13 PM CDT,2019-07-01,2019-07-01 19:13:00 UTC,Central Time (US & Canada),127156,panza_rayada,Roberto González,2019-07-02 03:42:18 UTC,2019-10-23 21:50:31 UTC,research,CC-BY-NC,https://www.inaturalist.org/observations/28039558,https://inaturalist-open-data.s3.amazonaws.com/photos/43680079/medium.jpg,,"",,2,0,false,,"La Turbina, 65255 Sabinas Hidalgo, N.L., México",26.49423129,-100.21048368,,,,,,,open,false,,,Great Kiskadee,Pitangus sulphuratus,Bienteveo Común,Aves,16956
28546633,8968a493-0faa-4af2-9543-05421da85620,2019/07/09 2:26 PM -03,2019-07-09,,Buenos Aires,301307,ezequielvera,Ezequiel Vera,2019-07-10 10:36:12 UTC,2023-12-19 12:00:42 UTC,research,CC-BY,https://www.inaturalist.org/observations/28546633,https://inaturalist-open-data.s3.amazonaws.com/photos/44507135/medium.jpeg,,"",,1,0,false,,"Acassuso, Buenos Aires, Argentina",-34.4696905677,-58.4934132265,12,,,,12,,open,false,,,Bienteveo común,Pitangus sulphuratus,Bienteveo Común,Aves,16956
28771232,c143b9a4-3e2f-49de-aee5-e46e1e85b131,2019/07/13 10:50 AM CDT,2019-07-13,2019-07-13 15:50:00 UTC,Monterrey,918785,lily17200,"",2019-07-14 02:04:25 UTC,2019-07-14 18:35:03 UTC,research,CC-BY-NC,https://www.inaturalist.org/observations/28771232,https://inaturalist-open-data.s3.amazonaws.com/photos/44871063/medium.jpeg,,"",,2,0,false,,"Zona Valle Oriente, 66278 San Pedro Garza García, N.L., México",25.6446974999,-100.328867074,69,,,,69,,open,false,,,Great Kiskadee,Pitangus sulphuratus,Bienteveo Común,Aves,16956
29273076,9e587c76-421a-4c93-96f9-034be0a08888,2015/12/02 4:05 PM HST,2015-12-02,2015-12-03 02:05:00 UTC,Hawaii,2026335,dakotabirder,Terry Sohl,2019-07-21 21:19:37 UTC,2019-12-21 12:58:00 UTC,research,CC-BY-NC,https://www.inaturalist.org/observations/29273076,https://inaturalist-open-data.s3.amazonaws.com/photos/45675579/medium.jpg,,"",One VERY lost Great Kiskadee that evidently spent several months in South Dakota before succumbing to the winter cold.,3,0,false,,"Brookings County, SD, USA",44.2052598032,-96.9306955376,244,,,,244,,open,false,,,Great Kiskadee,Pitangus sulphuratus,Bienteveo Común,Aves,16956
29336638,b8b44b9d-c39b-4301-aaf7-cee365438232,2019/07/17 8:04 AM -04,2019-07-17,,Caracas,1822892,ozzhernandez,Oswaldo Hernández,2019-07-22 19:56:49 UTC,2022-06-10 08:51:54 UTC,research,CC-BY-NC,https://www.inaturalist.org/observations/29336638,https://inaturalist-open-data.s3.amazonaws.com/photos/45779592/medium.jpg,,"",,2,0,false,,"El Cafetal, Caracas, Miranda, Venezuela",10.4645807702,-66.832392084,2,,,,2,,open,false,,,Great Kiskadee,Pitangus sulphuratus,Bienteveo Común,Aves,16956
30403912,4e054998-6da6-4089-9bdf-6eab88081c33,2019-08-04,2019-08-04,,Central Time (US & Canada),115129,aguilita,Roberto R. Calderón,2019-08-08 03:02:10 UTC,2021-02-11 06:09:45 UTC,research,CC-BY-NC,https://www.inaturalist.org/observations/30403912,https://inaturalist-open-data.s3.amazonaws.com/photos/47501818/medium.jpg,,"Eagle Pass, Maverick County, Texas","Great Kiskadee (Pitangus sulphuratus)

4 August 2019
Eagle Pass, Maverick County, Texas

A pair of Great Kiskadees were raising their brood in the high branches of a Live Oak tree. They used the existing homes to forage for food and drink water when available. If Great Kiskadees are in the area they make their presence known by their constant calls and communication. Forty years ago (more or less) it was rare to uncommon to have Great Kiskadees at this point on the Río Bravo.",5,0,false,,"Texas, US",28.7429427646,-100.4267545669,7668,,,,29582,obscured,open,true,,,Great Kiskadee,Pitangus sulphuratus,Bienteveo Común,Aves,16956
31040495,0083e7f4-0625-407e-9dd5-91925de79f34,2019-08-16 6:27:15 p. m. GMT-05:00,2019-08-16,2019-08-16 11:27:15 UTC,Bogota,1121266,gildardojg,Jacinto Gildardo,2019-08-18 07:36:15 UTC,2026-02-09 18:54:26 UTC,research,,https://www.inaturalist.org/observations/31040495,https://static.inaturalist.org/photos/48540227/medium.jpeg,,"",,3,0,false,2,"Tequisquiapan, Qro., México",20.6177165414,-99.9126961827,9,,,,9,,open,false,gps,gps,Bienteveo común,Pitangus sulphuratus,Bienteveo Común,Aves,16956
34567682,58d41d37-307b-4981-94ca-37bdd6ad067c,2019/10/17 5:07 PM CDT,2019-10-17,2019-10-17 22:07:00 UTC,Monterrey,21332,oscarj_almedaayala,Oscar Javier Almeda Ayala,2019-10-19 04:00:41 UTC,2024-02-23 04:07:43 UTC,research,CC-BY-NC-ND,https://www.inaturalist.org/observations/34567682,https://inaturalist-open-data.s3.amazonaws.com/photos/54416913/medium.jpeg,,"",,3,0,false,,"Roble San Nicolás, San Nicolás de los Garza, N.L., México",25.7606731019,-100.2799729101,4,,,,4,,open,false,,,Bienteveo común,Pitangus sulphuratus,Bienteveo Común,Aves,16956
35347509,cb92d2de-a776-40ee-a426-cd1b241959bf,2019/11/04 12:56 PM CST,2019-11-04,2019-11-04 18:56:00 UTC,Guadalajara,1305069,luispauperrimo,Luis F. Ramírez,2019-11-06 00:05:22 UTC,2019-11-09 01:57:50 UTC,research,CC-BY,https://www.inaturalist.org/observations/35347509,https://inaturalist-open-data.s3.amazonaws.com/photos/55729209/medium.jpeg,,"",,2,0,false,,"Colinas de San Javier, 44660 Guadalajara, Jal., México",20.7062565657,-103.3927441911,2,,,,2,,open,false,,,Bienteveo común,Pitangus sulphuratus,Bienteveo Común,Aves,16956
35348122,120e149d-2169-43c8-924c-e605c051fc4a,2018-09-08 03:32:37,2018-09-08,2018-09-08 07:32:37 UTC,Eastern Time (US & Canada),273707,dbeadle,"",2019-11-06 00:25:17 UTC,2023-09-24 12:41:40 UTC,research,CC-BY-NC,https://www.inaturalist.org/observations/35348122,https://static.inaturalist.org/photos/55731555/medium.jpg,,"Great Kiskadee - Kent County, Ontario","Great Kiskadee. Photographed at Rondeau Provincial Park, Kent County, Ontario on 8 September 2018. A very exciting bird to see in Ontario! It took a while, but it showed in the end. Disappointing photos, but happy to see this unexpected tyrant! Thanks to Rainbowdragon for finding it... Probably subspecies texanus. ",5,0,false,,"Rondeau Provincial Park, Kent County, Ontario",42.315707,-81.850262,5,,,,5,,open,false,,manual,Great Kiskadee,Pitangus sulphuratus,Bienteveo Común,Aves,16956
35533951,b381474a-f6f7-4e98-acf4-eb81a8c41fb5,2019-11-10 8:56:00 AM EST,2019-11-10,2019-11-10 13:56:00 UTC,Eastern Time (US & Canada),394197,zwampkid,KT,2019-11-10 17:11:43 UTC,2019-11-12 21:03:54 UTC,research,CC-BY-NC,https://www.inaturalist.org/observations/35533951,https://inaturalist-open-data.s3.amazonaws.com/photos/56040811/medium.png,,"",,1,0,false,2,"Solidaridad, Quintana Roo, Mexico",20.7868534,-86.9362831,21,,,,21,,open,false,,,Bienteveo común,Pitangus sulphuratus,Bienteveo Común,Aves,16956
35544695,65337ecd-4ace-41d3-9f16-10e2db582348,2019/11/10 11:23 AM -0200,2019-11-10,2019-11-10 13:23:00 UTC,Mid-Atlantic,102919,nelson_wisnik,Nelson Wisnik,2019-11-10 21:41:35 UTC,2019-11-12 02:02:53 UTC,research,CC-BY-NC,https://www.inaturalist.org/observations/35544695,https://inaturalist-open-data.s3.amazonaws.com/photos/56058657/medium.jpg,,"","",3,0,false,,"Chácara da Barra, Campinas - SP, Brasil",-22.88731,-47.0347466667,,,,,,,open,false,,,Bem-te-vi,Pitangus sulphuratus,Bienteveo Común,Aves,16956
35762950,5f60228f-54ca-4926-92e1-87d49f34cdcf,2019/11/16 10:25 AM CST,2019-11-16,2019-11-16 16:25:00 UTC,Mexico City,467037,luisave,Luis Mauricio Mena Páramo,2019-11-17 03:08:10 UTC,2024-02-23 23:53:47 UTC,research,,https://www.inaturalist.org/observations/35762950,https://static.inaturalist.org/photos/56431374/medium.jpg,,"","Alcancé a tomar la secuencia buscando, encontrando y comiendo el renacuajo.",2,0,false,,"Hacienda del Campestre, León, Gto., México",21.1660256548,-101.6837469637,15,,,,15,,open,false,,,Luis Bienteveo,Pitangus sulphuratus,Bienteveo Común,Aves,16956
36111788,9abe9757-8e71-4009-9cea-cdcb6f60b4a1,2019/09/25 9:07 AM -0300,2019-09-25,2019-09-25 12:07:00 UTC,Brasilia,2462785,ramiroraton1,Ramiro Raton,2019-11-26 22:17:26 UTC,2019-11-26 23:34:32 UTC,research,CC-BY-NC,https://www.inaturalist.org/observations/36111788,https://inaturalist-open-data.s3.amazonaws.com/photos/57041541/medium.jpg,,"",,2,0,false,,"La Plata, Buenos Aires, Argentina",-34.909888271,-57.9394683093,265,,,,265,,open,false,,,Bienteveo común,Pitangus sulphuratus,Bienteveo Común,Aves,16956
36187410,d9356dd5-31ac-4e1e-b99e-3ace5a08ad34,2019/10/18 12:32 PM -0300,2019-10-18,2019-10-18 15:32:00 UTC,Brasilia,1699754,ericfischerrempe,Eric Fischer Rempe,2019-11-29 14:44:55 UTC,2025-05-20 20:35:34 UTC,research,CC-BY-NC,https://www.inaturalist.org/observations/36187410,https://inaturalist-open-data.s3.amazonaws.com/photos/57171904/medium.jpg,,"","As três imagens (lagarta no bico, pousado na placa e ninho, ocorrem em pontos distinto do círculo de localização, estando distantes uns 15 a 20 metros um do outro.
Gravei uma sequencia de fotos do bem-ti-vi batendo a lagarta no tronco para matá-la. Incluí apenas algumas destas imagens onde se pode ver bem a lagarta no bico e sendo levantada e depois batida no galho.",3,0,false,,"Bosque do Ibama-Sede SCEN - Brasília, DF, 70297-400, Brasil",-15.7679470226,-47.8615616788,25,,,,25,,open,false,,,Bem-Te-Vi,Pitangus sulphuratus,Bienteveo Común,Aves,16956
36446521,64a68c3c-845f-44c4-84df-1603b4f767f2,Thu Nov 08 2018 16:15:51 GMT-0500 (EST),2018-11-08,2018-11-08 21:15:51 UTC,Eastern Time (US & Canada),2442556,ddlshart,Daniel Hart,2019-12-07 21:30:47 UTC,2019-12-15 04:39:40 UTC,research,,https://www.inaturalist.org/observations/36446521,https://static.inaturalist.org/photos/57611657/medium.jpg,,"",,3,0,false,3,"North Pacific Ocean, Carrillo, Guanacaste, CR",10.5539956492,-85.7008049597,1454,,,,1454,,open,false,,,Great Kiskadee,Pitangus sulphuratus,Bienteveo Común,Aves,16956
36531020,0ccefdd8-abc2-490a-8007-ad2538678bfb,2019/11/23 11:56 AM -0300,2019-11-23,2019-11-23 14:56:00 UTC,Brasilia,2417081,rolises,RominaPhilippi.UlisesTempel,2019-12-10 15:02:59 UTC,2021-08-20 14:43:15 UTC,research,CC-BY-NC,https://www.inaturalist.org/observations/36531020,https://inaturalist-open-data.s3.amazonaws.com/photos/57758520/medium.jpeg,,"",,2,0,false,,"Palermo, CABA, Argentina",-34.5826315152,-58.4173963778,122,,,,122,,open,false,,,Bienteveo común,Pitangus sulphuratus,Bienteveo Común,Aves,16956
36929134,ce213591-a44e-4494-9dd9-d7bdf1acf4e2,2019/12/22 3:14 PM CST,2019-12-22,2019-12-22 21:14:00 UTC,Central Time (US & Canada),43120,aureliomolinahdz,Aurelio Molina Hernández.,2019-12-25 01:42:24 UTC,2023-07-07 17:02:55 UTC,research,CC-BY-NC,https://www.inaturalist.org/observations/36929134,https://inaturalist-open-data.s3.amazonaws.com/photos/58455361/medium.jpeg,,"","",3,0,false,,"Paso de Ovejas, 91670 Paso de Ovejas, Ver., México",19.2850023054,-96.4343290761,4,,,,4,,open,false,,,Bienteveo común,Pitangus sulphuratus,Bienteveo Común,Aves,16956
37180868,aabe52db-e745-4e9c-a5a7-610cad13e800,2020/01/01 4:37 PM EST,2020-01-01,2020-01-01 21:37:00 UTC,Eastern Time (US & Canada),659740,dalien,Daniel Onea,2020-01-02 02:53:19 UTC,2020-01-02 20:12:09 UTC,research,CC-BY-NC,https://www.inaturalist.org/observations/37180868,https://inaturalist-open-data.s3.amazonaws.com/photos/58899547/medium.jpeg,,"","",2,0,false,,"Guanacaste Province, Costa Rica",10.5892383333,-85.6705716667,,,,,,,open,false,,,Great Kiskadee,Pitangus sulphuratus,Bienteveo Común,Aves,16956
38483814,67a10f3b-a91c-4a93-8031-731890e289e6,Sun Feb 09 2020 09:24:10 GMT-0600 (CST),2020-02-09,2020-02-09 15:24:10 UTC,Central Time (US & Canada),427918,katiemiller9094,KatieLMiller,2020-02-09 22:48:59 UTC,2023-07-07 16:43:21 UTC,research,CC-BY,https://www.inaturalist.org/observations/38483814,https://inaturalist-open-data.s3.amazonaws.com/photos/61168010/medium.jpg,,"",,2,0,false,3,"Calle Maravillas, Nuevo Vallarta, NAY, MX",20.69691333,-105.29141167,5,,,,5,,open,false,,,Bienteveo común,Pitangus sulphuratus,Bienteveo Común,Aves,16956
38622947,9e42fb1a-80c2-4a45-bdda-28fcf8dbc861,2020-01-06 1:01:29 PM GMT-03:00,2020-01-06,2020-01-06 16:01:29 UTC,Brasilia,2582088,eduardotavares,Eduardo Tavares,2020-02-14 01:39:38 UTC,2020-03-07 17:07:17 UTC,research,,https://www.inaturalist.org/observations/38622947,https://static.inaturalist.org/photos/61410066/medium.jpeg,,"",,2,0,false,2,"João Pessoa - PB, 58039-181, Brasil",-7.1113428002,-34.825893715,114,,,,114,,open,false,gps,gps,Bem-te-vi,Pitangus sulphuratus,Bienteveo Común,Aves,16956
39591455,a19ccaa9-dcb6-486f-8e1a-4a4ff3c64957,Thu Mar 05 2020 18:14:33 GMT-0600 (CST),2020-03-05,2020-03-05 18:14:33 UTC,UTC,2601758,raquelrr,,2020-03-06 00:14:45 UTC,2022-07-02 01:51:24 UTC,research,CC-BY-NC,https://www.inaturalist.org/observations/39591455,https://inaturalist-open-data.s3.amazonaws.com/photos/62826135/medium.jpg,,"",,1,0,false,3,"Avenida Aurelio Ortega, Zapopan, JAL, MX",20.7215670962,-103.3697779478,5,,,,5,,open,false,,,Bienteveo común,Pitangus sulphuratus,Bienteveo Común,Aves,16956
40277952,71c78a15-7c26-4e14-ad10-3c31d449f4e0,2019/05/12 8:16 AM CDT,2019-05-12,2019-05-12 13:16:00 UTC,Monterrey,150308,memorodriguez,Guillermo Rodriguez,2020-03-20 03:59:34 UTC,2020-09-22 17:10:07 UTC,research,CC-BY-NC,https://www.inaturalist.org/observations/40277952,https://inaturalist-open-data.s3.amazonaws.com/photos/63981699/medium.jpeg,,"",,1,0,false,,"Sin Nombre de Col 30, Guadalupe, N.L., México",25.6771313783,-100.2343598158,15,,,,15,,open,false,,,Bienteveo común,Pitangus sulphuratus,Bienteveo Común,Aves,16956
40607801,0cd9fecd-222c-424a-8172-a0af56b6c0b9,2020-03-23 5:08:42 PM GMT-04:00,2020-03-23,2020-03-23 20:08:42 UTC,Atlantic Time (Canada),2593784,gave,Giss Alcaráz,2020-03-23 22:15:25 UTC,2020-03-27 16:10:22 UTC,research,,https://www.inaturalist.org/observations/40607801,https://static.inaturalist.org/photos/64362443/medium.jpeg,,"",,2,0,false,2,"Virgen de los Remedios, San Lorenzo, Paraguay",-25.3193599722,-57.4823019722,,,,,,,open,false,gps,gps,Bienteveo común,Pitangus sulphuratus,Bienteveo Común,Aves,16956
40631044,0d56c91b-372b-48a9-9228-7bc3eb587730,2020/02/26 2:47 PM HST,2020-02-26,2020-02-27 00:47:00 UTC,Hawaii,343110,mvzkatortiz,Kat Ortiz,2020-03-24 11:03:26 UTC,2024-12-18 20:32:21 UTC,research,,https://www.inaturalist.org/observations/40631044,https://static.inaturalist.org/photos/64402946/medium.jpeg,,"","",1,0,false,,"Moderno Apodaca II, Cd Apodaca, N.L., México",25.7647081498,-100.2171849952,17,,,,17,,open,false,,,Great Kiskadee,Pitangus sulphuratus,Bienteveo Común,Aves,16956
40792305,ac403063-4be1-441c-ac51-d7e6bdc1c58b,2019/11/06 1:13 PM CST,2019-11-06,2019-11-06 19:13:00 UTC,Central Time (US & Canada),2399615,hannahwillars,Hannah Willars,2020-03-27 01:02:26 UTC,2020-03-30 05:32:36 UTC,research,,https://www.inaturalist.org/observations/40792305,https://static.inaturalist.org/photos/64664432/medium.jpg,,"",,4,0,false,,"Harlingen, TX, USA",26.1906306,-97.6961026,12755,,,,12755,,open,false,,,Great Kiskadee,Pitangus sulphuratus,Bienteveo Común,Aves,16956
40821296,82247b15-ea31-4dd7-be8c-06dcea74acbd,2018/07/04 2:58 PM -0300,2018-07-04,2018-07-04 17:58:00 UTC,Brasilia,2508887,hudson_birdsrio,Hudson Martins Soares,2020-03-27 16:25:50 UTC,2025-08-16 03:39:48 UTC,research,CC-BY-NC,https://www.inaturalist.org/observations/40821296,https://inaturalist-open-data.s3.amazonaws.com/photos/64713671/medium.jpg,,"",,2,0,false,,"Baixada da Olaria, Resende - RJ, 27524, Brasil",-22.4748586367,-44.4845837347,488,,,,488,,open,false,,,Bem-te-vi,Pitangus sulphuratus,Bienteveo Común,Aves,16956
40853210,bf510afe-b1de-4c41-bc17-479a91d809a5,2020-03-27 5:50:00 PM GMT-04:00,2020-03-27,2020-03-27 20:50:00 UTC,Atlantic Time (Canada),2497821,denizfotografia,Alexis Deniz M,2020-03-28 00:37:32 UTC,2020-03-28 18:20:28 UTC,research,CC-BY-NC,https://www.inaturalist.org/observations/40853210,https://inaturalist-open-data.s3.amazonaws.com/photos/64766131/medium.jpg,,"",,3,0,false,2,La Florida,10.5006745397,-66.8786726519,1052,,,,1052,,open,false,gps,gps,Great Kiskadee,Pitangus sulphuratus,Bienteveo Común,Aves,16956
41277773,270847c4-5c2a-4ff5-9f2b-2111dc142565,Thu Apr 02 2020 17:28:03 GMT-0500 (GMT-5),2020-04-02,2020-04-02 21:28:03 UTC,America/New_York,2706085,mariajoseramosf,,2020-04-03 03:52:51 UTC,2020-04-28 23:02:53 UTC,research,CC-BY-NC,https://www.inaturalist.org/observations/41277773,https://inaturalist-open-data.s3.amazonaws.com/photos/65468475/medium.jpg,,"",Sweet home on high!,1,0,false,3,"Carrera 24B, Barranquilla, Atlántico, CO",10.97255333,-74.80774667,4,,,,4,,open,false,,,Bienteveo común,Pitangus sulphuratus,Bienteveo Común,Aves,16956
41462200,31edfc97-b22e-470d-85ed-22e8e520eb95,2018-09-06 9:08:09 AM GMT-05:00,2018-09-06,2018-09-06 14:08:09 UTC,Bogota,155919,jemmanuel,Jorge Emmanuel Escobar,2020-04-05 18:08:45 UTC,2022-09-14 13:28:02 UTC,research,CC-BY-NC,https://www.inaturalist.org/observations/41462200,https://inaturalist-open-data.s3.amazonaws.com/photos/65776861/medium.jpg,,"",,5,0,false,2,"Bogotá, Colombia",4.6677592335,-74.0877702087,19,,,,19,,open,false,gps,gps,Bienteveo común,Pitangus sulphuratus,Bienteveo Común,Aves,16956
41605220,9c1a25f6-d78e-4a55-9fdd-d716f08444b8,2020-04-07 8:15:54 AM EST,2020-04-07,2020-04-07 12:15:54 UTC,Eastern Time (US & Canada),2668906,carlos1039,Carlos Ceballos Hernandez,2020-04-07 13:22:53 UTC,2024-03-28 22:19:08 UTC,research,,https://www.inaturalist.org/observations/41605220,https://static.inaturalist.org/photos/66001708/medium.jpeg,,"",El bienteveo común o también  llamado pecho amarillo gigante  es un ave con un canto agudo e observado que cuando tienen nidos son muy territoriales con otras aves de menor tamaño este baja al suelo cuando llueve y se alimenta de lombrices  y otros insectos ,4,0,false,2,"Penonomé, Panamá",8.5047465,-80.3694311,104,,,,104,,open,false,,,Great Kiskadee,Pitangus sulphuratus,Bienteveo Común,Aves,16956
41952348,d0fd29e5-b5d5-4b56-9be0-27c23e3e9f84,Sat Apr 11 2020 15:25:41 GMT-0500 (CDT),2020-04-11,2020-04-11 15:25:41 UTC,UTC,1552944,rloera,,2020-04-11 22:56:09 UTC,2021-12-16 03:27:43 UTC,research,CC-BY-NC,https://www.inaturalist.org/observations/41952348,https://inaturalist-open-data.s3.amazonaws.com/photos/66576120/medium.jpg,,"",A pair of Great Kiskadees seen today.  Photo is taken with my phone from display of my camera.  Another sighting was a couple days ago of a single Kiskadee,4,0,false,3,"Real Rd, San Antonio, TX, US",29.4065385251,-98.3188256803,78,,,,78,,open,false,,,Great Kiskadee,Pitangus sulphuratus,Bienteveo Común,Aves,16956
44406378,503111a7-7ddf-433c-a2a8-76df6aa6817c,2020/04/24 3:58 PM HST,2020-04-24,2020-04-25 01:58:00 UTC,Hawaii,1856068,andretostes,"",2020-04-30 20:55:37 UTC,2020-06-14 00:14:14 UTC,research,CC-BY-NC,https://www.inaturalist.org/observations/44406378,https://inaturalist-open-data.s3.amazonaws.com/photos/70405748/medium.jpeg,,"","",3,0,false,,"Vale da Bencao, Araçariguama - SP, 18147-000, Brazil",-23.4416111,-47.067426,272,,,,272,,open,false,,,Great Kiskadee,Pitangus sulphuratus,Bienteveo Común,Aves,16956
44522109,b4ddeb8a-a00e-476c-b1d6-28df03e13b83,2020/05/01 5:04 PM CST,2020-05-01,2020-05-01 23:04:00 UTC,Central America,434838,felipe56,Felipe Eduardo San Martín González,2020-05-01 21:43:02 UTC,2021-04-10 07:37:15 UTC,research,,https://www.inaturalist.org/observations/44522109,https://static.inaturalist.org/photos/70587326/medium.jpg,,"",,5,0,false,,"El Alamito, Tamps., México",24.0,-99.3,259,,,,259,,open,false,,,Great Kiskadee,Pitangus sulphuratus,Bienteveo Común,Aves,16956
44636265,05af2a05-a1b0-44c5-b0d4-e41ccba6a64e,Fri May 01 2020 07:10:59 GMT-0300 (GMT-3),2020-05-01,2020-05-01 10:10:59 UTC,Brasilia,2528898,ryanwilson,Ryan Wilson,2020-05-02 20:17:44 UTC,2020-07-14 17:59:12 UTC,research,,https://www.inaturalist.org/observations/44636265,https://static.inaturalist.org/photos/84393491/medium.jpg,,"",,2,0,false,3,"Calle 2, Sección 06, Maldonado, UY",-34.84699667,-54.70456667,35,,,,35,,open,false,,,Bienteveo común,Pitangus sulphuratus,Bienteveo Común,Aves,16956
44725788,0ea6a174-00ca-427a-9056-c05748d7419b,2020/05/03 10:12 AM -0300,2020-05-03,2020-05-03 13:12:00 UTC,Brasilia,1205623,gussoni,Carlos Otávio Gussoni,2020-05-03 13:50:37 UTC,2024-06-21 19:03:33 UTC,research,CC-BY-NC,https://www.inaturalist.org/observations/44725788,https://inaturalist-open-data.s3.amazonaws.com/photos/70905765/medium.jpeg,,"",,4,0,false,,"Rua 12-B, 621, Vila Indaiá",-22.4053169,-47.5476013,,,,,,,open,false,,,Bem-te-vi,Pitangus sulphuratus,Bienteveo Común,Aves,16956
46172635,f36a4d9a-2ba5-402e-9d92-8b7d00aa4dee,2020/05/16 9:39 AM CDT,2020-05-16,2020-05-16 14:39:00 UTC,Central Time (US & Canada),1573632,drozdovekie,,2020-05-17 01:22:46 UTC,2023-04-03 17:02:24 UTC,research,CC-BY-NC,https://www.inaturalist.org/observations/46172635,https://inaturalist-open-data.s3.amazonaws.com/photos/73229473/medium.jpeg,,"","Heard first. Rare, although another bird was photographed in Maypearl four or five days earlier. ",5,0,false,,"Waxahachie, TX, USA",32.3448500698,-96.8179521624,9,,,,9,,open,false,,,Great Kiskadee,Pitangus sulphuratus,Bienteveo Común,Aves,16956
46498421,be8c45eb-3c9a-4f1f-bbe2-6cb936ce879e,2020/05/18 11:22 AM UTC,2020-05-18,,UTC,1869307,mario324,Mario Fierro,2020-05-19 16:10:54 UTC,2020-06-14 00:04:16 UTC,research,,https://www.inaturalist.org/observations/46498421,https://static.inaturalist.org/photos/73749518/medium.jpeg,,"",,4,0,false,,"McAllen, TX, USA",26.1763936695,-98.2304139559,41,,,,41,,open,false,,,Great Kiskadee,Pitangus sulphuratus,Bienteveo Común,Aves,16956
48177923,54fba265-09fc-4c28-bc5f-8f8309f7a18d,2020/06/01 7:13 AM UTC,2020-06-01,,UTC,3107022,regina_baas,Regina Baas,2020-06-01 23:04:01 UTC,2020-06-13 23:59:29 UTC,research,,https://www.inaturalist.org/observations/48177923,https://static.inaturalist.org/photos/76427109/medium.jpeg,,"","Ave con el pecho amarillo, pico alargado, cola corta y alas con el borde rojizo- anaranjado",3,0,false,,"Mérida, Yucatán",21.0103805124,-89.6428497684,179,,,,179,,open,false,,,Bienteveo común,Pitangus sulphuratus,Bienteveo Común,Aves,16956
48707437,533248da-429d-4224-a893-6c114c5b2f91,2020/05/30 10:41 AM SST,2020-05-30,2020-05-29 21:41:00 UTC,Samoa,2679392,cristopherpalomo,Cristopher Palomo,2020-06-06 21:49:00 UTC,2020-06-17 14:26:17 UTC,research,CC-BY-NC,https://www.inaturalist.org/observations/48707437,https://inaturalist-open-data.s3.amazonaws.com/photos/77296856/medium.jpg,,"",,3,0,false,,"San Lorenzo, Villa Hidalgo, SLP  ",21.8842902348,-101.7132568359,1000000,,,,1000000,,open,false,,,Great Kiskadee,Pitangus sulphuratus,Bienteveo Común,Aves,16956
49110881,47e0104c-ed77-4bf3-b30c-44b702b14585,2015/11/11 7:38 PM CET,2015-11-11,2015-11-11 18:38:00 UTC,Paris,1891727,donalddavesne,Donald Davesne,2020-06-10 11:03:51 UTC,2023-10-18 16:27:46 UTC,research,CC-BY,https://www.inaturalist.org/observations/49110881,https://inaturalist-open-data.s3.amazonaws.com/photos/328981164/medium.jpg,,"","",4,0,false,,"Copacabana, Rio de Janeiro - État de Rio de Janeiro, Brésil",-22.9857608063,-43.1870250833,8,,,,8,,open,false,,,Pitangus sulphuratus,Pitangus sulphuratus,Bienteveo Común,Aves,16956
50510076,65c6c626-b185-46fb-b0c9-7c8a29107de6,2020/05/15 5:47 PM EDT,2020-05-15,2020-05-15 21:47:00 UTC,Eastern Time (US & Canada),153589,juanbou,Juan Bou Riquer,2020-06-22 03:17:41 UTC,2020-07-11 02:15:37 UTC,research,CC-BY-NC,https://www.inaturalist.org/observations/50510076,https://inaturalist-open-data.s3.amazonaws.com/photos/80202089/medium.jpg,,"Cancún, Quintana Roo, Reserva laguna manatí",,4,0,false,,"Lombardo Toledano, 77526 Cancún, Q.R., México",21.1844724041,-86.814279239,35,,,,35,,open,false,,,Great Kiskadee,Pitangus sulphuratus,Bienteveo Común,Aves,16956
50841909,d482d524-5b83-4c3a-a572-bbd0d2769d17,2020/06/24 7:36 AM CDT,2020-06-24,2020-06-24 12:36:00 UTC,Mexico City,506854,fam_marin_flores,Alejandra Flores,2020-06-25 01:30:55 UTC,2023-02-14 14:56:39 UTC,research,CC-BY-NC-SA,https://www.inaturalist.org/observations/50841909,https://inaturalist-open-data.s3.amazonaws.com/photos/80749043/medium.jpeg,,"","nido con tres polluelos y el bienteveo traía en el pico tres frutas del ""capulín""",4,0,false,,"Playa del Carmen, Quintana Roo, Mexico",20.6716878856,-87.0407969964,15,,,,15,,open,false,,,Luis Bienteveo,Pitangus sulphuratus,Bienteveo Común,Aves,16956
51691267,f036d6e0-289e-4244-991c-318800e9e14f,2016-05-24,2016-05-24,,UTC,3270997,giupatitucci,Giulia Patitucci,2020-07-02 14:13:16 UTC,2020-07-05 19:15:20 UTC,research,,https://www.inaturalist.org/observations/51691267,https://static.inaturalist.org/photos/82143718/medium.jpg,,"",https://www.wikiaves.com.br/2765173,3,0,false,2,Volta Redonda,-22.5073060589,-44.0946129709,16829,,,,16829,,open,false,gps,gps,Bem-te-vi,Pitangus sulphuratus,Bienteveo Común,Aves,16956
51960392,852ef933-5b65-4c15-a2be-41af685ec0a3,2019/10/12 4:27 PM -0300,2019-10-12,2019-10-12 19:27:00 UTC,Brasilia,1660106,patosur,Patricia Mancilla Iglesias,2020-07-04 22:59:33 UTC,2020-07-07 03:58:27 UTC,research,CC-BY-NC,https://www.inaturalist.org/observations/51960392,https://static.inaturalist.org/photos/82579489/medium.jpg,,"argentina, aves, benteveo común, fauna, misiones",,4,0,false,,"Misiones, Argentina",-25.8594122,-53.9607727,201,,,,201,,open,false,,,Great Kiskadee,Pitangus sulphuratus,Bienteveo Común,Aves,16956
52744784,a099d642-d937-487d-8a5c-ebc92b3a0029,2020/07/11 11:30 AM CST,2020-07-11,2020-07-11 17:30:00 UTC,Central America,774277,losttinamou,Heidi Pasch de Viteri,2020-07-12 00:17:52 UTC,2025-08-14 01:05:46 UTC,research,CC-BY-NC,https://www.inaturalist.org/observations/52744784,https://inaturalist-open-data.s3.amazonaws.com/photos/83864115/medium.jpeg,,"",Feeding on a frog,1,0,false,,finca la Gracia,14.3995504338,-91.0867976359,658,,,,658,,open,false,,,Bienteveo común,Pitangus sulphuratus,Bienteveo Común,Aves,16956
52752610,285da082-5b9e-422f-88d0-cc85d1ae4a34,2020/07/11 11:57 AM CDT,2020-07-11,2020-07-11 16:57:00 UTC,Central Time (US & Canada),2528028,acacialady,Rose Cooper,2020-07-12 01:44:18 UTC,2023-07-07 22:47:19 UTC,research,CC-BY-NC-SA,https://www.inaturalist.org/observations/52752610,https://inaturalist-open-data.s3.amazonaws.com/photos/83876844/medium.jpeg,,"",,2,0,false,,"Uvalde County, TX, USA",29.184659995,-99.7918492787,191,,,,191,,open,false,,,Great Kiskadee,Pitangus sulphuratus,Bienteveo Común,Aves,16956
53186534,bb092dc4-d2a1-46fb-9fff-72d065508a0f,2020-07-15 10:19:21 AM GMT-05:00,2020-07-15,2020-07-15 15:19:21 UTC,Bogota,3112371,julioeduardolaragonzalez,Julio Eduardo Lara Gonzalez,2020-07-15 19:33:00 UTC,2020-08-02 17:01:23 UTC,research,,https://www.inaturalist.org/observations/53186534,https://static.inaturalist.org/photos/84578934/medium.jpeg,,"",,2,0,false,2,"La Argentina, Huila, Colombia",2.1975146933,-75.9794825222,13,,,,13,,open,false,,,Bienteveo común,Pitangus sulphuratus,Bienteveo Común,Aves,16956
55526651,164dc235-c320-412a-9034-f857fc3732dc,2020/05/28 7:51 AM CDT,2020-05-28,2020-05-28 12:51:00 UTC,Monterrey,23621,janet_guardiola,Janet Guardiola,2020-08-05 19:56:03 UTC,2020-08-06 20:21:40 UTC,research,CC-BY-NC,https://www.inaturalist.org/observations/55526651,https://inaturalist-open-data.s3.amazonaws.com/photos/88422855/medium.jpeg,,"","",4,0,false,,"Solidaridad, Quintana Roo, Mexico",20.6588566667,-87.1130566667,,,,,,,open,false,,,Bienteveo común,Pitangus sulphuratus,Bienteveo Común,Aves,16956
55800641,896ace76-e312-4b6e-9674-2ab125ebc5a7,2020-08-08 12:11:00 PM GMT-03:00,2020-08-08,2020-08-08 15:11:00 UTC,Brasilia,2548630,luizavinhosa,Luiza,2020-08-08 15:12:14 UTC,2020-08-08 22:41:29 UTC,research,CC-BY-NC,https://www.inaturalist.org/observations/55800641,https://inaturalist-open-data.s3.amazonaws.com/photos/88957850/medium.jpg,,"",,1,0,false,2,Itaipu,-22.9560155484,-43.0291245505,4208,,,,4208,,open,false,gps,gps,Great Kiskadee,Pitangus sulphuratus,Bienteveo Común,Aves,16956
55824616,a773e36f-2383-4974-9c04-4aa4bfe96447,2020-07-23 11:40:28 AM CST,2020-07-23,2020-07-23 11:40:28 UTC,UTC,3117883,gabrielarivera93,Gabriela Rivera,2020-08-08 18:48:14 UTC,2020-08-13 03:53:25 UTC,research,,https://www.inaturalist.org/observations/55824616,https://static.inaturalist.org/photos/88917030/medium.jpeg,,"",,4,0,false,2,"Mántica, San José, Costa Rica",9.9402201175,-84.094816111,33,,,,33,,open,false,gps,gps,Great Kiskadee,Pitangus sulphuratus,Bienteveo Común,Aves,16956
56077402,6702a8cb-2d76-4253-9c56-703dd5075cd8,2020/08/06 8:23 AM CDT,2020-08-06,2020-08-06 13:23:00 UTC,Mexico City,26426,sandinoguerrero_naturalista,Sandino Guerrero,2020-08-10 23:24:12 UTC,2025-06-11 16:13:32 UTC,research,CC-BY,https://www.inaturalist.org/observations/56077402,https://static.inaturalist.org/photos/89332949/medium.jpeg,,"","",2,0,false,,"Taxco de Alarcón, MX-GR, MX",18.5675428095,-99.6059162344,2,,,,2,,open,false,,,Great Kiskadee,Pitangus sulphuratus,Bienteveo Común,Aves,16956
56231243,008e88c9-8efe-4840-96e4-b865c7a3004e,2020/07/26 12:46 PM CDT,2020-07-26,2020-07-26 17:46:00 UTC,Central Time (US & Canada),127156,panza_rayada,Roberto González,2020-08-12 15:48:05 UTC,2020-08-13 03:02:42 UTC,research,CC-BY-NC,https://www.inaturalist.org/observations/56231243,https://inaturalist-open-data.s3.amazonaws.com/photos/89595515/medium.jpg,,"",,4,0,false,,"Bustamante, N.L., México",26.538525,-100.5088516667,,,,,,,open,false,,,Great Kiskadee,Pitangus sulphuratus,Bienteveo Común,Aves,16956
56273409,241fa584-8741-46ff-b2a7-1ed2cbd9984b,2020-08-12 5:13:50 PM GMT-03:00,2020-08-12,2020-08-12 20:13:50 UTC,Brasilia,2969451,mauricioandredealmeida,Maurício André de Almeida,2020-08-12 23:48:22 UTC,2020-11-11 22:30:17 UTC,research,,https://www.inaturalist.org/observations/56273409,https://static.inaturalist.org/photos/89665294/medium.jpeg,,"",,2,0,false,2,"Medicina, Pouso Alegre - MG, 37550-000, Brasil",-22.2203907906,-45.9293569252,165,,,,165,,open,false,gps,gps,Great Kiskadee,Pitangus sulphuratus,Bienteveo Común,Aves,16956
56760507,1ab34456-cd2e-4e1f-a9c6-9666ab8e6f30,Tue Oct 17 2017 16:10:26 GMT-0500 (CDT),2017-10-17,2017-10-17 21:10:26 UTC,Central Time (US & Canada),457659,ted_c_macrae,Ted C. MacRae,2020-08-17 17:35:33 UTC,2023-04-17 13:44:29 UTC,research,CC-BY-NC,https://www.inaturalist.org/observations/56760507,https://inaturalist-open-data.s3.amazonaws.com/photos/90476175/medium.jpg,,"",Fledgling just out of the nest.,2,0,false,3,"Rua Riachuelo, Pirassununga, SP, BR",-21.9923533333,-47.4316633333,,,,,,,open,false,,,Bem-te-vi,Pitangus sulphuratus,Bienteveo Común,Aves,16956
56862382,cdf47195-a0d0-4926-b441-5480628adf6b,2012/05/13 12:30 PM -0500,2012-05-13,2012-05-13 17:30:00 UTC,Bogota,3478844,martinve,Martín Vargas Echeverri,2020-08-18 18:34:07 UTC,2020-08-18 22:10:54 UTC,research,,https://www.inaturalist.org/observations/56862382,https://static.inaturalist.org/photos/90647214/medium.jpeg,,"","",3,0,false,,"Arauca-San José, Anserma, Risaralda, Caldas, Colombia",5.1253324,-75.7122211,528,,,,528,,open,false,,,Great Kiskadee,Pitangus sulphuratus,Bienteveo Común,Aves,16956
57096115,6a669994-4a86-419a-8fd8-3c6aeb1feeb9,2010/07/03 10:11 AM CAT,2010-07-03,2010-07-03 09:11:00 UTC,West Central Africa,678008,nicochau,Nico Vromant,2020-08-21 04:27:35 UTC,2020-11-01 14:09:16 UTC,research,CC-BY-NC,https://www.inaturalist.org/observations/57096115,https://inaturalist-open-data.s3.amazonaws.com/photos/91046160/medium.jpg,,frederiksdorp,,2,0,false,,"Frederiksdorp, Commewijne, Suriname",5.9488142165,-55.1841808805,5470,,,,5470,,open,false,,,Bem-te-vi,Pitangus sulphuratus,Bienteveo Común,Aves,16956
57568950,a10730e9-a881-465d-ad55-ef7981780fe2,2020/08/23 4:12 PM CDT,2020-08-23,2020-08-23 21:12:00 UTC,Mexico City,347011,ivanimartinez,Ivani Martínez,2020-08-25 18:46:50 UTC,2020-09-01 21:53:28 UTC,research,CC-BY-NC,https://www.inaturalist.org/observations/57568950,https://inaturalist-open-data.s3.amazonaws.com/photos/91837081/medium.jpeg,,"","",2,0,false,,"Boca del Río, MX-VE, MX",19.1397386962,-96.1015955762,2,,,,2,,open,false,,,Bienteveo común,Pitangus sulphuratus,Bienteveo Común,Aves,16956
57569401,abf0f0cc-f364-4cf0-b2ce-1b336bb2a83d,2014/11/03 2:52 PM -0200,2014-11-03,2014-11-03 16:52:00 UTC,Mid-Atlantic,1313291,helio-lourencini,Helio Lourencini,2020-08-25 18:50:48 UTC,2023-11-01 01:52:23 UTC,research,CC-BY,https://www.inaturalist.org/observations/57569401,https://inaturalist-open-data.s3.amazonaws.com/photos/91838401/medium.jpeg,,"","",3,0,false,,Zona rural de Paudalho - Pernambuco,-7.9237759881,-35.1650124872,1057,,,,1057,,open,false,,,Great Kiskadee,Pitangus sulphuratus,Bienteveo Común,Aves,16956
57570941,59ccb56b-3df1-4cef-8707-c02325da6568,2014/11/03 2:54 PM -0200,2014-11-03,2014-11-03 16:54:00 UTC,Mid-Atlantic,1313291,helio-lourencini,Helio Lourencini,2020-08-25 19:03:57 UTC,2023-11-01 01:52:23 UTC,research,CC-BY,https://www.inaturalist.org/observations/57570941,https://inaturalist-open-data.s3.amazonaws.com/photos/91840816/medium.jpeg,,"",Ninho,2,0,false,,Zona rural de Paudalho - Pernambuco,-7.9237759881,-35.1650124872,1057,,,,1057,,open,false,,,Bem-te-vi,Pitangus sulphuratus,Bienteveo Común,Aves,16956
57685426,288e0468-8dd1-4c84-82eb-1aa8c9359972,2020/02/13 3:44 PM CST,2020-02-13,2020-02-13 21:44:00 UTC,Mexico City,26667,alexmor,Oscar Alejandro Morales Juárez,2020-08-26 23:02:41 UTC,2024-02-23 23:56:16 UTC,research,CC-BY-NC,https://www.inaturalist.org/observations/57685426,https://inaturalist-open-data.s3.amazonaws.com/photos/92036150/medium.jpg,,"","",2,0,false,,"Pénjamo, Gto., México",20.473445,-102.0424333333,,,,,,,open,false,,,Bienteveo común,Pitangus sulphuratus,Bienteveo Común,Aves,16956
58802031,45d7759d-14e1-4faf-a4c2-39aa7c3fe2e8,2020/09/06 9:53 AM CST,2020-09-06,2020-09-06 15:53:00 UTC,Central America,597461,cmtercero,Cynthia Tercero,2020-09-07 02:51:08 UTC,2020-09-26 05:08:02 UTC,research,CC-BY-NC,https://www.inaturalist.org/observations/58802031,https://inaturalist-open-data.s3.amazonaws.com/photos/93903332/medium.jpg,,"",,3,0,false,,"Los Ranchitos, Nicaragua",12.0215458074,-86.1672711349,692,,,,692,,open,false,,,Great Kiskadee,Pitangus sulphuratus,Bienteveo Común,Aves,16956
58953272,29e1ad9f-3d40-49e0-8cb5-984e4d544a71,2020/09/05 3:29 PM -0300,2020-09-05,2020-09-05 18:29:00 UTC,Brasilia,3452978,abelardomendesjr,"",2020-09-08 14:58:19 UTC,2023-10-01 04:29:10 UTC,research,CC-BY-NC,https://www.inaturalist.org/observations/58953272,https://inaturalist-open-data.s3.amazonaws.com/photos/94155755/medium.jpg,,"",Ave se alimentando de um grão de ração de cachorros,3,0,false,,"St. de Habitações Individuais Norte - Lago Norte, Brasília - DF, 70297-400, Brasil",-15.7383724066,-47.8615383641,553,,,,553,,open,false,,,Great Kiskadee,Pitangus sulphuratus,Bienteveo Común,Aves,16956
59864670,18974efa-630b-4eff-8242-c290904b6b62,Thu Apr 09 2020 05:16:34 GMT-0500 (CDT),2020-04-09,2020-04-09 05:16:34 UTC,UTC,2303796,marcozozaya,Marco Zozaya,2020-09-17 11:51:49 UTC,2025-01-14 23:07:09 UTC,research,CC-BY-NC,https://www.inaturalist.org/observations/59864670,https://inaturalist-open-data.s3.amazonaws.com/photos/95687896/medium.jpg,,"",,4,0,false,3,"Calle Sierra de San Carlos, Ciudad Victoria, TAMPS, MX",23.7690134641,-99.1427755712,39,,,,39,,open,false,,,Pitangus sulphuratus,Pitangus sulphuratus,Bienteveo Común,Aves,16956
61104014,7dd43081-c5e7-4d15-b070-d03c8f42c3c5,2020-09-28 11:54:48 AM GMT-03:00,2020-09-28,2020-09-28 14:54:48 UTC,Brasilia,2723799,aceci,Cecilia,2020-09-28 14:56:31 UTC,2020-10-17 01:42:29 UTC,research,CC-BY-NC,https://www.inaturalist.org/observations/61104014,https://inaturalist-open-data.s3.amazonaws.com/photos/97747494/medium.jpeg,,"",,3,0,false,2,"Villa María, Córdoba, Argentina",-32.4222222222,-63.2527777778,,,,,,,open,false,gps,gps,Great Kiskadee,Pitangus sulphuratus,Bienteveo Común,Aves,16956
61592353,a4b20011-d267-4fec-8c50-8ae8a13d62e3,2020/10/03 9:33 AM MST,2020-10-03,2020-10-03 16:33:00 UTC,Arizona,2777177,tolotornis,"",2020-10-03 18:50:50 UTC,2023-07-08 00:28:09 UTC,research,CC-BY-NC-ND,https://www.inaturalist.org/observations/61592353,https://inaturalist-open-data.s3.amazonaws.com/photos/98572580/medium.jpeg,,"","",1,0,false,,"Adolfo López Mateos, Heroica Guaymas, Son., México",27.8915323345,-110.8961492975,13,,,,13,,open,false,,,Great Kiskadee,Pitangus sulphuratus,Bienteveo Común,Aves,16956
62401248,99d90cfa-0e19-4157-a23f-995e4b2f3f68,2016/11/05 8:35 AM UTC,2016-11-05,2016-11-05 08:35:00 UTC,UTC,3609704,criscatz,Cristina Cauich-Tzab,2020-10-12 15:03:08 UTC,2021-04-08 04:40:57 UTC,research,,https://www.inaturalist.org/observations/62401248,https://static.inaturalist.org/photos/99973606/medium.jpg,,"","",3,0,false,,"Tekik de Regil, Yuc., México",20.8156340269,-89.5657459239,31,,,,31,,open,false,,,Great Kiskadee,Pitangus sulphuratus,Bienteveo Común,Aves,16956
62682207,46c8877f-7af8-4c74-bc40-5485786fee14,2014/02/26 9:14 AM -0300,2014-02-26,2014-02-26 12:14:00 UTC,Brasilia,1313291,helio-lourencini,Helio Lourencini,2020-10-16 01:32:30 UTC,2024-02-14 22:46:34 UTC,research,CC-BY,https://www.inaturalist.org/observations/62682207,https://inaturalist-open-data.s3.amazonaws.com/photos/100471911/medium.jpg,,"","",1,0,false,,"Porto das Dunas, Aquiraz - CE, Brasil",-3.8334883333,-38.3988066667,,,,,,,open,false,,,Great Kiskadee,Pitangus sulphuratus,Bienteveo Común,Aves,16956
62682211,579e9ea8-4864-4c6d-8459-0ccf66627570,2014/11/02 4:17 PM -0200,2014-11-02,2014-11-02 18:17:00 UTC,Mid-Atlantic,1313291,helio-lourencini,Helio Lourencini,2020-10-16 01:32:32 UTC,2023-11-01 01:52:23 UTC,research,CC-BY,https://www.inaturalist.org/observations/62682211,https://inaturalist-open-data.s3.amazonaws.com/photos/100472105/medium.jpeg,,"","",1,0,false,,Zona rural de Paudalho - Pernambuco,-7.9237759881,-35.1650124872,1057,,,,1057,,open,false,,,Pitangus sulphuratus,Pitangus sulphuratus,Bienteveo Común,Aves,16956
62682212,41aa88e8-2781-43c0-acc8-111dcb40aa8c,2014/11/03 6:20 AM -0200,2014-11-03,2014-11-03 08:20:00 UTC,Mid-Atlantic,1313291,helio-lourencini,Helio Lourencini,2020-10-16 01:32:32 UTC,2023-11-01 01:52:23 UTC,research,CC-BY,https://www.inaturalist.org/observations/62682212,https://inaturalist-open-data.s3.amazonaws.com/photos/100472157/medium.jpg,,"","",1,0,false,,Zona rural de Paudalho - Pernambuco,-7.9237759881,-35.1650124872,1057,,,,1057,,open,false,,,Great Kiskadee,Pitangus sulphuratus,Bienteveo Común,Aves,16956
62682215,dba779e9-1b95-463d-8b35-36941816d07e,2014/11/03 3:00 PM -0200,2014-11-03,2014-11-03 17:00:00 UTC,Mid-Atlantic,1313291,helio-lourencini,Helio Lourencini,2020-10-16 01:32:33 UTC,2023-11-01 01:52:23 UTC,research,CC-BY,https://www.inaturalist.org/observations/62682215,https://inaturalist-open-data.s3.amazonaws.com/photos/100472249/medium.jpeg,,"","",1,0,false,,Zona rural de Paudalho - Pernambuco,-7.9237759881,-35.1650124872,1057,,,,1057,,open,false,,,Great Kiskadee,Pitangus sulphuratus,Bienteveo Común,Aves,16956
64260173,042c4899-b48c-44a3-bdb8-b6ffbab972e6,2020/11/05 6:15 PM -03,2020-11-05,2020-11-05 21:15:00 UTC,Buenos Aires,3810804,bartardio,"",2020-11-05 21:23:15 UTC,2020-12-04 12:11:18 UTC,research,CC-BY-NC,https://www.inaturalist.org/observations/64260173,https://inaturalist-open-data.s3.amazonaws.com/photos/103281563/medium.jpeg,,"","",3,1,false,,"Santo Tomé, Santa Fe, Argentina",-31.6727704,-60.7689185,4447,,,,4447,,open,false,,,Bienteveo común,Pitangus sulphuratus,Bienteveo Común,Aves,16956
64412689,0340f2b7-93c4-4144-a11f-907352466065,2020/11/07 7:55 AM CST,2020-11-07,2020-11-07 13:55:00 UTC,Central Time (US & Canada),143067,philipwoodscc,Philip Woods,2020-11-08 03:24:39 UTC,2024-10-29 11:47:48 UTC,research,CC-BY-NC,https://www.inaturalist.org/observations/64412689,https://inaturalist-open-data.s3.amazonaws.com/photos/103552298/medium.jpeg,,"",Came calling to the top of the power pole,4,0,false,,"San Patricio County, TX, USA",27.9210187881,-97.6066482418,4,,,,4,,open,false,,,Great Kiskadee,Pitangus sulphuratus,Bienteveo Común,Aves,16956
64464451,9cdeb493-7d63-42b7-a20e-af94fc46d8c6,2020/11/02 10:00 AM ,2020-11-02,2020-11-02 16:00:00 UTC,Monterrey,2478153,danygl,"",2020-11-08 20:33:01 UTC,2021-05-09 00:11:27 UTC,research,CC-BY,https://www.inaturalist.org/observations/64464451,https://inaturalist-open-data.s3.amazonaws.com/photos/103643975/medium.jpg,,"",,1,0,false,,"Nuevo León, MX",25.7485029565,-100.4097996392,758,,,,29936,obscured,open,true,,,Bienteveo común,Pitangus sulphuratus,Bienteveo Común,Aves,16956
64694852,492ac2d1-5413-428a-9110-e2cf7fa45172,2020/11/07 7:04 AM HST,2020-11-07,2020-11-07 17:04:00 UTC,Hawaii,2234015,gabrielvolkerlacerda,Gabriel Völker Lacerda,2020-11-11 22:39:56 UTC,2025-04-27 15:56:02 UTC,research,CC-BY-NC,https://www.inaturalist.org/observations/64694852,https://inaturalist-open-data.s3.amazonaws.com/photos/104038520/medium.jpeg,,"","",2,0,false,,Brazil,-15.9893520554,-47.9437902658,544,,,,30855,obscured,open,true,,,Great Kiskadee,Pitangus sulphuratus,Bienteveo Común,Aves,16956
64983920,bf2c56ea-06cc-49f1-8dfe-b9f5cd1faf15,2020/11/15 9:11 AM CST,2020-11-15,2020-11-15 15:11:00 UTC,Monterrey,1556863,rakshas,"",2020-11-16 01:12:13 UTC,2021-03-26 14:50:01 UTC,research,CC-BY-NC,https://www.inaturalist.org/observations/64983920,https://inaturalist-open-data.s3.amazonaws.com/photos/104552428/medium.jpeg,,"","",2,0,false,,"Nuevo León, MX",25.6505293413,-100.3659833191,252,,,,29936,obscured,open,true,,,Bienteveo común,Pitangus sulphuratus,Bienteveo Común,Aves,16956
65278253,96c93eba-1346-4fc1-8234-5b1a3691533b,2020-11-11 9:23:44 AM GMT-03:00,2020-11-11,2020-11-11 12:23:44 UTC,Brasilia,3853158,daniel2545,Daniel Duarte,2020-11-20 15:48:12 UTC,2021-08-11 20:33:27 UTC,research,,https://www.inaturalist.org/observations/65278253,https://static.inaturalist.org/photos/105037391/medium.jpeg,,"",,2,0,false,2,"Asunción e Independencia Nacional Casa N° 225, Asunción, Paraguay",-25.3023823569,-57.6290034503,6712,,,,6712,,open,false,gps,gps,Great Kiskadee,Pitangus sulphuratus,Bienteveo Común,Aves,16956
65896567,5b5541a9-3496-4a6c-b936-3023d4df50be,2020/11/24 11:59 AM CST,2020-11-24,2020-11-24 17:59:00 UTC,Central Time (US & Canada),426782,jsuplick,Jean Suplick,2020-11-30 17:57:42 UTC,2021-04-23 11:59:02 UTC,research,CC-BY-NC,https://www.inaturalist.org/observations/65896567,https://inaturalist-open-data.s3.amazonaws.com/photos/106138211/medium.jpg,,"","",4,0,false,,"Calhoun County, TX, USA",28.251075,-96.789115,3,,,,3,,open,false,,"",Great Kiskadee,Pitangus sulphuratus,Bienteveo Común,Aves,16956
66193600,2b2d8015-465f-4ffa-8e6f-4d4e03d9273d,2020/12/05 10:45 AM CST,2020-12-05,2020-12-05 16:45:00 UTC,Central Time (US & Canada),280601,randyshonkwiler,,2020-12-06 16:45:00 UTC,2021-11-03 02:46:46 UTC,research,CC-BY-NC,https://www.inaturalist.org/observations/66193600,https://inaturalist-open-data.s3.amazonaws.com/photos/106659645/medium.jpeg,,"",,3,0,false,,"Wide Waters of the Des Plains, Will County, IL, USA",41.4250088253,-88.2067883954,15,,,,15,,open,false,,,Great Kiskadee,Pitangus sulphuratus,Bienteveo Común,Aves,16956
66518643,31d402fb-164b-4c09-8897-118716153d35,2020/12/12 11:33 AM -0200,2020-12-12,2020-12-12 13:33:00 UTC,Mid-Atlantic,3558087,ayan_fleischmann,"",2020-12-13 14:08:17 UTC,2020-12-18 20:58:22 UTC,research,CC-BY-NC,https://www.inaturalist.org/observations/66518643,https://inaturalist-open-data.s3.amazonaws.com/photos/107248563/medium.jpeg,,"",,2,0,false,,"Canela - RS, Brasil",-29.3222653223,-50.8155127394,308,,,,308,,open,false,,,Great Kiskadee,Pitangus sulphuratus,Bienteveo Común,Aves,16956
67601752,46e894e6-1cc2-4f7b-b897-cd34faaadf55,2021-01-04 4:23:56 PM CST,2021-01-04,2021-01-04 22:23:56 UTC,Mexico City,2950223,sebastian_hb,Sebastián de Jesús Herrera Buenfil,2021-01-05 03:18:03 UTC,2023-11-14 17:44:49 UTC,research,CC-BY,https://www.inaturalist.org/observations/67601752,https://inaturalist-open-data.s3.amazonaws.com/photos/109261855/medium.jpeg,,"",,3,0,false,2,"Homún, Yuc., México",20.7370183333,-89.2965566667,,,,,,,open,false,gps,gps,Bienteveo común,Pitangus sulphuratus,Bienteveo Común,Aves,16956
67759313,eba81080-c18d-42dd-8169-e485c41c74ab,2021/01/07 2:50 PM CST,2021-01-07,2021-01-07 20:50:00 UTC,Mexico City,192635,jartigas,Juan Miguel Artigas Azas,2021-01-08 19:34:32 UTC,2024-02-23 23:58:21 UTC,research,,https://www.inaturalist.org/observations/67759313,https://static.inaturalist.org/photos/109561314/medium.jpg,,"","",3,0,false,,"San Miguel de Allende, Guanajuato, Mexico",20.91782,-100.7236283333,,,,,,,open,false,,,Bienteveo común,Pitangus sulphuratus,Bienteveo Común,Aves,16956
67760683,420ef3c1-09fc-47e7-bd7e-28836a0b0d46,2021/01/07 2:57 PM CST,2021-01-07,2021-01-07 20:57:00 UTC,Mexico City,192635,jartigas,Juan Miguel Artigas Azas,2021-01-08 20:06:44 UTC,2024-02-23 23:58:20 UTC,research,,https://www.inaturalist.org/observations/67760683,https://static.inaturalist.org/photos/109563603/medium.jpeg,,"","",4,0,false,,"San Miguel de Allende, Guanajuato, Mexico",20.9178266667,-100.7235533333,,,,,,,open,false,,,Bienteveo común,Pitangus sulphuratus,Bienteveo Común,Aves,16956
69249623,0d46ee9a-f550-4e6a-9f30-924a35878410,2021/02/04 6:00 PM SST,2021-02-04,2021-02-04 04:00:00 UTC,Samoa,1480303,pedronoe,,2021-02-08 08:46:20 UTC,2021-09-03 21:15:59 UTC,research,CC-BY-NC,https://www.inaturalist.org/observations/69249623,https://inaturalist-open-data.s3.amazonaws.com/photos/112328816/medium.jpeg,,"comiendo, eating, depredacion, depredando","#tierrafest
",3,0,false,,"Tamatán, Cd Victoria, Tamps., México",23.7155411597,-99.1697693574,4,,,,4,,open,false,,,Luis Bienteveo,Pitangus sulphuratus,Bienteveo Común,Aves,16956
69674035,0c85a322-5ca5-44fd-b651-f2633b9aff2c,Wed Feb 10 2021 18:01:34 GMT-0500 (GMT-5),2021-02-10,2021-02-10 23:01:34 UTC,Bogota,1591777,marcomino,Marco Miño M,2021-02-16 16:01:05 UTC,2021-02-16 18:40:21 UTC,research,,https://www.inaturalist.org/observations/69674035,https://static.inaturalist.org/photos/113104661/medium.jpg,,"","",3,0,false,3,"Troncal Amazónica, Archidona, Napo, EC",-0.8928703092,-77.8007928099,65,,,,65,,open,false,,,Great Kiskadee,Pitangus sulphuratus,Bienteveo Común,Aves,16956
69895845,f4cc456c-8459-442d-b571-ccc8472ea63a,2020/02/05 12:11 PM CST,2020-02-05,2020-02-05 18:11:00 UTC,Mexico City,150734,lizette_pons_martin_del_campo,Lizette Pons,2021-02-21 01:29:31 UTC,2021-03-14 15:10:32 UTC,research,CC-BY-NC,https://www.inaturalist.org/observations/69895845,https://inaturalist-open-data.s3.amazonaws.com/photos/113523638/medium.jpeg,,"",,1,0,false,,"Carretera Federal 125 km 25+800 Comunidad zapotlán Salinas, Tehuacán, Pue., México",18.3324725,-97.4578802,215,,,,215,,open,false,,,Bienteveo común,Pitangus sulphuratus,Bienteveo Común,Aves,16956
70715637,fcc37a82-9f1b-494e-8f95-ea6048db3982,2021/03/06 10:31 PM CST,2021-03-06,2021-03-07 04:31:00 UTC,Monterrey,1256541,kirecck,Erick MVC,2021-03-07 04:33:00 UTC,2021-03-08 00:21:56 UTC,research,,https://www.inaturalist.org/observations/70715637,https://static.inaturalist.org/photos/115011958/medium.jpg,,"",,5,0,false,,"Avenida Fundidora S/N, Col Obrera, Centro, 64490 Monterrey, N.L., México",25.6765368,-100.2823187,201,,,,201,,open,false,,,Bienteveo común,Pitangus sulphuratus,Bienteveo Común,Aves,16956
70817457,507a18f6-c5c7-4972-b13e-862aa3e3c3e6,2021/03/07 10:41 AM CST,2021-03-07,2021-03-07 16:41:00 UTC,Mexico City,234930,leticia_jimenez,Leticia Jiménez Hernández,2021-03-08 15:19:05 UTC,2025-06-09 03:23:40 UTC,research,,https://www.inaturalist.org/observations/70817457,https://inaturalist-open-data.s3.amazonaws.com/photos/115196028/medium.jpeg,,"","",3,0,false,,"Saltillo, Coah., México",25.3316324754,-100.9880861299,8,,,,8,,open,false,,,Great Kiskadee,Pitangus sulphuratus,Bienteveo Común,Aves,16956
71212220,63673b1f-bc3c-4616-8c3b-f6e774892632,2021/02/19 11:53 AM CST,2021-02-19,2021-02-19 17:53:00 UTC,Central Time (US & Canada),1038698,jodiboe,jodiboe,2021-03-14 13:41:52 UTC,2021-03-14 15:10:15 UTC,research,,https://www.inaturalist.org/observations/71212220,https://static.inaturalist.org/photos/115903775/medium.jpg,,"",,2,0,false,,"McAllen, TX, USA",26.1751433333,-98.2298766667,,,,,,,open,false,,,Great Kiskadee,Pitangus sulphuratus,Bienteveo Común,Aves,16956
71303564,d14eb622-ec25-42e5-b9c5-3fe259e0749b,2021/03/14 11:17 AM CST,2021-03-14,2021-03-14 17:17:00 UTC,Central America,597461,cmtercero,Cynthia Tercero,2021-03-15 15:49:49 UTC,2021-03-16 23:15:46 UTC,research,CC-BY-NC,https://www.inaturalist.org/observations/71303564,https://inaturalist-open-data.s3.amazonaws.com/photos/116070427/medium.jpeg,,"",,5,0,false,,"Los Ranchitos, Nicaragua",12.0215458074,-86.1672711349,692,,,,692,,open,false,,,Great Kiskadee,Pitangus sulphuratus,Bienteveo Común,Aves,16956
71510259,48de65c8-a81e-426f-887e-1e46ca6c90fc,2021/03/18 4:15 PM -0300,2021-03-18,2021-03-18 19:15:00 UTC,Buenos Aires,3650177,lfperotti,"",2021-03-18 21:12:05 UTC,2021-03-19 12:02:10 UTC,research,CC-BY-NC,https://www.inaturalist.org/observations/71510259,https://inaturalist-open-data.s3.amazonaws.com/photos/116438164/medium.jpeg,,"",,1,0,false,,"Gral Pedernera, San Luis, Argentina",-33.7031529682,-65.4703402489,114,,,,114,,open,false,,,Great Kiskadee,Pitangus sulphuratus,Bienteveo Común,Aves,16956
71772850,5425f751-3b98-4caf-81ed-75bd2cd1dedb,2021/02/21 10:22 AM UTC,2021-02-21,2021-02-21 10:22:00 UTC,UTC,4026605,ricardelremate,Ricard Busquets Reverte,2021-03-22 03:22:50 UTC,2021-09-14 22:59:08 UTC,research,CC-BY,https://www.inaturalist.org/observations/71772850,https://inaturalist-open-data.s3.amazonaws.com/photos/116907084/medium.jpeg,,"","En el Biotopo Protegido Cerro Cahuí, El Remate, Petén, Guatemala.",2,0,false,,"Flores, Guatemala",16.9982329923,-89.7017533631,21,,,,21,,open,false,,,Bienteveo común,Pitangus sulphuratus,Bienteveo Común,Aves,16956
72181879,54685614-07dd-4b18-9534-b4ec57c0fe26,2021/03/17 10:56 AM EDT,2021-03-17,2021-03-17 14:56:00 UTC,Eastern Time (US & Canada),65794,j-stauffer,Jeff Stauffer,2021-03-27 17:33:21 UTC,2021-03-27 19:17:25 UTC,research,,https://www.inaturalist.org/observations/72181879,https://static.inaturalist.org/photos/117626134/medium.jpg,,Bentsen-Rio Grande Valley State Park,Bentsen-Rio Grande Valley State Park,2,0,false,,"Hidalgo County, TX, USA",26.1786849012,-98.386381254,335,,,,335,,open,false,,,Great Kiskadee,Pitangus sulphuratus,Bienteveo Común,Aves,16956
72414647,9729412e-fa70-4842-bf26-3bd32558cc89,2021/03/27 3:58 PM CDT,2021-03-27,2021-03-27 20:58:00 UTC,Central Time (US & Canada),723035,juanitoescamilla,Juanito Escamilla,2021-03-30 02:02:00 UTC,2023-03-18 20:05:47 UTC,research,CC-BY,https://www.inaturalist.org/observations/72414647,https://inaturalist-open-data.s3.amazonaws.com/photos/118055159/medium.jpeg,,"",,2,0,false,,"Villa Canales, Guatemala",14.447615499,-90.534617405,15,,,,15,,open,false,,,Great Kiskadee,Pitangus sulphuratus,Bienteveo Común,Aves,16956
72572292,cda8ca8c-4d15-48f9-9da5-147cb42e1aad,2019/07/11 11:31 AM -0300,2019-07-11,2019-07-11 14:31:00 UTC,Brasilia,1408042,gui_lessa,Guilherme Lessa Ferreira,2021-04-01 00:48:08 UTC,2021-04-01 20:46:26 UTC,research,CC-BY-NC,https://www.inaturalist.org/observations/72572292,https://inaturalist-open-data.s3.amazonaws.com/photos/118314048/medium.jpeg,,"","",3,1,false,,"Limón Province, Parismina, Costa Rica",10.3073795457,-83.3511085091,31,,,,31,,open,false,,,Great Kiskadee,Pitangus sulphuratus,Bienteveo Común,Aves,16956
72658218,11e61eb1-9883-491b-8bb5-af39d47fc455,2021/04/01 2:37 PM CDT,2021-04-01,2021-04-01 19:37:00 UTC,Central Time (US & Canada),18812,mako252,Jon McIntyre,2021-04-02 03:13:28 UTC,2021-04-16 19:58:35 UTC,research,CC-BY-NC,https://www.inaturalist.org/observations/72658218,https://inaturalist-open-data.s3.amazonaws.com/photos/118501903/medium.jpeg,,"",,5,0,false,,"McAllen, TX, USA",26.175395084,-98.2300172228,8,,,,8,,open,false,,,Great Kiskadee,Pitangus sulphuratus,Bienteveo Común,Aves,16956
73850875,0de09dfd-60ee-4db3-ab5b-ae46d7b95462,2019/01/23 ,2019-01-23,,Brasilia,1359608,vinisouza128,Vinícius Rodrigues de Souza,2021-04-13 16:08:36 UTC,2021-04-26 23:37:04 UTC,research,,https://www.inaturalist.org/observations/73850875,https://static.inaturalist.org/photos/120627601/medium.jpg,,"",,3,0,false,,"Goiânia - GO, Brasil",-16.6868982,-49.2648114,15247,,,,15247,,open,false,,,Great Kiskadee,Pitangus sulphuratus,Bienteveo Común,Aves,16956
74312833,00130a14-0796-40cf-bb3f-d48f195f2ba6,2011/10/03 1:00 PM PDT,2011-10-03,2011-10-03 20:00:00 UTC,Pacific Time (US & Canada),3931297,clearbrookmlb,,2021-04-18 00:11:54 UTC,2021-04-22 23:53:21 UTC,research,CC-BY-NC,https://www.inaturalist.org/observations/74312833,https://inaturalist-open-data.s3.amazonaws.com/photos/121437209/medium.jpeg,,"",,1,0,false,,"5 de Diciembre, 48350 Puerto Vallarta, Jal., Mexico",20.613523652,-105.2309386114,62500,,,,62500,,open,false,,,Great Kiskadee,Pitangus sulphuratus,Bienteveo Común,Aves,16956
75269328,8727b749-3e3d-48e7-afbf-ecfec0eea5dc,Sun Apr 25 2021 17:38:42 GMT-0500 (EST),2021-04-25,2021-04-25 21:38:42 UTC,Eastern Time (US & Canada),1762517,yennifera,Yennifer Alfaro,2021-04-26 02:04:24 UTC,2021-04-26 08:48:10 UTC,research,CC-BY-NC,https://www.inaturalist.org/observations/75269328,https://inaturalist-open-data.s3.amazonaws.com/photos/123115500/medium.jpg,,"","",1,0,false,3,"Los Santos, PA",7.8191266407,-80.2245517639,184,,,,184,,open,false,,,Great Kiskadee,Pitangus sulphuratus,Bienteveo Común,Aves,16956
76735744,39161b27-4b90-4a8a-a6ee-52ee0ce2b273,Sun May 02 2021 16:58:00 GMT-0500 (CDT),2021-05-02,2021-05-02 21:58:00 UTC,Mexico City,1245150,ojo_de_biologo,Aarón Rodríguez Blanco,2021-05-02 22:57:57 UTC,2021-05-03 00:56:17 UTC,research,,https://www.inaturalist.org/observations/76735744,https://static.inaturalist.org/photos/125501688/medium.jpg,,"","",1,0,false,3,"Calle Gasoducto, Mérida, YUC, MX",21.0263413038,-89.6564039498,85,,,,85,,open,false,,,Bienteveo común,Pitangus sulphuratus,Bienteveo Común,Aves,16956
77310937,bf4a253d-626a-4184-8920-bbc414fec1e5,2017/08/03 1:34 PM -0300,2017-08-03,2017-08-03 16:34:00 UTC,Buenos Aires,3987281,niboldus,Nicolás Villaseca Merino,2021-05-04 17:46:35 UTC,2025-07-18 20:44:12 UTC,research,CC-BY,https://www.inaturalist.org/observations/77310937,https://inaturalist-open-data.s3.amazonaws.com/photos/126427061/medium.jpg,,"","",1,0,false,,"Iquitos, Perú",-3.7436735,-73.2516326,9328,,,,9328,,open,false,,,Great Kiskadee,Pitangus sulphuratus,Bienteveo Común,Aves,16956
77726790,0ebc67de-d8ef-4443-b72a-c57aef712e6f,2021-05-07 06:31:28,2021-05-07,2021-05-07 09:31:28 UTC,Brasilia,3202249,hildanyf,"",2021-05-07 09:30:57 UTC,2023-02-10 15:03:07 UTC,research,CC-BY-NC,https://www.inaturalist.org/observations/77726790,https://inaturalist-open-data.s3.amazonaws.com/photos/127142366/medium.jpeg,,"",,4,1,false,2,"Potengi, Natal - RN, 59127-170, Brasil",-5.7488066679,-35.2514731139,,,,,,,open,false,gps,gps,Bentevizinho-de-penacho-vermelho,Pitangus sulphuratus,Bienteveo Común,Aves,16956
77894668,6e7835f8-fe77-47f8-847b-2645b8ba475c,2021/05/08 8:42 AM -0400,2021-05-08,2021-05-08 12:42:00 UTC,Georgetown,886680,markhulme,Mark Hulme,2021-05-08 14:02:20 UTC,2021-05-08 21:52:12 UTC,research,CC-BY-NC,https://www.inaturalist.org/observations/77894668,https://inaturalist-open-data.s3.amazonaws.com/photos/127421168/medium.jpeg,,"",,2,0,false,,"St Augustine, Trinidad and Tobago",10.6513915286,-61.4037087664,19,,,,19,,open,false,,,Great Kiskadee,Pitangus sulphuratus,Bienteveo Común,Aves,16956
78076654,23307865-cb0a-4399-aa4b-dff1c4c0b626,2021-04-30,2021-04-30,,Mexico City,2950223,sebastian_hb,Sebastián de Jesús Herrera Buenfil,2021-05-09 15:57:46 UTC,2023-11-14 18:15:11 UTC,research,CC-BY,https://www.inaturalist.org/observations/78076654,https://inaturalist-open-data.s3.amazonaws.com/photos/127732914/medium.jpeg,,"",,2,0,false,2,"Ticul, Yuc., México",20.3745,-89.53259,,,,,,,open,false,gps,gps,Bienteveo común,Pitangus sulphuratus,Bienteveo Común,Aves,16956
79869567,d78905d9-f506-40c8-b265-cf29c36d0fd4,2021-05-21 09:13:34,2021-05-21,2021-05-21 14:13:34 UTC,Mexico City,2950223,sebastian_hb,Sebastián de Jesús Herrera Buenfil,2021-05-23 00:14:14 UTC,2023-11-14 18:18:29 UTC,research,CC-BY,https://www.inaturalist.org/observations/79869567,https://inaturalist-open-data.s3.amazonaws.com/photos/130852433/medium.jpeg,,"",,2,0,false,2,"Hunucmá, Yuc., México",21.1570483333,-90.0256433333,,,,,,,open,false,gps,gps,Bienteveo común,Pitangus sulphuratus,Bienteveo Común,Aves,16956
82927859,d4c986c4-1dd5-4671-842c-6820d905cde3,2021/06/08 4:41 PM -0500,2021-06-08,2021-06-08 21:41:00 UTC,Bogota,423616,germansarmientocruz,GERMAN LEONEL SARMIENTO CRUZ,2021-06-13 23:31:49 UTC,2024-10-17 23:19:18 UTC,research,CC-BY,https://www.inaturalist.org/observations/82927859,https://inaturalist-open-data.s3.amazonaws.com/photos/136141877/medium.jpeg,,"",,1,0,false,,"San Antonio del Tequendama, Cundinamarca, Colombia",4.6124950142,-74.3651333719,145,,,,145,,open,false,,,Bienteveo común,Pitangus sulphuratus,Bienteveo Común,Aves,16956
83174043,49cd6c60-d86f-44e0-9eb5-91e1ee99d5e3,Tue Jun 15 2021 09:16:00 GMT-0500 (EST),2021-06-15,2021-06-15 13:16:00 UTC,Eastern Time (US & Canada),1245150,ojo_de_biologo,Aarón Rodríguez Blanco,2021-06-15 19:48:52 UTC,2021-06-27 16:19:15 UTC,research,,https://www.inaturalist.org/observations/83174043,https://static.inaturalist.org/photos/136577270/medium.jpg,,"","",2,0,false,3,"Privada Paraguay, Cancún, QROO, MX",21.1273869792,-86.8321527768,81,,,,81,,open,false,,,Bienteveo común,Pitangus sulphuratus,Bienteveo Común,Aves,16956
83802970,b7639ec7-d50d-4812-b769-e45abad59601,2021/06/19 1:08 PM -0500,2021-06-19,2021-06-19 18:08:00 UTC,Lima,4110729,picioarelungi,"",2021-06-20 16:23:19 UTC,2021-06-27 00:23:34 UTC,research,CC-BY-NC,https://www.inaturalist.org/observations/83802970,https://inaturalist-open-data.s3.amazonaws.com/photos/137665655/medium.jpg,,"",,1,0,false,,"San Agustín, Huila, Colombia",1.8850942401,-76.2724730054,1452,,,,1452,,open,false,,,Bienteveo común,Pitangus sulphuratus,Bienteveo Común,Aves,16956
84007307,facec4b0-0c60-4bd4-8313-a1c965e97e42,2021/06/21 5:33 PM -0500,2021-06-21,2021-06-21 22:33:00 UTC,Bogota,527658,isabelcavila,Isabel C. Avila,2021-06-22 01:16:43 UTC,2025-02-03 19:16:09 UTC,research,CC-BY-NC-ND,https://www.inaturalist.org/observations/84007307,https://inaturalist-open-data.s3.amazonaws.com/photos/138026308/medium.jpg,,"","Tres crías de Bichofué gritón:
https://youtu.be/C5Dif1k_iF0",2,0,false,,"Cra. 60a #11b-31, Cali, Valle del Cauca, Colombia",3.4020642,-76.538857,203,,,,203,,open,false,,,Bienteveo común,Pitangus sulphuratus,Bienteveo Común,Aves,16956
84098084,445eebd9-64db-44fa-a3bc-a94b6cbd1bc6,2021/06/08 4:24 PM -0500,2021-06-08,2021-06-08 21:24:00 UTC,Bogota,26330,krotalo25,Luis Mora,2021-06-22 20:33:22 UTC,2024-03-28 22:18:54 UTC,research,CC-BY,https://www.inaturalist.org/observations/84098084,https://inaturalist-open-data.s3.amazonaws.com/photos/138182686/medium.jpeg,,"","",2,0,false,,"Playa del Carmen, Q.R., México",20.6673833333,-87.033065,,,,,,,open,false,,,Great Kiskadee,Pitangus sulphuratus,Bienteveo Común,Aves,16956
85817310,405b5f3d-ffb9-406d-8fef-b77db2bdc981,Mon Jul 05 2021 10:42:00 GMT-0500 (EST),2021-07-05,2021-07-05 14:42:00 UTC,Eastern Time (US & Canada),1245150,ojo_de_biologo,Aarón Rodríguez Blanco,2021-07-05 20:14:35 UTC,2021-07-05 22:20:10 UTC,research,,https://www.inaturalist.org/observations/85817310,https://static.inaturalist.org/photos/141261414/medium.jpg,,"","",2,0,false,3,"Supermanzana 301, Benito Juárez, QROO, MX",21.051927693,-86.8463742845,21,,,,21,,open,false,,,Great Kiskadee,Pitangus sulphuratus,Bienteveo Común,Aves,16956
86582054,022e82e0-bb44-4920-9440-7425ec2fd26d,2021-07-07 13:05:07,2021-07-07,2021-07-07 17:05:07 UTC,UTC,841889,ingridmacedo,Ingrid Macedo,2021-07-11 16:32:59 UTC,2023-07-08 04:16:45 UTC,research,,https://www.inaturalist.org/observations/86582054,https://static.inaturalist.org/photos/142657360/medium.jpeg,,"",,3,0,false,2,"Tarumã, Manaus - AM, 69041, Brasil",-3.0082505729,-60.0737846643,29,,,,29,,open,false,gps,gps,Great Kiskadee,Pitangus sulphuratus,Bienteveo Común,Aves,16956
87306764,2a990f98-a980-463c-b395-4344e81b06c7,2021/04/12 12:21 PM UTC,2021-04-12,2021-04-12 12:21:00 UTC,UTC,4026605,ricardelremate,Ricard Busquets Reverte,2021-07-16 19:28:54 UTC,2021-09-14 22:59:08 UTC,research,CC-BY,https://www.inaturalist.org/observations/87306764,https://inaturalist-open-data.s3.amazonaws.com/photos/143921921/medium.jpeg,,"","En el Biotopo Protegido Cerro Cahuí, El Remate, Petén, Guatemala.",1,0,false,,"Flores, Guatemala",16.9993280004,-89.7013360262,16,,,,16,,open,false,,,Bienteveo común,Pitangus sulphuratus,Bienteveo Común,Aves,16956
87482329,9e7d77bd-720a-4d2c-976c-2473503ab9b1,2016/10/29 3:43 PM UTC,2016-10-29,2016-10-29 17:43:00 UTC,Brasilia,2614870,rodrigo_lazaro,Rodrigo Paiva Lázaro,2021-07-18 00:19:10 UTC,2025-09-17 21:45:28 UTC,research,CC-BY-NC,https://www.inaturalist.org/observations/87482329,https://inaturalist-open-data.s3.amazonaws.com/photos/144237827/medium.jpeg,,"","Feeding its chick with dog food! These birds started to eat dog food a few years prior, but I didin't imagine they would offer it the its offspring.

Alimentando o filhote com ração de cachorro! Eles começaram a se alimentar da ração alguns anos antes, mas não imaginava que também alimentariam os filhotes com isso.",2,0,false,,"Jardim Barbacena, Cotia - SP, Brasil",-23.6062759958,-46.8220108375,1006,,,,1006,,open,false,gps,gps,Bem-te-vi,Pitangus sulphuratus,Bienteveo Común,Aves,16956
89413681,57a8409c-0d01-4017-b7c1-3a5d55d48f6a,2021-04-24 17:38:07,2021-04-24,2021-04-24 20:38:07 UTC,Buenos Aires,3992224,sergio_bruno,Sergio Bruno,2021-08-01 00:55:35 UTC,2021-08-02 03:25:42 UTC,research,,https://www.inaturalist.org/observations/89413681,https://static.inaturalist.org/photos/147650044/medium.jpeg,,"",,3,0,false,2,Costanera Carlos Paz,-31.3956802666,-64.4738895446,199,,,,199,,open,false,gps,gps,Great Kiskadee,Pitangus sulphuratus,Bienteveo Común,Aves,16956
91979804,a35c52fd-f289-42e9-83c2-415e508ffcf4,2021/06/07 11:57 AM PDT,2021-06-07,2021-06-07 18:57:00 UTC,Pacific Time (US & Canada),32146,drdebo,Deb Oleynik,2021-08-21 16:20:04 UTC,2025-07-11 23:35:19 UTC,research,CC-BY-NC,https://www.inaturalist.org/observations/91979804,https://inaturalist-open-data.s3.amazonaws.com/photos/152220436/medium.jpg,,"",,2,0,false,,"Nuevo Vallarta, Nayarit, Mexico",20.6906194047,-105.2924925099,470,,,,470,,open,false,,,Bienteveo común,Pitangus sulphuratus,Bienteveo Común,Aves,16956
92325977,ec20577c-7939-4927-a948-799eabb527db,Sun Aug 22 2021 07:27:03 GMT-0500 (CDT),2021-08-22,2021-08-22 07:27:03 UTC,UTC,2843641,joannaruzprieto,,2021-08-24 05:28:37 UTC,2021-08-28 00:47:20 UTC,research,CC-BY-NC,https://www.inaturalist.org/observations/92325977,https://inaturalist-open-data.s3.amazonaws.com/photos/152857865/medium.jpg,,"","",2,0,false,3,"Conkal, YUC, MX",21.0834471667,-89.5512783333,200,,,,200,,open,false,,,Bienteveo común,Pitangus sulphuratus,Bienteveo Común,Aves,16956
93306890,b8105bdf-0411-4ec1-b0ae-831518c5f210,2021/08/28 12:23 PM -0300,2021-08-28,2021-08-28 15:23:00 UTC,Buenos Aires,1205836,elbeltrocco,Eduardo Luis Beltrocco,2021-09-01 22:40:39 UTC,2024-11-09 15:47:03 UTC,research,CC-BY,https://www.inaturalist.org/observations/93306890,https://inaturalist-open-data.s3.amazonaws.com/photos/154623970/medium.jpeg,,"","",1,0,false,,"Santo Tomé, Santa Fe, Argentina",-31.6615930023,-60.7605646301,1,,,,1,,open,false,,,Bienteveo común,Pitangus sulphuratus,Bienteveo Común,Aves,16956
94008429,34461424-11cc-4c05-9467-40a94651bc7a,2003/03/01 5:02 PM CST,2003-03-01,2003-03-01 23:02:00 UTC,Central Time (US & Canada),1447753,johnrosford,John Rosford,2021-09-07 16:45:16 UTC,2022-08-06 21:27:49 UTC,research,CC0,https://www.inaturalist.org/observations/94008429,https://inaturalist-open-data.s3.amazonaws.com/photos/155887749/medium.jpg,,"",,2,0,false,,"Hidalgo County, TX, USA",26.177525,-98.3863361111,,,,,,,open,false,,,Great Kiskadee,Pitangus sulphuratus,Bienteveo Común,Aves,16956
94190067,4c7896cf-407d-4477-8bd3-045ff51d2f6f,2021/07/18 1:20 AM -0500,2021-07-18,2021-07-18 06:20:00 UTC,Lima,4971649,javierojas30,Javier Eduardo Rojas Ruiz,2021-09-09 07:42:46 UTC,2021-09-09 13:19:12 UTC,research,CC-BY-NC,https://www.inaturalist.org/observations/94190067,https://inaturalist-open-data.s3.amazonaws.com/photos/156214693/medium.jpeg,,"Bichofué, Bichojue, Honda, Tolima, Villa Myriam, Ave familiar",Es habitual verlos y escucharlos durante gran parte del año. Es un huésped agradable y habitual de la Villa.,1,0,false,,"Honda, Tolima Villa Myriam",5.2131219027,-74.7621600001,73,,,,73,,open,false,,,Great Kiskadee,Pitangus sulphuratus,Bienteveo Común,Aves,16956
94238611,db1c8e1d-1c3f-474f-b898-ec200472c604,2021/06/19 3:01 PM -05,2021-06-19,2021-06-19 20:01:00 UTC,Lima,2627643,monroyfotografo,David Monroy R,2021-09-09 18:16:18 UTC,2021-09-10 01:12:37 UTC,research,CC-BY-NC,https://www.inaturalist.org/observations/94238611,https://inaturalist-open-data.s3.amazonaws.com/photos/156303305/medium.jpg,,"",,1,0,false,,"Pereira, Risaralda, Colombia",4.811379442,-75.703836926,4,,,,4,,open,false,,,Great Kiskadee,Pitangus sulphuratus,Bienteveo Común,Aves,16956
94978652,aad8428d-dda7-418a-a305-f756fd512ede,2021/07/16 11:41 AM UTC,2021-07-16,2021-07-16 11:41:00 UTC,UTC,4026605,ricardelremate,Ricard Busquets Reverte,2021-09-15 22:40:04 UTC,2021-09-16 02:38:57 UTC,research,CC-BY,https://www.inaturalist.org/observations/94978652,https://inaturalist-open-data.s3.amazonaws.com/photos/157618366/medium.jpeg,,"","En el Biotopo Protegido Cerro Cahuí, San José, Guatemala.",1,0,false,,"San José, Guatemala",16.9995429702,-89.7012951225,11,,,,11,,open,false,,,Great Kiskadee,Pitangus sulphuratus,Bienteveo Común,Aves,16956
95101389,c9cc1d82-638e-4aad-88da-677182d7aa45,2021/09/14 5:21 PM CDT,2021-09-14,2021-09-14 22:21:00 UTC,Mexico City,3609704,criscatz,Cristina Cauich-Tzab,2021-09-17 01:25:06 UTC,2021-09-17 01:50:28 UTC,research,,https://www.inaturalist.org/observations/95101389,https://static.inaturalist.org/photos/157838775/medium.jpeg,,"","",2,0,false,,"Tekik de Regil, Yuc., México",20.8123238202,-89.5620177979,131,,,,131,,open,false,,,Great Kiskadee,Pitangus sulphuratus,Bienteveo Común,Aves,16956
95365694,044f8f61-77a7-4099-9f58-0c03754556a6,2018/11/18 11:52 AM EST,2018-11-18,2018-11-18 16:52:00 UTC,Eastern Time (US & Canada),740854,djlavor,Dan LaVorgna,2021-09-19 05:40:53 UTC,2021-09-24 00:05:13 UTC,research,,https://www.inaturalist.org/observations/95365694,https://static.inaturalist.org/photos/158312483/medium.jpg,,"",Note stout bill; bold striped black and white head; reddish-brown above; yellow underparts.,5,0,false,,United States,26.1996673736,-98.1761592922,,,,,29891,obscured,open,true,,,Great Kiskadee,Pitangus sulphuratus,Bienteveo Común,Aves,16956
95439092,073605bd-9438-4e76-8ad6-fc9092e6508c,2021/07/27 2:00 PM UTC,2021-07-27,2021-07-27 14:00:00 UTC,UTC,4026605,ricardelremate,Ricard Busquets Reverte,2021-09-19 19:15:23 UTC,2021-09-20 18:46:46 UTC,research,CC-BY,https://www.inaturalist.org/observations/95439092,https://inaturalist-open-data.s3.amazonaws.com/photos/158442326/medium.jpeg,,"","En el Biotopo Protegido Cerro Cahuí, San José, Petén, Guatemala.",2,0,false,,"San José, Guatemala",16.9966690407,-89.7029694916,26,,,,26,,open,false,,,Great Kiskadee,Pitangus sulphuratus,Bienteveo Común,Aves,16956
95494458,2f2e0115-03a0-4fbf-8a89-edde912d414b,2021-09-19 09:06:00,2021-09-19,2021-09-19 09:06:00 UTC,UTC,4840048,daniela_adame,Daniela Adame,2021-09-20 02:38:49 UTC,2021-09-24 00:33:21 UTC,research,,https://www.inaturalist.org/observations/95494458,https://static.inaturalist.org/photos/158542066/medium.jpeg,,"",,2,0,false,2,Zona Arqueológica de Uxmal,20.3610558374,-89.7707861289,545,,,,545,,open,false,gps,gps,Bienteveo común,Pitangus sulphuratus,Bienteveo Común,Aves,16956
95802572,52696003-1269-4007-ba37-8019cf517f0d,2021/05/26 7:00 AM UTC,2021-05-26,2021-05-26 07:00:00 UTC,UTC,5027833,tsukumraku41,Noé Jiménez Lang,2021-09-22 22:37:43 UTC,2021-09-23 12:20:11 UTC,research,CC-BY-NC,https://www.inaturalist.org/observations/95802572,https://inaturalist-open-data.s3.amazonaws.com/photos/159085893/medium.jpg,,"","Fotografía tomada en en panteón, en la periferia de la cabecera municipal, en colindancia con potreros y plantaciones de mango.",2,0,false,,"San Marcos, 30590 Acacoyagua, Chis., México",15.3329113077,-92.6811686649,15,,,,15,,open,false,,,Great Kiskadee,Pitangus sulphuratus,Bienteveo Común,Aves,16956
96178462,ad99503c-e616-4d09-8344-cb79087b42f9,2021/09/24 9:37 PM CDT,2021-09-24,2021-09-24 21:37:00 UTC,UTC,3750605,lucycecyte1,,2021-09-26 02:42:07 UTC,2021-09-26 17:34:05 UTC,research,CC-BY-NC,https://www.inaturalist.org/observations/96178462,https://inaturalist-open-data.s3.amazonaws.com/photos/159749632/medium.jpeg,,"",Se observó en el Parque Kabah,2,0,false,,"7, 77533 Cancún, Q.R., México",21.146772,-86.822662,415,,,,415,,open,false,,,Great Kiskadee,Pitangus sulphuratus,Bienteveo Común,Aves,16956
96495017,7a2eec70-0259-40e9-8f9f-72076fac3a81,2009/02/02 12:00 PM CET,2009-02-02,2009-02-02 11:00:00 UTC,Paris,4690550,carsten_meyer,Carsten Meyer,2021-09-28 17:40:33 UTC,2023-12-26 20:19:59 UTC,research,CC-BY,https://www.inaturalist.org/observations/96495017,https://static.inaturalist.org/photos/160294850/medium.jpg,,"",,1,0,false,,"Provinz Chiquitos, Bolivien",-18.3261559014,-59.5805121335,500,,,,500,,open,false,,,Great Kiskadee,Pitangus sulphuratus,Bienteveo Común,Aves,16956
96885336,4cf66cdc-0889-4560-867e-ee9a90ed962e,2021/09/30 11:56 AM -0300,2021-09-30,2021-09-30 14:56:00 UTC,Brasilia,4234570,silvia_mallet,Silvia Mallet,2021-10-02 13:16:22 UTC,2021-10-07 19:53:19 UTC,research,CC-BY-NC,https://www.inaturalist.org/observations/96885336,https://inaturalist-open-data.s3.amazonaws.com/photos/161022516/medium.jpeg,,"","",1,0,false,,"Gral. Pico, La Pampa, Argentina",-35.6593239,-63.7577887,4571,,,,4571,,,false,,,Great Kiskadee,Pitangus sulphuratus,Bienteveo Común,Aves,16956
97312910,60e690cb-7a04-47c1-80a1-04ef00f8b6ca,2021/07/22 1:34 PM HST,2021-07-22,2021-07-22 23:34:00 UTC,Hawaii,753960,belendri,María Belén Dri,2021-10-06 02:55:47 UTC,2026-02-18 18:44:41 UTC,research,CC-BY-NC,https://www.inaturalist.org/observations/97312910,https://inaturalist-open-data.s3.amazonaws.com/photos/161814797/medium.jpeg,,"",el pájaro,9,0,false,,"Colón, Entre Ríos, Argentina",-31.8701149613,-58.2170338626,244,,,,244,,,false,,,Benteveo,Pitangus sulphuratus,Bienteveo Común,Aves,16956
97342865,e37ec4c5-bcad-4afe-aa4f-ac05a0d60236,2021/09/25 11:02 AM -0300,2021-09-25,2021-09-25 14:02:00 UTC,Buenos Aires,1454648,r-a-p,RAP,2021-10-06 13:54:53 UTC,2024-11-08 00:52:23 UTC,research,CC-BY,https://www.inaturalist.org/observations/97342865,https://inaturalist-open-data.s3.amazonaws.com/photos/161876096/medium.jpg,,"",RECS,2,0,false,,"Puerto Madero, CABA, Argentina",-34.6080626338,-58.3509635925,244,,,,244,,,false,,,Great Kiskadee,Pitangus sulphuratus,Bienteveo Común,Aves,16956
97367040,69055762-e0af-486e-9fc3-314f3c934f49,Wed Oct 06 2021 09:54:00 GMT-0500 (CDT),2021-10-06,2021-10-06 09:54:00 UTC,UTC,4299250,ignaciomra1,Ignacio Moreira Loera,2021-10-06 18:08:57 UTC,2023-12-07 22:05:11 UTC,research,,https://www.inaturalist.org/observations/97367040,https://inaturalist-open-data.s3.amazonaws.com/photos/161920886/medium.jpg,,"","",1,0,false,3,"Parque Rufino Tamayo, San Pedro Garza García, NL, MX",25.6460721604,-100.3314380868,84,,,,84,,open,false,,,Bienteveo común,Pitangus sulphuratus,Bienteveo Común,Aves,16956
97946274,1399ef4e-ab99-4be2-9829-97484efb6dfc,2018/10/06 1:41 PM UTC,2018-10-06,2018-10-06 13:41:00 UTC,UTC,5073234,aj_explorers,AJ_Explorers,2021-10-11 22:16:54 UTC,2021-10-12 03:06:24 UTC,research,CC-BY-NC,https://www.inaturalist.org/observations/97946274,https://inaturalist-open-data.s3.amazonaws.com/photos/162977952/medium.jpg,,"Costa Rica, Guanacaste, iNaturalist",Near Guanacaste and nearby water. Do not remember location.,2,0,false,,,10.7175627649,-85.548976349,99424,,,,99424,obscured,open,true,,,Kiskadees,Pitangus sulphuratus,Bienteveo Común,Aves,16956
97967488,cd545815-8b2d-4169-acdb-81d86e4f6f96,2021-09-11 09:39:22,2021-09-11,2021-09-11 14:39:22 UTC,Mexico City,439353,fabygalleta,Faby Galleta,2021-10-12 02:01:12 UTC,2023-06-13 18:58:17 UTC,research,CC-BY-NC,https://www.inaturalist.org/observations/97967488,https://inaturalist-open-data.s3.amazonaws.com/photos/163018135/medium.jpeg,,"",,3,0,false,2,"67175 Guadalupe, N.L., México",25.6716655314,-100.2458667755,118,,,,118,,open,false,gps,gps,Bienteveo común,Pitangus sulphuratus,Bienteveo Común,Aves,16956
98014544,682a4833-1cf3-4e9b-872f-fbe85c3ae344,2021-09-25 10:25:59,2021-09-25,2021-09-25 10:25:59 UTC,UTC,5115541,juan1408,Juan Garza,2021-10-12 16:09:31 UTC,2021-10-12 21:01:14 UTC,research,,https://www.inaturalist.org/observations/98014544,https://static.inaturalist.org/photos/163106753/medium.jpeg,,"",,3,1,false,2,"Nuevo Amanecer, 66005 García, N.L., México",25.8039763997,-100.5946756,,,,,,,open,false,,,Great Kiskadee,Pitangus sulphuratus,Bienteveo Común,Aves,16956
98317788,61beff5c-7ea7-498c-bbbc-d16703538e34,2021-10-08 17:09:02,2021-10-08,2021-10-08 20:09:02 UTC,Brasilia,5124657,gabrielxxich,Gabriel Schirme,2021-10-15 21:30:06 UTC,2023-01-02 01:35:55 UTC,research,CC-BY-NC,https://www.inaturalist.org/observations/98317788,https://inaturalist-open-data.s3.amazonaws.com/photos/163662071/medium.jpeg,,"",,4,0,false,2,"Ipanema, Porto Alegre - RS, Brasil",-30.1436946185,-51.2244505808,148,,,,148,,open,false,gps,gps,Great Kiskadee,Pitangus sulphuratus,Bienteveo Común,Aves,16956
98989639,4881d43b-10c1-4642-b67d-3071df1a4b43,2021-10-22 07:20:48,2021-10-22,2021-10-22 10:20:48 UTC,Buenos Aires,2539367,ivannacruz,Ivanna Gabriela Cruz,2021-10-22 16:11:53 UTC,2022-04-20 23:28:00 UTC,research,,https://www.inaturalist.org/observations/98989639,https://static.inaturalist.org/photos/164929730/medium.jpeg,,"",,4,0,false,2,"Centro, Salta, Argentina",-24.7833423883,-65.406386666,109,,,,109,,,false,gps,gps,Bienteveo común,Pitangus sulphuratus,Bienteveo Común,Aves,16956
99171161,3e471935-0fb1-46b6-8fc4-71af45e4175e,2021/10/23 11:07 AM HST,2021-10-23,2021-10-23 21:07:00 UTC,Hawaii,2539367,ivannacruz,Ivanna Gabriela Cruz,2021-10-24 03:34:59 UTC,2022-04-20 23:27:25 UTC,research,,https://www.inaturalist.org/observations/99171161,https://static.inaturalist.org/photos/165261196/medium.jpg,,"",,2,0,false,,"Capital, Salta, Argentina",-24.7324270986,-65.4207520475,100,,,,100,,,false,,,Great Kiskadee,Pitangus sulphuratus,Bienteveo Común,Aves,16956
99217651,5c5d80e8-b5f2-4ff0-814d-55ecbc455aa0,2021-10-23 11:07:14,2021-10-23,2021-10-23 14:07:14 UTC,Buenos Aires,4939836,micaelacerrovarnet,Micaela Carral,2021-10-24 14:38:56 UTC,2022-04-20 23:27:04 UTC,research,,https://www.inaturalist.org/observations/99217651,https://static.inaturalist.org/photos/165350649/medium.jpeg,,"",Encontrado cerca de laguna . Muerto,2,0,false,2,Parque bicentenario - escenario,-24.7315204706,-65.4230596125,202,,,,202,,,false,gps,gps,Bienteveo común,Pitangus sulphuratus,Bienteveo Común,Aves,16956
99673936,0bd457ae-5acb-478b-b51e-67fedba38419,2021/10/28 1:08 PM CDT,2021-10-28,2021-10-28 18:08:00 UTC,Central Time (US & Canada),1595749,jcochran706,Jack Cochran,2021-10-29 01:47:17 UTC,2023-03-24 23:58:21 UTC,research,CC-BY-NC,https://www.inaturalist.org/observations/99673936,https://inaturalist-open-data.s3.amazonaws.com/photos/166208652/medium.jpeg,,ELGR,"",3,0,false,,"Hidalgo, Texas, United States",26.1264133333,-97.9579783333,,,,,,,open,false,,"",Bienteveo común,Pitangus sulphuratus,Bienteveo Común,Aves,16956
99838871,25c46a34-72d7-4d00-91f0-cc850422297d,2021/09/20 1:05 PM UTC,2021-09-20,2021-09-20 13:05:00 UTC,UTC,4026605,ricardelremate,Ricard Busquets Reverte,2021-10-31 01:33:20 UTC,2021-10-31 21:51:38 UTC,research,CC-BY,https://www.inaturalist.org/observations/99838871,https://inaturalist-open-data.s3.amazonaws.com/photos/166520175/medium.jpeg,,"","En el Biotopo Protegido Cerro Cahuí, San José, Petén, Guatemala.",2,0,false,,"San José, Guatemala",16.9977250067,-89.7037808597,14,,,,14,,open,false,,,Great Kiskadee,Pitangus sulphuratus,Bienteveo Común,Aves,16956
99923742,da322936-3816-4727-86d8-6016fdf43e39,2021/09/20 1:03 PM UTC,2021-09-20,2021-09-20 13:03:00 UTC,UTC,4026605,ricardelremate,Ricard Busquets Reverte,2021-10-31 22:42:29 UTC,2021-10-31 23:06:12 UTC,research,CC-BY,https://www.inaturalist.org/observations/99923742,https://inaturalist-open-data.s3.amazonaws.com/photos/166684825/medium.jpeg,,"","En el Biotopo Protegido Cerro Cahuí, San José, Petén, Guatemala.",1,0,false,,"San José, Guatemala",16.9978144744,-89.7039167016,12,,,,12,,open,false,,,Great Kiskadee,Pitangus sulphuratus,Bienteveo Común,Aves,16956
100022215,e4db0d66-46d9-4b50-a44d-1b1d31f59208,2021/09/20 1:01 PM UTC,2021-09-20,2021-09-20 13:01:00 UTC,UTC,4026605,ricardelremate,Ricard Busquets Reverte,2021-11-01 23:27:49 UTC,2021-11-03 05:50:42 UTC,research,CC-BY,https://www.inaturalist.org/observations/100022215,https://inaturalist-open-data.s3.amazonaws.com/photos/166874959/medium.jpeg,,"","En el Biotopo Protegido Cerro Cahuí, San José, Petén, Guatemala.",3,0,false,,"San José, Guatemala",16.9977621067,-89.7039217806,9,,,,9,,open,false,,,Great Kiskadee,Pitangus sulphuratus,Bienteveo Común,Aves,16956
100496354,2716f65d-c44f-42d9-a075-779fcce30715,2021/09/20 7:57 AM -0300,2021-09-20,2021-09-20 10:57:00 UTC,Brasilia,1727839,jeh_biologa,Jessica dos Anjos,2021-11-07 15:06:17 UTC,2023-01-11 21:52:16 UTC,research,,https://www.inaturalist.org/observations/100496354,https://static.inaturalist.org/photos/167736782/medium.jpg,,"",,3,0,false,,"Fercal - Sobradinho, Brasília - DF, Brasil",-15.6020867,-47.8686685,1055,,,,1055,,open,false,,,Bem-te-vi,Pitangus sulphuratus,Bienteveo Común,Aves,16956
100621265,40a77207-f945-4275-a82c-56da44c2c0b6,2021/11/04 7:23 AM -0300,2021-11-04,2021-11-04 10:23:00 UTC,Brasilia,4928201,nick_lima,Nick Lima,2021-11-08 20:05:24 UTC,2023-11-13 21:29:30 UTC,research,CC-BY-NC,https://www.inaturalist.org/observations/100621265,https://inaturalist-open-data.s3.amazonaws.com/photos/167964332/medium.jpg,,"",,2,0,false,,"Delmiro Gouveia - AL, Brasil",-9.5368848128,-37.9047233646,31,,,,31,,open,false,,,Bem-te-vi,Pitangus sulphuratus,Bienteveo Común,Aves,16956
100975320,e0c14e85-7ccd-4800-b9ca-ad0741376c38,2019/04/30 10:35 AM PDT,2019-04-30,2019-04-30 17:35:00 UTC,Pacific Time (US & Canada),147487,ryanandrews,Ryan Andrews,2021-11-13 03:35:10 UTC,2025-08-05 20:46:07 UTC,research,CC-BY-NC,https://www.inaturalist.org/observations/100975320,https://inaturalist-open-data.s3.amazonaws.com/photos/168585786/medium.jpg,,"",Uploading some old photos that never made it on iNat.,3,0,false,,"Barrio Flaminia, Heredia, Sarapiquí, Costa Rica",10.4335986839,-84.0020223643,15,,,,15,,open,false,,,Great Kiskadee,Pitangus sulphuratus,Bienteveo Común,Aves,16956
101162965,17f31dbf-3c11-4a91-80e9-e2771cb7ff7c,2021/11/14 10:13 AM MST,2021-11-14,2021-11-14 17:13:00 UTC,Mountain Time (US & Canada),1275563,mztleca,,2021-11-15 02:23:14 UTC,2021-11-15 13:17:43 UTC,research,CC-BY-NC,https://www.inaturalist.org/observations/101162965,https://inaturalist-open-data.s3.amazonaws.com/photos/168907663/medium.jpg,,bienteveo,,1,0,false,,"Tellería, Mazatlán, Sin., Mexico",23.2333311448,-106.4339911939,15,,,,15,,open,false,,,Bienteveo común,Pitangus sulphuratus,Bienteveo Común,Aves,16956
101189960,f985a8ba-b9db-4d38-b768-28ce59a880da,2021/11/04 1:07 PM CDT,2021-11-04,2021-11-04 18:07:00 UTC,Central Time (US & Canada),1595749,jcochran706,Jack Cochran,2021-11-15 14:17:31 UTC,2023-03-25 00:05:49 UTC,research,CC-BY-NC,https://www.inaturalist.org/observations/101189960,https://inaturalist-open-data.s3.amazonaws.com/photos/168963957/medium.jpeg,,NBCE,"",2,0,false,,"Hidalgo, Texas, United States",26.1763183333,-98.365445,,,,,,,open,false,,"",Great Kiskadee,Pitangus sulphuratus,Bienteveo Común,Aves,16956
101267090,9915dccb-628d-4a07-b98a-75d7fec658e6,Tue Nov 16 2021 09:58:31 GMT-0600 (CST),2021-11-16,2021-11-16 09:58:31 UTC,UTC,5054627,ekalisek,,2021-11-16 16:15:54 UTC,2025-03-01 20:30:58 UTC,research,CC-BY-NC,https://www.inaturalist.org/observations/101267090,https://inaturalist-open-data.s3.amazonaws.com/photos/169102845/medium.jpg,,"",Was seen last year at the Aransas Wildlife Refuge.,3,0,false,3,"Aransas National Wildlife Refuge, Rockport, TX, US",28.2240025326,-96.8639710209,866,,,,866,,open,false,,,Great Kiskadee,Pitangus sulphuratus,Bienteveo Común,Aves,16956
101677241,d8ccf0e9-0061-41e0-bb47-8b39163bf915,2021/10/31 8:01 AM CST,2021-10-31,2021-10-31 14:01:00 UTC,Mexico City,270397,panecillo,Jorge A. Pérez Torres,2021-11-22 02:19:23 UTC,2021-11-22 02:41:31 UTC,research,CC-BY-NC,https://www.inaturalist.org/observations/101677241,https://inaturalist-open-data.s3.amazonaws.com/photos/169814217/medium.jpeg,,"",,1,0,false,,"Tequesquitengo, Mor., Mexico",18.629390025,-99.2775011103,3,,,,3,,open,false,,,Great Kiskadee,Pitangus sulphuratus,Bienteveo Común,Aves,16956
101687247,01ece779-0192-4c01-9bf9-7de8f8d40fa5,2021/11/21 9:02 AM HST,2021-11-21,2021-11-21 19:02:00 UTC,Hawaii,1659590,hwise01,Heather A. Wise,2021-11-22 05:39:58 UTC,2023-03-09 20:52:27 UTC,research,CC-BY-NC,https://www.inaturalist.org/observations/101687247,https://inaturalist-open-data.s3.amazonaws.com/photos/169829715/medium.jpg,,"",,3,0,false,,"Palmview South, TX 78572, USA",26.2173009987,-98.375293325,172,,,,172,,open,false,,,Great Kiskadee,Pitangus sulphuratus,Bienteveo Común,Aves,16956
102114403,8bf0f0b7-1c99-4dea-a913-1b99b6f9b850,2020/11/15 3:40 PM -0300,2020-11-15,2020-11-15 18:40:00 UTC,Brasilia,2869,celiomoura,Célio Moura Neto,2021-11-28 21:13:44 UTC,2024-11-30 17:10:30 UTC,research,CC-BY-NC,https://www.inaturalist.org/observations/102114403,https://inaturalist-open-data.s3.amazonaws.com/photos/170618876/medium.jpg,,"",,1,0,false,,"São Gerardo, Fortaleza - CE, Brasil",-3.7307511364,-38.5615751243,575,,,,575,,open,false,,,Great Kiskadee,Pitangus sulphuratus,Bienteveo Común,Aves,16956
102270516,40ac7fda-d0d0-45bc-be3f-7eeef6c7ade9,2021/11/02 6:36 AM CST,2021-11-02,2021-11-02 12:36:00 UTC,Mexico City,270397,panecillo,Jorge A. Pérez Torres,2021-12-01 00:13:32 UTC,2022-04-29 14:17:39 UTC,research,CC-BY-NC,https://www.inaturalist.org/observations/102270516,https://inaturalist-open-data.s3.amazonaws.com/photos/170919919/medium.jpeg,,"",,2,0,false,,"Tequesquitengo, Mor., Mexico",18.6293086471,-99.2773570901,2,,,,2,,open,false,,,Great Kiskadee,Pitangus sulphuratus,Bienteveo Común,Aves,16956
102305271,25414992-8358-4be7-a240-5f191aad4e26,2021/11/02 9:06 AM CST,2021-11-02,2021-11-02 15:06:00 UTC,Mexico City,270397,panecillo,Jorge A. Pérez Torres,2021-12-01 16:38:22 UTC,2021-12-01 16:42:18 UTC,research,CC-BY-NC,https://www.inaturalist.org/observations/102305271,https://inaturalist-open-data.s3.amazonaws.com/photos/170985316/medium.jpeg,,"",,1,0,false,,"Tequesquitengo, Mor., Mexico",18.6293257308,-99.2774344193,3,,,,3,,open,false,,,Great Kiskadee,Pitangus sulphuratus,Bienteveo Común,Aves,16956
102841444,2b925f1f-1143-4af7-928b-ffe85578e7fb,2021/11/27 8:20 PM -03,2021-11-27,2021-11-27 23:20:00 UTC,Buenos Aires,1986316,lucianomassa,Luciano Massa,2021-12-10 23:39:30 UTC,2024-12-04 02:15:52 UTC,research,CC-BY,https://www.inaturalist.org/observations/102841444,https://inaturalist-open-data.s3.amazonaws.com/photos/171995276/medium.jpg,,"",,1,0,false,,"La Caldera, Salta, Argentina",-24.6026104,-65.3807311,2749,,,,2749,,,false,,,Bienteveo común,Pitangus sulphuratus,Bienteveo Común,Aves,16956
103510349,4527acea-6f8f-46df-ba5c-32d9bd4d9b03,2021/11/22 8:59 AM UTC,2021-11-22,2021-11-22 08:59:00 UTC,UTC,4026605,ricardelremate,Ricard Busquets Reverte,2021-12-23 04:51:54 UTC,2021-12-26 10:45:00 UTC,research,CC-BY,https://www.inaturalist.org/observations/103510349,https://inaturalist-open-data.s3.amazonaws.com/photos/173256236/medium.jpeg,,"","En el lago Petén Itzá, El Remate, Petén, Guatemala.",3,0,false,,"El Remate, Guatemala",16.9858193699,-89.692132967,13,,,,13,,open,false,,,Great Kiskadee,Pitangus sulphuratus,Bienteveo Común,Aves,16956
103547809,3e19edc9-7a87-4df5-bcbd-8743a70ad3fd,2021-12-05,2021-12-05,,Central Time (US & Canada),90723,mmcmasters,Melissa McMasters,2021-12-23 22:01:47 UTC,2022-01-08 22:51:25 UTC,research,CC-BY,https://www.inaturalist.org/observations/103547809,https://inaturalist-open-data.s3.amazonaws.com/photos/173330285/medium.jpg,,"","",1,0,false,,"National Butterfly Center, Mission, TX",26.176222,-98.367662,29,,,,29,,open,false,,,Great Kiskadee,Pitangus sulphuratus,Bienteveo Común,Aves,16956
103946767,81958b7f-cd2b-4f02-8a8c-e8e7569e295b,2021/11/05 2:49 PM CET,2021-11-05,2021-11-05 13:49:00 UTC,Zurich,4467367,leuli,,2021-12-30 10:25:36 UTC,2023-01-08 19:27:13 UTC,research,CC-BY-NC,https://www.inaturalist.org/observations/103946767,https://inaturalist-open-data.s3.amazonaws.com/photos/174105010/medium.jpeg,,"", ,1,0,false,,"Corumbá, Mato Grosso do Sul, Brazil",-19.573875,-57.0362,5,,,,5,,open,false,,"",Bem-te-vi,Pitangus sulphuratus,Bienteveo Común,Aves,16956
104199819,e9827d35-f687-41af-a0c7-3bd9df9cd745,2021/12/25 9:37 AM CST,2021-12-25,2021-12-25 15:37:00 UTC,Central Time (US & Canada),264913,ash2016,Ashwin Srinivasan,2022-01-02 19:03:14 UTC,2022-03-13 05:17:49 UTC,research,CC-BY,https://www.inaturalist.org/observations/104199819,https://inaturalist-open-data.s3.amazonaws.com/photos/174578552/medium.jpeg,,"costa rica, bird, flycatcher, 2021","",1,0,false,,"Alajuela Province, La Fortuna, Costa Rica",10.470351838,-84.646223764,15,,,,15,,open,false,,,Great Kiskadee,Pitangus sulphuratus,Bienteveo Común,Aves,16956
104460280,83d876f0-c50c-4f82-a0d5-321607d26dff,2022-01-06 10:14:22,2022-01-06,2022-01-06 13:14:22 UTC,Brasilia,5165727,criscro,Cristóvão Crochemore Restrepo,2022-01-06 13:16:17 UTC,2023-11-07 16:24:14 UTC,research,,https://www.inaturalist.org/observations/104460280,https://static.inaturalist.org/photos/175038792/medium.jpeg,,"",,1,0,false,2,Quilombo,-31.5227713089,-52.4711165205,1849,,,,1849,,open,false,gps,gps,Bem-te-vi,Pitangus sulphuratus,Bienteveo Común,Aves,16956
104484686,19d4e028-9ff9-4aea-9e20-38507df3cd4b,2021/09/17 2:03 PM -0300,2021-09-17,2021-09-17 17:03:00 UTC,Buenos Aires,146947,mbernini,Mauro Bernini,2022-01-06 21:54:31 UTC,2022-10-20 19:26:39 UTC,research,CC-BY-NC-SA,https://www.inaturalist.org/observations/104484686,https://inaturalist-open-data.s3.amazonaws.com/photos/175081549/medium.jpg,,"",,1,0,false,,"Parque de la Memoria, Belgrano, CABA, Argentina",-34.5405333333,-58.439955,,,,,,,,false,,,Great Kiskadee,Pitangus sulphuratus,Bienteveo Común,Aves,16956
104556375,3becc275-e765-4eae-940d-055511bf4417,2021/12/29 1:25 PM CST,2021-12-29,2021-12-29 19:25:00 UTC,Monterrey,344050,mayela_rodriguez,Mayela Rodríguez González,2022-01-08 03:54:33 UTC,2022-07-21 22:00:09 UTC,research,CC-BY-NC-SA,https://www.inaturalist.org/observations/104556375,https://inaturalist-open-data.s3.amazonaws.com/photos/175218054/medium.jpeg,,"","",1,0,false,,"Presa SA Cuencamé, Dgo., México",24.3872988616,-103.7608917206,171,,,,171,,open,false,,,Great Kiskadee,Pitangus sulphuratus,Bienteveo Común,Aves,16956
104689404,0137cc83-6991-4650-814f-eea80e167338,2021/11/27 9:02 AM UTC,2021-11-27,2021-11-27 09:02:00 UTC,UTC,4026605,ricardelremate,Ricard Busquets Reverte,2022-01-10 04:33:29 UTC,2022-01-10 23:21:48 UTC,research,CC-BY,https://www.inaturalist.org/observations/104689404,https://inaturalist-open-data.s3.amazonaws.com/photos/175474286/medium.jpeg,,"","En el Biotopo Protegido Cerro Cahuí, El Remate, Petén, Guatemala.",2,0,false,,"Flores, Guatemala",16.9981044826,-89.7014914602,10,,,,10,,open,false,,,Great Kiskadee,Pitangus sulphuratus,Bienteveo Común,Aves,16956
104832773,1ffdc7ba-2430-467b-8e8f-48fea24a657d,2021/11/29 12:16 PM UTC,2021-11-29,2021-11-29 12:16:00 UTC,UTC,4026605,ricardelremate,Ricard Busquets Reverte,2022-01-12 22:17:33 UTC,2022-01-13 04:53:09 UTC,research,CC-BY,https://www.inaturalist.org/observations/104832773,https://inaturalist-open-data.s3.amazonaws.com/photos/175748297/medium.jpeg,,"","En el Biotopo Protegido Cerro Cahuí, San José, Petén, Guatemala.",2,0,false,,"San José, Guatemala",16.9992895251,-89.7014029473,11,,,,11,,open,false,,,Great Kiskadee,Pitangus sulphuratus,Bienteveo Común,Aves,16956
105100400,18f5d9de-936d-4c54-8f35-bdb98d66f234,2022/01/16 1:07 PM UTC,2022-01-16,2022-01-16 13:07:00 UTC,UTC,5271433,deltadromeus980,"",2022-01-17 15:46:40 UTC,2022-12-07 16:18:26 UTC,research,CC-BY-NC,https://www.inaturalist.org/observations/105100400,https://inaturalist-open-data.s3.amazonaws.com/photos/176263674/medium.jpeg,,"","",1,0,false,,"El Faisán, 67300 Santiago, N.L., México",25.5070148,-100.1962415,1259,,,,1259,,open,false,,,Great Kiskadee,Pitangus sulphuratus,Bienteveo Común,Aves,16956
105462981,c0e20242-d468-4bf3-9b00-66085243ad3a,2018/11/03 1:44 PM EDT,2018-11-03,2018-11-03 17:44:00 UTC,Eastern Time (US & Canada),2026124,allenwoodliffe,"",2022-01-23 23:07:18 UTC,2025-12-13 17:30:39 UTC,research,CC-BY-NC,https://www.inaturalist.org/observations/105462981,https://inaturalist-open-data.s3.amazonaws.com/photos/176956775/medium.jpeg,,"",,3,0,false,,"Rondeau Prov Park, Chatham-Kent, ON, Canada",42.3121572908,-81.8521800239,4,,,,4,,open,false,,,Great Kiskadee,Pitangus sulphuratus,Bienteveo Común,Aves,16956
105734121,424e1879-aab2-4f74-9280-b27032aa9079,2022/01/28 2:07 PM CST,2022-01-28,2022-01-28 20:07:00 UTC,Mexico City,192635,jartigas,Juan Miguel Artigas Azas,2022-01-28 20:57:28 UTC,2022-01-28 21:10:40 UTC,research,,https://www.inaturalist.org/observations/105734121,https://static.inaturalist.org/photos/177473340/medium.jpg,,"","",2,0,false,,"Parque Tangamanga I, San Luis, S.L.P., Mexico",22.12573234,-101.0005178567,2,,,,2,,open,false,,,Great Kiskadee,Pitangus sulphuratus,Bienteveo Común,Aves,16956
106052024,8afa71c5-c190-4dc6-bad9-dd8d5be530a2,2022/01/27 6:50 PM EST,2022-01-27,2022-01-27 23:50:00 UTC,Eastern Time (US & Canada),2073094,craigbiegler,Craig Biegler,2022-02-03 02:58:38 UTC,2022-02-05 03:50:24 UTC,research,CC-BY-NC,https://www.inaturalist.org/observations/106052024,https://inaturalist-open-data.s3.amazonaws.com/photos/178077237/medium.jpeg,,"","",3,0,false,,"Provincia de Puntarenas, Sierpe, Costa Rica",8.8585763447,-83.4737420423,396,,,,396,,open,false,,,Great Kiskadee,Pitangus sulphuratus,Bienteveo Común,Aves,16956
106065553,5c14b8dd-ad86-4212-9307-19b76df602a5,2014/04/18,2014-04-18,,Buenos Aires,3411038,joseluisblazquez,,2022-02-03 11:58:51 UTC,2022-05-15 19:42:27 UTC,research,CC-BY-NC,https://www.inaturalist.org/observations/106065553,https://inaturalist-open-data.s3.amazonaws.com/photos/178105245/medium.jpeg,,"",,3,0,false,,"Int, Cdad. de La Paz, C1428 CABA, Argentina",-34.5292308,-58.4585581,337,,,,337,,,false,,,Bienteveo común,Pitangus sulphuratus,Bienteveo Común,Aves,16956
106392955,65414ec3-d9d5-4619-b06e-9c3baffad663,2021/11/19 8:51 AM CST,2021-11-19,2021-11-19 14:51:00 UTC,Mexico City,14724,gera_rn,Gerardo Reynoso,2022-02-08 19:51:03 UTC,2025-06-20 15:29:10 UTC,research,CC-BY-SA,https://www.inaturalist.org/observations/106392955,https://inaturalist-open-data.s3.amazonaws.com/photos/178716788/medium.jpeg,,"","",2,0,false,,"Francisco Villa, Nuevo Laredo, Tamps., México",27.4395256092,-99.5661306254,2171,,,,2171,,open,false,,,Bienteveo Común,Pitangus sulphuratus,Bienteveo Común,Aves,16956
106915078,e348aede-1e5a-47ef-89a9-42b6fbaeeae9,Thu Feb 17 2022 06:45:49 GMT-0600 (CST),2022-02-17,2022-02-17 06:45:49 UTC,UTC,3820681,wmunroe,,2022-02-17 13:23:13 UTC,2022-02-21 16:42:26 UTC,research,CC-BY-NC,https://www.inaturalist.org/observations/106915078,https://inaturalist-open-data.s3.amazonaws.com/photos/179712970/medium.jpg,,"","",1,0,false,3,"Vía 254, Carrillo, Guanacaste, CR",10.5894954278,-85.6505677477,3,,,,3,,open,false,,,Great Kiskadee,Pitangus sulphuratus,Bienteveo Común,Aves,16956
109280999,3a821988-3b60-4f76-b0da-eb790767e63b,2022/03/23 7:00 AM CST,2022-03-23,2022-03-23 07:00:00 UTC,Edinburgh,5329875,croftylock,Croftylock,2022-03-23 13:02:19 UTC,2022-03-23 22:33:59 UTC,research,CC-BY-NC,https://www.inaturalist.org/observations/109280999,https://inaturalist-open-data.s3.amazonaws.com/photos/184154211/medium.jpeg,,"",,1,0,false,,"Manuel Antonio Norte, Puntarenas Province, Quepos, Costa Rica",9.3973395,-84.1687873,254,,,,254,,open,false,,,Bienteveo común,Pitangus sulphuratus,Bienteveo Común,Aves,16956
109604990,43d8eda5-a74d-49c5-925d-ac668c9aed37,2022/03/02 11:41 AM UTC,2022-03-02,2022-03-02 11:41:00 UTC,UTC,3736283,germanoyuela,,2022-03-27 01:42:11 UTC,2023-03-16 16:40:37 UTC,research,CC-BY-NC,https://www.inaturalist.org/observations/109604990,https://inaturalist-open-data.s3.amazonaws.com/photos/184759043/medium.jpg,,"",,1,0,false,,"Jardín Botánico San Jorge - Senderos, Ibagué, Tolima, Colombia",4.4511795,-75.2215382,114,,,,114,,open,false,,,Great Kiskadee,Pitangus sulphuratus,Bienteveo Común,Aves,16956
109797893,9b41238c-0cda-42e4-a8b0-991e0cd178ff,2022/03/28 5:24 PM CDT,2022-03-28,2022-03-28 22:24:00 UTC,Central Time (US & Canada),646750,a-tristis,Mike Stewart,2022-03-29 00:40:30 UTC,2022-08-17 23:41:06 UTC,research,CC-BY-NC,https://www.inaturalist.org/observations/109797893,https://inaturalist-open-data.s3.amazonaws.com/photos/185120642/medium.jpg,,"",,9,0,false,,"Alice, TX 78332, USA",27.7675033586,-98.0527730436,100,,,,100,,open,false,,,Great Kiskadee,Pitangus sulphuratus,Bienteveo Común,Aves,16956
111803083,2ea47323-deee-4de8-b03a-f49ca42671b4,2018/09/20 1:52 PM -0300,2018-09-20,2018-09-20 16:52:00 UTC,Buenos Aires,1205836,elbeltrocco,Eduardo Luis Beltrocco,2022-04-17 17:04:23 UTC,2024-11-09 15:47:03 UTC,research,CC-BY,https://www.inaturalist.org/observations/111803083,https://inaturalist-open-data.s3.amazonaws.com/photos/188781851/medium.jpeg,,"","",2,0,false,,"Santo Tomé, Santa Fe, Argentina",-31.6615546859,-60.7607529063,4,,,,4,,,false,,,Great Kiskadee,Pitangus sulphuratus,Bienteveo Común,Aves,16956
112049173,44726b0f-49fe-41b4-b3e4-cca5519ce152,2022-04-19 12:25:00,2022-04-19,2022-04-19 15:25:00 UTC,Brasilia,2565351,douglas127,Douglas Piubelli Azevedo,2022-04-19 15:31:11 UTC,2022-09-21 17:21:43 UTC,research,,https://www.inaturalist.org/observations/112049173,https://static.inaturalist.org/photos/189231913/medium.jpeg,,"",,2,0,false,2,Escola Franciscana Nossa Senhora de Fátima,-15.8061483828,-47.906649895,209,,,,209,,open,false,gps,gps,Bem-te-vi,Pitangus sulphuratus,Bienteveo Común,Aves,16956
117151672,eea47c0b-77de-46d1-9e34-ad29cb7afd2c,Sun Mar 27 2022 13:25:51 GMT-0300 (GMT-3),2022-03-27,2022-03-27 16:25:51 UTC,Buenos Aires,5146790,embrionilucia,Lucia Embrioni,2022-05-15 15:43:53 UTC,2024-05-29 22:59:43 UTC,research,CC-BY-NC,https://www.inaturalist.org/observations/117151672,https://inaturalist-open-data.s3.amazonaws.com/photos/197817789/medium.jpg,,"","",2,0,false,3,"General Lucio Norberto Mansilla, Buenos Aires, Autonomous City of Buenos Aires, AR",-34.5959968602,-58.4043400728,23,,,,23,,,false,,,Bienteveo común,Pitangus sulphuratus,Bienteveo Común,Aves,16956
117596686,88b62f6e-8f02-4dc1-86d0-ab47bdf3c146,2021/02/06 8:09 AM,2021-02-06,2021-02-06 11:09:00 UTC,Buenos Aires,3225159,hernntolosa,Hernán Tolosa,2022-05-18 14:53:59 UTC,2024-03-28 22:21:56 UTC,research,,https://www.inaturalist.org/observations/117596686,https://static.inaturalist.org/photos/198622019/medium.jpeg,,"",,1,0,false,,"Monte, Provincia de Buenos Aires, Argentina",-35.4284204529,-58.6535625748,4,,,,4,,,false,,,Bienteveo común,Pitangus sulphuratus,Bienteveo Común,Aves,16956
117820689,bf18def9-1b83-4d9c-83e7-8fc171e570eb,2022-02-19,2022-02-19,,America/Costa_Rica,3531084,vriesea,Justin Foucart,2022-05-20 04:04:42 UTC,2022-05-22 00:12:19 UTC,research,,https://www.inaturalist.org/observations/117820689,https://static.inaturalist.org/photos/199016405/medium.jpeg,,"",,3,0,false,2,"La Fortuna, Provincia de Alajuela, San Carlos, Costa Rica",10.4837261942,-84.5954537764,1096,,,,1096,,open,false,gps,gps,Great Kiskadee,Pitangus sulphuratus,Bienteveo Común,Aves,16956
117930599,4dbcf7d5-ccbe-42be-9e63-b916efa5ce9d,2022-05-20 16:55:55-06:00,2022-05-20,2022-05-20 22:55:55 UTC,America/Costa_Rica,5684606,wanderlustwyvern,,2022-05-20 23:06:55 UTC,2022-05-22 22:52:07 UTC,research,CC-BY-NC,https://www.inaturalist.org/observations/117930599,https://inaturalist-open-data.s3.amazonaws.com/photos/199204824/medium.jpg,,"","",2,0,false,3,"Calle La Selva, Sarapiqui, Heredia, CR",10.3322294,-84.0111846,28,,,,28,,open,false,,,Great Kiskadee,Pitangus sulphuratus,Bienteveo Común,Aves,16956
120213779,3a4eae57-dd97-40a2-9b0a-c1ada209e0a6,2022/05/13 7:05 PM,2022-05-13,2022-05-14 01:05:00 UTC,Mazatlan,192635,jartigas,Juan Miguel Artigas Azas,2022-06-04 19:52:21 UTC,2022-06-23 20:16:19 UTC,research,,https://www.inaturalist.org/observations/120213779,https://static.inaturalist.org/photos/203292902/medium.jpg,,"",,2,0,false,,"Tepic, Nayarit, Mexico",21.7553866667,-104.8603333333,,,,,,,open,false,,,Great Kiskadee,Pitangus sulphuratus,Bienteveo Común,Aves,16956
120265298,9299181e-989f-42b6-8f53-75ce6c8b3f0d,2022/06/04 7:28 AM,2022-06-04,2022-06-04 12:28:00 UTC,Central Time (US & Canada),646750,a-tristis,Mike Stewart,2022-06-05 02:05:07 UTC,2022-08-17 23:23:56 UTC,research,CC-BY-NC,https://www.inaturalist.org/observations/120265298,https://inaturalist-open-data.s3.amazonaws.com/photos/203389112/medium.jpg,,"",,9,0,false,,Lake Findley,27.79246382,-98.0648320082,900,,,,900,,open,false,,,Great Kiskadee,Pitangus sulphuratus,Bienteveo Común,Aves,16956
121002860,6db19215-a241-4f09-9e45-9943374d72c7,2018-12-31 08:42:10-06:00,2018-12-31,2018-12-31 14:42:10 UTC,America/Costa_Rica,3838010,oosty,,2022-06-09 20:12:14 UTC,2022-06-09 21:08:21 UTC,research,CC-BY-NC,https://www.inaturalist.org/observations/121002860,https://inaturalist-open-data.s3.amazonaws.com/photos/204716053/medium.jpg,,"","",1,0,false,3,"Corcovado National Park, Golfito, Puntarenas, CR",8.480205,-83.5967866667,6,,,,6,,open,false,,,Great Kiskadee,Pitangus sulphuratus,Bienteveo Común,Aves,16956
121023385,536576c2-cd5a-4ed0-8c88-82d4ae63a894,2008/06/16 2:30 PM,2008-06-16,2008-06-16 17:30:00 UTC,Buenos Aires,1514402,hhulsberg,Hugo Hulsberg,2022-06-09 23:13:42 UTC,2022-06-10 03:38:56 UTC,research,CC-BY,https://www.inaturalist.org/observations/121023385,https://inaturalist-open-data.s3.amazonaws.com/photos/204753296/medium.jpg,,"",,1,0,false,,"Puerto Madero, CABA, Argentina",-34.6023628993,-58.3473417586,244,,,,244,,,false,,,Bienteveo común,Pitangus sulphuratus,Bienteveo Común,Aves,16956
121586615,750aa15e-5816-4d1e-b98f-d7986d69e3d5,2022/05/20 10:57 AM,2022-05-20,2022-05-20 16:57:00 UTC,Central America,4026605,ricardelremate,Ricard Busquets Reverte,2022-06-13 14:21:02 UTC,2022-06-20 01:32:25 UTC,research,CC-BY,https://www.inaturalist.org/observations/121586615,https://inaturalist-open-data.s3.amazonaws.com/photos/205762555/medium.jpeg,,"","En la entrada de Flores, cerca de la Despensa Familiar.",6,2,false,,"Zona 1, Flores, Guatemala",16.92147008,-89.8894429264,6,,,,6,,open,false,,,Bienteveo común,Pitangus sulphuratus,Bienteveo Común,Aves,16956
121759340,8b1b4307-15e5-4af9-bd65-c904fa962317,2022/06/13 09:14,2022-06-13,2022-06-13 12:14:00 UTC,America/Maceio,2017235,eduardovieira17,"",2022-06-14 17:25:04 UTC,2022-06-16 22:50:00 UTC,research,CC-BY-NC,https://www.inaturalist.org/observations/121759340,https://inaturalist-open-data.s3.amazonaws.com/photos/206077899/medium.jpg,,"",,4,0,false,,"Barra Nova, Mal. Deodoro - AL, 57160-000, Brasil",-9.715928072,-35.8197615243,15,,,,15,,open,false,,,Bem-te-vi,Pitangus sulphuratus,Bienteveo Común,Aves,16956
121765176,5bde5a4f-f066-4c99-bd23-66dadb21faaa,2022/06/12 05:49,2022-06-12,2022-06-12 08:49:00 UTC,America/Maceio,2017235,eduardovieira17,"",2022-06-14 18:05:37 UTC,2022-06-16 22:54:59 UTC,research,CC-BY-NC,https://www.inaturalist.org/observations/121765176,https://inaturalist-open-data.s3.amazonaws.com/photos/206088108/medium.jpg,,"",,4,0,false,,AABB Maceió,-9.5469128269,-35.6218271794,307,,,,307,,open,false,,,Great Kiskadee,Pitangus sulphuratus,Bienteveo Común,Aves,16956
121959622,2254f0ce-b1b9-47d0-a90a-da5684bfcd5e,2022/06/12 11:00 AM,2022-06-12,2022-06-12 14:00:00 UTC,America/Argentina/Cordoba,144,trekman,Gustavo Fernando Durán,2022-06-16 01:45:32 UTC,2024-06-25 13:42:48 UTC,research,CC-BY-NC,https://www.inaturalist.org/observations/121959622,https://inaturalist-open-data.s3.amazonaws.com/photos/206419975/medium.jpeg,,"",,1,0,false,,"San Jeronimo Nte., Santa Fe, Argentina",-31.5508321046,-61.0677071481,1934,,,,1934,,,false,,,Bienteveo común,Pitangus sulphuratus,Bienteveo Común,Aves,16956
122375211,e2b92534-4ab3-41aa-9c67-3dba69675b1e,Sat Jun 18 2022 15:57:01 GMT-0600 (MDT),2022-06-18,2022-06-18 20:57:01 UTC,Central Time (US & Canada),384658,dessertrat,Laura Steinmann,2022-06-18 21:17:24 UTC,2022-07-27 13:31:03 UTC,research,,https://www.inaturalist.org/observations/122375211,https://static.inaturalist.org/photos/207184434/medium.jpg,,"","",3,0,false,3,"Lillian Dr, Alice, TX, US",27.740375,-98.0641028333,4,,,,4,,open,false,,,Great Kiskadee,Pitangus sulphuratus,Bienteveo Común,Aves,16956
123116609,5b1aa205-d27d-4f9f-9569-be84f93e3244,2022/06/04 4:52 PM,2022-06-04,2022-06-04 21:52:00 UTC,Mexico City,441762,fenixgerry,Gerardo Tapia Hervert Calderón.,2022-06-23 18:33:05 UTC,2023-05-18 01:07:10 UTC,research,CC-BY-NC,https://www.inaturalist.org/observations/123116609,https://inaturalist-open-data.s3.amazonaws.com/photos/208532217/medium.jpeg,,"",,3,0,false,,"Hueytamalco, Pue., México",19.9252898905,-97.2874955997,82,,,,82,,open,false,,,Great Kiskadee,Pitangus sulphuratus,Bienteveo Común,Aves,16956
123394216,4dfbe3e2-c581-4b73-a70a-c531a15d5ab6,2022/06/19 5:28 PM,2022-06-19,2022-06-19 20:28:00 UTC,America/Argentina/Cordoba,144,trekman,Gustavo Fernando Durán,2022-06-25 17:32:12 UTC,2024-06-25 13:42:48 UTC,research,CC-BY-NC,https://www.inaturalist.org/observations/123394216,https://inaturalist-open-data.s3.amazonaws.com/photos/209009552/medium.jpeg,,"",,1,0,false,,"Las Colonias, Santa Fe, Argentina",-31.576716,-61.111412,,,,,,,,false,,,Bienteveo común,Pitangus sulphuratus,Bienteveo Común,Aves,16956
123842026,a96dcb4a-8eca-46ba-8094-6a880fd876be,2022/06/10 12:59 PM,2022-06-10,2022-06-10 18:59:00 UTC,Central America,4026605,ricardelremate,Ricard Busquets Reverte,2022-06-28 15:30:04 UTC,2022-06-28 21:44:22 UTC,research,CC-BY,https://www.inaturalist.org/observations/123842026,https://inaturalist-open-data.s3.amazonaws.com/photos/209838043/medium.jpeg,,"","En el Parque España, barrio Villa Concepción, Flores, Guatemala.",1,0,false,,"Villa Concepción, Flores, Guatemala",16.9141799771,-89.8989370457,12,,,,12,,open,false,,,Bienteveo común,Pitangus sulphuratus,Bienteveo Común,Aves,16956
124026528,71dcdaff-d2c9-46eb-b8c1-1f4968ab5a9c,2022-06-29 09:00:30-06:00,2022-06-29,2022-06-29 15:00:30 UTC,Mazatlan,5584606,castanon,Rafael castañon,2022-06-29 21:36:44 UTC,2022-07-12 16:09:45 UTC,research,CC-BY-NC,https://www.inaturalist.org/observations/124026528,https://inaturalist-open-data.s3.amazonaws.com/photos/210177835/medium.jpg,,"","",3,0,false,3,"Calle Véneto, Mazatlán, SIN, MX",23.2601704,-106.4162416,119,,,,119,,open,false,,,Great Kiskadee,Pitangus sulphuratus,Bienteveo Común,Aves,16956
124475200,0fcee06d-be58-42d2-b994-c6ec789b1d09,2022/07/02 10:59 AM,2022-07-02,2022-07-02 13:59:00 UTC,Buenos Aires,5102601,silviafotonatur,Silvia Graciela,2022-07-03 00:01:10 UTC,2022-07-26 00:06:27 UTC,research,CC-BY-NC,https://www.inaturalist.org/observations/124475200,https://inaturalist-open-data.s3.amazonaws.com/photos/210983257/medium.jpg,,"",,2,0,false,,"La Plata, Provincia de Buenos Aires, Argentina",-34.9074152168,-57.9347674664,185,,,,185,,,false,,,Bienteveo común,Pitangus sulphuratus,Bienteveo Común,Aves,16956
126283117,a0dff4c6-d163-4218-9b40-2e8dddb8ca7d,2022/06/13 4:46 AM,2022-06-13,2022-06-13 09:46:00 UTC,America/Cancun,2499698,sergio1953,"",2022-07-15 01:02:38 UTC,2022-07-16 00:42:45 UTC,research,CC-BY-NC,https://www.inaturalist.org/observations/126283117,https://inaturalist-open-data.s3.amazonaws.com/photos/214252380/medium.jpg,,"",,3,0,false,,"Chetumal, Q.R., México",18.5001889,-88.296146,7038,,,,7038,,open,false,,,Great Kiskadee,Pitangus sulphuratus,Bienteveo Común,Aves,16956
126964876,32f02011-52ae-4e3c-a132-b5d1dc4783e6,2022/07/02 9:09 AM,2022-07-02,2022-07-02 15:09:00 UTC,Central America,4026605,ricardelremate,Ricard Busquets Reverte,2022-07-19 15:22:11 UTC,2022-07-19 15:39:07 UTC,research,CC-BY,https://www.inaturalist.org/observations/126964876,https://inaturalist-open-data.s3.amazonaws.com/photos/215485358/medium.jpeg,,"","Por el parqueo del mamotreto de centro comercial en la entrada de Flores, Petén, Guatemala. Tiene un pescadito en el pico.",1,0,false,,"Zona 1, Flores, Guatemala",16.9237575327,-89.8901599649,11,,,,11,,open,false,,,Bienteveo común,Pitangus sulphuratus,Bienteveo Común,Aves,16956
128247114,1457a1e7-07a4-4cfd-a767-b076f870d607,2022/06/04 1:21 PM,2022-06-04,2022-06-04 16:21:00 UTC,Buenos Aires,1182839,giramone,Guille Ivan Spajic,2022-07-28 03:38:51 UTC,2022-07-28 05:36:16 UTC,research,CC-BY-NC,https://www.inaturalist.org/observations/128247114,https://inaturalist-open-data.s3.amazonaws.com/photos/217822202/medium.jpeg,,"",,2,0,false,,"Lago Regatas, CABA, Argentina",-34.5575654103,-58.4330402874,295,,,,295,,,false,,,Bienteveo común,Pitangus sulphuratus,Bienteveo Común,Aves,16956
128677538,604a6218-cb66-4a7f-a6f6-fa08f19292ef,2022-07-30 14:11:08,2022-07-30,2022-07-30 19:11:08 UTC,Mexico City,4239637,sopasbar,Juan Manuel Carmona,2022-07-30 20:50:23 UTC,2022-08-02 06:49:05 UTC,research,CC-BY-NC,https://www.inaturalist.org/observations/128677538,https://inaturalist-open-data.s3.amazonaws.com/photos/218591040/medium.jpeg,,"",,2,0,false,2,Anton Lizardo,19.0563839536,-95.9878421947,1541,,,,1541,,open,false,gps,gps,Bienteveo común,Pitangus sulphuratus,Bienteveo Común,Aves,16956
129734193,ce5e85a8-0473-43db-85c4-70a562685860,2022/08/06 11:21 AM,2022-08-06,2022-08-06 16:21:00 UTC,Central Time (US & Canada),2076426,andersenfrench,Andersen French,2022-08-06 21:25:11 UTC,2024-07-29 17:41:31 UTC,research,,https://www.inaturalist.org/observations/129734193,https://static.inaturalist.org/photos/220508301/medium.jpeg,,"",,2,0,false,,"Harris County, TX, USA",29.9201612998,-95.8424658986,122,,,,122,,open,false,,,Great Kiskadee,Pitangus sulphuratus,Bienteveo Común,Aves,16956
131415585,de815f8f-46c5-44f1-b220-4a3dc7825c5f,2022/08/12 7:57 AM,2022-08-12,2022-08-12 12:57:00 UTC,Central Time (US & Canada),112578,bosqueaaron,🌱 Aaron Lincoln 🌱,2022-08-19 03:41:21 UTC,2022-11-19 15:42:34 UTC,research,CC-BY-NC,https://www.inaturalist.org/observations/131415585,https://inaturalist-open-data.s3.amazonaws.com/photos/223635442/medium.jpeg,,"","",4,0,false,,"Cameron County, TX, USA",26.1389075986,-97.175033963,31,,,,31,,open,false,,,Great Kiskadee,Pitangus sulphuratus,Bienteveo Común,Aves,16956
132162194,ec0dede3-95b8-4a33-a464-5d985ad635cd,2022-08-24 11:32:09,2022-08-24,2022-08-24 14:32:09 UTC,America/Argentina/Salta,438241,soolquipildor,Sol Quipildor,2022-08-24 17:07:44 UTC,2022-08-25 03:05:38 UTC,research,CC-BY,https://www.inaturalist.org/observations/132162194,https://inaturalist-open-data.s3.amazonaws.com/photos/225023154/medium.jpeg,,"",,1,0,false,2,"Av. H. Yrigoyen pasando 25 de Mayo, La Merced, Salta, Argentina",-24.9616857353,-65.4866319895,32,,,,32,,,false,gps,gps,Great Kiskadee,Pitangus sulphuratus,Bienteveo Común,Aves,16956
134357191,90a1530d-926f-4886-82ff-ff68332787e7,2022-09-09 14:28:05-05:00,2022-09-09,2022-09-09 19:28:05 UTC,Mexico City,56303,erikmichel,Erik Michel,2022-09-09 23:04:41 UTC,2022-09-10 00:04:17 UTC,research,CC-BY-NC,https://www.inaturalist.org/observations/134357191,https://inaturalist-open-data.s3.amazonaws.com/photos/229000031/medium.jpg,,"","",2,1,false,3,"Calzada de los Hombres Ilustres, Tuxtla Gutiérrez, Chiapas, MX",16.7586333333,-93.1083666667,4,,,,4,,open,false,,,Bienteveo común,Pitangus sulphuratus,Bienteveo Común,Aves,16956
134529691,dafcbc98-dbc9-424e-ad00-fc1d036f065d,2022/09/09 7:00 PM,2022-09-09,2022-09-10 00:00:00 UTC,Central Time (US & Canada),18812,mako252,Jon McIntyre,2022-09-11 03:22:16 UTC,2022-09-20 16:19:52 UTC,research,CC-BY-NC,https://www.inaturalist.org/observations/134529691,https://inaturalist-open-data.s3.amazonaws.com/photos/229323917/medium.jpeg,,"",,3,0,false,,"South Side, Corpus Christi, TX, USA",27.6723107457,-97.3501267093,2,,,,2,,open,false,,,Great Kiskadee,Pitangus sulphuratus,Bienteveo Común,Aves,16956
135034788,08c878b1-ed9f-420a-bee3-e3a246b34e18,2022-09-14 10:33:00-06:00,2022-09-14,2022-09-14 16:33:00 UTC,Mazatlan,5233711,ivan_mendivil,Iván Mendívil,2022-09-14 20:34:13 UTC,2023-03-30 15:40:14 UTC,research,,https://www.inaturalist.org/observations/135034788,https://static.inaturalist.org/photos/230262576/medium.jpg,,"","",2,0,false,3,"Telleria, Mazatlán, SIN, MX",23.2309609039,-106.4305355072,395,,,,395,,open,false,,,Great Kiskadee,Pitangus sulphuratus,Bienteveo Común,Aves,16956
135195983,e2ee1d85-208f-4fb0-be1b-68e10085b15e,2022/08/26 6:08 AM,2022-08-26,2022-08-26 10:08:00 UTC,America/Cuiaba,165066,davidemartin,David Martin,2022-09-16 00:54:01 UTC,2022-11-09 00:25:07 UTC,research,CC-BY-NC,https://www.inaturalist.org/observations/135195983,https://inaturalist-open-data.s3.amazonaws.com/photos/230552505/medium.jpg,,"",,2,0,false,,"Poconé - State of Mato Grosso, 78175-000, Brazil",-16.5131271536,-56.7123073573,4,,,,4,,open,false,,,Great Kiskadee,Pitangus sulphuratus,Bienteveo Común,Aves,16956
135515781,eaf6b86b-1b6e-49ce-b984-d86f5edbe8a4,2022-09-15 21:44:03,2022-09-15,2022-09-16 00:44:03 UTC,America/Maceio,1831721,lucaskaminski,Lucas Kaminski,2022-09-18 14:08:35 UTC,2024-11-08 14:55:35 UTC,research,CC-BY,https://www.inaturalist.org/observations/135515781,https://inaturalist-open-data.s3.amazonaws.com/photos/231144721/medium.jpeg,,"",,1,0,false,2,"Maceió - AL, 57037, Brasil",-9.64339,-35.7063559722,,,,,,,open,false,gps,gps,Bem-te-vi,Pitangus sulphuratus,Bienteveo Común,Aves,16956
135622753,b0a8aa20-9e88-4d2d-8737-77752e1d290c,2022-09-11 08:31:11,2022-09-11,2022-09-11 11:31:11 UTC,Buenos Aires,746952,frangtaboas,Francisco González Táboas,2022-09-19 03:19:32 UTC,2022-09-19 11:53:05 UTC,research,CC-BY-NC,https://www.inaturalist.org/observations/135622753,https://inaturalist-open-data.s3.amazonaws.com/photos/231345962/medium.jpeg,,"",,2,0,false,2,"008 - Congreso, C1019 CABA, Argentina",-34.6093744953,-58.3896323293,216,,,,216,,,false,gps,gps,Bienteveo común,Pitangus sulphuratus,Bienteveo Común,Aves,16956
135845257,bb3082be-e6e1-4611-b372-2854efdfeed2,2022/09/19 10:20 AM,2022-09-19,2022-09-19 15:20:00 UTC,Central Time (US & Canada),791627,cue4nature,Center for Urban Ecology,2022-09-20 22:35:33 UTC,2022-11-19 15:42:15 UTC,research,CC-BY-NC,https://www.inaturalist.org/observations/135845257,https://inaturalist-open-data.s3.amazonaws.com/photos/231757895/medium.jpeg,,"",,6,0,false,,"600 Sunset Dr, McAllen, TX 78503, USA",26.1767406,-98.2297673,24,,,,24,,open,false,,,Great Kiskadee,Pitangus sulphuratus,Bienteveo Común,Aves,16956
136765229,e5411468-5e66-4e34-b0d3-3c3bad2837ae,2022-09-27 17:41:45,2022-09-27,2022-09-27 22:41:45 UTC,Central Time (US & Canada),6073319,longjohns28,juno,2022-09-28 02:23:29 UTC,2022-11-19 15:42:27 UTC,research,CC-BY-NC,https://www.inaturalist.org/observations/136765229,https://inaturalist-open-data.s3.amazonaws.com/photos/233467074/medium.jpeg,,"",,3,0,false,2,"Texas, US",26.3376788108,-98.3900682558,39,,,,29868,obscured,open,true,gps,gps,Great Kiskadee,Pitangus sulphuratus,Bienteveo Común,Aves,16956
136996042,dcc17c73-3315-48a9-ad38-ae3691e306ad,2022/09/10 1:25 PM,2022-09-10,2022-09-10 19:25:00 UTC,America/Costa_Rica,232932,sydnianajones,Sydney Gerig,2022-09-30 05:29:04 UTC,2022-10-08 23:14:45 UTC,research,CC-BY-NC,https://www.inaturalist.org/observations/136996042,https://inaturalist-open-data.s3.amazonaws.com/photos/233896563/medium.jpg,,"",,2,0,false,,"Parque Nacional Palo Verde - Puesto Guardaparque, Guanacaste Province, Bagaces, Costa Rica",10.396081781,-85.3239370488,413,,,,413,,open,false,,,Great Kiskadee,Pitangus sulphuratus,Bienteveo Común,Aves,16956
137678040,6e435bd7-3fbb-4d9e-b51f-98fb3ae7e9f7,2021-03-11 10:20:34,2021-03-11,2021-03-11 13:20:34 UTC,Brasilia,6195972,volpe00,Volpe,2022-10-05 20:56:02 UTC,2023-07-01 13:38:05 UTC,research,CC-BY-NC,https://www.inaturalist.org/observations/137678040,https://inaturalist-open-data.s3.amazonaws.com/photos/235182159/medium.jpeg,,"",,2,0,false,2,"Portal de Paraty, Paraty - RJ, 23970-000, Brasil",-23.215119482,-44.7319859639,744,,,,744,,open,false,gps,gps,Great Kiskadee,Pitangus sulphuratus,Bienteveo Común,Aves,16956
138063596,502f4b9c-1ce7-4009-b4a0-7da8b261a710,2022-10-08 07:43:45-05:00,2022-10-08,2022-10-08 12:43:45 UTC,Central Time (US & Canada),454838,lorimalloy,Lori Malloy,2022-10-09 01:56:02 UTC,2022-11-19 15:42:11 UTC,research,,https://www.inaturalist.org/observations/138063596,https://static.inaturalist.org/photos/235907687/medium.jpg,,"","",3,0,false,3,"N Mayberry Rd, Palmhurst, TX, US",26.2641616667,-98.3077033333,,,,,,,open,false,,,Great Kiskadee,Pitangus sulphuratus,Bienteveo Común,Aves,16956
138739233,f3bda1ed-1be8-4985-ab32-62a47c2c4732,2022/10/13 7:29 AM,2022-10-13,2022-10-13 12:29:00 UTC,America/Cancun,3902282,mayela_y_ramon,Mayela y Ramón,2022-10-14 17:21:40 UTC,2025-09-26 23:22:26 UTC,research,CC-BY-SA,https://www.inaturalist.org/observations/138739233,https://inaturalist-open-data.s3.amazonaws.com/photos/237174984/medium.jpeg,,"","",2,0,false,,"Carretera Cancun Tulum Km 62 Playa Del Carmen, Riviera Maya, 77710 Riviera Maya, Q.R., Mexico",20.6746658,-87.0231444,246,,,,246,,open,false,,,Great Kiskadee,Pitangus sulphuratus,Bienteveo Común,Aves,16956
139129320,65ded33d-f275-4eaa-9b14-efe949f32aea,2022/10/07 10:01 AM,2022-10-07,2022-10-07 16:01:00 UTC,Central America,4026605,ricardelremate,Ricard Busquets Reverte,2022-10-17 16:29:58 UTC,2022-10-17 20:22:30 UTC,research,CC-BY,https://www.inaturalist.org/observations/139129320,https://inaturalist-open-data.s3.amazonaws.com/photos/237904053/medium.jpeg,,"","Alrededores de El Remate, Flores, Petén, Guatemala.",2,0,false,,"Flores, Guatemala",16.9951540729,-89.6838051153,15,,,,15,,open,false,,,Pitango solforato,Pitangus sulphuratus,Bienteveo Común,Aves,16956
139349688,5a15af7e-a934-48e0-b6f7-4ac6ce67ec9c,2021-09-04 11:59:42,2021-09-04,2021-09-04 14:59:42 UTC,America/Argentina/Tucuman,6222623,maripierobon,marisel pierobon,2022-10-19 17:49:49 UTC,2023-06-01 20:01:33 UTC,research,,https://www.inaturalist.org/observations/139349688,https://static.inaturalist.org/photos/238323166/medium.jpeg,,"",,2,0,false,2,San Pedro de Colalao,-26.2403951788,-65.4997154698,3054,,,,3054,,,false,gps,gps,Bienteveo común,Pitangus sulphuratus,Bienteveo Común,Aves,16956
139620806,c8dcbf05-fe22-4d6f-8a22-0b3597ea12cc,2022/10/07 10:25 AM,2022-10-07,2022-10-07 16:25:00 UTC,Central America,4026605,ricardelremate,Ricard Busquets Reverte,2022-10-22 13:03:54 UTC,2022-10-24 14:35:50 UTC,research,CC-BY,https://www.inaturalist.org/observations/139620806,https://inaturalist-open-data.s3.amazonaws.com/photos/238840645/medium.jpeg,,"","Alrededores de El Remate, Flores, Petén, Guatemala.",1,0,false,,"Flores, Guatemala",16.9974470315,-89.6822486667,18,,,,18,,open,false,,,Bienteveo común,Pitangus sulphuratus,Bienteveo Común,Aves,16956
140108724,41020484-b0be-4adc-a133-b22db63b0ffd,2022/10/26 08:11,2022-10-26,2022-10-26 11:11:00 UTC,America/Maceio,2017235,eduardovieira17,"",2022-10-26 23:51:44 UTC,2024-05-24 00:07:36 UTC,research,CC-BY-NC,https://www.inaturalist.org/observations/140108724,https://inaturalist-open-data.s3.amazonaws.com/photos/239779691/medium.jpg,,"",,2,0,false,,Parque Municipal de Maceió,-9.6128504087,-35.76252934,53,,,,53,,open,false,,,Bem-te-vi,Pitangus sulphuratus maximiliani,,Aves,728691
140309916,8f6f4d71-ad25-4448-b1e7-903951437d4d,2022/10/28 1:20 PM,2022-10-28,2022-10-28 16:20:00 UTC,America/Argentina/Tucuman,6222623,maripierobon,marisel pierobon,2022-10-28 23:05:09 UTC,2023-06-01 20:01:24 UTC,research,,https://www.inaturalist.org/observations/140309916,https://static.inaturalist.org/photos/240157208/medium.jpeg,,"","Habia una pareja, pero no pude registrarlos ",1,0,false,,"Miguel Lillo 251, San Miguel de Tucumán, Tucumán, Argentina",-26.8309311,-65.2220534,231,,,,231,,,false,,,Bienteveo común,Pitangus sulphuratus,Bienteveo Común,Aves,16956
140664495,eb06a2aa-b454-480c-bd3b-3c300cac46b9,2022-10-31 10:44:28,2022-10-31,2022-10-31 13:44:28 UTC,America/Argentina/Tucuman,6079260,eugeniasoria,Eugenia Soria,2022-10-31 15:34:17 UTC,2022-10-31 16:01:15 UTC,research,,https://www.inaturalist.org/observations/140664495,https://static.inaturalist.org/photos/240816399/medium.jpeg,,"","Este pajarito estaba muerto. Ayer hubo muchos vientos, puede ser por eso",2,0,false,2,"Yerba Buena, Tucumán, Argentina",-26.804325,-65.2934194444,,,,,,,,false,gps,gps,Great Kiskadee,Pitangus sulphuratus,Bienteveo Común,Aves,16956
140935576,bde00a00-7523-4667-9408-56130a8e48a6,2022/10/19 16:15,2022-10-19,2022-10-19 19:15:00 UTC,Brasilia,2571323,patricianicoloso,Patrícia Nicoloso,2022-11-03 01:42:57 UTC,2022-11-03 16:46:31 UTC,research,CC-BY-NC,https://www.inaturalist.org/observations/140935576,https://inaturalist-open-data.s3.amazonaws.com/photos/241328939/medium.jpg,,"Bem-te-vi, Santa Maria, Rio Grande do Sul, Pitangus sulphuratus, Great Kiskadee",,3,0,false,,"Santa Maria, RS, Brasil",-29.6897217,-53.8043117,28357,,,,28357,,open,false,,,Bem-te-vi,Pitangus sulphuratus,Bienteveo Común,Aves,16956
141099161,efe9f87b-3b97-469c-bc9b-3e6b8cdd8a54,2022/10/31 6:39 PM,2022-10-31,2022-10-31 21:39:00 UTC,America/Argentina/Cordoba,6285193,milena_samantha,,2022-11-04 20:54:18 UTC,2022-11-04 23:18:04 UTC,research,CC-BY-NC,https://www.inaturalist.org/observations/141099161,https://inaturalist-open-data.s3.amazonaws.com/photos/241639765/medium.jpeg,,"","",1,0,false,,"Pueblo Esther, Santa Fe, Argentina",-33.0738488395,-60.5782684864,515,,,,515,,,false,,,Great Kiskadee,Pitangus sulphuratus,Bienteveo Común,Aves,16956
141133959,06c2bf92-1ffc-4952-868b-d31f90df9945,2022-11-04 11:51:47,2022-11-04,2022-11-04 15:51:47 UTC,America/Campo_Grande,6144407,gchaves94,GABRIEL CHAVES DE ARRUDA,2022-11-05 06:34:20 UTC,2023-02-28 14:51:12 UTC,research,,https://www.inaturalist.org/observations/141133959,https://static.inaturalist.org/photos/241709367/medium.jpeg,,"",Filhote de bem-te-vi,2,0,false,2,"Carandá Bosque, Campo Grande - MS, Brasil",-20.4338881491,-54.5743972063,198,,,,198,,open,false,gps,gps,Bem-te-vi,Pitangus sulphuratus,Bienteveo Común,Aves,16956
141328448,87671754-5e71-4214-bd2b-674ae9340e71,2022-11-06 20:16:00,2022-11-06,2022-11-06 23:16:00 UTC,America/Argentina/Ushuaia,1876268,pablo_jusim,Pablo,2022-11-07 01:13:24 UTC,2026-02-09 19:14:20 UTC,research,CC-BY,https://www.inaturalist.org/observations/141328448,https://inaturalist-open-data.s3.amazonaws.com/photos/242166995/medium.jpeg,,"",,6,0,false,2,"Ushuaia, Tierra del Fuego, Argentina",-54.80642374,-68.21723809,6,,,,6,,,false,,,Benteveo,Pitangus sulphuratus,Bienteveo Común,Aves,16956
141418218,475dd156-5aa7-4312-8827-ac9cd4dd1e51,2022/10/25 6:32 AM,2022-10-25,2022-10-25 09:32:00 UTC,America/Recife,1660106,patosur,Patricia Mancilla Iglesias,2022-11-08 01:04:02 UTC,2022-11-18 12:44:26 UTC,research,CC-BY-NC,https://www.inaturalist.org/observations/141418218,https://static.inaturalist.org/photos/242269027/medium.jpg,,"",,2,0,false,,"Porto de Galinhas, Ipojuca - State of Pernambuco, Brasil",-8.5015131103,-35.0102988156,320,,,,320,,open,false,,,Bem-te-vi,Pitangus sulphuratus,Bienteveo Común,Aves,16956
141500741,87a83f97-a06d-4980-8e4c-06a0d0c3c505,2022/10/28 9:33 AM,2022-10-28,2022-10-28 12:33:00 UTC,Brasilia,5691219,rhasig,Robison Araújo Silva,2022-11-09 01:23:11 UTC,2022-11-18 12:43:55 UTC,research,CC-BY-NC,https://www.inaturalist.org/observations/141500741,https://inaturalist-open-data.s3.amazonaws.com/photos/242431264/medium.jpg,,"",,3,0,false,,"R. Sebastião da Silva Rabêlo - Jardim Camburi, Vitória - ES, 29090-070, Brazil",-20.253569,-40.2664199,205,,,,205,,open,false,,,Bem-te-vi,Pitangus sulphuratus,Bienteveo Común,Aves,16956
141758128,9ca074a5-f4af-4b32-9d7b-4e27838436c0,2022-11-09 07:57:33-06:00,2022-11-09,2022-11-09 13:57:33 UTC,America/Bahia_Banderas,4022369,reximiliano,Reximiliano,2022-11-12 05:31:22 UTC,2022-11-12 12:37:38 UTC,research,CC-BY-NC,https://www.inaturalist.org/observations/141758128,https://inaturalist-open-data.s3.amazonaws.com/photos/242925756/medium.jpg,,"","",1,0,false,3,"Flamingos, NAY, MX",20.7432241692,-105.32547021,54,,,,54,,open,false,,,Bienteveo común,Pitangus sulphuratus,Bienteveo Común,Aves,16956
142183187,9aa7e1ad-960a-47a6-b576-ca83453cd090,2022/11/13 5:24 PM,2022-11-13,2022-11-13 20:24:00 UTC,America/Argentina/Cordoba,144,trekman,Gustavo Fernando Durán,2022-11-17 00:32:38 UTC,2024-06-25 13:42:48 UTC,research,CC-BY-NC,https://www.inaturalist.org/observations/142183187,https://inaturalist-open-data.s3.amazonaws.com/photos/243720250/medium.jpeg,,"",,1,0,false,,"San Jeronimo Nte., Santa Fe, Argentina",-31.5509497477,-61.0876716966,206,,,,206,,,false,,,Great Kiskadee,Pitangus sulphuratus,Bienteveo Común,Aves,16956
143586871,12de7814-2cde-4186-8013-0570531b14fe,2022/12/02 8:49 AM,2022-12-02,2022-12-02 14:49:00 UTC,America/Costa_Rica,1263262,sessilefielder,Eric Johnson,2022-12-03 20:06:29 UTC,2022-12-04 19:17:21 UTC,research,CC-BY-NC,https://www.inaturalist.org/observations/143586871,https://inaturalist-open-data.s3.amazonaws.com/photos/246266837/medium.jpeg,,🐵,,1,0,false,,"Nayara Tented Camp, Provincia de Alajuela, La Fortuna, Costa Rica",10.5049698,-84.6890077,250,,,,250,,open,false,,,Great Kiskadee,Pitangus sulphuratus,Bienteveo Común,Aves,16956
143955647,90f8a581-3cd7-44e0-88ac-e646d15ad44a,2022/12/08 10:50 AM,2022-12-08,2022-12-08 16:50:00 UTC,America/Matamoros,298354,biomar59,Omar Gómez,2022-12-08 19:55:10 UTC,2025-01-14 20:22:12 UTC,research,,https://www.inaturalist.org/observations/143955647,https://static.inaturalist.org/photos/246976669/medium.jpeg,,"",,2,0,false,,"Reynosa, Tamps., México",25.9080541498,-98.4676033769,61,,,,61,,open,false,,,Luis Bienteveo,Pitangus sulphuratus,Bienteveo Común,Aves,16956
144144678,25e3288d-53f6-4b19-8b90-086ceee2ee55,2022/10/05 11:53 PM,2022-10-05,2022-10-06 05:53:00 UTC,America/Costa_Rica,672909,felipecastilla,Felipe Castilla Lattke,2022-12-11 12:19:54 UTC,2022-12-11 12:46:42 UTC,research,CC-BY-NC,https://www.inaturalist.org/observations/144144678,https://inaturalist-open-data.s3.amazonaws.com/photos/247341511/medium.jpeg,,"","",1,0,false,,"Costa Rica, Limón, Colorado, Parque Nacional Tortuguero, Tortuguero, playa Tortuguero",10.541607384,-83.5017782925,4,,,,4,,open,false,,,Great Kiskadee,Pitangus sulphuratus,Bienteveo Común,Aves,16956
144676698,e184f678-6a27-4d00-a9b7-69f95614213d,2022/12/15 1:00 PM,2022-12-15,2022-12-15 19:00:00 UTC,Central Time (US & Canada),1499212,adkonings,Ad Konings,2022-12-19 17:42:34 UTC,2023-05-21 17:06:59 UTC,research,CC-BY-NC,https://www.inaturalist.org/observations/144676698,https://inaturalist-open-data.s3.amazonaws.com/photos/248362961/medium.jpg,,"",,2,0,false,,"Hidalgo County, TX, USA",26.1245833333,-97.9532027778,3,,,,3,,open,false,,,Great Kiskadee,Pitangus sulphuratus,Bienteveo Común,Aves,16956
144730130,134688f8-2f0a-4df8-9a5b-0805b9164e13,2022/11/20 8:28 AM,2022-11-20,2022-11-20 14:28:00 UTC,Central America,4026605,ricardelremate,Ricard Busquets Reverte,2022-12-20 14:04:25 UTC,2022-12-21 09:39:14 UTC,research,CC-BY,https://www.inaturalist.org/observations/144730130,https://inaturalist-open-data.s3.amazonaws.com/photos/248467910/medium.jpeg,,"","Orillas lago Petén Itzá, El Remate, Flores, Petén, Guatemala. ",1,0,false,,"El Remate, Guatemala",16.9926991574,-89.6924485267,11,,,,11,,open,false,,,Great Kiskadee,Pitangus sulphuratus,Bienteveo Común,Aves,16956
144881886,62673d12-db48-49be-a9a8-62cd2e16d98f,2022/12/18 9:02 AM,2022-12-18,2022-12-18 15:02:00 UTC,Central Time (US & Canada),5196723,wrektorik,Will Rektorik,2022-12-22 22:48:23 UTC,2022-12-23 16:28:40 UTC,research,CC-BY-NC,https://www.inaturalist.org/observations/144881886,https://inaturalist-open-data.s3.amazonaws.com/photos/248761790/medium.jpeg,,"","",3,0,false,,"Hidalgo County, TX, USA",26.1838715771,-98.3805381164,5,,,,5,,open,false,,,Great Kiskadee,Pitangus sulphuratus,Bienteveo Común,Aves,16956
144959324,69d0e54e-1535-46d7-9e51-f393a9293814,2022/12/23 5:20 PM,2022-12-23,2022-12-23 22:20:00 UTC,America/Cancun,659740,dalien,Daniel Onea,2022-12-24 02:47:17 UTC,2023-01-11 18:05:04 UTC,research,CC-BY-NC,https://www.inaturalist.org/observations/144959324,https://inaturalist-open-data.s3.amazonaws.com/photos/248914124/medium.jpeg,,"",,1,0,false,,"Isla Mujeres, Quintana Roo, Mexico",21.338445,-86.794055,,,,,,,open,false,,,Great Kiskadee,Pitangus sulphuratus,Bienteveo Común,Aves,16956
146371155,98390b86-3c5f-4bf7-b071-65e5e1566b75,2022/07/02 16:10,2022-07-02,2022-07-02 19:10:00 UTC,Brasilia,2571323,patricianicoloso,Patrícia Nicoloso,2023-01-12 00:54:30 UTC,2023-01-12 12:48:10 UTC,research,CC-BY-NC,https://www.inaturalist.org/observations/146371155,https://inaturalist-open-data.s3.amazonaws.com/photos/251631448/medium.jpg,,"Santa Maria, Rio Grande do Sul, Bem-te-vi, Pitangus sulphuratus, Great Kiskadee",,2,0,false,,"Santa Maria, RS, Brasil",-29.6897217,-53.8043117,28357,,,,28357,,open,false,,,Bem-te-vi,Pitangus sulphuratus,Bienteveo Común,Aves,16956
146465968,f036ae65-1dcc-47ff-919c-ea93b1a991f7,2022/12/24 5:41 PM,2022-12-24,2022-12-24 23:41:00 UTC,Central America,4026605,ricardelremate,Ricard Busquets Reverte,2023-01-13 14:38:23 UTC,2023-01-14 01:23:04 UTC,research,CC-BY,https://www.inaturalist.org/observations/146465968,https://inaturalist-open-data.s3.amazonaws.com/photos/251815917/medium.jpeg,,"","Near Cerro Cahuí Protected Biotope. San José, Petén, Guatemala.",2,0,false,,"San José, Guatemala",16.997668862,-89.703585815,16,,,,16,,open,false,,,Great Kiskadee,Pitangus sulphuratus,Bienteveo Común,Aves,16956
146511036,022079b7-5d99-4314-94c8-b737f4b8ec31,2023-01-07,2023-01-07,,America/Bahia_Banderas,284942,olliecat,Natalie Clark,2023-01-14 05:11:08 UTC,2023-02-02 23:34:22 UTC,research,CC-BY-NC,https://www.inaturalist.org/observations/146511036,https://inaturalist-open-data.s3.amazonaws.com/photos/251904628/medium.jpeg,,"","",1,0,false,,"63729 San Francisco, Nayarit, Mexico",20.8965838,-105.4093552,1774,,,,1774,,open,false,,"",Great Kiskadee,Pitangus sulphuratus,Bienteveo Común,Aves,16956
146581456,5a5887f2-3249-40b1-b0e6-67b290895a70,2023/01/14 12:07 PM,2023-01-14,2023-01-14 17:07:00 UTC,Bogota,3622840,pachogut,Pacho Gutierrez,2023-01-15 03:05:20 UTC,2023-01-15 06:09:58 UTC,research,CC-BY-NC,https://www.inaturalist.org/observations/146581456,https://inaturalist-open-data.s3.amazonaws.com/photos/252039766/medium.jpg,,"",,1,0,false,,"San Diego, Cartagena, Cartagena Province, Bolivar, Colombia",10.4275069997,-75.5491070047,8,,,,8,,open,false,,,Большая питанга,Pitangus sulphuratus,Bienteveo Común,Aves,16956
146638086,c27164cf-322d-4a17-a93b-e00b8500b4e0,2022/12/27 10:45 AM,2022-12-27,2022-12-27 16:45:00 UTC,Central America,4026605,ricardelremate,Ricard Busquets Reverte,2023-01-15 20:56:22 UTC,2023-01-16 13:36:03 UTC,research,CC-BY,https://www.inaturalist.org/observations/146638086,https://inaturalist-open-data.s3.amazonaws.com/photos/252149484/medium.jpeg,,"","Hun Nal Ye Ecological Park, Dolores River shores. San Pedro Carchá, Alta Verapaz, Guatemala.",2,0,false,,"San Pedro Carchá, Guatemala",15.6760295551,-90.3195807056,21,,,,21,,open,false,,,Great Kiskadee,Pitangus sulphuratus,Bienteveo Común,Aves,16956
147582138,f96beae3-fe46-4aea-afbc-619f80445786,2023/01/22 3:08 PM,2023-01-22,2023-01-22 21:08:00 UTC,America/Merida,5772,juancruzado,Juan Cruzado Cortés,2023-01-29 02:47:08 UTC,2023-03-01 02:20:50 UTC,research,CC-BY-NC-SA,https://www.inaturalist.org/observations/147582138,https://inaturalist-open-data.s3.amazonaws.com/photos/253975157/medium.jpeg,,"",,2,0,false,,"Misnébalam, Yuc., México",21.1506827862,-89.5949772934,178,,,,178,,open,false,,,Pitangus sulphuratus,Pitangus sulphuratus,Bienteveo Común,Aves,16956
147623212,38de8582-d7e8-4117-a520-0172e3011c72,2023/01/29 9:07 AM,2023-01-29,2023-01-29 15:07:00 UTC,Mexico City,4508012,dirkfeldhaus,Dirk Feldhaus Marquard,2023-01-29 16:31:14 UTC,2026-01-08 21:53:06 UTC,research,CC-BY-NC,https://www.inaturalist.org/observations/147623212,https://inaturalist-open-data.s3.amazonaws.com/photos/254053451/medium.jpg,,"",,2,0,false,,"Las Cañadas, Jal., México",20.7782416667,-103.36905,,,,,,,open,false,,,Bienteveo Común,Pitangus sulphuratus,Bienteveo Común,Aves,16956
147679055,52e54b2d-5e9f-4a33-915c-210d7e2d8d80,2023/01/15 6:53 AM,2023-01-15,2023-01-15 12:53:00 UTC,America/Costa_Rica,1831095,douglasglobal,Douglas J. Long,2023-01-30 05:22:05 UTC,2023-01-30 14:02:39 UTC,research,CC-BY-NC,https://www.inaturalist.org/observations/147679055,https://inaturalist-open-data.s3.amazonaws.com/photos/254161355/medium.jpeg,,"",,1,0,false,,"Volcano Lodge, Hotel & Thermal Experience 7 km Oeste del Centro de La Fortuna, Provincia de Alajuela, San Carlos, 21007, Costa Rica",10.4986472,-84.6867738,202,,,,202,,open,false,,,Great Kiskadee,Pitangus sulphuratus,Bienteveo Común,Aves,16956
148053412,8b622a92-fc41-43c2-9f97-6be9e20da999,2022/02/04 11:58 AM,2022-02-04,2022-02-04 14:58:00 UTC,America/Argentina/Cordoba,6481238,sebastianhutak,Sebastian Hutak,2023-02-04 22:43:52 UTC,2023-02-05 00:25:11 UTC,research,,https://www.inaturalist.org/observations/148053412,https://static.inaturalist.org/photos/254879645/medium.jpg,,"",,1,0,false,,"Esteros del Iberá, Corrientes, Argentina",-28.3325998,-57.3722545,121343,,,,121343,,,false,,,Bienteveo Común,Pitangus sulphuratus,Bienteveo Común,Aves,16956
148397308,ec272dea-a208-4791-a35e-8e4999750727,2023/02/04 2:25 PM,2023-02-04,2023-02-04 19:25:00 UTC,America/Cancun,24450,jaico,Jaico Caballero,2023-02-09 19:02:27 UTC,2024-09-03 17:18:20 UTC,research,CC-BY-NC,https://www.inaturalist.org/observations/148397308,https://inaturalist-open-data.s3.amazonaws.com/photos/255541715/medium.jpeg,,"",,2,0,false,,"Solidaridad, Quintana Roo, Mexico",20.5794606856,-87.117535804,15,,,,15,,open,false,,,Great Kiskadee,Pitangus sulphuratus,Bienteveo Común,Aves,16956
149009229,19f92826-14f5-4553-8cbf-89bd8e0bfd08,2023/02/17 10:20 AM,2023-02-17,2023-02-17 16:20:00 UTC,Mexico City,192635,jartigas,Juan Miguel Artigas Azas,2023-02-18 02:17:37 UTC,2023-02-18 22:42:28 UTC,research,,https://www.inaturalist.org/observations/149009229,https://static.inaturalist.org/photos/256703006/medium.jpeg,,"","",3,0,false,,"Zona Hotelera, Puerto Vallarta, Jal., Mexico",20.6444547842,-105.2400742974,2,,,,2,,open,false,,,Bienteveo Común,Pitangus sulphuratus,Bienteveo Común,Aves,16956
149199149,c2cf000e-ea7a-425d-b8d6-43d278d7b799,2022-12-09 09:42:41,2022-12-09,2022-12-09 12:42:41 UTC,Buenos Aires,2702272,mita07,"",2023-02-20 02:43:43 UTC,2023-05-12 23:07:13 UTC,research,CC-BY-NC,https://www.inaturalist.org/observations/149199149,https://inaturalist-open-data.s3.amazonaws.com/photos/257057540/medium.jpeg,,"",,2,0,false,2,"Costa del Este, Provincia de Buenos Aires, Argentina",-36.6107733637,-56.697476618,9113,,,,9113,,,false,gps,gps,Great Kiskadee,Pitangus sulphuratus,Bienteveo Común,Aves,16956
149594179,e37b8bd6-1687-430f-9d2d-85d10380b631,2023/02/24 12:16 PM,2023-02-24,2023-02-24 18:16:00 UTC,Mexico City,1085106,mexfantmaravilloso,Mexfant Maravilloso,2023-02-24 23:47:17 UTC,2023-02-25 23:28:46 UTC,research,CC-BY-NC,https://www.inaturalist.org/observations/149594179,https://inaturalist-open-data.s3.amazonaws.com/photos/257800210/medium.jpeg,,"",,3,1,false,,"Raquet Club, San Juan Cosalá, Jal., México",20.2950130262,-103.3260578904,602,,,,602,,open,false,,,Bienteveo Común,Pitangus sulphuratus,Bienteveo Común,Aves,16956
149959798,b2480556-9c24-4734-b25b-425ce7a3330f,2023/02/06 9:06 AM,2023-02-06,2023-02-06 15:06:00 UTC,Mexico City,5784,julio,Julio Alejandro Álvarez Ruiz,2023-03-01 05:22:06 UTC,2023-03-01 11:36:36 UTC,research,CC-BY,https://www.inaturalist.org/observations/149959798,https://static.inaturalist.org/photos/258489957/medium.jpeg,,"",,2,0,false,,"Teuchitlán, Jal., México",20.6032561222,-103.8266590963,390,,,,390,,open,false,,,Great Kiskadee,Pitangus sulphuratus,Bienteveo Común,Aves,16956
150936385,607a21ca-8f09-4650-942d-2c9cc17d0ffd,2023-03-12 08:14:42-06:00,2023-03-12,2023-03-12 14:14:42 UTC,Mexico City,3673028,jshelfrich,,2023-03-12 15:59:07 UTC,2025-05-29 15:44:25 UTC,research,CC-BY-NC,https://www.inaturalist.org/observations/150936385,https://inaturalist-open-data.s3.amazonaws.com/photos/260353024/medium.jpg,,"","",1,0,false,3,"Marina Vallarta, Puerto Vallarta, JAL, MX",20.6605448456,-105.2557719249,22,,,,22,,open,false,,,Bienteveo Común,Pitangus sulphuratus,Bienteveo Común,Aves,16956
151043186,12ede3fd-6db1-483b-86a0-1ec328420d33,2023-03-13 09:34:30,2023-03-13,2023-03-13 14:34:30 UTC,Bogota,1039067,franciscoriquelme,Francisco Riquelme Tapia,2023-03-13 16:21:36 UTC,2024-04-17 18:44:37 UTC,research,CC-BY-NC,https://www.inaturalist.org/observations/151043186,https://inaturalist-open-data.s3.amazonaws.com/photos/260553212/medium.jpeg,,"",,1,0,false,2,"X7HC+62, Sitionuevo, Magdalena, Colombia",10.9771912141,-74.7312707081,131,,,,131,,open,false,,,Great Kiskadee,Pitangus sulphuratus,Bienteveo Común,Aves,16956
151307291,ec1ca634-9c6c-47c4-9109-3b810486efbb,2023-02-11 16:12:49-05:00,2023-02-11,2023-02-11 21:12:49 UTC,Bogota,1113591,caseybirds,,2023-03-16 16:16:14 UTC,2023-07-05 15:26:38 UTC,research,,https://www.inaturalist.org/observations/151307291,https://static.inaturalist.org/photos/261279890/medium.jpg,,"","",3,0,false,3,"Dagua, Dagua, Valle del Cauca, CO",3.7885618401,-76.6608074216,22303,,,,22303,,open,false,,,Great Kiskadee,Pitangus sulphuratus,Bienteveo Común,Aves,16956
151448228,33c4c335-53b3-42bc-908b-ace8e7208bcd,2023/03/14 12:31 PM,2023-03-14,2023-03-14 17:31:00 UTC,Central Time (US & Canada),754435,bluejane,Jane Dorsett,2023-03-18 02:41:23 UTC,2023-03-22 13:20:42 UTC,research,CC-BY-NC,https://www.inaturalist.org/observations/151448228,https://inaturalist-open-data.s3.amazonaws.com/photos/261315312/medium.jpg,,"",,2,0,false,,"Hidalgo County, TX, USA",26.1764472222,-98.3861194444,,,,,,,open,false,,,Great Kiskadee,Pitangus sulphuratus,Bienteveo Común,Aves,16956
151926820,0327514c-3d0d-4c6d-a6ee-6bf4524ed456,2023-03-22 08:29:39-05:00,2023-03-22,2023-03-22 13:29:39 UTC,Bogota,6495039,antonia1002,,2023-03-22 14:30:46 UTC,2024-06-30 22:05:33 UTC,research,CC-BY-NC,https://www.inaturalist.org/observations/151926820,https://inaturalist-open-data.s3.amazonaws.com/photos/262214902/medium.jpg,,"","",2,0,false,3,"Universidad Eafit, Medellín, Antioquia, CO",6.1992833333,-75.5792466667,18,,,,18,,open,false,,,Bienteveo Común,Pitangus sulphuratus,Bienteveo Común,Aves,16956
151953547,50796c38-17a7-4e5c-ba66-4b1b8c97103b,Sat Mar 18 2023 10:33:43 GMT-0500 (CDT),2023-03-18,2023-03-18 15:33:43 UTC,Central Time (US & Canada),4238664,lyssejane,,2023-03-22 19:27:21 UTC,2023-03-22 19:29:06 UTC,research,CC-BY-NC,https://www.inaturalist.org/observations/151953547,https://inaturalist-open-data.s3.amazonaws.com/photos/262261791/medium.jpg,,"","",1,0,false,3,"South Padre Island, South Padre Island, TX, US",26.1125647275,-97.1723948237,23,,,,23,,open,false,,,Great Kiskadee,Pitangus sulphuratus,Bienteveo Común,Aves,16956
152132427,7be52454-821a-4978-ab08-614796a3f043,2022/10/20 07:30,2022-10-20,2022-10-20 13:30:00 UTC,America/Costa_Rica,1744563,attilaolah,Attila Oláh,2023-03-24 13:23:40 UTC,2023-04-07 05:35:41 UTC,research,CC-BY,https://www.inaturalist.org/observations/152132427,https://inaturalist-open-data.s3.amazonaws.com/photos/262586826/medium.jpg,,"","",5,0,false,,"Dominical, Puntarenas Province, Savegre de Aguirre, Costa Rica",9.254183,-83.864907,,,,,,,open,false,,,Great Kiskadee,Pitangus sulphuratus,Bienteveo Común,Aves,16956
152451926,7dcb74b5-6617-4216-818e-8b420a5a78ed,2023/03/26 4:48 PM,2023-03-26,2023-03-26 21:48:00 UTC,Central Time (US & Canada),809488,tcantrell52,,2023-03-27 01:09:44 UTC,2025-01-10 19:10:50 UTC,research,CC-BY,https://www.inaturalist.org/observations/152451926,https://inaturalist-open-data.s3.amazonaws.com/photos/263177828/medium.jpg,,"",,3,0,false,,"Central City, Corpus Christi, TX, USA",27.790652,-97.399342,,,,,,,open,false,,,Great Kiskadee,Pitangus sulphuratus,Bienteveo Común,Aves,16956
152609173,2a8f74b7-87f9-4c25-85fb-5d462916e574,2021/02/09 4:50 PM,2021-02-09,2021-02-09 22:50:00 UTC,America/Costa_Rica,6613402,michiel65,Michiel Van de Velde,2023-03-28 11:38:26 UTC,2024-09-30 08:30:07 UTC,research,,https://www.inaturalist.org/observations/152609173,https://static.inaturalist.org/photos/263469248/medium.jpeg,,"",,1,0,false,,"Puntarenas Province, Savegre de Aguirre, Costa Rica",9.2814391934,-83.8962160884,1083,,,,1083,,open,false,,,Great Kiskadee,Pitangus sulphuratus,Bienteveo Común,Aves,16956
152761046,b08ad0a1-ceb9-41d0-8525-3818efc45934,2023-03-29 15:33:37-03:00,2023-03-29,2023-03-29 18:33:37 UTC,Brasilia,4898739,ssmeds,ssmeds,2023-03-29 20:10:12 UTC,2024-01-21 12:59:17 UTC,research,CC-BY-NC,https://www.inaturalist.org/observations/152761046,https://inaturalist-open-data.s3.amazonaws.com/photos/263749061/medium.jpg,,"","",3,0,false,3,"Rua Francisco Otaviano, Rio de Janeiro, RJ, BR",-22.9862383333,-43.189655,6,,,,6,,open,false,,,Great Kiskadee,Pitangus sulphuratus,Bienteveo Común,Aves,16956
153730563,90d374cb-813d-411c-bd22-551d074aa819,2023/01/25 10:10 AM,2023-01-25,2023-01-25 16:10:00 UTC,Mexico City,6083433,benmun89,,2023-04-06 20:46:53 UTC,2023-04-06 22:13:52 UTC,research,CC-BY-NC,https://www.inaturalist.org/observations/153730563,https://inaturalist-open-data.s3.amazonaws.com/photos/265551850/medium.jpg,,"",,2,0,false,,"3 de Mayo, Xalapa-Enríquez, Ver., Mexico",19.5331365868,-96.9465303193,8,,,,8,,open,false,,,Bienteveo Común,Pitangus sulphuratus,Bienteveo Común,Aves,16956
154723465,4330b64f-5b58-414b-928e-0ddec0f7325c,2023-04-06 07:29:15,2023-04-06,2023-04-06 13:29:15 UTC,America/Merida,6521831,mario_balboa,Mario Alberto Macías Balboa,2023-04-13 17:45:23 UTC,2024-12-01 17:26:05 UTC,research,CC-BY-NC,https://www.inaturalist.org/observations/154723465,https://inaturalist-open-data.s3.amazonaws.com/photos/267372116/medium.jpeg,,"",,1,0,false,2,"ENES Mérida, UNAM",20.9884031405,-89.7356954589,150,,,,150,,open,false,gps,gps,Bienteveo Común,Pitangus sulphuratus,Bienteveo Común,Aves,16956
154892882,2438c3f0-aa7e-4384-96b6-d89a123d44f7,2023/04/02 8:05 AM,2023-04-02,2023-04-02 11:05:00 UTC,America/Argentina/Cordoba,144,trekman,Gustavo Fernando Durán,2023-04-14 23:41:28 UTC,2024-06-25 13:42:48 UTC,research,CC-BY-NC,https://www.inaturalist.org/observations/154892882,https://inaturalist-open-data.s3.amazonaws.com/photos/267676376/medium.jpeg,,"",,2,0,false,,"San Jeronimo Nte., Santa Fe, Argentina",-31.5501738117,-61.0709258057,1934,,,,1934,,,false,,,Bienteveo Común,Pitangus sulphuratus,Bienteveo Común,Aves,16956
155266414,15f96f29-a2a3-45df-95c0-e91f421893f8,2022-02-23 19:29:00,2022-02-23,2022-02-23 22:29:00 UTC,Brasilia,3691747,carlenegomes,carlene gomes,2023-04-17 01:59:43 UTC,2025-08-23 13:40:54 UTC,research,,https://www.inaturalist.org/observations/155266414,https://inaturalist-open-data.s3.amazonaws.com/photos/268367068/medium.jpeg,,"",,3,0,false,2,"Goiânia, GO, 74665, Brasil",-16.6283280315,-49.2549625039,16,,,,16,,open,false,gps,gps,Bem-te-vi,Pitangus sulphuratus,Bienteveo Común,Aves,16956
155673864,db68b692-4fb1-4731-9925-778eb3ce7527,2023/04/15 2:48 PM,2023-04-15,2023-04-15 17:48:00 UTC,Buenos Aires,1069564,radrat,Dario Taraborelli,2023-04-19 22:56:48 UTC,2023-04-20 20:16:36 UTC,research,CC0,https://www.inaturalist.org/observations/155673864,https://inaturalist-open-data.s3.amazonaws.com/photos/269120350/medium.jpeg,,"",,2,0,false,,"Reserva Ecológica Vicente López, Buenos Aires Province, Argentina",-34.4930604643,-58.4791126543,15,,,,15,,,false,,,Bienteveo Común,Pitangus sulphuratus,Bienteveo Común,Aves,16956
156663555,ed6c8d42-5765-4a7e-8f84-5b18d5a3b148,2023/03/12 9:08 AM,2023-03-12,2023-03-12 15:08:00 UTC,Mexico City,16291,el_neotropico,Daniel Pineda Vera,2023-04-26 00:15:51 UTC,2023-07-26 19:56:45 UTC,research,CC-BY,https://www.inaturalist.org/observations/156663555,https://inaturalist-open-data.s3.amazonaws.com/photos/270920926/medium.jpg,,"",,1,0,false,,"Parque Ecológico y Recreativo ""Joyyo Mayu"", Tuxtla Gutiérrez, Chiapas, MX",16.7613290871,-93.1430607672,147,,,,147,,open,false,,,Bienteveo Común,Pitangus sulphuratus,Bienteveo Común,Aves,16956
157318155,72431ba2-ea9c-4982-a84e-d2d8e5c23899,2023/04/28 1:11 PM,2023-04-28,2023-04-28 19:11:00 UTC,Mexico City,729420,taborlin_the_great,"",2023-04-28 21:46:18 UTC,2023-05-06 05:46:22 UTC,research,CC-BY-NC,https://www.inaturalist.org/observations/157318155,https://inaturalist-open-data.s3.amazonaws.com/photos/272019391/medium.jpeg,,"",,4,0,false,,"Santa María Tequepexpan, San Pedro Tlaquepaque, Jal., Mexico",20.6078724642,-103.413825933,1,,,,1,,open,false,,,Bienteveo Común,Pitangus sulphuratus,Bienteveo Común,Aves,16956
157810592,f92a0328-1a61-479e-bab3-cad740f8b76d,2023-04-29 05:51:12,2023-04-29,2023-04-29 10:51:12 UTC,Bogota,4267023,fertam,Nelly sabas,2023-04-29 22:05:48 UTC,2023-05-08 21:13:42 UTC,research,,https://www.inaturalist.org/observations/157810592,https://static.inaturalist.org/photos/272804710/medium.jpeg,,"",,5,0,false,2,Reserva Volcana Miserenga,6.3565758524,-75.6893976778,191,,,,191,,open,false,,,Bienteveo Común,Pitangus sulphuratus,Bienteveo Común,Aves,16956
158170926,a04848af-0b40-46dc-bf9f-dfe50669769b,2023-03-14 6:05:34 PM GMT+01:00,2023-03-14,2023-03-14 21:05:34 UTC,America/Asuncion,4008661,andreas_berger,Andreas Berger,2023-04-30 16:48:36 UTC,2023-06-02 14:05:48 UTC,research,CC-BY-NC,https://www.inaturalist.org/observations/158170926,https://inaturalist-open-data.s3.amazonaws.com/photos/273388863/medium.jpeg,,"","Hotel, catching drops of water from dripping tap",2,0,false,2,"Asunción, PY-AS-AS, PY",-25.2880382536,-57.6158180236,,,,,,,open,false,gps,gps,Great Kiskadee,Pitangus sulphuratus,Bienteveo Común,Aves,16956
158391618,2b7e2521-3d1a-41e2-b6a9-a9a9607131de,2023-04-30 10:27:04,2023-04-30,2023-04-30 16:27:04 UTC,Monterrey,79027,alidamaderofarias,Alida Madero Farias,2023-05-01 00:25:04 UTC,2023-05-01 01:05:12 UTC,research,CC-BY-NC,https://www.inaturalist.org/observations/158391618,https://inaturalist-open-data.s3.amazonaws.com/photos/273746865/medium.jpeg,,"",,2,0,false,2,"Contry, 64860 Monterrey, N.L., México",25.6323033,-100.2761394997,,,,,,,open,false,gps,gps,Bienteveo Común,Pitangus sulphuratus,Bienteveo Común,Aves,16956
158761379,fa291274-6584-4050-bdb6-f8d2f5b74552,2023/05/01 14:42,2023-05-01,2023-05-01 17:42:00 UTC,Brasilia,800629,edu_janke,Eduardo Henrique Janke,2023-05-01 18:03:18 UTC,2026-03-03 23:40:54 UTC,research,,https://www.inaturalist.org/observations/158761379,https://static.inaturalist.org/photos/274326796/medium.jpeg,,"",,2,0,false,,"Timbó, SC, 89120-000, Brasil",-26.8255486,-49.272649,5415,,,,5415,,open,false,,,Bem-te-vi,Pitangus sulphuratus,Bienteveo Común,Aves,16956
159703608,90d28d2a-aa44-47ee-9d0d-454043c3503c,2023-05-04 11:30:17-07:00,2023-05-04,2023-05-04 18:30:17 UTC,America/Hermosillo,2335198,fabs_barcelo,Fabio Antonio Barceló Ayala,2023-05-04 18:33:22 UTC,2023-05-13 18:26:05 UTC,research,,https://www.inaturalist.org/observations/159703608,https://static.inaturalist.org/photos/275939133/medium.jpg,,"","",3,0,false,3,"Villa Itson, Ciudad Obregón, SON, MX",27.4927233559,-109.9693940466,32,,,,32,,open,false,,,Bienteveo Común,Pitangus sulphuratus,Bienteveo Común,Aves,16956
160223402,b554b47b-9bff-4a37-8021-9a11d9e646dd,2023-01-14 11:40:24,2023-01-14,2023-01-14 17:40:24 UTC,Monterrey,1954700,barritazulada,Valeria Barra-Suárez,2023-05-07 02:36:05 UTC,2023-05-14 14:27:34 UTC,research,,https://www.inaturalist.org/observations/160223402,https://static.inaturalist.org/photos/276864147/medium.jpeg,,"",,2,0,false,2,"Museo de Cera Monterrey, Centro, 64000 Monterrey, N.L., México",25.676175,-100.2841333333,,,,,,,open,false,gps,gps,Great Kiskadee,Pitangus sulphuratus,Bienteveo Común,Aves,16956
160484875,a7be85bc-aace-4868-8e20-1f401e851f04,2023-01-17 06:24:23-06:00,2023-01-17,2023-01-17 12:24:23 UTC,America/Costa_Rica,1090898,court683,Courtney Lafleur,2023-05-08 02:53:03 UTC,2023-08-14 21:09:51 UTC,research,CC-BY-NC,https://www.inaturalist.org/observations/160484875,https://inaturalist-open-data.s3.amazonaws.com/photos/277320627/medium.jpg,,"january, 2023, costa rica","",1,0,false,3,"Carrillo, Guanacaste, CR",10.5283033333,-85.7503133333,12,,,,12,,open,false,,,Great Kiskadee,Pitangus sulphuratus,Bienteveo Común,Aves,16956
161862912,27ae3998-c3ac-463f-a2e8-d5aa947ba6eb,2023/05/13 7:35 PM,2023-05-13,2023-05-14 01:35:00 UTC,America/Costa_Rica,291150,abiggs2,Alan R. Biggs,2023-05-15 20:17:52 UTC,2023-05-23 15:53:13 UTC,research,CC-BY-NC,https://www.inaturalist.org/observations/161862912,https://inaturalist-open-data.s3.amazonaws.com/photos/279813016/medium.jpg,,"",,2,0,false,,"Alajuela Province, San Carlos, Costa Rica",10.5032382052,-84.6953806427,214,,,,214,,open,false,,,Great Kiskadee,Pitangus sulphuratus,Bienteveo Común,Aves,16956
165006324,131fe30c-4da3-4225-b166-bf63548d621c,2023/05/30 6:33 AM,2023-05-30,2023-05-30 12:33:00 UTC,Central America,4026605,ricardelremate,Ricard Busquets Reverte,2023-06-01 17:30:14 UTC,2023-06-12 01:13:22 UTC,research,CC-BY,https://www.inaturalist.org/observations/165006324,https://inaturalist-open-data.s3.amazonaws.com/photos/285529704/medium.jpeg,,"","In the Yaloch Lagoon campsite, inside the Maya Biosphere Reserve (MBR), Melchor de Mencos, Petén, Guatemala.",1,0,false,,"Melchor de Mencos, Guatemala",17.3121498642,-89.1725640471,35,,,,35,,open,false,,,Great Kiskadee,Pitangus sulphuratus,Bienteveo Común,Aves,16956
165006328,b85df36b-2a89-4738-9ab2-531d3c3b969a,2023/05/30 7:34 AM,2023-05-30,2023-05-30 13:34:00 UTC,Central America,4026605,ricardelremate,Ricard Busquets Reverte,2023-06-01 17:30:15 UTC,2023-06-03 23:46:59 UTC,research,CC-BY,https://www.inaturalist.org/observations/165006328,https://inaturalist-open-data.s3.amazonaws.com/photos/285530002/medium.jpeg,,"","In the Yaloch Lagoon campsite, inside the Maya Biosphere Reserve (MBR), Melchor de Mencos, Petén, Guatemala.",2,0,false,,"Melchor de Mencos, Guatemala",17.3118780703,-89.172454393,31,,,,31,,open,false,,,Great Kiskadee,Pitangus sulphuratus,Bienteveo Común,Aves,16956
165456772,73951a34-a51e-437a-be41-fa0ee32d18b9,2020/02/05 8:00 AM,2020-02-05,2020-02-05 11:00:00 UTC,America/Argentina/Cordoba,3936801,jonodashper,Jono Dashper,2023-06-04 06:58:09 UTC,2023-09-28 22:15:25 UTC,research,CC-BY-NC,https://www.inaturalist.org/observations/165456772,https://static.inaturalist.org/photos/286413101/medium.jpg,,"",,1,0,false,,"Ituzaingó Department, Corrientes, Argentina",-28.1301384902,-56.9724501283,54321,,,,54321,,,false,,,Большая питанга,Pitangus sulphuratus,Bienteveo Común,Aves,16956
165843284,8b12f27c-3377-4d45-a630-65fbc907441f,2023/06/04 9:29 AM,2023-06-04,2023-06-04 12:29:00 UTC,America/Argentina/Cordoba,144,trekman,Gustavo Fernando Durán,2023-06-06 03:49:30 UTC,2024-06-25 13:42:48 UTC,research,CC-BY-NC,https://www.inaturalist.org/observations/165843284,https://inaturalist-open-data.s3.amazonaws.com/photos/287124352/medium.jpeg,,"",,2,0,false,,"San Jeronimo Nte., Santa Fe, Argentina",-31.5429825908,-61.0739800924,487,,,,487,,,false,,,Bienteveo Común,Pitangus sulphuratus,Bienteveo Común,Aves,16956
166415039,211bbf87-4e26-4d65-8828-8ae4f9e7817d,2023/06/09 09:04,2023-06-09,2023-06-09 12:04:00 UTC,Brasilia,102919,nelson_wisnik,Nelson Wisnik,2023-06-09 14:30:35 UTC,2023-06-09 22:54:25 UTC,research,CC-BY-NC,https://www.inaturalist.org/observations/166415039,https://inaturalist-open-data.s3.amazonaws.com/photos/288181140/medium.jpeg,,"","",2,0,false,,"Chácara da Barra, Campinas - SP, Brasil",-22.8870783333,-47.0346066667,,,,,,,open,false,,,Bem-te-vi,Pitangus sulphuratus,Bienteveo Común,Aves,16956
166956743,e0d69be0-afb1-4c65-88ce-89cab58cf8e7,2023/06/11 6:36 PM,2023-06-11,2023-06-12 01:36:00 UTC,Mazatlan,458997,juanramonmanjarrez,Juan Ramón Manjarrez,2023-06-12 04:14:35 UTC,2023-06-14 15:18:28 UTC,research,CC-BY-SA,https://www.inaturalist.org/observations/166956743,https://inaturalist-open-data.s3.amazonaws.com/photos/289164957/medium.jpeg,,"","",2,0,false,,"Burócrata, Culiacán Rosales, Sin., México",24.8251414046,-107.3860628418,8,,,,8,,open,false,,,Great Kiskadee,Pitangus sulphuratus,Bienteveo Común,Aves,16956
167347213,1c3aab9e-59b6-4828-8ecb-8764c9196d4c,2023-06-10 10:48:04-04:00,2023-06-10,2023-06-10 14:48:04 UTC,Brasilia,4674025,carolina_franco,Carolina Franco,2023-06-14 11:44:39 UTC,2024-06-13 21:27:12 UTC,research,,https://www.inaturalist.org/observations/167347213,https://static.inaturalist.org/photos/289892741/medium.jpg,,"","",1,0,false,3,"Ibirapuera Park, São Paulo, SP, BR",-23.5874060083,-46.6620105551,424,,,,424,,open,false,,,Bem-te-vi,Pitangus sulphuratus,Bienteveo Común,Aves,16956
169248941,1f93594e-f749-485c-b077-4c782c29603c,2018-09-12 11:50:23-04:00,2018-09-12,2018-09-12 15:50:23 UTC,America/Nipigon,2058116,brightsgrove_birdgang,Matt Parsons,2023-06-24 20:26:49 UTC,2024-07-26 16:26:07 UTC,research,CC-BY-NC,https://www.inaturalist.org/observations/169248941,https://inaturalist-open-data.s3.amazonaws.com/photos/293406053/medium.jpg,,"","",2,0,false,3,"Rondeau Bay, Chatham-Kent, ON, CA",42.3135029981,-81.8540153708,645,,,,645,,open,false,,,Great Kiskadee,Pitangus sulphuratus,Bienteveo Común,Aves,16956
170917234,0ded8ca7-9164-4273-b93f-9d114fc3bb77,2023/07/02 3:46 PM,2023-07-02,2023-07-02 21:46:00 UTC,America/Tegucigalpa,5004723,krissguerrero15,Krissia Guerrero,2023-07-03 21:50:47 UTC,2023-07-05 06:46:04 UTC,research,CC-BY-NC,https://www.inaturalist.org/observations/170917234,https://inaturalist-open-data.s3.amazonaws.com/photos/296517245/medium.jpg,,"",,2,0,false,,"El Zamorano, Honduras",14.0058899317,-87.003004439,8,,,,8,,open,false,,,Great Kiskadee,Pitangus sulphuratus,Bienteveo Común,Aves,16956
171852218,b87a31e8-11ab-4be5-b6be-14dd683e4afa,2023/07/08 11:03 AM,2023-07-08,2023-07-08 14:03:00 UTC,Montevideo,4197527,l_garreta,Lucio Garreta,2023-07-08 23:33:49 UTC,2023-07-11 02:53:35 UTC,research,CC-BY-NC,https://www.inaturalist.org/observations/171852218,https://inaturalist-open-data.s3.amazonaws.com/photos/298247716/medium.jpeg,,"","",4,0,false,,"Av. 19 de Abril 1181, 11700 Montevideo, Departamento de Montevideo, Uruguay",-34.8613005,-56.1985378,192,,,,192,,open,false,,,Bienteveo Común,Pitangus sulphuratus,Bienteveo Común,Aves,16956
171855080,32eade5c-6102-4358-9823-be0a311d9ab9,2023-06-29 02:17:48-06:00,2023-06-29,2023-06-29 08:17:48 UTC,America/Costa_Rica,5979146,one-k,keyingLi,2023-07-08 23:50:38 UTC,2025-06-17 20:24:42 UTC,research,CC-BY-NC,https://www.inaturalist.org/observations/171855080,https://inaturalist-open-data.s3.amazonaws.com/photos/298255481/medium.jpg,,"","",1,0,false,3,"Osa, Puntarenas, CR",8.7972746949,-83.2144559434,14,,,,14,,open,false,,,大食蝇霸鹟,Pitangus sulphuratus,Bienteveo Común,Aves,16956
172900768,b31113a6-6e21-4aac-a394-0f8d62cb46f6,2023/07/14 08:25,2023-07-14,2023-07-14 11:25:00 UTC,Brasilia,102919,nelson_wisnik,Nelson Wisnik,2023-07-14 20:20:12 UTC,2023-07-15 00:35:56 UTC,research,CC-BY-NC,https://www.inaturalist.org/observations/172900768,https://inaturalist-open-data.s3.amazonaws.com/photos/300207266/medium.jpeg,,"","",2,0,false,,"Parque Ecológico, Campinas - SP, Brasil",-22.9026799029,-47.0201092585,2,,,,2,,open,false,,,Bem-te-vi,Pitangus sulphuratus,Bienteveo Común,Aves,16956
174578633,d9f45e90-add6-4e9b-a7b8-9c8f62ac2e22,2023-07-23 15:03:16,2023-07-23,2023-07-23 18:03:16 UTC,Brasilia,7139875,claudiaefc,có chi! ly oliveira,2023-07-23 22:59:29 UTC,2023-07-24 01:37:32 UTC,research,,https://www.inaturalist.org/observations/174578633,https://static.inaturalist.org/photos/303305048/medium.jpeg,,"",,2,0,false,2,Rua Geovane Brioschi,-20.3345887544,-41.1318187416,205,,,,205,,open,false,gps,gps,Bem-te-vi,Pitangus sulphuratus,Bienteveo Común,Aves,16956
175347868,856374da-44f6-49da-ba89-4536e8c22b49,2023-07-28 07:37:32-03:00,2023-07-28,2023-07-28 10:37:32 UTC,Brasilia,4898739,ssmeds,ssmeds,2023-07-28 10:53:24 UTC,2024-01-22 13:12:00 UTC,research,CC-BY-NC,https://www.inaturalist.org/observations/175347868,https://inaturalist-open-data.s3.amazonaws.com/photos/305152178/medium.jpg,,"","",3,0,false,3,"Calçadão Praia Campista, Macaé, RJ, BR",-22.3942133333,-41.7810033333,4,,,,4,,open,false,,,Great Kiskadee,Pitangus sulphuratus,Bienteveo Común,Aves,16956
176854188,87b98536-ad2c-4dca-b936-5399c3925321,2023/07/21 6:57 AM,2023-07-21,2023-07-21 12:57:00 UTC,Mexico City,1061578,maelmata,Maria Elena Martinez-Tapia,2023-08-05 21:47:01 UTC,2023-08-07 00:57:04 UTC,research,CC-BY-SA,https://www.inaturalist.org/observations/176854188,https://inaturalist-open-data.s3.amazonaws.com/photos/307497615/medium.jpeg,,"","",1,0,false,,"Bacocho, 71983 Puerto Escondido, Oax., México",15.8633366667,-97.084645,,,,,,,open,false,,,Luis Bienteveo,Pitangus sulphuratus,Bienteveo Común,Aves,16956
176854308,a248a31f-77c0-4750-b82f-579d968dabcd,2023/07/23 6:21 AM,2023-07-23,2023-07-23 12:21:00 UTC,Mexico City,1061578,maelmata,Maria Elena Martinez-Tapia,2023-08-05 21:47:28 UTC,2023-08-06 22:48:33 UTC,research,CC-BY-SA,https://www.inaturalist.org/observations/176854308,https://inaturalist-open-data.s3.amazonaws.com/photos/307502305/medium.jpeg,,"","",1,0,false,,"Oaxaca, Mexico",15.7601766667,-96.102445,,,,,,,open,false,,,Luis Bienteveo,Pitangus sulphuratus,Bienteveo Común,Aves,16956
180108778,fb8ba37a-e4e8-4627-b5ac-fcc25ef9705f,2023/06/10 2:46 PM,2023-06-10,2023-06-10 17:46:00 UTC,America/Argentina/Cordoba,5809628,santiserra8,Santi,2023-08-25 13:00:03 UTC,2023-08-27 16:38:44 UTC,research,CC-BY-NC,https://www.inaturalist.org/observations/180108778,https://inaturalist-open-data.s3.amazonaws.com/photos/313673275/medium.jpeg,,"","",3,0,false,,"Lomas De San Martín, Córdoba, Argentina",-31.3840979106,-64.2035982365,488,,,,488,,,false,,,Benteveo,Pitangus sulphuratus,Bienteveo Común,Aves,16956
180718970,cbf805d2-06fb-4822-8076-a3a47580b1aa,2023/08/11 5:52 AM,2023-08-11,2023-08-11 11:52:00 UTC,America/Costa_Rica,1519870,latropaloca,Desertados,2023-08-29 03:03:50 UTC,2023-09-04 22:04:52 UTC,research,,https://www.inaturalist.org/observations/180718970,https://static.inaturalist.org/photos/314845359/medium.jpeg,,"","",2,0,false,,"Provincia de Alajuela, San Carlos, Costa Rica",10.459746046,-84.6384985597,610,,,,610,,open,false,,,Luis Bienteveo,Pitangus sulphuratus,Bienteveo Común,Aves,16956
180831182,911c92b0-5993-4e89-8641-9b01e917f246,2023/08/29 2:41 PM,2023-08-29,2023-08-29 20:41:00 UTC,Mexico City,612172,carlosjimenezarano,,2023-08-29 21:33:43 UTC,2023-09-17 05:53:38 UTC,research,CC-BY-NC,https://www.inaturalist.org/observations/180831182,https://inaturalist-open-data.s3.amazonaws.com/photos/315059777/medium.jpeg,,"",,2,0,false,,"86895 Oxolotán, Tab., México",17.3810259423,-92.7470386412,61,,,,61,,open,false,,,Bienteveo Común,Pitangus sulphuratus,Bienteveo Común,Aves,16956
181558749,d4f97c59-e4ff-417e-9e24-a828e5b6e1e1,2023/07/20 12:25 PM,2023-07-20,2023-07-20 18:25:00 UTC,America/Costa_Rica,318866,rexia,,2023-09-03 14:10:12 UTC,2024-08-17 17:26:43 UTC,research,CC-BY-NC,https://www.inaturalist.org/observations/181558749,https://inaturalist-open-data.s3.amazonaws.com/photos/316397092/medium.jpeg,,"",,2,0,false,,"7Km Sureste del Parque Nacional Volcan Arenal, Provincia de Alajuela, La Fortuna, 21007, Costa Rica",10.4378674,-84.7102601,203,,,,203,,open,false,,,Great Kiskadee,Pitangus sulphuratus,Bienteveo Común,Aves,16956
182078905,ad25e283-eefa-424c-bdf3-8ed7dcc31cd8,2023/06/30 19:57,2023-06-30,2023-06-30 22:57:00 UTC,Atlantic/Bermuda,6464367,trapa,"Ina, Green India Team",2023-09-06 17:58:38 UTC,2025-03-26 00:21:12 UTC,research,CC-BY-NC,https://www.inaturalist.org/observations/182078905,https://inaturalist-open-data.s3.amazonaws.com/photos/317398554/medium.jpg,,"",,2,0,false,,"Saint George's, Bermuda",32.380728863,-64.6783318134,61,,,,61,,open,false,,,Schwefeltyrann,Pitangus sulphuratus,Bienteveo Común,Aves,16956
182448860,a9d201be-0d38-4448-a112-f3bf3145658b,2023/09/06 11:09 AM,2023-09-06,2023-09-06 14:09:00 UTC,Buenos Aires,3638513,silviasokolovsky,Silvia Sokolovsky,2023-09-09 11:46:54 UTC,2023-10-11 05:36:12 UTC,research,,https://www.inaturalist.org/observations/182448860,https://static.inaturalist.org/photos/318114707/medium.jpeg,,"",Llevándose un pichón del huevo que acababa de romper. ,1,0,false,,"Luján, Provincia de Buenos Aires, Argentina",-34.5666013557,-59.1149152672,61,,,,61,,,false,,,Benteveo,Pitangus sulphuratus,Bienteveo Común,Aves,16956
183067290,83ca860d-05ba-4fe9-b242-a32e1a9bff04,2023/09/09 6:46 PM,2023-09-09,2023-09-09 22:46:00 UTC,Caracas,856560,pedrovernet,Pedro D. Vernet P.,2023-09-13 12:01:29 UTC,2024-03-01 10:50:54 UTC,research,CC-BY-NC,https://www.inaturalist.org/observations/183067290,https://inaturalist-open-data.s3.amazonaws.com/photos/319318569/medium.jpeg,,"","",3,0,false,,"San Román, Caracas, Miranda, Venezuela",10.4721871809,-66.8602996071,15,,,,15,,open,false,,,Bienteveo Común,Pitangus sulphuratus,Bienteveo Común,Aves,16956
183228629,ed3800f2-f146-49a0-b72c-ee144a7307d4,2023/09/09 16:03,2023-09-09,2023-09-09 19:03:00 UTC,Brasilia,6027058,marieaurelia,"",2023-09-14 16:02:36 UTC,2024-09-01 02:54:23 UTC,research,CC-BY-NC,https://www.inaturalist.org/observations/183228629,https://inaturalist-open-data.s3.amazonaws.com/photos/319630829/medium.jpeg,,"","",2,0,false,,"R. Jardim Botânico, 414 - Jardim Botânico - Jardim Botânico, Rio de Janeiro - RJ, 22461-000, Brésil",-22.9581535,-43.2116429,189,,,,189,,open,false,,,Tyran quiquivi,Pitangus sulphuratus,Bienteveo Común,Aves,16956
183928525,8550784c-1496-4abf-b8f3-8b618dd1e31b,2023/09/18 6:14 PM,2023-09-18,2023-09-18 23:14:00 UTC,Central Time (US & Canada),646750,a-tristis,Mike Stewart,2023-09-19 01:23:27 UTC,2023-10-17 04:23:52 UTC,research,CC-BY-NC,https://www.inaturalist.org/observations/183928525,https://inaturalist-open-data.s3.amazonaws.com/photos/320968979/medium.jpg,,"",,6,0,false,,Alice,27.77012327,-98.059151066,1000,,,,1000,,open,false,,,Great Kiskadee,Pitangus sulphuratus,Bienteveo Común,Aves,16956
186027509,88afcd1a-812b-4481-9c30-289bd0f3b8bc,2023-09-23 13:34:21,2023-09-23,2023-09-23 16:34:21 UTC,Brasilia,7326467,eduarda_lima,Eduarda,2023-10-03 12:09:20 UTC,2023-11-28 13:35:56 UTC,research,CC-BY-NC,https://www.inaturalist.org/observations/186027509,https://inaturalist-open-data.s3.amazonaws.com/photos/325006327/medium.jpeg,,"",,2,0,false,2,"54-45, Brasília - DF, 73350-350, Brasil",-15.6211683,-47.6473766,,,,,,,open,false,gps,gps,Bem-te-vi,Pitangus sulphuratus,Bienteveo Común,Aves,16956
186633053,67c9fd99-2b8e-4d88-a2a1-af3a46c96b80,2023-10-07 17:52:00,2023-10-07,2023-10-08 00:52:00 UTC,Mazatlan,5466652,ethelramirez,Éthel Ramírez,2023-10-08 01:37:11 UTC,2023-10-19 11:41:52 UTC,research,CC-BY-NC,https://www.inaturalist.org/observations/186633053,https://inaturalist-open-data.s3.amazonaws.com/photos/326198912/medium.jpeg,,"",,2,0,false,2,"Culiacán, MX-SI, MX",24.6384951848,-107.5570367613,12,,,,30047,obscured,open,true,,,Luis Bienteveo,Pitangus sulphuratus,Bienteveo Común,Aves,16956
187169478,9c36b945-d434-4557-bd68-f45d4306446d,2023/09/23 2:02 PM,2023-09-23,2023-09-23 20:02:00 UTC,Central America,4026605,ricardelremate,Ricard Busquets Reverte,2023-10-11 21:37:10 UTC,2023-10-12 12:29:34 UTC,research,CC-BY,https://www.inaturalist.org/observations/187169478,https://inaturalist-open-data.s3.amazonaws.com/photos/327261378/medium.jpeg,,"","Around El Remate village, Flores, Petén, Guatemala.",2,0,false,,"Flores, Guatemala",16.9817768452,-89.6900020084,11,,,,11,,open,false,,,Bienteveo Común,Pitangus sulphuratus,Bienteveo Común,Aves,16956
187969596,cde30e31-c1a2-48a4-a951-7ac53b6d678b,2023/10/17 11:26 AM,2023-10-17,2023-10-17 17:26:00 UTC,Mexico City,1539673,fabrice82,,2023-10-18 00:45:11 UTC,2023-10-18 16:08:50 UTC,research,CC-BY-NC,https://www.inaturalist.org/observations/187969596,https://inaturalist-open-data.s3.amazonaws.com/photos/328844888/medium.jpeg,,"",,2,0,false,,"Parque Metropolitano, Zapopan, Jal., México",20.6740483931,-103.4400984186,2,,,,2,,open,false,,,Bienteveo Común,Pitangus sulphuratus,Bienteveo Común,Aves,16956
188280578,2e975e5c-778b-4b48-951d-c801fa4e6707,2023-10-20 14:47:52-03:00,2023-10-20,2023-10-20 17:47:52 UTC,Brasilia,6691411,pedro_08008,Pedro Van Kan,2023-10-20 17:48:08 UTC,2023-10-23 02:38:43 UTC,research,CC-BY-NC,https://www.inaturalist.org/observations/188280578,https://inaturalist-open-data.s3.amazonaws.com/photos/329486770/medium.jpg,,"","",2,0,false,3,"Avenida 1, Formosa, GO, BR",-15.5276933351,-47.3420203866,7,,,,7,,open,false,,,Bem-te-vi,Pitangus sulphuratus,Bienteveo Común,Aves,16956
188368184,702c55bb-c258-4737-8a5f-5e518f4f1393,2023/10/15 10:38 AM,2023-10-15,2023-10-15 13:38:00 UTC,Buenos Aires,893121,martin_arregui,Martin Arregui,2023-10-21 11:55:40 UTC,2025-11-11 05:45:55 UTC,research,CC-BY-NC,https://www.inaturalist.org/observations/188368184,https://inaturalist-open-data.s3.amazonaws.com/photos/329671171/medium.jpeg,,"",,3,0,false,,"Gonnet, Provincia de Buenos Aires, Argentina",-34.8816760488,-58.0186261142,11,,,,11,,,false,,,Benteveo,Pitangus sulphuratus,Bienteveo Común,Aves,16956
189156797,5d068af1-437f-4e05-b8dd-275a4b6f7fe6,2023-10-27 06:36:32,2023-10-27,2023-10-27 12:36:32 UTC,America/Merida,6593407,patricia_maya,Patricia María Maya Soto,2023-10-27 21:09:36 UTC,2023-10-28 21:32:58 UTC,research,CC-BY-NC,https://www.inaturalist.org/observations/189156797,https://inaturalist-open-data.s3.amazonaws.com/photos/331278702/medium.jpeg,,"",,1,0,false,2,"97795 Yuc., México",20.6540586237,-88.2130463049,201,,,,201,,open,false,gps,gps,Luis Bienteveo,Pitangus sulphuratus,Bienteveo Común,Aves,16956
189725476,37d3b800-777d-45a3-b38a-3800e380473a,10/4/2023,2023-10-04,,America/Costa_Rica,221631,hdemann,Scott Bowers,2023-11-02 02:28:18 UTC,2023-11-04 01:25:18 UTC,research,CC-BY-NC,https://www.inaturalist.org/observations/189725476,https://inaturalist-open-data.s3.amazonaws.com/photos/332438413/medium.jpg,,"",See http://www.planetscott.com/speciesdetail/4410/great-kiskadee-(pitangus-sulphuratus) for more info,2,0,false,215,Parque Nacional Volcan Arenal,10.451863,-84.728837,,,,,,,open,false,,,Great Kiskadee,Pitangus sulphuratus,Bienteveo Común,Aves,16956
189726174,243ff70c-afb9-4eae-945f-ae177fafd6c3,2023-11-01 08:48:00,2023-11-01,2023-11-01 11:48:00 UTC,Brasilia,6810687,rebello15,Leonardo Rebello,2023-11-02 02:36:20 UTC,2025-05-04 14:33:19 UTC,research,CC-BY-NC,https://www.inaturalist.org/observations/189726174,https://inaturalist-open-data.s3.amazonaws.com/photos/332439624/medium.jpeg,,"",,1,0,false,2,"Santa Lidia, Penha - SC, Brasil",-26.816026525,-48.6500734091,2691,,,,2691,,open,false,gps,gps,Bem-te-vi,Pitangus sulphuratus,Bienteveo Común,Aves,16956
191549630,07013c69-c7cc-459f-8490-d302b1b4e57f,2023/08/30 5:21 PM,2023-08-30,2023-08-30 23:21:00 UTC,Mexico City,270397,panecillo,Jorge A. Pérez Torres,2023-11-20 04:04:26 UTC,2023-11-20 07:54:03 UTC,research,CC-BY-NC,https://www.inaturalist.org/observations/191549630,https://inaturalist-open-data.s3.amazonaws.com/photos/336061036/medium.jpeg,,"","",1,0,false,,"Granjas del Marqués, 39890 Acapulco de Juárez, Gro., México",16.7909018559,-99.8209584612,15,,,,15,,open,false,,,Bienteveo Común,Pitangus sulphuratus,Bienteveo Común,Aves,16956
191627320,33d92655-2260-41fa-b49e-16064a56f1d0,2023/11/20 8:26 AM,2023-11-20,2023-11-20 14:26:00 UTC,America/Bahia_Banderas,741313,stshank,Stephen Shankland,2023-11-21 00:05:43 UTC,2023-11-21 00:51:09 UTC,research,CC-BY-NC,https://www.inaturalist.org/observations/191627320,https://inaturalist-open-data.s3.amazonaws.com/photos/336215837/medium.jpg,,Mexico,,1,0,false,,"63728 Sayulita, Nayarit, Mexico",20.8747225283,-105.4333132217,,,,,,,open,false,,,Great Kiskadee,Pitangus sulphuratus,Bienteveo Común,Aves,16956
191629244,7be9e621-9398-4268-a345-8e73a42d94ef,2023/08/31 8:23 AM,2023-08-31,2023-08-31 14:23:00 UTC,Mexico City,270397,panecillo,Jorge A. Pérez Torres,2023-11-21 00:33:10 UTC,2023-11-22 01:20:49 UTC,research,CC-BY-NC,https://www.inaturalist.org/observations/191629244,https://inaturalist-open-data.s3.amazonaws.com/photos/336216404/medium.jpeg,,"",,3,0,false,,"Granjas del Marqués, 39890 Acapulco de Juárez, Gro., México",16.7914717277,-99.8232395691,102,,,,102,,open,false,,,Bienteveo Común,Pitangus sulphuratus,Bienteveo Común,Aves,16956
191935867,d19b470b-2a17-4495-87c4-ed85af011e15,2023-11-23 12:04:34,2023-11-23,2023-11-23 15:04:34 UTC,Montevideo,6843347,mazlume_rumeysa,Mazlume Rumeysa LACİN,2023-11-24 11:44:03 UTC,2024-08-04 08:53:01 UTC,research,,https://www.inaturalist.org/observations/191935867,https://static.inaturalist.org/photos/336834479/medium.jpeg,,"",,3,0,false,2,"Carrasco Norte, 11500 Montevideo, Montevideo Department, Uruguay",-34.8725248,-56.0596096,,,,,,,open,false,,,Great Kiskadee,Pitangus sulphuratus,Bienteveo Común,Aves,16956
192481014,ca8c8a7b-2dc0-48f5-9a9f-ad9a7ec236a3,2023/02/11 7:20 PM,2023-02-11,2023-02-12 01:20:00 UTC,Central Time (US & Canada),6798762,sljcarson,Steve Carson,2023-11-28 20:01:43 UTC,2023-12-05 21:35:34 UTC,research,,https://www.inaturalist.org/observations/192481014,https://static.inaturalist.org/photos/337905159/medium.jpeg,,"",,3,0,false,,"Kleberg County, TX, USA",27.3151413641,-97.6804557275,141,,,,141,,open,false,,,Great Kiskadee,Pitangus sulphuratus,Bienteveo Común,Aves,16956
192635997,a8d98474-8db8-4e7d-831e-aaaca08213f2,2023/09/29 5:57 AM,2023-09-29,2023-09-29 11:57:00 UTC,America/Merida,270397,panecillo,Jorge A. Pérez Torres,2023-11-30 13:39:01 UTC,2023-11-30 15:57:40 UTC,research,CC-BY-NC,https://www.inaturalist.org/observations/192635997,https://inaturalist-open-data.s3.amazonaws.com/photos/338215502/medium.jpeg,,"",,2,0,false,,"Gran San Pedro Cholul, 97305 Cholul, Yuc., México",21.0248059063,-89.5489532745,106,,,,106,,open,false,,,Bienteveo Común,Pitangus sulphuratus,Bienteveo Común,Aves,16956
193744569,45b11709-54a2-4d0b-a415-2de220115d8f,2023/12/11 10:17 AM,2023-12-11,2023-12-11 16:17:00 UTC,Central Time (US & Canada),316477,tcouncil,Todd Council,2023-12-11 22:48:56 UTC,2024-04-13 20:48:02 UTC,research,CC-BY-NC,https://www.inaturalist.org/observations/193744569,https://inaturalist-open-data.s3.amazonaws.com/photos/340377456/medium.jpg,,"","",2,0,false,,"Cameron County, TX, USA",26.1386935008,-97.1779049234,112,,,,112,,open,false,,"",Great Kiskadee,Pitangus sulphuratus,Bienteveo Común,Aves,16956
193753290,a8d931c8-f6a1-4c0f-8ea2-19b27c9e0992,2023-07-07 07:47:30-05:00,2023-07-07,2023-07-07 12:47:30 UTC,America/Cancun,7665133,ada_lopez_o,,2023-12-12 00:48:57 UTC,2023-12-12 17:58:43 UTC,research,CC-BY-NC,https://www.inaturalist.org/observations/193753290,https://inaturalist-open-data.s3.amazonaws.com/photos/340395668/medium.jpg,,"","",1,0,false,3,"Solidaridad, Q. Roo., MX",20.7148054556,-87.1177472712,33402,,,,33402,,open,false,,,Luis Bienteveo,Pitangus sulphuratus,Bienteveo Común,Aves,16956
193931934,a86b0d1e-48e2-49b9-92bf-71906c7afb80,2023/12/13 11:00 AM,2023-12-13,2023-12-13 16:00:00 UTC,Bogota,5881840,serfimat,Miguel Ángel Serrano,2023-12-14 06:55:50 UTC,2023-12-23 04:24:24 UTC,research,CC-BY-NC,https://www.inaturalist.org/observations/193931934,https://inaturalist-open-data.s3.amazonaws.com/photos/340757151/medium.jpg,,"","",1,0,false,,"Tubará, Atlántico, Colombia",10.8902957181,-75.0466240481,2,,,,2,,open,false,,,Bienteveo Común,Pitangus sulphuratus,Bienteveo Común,Aves,16956
195191320,98deae01-64cf-47d3-84b1-753f8c8d98e0,2023-12-29 09:55:50,2023-12-29,2023-12-29 15:55:50 UTC,America/Belize,1882443,tubroos,Adam Lloyd,2023-12-29 18:48:25 UTC,2024-01-03 13:37:14 UTC,research,CC-BY-NC,https://www.inaturalist.org/observations/195191320,https://inaturalist-open-data.s3.amazonaws.com/photos/343319080/medium.jpeg,,"",,2,0,false,2,"Corozal District, Belize",18.3355579771,-88.1270627305,232,,,,232,,open,false,gps,gps,Great Kiskadee,Pitangus sulphuratus,Bienteveo Común,Aves,16956
195770712,08a106f7-dec1-48ce-b93c-66c5042bab21,2023/12/09 12:04 PM,2023-12-09,2023-12-09 15:04:00 UTC,America/Argentina/San_Juan,4868844,romanlabrousse,"",2024-01-04 18:51:41 UTC,2024-04-12 04:44:37 UTC,research,CC-BY-NC,https://www.inaturalist.org/observations/195770712,https://inaturalist-open-data.s3.amazonaws.com/photos/344492660/medium.jpeg,,"","Proyecto Reserva Privada ""Laguna El Desempeño""",1,0,false,,"Rawson, San Juan, Argentina",-31.7824592252,-68.3904027495,958,,,,958,,,false,,,Benteveo,Pitangus sulphuratus,Bienteveo Común,Aves,16956
196270131,474412d6-554a-4cef-b51a-0f559500466e,2024-01-10 07:01:10,2024-01-10,2024-01-10 10:01:10 UTC,Brasilia,7194716,fernando28509,Fernando Sousa,2024-01-10 11:54:40 UTC,2024-02-24 23:10:22 UTC,research,,https://www.inaturalist.org/observations/196270131,https://static.inaturalist.org/photos/345502741/medium.jpeg,,"",,1,0,false,2,"Centro, Ribeirão Preto - SP, Brasil",-21.1759417363,-47.8075985983,202,,,,202,,open,false,gps,gps,Bem-te-vi,Pitangus sulphuratus,Bienteveo Común,Aves,16956
196812687,eb81d320-36ff-4c7f-866f-ed91337e9ca8,2024/01/15 2:18 PM,2024-01-15,2024-01-15 20:18:00 UTC,Central Time (US & Canada),5148286,rngrben,Ben Horstmann,2024-01-16 03:40:02 UTC,2024-01-18 18:51:35 UTC,research,CC-BY-NC,https://www.inaturalist.org/observations/196812687,https://inaturalist-open-data.s3.amazonaws.com/photos/346476283/medium.jpeg,,"","",4,0,false,,"Salineno, TX, USA",26.5147039632,-99.1153293491,8,,,,8,,open,false,,,Great Kiskadee,Pitangus sulphuratus,Bienteveo Común,Aves,16956
197406060,5387261c-1aef-4f23-ace1-4c11deacadf9,2024/01/02 5:58 PM,2024-01-02,2024-01-02 22:58:00 UTC,America/Guayaquil,1366509,frankdietze,Frank Dietze,2024-01-23 20:00:44 UTC,2024-01-23 22:21:04 UTC,research,,https://www.inaturalist.org/observations/197406060,https://static.inaturalist.org/photos/347677681/medium.jpg,,"",,1,0,false,,"Providencia, Quito, Ecuador",-0.472253,-76.45913,212,,,,212,,open,false,,,Great Kiskadee,Pitangus sulphuratus,Bienteveo Común,Aves,16956
197904740,2ff6ef38-1841-44f4-ade2-11729b72e407,2024/01/25 7:23 AM,2024-01-25,2024-01-25 13:23:00 UTC,America/Merida,1499212,adkonings,Ad Konings,2024-01-29 17:55:43 UTC,2024-01-30 22:29:25 UTC,research,CC-BY-NC,https://www.inaturalist.org/observations/197904740,https://inaturalist-open-data.s3.amazonaws.com/photos/348683976/medium.jpg,,"",,3,0,false,,"Calakmul Municipality, Campeche, Mexico",18.5175112833,-89.4852393142,4,,,,4,,open,false,,,Great Kiskadee,Pitangus sulphuratus,Bienteveo Común,Aves,16956
197928991,8ea9cd63-f594-4a5c-a993-89b073d57b09,2024/01/27 11:27,2024-01-27,2024-01-27 17:27:00 UTC,Mexico City,5462386,flore_boituzat,,2024-01-29 23:21:21 UTC,2024-01-29 23:43:14 UTC,research,CC-BY-NC,https://www.inaturalist.org/observations/197928991,https://inaturalist-open-data.s3.amazonaws.com/photos/348731579/medium.jpg,,"",,1,0,false,,,,,2,,,,30598,private,open,true,,,Luis Bienteveo,Pitangus sulphuratus,Bienteveo Común,Aves,16956
198500886,2a80cec0-e302-443c-9828-3cc1d9fb0b13,2024-02-04 15:21:00,2024-02-04,2024-02-04 21:21:00 UTC,Mexico City,4660125,isacrz,Isaías Caamaño Rodríguez,2024-02-05 17:53:17 UTC,2024-02-06 05:11:53 UTC,research,CC-BY-NC,https://www.inaturalist.org/observations/198500886,https://inaturalist-open-data.s3.amazonaws.com/photos/349881249/medium.png,,"",,2,0,false,,"Las Fuentes, 91098 Xalapa-Enríquez, Ver., México",19.4944501836,-96.8836412608,2,,,,2,,open,false,,,Luis Bienteveo,Pitangus sulphuratus,Bienteveo Común,Aves,16956
198618735,31195106-5325-479d-9ba5-4b6588683971,2024/02/04 5:53 PM,2024-02-04,2024-02-04 23:53:00 UTC,Mexico City,2557522,almithos,Alexis Salazar,2024-02-07 02:44:45 UTC,2025-05-27 04:53:48 UTC,research,CC-BY-NC,https://www.inaturalist.org/observations/198618735,https://inaturalist-open-data.s3.amazonaws.com/photos/350111035/medium.jpeg,,"","",1,0,false,,"98333 Col. Veinte de Noviembre, Zac., México",24.2378863455,-103.557911678,2,,,,2,,open,false,,,Luis Bienteveo,Pitangus sulphuratus,Bienteveo Común,Aves,16956
198688793,2f6a86fe-1fdb-47cf-ba54-e4047a84bc54,2024-02-07 16:38:07-06:00,2024-02-07,2024-02-07 22:38:07 UTC,America/Costa_Rica,639673,wessleeper,Wes Sleeper,2024-02-08 00:12:41 UTC,2024-05-17 21:01:48 UTC,research,,https://www.inaturalist.org/observations/198688793,https://static.inaturalist.org/photos/350250540/medium.jpg,,"","",1,0,false,3,"Calle 480, Fortuna, Alajuela, CR",10.4704166667,-84.650855,4,,,,4,,open,false,,,Great Kiskadee,Pitangus sulphuratus,Bienteveo Común,Aves,16956
198845245,97b39118-3436-45ef-910e-6b3fce468ea4,2024/01/26 9:35 AM,2024-01-26,2024-01-26 16:35:00 UTC,America/Hermosillo,504212,mfaucher,Marc Faucher,2024-02-09 23:11:28 UTC,2024-02-11 05:50:28 UTC,research,,https://www.inaturalist.org/observations/198845245,https://static.inaturalist.org/photos/350552304/medium.jpg,,"Pitangus sulphuratus, iNaturalist","Great Kiskadee (Pitangus sulphuratus), 116_4436.JPG",2,0,false,,"Álamos Municipality, Sonora, Mexico",27.009135,-108.9129833333,,,,,,,open,false,,,Great Kiskadee,Pitangus sulphuratus,Bienteveo Común,Aves,16956
198852751,3a7bfc68-e1ea-4f71-a6b3-e71e0c1ce15e,2024-02-09 12:23:35-06:00,2024-02-09,2024-02-09 18:23:35 UTC,America/Matamoros,2504845,anneml,AnneL,2024-02-10 00:58:05 UTC,2025-07-03 17:35:03 UTC,research,CC-BY-NC,https://www.inaturalist.org/observations/198852751,https://inaturalist-open-data.s3.amazonaws.com/photos/350567143/medium.jpg,,"","",3,0,false,3,"Nuevo Laredo, Tamps., MX",27.555402,-99.54067,13268,,,,13268,,open,false,,,Great Kiskadee,Pitangus sulphuratus,Bienteveo Común,Aves,16956
198921735,db4752bf-8f6c-4956-b340-4bd8bf5af315,2024/02/07 3:41 PM,2024-02-07,2024-02-07 20:41:00 UTC,America/Cancun,1874644,jorgemrida,Jorge Mérida,2024-02-10 19:33:04 UTC,2024-02-29 00:54:10 UTC,research,,https://www.inaturalist.org/observations/198921735,https://static.inaturalist.org/photos/350702112/medium.jpeg,,"","",2,0,false,,"CARRETERA MUNA-FELIPE CARRILLO PUERTO KM. 137 S/N PRESUMIDA, 77870 José María Morelos, Q.R., México",19.7594496,-88.7245009,221,,,,221,,open,false,,,Bienteveo Común,Pitangus sulphuratus,Bienteveo Común,Aves,16956
200317565,1beadbfa-a9e9-42f2-a459-6e2036d89c9f,2024/02/16 7:44 AM,2024-02-16,2024-02-16 13:44:00 UTC,America/El_Salvador,1065381,rawcomposition,Adam Jackson,2024-02-24 20:55:28 UTC,2025-07-07 02:22:36 UTC,research,CC0,https://www.inaturalist.org/observations/200317565,https://inaturalist-open-data.s3.amazonaws.com/photos/353396667/medium.jpg,,"",,1,0,false,,"La Libertad Department, El Salvador",13.446323,-89.210999,,,,,,,open,false,,,Great Kiskadee,Pitangus sulphuratus,Bienteveo Común,Aves,16956
202889564,931c2dd9-3172-487a-8e2d-960a7f43789b,2024/03/17 3:00 PM,2024-03-17,2024-03-17 22:00:00 UTC,Mazatlan,458997,juanramonmanjarrez,Juan Ramón Manjarrez,2024-03-17 22:16:04 UTC,2024-09-29 02:51:40 UTC,research,CC-BY-SA,https://www.inaturalist.org/observations/202889564,https://inaturalist-open-data.s3.amazonaws.com/photos/358384781/medium.jpeg,,"","",1,0,false,,"Los Sauces, 80028 Culiacán Rosales, Sin., México",24.8301194444,-107.4206719444,,,,,,,open,false,,,Luis Bienteveo,Pitangus sulphuratus,Bienteveo Común,Aves,16956
203540759,7a6d057e-2f86-47f2-aa38-6351cb499861,2024/03/04 11:26 AM,2024-03-04,2024-03-04 17:26:00 UTC,Central America,4026605,ricardelremate,Ricard Busquets Reverte,2024-03-23 01:44:12 UTC,2024-03-27 02:07:50 UTC,research,CC-BY,https://www.inaturalist.org/observations/203540759,https://inaturalist-open-data.s3.amazonaws.com/photos/359636225/medium.jpeg,,"","Around lake Petén Itzá shore. El Remate village, Flores, Petén, Guatemala.",3,0,false,,"El Remate, Guatemala",16.9926092033,-89.6924594364,17,,,,17,,open,false,,,Bienteveo Común,Pitangus sulphuratus,Bienteveo Común,Aves,16956
203649143,93903922-40c3-4bc7-a9d4-d9930ea11319,2024/03/23 8:32 AM,2024-03-23,2024-03-23 14:32:00 UTC,America/Costa_Rica,4556176,tzvety_dosseva,Tzvety Dosseva,2024-03-23 21:30:03 UTC,2024-03-27 12:53:23 UTC,research,,https://www.inaturalist.org/observations/203649143,https://static.inaturalist.org/photos/359838543/medium.jpeg,,"",,2,0,false,,"Puntarenas Province, Quepos, Costa Rica",9.4318681,-84.1619076,21585,,,,21585,,open,false,,,Great Kiskadee,Pitangus sulphuratus,Bienteveo Común,Aves,16956
204319103,6564d6bb-ded7-440c-94b4-373e6bce8a91,2024/03/27 7:14 AM,2024-03-27,2024-03-27 13:14:00 UTC,America/Merida,536291,trinchan,Luis Trinchan,2024-03-28 22:08:59 UTC,2024-04-05 15:19:44 UTC,research,CC-BY-NC,https://www.inaturalist.org/observations/204319103,https://inaturalist-open-data.s3.amazonaws.com/photos/361126976/medium.jpg,,"",,2,0,false,,"Carretera Merida-Campeche Km. 78, Hopelchen-Uman, 97890 Uxmal, Yuc., Mexico",20.3766403,-89.7713165,130,,,,130,,open,false,,,Luis Bienteveo,Pitangus sulphuratus,Bienteveo Común,Aves,16956
206000134,f7d2217b-07fd-4af7-a4f1-f1d809aeb8b6,2024/01/10 7:52 AM,2024-01-10,2024-01-10 10:52:00 UTC,Buenos Aires,7888481,gb-arg,Germán Biondo,2024-04-08 02:10:11 UTC,2024-11-23 01:39:59 UTC,research,CC-BY-NC-ND,https://www.inaturalist.org/observations/206000134,https://inaturalist-open-data.s3.amazonaws.com/photos/364307554/medium.jpg,,"",Ráfaga del mismo individuo.-,2,0,false,,"Villa Dominico, Provincia de Buenos Aires, Argentina",-34.695385,-58.3320999,2382,,,,2382,,,false,,,Benteveo,Pitangus sulphuratus,Bienteveo Común,Aves,16956
206516695,f445d7e0-cbb4-44ea-a7f7-0e18382d95e3,2024-04-02 08:46:14-07:00,2024-04-02,2024-04-02 15:46:14 UTC,Mazatlan,730849,lisak1,,2024-04-11 00:44:55 UTC,2024-09-29 02:51:29 UTC,research,,https://www.inaturalist.org/observations/206516695,https://static.inaturalist.org/photos/365258513/medium.jpg,,"","",1,0,false,3,"Calle del Deportivo, Culiacán, Sin., MX",24.79600985,-107.42245205,6090,,,,6090,,open,false,,,Great Kiskadee,Pitangus sulphuratus,Bienteveo Común,Aves,16956
206892611,936fc0a8-bd8e-4d40-8b90-45a9348267fc,2024/04/03 4:47 PM,2024-04-03,2024-04-03 21:47:00 UTC,Central Time (US & Canada),1138432,patti_edens,Patti A. Edens,2024-04-13 04:06:23 UTC,2024-05-17 20:44:47 UTC,research,CC-BY-NC-ND,https://www.inaturalist.org/observations/206892611,https://inaturalist-open-data.s3.amazonaws.com/photos/365892784/medium.jpg,,"",,1,0,false,,"South Padre Island, TX 78597, USA",26.14075291,-97.175134419,148,,,,148,,open,false,,,Great Kiskadee,Pitangus sulphuratus,Bienteveo Común,Aves,16956
207450156,56543165-25df-40a7-bc59-df8b4ad44f84,2024-01-08 11:37:00-06:00,2024-01-08,2024-01-08 17:37:00 UTC,America/Costa_Rica,3074378,sophiasperd,Sophia Sperduto,2024-04-15 19:38:34 UTC,2025-02-04 21:37:59 UTC,research,CC-BY-NC,https://www.inaturalist.org/observations/207450156,https://inaturalist-open-data.s3.amazonaws.com/photos/366936473/medium.jpeg,,"","",1,0,false,,"Sarapiqui, Heredia, CR",10.4506908115,-84.0680154183,20,,,,20,,open,false,,,Great Kiskadee,Pitangus sulphuratus,Bienteveo Común,Aves,16956
207850838,1f3cbadb-ca9b-40e3-a39a-100030ec4e00,2024/04/17 4:50 PM,2024-04-17,2024-04-17 23:50:00 UTC,Mazatlan,458997,juanramonmanjarrez,Juan Ramón Manjarrez,2024-04-18 00:19:55 UTC,2024-09-29 02:51:19 UTC,research,CC-BY-SA,https://www.inaturalist.org/observations/207850838,https://inaturalist-open-data.s3.amazonaws.com/photos/367693762/medium.jpeg,,"","",2,0,false,,"Culiacán Rosales, Sin., México",24.8289341667,-107.4202455556,,,,,,,open,false,,,Luis Bienteveo,Pitangus sulphuratus,Bienteveo Común,Aves,16956
207872006,35bbd194-cbd8-412a-8a88-458f70508495,2024-04-12 15:06:00,2024-04-12,2024-04-12 22:06:00 UTC,Mazatlan,5466652,ethelramirez,Éthel Ramírez,2024-04-18 03:26:30 UTC,2024-04-29 08:19:02 UTC,research,CC-BY-NC,https://www.inaturalist.org/observations/207872006,https://inaturalist-open-data.s3.amazonaws.com/photos/367736973/medium.jpeg,,"",,2,0,false,2,"Cd Universitaria, Universitaria, 80040 Culiacán Rosales, Sin., México",24.8259573409,-107.3815153912,28,,,,28,,open,false,,,Luis Bienteveo,Pitangus sulphuratus,Bienteveo Común,Aves,16956
208312268,3252bbb3-e73e-4a28-b97b-049db7163735,2024/04/19 1:07 PM,2024-04-19,2024-04-19 19:07:00 UTC,Monterrey,21908,arnulfomoreno,Arnulfo Moreno-Valdez,2024-04-20 17:43:35 UTC,2025-11-17 15:20:33 UTC,research,,https://www.inaturalist.org/observations/208312268,https://static.inaturalist.org/photos/368556547/medium.jpg,,"",,2,0,false,,"Privanzas II, 87024 Cdad. Victoria, Tamps., México",23.766264083,-99.1188781117,891,,,,891,,open,false,,,Bienteveo Común,Pitangus sulphuratus,Bienteveo Común,Aves,16956
209505521,d7142ee6-92dc-45a4-8407-cbbccb16706d,2024/04/26 08:36,2024-04-26,2024-04-26 11:36:00 UTC,Brasilia,7496812,jonathan_ehlert,Jonathan Lorencetti Ehlert,2024-04-26 11:48:52 UTC,2024-04-27 11:54:29 UTC,research,CC-BY-NC,https://www.inaturalist.org/observations/209505521,https://inaturalist-open-data.s3.amazonaws.com/photos/370734941/medium.jpeg,,"","",3,0,false,,"Ibirama - SC, 89140-000, Brasil",-27.0364938554,-49.4761905077,8,,,,8,,open,false,,,Bem-te-vi,Pitangus sulphuratus,Bienteveo Común,Aves,16956
209929945,726d628b-adbc-4bdd-bbb1-dcaf55d51bf0,2024/04/26 09:30,2024-04-26,2024-04-26 12:30:00 UTC,Brasilia,6695226,tamily1,Tamily Roedel,2024-04-27 02:34:17 UTC,2024-04-27 11:54:00 UTC,research,,https://www.inaturalist.org/observations/209929945,https://static.inaturalist.org/photos/371410685/medium.jpeg,,"","",3,0,false,,"Navegantes, SC, Brasil",-26.8954069,-48.6569206,9150,,,,9150,,open,false,,,Bem-te-vi,Pitangus sulphuratus,Bienteveo Común,Aves,16956
210277317,bb754aa3-d9fa-4904-979b-c39f246fe23f,2024/04/27 09:43,2024-04-27,2024-04-27 12:43:00 UTC,America/Cayenne,14160,vrufray,Vincent Rufray,2024-04-27 17:09:49 UTC,2024-05-05 15:42:21 UTC,research,CC-BY-NC,https://www.inaturalist.org/observations/210277317,https://inaturalist-open-data.s3.amazonaws.com/photos/371934660/medium.jpeg,,"","",1,0,false,,"Remire-Montjoly 97354, Guyane française",4.8952676547,-52.2795495403,997,,,,997,,open,false,,,Tyran quiquivi,Pitangus sulphuratus,Bienteveo Común,Aves,16956
211788238,7c27057c-fa9b-471b-9b57-8289600aaab4,2020/12/01 04:40,2020-12-01,2020-12-01 07:40:00 UTC,America/Belem,8081008,fernandaqueirozfeartes,,2024-04-29 19:32:19 UTC,2024-07-19 17:45:28 UTC,research,CC-BY-NC,https://www.inaturalist.org/observations/211788238,https://inaturalist-open-data.s3.amazonaws.com/photos/374343107/medium.jpeg,,"","Em visita ao Macapá, fui levada até o rio Curiaú, onde avistei e fotografei esse pássaro",2,0,false,,Rio Curiaú,0.1097964757,-51.055025239,61,,,,61,,open,false,,,Bem-te-vi,Pitangus sulphuratus,Bienteveo Común,Aves,16956
212440517,f4dfb72c-4f46-4662-b5f7-34b049c7b1a9,2024/04/29 7:41 AM,2024-04-29,2024-04-29 12:41:00 UTC,Bogota,7943623,delta_eco,Alejo Sánchez,2024-05-01 00:37:59 UTC,2024-09-27 01:24:29 UTC,research,,https://www.inaturalist.org/observations/212440517,https://static.inaturalist.org/photos/375422001/medium.jpg,,"",,3,0,false,,"Caribe, Medellín, Antioquia, Colombia",6.2629911049,-75.576171097,15,,,,15,,open,false,,,Bienteveo Común,Pitangus sulphuratus,Bienteveo Común,Aves,16956
212694801,507484c7-748f-43f7-a685-f5b7855560ec,2022/11/27 12:30 PM,2022-11-27,2022-11-27 17:30:00 UTC,America/Cancun,7834292,t-ssly,,2024-05-01 19:45:03 UTC,2025-02-23 20:51:08 UTC,research,CC-BY-NC,https://www.inaturalist.org/observations/212694801,https://inaturalist-open-data.s3.amazonaws.com/photos/375865054/medium.jpeg,,"","",2,0,false,,"Grand Palladium Resort, Q.R., Mexico",20.4424255,-87.2879425,747,,,,747,,open,false,,,Great Kiskadee,Pitangus sulphuratus,Bienteveo Común,Aves,16956
213078018,5402080c-fc9e-466f-afad-26ebd049a036,2024/04/26 10:34,2024-04-26,2024-04-26 13:34:00 UTC,Brasilia,8007181,joao_mello,João Mello,2024-05-03 05:46:41 UTC,2024-05-07 17:48:00 UTC,research,CC-BY-NC,https://www.inaturalist.org/observations/213078018,https://inaturalist-open-data.s3.amazonaws.com/photos/376554977/medium.jpeg,,"","Evento: 9ª edição do Desafio Mundial da Natureza Urbana (City Nature Challenge)
Data: De 26 a 29 de abril de 2024
Local: IBAMA - Instituto Brasileiro do Meio Ambiente
Brasília-DF, Brasil ",3,0,false,,"SCEN - Brasília, DF, Brasil",-15.7654224999,-47.8596779442,308,,,,308,,open,false,,"",Bem-Te-Vi,Pitangus sulphuratus,Bienteveo Común,Aves,16956
213881146,9a567d64-2e0d-425e-9e93-a3283a675376,2024/05/04 10:09 AM,2024-05-04,2024-05-04 13:09:00 UTC,America/Argentina/Cordoba,144,trekman,Gustavo Fernando Durán,2024-05-06 02:18:51 UTC,2024-06-25 13:42:48 UTC,research,CC-BY-NC,https://www.inaturalist.org/observations/213881146,https://inaturalist-open-data.s3.amazonaws.com/photos/377978390/medium.jpeg,,"",,1,0,false,,"San Jeronimo Nte., Santa Fe, Argentina",-31.5509052436,-61.0675784068,1934,,,,1934,,,false,,,Benteveo,Pitangus sulphuratus,Bienteveo Común,Aves,16956
214624192,6ceb3ce3-8b4f-416b-8975-fe4890a93425,2024-05-01 12:34:39-06:00,2024-05-01,2024-05-01 18:34:39 UTC,Mexico City,4022369,reximiliano,Reximiliano,2024-05-09 17:28:41 UTC,2024-05-10 03:49:04 UTC,research,CC-BY-NC,https://www.inaturalist.org/observations/214624192,https://inaturalist-open-data.s3.amazonaws.com/photos/379375851/medium.jpg,,"","",2,0,false,3,"Zoológico Guadalajara, Guadalajara, Jal., MX",20.7261028962,-103.3078034439,40,,,,40,,open,false,,,Luis Bienteveo,Pitangus sulphuratus,Bienteveo Común,Aves,16956
215296375,136d60ed-fc67-46b3-968a-7c4232b5f651,2024/05/10 1:59 PM,2024-05-10,2024-05-10 18:59:00 UTC,Central Time (US & Canada),316477,tcouncil,Todd Council,2024-05-12 17:24:56 UTC,2024-05-14 13:44:49 UTC,research,CC-BY-NC,https://www.inaturalist.org/observations/215296375,https://inaturalist-open-data.s3.amazonaws.com/photos/380625169/medium.jpg,,"Bird, SPI SPI Birding Center, iNaturalist",,3,0,false,,05 SPI Birding Center,26.1382172432,-97.1746358266,329,,,,329,,open,false,,,Great Kiskadee,Pitangus sulphuratus,Bienteveo Común,Aves,16956
215638357,a83e92fb-6d50-4d1c-b2b8-f61962d6ae43,2024/05/12 8:23 AM,2024-05-12,2024-05-12 11:23:00 UTC,America/Argentina/Cordoba,144,trekman,Gustavo Fernando Durán,2024-05-14 03:26:36 UTC,2024-06-25 13:42:48 UTC,research,CC-BY-NC,https://www.inaturalist.org/observations/215638357,https://inaturalist-open-data.s3.amazonaws.com/photos/381181978/medium.jpeg,,"",,1,0,false,,"San Jeronimo Nte., Santa Fe, Argentina",-31.5509052441,-61.0676642384,1934,,,,1934,,,false,,,Benteveo,Pitangus sulphuratus,Bienteveo Común,Aves,16956
216404479,40e95cc8-675c-4b81-ab39-4d01f9fb785d,2024/05/17 7:51 AM,2024-05-17,2024-05-17 13:51:00 UTC,Mexico City,4287401,santiagocavi_,Santiago Canabal,2024-05-17 22:35:09 UTC,2024-06-11 02:37:42 UTC,research,CC-BY-NC,https://www.inaturalist.org/observations/216404479,https://inaturalist-open-data.s3.amazonaws.com/photos/382718432/medium.jpeg,,"","",2,0,false,,"Parque Tomás Garrido Canabal, Jesus Garcia, 86040 Villahermosa, Tab., México",17.9973759,-92.9388612,223,,,,223,,open,false,,,Luis Bienteveo,Pitangus sulphuratus,Bienteveo Común,Aves,16956
216469168,d5d6324c-2d39-4db8-8c42-52767fc6c97e,2024-04-10 14:37:38,2024-04-10,2024-04-10 19:37:38 UTC,Central Time (US & Canada),5632648,fl66,Frédéric LEVIEZ,2024-05-18 07:03:08 UTC,2024-05-23 21:54:00 UTC,research,CC-BY-NC,https://www.inaturalist.org/observations/216469168,https://inaturalist-open-data.s3.amazonaws.com/photos/382846900/medium.jpeg,,"",,4,0,false,2,"Álamo, Texas 78516, États-Unis",26.080625,-98.1394733333,,,,,,,open,false,gps,gps,Tyran quiquivi,Pitangus sulphuratus,Bienteveo Común,Aves,16956
217119621,d82e47c1-434d-4e81-b5c8-c0f0bc2c271d,2022-08-13 11:26:01-07:00,2022-08-13,2022-08-13 18:26:01 UTC,America/Hermosillo,65660,eric_hough,Eric Hough,2024-05-20 18:38:00 UTC,2024-05-20 22:52:07 UTC,research,CC-BY-NC,https://www.inaturalist.org/observations/217119621,https://inaturalist-open-data.s3.amazonaws.com/photos/384058148/medium.jpg,,"","",2,0,false,3,"Álamos, Son., MX",27.2221252698,-109.1111497433,154,,,,154,,open,false,,,Great Kiskadee,Pitangus sulphuratus,Bienteveo Común,Aves,16956
217149481,cac14ae2-e573-4fe0-ab37-ca6a9caf1863,2024-05-20 17:39:36-03:00,2024-05-20,2024-05-20 20:39:36 UTC,America/Argentina/Mendoza,6656219,jpbailey22,Janice P Bailey,2024-05-20 20:49:50 UTC,2024-06-23 17:46:47 UTC,research,CC-BY-NC,https://www.inaturalist.org/observations/217149481,https://inaturalist-open-data.s3.amazonaws.com/photos/384113317/medium.jpg,,"","",2,0,false,3,"Tunuyán, Mendoza, AR",-33.5891533333,-69.2203533333,4,,,,4,,,false,,,Great Kiskadee,Pitangus sulphuratus,Bienteveo Común,Aves,16956
219126942,48132d04-f12a-4b0e-b8cf-5c272410837f,2024/04/22 10:21 AM,2024-04-22,2024-04-22 15:21:00 UTC,Central Time (US & Canada),306180,tomdriscoll,Thomas A. Driscoll,2024-05-29 15:31:08 UTC,2024-07-11 15:34:54 UTC,research,,https://www.inaturalist.org/observations/219126942,https://static.inaturalist.org/photos/387819754/medium.jpeg,,"",,2,0,false,,"Cypress Island Preserve, 1264 Prairie Hwy, St Martinville, LA 70582, USA",30.2026981,-91.9003173,189,,,,189,,open,false,,,Great Kiskadee,Pitangus sulphuratus,Bienteveo Común,Aves,16956
222852115,981dd6be-f400-4a20-97cd-95fc3623b1c3,2024-06-13 12:38:45-06:00,2024-06-13,2024-06-13 18:38:45 UTC,America/Costa_Rica,8269628,matthew_fix,Matthew Fix,2024-06-15 13:39:22 UTC,2025-01-12 13:30:18 UTC,research,,https://www.inaturalist.org/observations/222852115,https://static.inaturalist.org/photos/394801259/medium.jpg,,"","",3,1,false,3,"San Carlos, Alajuela, CR",10.5058333333,-84.68888,3,,,,3,,open,false,,,Great Kiskadee,Pitangus sulphuratus,Bienteveo Común,Aves,16956
225734729,6fa47084-e2b3-4d68-a403-f9503b0958be,2024/06/28 7:36 AM,2024-06-28,2024-06-28 12:36:00 UTC,Central Time (US & Canada),3375513,blueberder,,2024-06-28 15:48:12 UTC,2024-06-28 16:05:30 UTC,research,CC-BY-NC,https://www.inaturalist.org/observations/225734729,https://inaturalist-open-data.s3.amazonaws.com/photos/400255119/medium.jpeg,,"","",1,0,false,,"Texas, US",29.4868283181,-95.1838152969,102,,,,29483,obscured,open,true,,,Great Kiskadee,Pitangus sulphuratus,Bienteveo Común,Aves,16956
228167574,8fd431e1-a86d-40a6-935a-f9bbde29d893,2024/06/15 9:37 AM,2024-06-15,2024-06-15 15:37:00 UTC,America/Costa_Rica,1654494,arman_,Arman,2024-07-09 03:24:18 UTC,2025-03-12 17:55:25 UTC,research,,https://www.inaturalist.org/observations/228167574,https://static.inaturalist.org/photos/404862809/medium.jpg,,"",,1,0,false,,"Puntarenas Province, Quepos, Costa Rica",9.4631612149,-84.2024782704,217,,,,217,,open,false,,,Great Kiskadee,Pitangus sulphuratus,Bienteveo Común,Aves,16956
228364158,39c5068b-5672-48ea-b57f-daac99fde8f4,2024-06-26 09:18:14,2024-06-26,2024-06-26 15:18:14 UTC,America/Merida,5264343,ivonne_b3,Ivonne Barrientos,2024-07-10 02:41:58 UTC,2024-07-12 07:58:50 UTC,research,CC-BY-NC,https://www.inaturalist.org/observations/228364158,https://inaturalist-open-data.s3.amazonaws.com/photos/405234427/medium.jpeg,,"",,1,0,false,2,"Sin Nombre de Col 27, 97302 Mérida, Yuc., México",21.0521092,-89.6261889,,,,,,,open,false,gps,gps,Bienteveo Común,Pitangus sulphuratus,Bienteveo Común,Aves,16956
229956654,7f0b461a-c8a0-4db9-a8d6-846271fb68bc,2024/07/10 16:59,2024-07-10,2024-07-10 19:59:00 UTC,Brasilia,5524468,gsbonfa,Gabriel Bonfa,2024-07-17 19:22:29 UTC,2025-09-05 03:24:50 UTC,research,CC-BY-NC-ND,https://www.inaturalist.org/observations/229956654,https://inaturalist-open-data.s3.amazonaws.com/photos/408246187/medium.jpg,,"",,1,0,false,,"Castelo - ES, Brasil",-20.473792395,-41.0654674551,4,,,,4,,open,false,,,Bem-te-vi,Pitangus sulphuratus,Bienteveo Común,Aves,16956
231743127,3e76aa65-c6cb-4aaa-9126-38f98589f8ea,2022/08/14 10:22 AM,2022-08-14,2022-08-14 13:22:00 UTC,America/Argentina/Cordoba,144,trekman,Gustavo Fernando Durán,2024-07-26 01:58:14 UTC,2024-07-26 09:42:33 UTC,research,CC-BY-NC,https://www.inaturalist.org/observations/231743127,https://inaturalist-open-data.s3.amazonaws.com/photos/411556705/medium.jpeg,,"",,1,0,false,,"San Jeronimo Nte., Santa Fe, Argentina",-31.5509418188,-61.0676213174,1934,,,,1934,,,false,,,Benteveo,Pitangus sulphuratus,Bienteveo Común,Aves,16956
231862788,d493e026-5b36-4f05-b4bf-2b54dc12b1e8,2024-07-26 10:38:20-05:00,2024-07-26,2024-07-26 15:38:20 UTC,Central Time (US & Canada),454838,lorimalloy,Lori Malloy,2024-07-26 17:43:02 UTC,2024-12-29 15:54:36 UTC,research,,https://www.inaturalist.org/observations/231862788,https://static.inaturalist.org/photos/411857897/medium.jpeg,,"","",3,0,false,3,"N Mayberry Rd, Palmhurst, TX, US",26.26438,-98.308445,,,,,,,open,false,,,Great Kiskadee,Pitangus sulphuratus,Bienteveo Común,Aves,16956
233021622,29a4850f-1405-4005-a7f4-cfdd19b83d98,2024/07/26 11:49 AM,2024-07-26,2024-07-26 14:49:00 UTC,America/Argentina/San_Luis,5564226,fedepana,Federico Panariello,2024-08-01 02:42:54 UTC,2024-08-01 20:56:44 UTC,research,,https://www.inaturalist.org/observations/233021622,https://static.inaturalist.org/photos/414059494/medium.jpeg,,"","",3,0,false,,"San Francisco del Monte de Oro, San Luis, Argentina",-32.6001667,-66.1253348,2386,,,,2386,,,false,,,Benteveo,Pitangus sulphuratus,Bienteveo Común,Aves,16956
233066686,32cc4b1b-876e-45e6-9cd6-e75daeba296e,2024/07/31 08:43,2024-07-31,2024-07-31 11:43:00 UTC,America/Maceio,2017235,eduardovieira17,"",2024-08-01 11:14:54 UTC,2024-08-01 17:43:23 UTC,research,CC-BY-NC,https://www.inaturalist.org/observations/233066686,https://inaturalist-open-data.s3.amazonaws.com/photos/414157008/medium.jpg,,"",,2,0,false,,AABB Maceió,-9.5469128269,-35.6218271794,307,,,,307,,open,false,,,Bem-te-vi,Pitangus sulphuratus maximiliani,,Aves,728691
233340227,2579c0f9-0966-4db6-bc37-56e733bb8ee0,2024-08-01 09:44:59,2024-08-01,2024-08-01 12:44:59 UTC,Brasilia,7479235,giovanna_roque,Giovanna Roque de Castro,2024-08-02 19:16:24 UTC,2024-08-21 03:35:34 UTC,research,CC-BY-SA,https://www.inaturalist.org/observations/233340227,https://inaturalist-open-data.s3.amazonaws.com/photos/414675470/medium.jpeg,,"","O encontrei no chão, de baixo dos carros. Era ainda um bebê porém parece ter tentado voar do ninho. Uma dupla de bem-te-vis adultos foram avistados no poste em frente, cantando
Provavelmente eram os pais.
Apenas o tirei do chão e o pus num local elevado, meu medo foi algum animal ou pessoa mal intencionada pegar ele, não o vi mais no final do dia.",1,0,false,2,"Irajá, Rio de Janeiro - RJ, 21235, Brasil",-22.8389293445,-43.3240273967,4,,,,4,,open,false,,,Bem-te-vi,Pitangus sulphuratus,Bienteveo Común,Aves,16956
234196346,80eb7bb3-7a8a-45e1-8d77-6a3244aa6cdf,2024/04/05 8:57 AM,2024-04-05,2024-04-05 14:57:00 UTC,Mexico City,2355877,monitoreo_vergel_de_bernalejo,"Monitoreo comunitario ""Vergel de Bernalejo""",2024-08-06 18:57:01 UTC,2025-01-08 17:49:06 UTC,research,CC-BY-NC,https://www.inaturalist.org/observations/234196346,https://inaturalist-open-data.s3.amazonaws.com/photos/416285616/medium.jpeg,,"","",2,0,false,,"San Luis de la Paz, Gto., México",21.5430573222,-100.3872394654,1765,,,,1765,,open,false,,,Luis Bienteveo,Pitangus sulphuratus,Bienteveo Común,Aves,16956
234504332,b2937656-9b1c-4554-8c30-8a9c526edadc,2024/08/01 14:48,2024-08-01,2024-08-01 17:48:00 UTC,America/Fortaleza,5335565,vinicius_s_domingues,,2024-08-08 12:44:07 UTC,2024-12-14 13:50:50 UTC,research,CC-BY,https://www.inaturalist.org/observations/234504332,https://inaturalist-open-data.s3.amazonaws.com/photos/416898003/medium.jpeg,,"",,1,0,false,,"Sítio Pau Preto, Sítio Pau Preto, Potengi - CE, 63160-000, Brasil",-7.0872317,-40.0820292,213,,,,213,,open,false,,,Bem-te-vi,Pitangus sulphuratus,Bienteveo Común,Aves,16956
235228393,f8729025-4144-4d58-8745-077cfa87e114,2024/08/11 08:52,2024-08-11,2024-08-11 11:52:00 UTC,Brasilia,3930990,grigolin,Grigolin,2024-08-11 23:15:05 UTC,2024-09-20 01:14:58 UTC,research,,https://www.inaturalist.org/observations/235228393,https://static.inaturalist.org/photos/418300162/medium.jpg,,"",,1,0,false,,"Jardim Botânico, Rio de Janeiro - RJ, Brasil",-22.966451077,-43.2273460838,4,,,,4,,open,false,,,Bem-te-vi,Pitangus sulphuratus,Bienteveo Común,Aves,16956
237176644,638a66e2-1ba8-4894-ab6c-00f1f2a5f8bc,2024/08/18 10:01 AM,2024-08-18,2024-08-18 15:01:00 UTC,Central Time (US & Canada),522920,nancynorman,"",2024-08-21 21:31:13 UTC,2024-08-22 16:48:58 UTC,research,,https://www.inaturalist.org/observations/237176644,https://static.inaturalist.org/photos/422057768/medium.jpg,,"",,2,0,false,,"Uvalde County, TX, USA",29.1209066667,-99.890465,,,,,,,open,false,,,Great Kiskadee,Pitangus sulphuratus,Bienteveo Común,Aves,16956
237313892,0e184932-1bb0-48a0-a507-e8a5090cb97b,2024/08/22 10:55 AM,2024-08-22,2024-08-22 15:55:00 UTC,Central Time (US & Canada),646750,a-tristis,Mike Stewart,2024-08-22 17:16:52 UTC,2024-11-19 06:49:31 UTC,research,CC-BY-NC,https://www.inaturalist.org/observations/237313892,https://inaturalist-open-data.s3.amazonaws.com/photos/422325089/medium.jpeg,,"",,3,0,false,,Alice,27.77012327,-98.059151066,1000,,,,1000,,open,false,,,Great Kiskadee,Pitangus sulphuratus,Bienteveo Común,Aves,16956
237624088,c3a5fda1-fdb0-4ae4-99f7-0920c40c5df5,2024/07/11 9:43 AM,2024-07-11,2024-07-11 15:43:00 UTC,America/Costa_Rica,2677078,bernicemitchener,"",2024-08-24 12:39:39 UTC,2024-10-03 13:26:13 UTC,research,CC-BY-NC,https://www.inaturalist.org/observations/237624088,https://inaturalist-open-data.s3.amazonaws.com/photos/422922466/medium.jpeg,,"",,3,1,false,,"Puntarenas Province, Quepos, Costa Rica",9.4024088164,-84.1525879847,85,,,,85,,open,false,,,Great Kiskadee,Pitangus sulphuratus,Bienteveo Común,Aves,16956
239871601,1fc08536-dc8b-4bd7-af4d-0333a5db2180,2024-09-04 15:30:00,2024-09-04,2024-09-04 18:30:00 UTC,Buenos Aires,8418477,laraferr,"",2024-09-04 22:18:32 UTC,2025-10-24 01:22:03 UTC,research,CC-BY-NC,https://www.inaturalist.org/observations/239871601,https://inaturalist-open-data.s3.amazonaws.com/photos/427276777/medium.jpeg,,"",Construcción de nido con su pareja. Presenta leucismo.,3,0,false,2,"Saavedra, Cdad. Autónoma de Buenos Aires, Argentina",-34.5609709146,-58.4972019866,12,,,,12,,,false,gps,gps,Bienteveo Común,Pitangus sulphuratus,Bienteveo Común,Aves,16956
241355609,a92a6012-bdd3-4553-8206-d69809189048,2019/06/17 10:35 AM,2019-06-17,2019-06-17 15:35:00 UTC,Central Time (US & Canada),740854,djlavor,Dan LaVorgna,2024-09-12 21:24:54 UTC,2024-09-25 19:43:49 UTC,research,,https://www.inaturalist.org/observations/241355609,https://static.inaturalist.org/photos/430137915/medium.jpg,,"",Note stout bill; bold striped black and white head; reddish-brown above; yellow underparts.,3,0,false,,"Texas, US",26.5082548487,-99.1542169283,,,,,29845,obscured,open,true,,,Great Kiskadee,Pitangus sulphuratus,Bienteveo Común,Aves,16956
242532314,f270da48-e719-4c9a-9153-6568d8dfe76b,2024/08/30 14:33,2024-08-30,2024-08-30 20:33:00 UTC,America/Merida,4752960,maximion,Maksymilian Wojtkiewicz,2024-09-18 18:14:30 UTC,2024-10-15 21:38:00 UTC,research,CC-BY-NC,https://www.inaturalist.org/observations/242532314,https://inaturalist-open-data.s3.amazonaws.com/photos/432370063/medium.jpeg,,"",,2,0,false,,"97751 Chichén-Itzá, Yucatan, Meksyk",20.6791438,-88.5683091,164,,,,164,,open,false,,,Bentewi wielki,Pitangus sulphuratus,Bienteveo Común,Aves,16956
243103759,d44bc0eb-895a-4888-bb12-38cff405a41a,2017/02/09 8:39 AM,2017-02-09,2017-02-09 14:39:00 UTC,Mexico City,7834292,t-ssly,,2024-09-21 15:19:20 UTC,2025-04-05 00:41:01 UTC,research,CC-BY-NC,https://www.inaturalist.org/observations/243103759,https://inaturalist-open-data.s3.amazonaws.com/photos/433445648/medium.jpeg,,"","",1,0,false,,"Westside of Tangolunda Golf Course, Oaxaca, Mexico",15.7776552774,-96.1065156665,31,,,,31,,open,false,,,Great Kiskadee,Pitangus sulphuratus,Bienteveo Común,Aves,16956
243906211,f19be372-4730-4bd0-9c3e-2b9d8f7217a7,2024/09/22 7:47 AM,2024-09-22,2024-09-22 10:47:00 UTC,America/Argentina/Cordoba,144,trekman,Gustavo Fernando Durán,2024-09-25 02:33:34 UTC,2024-09-25 20:50:22 UTC,research,CC-BY-NC,https://www.inaturalist.org/observations/243906211,https://inaturalist-open-data.s3.amazonaws.com/photos/435242978/medium.png,,"","",2,0,false,,"Las Colonias, Santa Fe, Argentina",-31.5412548673,-61.0703116392,712,,,,712,,,false,,,Benteveo,Pitangus sulphuratus,Bienteveo Común,Aves,16956
245968328,2928f917-6bc4-485a-bb46-138b2043537f,2024-10-06 09:44:00-06:00,2024-10-06,2024-10-06 15:44:00 UTC,Monterrey,8651889,natalie2008,,2024-10-06 15:45:46 UTC,2024-12-05 03:12:08 UTC,research,CC-BY-NC,https://www.inaturalist.org/observations/245968328,https://inaturalist-open-data.s3.amazonaws.com/photos/439016112/medium.jpeg,,"","",3,0,false,3,"Privada de Medeci, Monterrey, N.L., MX",25.7021750439,-100.3745193962,31,,,,31,,open,false,,,Great Kiskadee,Pitangus sulphuratus,Bienteveo Común,Aves,16956
247780240,d078b89d-8a21-4fe1-b48c-5f4c62e4cee6,2024/10/17 7:48 AM,2024-10-17,2024-10-17 13:48:00 UTC,America/Costa_Rica,6511369,leshibug,,2024-10-17 16:01:17 UTC,2025-04-06 02:12:40 UTC,research,CC-BY-NC,https://www.inaturalist.org/observations/247780240,https://inaturalist-open-data.s3.amazonaws.com/photos/442604798/medium.jpeg,,UVM Tropical Ecology,,1,0,false,,"Provincia de Puntarenas, Puerto Jiménez, Costa Rica",8.6058716553,-83.4427587513,500,,,,500,,open,false,,,Great Kiskadee,Pitangus sulphuratus,Bienteveo Común,Aves,16956
248935029,8487a9c3-92d6-49fd-bcf2-5d7390ccd528,2024-10-24 15:48:49,2024-10-24,2024-10-24 20:48:49 UTC,America/Rio_Branco,8431761,me_fernanda,,2024-10-24 21:03:59 UTC,2025-04-07 09:40:12 UTC,research,CC-BY-NC,https://www.inaturalist.org/observations/248935029,https://inaturalist-open-data.s3.amazonaws.com/photos/444896257/medium.jpeg,,"",,1,0,false,2,"Campus da Universidade Federal do Acre, Rio Branco - AC, 69911, Brasil",-9.959241,-67.870022,,,,,,,open,false,gps,gps,Bem-te-vi,Pitangus sulphuratus,Bienteveo Común,Aves,16956
250239542,e7c33bbc-b680-4a78-8a59-07214beb37da,2024/10/22 12:51 PM,2024-10-22,2024-10-22 17:51:00 UTC,Central Time (US & Canada),1667976,mnwild,"",2024-11-03 03:41:51 UTC,2025-08-13 14:49:05 UTC,research,CC-BY-NC,https://www.inaturalist.org/observations/250239542,https://inaturalist-open-data.s3.amazonaws.com/photos/447489569/medium.jpg,,"","Perched above pond, then swooped down and captured frog, landed on new perch, and appeared to be trying to shake off plant/algae bits before swallowing. You can see the frog leg and head in the mouth of the kiskadee.",1,0,false,,"Edinburg Scenic Wetlands & World Birding Center, 714 S Raul Longoria Rd, Edinburg, TX 78542, USA",26.2906495,-98.1352817,199,,,,199,,open,false,,,Great Kiskadee,Pitangus sulphuratus,Bienteveo Común,Aves,16956
250300666,4b38fd55-de7d-4f77-a26d-5d5a5a552bfc,2024-11-03 12:37:06,2024-11-03,2024-11-03 15:37:06 UTC,America/Fortaleza,8743219,olgapranto,Olga Pranto,2024-11-03 15:42:57 UTC,2024-11-04 12:21:33 UTC,research,,https://www.inaturalist.org/observations/250300666,https://static.inaturalist.org/photos/447622045/medium.jpeg,,"",,1,0,false,2,"Macaíba - RN, 59280-000, Brasil",-5.8806416832,-35.4510100186,5,,,,5,,open,false,gps,gps,Bem-te-vi,Pitangus sulphuratus,Bienteveo Común,Aves,16956
250492663,1f75c9bf-f2ec-4867-97ce-d59ddebe8d23,2024-11-04 16:04:31-06:00,2024-11-04,2024-11-04 22:04:31 UTC,Mexico City,3924813,rand_voorhies,Rand Voorhies,2024-11-04 22:04:47 UTC,2024-11-07 17:31:42 UTC,research,,https://www.inaturalist.org/observations/250492663,https://static.inaturalist.org/photos/448008970/medium.jpeg,,"","",1,0,false,3,"Petatlán, Gro., MX",17.45015176,-101.2479809238,5,,,,5,,open,false,,,Great Kiskadee,Pitangus sulphuratus,Bienteveo Común,Aves,16956
251451507,321c1007-aa92-4dc0-b07b-2b993fd516ff,2024-11-12 07:56:58,2024-11-12,2024-11-12 13:56:58 UTC,Mexico City,3844843,benavidesmz,Arturo Benavides Mendoza,2024-11-12 16:13:21 UTC,2026-03-16 15:23:35 UTC,research,CC-BY,https://www.inaturalist.org/observations/251451507,https://inaturalist-open-data.s3.amazonaws.com/photos/449924111/medium.jpeg,,"",,1,0,false,2,"Centro, MX-TB, MX",17.9920802599,-92.9753399749,648,,,,648,,open,false,gps,gps,Luis Bienteveo,Pitangus sulphuratus,Bienteveo Común,Aves,16956
251479764,3d838438-4847-4875-89f1-e9909febcf58,2024-11-12 14:30:00,2024-11-12,2024-11-12 17:30:00 UTC,Brasilia,5327638,misscoelho,Lin,2024-11-12 20:58:25 UTC,2025-04-11 13:09:18 UTC,research,CC-BY-NC,https://www.inaturalist.org/observations/251479764,https://inaturalist-open-data.s3.amazonaws.com/photos/449979351/medium.jpeg,,"",,1,0,false,2,"São Paulo, BR",-21.8441332185,-47.9523609629,1722,,,,30338,obscured,open,true,gps,gps,Great Kiskadee,Pitangus sulphuratus,Bienteveo Común,Aves,16956
251789158,226e942e-305c-4837-bfc0-8608ac3a6163,2024-11-07 06:02:20-05:00,2024-11-07,2024-11-07 11:02:20 UTC,Central Time (US & Canada),1113591,caseybirds,,2024-11-15 17:35:47 UTC,2025-01-19 09:59:07 UTC,research,,https://www.inaturalist.org/observations/251789158,https://static.inaturalist.org/photos/450597028/medium.jpeg,,"","",7,0,false,3,"Edinburg, TX, US",26.5905202708,-98.148687898,6133,,,,6133,,open,false,,,Great Kiskadee,Pitangus sulphuratus,Bienteveo Común,Aves,16956
252336247,2ccab109-be94-46a5-a466-41220ff90424,2024/11/19 8:28 AM,2024-11-19,2024-11-19 14:28:00 UTC,Mexico City,54220,aplomadobirdy,Big Birdy,2024-11-20 00:34:41 UTC,2024-11-22 02:46:11 UTC,research,CC-BY-NC-ND,https://www.inaturalist.org/observations/252336247,https://static.inaturalist.org/photos/451692691/medium.jpg,,"",,1,0,false,,"Reserva Territorial, Col. Santa Bárbara, Ver., México",19.5049209052,-96.8813935702,358,,,,358,,open,false,,,Bienteveo Común,Pitangus sulphuratus,Bienteveo Común,Aves,16956
252743095,d6b5a986-0439-4254-9d05-80b65fd1090d,2024/11/23 10:31 AM,2024-11-23,2024-11-23 16:31:00 UTC,Monterrey,6407160,edgarjoshua75,Joshua Lopez,2024-11-23 17:53:44 UTC,2025-04-12 19:06:51 UTC,research,CC-BY-NC,https://www.inaturalist.org/observations/252743095,https://inaturalist-open-data.s3.amazonaws.com/photos/452481431/medium.jpeg,,"","",1,0,false,,"65556 Villas Campestres, N.L., México",25.914888,-100.213451,,,,,,,open,false,,,Luis Bienteveo,Pitangus sulphuratus,Bienteveo Común,Aves,16956
253924566,e9a9aeb6-359a-4dac-a4ef-1602448a6d86,2024/12/01 11:44 AM,2024-12-01,2024-12-01 17:44:00 UTC,Mexico City,7631668,alberto_gb,Alberto,2024-12-02 20:30:26 UTC,2024-12-02 23:10:42 UTC,research,CC-BY-NC,https://www.inaturalist.org/observations/253924566,https://inaturalist-open-data.s3.amazonaws.com/photos/454726626/medium.jpeg,,"",,1,0,false,,"Córdoba, Ver., México",18.9212501118,-96.9241867517,71,,,,71,,open,false,,,Luis Bienteveo,Pitangus sulphuratus,Bienteveo Común,Aves,16956
254018353,9333d763-003c-43f3-a835-00a82dc0bda9,2024-12-03 14:25:10,2024-12-03,2024-12-03 17:25:10 UTC,America/Recife,7541060,davidhoermann,David Hörmann,2024-12-03 18:01:50 UTC,2024-12-06 14:43:45 UTC,research,CC-BY-NC,https://www.inaturalist.org/observations/254018353,https://inaturalist-open-data.s3.amazonaws.com/photos/454911340/medium.jpeg,,"",,3,1,false,2,"Universidade Federal de Pernambuco, 139 - Cidade Universitária, Recife - PE, 50730-120, Brasilien",-8.0513523571,-34.9480911344,24,,,,24,,open,false,gps,gps,Schwefeltyrann,Pitangus sulphuratus,Bienteveo Común,Aves,16956
254256329,0e3409e8-09a7-4489-99d1-40475817ed28,2024/12/05 1:32 PM,2024-12-05,2024-12-05 16:32:00 UTC,Montevideo,2857197,mumbled,RC,2024-12-06 00:29:18 UTC,2024-12-06 14:23:40 UTC,research,,https://www.inaturalist.org/observations/254256329,https://static.inaturalist.org/photos/455379602/medium.jpeg,,"",,2,0,false,,"Barrio Histórico, Col. del Sacramento, Departamento de Colonia, Uruguay",-34.4721162021,-57.8490502233,497,,,,497,,open,false,,,Great Kiskadee,Pitangus sulphuratus,Bienteveo Común,Aves,16956
255300304,9377eb8c-1d75-44c4-a845-f457478f05ea,2024-11-18 12:04:00-06:00,2024-11-18,2024-11-18 18:04:00 UTC,Mexico City,7297093,valerialagunes,,2024-12-16 16:05:13 UTC,2024-12-17 01:17:03 UTC,research,CC-BY-NC,https://www.inaturalist.org/observations/255300304,https://inaturalist-open-data.s3.amazonaws.com/photos/457496308/medium.jpg,,"","",2,0,false,3,"Calle 2, Córdoba, Ver., MX",18.8901739,-96.94009135,2336,,,,2336,,open,false,,,Bienteveo Común,Pitangus sulphuratus,Bienteveo Común,Aves,16956
256540221,a586b8d5-57ba-4a76-8f3a-ce0d004687e5,2024-12-28 10:22:29-05:00,2024-12-28,2024-12-28 15:22:29 UTC,Bogota,8848625,dollyyph,,2024-12-28 20:40:32 UTC,2025-04-17 05:18:15 UTC,research,CC-BY-NC,https://www.inaturalist.org/observations/256540221,https://inaturalist-open-data.s3.amazonaws.com/photos/459988708/medium.jpg,,"","",1,0,false,3,"San Diego, Girardota, Antioquia, CO",6.3847476453,-75.4279666832,779,,,,779,,open,false,,,Bienteveo Común,Pitangus sulphuratus,Bienteveo Común,Aves,16956
256555821,f009c5be-b73c-4a15-9e31-4b3bfe08b029,2024-12-27 20:20:18+03:00,2024-12-27,2024-12-27 17:20:18 UTC,America/Costa_Rica,7582503,steffen-scharrer,,2024-12-28 22:59:14 UTC,2024-12-29 00:15:40 UTC,research,CC-BY-NC,https://www.inaturalist.org/observations/256555821,https://inaturalist-open-data.s3.amazonaws.com/photos/460020095/medium.jpg,,"","",1,0,false,3,"Calle Urán, Pérez Zeledón, San José, CR",9.4678132234,-83.591479675,139,,,,139,,open,false,,,Schwefeltyrann,Pitangus sulphuratus,Bienteveo Común,Aves,16956
256588687,426f33b8-e70a-4e21-8f62-eeb68198ca00,2024-12-24 11:16:55-06:00,2024-12-24,2024-12-24 17:16:55 UTC,Central Time (US & Canada),8384945,fourpointadventures,,2024-12-29 04:54:59 UTC,2024-12-30 15:15:57 UTC,research,CC-BY-NC,https://www.inaturalist.org/observations/256588687,https://inaturalist-open-data.s3.amazonaws.com/photos/460089564/medium.jpg,,"","",3,0,false,3,"Salineno Rd, Roma, TX, US",26.5146891012,-99.1153047269,5,,,,5,,open,false,,,Great Kiskadee,Pitangus sulphuratus,Bienteveo Común,Aves,16956
256594592,e19ea38b-c199-44b4-a888-289c01e2f979,2024/12/22 12:17 PM,2024-12-22,2024-12-22 18:17:00 UTC,America/Merida,270397,panecillo,Jorge A. Pérez Torres,2024-12-29 06:14:35 UTC,2024-12-29 20:16:35 UTC,research,CC-BY-NC,https://www.inaturalist.org/observations/256594592,https://inaturalist-open-data.s3.amazonaws.com/photos/460099713/medium.jpeg,,"Animals, Birds, Mountains, Blur judgement:Wrong, Exposure judgement:Appropriate",,1,0,false,,"Mérida, Yuc., México",21.0926659494,-89.5973531788,23,,,,23,,open,false,,,Bienteveo Común,Pitangus sulphuratus,Bienteveo Común,Aves,16956
256594614,837c2239-56d6-4644-be49-4dd9b06d629b,2024/12/22 12:43 PM,2024-12-22,2024-12-22 18:43:00 UTC,America/Merida,270397,panecillo,Jorge A. Pérez Torres,2024-12-29 06:14:43 UTC,2024-12-29 21:38:09 UTC,research,CC-BY-NC,https://www.inaturalist.org/observations/256594614,https://inaturalist-open-data.s3.amazonaws.com/photos/460099756/medium.jpeg,,"Animals, Birds, Mountains, Blur judgement:Wrong, Exposure judgement:Appropriate",,1,0,false,,"Mérida, Yuc., México",21.0909841111,-89.5941745677,15,,,,15,,open,false,,,Bienteveo Común,Pitangus sulphuratus,Bienteveo Común,Aves,16956
256798985,2ad74b13-fef4-46da-b624-b7ce30cbb001,2024/12/05 5:50 PM,2024-12-05,2024-12-05 20:50:00 UTC,America/Argentina/Cordoba,8852739,frantom,Francisco,2024-12-30 20:51:03 UTC,2025-04-17 12:03:23 UTC,research,CC-BY-NC,https://www.inaturalist.org/observations/256798985,https://inaturalist-open-data.s3.amazonaws.com/photos/460510606/medium.jpg,,"",,1,0,false,,"Formosa, AR",-26.0869742136,-58.0204476288,434,,,,29891,obscured,,true,,,Bienteveo Común,Pitangus sulphuratus,Bienteveo Común,Aves,16956
256878269,92c4628c-15b3-46c5-aaad-af80a26e3c0d,2024-12-31 07:43:38,2024-12-31,2024-12-31 12:43:38 UTC,Bogota,5235266,catalina159,Catalina Ayala,2024-12-31 13:14:22 UTC,2025-01-07 17:15:27 UTC,research,CC-BY,https://www.inaturalist.org/observations/256878269,https://inaturalist-open-data.s3.amazonaws.com/photos/460671807/medium.jpeg,,"",,1,0,false,2,"Tres Esquinas, Sabaneta, Antioquia, Colombia",6.1461120725,-75.6221674383,47,,,,47,,open,false,gps,gps,Bichofué,Pitangus sulphuratus,Bienteveo Común,Aves,16956
257540119,6fceeeee-864e-47f4-b0a4-fd64e7238da2,2025-01-05 00:30:00,2025-01-05,2025-01-05 03:30:00 UTC,Montevideo,8862039,guada-wild,Guadalupe Devitta,2025-01-06 01:59:52 UTC,2026-03-21 14:23:19 UTC,research,,https://www.inaturalist.org/observations/257540119,https://static.inaturalist.org/photos/462023776/medium.jpeg,,"","ACLARACIÓN: las imágenes son propias.

El ave que muestras en las imágenes es conocida como Benteveo o Pitangus sulphuratus, también llamado ""bien-te-veo"".

Características:

Tamaño: Mide entre 22 y 25 cm de largo.

Coloración: Posee un pecho amarillo brillante, un dorso marrón, y una franja blanca que cruza su cabeza, con una corona negra y una línea blanca encima de los ojos.

Pico: Es fuerte y negro.

Distribución: Se encuentra ampliamente en América Latina, desde México hasta Argentina, y también en algunas áreas del sur de Estados Unidos.

Hábitat:

Vive en una variedad de entornos, como zonas urbanas, campos abiertos, selvas y cerca de cuerpos de agua.

Comportamiento:

Es un ave omnívora: se alimenta de insectos, frutas, pequeños vertebrados e incluso de peces.

Su canto característico suena como ""bien-te-veo,"" de donde deriva su nombre.

Curiosidad:

El Benteveo es conocido por su adaptabilidad a diferentes hábitats y su comportamiento audaz, a menudo visto cerca de humanos. Su canto es fuerte y distintivo, lo que lo hace fácil de identificar.

(Fuente: Chat Al)",3,0,false,2,,-32.8661068182,-55.8693251823,422422,,,,422422,obscured,open,true,gps,gps,Bienteveo Común,Pitangus sulphuratus,Bienteveo Común,Aves,16956
257660186,8284ebb0-eb43-44e0-a059-8ac2432768ba,2024/12/29 7:16 AM,2024-12-29,2024-12-29 10:16:00 UTC,America/Argentina/Cordoba,144,trekman,Gustavo Fernando Durán,2025-01-07 02:30:23 UTC,2025-04-11 10:18:22 UTC,research,CC-BY-NC,https://www.inaturalist.org/observations/257660186,https://inaturalist-open-data.s3.amazonaws.com/photos/462240704/medium.jpeg,,"",,1,0,false,,"San Jeronimo Nte., Santa Fe, Argentina",-31.5509783902,-61.0677929788,1934,,,,1934,,,false,,,Benteveo,Pitangus sulphuratus,Bienteveo Común,Aves,16956
257772447,ba939515-bf58-4941-84dd-dc83355d3c86,2025-01-07 14:04:52-04:00,2025-01-07,2025-01-07 18:04:52 UTC,America/Cancun,68344,c_wassmansdorf,C. Wassmansdorf,2025-01-08 05:28:11 UTC,2025-11-25 21:12:43 UTC,research,CC-BY-NC,https://www.inaturalist.org/observations/257772447,https://inaturalist-open-data.s3.amazonaws.com/photos/462465659/medium.jpg,,"","",2,0,false,3,"Parque Nacional Arrecifes de Cozumel, Cozumel, Q. Roo., MX",20.4091097904,-87.0168546548,14,,,,14,,open,false,,,Great Kiskadee,Pitangus sulphuratus,Bienteveo Común,Aves,16956
258756867,4624ad83-f416-448f-98c1-bfe635613eb6,2024-12-28 15:25:00-05:00,2024-12-28,2024-12-28 20:25:00 UTC,Mazatlan,6086433,shorb,emilia d,2025-01-17 17:51:48 UTC,2025-01-18 15:05:24 UTC,research,,https://www.inaturalist.org/observations/258756867,https://static.inaturalist.org/photos/464333562/medium.jpg,,"","Never seen a flycatcher eating fish, interesting behavior for sure.",5,0,false,3,"Mazatlán, MX-SI, MX",23.2326687693,-106.4316907476,60,,,,60,,open,false,,,Great Kiskadee,Pitangus sulphuratus,Bienteveo Común,Aves,16956
258783745,e54f26dd-0c31-4321-ba19-91db4bce9a16,2025/01/16 8:42 AM,2025-01-16,2025-01-16 14:42:00 UTC,Mexico City,2444377,paprikabrown,Margaret Brown,2025-01-17 23:42:31 UTC,2025-04-12 11:46:29 UTC,research,,https://www.inaturalist.org/observations/258783745,https://static.inaturalist.org/photos/464378703/medium.jpeg,,"",,1,0,false,,"Marina Vallarta, 48335 Puerto Vallarta, Jalisco, Mexico",20.6697296087,-105.2584465551,4,,,,4,,open,false,,,Great Kiskadee,Pitangus sulphuratus,Bienteveo Común,Aves,16956
259202936,1e6e2631-8ad3-463e-90cf-277b89dfe298,2025/01/20 11:28 AM,2025-01-20,2025-01-20 17:28:00 UTC,America/Merida,536291,trinchan,Luis Trinchan,2025-01-22 00:52:41 UTC,2025-01-26 16:34:22 UTC,research,CC-BY-NC,https://www.inaturalist.org/observations/259202936,https://inaturalist-open-data.s3.amazonaws.com/photos/465240315/medium.jpg,,"",,2,0,false,,"Carretera Merida-Campeche Km. 78, Hopelchen-Uman, 97890 Uxmal, Yuc., Mexico",20.3766403,-89.7713165,123,,,,123,,open,false,,,Luis Bienteveo,Pitangus sulphuratus,Bienteveo Común,Aves,16956
259782014,62f36e7d-a760-4c83-870f-cec583dda1fb,2007/05/04 9:49 PM,2007-05-04,2007-05-05 00:49:00 UTC,Atlantic/Bermuda,2411973,johnhorsfall,Dr John A Horsfall,2025-01-27 18:37:35 UTC,2025-04-14 04:22:38 UTC,research,,https://www.inaturalist.org/observations/259782014,https://static.inaturalist.org/photos/466407992/medium.jpg,,"",,1,0,false,,"Devonshire Parish, Bermuda",32.3083803434,-64.7590830688,343,,,,343,,open,false,,,Great Kiskadee,Pitangus sulphuratus,Bienteveo Común,Aves,16956
259898177,949cfd7b-7519-4799-96b5-ec6d890cadfd,2025/01/27 6:23 PM,2025-01-27,2025-01-28 00:23:00 UTC,Central Time (US & Canada),316477,tcouncil,Todd Council,2025-01-28 21:06:25 UTC,2025-01-30 19:05:47 UTC,research,CC-BY-NC,https://www.inaturalist.org/observations/259898177,https://inaturalist-open-data.s3.amazonaws.com/photos/466630783/medium.jpg,,"Bird, Facebook, SPI Convention Center, iNaturalist",,2,0,false,,"South Padre Island, TX, USA",26.1395332462,-97.1751602383,7,,,,7,,open,false,,,Great Kiskadee,Pitangus sulphuratus,Bienteveo Común,Aves,16956
259898183,ed4fbe4d-6104-45de-a78b-0e88a69fdbe7,2025/01/27 6:04 PM,2025-01-27,2025-01-28 00:04:00 UTC,Central Time (US & Canada),316477,tcouncil,Todd Council,2025-01-28 21:06:27 UTC,2025-01-30 19:05:19 UTC,research,CC-BY-NC,https://www.inaturalist.org/observations/259898183,https://inaturalist-open-data.s3.amazonaws.com/photos/466630810/medium.jpg,,"Bird, SPI Convention Center, iNaturalist",,2,0,false,,"Cameron County, TX, USA",26.1391795417,-97.1755922297,16,,,,16,,open,false,,,Great Kiskadee,Pitangus sulphuratus,Bienteveo Común,Aves,16956
260845448,9d3e155a-9262-43ca-afaa-1f157efc1843,2025/02/01 11:52 AM,2025-02-01,2025-02-01 17:52:00 UTC,Central Time (US & Canada),1659590,hwise01,Heather A. Wise,2025-02-06 22:38:31 UTC,2025-10-18 16:05:17 UTC,research,CC-BY-NC,https://www.inaturalist.org/observations/260845448,https://inaturalist-open-data.s3.amazonaws.com/photos/468507505/medium.jpg,,"",,5,0,false,,"Palmview South, TX 78572, USA",26.2173009987,-98.375293325,172,,,,172,,open,false,,,Great Kiskadee,Pitangus sulphuratus,Bienteveo Común,Aves,16956
261466456,f983a87a-2936-4e3e-81e3-147f9edce9a6,2025/01/27 1:30 PM,2025-01-27,2025-01-27 19:30:00 UTC,Central Time (US & Canada),1086516,krechols13,Kayla Echols,2025-02-12 19:08:26 UTC,2025-02-18 20:54:21 UTC,research,CC-BY-NC,https://www.inaturalist.org/observations/261466456,https://inaturalist-open-data.s3.amazonaws.com/photos/469740668/medium.jpg,,"",,3,0,false,,"Mission, TX, USA",26.1763422054,-98.3654010734,4,,,,4,,open,false,,,Great Kiskadee,Pitangus sulphuratus,Bienteveo Común,Aves,16956
261544039,e5f39da9-2861-4659-9e79-c62cfd0dc3f7,2025-02-13 09:06:43,2025-02-13,2025-02-13 15:06:43 UTC,America/Costa_Rica,8512480,lhphone,"",2025-02-13 15:48:45 UTC,2025-05-04 02:42:11 UTC,research,CC-BY-NC,https://www.inaturalist.org/observations/261544039,https://inaturalist-open-data.s3.amazonaws.com/photos/469896340/medium.jpeg,,"",It flew down to grab a small dry dog food kibble too.,1,0,false,2,"47JG+F9Q, Provincia de Puntarenas, Tajo Alto, Costa Rica",10.1312105753,-84.7239520401,558,,,,558,,open,false,gps,gps,Great Kiskadee,Pitangus sulphuratus,Bienteveo Común,Aves,16956
261630021,eed8c888-1e9a-49ed-be59-6374f82ea810,2024/05/07 12:11,2024-05-07,2024-05-07 18:11:00 UTC,America/Costa_Rica,5060,axel_hochkirch,Axel Hochkirch,2025-02-14 15:01:22 UTC,2025-10-11 13:32:07 UTC,research,CC-BY-NC,https://www.inaturalist.org/observations/261630021,https://inaturalist-open-data.s3.amazonaws.com/photos/470069689/medium.jpeg,,"",,1,0,false,,"Heredia Province, Sarapiqui, Costa Rica",10.4312533333,-84.0057116111,,,,,,,open,false,,,Schwefeltyrann,Pitangus sulphuratus,Bienteveo Común,Aves,16956
261872963,7470bce5-86be-4f5d-a49d-19070ebaacac,2025/02/16 07:33,2025-02-16,2025-02-16 10:33:00 UTC,Brasilia,8859944,ge_op,Geovane Pereira,2025-02-16 18:36:16 UTC,2025-04-16 01:19:25 UTC,research,,https://www.inaturalist.org/observations/261872963,https://static.inaturalist.org/photos/470553165/medium.jpg,,"",,1,0,false,,"Pagani, Palhoça - SC, Brasil",-27.6383588139,-48.688311867,2,,,,2,,open,false,,,Bem-te-vi,Pitangus sulphuratus,Bienteveo Común,Aves,16956
262478522,1f5a1afe-2edd-4528-ac18-db04698b6d3a,2025/02/09 9:57 AM,2025-02-09,2025-02-09 14:57:00 UTC,Bogota,684042,ricardo_sanchez,Ricardo Sánchez,2025-02-21 05:11:43 UTC,2025-05-06 03:37:05 UTC,research,CC-BY-NC,https://www.inaturalist.org/observations/262478522,https://inaturalist-open-data.s3.amazonaws.com/photos/471514692/medium.jpg,,"",,1,0,false,,"Aranjuez, Medellín, Aranjuez, Medellín, Antioquia, Colombia",6.2673107755,-75.5692998567,2,,,,2,,open,false,,,Bichofué,Pitangus sulphuratus,Bienteveo Común,Aves,16956
262866889,b41098fd-5f24-4c00-ab5c-a46ccfbf9750,2025/02/23 11:41 AM,2025-02-23,2025-02-23 17:41:00 UTC,Central Time (US & Canada),646750,a-tristis,Mike Stewart,2025-02-23 22:02:46 UTC,2025-03-13 11:08:28 UTC,research,CC-BY-NC,https://www.inaturalist.org/observations/262866889,https://inaturalist-open-data.s3.amazonaws.com/photos/472126034/medium.jpg,,"",,5,0,false,,Lake Findley,27.79246382,-98.0648320082,900,,,,900,,open,false,,,Great Kiskadee,Pitangus sulphuratus,Bienteveo Común,Aves,16956
263201201,88fe73db-1830-4f27-b3e6-bbf88b543a4e,2025-02-20 11:30:36,2025-02-20,2025-02-20 17:30:36 UTC,America/Matamoros,326404,juanvega,Juan Vega,2025-02-26 21:43:44 UTC,2025-02-26 23:01:58 UTC,research,,https://www.inaturalist.org/observations/263201201,https://static.inaturalist.org/photos/472794985/medium.jpeg,,"",,1,0,false,2,"88867 Tamps., México",25.9075436979,-98.5368862376,1956,,,,1956,,open,false,gps,gps,Bienteveo Común,Pitangus sulphuratus,Bienteveo Común,Aves,16956
263219254,6c13f43e-471d-4532-9604-9dff400e70ad,2025/02/16 08:47,2025-02-16,2025-02-16 11:47:00 UTC,Brasilia,8859132,luciano_silveira,Luciano Silveira,2025-02-27 00:58:55 UTC,2025-04-17 10:39:07 UTC,research,,https://www.inaturalist.org/observations/263219254,https://static.inaturalist.org/photos/472828946/medium.jpg,,"",,1,0,false,,"Hípica, Porto Alegre - RS, Brasil",-30.1612220895,-51.1753723019,15,,,,15,,open,false,,,Bem-te-vi,Pitangus sulphuratus,Bienteveo Común,Aves,16956
263805495,d3ac1cfb-9972-4600-8875-2fb08318ddbd,2025/03/03 17:58,2025-03-03,2025-03-03 20:58:00 UTC,Brasilia,8751554,pedrotterres,Pedro T. Terres,2025-03-03 22:13:05 UTC,2025-04-11 06:30:27 UTC,research,CC0,https://www.inaturalist.org/observations/263805495,https://inaturalist-open-data.s3.amazonaws.com/photos/473982912/medium.jpeg,,"","",1,0,false,,"Paulínia, SP, Brasil",-22.7410533,-47.1743007,6086,,,,6086,,open,false,,,Bem-te-vi,Pitangus sulphuratus,Bienteveo Común,Aves,16956
264428654,b207c624-2b13-4f28-9239-ef81e67d848f,2025/03/05 17:47,2025-03-05,2025-03-05 20:47:00 UTC,Brasilia,8859944,ge_op,Geovane Pereira,2025-03-08 00:30:14 UTC,2025-04-11 17:03:02 UTC,research,,https://www.inaturalist.org/observations/264428654,https://static.inaturalist.org/photos/474837447/medium.jpg,,"",,1,0,false,,"Cidade Universitária Pedra Branca, Palhoça - SC, Brasil",-27.6268484603,-48.6801442585,2,,,,2,,open,false,,,Bem-te-vi,Pitangus sulphuratus,Bienteveo Común,Aves,16956
264570942,24a5d2fd-e7c5-47ad-ae28-81b82155267a,2025/02/27 3:42 PM,2025-02-27,2025-02-27 21:42:00 UTC,America/Merida,536291,trinchan,Luis Trinchan,2025-03-08 22:00:27 UTC,2025-03-26 07:51:32 UTC,research,CC-BY-NC,https://www.inaturalist.org/observations/264570942,https://inaturalist-open-data.s3.amazonaws.com/photos/475082220/medium.jpg,,"",,3,0,false,,"Calakmul Municipality, Campeche, Mexico",18.5168998413,-89.4843910185,204,,,,204,,open,false,,,Luis Bienteveo,Pitangus sulphuratus,Bienteveo Común,Aves,16956
264782423,2dc92fcb-d521-4cd9-a9cb-a430f2a4e50d,2025-03-04 08:00:33,2025-03-04,2025-03-04 13:00:33 UTC,America/Cancun,5424369,drakedevel,Andrew Drake,2025-03-10 09:05:52 UTC,2026-02-17 22:19:22 UTC,research,CC-BY,https://www.inaturalist.org/observations/264782423,https://inaturalist-open-data.s3.amazonaws.com/photos/475498303/medium.jpeg,,"",,1,0,false,2,"77734 Grand Palladium, Q.R., Mexico",20.4447583333,-87.2875638889,,,,,,,open,false,gps,gps,Great Kiskadee,Pitangus sulphuratus,Bienteveo Común,Aves,16956
265061919,c9aa2832-f879-4ac5-929c-0db710ae3882,2025/02/23 11:45 AM,2025-02-23,2025-02-23 17:45:00 UTC,Central Time (US & Canada),316477,tcouncil,Todd Council,2025-03-12 16:18:17 UTC,2025-03-13 20:09:21 UTC,research,CC-BY-NC,https://www.inaturalist.org/observations/265061919,https://inaturalist-open-data.s3.amazonaws.com/photos/476041432/medium.jpg,,"Facebook, Instagram, SPI Birding and Nature Center, iNaturalist",,2,0,false,,"South Padre Island, TX, USA",26.1373820302,-97.1741208153,7,,,,7,,open,false,,,Great Kiskadee,Pitangus sulphuratus,Bienteveo Común,Aves,16956
265817307,8b50c063-2bd1-4760-b600-20e0ecee2bad,2018/04/17 10:58 AM,2018-04-17,2018-04-17 16:58:00 UTC,America/Costa_Rica,8203656,jane_tours,Jane Kempler &amp; Andrew Goldby Freelance,2025-03-18 12:19:43 UTC,2025-04-14 10:39:02 UTC,research,CC-BY-NC-ND,https://www.inaturalist.org/observations/265817307,https://inaturalist-open-data.s3.amazonaws.com/photos/477530874/medium.jpg,,"Arenal Observatory Lodge, Bird, Costa Rica, Great Kiskadee, North America, Passeriformes, Pitangus sulphuratus, Tyrannidae, Tyrant Flycatchers, _Animal, _Location",,1,0,false,,"Alajuela Province, San Carlos, Costa Rica",10.43154047,-84.7061084917,,,,,,,open,false,,,Great Kiskadee,Pitangus sulphuratus,Bienteveo Común,Aves,16956
266150234,d2a29659-513a-499a-bdb5-f18485f41622,2025-03-20 16:10:22,2025-03-20,2025-03-20 21:10:22 UTC,Bogota,8805870,oswaldoscytalopus,Oswaldo Urrea,2025-03-20 21:22:07 UTC,2025-04-13 09:37:28 UTC,research,,https://www.inaturalist.org/observations/266150234,https://static.inaturalist.org/photos/478170416/medium.jpeg,,"",Bichofue,1,0,false,2,"89RW+HV, Bello, San Felix, Bello, Antioquia, Colombia",6.3427745732,-75.6040940434,436,,,,436,,open,false,gps,gps,Bienteveo Común,Pitangus sulphuratus,Bienteveo Común,Aves,16956
266172723,913d4b39-6f9f-4db9-93b7-399b4f3f9504,2025/03/18 07:45,2025-03-18,2025-03-18 10:45:00 UTC,Brasilia,8859944,ge_op,Geovane Pereira,2025-03-21 01:05:46 UTC,2025-04-13 10:07:02 UTC,research,,https://www.inaturalist.org/observations/266172723,https://static.inaturalist.org/photos/478206800/medium.jpg,,"",,1,0,false,,"Imbé, RS, Brasil",-29.9640122992,-50.1195529523,2,,,,2,,open,false,,,Bem-te-vi,Pitangus sulphuratus,Bienteveo Común,Aves,16956
267013005,7be758ed-d00a-4974-af73-478355d2366f,2025/03/20 7:22 AM,2025-03-20,2025-03-20 13:22:00 UTC,Monterrey,127156,panza_rayada,Roberto González,2025-03-26 06:39:31 UTC,2025-03-26 23:23:14 UTC,research,CC-BY-NC,https://www.inaturalist.org/observations/267013005,https://inaturalist-open-data.s3.amazonaws.com/photos/479777171/medium.jpeg,,"",,1,0,false,,"65150 Bustamante, N.L., México",26.5406647801,-100.50751597,,,,,,,open,false,,,Luis Bienteveo,Pitangus sulphuratus,Bienteveo Común,Aves,16956
267457673,da997696-d3ee-45d3-bfa8-004c717f4c0e,2025/03/28 1:21 PM,2025-03-28,2025-03-28 18:21:00 UTC,Central Time (US & Canada),1109260,puffin21,Michael Orgill,2025-03-29 04:39:53 UTC,2025-04-01 22:44:18 UTC,research,CC-BY-NC,https://www.inaturalist.org/observations/267457673,https://inaturalist-open-data.s3.amazonaws.com/photos/480649302/medium.jpeg,,"",,4,0,false,,"South Side, Corpus Christi, TX, USA",27.6492559547,-97.3939171539,4,,,,4,,open,false,,,Great Kiskadee,Pitangus sulphuratus,Bienteveo Común,Aves,16956
269518884,79b1761b-45b6-4a8b-9a07-bd75464f0817,2025/04/09 7:35 AM,2025-04-09,2025-04-09 13:35:00 UTC,America/Merida,3609704,criscatz,Cristina Cauich-Tzab,2025-04-09 21:06:36 UTC,2025-04-11 16:55:51 UTC,research,,https://www.inaturalist.org/observations/269518884,https://static.inaturalist.org/photos/484603223/medium.jpeg,,"",,2,0,false,,"97377 Tekik de Regil, Yuc., México",20.8170671211,-89.5605934968,1201,,,,1201,,open,false,,,Luis Bienteveo,Pitangus sulphuratus,Bienteveo Común,Aves,16956
269772831,0133aa71-6639-4115-9acb-13b78a4eecbd,2021/10/31 13:32,2021-10-31,2021-10-31 19:32:00 UTC,America/Costa_Rica,3388680,bernis-bilderwelt_de,Bernd Dietrich,2025-04-11 12:16:50 UTC,2025-04-11 15:24:49 UTC,research,CC-BY-NC,https://www.inaturalist.org/observations/269772831,https://inaturalist-open-data.s3.amazonaws.com/photos/485095013/medium.jpg,,"Great Kiskadee, Pitangus sulphuratus, Schwefelmaskentyrann, Schwefeltyrann",,1,0,false,,"Limón, Siquirres, Costa Rica",10.2088181999,-83.27406084,,,,,,,open,false,,,Schwefeltyrann,Pitangus sulphuratus,Bienteveo Común,Aves,16956
269937144,e6bc2864-ccb0-4b53-90a8-331eca5eeba7,2025-04-11 06:36:56,2025-04-11,2025-04-11 11:36:56 UTC,Bogota,6690133,jeslopez,David Lopez,2025-04-12 10:31:32 UTC,2025-08-26 18:42:05 UTC,research,CC-BY-NC,https://www.inaturalist.org/observations/269937144,https://inaturalist-open-data.s3.amazonaws.com/photos/485407561/medium.jpeg,,"",,1,0,false,2,"Comuna 3 San Francisco, Alarcón, Bucaramanga, Santander, Colombia",7.14072,-73.1204316667,,,,,,,open,false,gps,gps,Bichofué,Pitangus sulphuratus,Bienteveo Común,Aves,16956
270223250,5610690c-d653-4599-9223-fdd5d9e59927,2025-02-24 10:58:28-03:00,2025-02-24,2025-02-24 13:58:28 UTC,Brasilia,8055434,gabicarvalho,Gabriela Carvalho Cunha,2025-04-13 16:35:49 UTC,2025-05-07 23:04:09 UTC,research,CC-BY-NC,https://www.inaturalist.org/observations/270223250,https://inaturalist-open-data.s3.amazonaws.com/photos/485946228/medium.jpg,,"","",1,0,false,3,"Vila Industrial, Jaboticabal, SP, BR",-21.241025,-48.289895,7,,,,7,,open,false,,,Bem-te-vi,Pitangus sulphuratus,Bienteveo Común,Aves,16956
270237556,e7154ac4-7ea4-4c87-921c-7bdcd209c576,2025/03/22 1:35 PM,2025-03-22,2025-03-22 19:35:00 UTC,Mexico City,192635,jartigas,Juan Miguel Artigas Azas,2025-04-13 17:38:10 UTC,2025-04-13 21:47:50 UTC,research,,https://www.inaturalist.org/observations/270237556,https://static.inaturalist.org/photos/485973632/medium.jpg,,"","",1,0,false,,"Tezonapa, Ver., Mexico",18.5711983333,-96.7294033333,,,,,,,open,false,,,Great Kiskadee,Pitangus sulphuratus,Bienteveo Común,Aves,16956
271505581,3abcc8c1-f5d4-491c-a5c9-9a028858f58e,2025/04/13 11:28 AM,2025-04-13,2025-04-13 17:28:00 UTC,Mexico City,233376,gabriel_perez_villazana,Gabriel Alejandro Pérez Villazana,2025-04-19 18:29:27 UTC,2025-05-01 17:59:22 UTC,research,,https://www.inaturalist.org/observations/271505581,https://static.inaturalist.org/photos/488376182/medium.jpeg,,"",,4,1,false,,"San Jose, 55654 Tequixquiac, Méx., México",19.9059470949,-99.123955414,4,,,,4,,open,false,,,Luis Bienteveo,Pitangus sulphuratus,Bienteveo Común,Aves,16956
271873627,4c92cd96-aeee-4cba-af9f-e88590c9c8af,2025/04/19 11:01,2025-04-19,2025-04-19 14:01:00 UTC,Brasilia,8859944,ge_op,Geovane Pereira,2025-04-21 02:23:50 UTC,2025-04-21 20:51:02 UTC,research,,https://www.inaturalist.org/observations/271873627,https://static.inaturalist.org/photos/489052157/medium.jpg,,"",,1,0,false,,"Itacorubi, Florianópolis - SC, Brasil",-27.5821382407,-48.5069980001,1,,,,1,,open,false,,,Bem-te-vi,Pitangus sulphuratus,Bienteveo Común,Aves,16956
272283738,2ff2b2e9-10a9-477e-aa7e-79b0ec958334,2025/04/20 2:53 PM,2025-04-20,2025-04-20 19:53:00 UTC,Central Time (US & Canada),1659590,hwise01,Heather A. Wise,2025-04-22 20:25:55 UTC,2025-04-26 11:08:07 UTC,research,CC-BY-NC,https://www.inaturalist.org/observations/272283738,https://inaturalist-open-data.s3.amazonaws.com/photos/489848332/medium.jpg,,"",,4,0,false,,"Palmview, TX, USA",26.2175287812,-98.3766885916,4,,,,4,,open,false,,,Great Kiskadee,Pitangus sulphuratus,Bienteveo Común,Aves,16956
272504570,b4f96896-992b-4907-84da-84a748bd5a7d,2025-04-22 18:53:36,2025-04-22,2025-04-22 21:53:36 UTC,Brasilia,9178593,ana94475,ana,2025-04-23 18:57:12 UTC,2025-05-29 09:52:50 UTC,research,CC-BY-NC,https://www.inaturalist.org/observations/272504570,https://inaturalist-open-data.s3.amazonaws.com/photos/490261953/medium.jpg,,"",,2,0,false,843,"Distrito Federal, Brasília, BR",-15.9405281366,-47.955433312,350,,,,350,,open,false,,,Great Kiskadee,Pitangus sulphuratus,Bienteveo Común,Aves,16956
272722855,58a95eea-7314-4a4a-a483-14e9fc9d7c1f,2025/04/20 5:55 PM,2025-04-20,2025-04-20 23:55:00 UTC,Mexico City,8233,carlos2,Carlos Galindo-Leal,2025-04-24 16:51:25 UTC,2025-06-01 00:51:14 UTC,research,CC-BY-NC,https://www.inaturalist.org/observations/272722855,https://inaturalist-open-data.s3.amazonaws.com/photos/490021186/medium.jpeg,,"","",2,0,false,,"P Chahue, 70987 Crucecita, Oax., México",15.7581398201,-96.1246296818,142,,,,142,,open,false,,,Luis Bienteveo,Pitangus sulphuratus,Bienteveo Común,Aves,16956
272780967,c8297d5e-dcaf-4830-9dcc-2d857945c936,2025/04/19 09:11,2025-04-19,2025-04-19 12:11:00 UTC,America/Maceio,2017235,eduardovieira17,"",2025-04-24 21:00:49 UTC,2025-04-29 13:40:00 UTC,research,CC-BY-NC,https://www.inaturalist.org/observations/272780967,https://inaturalist-open-data.s3.amazonaws.com/photos/490761212/medium.jpg,,"",,5,0,false,,"União dos Palmares - AL, Brasil",-9.1733466204,-35.998771052,15,,,,15,,open,false,,,Bem-te-vi,Pitangus sulphuratus maximiliani,,Aves,728691
274261082,478fb91a-cca7-4264-82cc-5fe996999a50,2025-04-26 12:51:33,2025-04-26,2025-04-26 15:51:33 UTC,Montevideo,9036766,walter92480,Walter Delgado,2025-04-27 00:16:22 UTC,2025-04-27 21:41:23 UTC,research,CC-BY-NC,https://www.inaturalist.org/observations/274261082,https://inaturalist-open-data.s3.amazonaws.com/photos/493092024/medium.jpeg,,"",,2,0,false,2,"n.a337, UY-MA, UY",-34.782825,-54.9088333333,,,,,,,open,false,gps,gps,Bienteveo Común,Pitangus sulphuratus,Bienteveo Común,Aves,16956
274773803,16e02383-129b-44c2-9e96-8cf79e0f72a1,2025/04/26 7:48 AM,2025-04-26,2025-04-26 12:48:00 UTC,Central Time (US & Canada),3770731,cdsanders,Chris Sanders,2025-04-27 15:57:51 UTC,2025-04-27 16:02:06 UTC,research,CC-BY-NC,https://www.inaturalist.org/observations/274773803,https://inaturalist-open-data.s3.amazonaws.com/photos/493885984/medium.jpeg,,"",,1,0,false,,"Linn, TX, USA",26.5074517777,-98.1874610003,2,,,,2,,open,false,,,Great Kiskadee,Pitangus sulphuratus,Bienteveo Común,Aves,16956
275060591,5e614cba-b1b6-4d5d-bef0-d61f2df42ec9,2025/04/26 11:18 AM,2025-04-26,2025-04-26 14:18:00 UTC,Montevideo,2437064,rochanaturaleza,Martin Abreu,2025-04-27 21:26:24 UTC,2026-02-13 02:48:17 UTC,research,,https://www.inaturalist.org/observations/275060591,https://static.inaturalist.org/photos/494324642/medium.jpg,,"",,4,0,false,,"Departamento de Rocha, Uruguay",-33.9776953577,-53.5554629651,244,,,,244,,open,false,,,Benteveo,Pitangus sulphuratus,Bienteveo Común,Aves,16956
275153009,4338952f-64c3-428d-ac19-ff78579869fd,2025-04-27 17:30:54,2025-04-27,2025-04-27 22:30:54 UTC,Bogota,8805870,oswaldoscytalopus,Oswaldo Urrea,2025-04-27 23:17:09 UTC,2025-05-01 01:16:54 UTC,research,,https://www.inaturalist.org/observations/275153009,https://static.inaturalist.org/photos/494490839/medium.jpeg,,"",,2,0,false,2,"89RW+HV, Bello, San Felix, Bello, Antioquia, Colombia",6.3425276543,-75.6040672213,565,,,,565,,open,false,gps,gps,Bienteveo Común,Pitangus sulphuratus,Bienteveo Común,Aves,16956
281941584,58427ee7-c593-4fd2-a6de-6ce25dfda78a,2025/05/17 12:42,2025-05-17,2025-05-17 17:42:00 UTC,America/Panama,9269237,vivekaocherik,,2025-05-18 00:59:42 UTC,2025-05-18 22:44:55 UTC,research,CC-BY-NC,https://www.inaturalist.org/observations/281941584,https://inaturalist-open-data.s3.amazonaws.com/photos/506504237/medium.jpg,,Panama,,2,0,false,,"San Carlos, Provincia de Panamá Oeste, Panama",8.4473009016,-79.9973327614,378,,,,378,,open,false,,,Större kiskadi,Pitangus sulphuratus,Bienteveo Común,Aves,16956
282888685,b2194f52-2261-4a69-ba4e-00279b3ee36e,2024/12/24 8:54 AM,2024-12-24,2024-12-24 14:54:00 UTC,America/Matamoros,9335098,eldraggon,El Dragon de Cuera,2025-05-21 14:09:13 UTC,2025-05-27 23:18:05 UTC,research,"",https://www.inaturalist.org/observations/282888685,https://inaturalist-open-data.s3.amazonaws.com/photos/508275956/medium.jpg,,"",Observación a 5 metros,3,0,false,,"Nuevo Laredo, MX-TM, MX",27.427712,-99.50137,1718,,,,1718,,open,false,,,Bienteveo Común,Pitangus sulphuratus,Bienteveo Común,Aves,16956
283280988,eb86b1ef-6c00-44c0-bab4-2ad018467e1d,2025-05-17 13:30:53,2025-05-17,2025-05-17 16:30:53 UTC,America/Argentina/Cordoba,8400644,matiasalmada13,Matías Almada,2025-05-23 01:59:59 UTC,2025-06-01 17:17:49 UTC,research,CC-BY-NC,https://www.inaturalist.org/observations/283280988,https://inaturalist-open-data.s3.amazonaws.com/photos/509001060/medium.jpg,,"",,3,0,false,2,"MXP9+34, La Ramada, Córdoba, Argentina",-32.3136603761,-65.0308562815,71,,,,71,,,false,gps,gps,Bienteveo Común,Pitangus sulphuratus,Bienteveo Común,Aves,16956
283954299,1ae01cd3-a52c-490b-bc75-0ceaba4e795c,2025-05-25 09:26:58,2025-05-25,2025-05-25 14:26:58 UTC,Central Time (US & Canada),6509946,shearwaters,Shearwaters,2025-05-25 14:36:46 UTC,2025-05-25 17:58:18 UTC,research,CC-BY,https://www.inaturalist.org/observations/283954299,https://inaturalist-open-data.s3.amazonaws.com/photos/510266577/medium.jpg,,"",,2,0,false,2,"Hidalgo County, US-TX, US",26.1236165913,-97.9577436671,5,,,,5,,open,false,gps,gps,Great Kiskadee,Pitangus sulphuratus,Bienteveo Común,Aves,16956
284599487,75c7be6d-a319-4438-8d55-13a43960360a,2025-05-27,2025-05-27,,America/Port_of_Spain,8983971,rishelle,Rishelle,2025-05-27 17:26:03 UTC,2025-06-11 07:27:02 UTC,research,CC-BY-NC,https://www.inaturalist.org/observations/284599487,https://inaturalist-open-data.s3.amazonaws.com/photos/511489272/medium.jpg,,"",,3,0,false,2,"JMM3+75Q, Trincity, Trinidad and Tobago",10.633364228,-61.3470550999,85,,,,85,,open,false,,,Great Kiskadee,Pitangus sulphuratus,Bienteveo Común,Aves,16956
284945436,30241951-1950-40d7-aa19-9351668d1e2f,2025/05/28 16:07,2025-05-28,2025-05-28 19:07:00 UTC,America/Maceio,2017235,eduardovieira17,"",2025-05-29 00:03:00 UTC,2025-05-30 13:55:19 UTC,research,CC-BY-NC,https://www.inaturalist.org/observations/284945436,https://inaturalist-open-data.s3.amazonaws.com/photos/512142555/medium.jpg,,"","",3,0,false,,"Barra Nova, Mal. Deodoro - AL, 57160-000, Brasil",-9.7156433538,-35.8200350887,4,,,,4,,open,false,,,Bem-te-vi,Pitangus sulphuratus maximiliani,,Aves,728691
285496532,388a3587-fa6c-4e22-a074-23ef9babf53a,2025/05/30 4:36 PM,2025-05-30,2025-05-30 22:36:00 UTC,Mexico City,42662,huatulco,Jon Church,2025-05-31 01:42:42 UTC,2025-09-08 12:45:37 UTC,research,CC-BY-NC-SA,https://www.inaturalist.org/observations/285496532,https://static.inaturalist.org/photos/513169625/medium.jpg,,"",,1,0,false,,"70989 Residencial Conejos, Oax., Mexico",15.7682973854,-96.0765595107,61,,,,61,,open,false,,,Great Kiskadee,Pitangus sulphuratus,Bienteveo Común,Aves,16956
286521111,de3eae2d-40d0-4068-bf94-3994910aaea8,2025/06/02 2:01 PM,2025-06-02,2025-06-02 17:01:00 UTC,Buenos Aires,8053342,pablo_saibene,Pablo Saibene,2025-06-03 12:25:41 UTC,2025-06-13 12:09:39 UTC,research,CC-BY-NC,https://www.inaturalist.org/observations/286521111,https://inaturalist-open-data.s3.amazonaws.com/photos/515104252/medium.jpg,,"",,3,0,false,,"Escobar, Provincia de Buenos Aires, Argentina",-34.3035146019,-58.83998637,2,,,,2,,,false,,,Benteveo,Pitangus sulphuratus,Bienteveo Común,Aves,16956
286723986,bf4be36b-6e01-4edc-9fa8-6f1220ca3ca6,2025-06-03 18:47:46,2025-06-03,2025-06-03 23:47:46 UTC,Central Time (US & Canada),8884118,russellc32,Russell C,2025-06-04 05:14:27 UTC,2025-06-25 13:50:15 UTC,research,CC-BY-NC,https://www.inaturalist.org/observations/286723986,https://inaturalist-open-data.s3.amazonaws.com/photos/515490891/medium.jpg,https://static.inaturalist.org/sounds/1504425.wav?1749014981,"",Two (possibly 3) individuals heard calling. One photographed flying from a grove of willows (all these photos were in a burst of a few seconds). ,2,0,false,2,"Kemah, TX, USA",29.5272388889,-95.0227277778,,,,,,,open,false,gps,gps,Great Kiskadee,Pitangus sulphuratus,Bienteveo Común,Aves,16956
287379359,fccc904e-5964-4946-8ee8-ce3296858aeb,2025/05/31 9:19 AM,2025-05-31,2025-05-31 15:19:00 UTC,America/Costa_Rica,2042957,tshahan,Thomas Shahan,2025-06-06 19:19:15 UTC,2025-06-07 15:22:49 UTC,research,CC-BY-NC-ND,https://www.inaturalist.org/observations/287379359,https://inaturalist-open-data.s3.amazonaws.com/photos/516711748/medium.jpg,,"",,2,0,false,,"Golfito, CR-PU, CR",8.4130024443,-83.2314596804,15,,,,31279,obscured,open,true,,,Great Kiskadee,Pitangus sulphuratus,Bienteveo Común,Aves,16956
288211934,9c3cf64c-afc0-49c9-bab6-0c87c5f5ad91,2025/06/09 10:20,2025-06-09,2025-06-09 13:20:00 UTC,Brasilia,6032257,osiasfotografo,,2025-06-09 15:00:47 UTC,2025-06-09 16:22:51 UTC,research,,https://www.inaturalist.org/observations/288211934,https://static.inaturalist.org/photos/518279164/medium.jpg,,"",Fotografado na Univale.,1,0,false,,"Santos Dumont I, Gov. Valadares - MG, Brasil",-18.8446280219,-41.903720344,2,,,,2,,open,false,,,Bem-te-vi,Pitangus sulphuratus,Bienteveo Común,Aves,16956
289073758,ecc4c960-3eac-4fc7-98c7-4413725181a7,2025-05-31 16:14:48,2025-05-31,2025-05-31 21:14:48 UTC,America/Cancun,6381373,salazar_montes,Salazar Montes Juan Manuel,2025-06-12 18:59:01 UTC,2025-06-19 18:51:46 UTC,research,,https://www.inaturalist.org/observations/289073758,https://static.inaturalist.org/photos/519902846/medium.jpg,,"",,3,0,false,2,"77048 Chetumal, Q.R., México",18.5058795387,-88.3192285895,13,,,,13,,open,false,gps,gps,Great Kiskadee,Pitangus sulphuratus,Bienteveo Común,Aves,16956
289113394,7fb7c0f1-ca64-4fee-b101-ba286f417419,2025-06-11 15:57:46-03:00,2025-06-11,2025-06-11 18:57:46 UTC,Atlantic/Bermuda,2930764,tajmahogany,Jacob Tadje,2025-06-12 21:32:51 UTC,2025-07-15 01:48:08 UTC,research,,https://www.inaturalist.org/observations/289113394,https://static.inaturalist.org/photos/519973431/medium.jpg,,"","",4,1,false,3,"Marley Beach, Bermuda, BM",32.263755,-64.7970666667,15,,,,15,,open,false,,,Great Kiskadee,Pitangus sulphuratus,Bienteveo Común,Aves,16956
290278858,d7de433a-f487-40d6-a90d-4e9cca14603f,2025/06/04 08:18,2025-06-04,2025-06-04 12:18:00 UTC,America/Cuiaba,4154016,v_e_de_mendonca,Vítor Emídio de Mendonça,2025-06-17 00:24:51 UTC,2025-06-29 15:29:49 UTC,research,CC-BY-NC,https://www.inaturalist.org/observations/290278858,https://inaturalist-open-data.s3.amazonaws.com/photos/522175853/medium.jpg,,"",,2,0,false,,"Chapada dos Guimarães - MT, Brasil",-15.4400790911,-55.7530087539,15,,,,15,,open,false,,,Bem-te-vi,Pitangus sulphuratus,Bienteveo Común,Aves,16956
290281548,5fc44edf-c1ad-4500-a8de-bc7a04053941,Mon Jun 16 2025 13:06:14 GMT -0500 (GMT),2025-06-16,2025-06-16 18:06:14 UTC,Quito,4458097,thaven,,2025-06-17 00:37:05 UTC,2025-06-17 10:14:04 UTC,research,CC-BY-NC,https://www.inaturalist.org/observations/290281548,https://inaturalist-open-data.s3.amazonaws.com/photos/522183750/medium.jpg,,"",,1,0,false,333,"Tambopata, PE-MD, PE",-12.6051998138,-69.1346969604,59,,,,59,,open,false,,,Great Kiskadee,Pitangus sulphuratus,Bienteveo Común,Aves,16956
290926058,14ce8ce5-85e7-4ab1-80a7-d0202d8ed3f4,2025/03/25 09:45,2025-03-25,2025-03-25 13:45:00 UTC,America/Cuiaba,8158315,luanalobato,Luana Lobato,2025-06-19 13:45:58 UTC,2025-06-19 20:03:10 UTC,research,,https://www.inaturalist.org/observations/290926058,https://static.inaturalist.org/photos/523399529/medium.jpg,,"",,1,0,false,,"Carlinda, MT, 78587-000, Brasil",-9.9667509,-55.8232895,210,,,,210,,open,false,,,Bem-te-vi,Pitangus sulphuratus,Bienteveo Común,Aves,16956
291374227,bb7cfce9-3baa-4629-a5dc-cc3e116bf59e,2025-06-20 20:52:55,2025-06-20,2025-06-21 02:52:55 UTC,America/Costa_Rica,9454858,mcgoffin,Jeyrel Guevara,2025-06-21 02:53:10 UTC,2025-06-21 16:24:44 UTC,research,CC-BY-NC,https://www.inaturalist.org/observations/291374227,https://inaturalist-open-data.s3.amazonaws.com/photos/524243429/medium.jpg,,"",Creditos a la fotógrafa Angie Fernández Oviedo ,1,0,false,2,"666H+J24, Limón, Jiménez, Costa Rica",10.2133959105,-83.7717916444,9,,,,9,,open,false,,,Bienteveo Común,Pitangus sulphuratus,Bienteveo Común,Aves,16956
291910448,5e38cb73-9389-4d89-91ad-9bdbb6a33af4,2025-06-22 11:58:02,2025-06-22,2025-06-22 14:58:02 UTC,Brasilia,9232587,hachmann96,Erik Hackmann,2025-06-22 21:14:00 UTC,2025-10-28 19:10:27 UTC,research,CC-BY-NC,https://www.inaturalist.org/observations/291910448,https://inaturalist-open-data.s3.amazonaws.com/photos/525250664/medium.jpg,,"",,1,0,false,2,"Centro, Águas da Prata - SP, 13890-000, Brasil",-21.9332889722,-46.7131869722,,,,,,,open,false,gps,gps,Bem-te-vi,Pitangus sulphuratus,Bienteveo Común,Aves,16956
292221361,94605634-f887-4df5-a63d-2108f43b9837,2025-06-17 14:37:43-07:00,2025-06-17,2025-06-17 21:37:43 UTC,America/Costa_Rica,861881,chilipossum,Cricket Raspet,2025-06-23 23:46:10 UTC,2025-06-23 23:46:32 UTC,research,CC-BY,https://www.inaturalist.org/observations/292221361,https://inaturalist-open-data.s3.amazonaws.com/photos/525849821/medium.jpg,,"","",1,0,false,3,"Sarapiqui, Heredia, CR",10.4494533333,-84.0686778333,,,,,,,open,false,,,Great Kiskadee,Pitangus sulphuratus,Bienteveo Común,Aves,16956
295472579,8afc5c75-adb5-4300-828f-2ecdd83a9693,2025/07/05 10:31 AM,2025-07-05,2025-07-05 15:31:00 UTC,America/Cancun,2365143,mikesmora,Mike Mora (Biopostales),2025-07-05 19:18:14 UTC,2025-07-05 23:58:13 UTC,research,CC-BY-NC,https://www.inaturalist.org/observations/295472579,https://inaturalist-open-data.s3.amazonaws.com/photos/531921878/medium.jpg,,"",,1,0,false,,"Playa del Carmen, Quintana Roo, Mexico",20.6827963186,-87.070383224,230,,,,230,,open,false,,,Luis Bienteveo,Pitangus sulphuratus,Bienteveo Común,Aves,16956
296826185,7d4f670e-6596-405e-9ade-e92be502ee10,2025/07/06 7:42 AM,2025-07-06,2025-07-06 10:42:00 UTC,America/Maceio,6808554,letissena,Letícia S. de Sena,2025-07-10 18:45:51 UTC,2025-07-11 18:45:14 UTC,research,CC-BY-NC,https://www.inaturalist.org/observations/296826185,https://inaturalist-open-data.s3.amazonaws.com/photos/534509293/medium.jpg,,"",,2,0,false,,"Serraria, Maceió - AL, Brasil",-9.6051338,-35.7225452,3560,,,,3560,,open,false,,,Bem-te-vi,Pitangus sulphuratus,Bienteveo Común,Aves,16956
296848212,c3d33a77-fd8f-4be0-b656-06da84aaca20,2025-07-09 16:14:12-06:00,2025-07-09,2025-07-09 22:14:12 UTC,America/Belize,522189,jenni55,,2025-07-10 20:13:39 UTC,2025-07-19 18:19:28 UTC,research,,https://www.inaturalist.org/observations/296848212,https://static.inaturalist.org/photos/534552538/medium.jpg,,"","",2,0,false,3,"Belize, BZ",17.49238,-88.1830216667,4,,,,4,,open,false,,,Great Kiskadee,Pitangus sulphuratus,Bienteveo Común,Aves,16956
297910218,098ca07c-0679-4724-8f97-797dfe78bbea,2025/07/12 7:18 AM,2025-07-12,2025-07-12 12:18:00 UTC,America/Matamoros,9335098,eldraggon,El Dragon de Cuera,2025-07-14 15:25:35 UTC,2025-07-14 18:48:37 UTC,research,CC-BY-NC,https://www.inaturalist.org/observations/297910218,https://inaturalist-open-data.s3.amazonaws.com/photos/536561548/medium.jpg,,"","",1,0,false,,"Nuevo Laredo, Tamps., México",27.4285661115,-99.5024939913,902,,,,902,,open,false,,,Bienteveo Común,Pitangus sulphuratus,Bienteveo Común,Aves,16956
298272306,9849aae3-80a5-4318-83c4-e4d4039b4817,2025/07/15 11:06 AM,2025-07-15,2025-07-15 17:06:00 UTC,Mexico City,1085106,mexfantmaravilloso,Mexfant Maravilloso,2025-07-15 21:59:04 UTC,2025-07-16 22:22:53 UTC,research,CC-BY-NC,https://www.inaturalist.org/observations/298272306,https://inaturalist-open-data.s3.amazonaws.com/photos/537247096/medium.jpg,,"",,2,0,false,,"Bosque Pedagógico del Agua, 45140 Zapopan, Jal., México",20.7199209,-103.4100003,920,,,,920,,open,false,,,Luis Bienteveo,Pitangus sulphuratus,Bienteveo Común,Aves,16956
298738522,70efb61b-b860-4d6f-9665-293a1de52e38,2023-01-27 14:20:33,2023-01-27,2023-01-27 17:20:33 UTC,Montevideo,6282311,berni13,"",2025-07-17 18:53:19 UTC,2026-02-14 01:33:45 UTC,research,CC-BY-NC,https://www.inaturalist.org/observations/298738522,https://inaturalist-open-data.s3.amazonaws.com/photos/538143662/medium.jpg,,"",,5,0,false,2,"27000 Departamento Rocha, Uruguay",-34.5063424981,-54.34410844,34,,,,34,,open,false,gps,gps,Benteveo,Pitangus sulphuratus,Bienteveo Común,Aves,16956
300746224,7879e05f-e5ec-4f6a-bafa-7a80e17aca7e,2024/12/22 5:20 PM,2024-12-22,2024-12-22 23:20:00 UTC,America/Costa_Rica,7139692,cara94899,Cara Geschu,2025-07-24 18:55:32 UTC,2025-07-24 20:36:16 UTC,research,,https://www.inaturalist.org/observations/300746224,https://static.inaturalist.org/photos/541892629/medium.jpg,,"","",1,0,false,,"Alajuela Province, La Fortuna, Costa Rica",10.4707170866,-84.6317635553,291,,,,291,,open,false,,,Great Kiskadee,Pitangus sulphuratus,Bienteveo Común,Aves,16956
301515764,6ec0253e-0238-4f19-bd11-233a1cc55650,2025/07/01 16:00,2025-07-01,2025-07-01 22:00:00 UTC,America/Costa_Rica,9573703,wendydury,,2025-07-27 14:02:05 UTC,2025-07-29 16:42:15 UTC,research,CC-BY-NC,https://www.inaturalist.org/observations/301515764,https://inaturalist-open-data.s3.amazonaws.com/photos/543332579/medium.jpg,,"",,1,0,false,,"Heredia, Sarapiquí, Costa Rica",10.4526984,-84.0288179,5104,,,,5104,,open,false,,,Grote Kiskadie,Pitangus sulphuratus,Bienteveo Común,Aves,16956
301854779,c93c6d09-c6ee-4881-9fc1-1a094666d289,2025/07/24 09:24,2025-07-24,2025-07-24 12:24:00 UTC,Brasilia,6438748,marisco,"",2025-07-28 15:59:19 UTC,2025-07-28 20:06:14 UTC,research,CC-BY-NC,https://www.inaturalist.org/observations/301854779,https://inaturalist-open-data.s3.amazonaws.com/photos/543963999/medium.jpg,,"","",1,0,false,,"Vila Clementino, São Paulo - SP, Brasil",-23.5932060369,-46.6401300918,488,,,,488,,open,false,,,Bem-te-vi,Pitangus sulphuratus,Bienteveo Común,Aves,16956
304024439,e582dfa5-e338-44a0-963e-a0ea7837ce91,2025/08/02 16:32,2025-08-02,2025-08-02 19:32:00 UTC,Brasilia,8859944,ge_op,Geovane Pereira,2025-08-05 17:34:47 UTC,2025-12-11 09:37:05 UTC,research,,https://www.inaturalist.org/observations/304024439,https://static.inaturalist.org/photos/547987767/medium.jpg,,"Animals, Birds, Blur judgement:Appropriate, Exposure judgement:Appropriate",,3,0,false,,"Barra da Lagoa, Florianópolis - SC, Brasil",-27.5719579023,-48.4278881269,2,,,,2,,open,false,,,Bem-te-vi,Pitangus sulphuratus,Bienteveo Común,Aves,16956
304531807,6f7ac1ec-8cba-473d-8a12-8a5132c5c3ff,2024-09-30 12:34:53,2024-09-30,2024-09-30 15:34:53 UTC,Brasilia,8240278,pedrobio_,Pedro Lucas,2025-08-07 18:17:54 UTC,2025-09-05 00:28:16 UTC,research,CC-BY-NC,https://www.inaturalist.org/observations/304531807,https://inaturalist-open-data.s3.amazonaws.com/photos/548999591/medium.jpg,,"",Animal ficou preso dentro de uma loja e não tinha nenhum equipamento apropriado para tirar ele. ,1,0,false,2,"Bela Vista, São Paulo - SP, 01326, Brasil",-23.5554046618,-46.6456428543,1193,,,,1193,,open,false,gps,gps,Bem-te-vi,Pitangus sulphuratus,Bienteveo Común,Aves,16956
306706378,b37625c1-4e1a-4171-a444-121b1f54d26b,2025/08/12 5:36 AM,2025-08-12,2025-08-12 10:36:00 UTC,America/Cancun,536291,trinchan,Luis Trinchan,2025-08-16 11:55:03 UTC,2025-08-17 21:48:52 UTC,research,CC-BY-NC,https://www.inaturalist.org/observations/306706378,https://inaturalist-open-data.s3.amazonaws.com/photos/553131278/medium.jpg,,"",,2,0,false,,"Isla Mujeres, Quintana Roo, Mexico",21.3230717258,-86.806434296,78,,,,78,,open,false,,,Luis Bienteveo,Pitangus sulphuratus,Bienteveo Común,Aves,16956
307618443,a4df7cae-3121-4e15-9629-cc5349aa98e0,2023-08-26 11:57:56-06:00,2023-08-26,2023-08-26 17:57:56 UTC,America/Merida,4997953,esmegargal,Esmeralda,2025-08-19 22:34:20 UTC,2025-08-20 16:55:32 UTC,research,CC-BY-NC,https://www.inaturalist.org/observations/307618443,https://inaturalist-open-data.s3.amazonaws.com/photos/554880124/medium.jpg,,"","",2,0,false,3,"Animaya Zoo, Mérida, Yuc., MX",20.9840750019,-89.6909333333,15,,,,15,,open,false,,,Luis Bienteveo,Pitangus sulphuratus,Bienteveo Común,Aves,16956
308286978,80849cfb-49e7-45f2-8194-e66f04f09582,2025-08-21 15:53:39,2025-08-21,2025-08-21 18:53:39 UTC,America/Argentina/Cordoba,9649561,elias_emir,Elías Emir Villarreal,2025-08-22 21:44:10 UTC,2025-08-30 17:09:37 UTC,research,CC-BY-NC,https://www.inaturalist.org/observations/308286978,https://inaturalist-open-data.s3.amazonaws.com/photos/556176041/medium.jpg,,"",,4,0,false,2,"Cdad. Universitaria, X5000 Córdoba, Argentina",-31.4355861861,-64.1938585415,135,,,,135,,,false,gps,gps,Bienteveo Común,Pitangus sulphuratus,Bienteveo Común,Aves,16956
308695906,d3ee0f13-865a-45ea-a48b-862d52e86720,2025/08/24 07:47,2025-08-24,2025-08-24 10:47:00 UTC,America/Maceio,8898234,abraao_arthur_253,Abraão Arthur N.S,2025-08-24 13:00:42 UTC,2025-08-25 16:50:04 UTC,research,CC-BY-NC,https://www.inaturalist.org/observations/308695906,https://inaturalist-open-data.s3.amazonaws.com/photos/556955097/medium.jpg,,"","",2,0,false,,"Alto de São Marcos, Barra de São Miguel - AL, 57180-000, Brasil",-9.8401550949,-35.9038190363,4,,,,4,,open,false,,,Bem-te-vi,Pitangus sulphuratus,Bienteveo Común,Aves,16956
309923173,c29c54dc-f5ba-469b-855b-0ecbf9aed486,2019-07-27 17:41:21,2019-07-27,2019-07-27 20:41:21 UTC,Buenos Aires,5292845,gabodalingerph,Gabriel Dalinger,2025-08-29 10:37:20 UTC,2025-08-29 13:23:35 UTC,research,,https://www.inaturalist.org/observations/309923173,https://static.inaturalist.org/photos/559318393/medium.jpg,,"",Familia Tyrannidae.,2,0,false,2,Reserva Natural Yrigoyen,-34.5151708395,-58.4725226462,190,,,,190,,,false,gps,gps,Great Kiskadee,Pitangus sulphuratus,Bienteveo Común,Aves,16956
309979020,f0dcc920-4e55-4b87-9890-77d0506bb0ff,2025/08/28 11:19,2025-08-28,2025-08-28 14:19:00 UTC,Brasilia,3154854,paulogcarvalho,Paulo Gonçalves Carvalho,2025-08-29 15:01:11 UTC,2025-08-29 20:28:36 UTC,research,CC-BY-NC,https://www.inaturalist.org/observations/309979020,https://inaturalist-open-data.s3.amazonaws.com/photos/559397094/medium.jpg,,"",,2,0,false,,"Centro-Sul - Belo Horizonte, MG, Brasil",-19.9613593573,-43.919250742,43,,,,43,,open,false,,,Bem-te-vi,Pitangus sulphuratus,Bienteveo Común,Aves,16956
310913377,3687a0eb-23a4-4600-ba19-2f4da2840208,2025/08/08 9:59 AM,2025-08-08,2025-08-08 15:59:00 UTC,America/Costa_Rica,1065381,rawcomposition,Adam Jackson,2025-09-02 00:31:42 UTC,2025-09-22 05:18:03 UTC,research,CC0,https://www.inaturalist.org/observations/310913377,https://inaturalist-open-data.s3.amazonaws.com/photos/561178521/medium.jpg,,"",,1,0,false,,"Provincia de Guanacaste, Santa Cruz, Costa Rica",10.442317,-85.788828,,,,,,,open,false,,,Great Kiskadee,Pitangus sulphuratus,Bienteveo Común,Aves,16956
311521169,d2569399-c310-444e-8130-c81faedc7887,2025/05/24 9:07 AM,2025-05-24,2025-05-24 15:07:00 UTC,Mexico City,42662,huatulco,Jon Church,2025-09-04 18:02:45 UTC,2025-09-04 18:21:53 UTC,research,CC-BY-NC-SA,https://www.inaturalist.org/observations/311521169,https://static.inaturalist.org/photos/562364189/medium.jpg,,"",,2,0,false,,"70989 Residencial Conejos, Oax., Mexico",15.768618,-96.0765244,505,,,,505,,open,false,,,Great Kiskadee,Pitangus sulphuratus,Bienteveo Común,Aves,16956
312939044,3a20a4d5-22a6-4f5f-8d19-6220a95cb249,2025/08/03 4:12 PM,2025-08-03,2025-08-03 20:12:00 UTC,America/Cuiaba,1891727,donalddavesne,Donald Davesne,2025-09-10 17:18:46 UTC,2025-09-12 11:28:54 UTC,research,CC-BY,https://www.inaturalist.org/observations/312939044,https://inaturalist-open-data.s3.amazonaws.com/photos/565068977/medium.jpg,,"",,2,0,false,,"Rosário Oeste - State of Mato Grosso, Brazil",-14.5847097557,-55.757484624,15,,,,15,,open,false,,,Great Kiskadee,Pitangus sulphuratus,Bienteveo Común,Aves,16956
315372798,7f5f4d6d-c0b8-4881-8462-67ed8e06e0e5,2025-09-20 11:03:56,2025-09-20,2025-09-20 14:03:56 UTC,Buenos Aires,9602397,nehu_carbonell,Nehuen Carbonell,2025-09-20 22:36:57 UTC,2025-09-22 17:34:04 UTC,research,CC-BY-NC,https://www.inaturalist.org/observations/315372798,https://inaturalist-open-data.s3.amazonaws.com/photos/569704352/medium.jpg,,"",,2,0,false,2,"168 - José C. Paz Y 73 - Santiago Del Estero, B1655 Villa José León Suárez, Provincia de Buenos Aires, Argentina",-34.5388194429,-58.5756958276,9,,,,9,,,false,gps,gps,Benteveo,Pitangus sulphuratus,Bienteveo Común,Aves,16956
316490456,da4b9ca0-5f46-4253-8972-80c80e99e3e2,2025-09-25 06:48:49,2025-09-25,2025-09-25 09:48:49 UTC,Brasilia,7194716,fernando28509,Fernando Sousa,2025-09-25 11:34:34 UTC,2025-09-25 15:52:42 UTC,research,,https://www.inaturalist.org/observations/316490456,https://static.inaturalist.org/photos/571821450/medium.jpg,,"",,1,0,false,2,"Centro, Ribeirão Preto - SP, Brasil",-21.1759417363,-47.8075985983,202,,,,202,,open,false,gps,gps,Bem-te-vi,Pitangus sulphuratus,Bienteveo Común,Aves,16956
318146635,3fa0b399-32ba-4894-b207-e91acd3e6af8,2025/08/16 12:35,2025-08-16,2025-08-16 15:35:00 UTC,Brasilia,9739498,relictia,Sergio Luiz Morais Filho,2025-10-02 06:57:25 UTC,2025-12-07 21:00:11 UTC,research,CC-BY-NC,https://www.inaturalist.org/observations/318146635,https://inaturalist-open-data.s3.amazonaws.com/photos/574965257/medium.jpg,,"",,3,0,false,,"Parque Ecológico Francisco Lins do Rêgo (Parque Ecológico da Pampulha) - Av. Otacílio Negrão de Lima, 7111 - Pampulha, Belo Horizonte - MG, 31365-450, Brasil",-19.8564598,-43.9964239,268,,,,268,,open,false,,,Bem-te-vi,Pitangus sulphuratus,Bienteveo Común,Aves,16956
318214265,c57bffca-4973-47da-836d-b90659473113,2025-10-01 11:32:28-03:00,2025-10-01,2025-10-01 14:32:28 UTC,Brasilia,7890222,irislopes,,2025-10-02 15:39:09 UTC,2025-10-04 22:22:52 UTC,research,CC-BY-NC,https://www.inaturalist.org/observations/318214265,https://inaturalist-open-data.s3.amazonaws.com/photos/575092482/medium.jpg,,"","",4,1,false,3,"RJ218, Santo Antônio De Pádua, RJ, BR",-21.5446466667,-42.1796383333,15,,,,15,,open,false,,,Bem-te-vi,Pitangus sulphuratus,Bienteveo Común,Aves,16956
321233159,fa02e5f6-95ec-4a44-b66e-6bbbb0a29800,2025-10-16 11:35:20,2025-10-16,2025-10-16 14:35:20 UTC,Brasilia,9771368,francisco-l-c-o-dias,Francisco Lelis,2025-10-16 14:30:47 UTC,2026-03-05 21:01:48 UTC,research,CC-BY-NC,https://www.inaturalist.org/observations/321233159,https://inaturalist-open-data.s3.amazonaws.com/photos/580923986/medium.jpg,,"",,1,0,false,2,"Brumadinho, MG, Brasil",-20.095382,-44.045635,20,,,,20,,open,false,,,Bem-te-vi,Pitangus sulphuratus,Bienteveo Común,Aves,16956
321951714,c23898a8-9753-451c-a996-2e16675f4b9c,2025/10/19 3:53 PM,2025-10-19,2025-10-19 18:53:00 UTC,Buenos Aires,6991327,franco_montano,Franco montaño,2025-10-19 23:40:51 UTC,2025-10-20 00:09:53 UTC,research,CC-BY-NC,https://www.inaturalist.org/observations/321951714,https://inaturalist-open-data.s3.amazonaws.com/photos/582325875/medium.jpg,,"",,2,0,false,,"B1641 Acassuso, Provincia de Buenos Aires, Argentina",-34.4703663883,-58.494008055,,,,,,,,false,,,Benteveo,Pitangus sulphuratus,Bienteveo Común,Aves,16956
322236572,46abde12-ec9c-4cb6-941a-08a0e20ef7b1,2025/09/29 09:17,2025-09-29,2025-09-29 13:17:00 UTC,America/Cuiaba,3948387,clarisseodebrecht,"Odebrecht, Clarisse",2025-10-21 14:40:30 UTC,2025-10-21 14:56:30 UTC,research,CC-BY-NC,https://www.inaturalist.org/observations/322236572,https://inaturalist-open-data.s3.amazonaws.com/photos/582896423/medium.jpg,,"",Ninho com filhote. Sendo alimentado.,1,0,false,,"Duque de Caxias, Cuiabá - MT, Brasil",-15.5807660267,-56.1049195506,31,,,,31,,open,false,,,Bem-te-vi,Pitangus sulphuratus,Bienteveo Común,Aves,16956
322839770,c975df1e-53c8-462f-b3e7-53841b2be1d7,2025-10-24 16:32:57,2025-10-24,2025-10-24 19:32:57 UTC,Buenos Aires,9579398,chrihi,Chris,2025-10-24 21:29:25 UTC,2025-10-25 04:06:54 UTC,research,CC-BY-NC,https://www.inaturalist.org/observations/322839770,https://inaturalist-open-data.s3.amazonaws.com/photos/584090819/medium.jpg,,"",,1,0,false,2,"C1425, Buenos Aires, Argentina",-34.5753311352,-58.4173016623,826,,,,826,,,false,gps,gps,Great Kiskadee,Pitangus sulphuratus,Bienteveo Común,Aves,16956
324079778,f2328d82-fcc4-4692-b49b-ae5c263bcc59,2025/01/17 10:16 PM,2025-01-17,2025-01-18 01:16:00 UTC,America/Argentina/Cordoba,9922383,polinafink,,2025-10-31 01:32:27 UTC,2025-11-02 02:04:51 UTC,research,CC-BY-NC,https://www.inaturalist.org/observations/324079778,https://inaturalist-open-data.s3.amazonaws.com/photos/586503067/medium.jpg,,"",,2,0,false,,"Villa Giardino, Córdoba, Argentina",-31.0505076,-64.4997157,7047,,,,7047,,,false,,,Bienteveo Común,Pitangus sulphuratus,Bienteveo Común,Aves,16956
324079805,2d5c1ff8-66d3-4e88-b5b5-8a286ad8998c,2025/10/29 10:16 PM,2025-10-29,2025-10-30 01:16:00 UTC,America/Argentina/Cordoba,9922383,polinafink,,2025-10-31 01:32:32 UTC,2025-11-02 02:02:53 UTC,research,CC-BY-NC,https://www.inaturalist.org/observations/324079805,https://inaturalist-open-data.s3.amazonaws.com/photos/586503133/medium.jpg,,"",,2,0,false,,"Villa Giardino, Córdoba, Argentina",-31.0505076,-64.4997157,7047,,,,7047,,,false,,,Bienteveo Común,Pitangus sulphuratus,Bienteveo Común,Aves,16956
324389534,97408263-c578-4264-92f4-f253946348cc,2020/05/11 11:53 PM,2020-05-11,2020-05-12 04:53:00 UTC,Bogota,9926320,greenbrainsprojectcolombia,Green Brains Project,2025-11-01 20:43:57 UTC,2026-02-03 02:39:00 UTC,research,CC-BY-NC,https://www.inaturalist.org/observations/324389534,https://inaturalist-open-data.s3.amazonaws.com/photos/587119872/medium.jpg,,"","",2,0,false,,"Villeta, Cundinamarca, Colombia",5.011706,-74.470362,3167,,,,3167,,open,false,,,Bienteveo Común,Pitangus sulphuratus,Bienteveo Común,Aves,16956
325239177,9b1328a8-f703-4c04-9d0c-830a6339ba4c,2025/08/16 11:19 AM,2025-08-16,2025-08-16 14:19:00 UTC,Brasilia,1388528,porlanaturaleza,Porlanaturaleza,2025-11-06 20:57:31 UTC,2025-11-06 23:13:42 UTC,research,CC-BY-NC-SA,https://www.inaturalist.org/observations/325239177,https://static.inaturalist.org/photos/588821735/medium.jpg,,"",,1,0,false,,"Jardim Botânico, Río de Janeiro - Estado de Río de Janeiro, Brasil",-22.9604777778,-43.2099638889,5,,,,5,,open,false,,,Bienteveo Común,Pitangus sulphuratus,Bienteveo Común,Aves,16956
325779811,3d6715fe-a6a6-4756-aaa5-ca6d96f1688f,2025/11/02 11:52,2025-11-02,2025-11-02 14:52:00 UTC,America/Maceio,6486116,evandro-mariano,Evandro Mariano,2025-11-09 23:37:19 UTC,2025-11-11 10:47:50 UTC,research,CC-BY-NC,https://www.inaturalist.org/observations/325779811,https://inaturalist-open-data.s3.amazonaws.com/photos/589903714/medium.jpg,,"","",2,0,false,,"Serraria, Maceió - AL, Brasil",-9.6046669849,-35.7224338213,2000,,,,2000,,open,false,,,Bem-te-vi,Pitangus sulphuratus,Bienteveo Común,Aves,16956
325963140,306657db-962b-4a0f-9bae-c2b3daa2f2ef,2025/11/07 11:26 AM,2025-11-07,2025-11-07 17:26:00 UTC,Central Time (US & Canada),9685,mikaelb,Mikael Behrens,2025-11-11 02:20:46 UTC,2026-02-16 22:58:29 UTC,research,CC-BY-NC,https://www.inaturalist.org/observations/325963140,https://inaturalist-open-data.s3.amazonaws.com/photos/590270106/medium.jpg,,"DevilsRiver, Texas, bioblitz, bird, mikael_behrens, wildlife","Taken during the Devils River bio-blitz organized by TPWD that occurred from November 6-9, 2025.

Taken during the first morning, around Pafford Crossing near the river.",3,0,false,,"Val Verde County, TX, USA",29.6829936583,-101.0015761467,5,,,,5,,open,false,,,Great Kiskadee,Pitangus sulphuratus,Bienteveo Común,Aves,16956
326034944,630cf64c-6330-4491-9411-171571d98dea,2025-11-11 12:23:38,2025-11-11,2025-11-11 15:23:38 UTC,America/Asuncion,9875069,andres_irala_bogarin,Andrés Irala,2025-11-11 15:24:35 UTC,2025-11-13 20:15:03 UTC,research,CC-BY-NC,https://www.inaturalist.org/observations/326034944,https://inaturalist-open-data.s3.amazonaws.com/photos/590413652/medium.jpg,,"",,2,0,false,2,"F9QH+7X8, Cd. del Este 100153, Paraguay",-25.51294437,-54.61755265,7,,,,7,,open,false,,,Bienteveo Común,Pitangus sulphuratus,Bienteveo Común,Aves,16956
326035006,9da79b81-ef33-4cfa-a0c1-f9d38f868b25,2025-11-11 12:24:03,2025-11-11,2025-11-11 15:24:03 UTC,America/Asuncion,9875069,andres_irala_bogarin,Andrés Irala,2025-11-11 15:24:59 UTC,2025-11-13 20:14:53 UTC,research,CC-BY-NC,https://www.inaturalist.org/observations/326035006,https://inaturalist-open-data.s3.amazonaws.com/photos/590413743/medium.jpg,,"",,3,0,false,2,"F9RH+5MW, Cd. del Este 100130, Paraguay",-25.51285183,-54.6176094,6,,,,6,,open,false,,,Bienteveo Común,Pitangus sulphuratus,Bienteveo Común,Aves,16956
326035396,991f9423-d47a-4bae-a216-f4877c93d15a,2025-11-11 12:27:35,2025-11-11,2025-11-11 15:27:35 UTC,America/Asuncion,9875069,andres_irala_bogarin,Andrés Irala,2025-11-11 15:28:16 UTC,2025-11-13 20:14:34 UTC,research,CC-BY-NC,https://www.inaturalist.org/observations/326035396,https://inaturalist-open-data.s3.amazonaws.com/photos/590415797/medium.jpg,,"",,2,0,false,2,"F9QM+G7R, Cd. del Este 100151, Paraguay",-25.51281421,-54.61758528,11,,,,11,,open,false,,,Bienteveo Común,Pitangus sulphuratus,Bienteveo Común,Aves,16956
326982476,95553e08-a46c-4278-af20-64a0219c419e,2025/03/17 7:50 AM,2025-03-17,2025-03-17 13:50:00 UTC,Mexico City,405175,elrayman210,Ricardo Arredondo T.,2025-11-17 17:00:20 UTC,2025-11-18 07:01:08 UTC,research,CC-BY-NC,https://www.inaturalist.org/observations/326982476,https://inaturalist-open-data.s3.amazonaws.com/photos/592298928/medium.jpg,,"",,4,0,false,,"Puerto Vallarta, Jal., México",20.5254,-105.30712,70,,,,70,,open,false,,,Bienteveo Común,Pitangus sulphuratus,Bienteveo Común,Aves,16956
326982582,2e91b7aa-81d2-4d4e-b48c-fce0a89e015c,2025/03/17 8:52 AM,2025-03-17,2025-03-17 14:52:00 UTC,Mexico City,405175,elrayman210,Ricardo Arredondo T.,2025-11-17 17:01:03 UTC,2025-11-18 07:00:50 UTC,research,CC-BY-NC,https://www.inaturalist.org/observations/326982582,https://inaturalist-open-data.s3.amazonaws.com/photos/592299540/medium.jpg,,"",,4,0,false,,"Puerto Vallarta, Jal., México",20.5254,-105.30712,70,,,,70,,open,false,,,Bienteveo Común,Pitangus sulphuratus,Bienteveo Común,Aves,16956
327321698,b04c7e39-8e03-4292-8dbf-e70521dad07d,2025-11-19 20:32:28,2025-11-19,2025-11-20 00:32:28 UTC,Caracas,3967791,gabymore27,Gabriela Moreno,2025-11-20 00:53:09 UTC,2025-12-04 20:33:40 UTC,research,CC-BY-NC,https://www.inaturalist.org/observations/327321698,https://inaturalist-open-data.s3.amazonaws.com/photos/592982191/medium.jpg,,"",,1,0,false,2,"Calle 41 entre carreras 30 y 31, Barquisimeto 3001, Lara, Venezuela",10.0677630807,-69.3473510072,11758,,,,11758,,open,false,gps,gps,Great Kiskadee,Pitangus sulphuratus,Bienteveo Común,Aves,16956
327541056,ae5ac9a3-70b3-4eb2-b804-762a1a2073c8,2024-08-10 13:42:58,2024-08-10,2024-08-10 16:42:58 UTC,Buenos Aires,7292247,debochcaqd,Mariana Conde,2025-11-21 18:34:11 UTC,2025-11-22 20:09:25 UTC,research,,https://www.inaturalist.org/observations/327541056,https://static.inaturalist.org/photos/593417354/medium.jpg,,"",,3,0,false,2,"Instituto De Educación Inicial, C1425 Cdad. Autónoma de Buenos Aires, Argentina",-34.5630270625,-58.4191054478,183,,,,183,,,false,gps,gps,Benteveo,Pitangus sulphuratus,Bienteveo Común,Aves,16956
327542077,6ca5e6da-82f9-421a-bf58-3b21af43c2ea,2025-11-21 11:12:19,2025-11-21,2025-11-21 16:12:19 UTC,America/Panama,4334022,frankie0412,Francisco J. Castillo C.,2025-11-21 18:42:05 UTC,2025-12-01 03:45:42 UTC,research,CC-BY-NC,https://www.inaturalist.org/observations/327542077,https://inaturalist-open-data.s3.amazonaws.com/photos/593419508/medium.jpg,,"",,2,0,false,2,"23P2+JXP, Atalaya, Veraguas Province, Panama",8.0365956328,-80.9475328401,135,,,,135,,open,false,gps,gps,Great Kiskadee,Pitangus sulphuratus,Bienteveo Común,Aves,16956
328440198,a8fa59da-da1a-4f0e-bc6e-56110aea852d,2018/09/08 10:07 AM,2018-09-08,2018-09-08 14:07:00 UTC,America/Nipigon,3368314,kitmccann,Kit McCann,2025-11-27 03:49:29 UTC,2025-11-28 03:02:13 UTC,research,,https://www.inaturalist.org/observations/328440198,https://static.inaturalist.org/photos/595155965/medium.jpg,,"",,1,0,false,,"Rondeau Provincial Park, 18050 Rondeau Park Road, Morpeth, ON N0P 1X0, Canada",42.3173601,-81.8470973,1448,,,,1448,,open,false,,,Great Kiskadee,Pitangus sulphuratus,Bienteveo Común,Aves,16956
328537404,0c209675-b4ef-40b2-a2c0-e9321fbf79f5,2025-11-27 15:13:07,2025-11-27,2025-11-27 19:13:07 UTC,Atlantic/Bermuda,6326166,hcoste,,2025-11-27 21:30:32 UTC,2025-11-29 18:34:28 UTC,research,CC-BY-NC,https://www.inaturalist.org/observations/328537404,https://inaturalist-open-data.s3.amazonaws.com/photos/595354138/medium.jpg,,"","",1,0,false,2,"11 Blue Hole Hill Hamilton, Hamilton Parish CR 04, Bermuda",32.353737,-64.713458,3,,,,3,,open,false,gps,gps,Great Kiskadee,Pitangus sulphuratus,Bienteveo Común,Aves,16956
328974029,b6113cc3-236b-4a83-9d56-183a2cfb83ae,2025/10/12 12:05,2025-10-12,2025-10-12 15:05:00 UTC,Brasilia,8859944,ge_op,Geovane Pereira,2025-11-30 21:43:38 UTC,2025-12-09 14:04:11 UTC,research,,https://www.inaturalist.org/observations/328974029,https://static.inaturalist.org/photos/596217124/medium.jpg,,"Birds, Animals, Exposure judgement:Appropriate, Plants, Blur judgement:Appropriate",,2,0,false,,"Torres, RS, 95560-000, Brasil",-29.3455630431,-49.7280456387,2,,,,2,,open,false,,,Bem-te-vi,Pitangus sulphuratus,Bienteveo Común,Aves,16956
328974094,14a920b6-066e-40c0-a91c-02f6311ae99f,2025/11/14 11:40,2025-11-14,2025-11-14 14:40:00 UTC,Brasilia,8859944,ge_op,Geovane Pereira,2025-11-30 21:43:53 UTC,2025-12-09 14:17:38 UTC,research,,https://www.inaturalist.org/observations/328974094,https://static.inaturalist.org/photos/596218501/medium.jpg,,"Mountains, Animals, Birds, Exposure judgement:Appropriate, Blur judgement:Appropriate",,2,0,false,,"Parque do Estado, São Paulo - SP, Brasil",-23.6392194156,-46.6194676008,1,,,,1,,open,false,,,Bem-te-vi,Pitangus sulphuratus,Bienteveo Común,Aves,16956
329153437,16e2859a-44ca-4a52-8f9b-b3ad7da285bc,2025/11/16 8:07 AM,2025-11-16,2025-11-16 14:07:00 UTC,America/Costa_Rica,3306247,marlene-d,Marlene Duhig,2025-12-02 03:09:55 UTC,2025-12-03 16:17:52 UTC,research,CC-BY-NC,https://www.inaturalist.org/observations/329153437,https://inaturalist-open-data.s3.amazonaws.com/photos/596578113/medium.jpg,,"",,1,0,false,,"Alajuela Province, San Carlos, Costa Rica",10.68264808,-84.2052856263,6,,,,6,,open,false,,,Great Kiskadee,Pitangus sulphuratus,Bienteveo Común,Aves,16956
329378388,09195cd0-8f76-4f77-9a0f-15fe14a407c5,2013/11/08 12:11,2013-11-08,2013-11-08 18:11:00 UTC,America/Costa_Rica,3388680,bernis-bilderwelt_de,Bernd Dietrich,2025-12-03 21:59:13 UTC,2025-12-10 10:13:29 UTC,research,CC-BY-NC,https://www.inaturalist.org/observations/329378388,https://inaturalist-open-data.s3.amazonaws.com/photos/597042860/medium.jpg,,Pitangus sulphuratus,,2,0,false,,"Alajuela Province, San Carlos, Costa Rica",10.6825383301,-84.20511833,,,,,,,open,false,,,Schwefeltyrann,Pitangus sulphuratus,Bienteveo Común,Aves,16956
329516410,f3bb3743-ebb7-46a5-b5af-81c90855b072,2025/11/19 3:24 PM,2025-11-19,2025-11-19 18:24:00 UTC,Brasilia,1037991,dmkidwell,David Kidwell,2025-12-05 01:57:29 UTC,2025-12-07 22:25:59 UTC,research,CC-BY-NC-SA,https://www.inaturalist.org/observations/329516410,https://inaturalist-open-data.s3.amazonaws.com/photos/597321130/medium.jpg,,"",,2,0,false,,"Nova Friburgo - State of Rio de Janeiro, Brazil",-22.3103461911,-42.4974442514,122,,,,122,,open,false,,,Great Kiskadee,Pitangus sulphuratus,Bienteveo Común,Aves,16956
329638264,55a1b8a3-cea9-4cb1-9f6f-cd082e7d3d26,2025/12/05 10:43 AM,2025-12-05,2025-12-05 16:43:00 UTC,Central Time (US & Canada),295092,slambert40,Steve Lambert,2025-12-06 02:07:55 UTC,2025-12-06 09:33:47 UTC,research,CC-BY-NC,https://www.inaturalist.org/observations/329638264,https://inaturalist-open-data.s3.amazonaws.com/photos/597567884/medium.jpg,,"",,3,0,false,,"Cameron County, TX, USA",26.1384496523,-97.1753951488,8,,,,8,,open,false,,,Great Kiskadee,Pitangus sulphuratus,Bienteveo Común,Aves,16956
329745326,a6939fab-ee2b-4f41-9e04-f97d2f7e1cc6,2025/12/06 9:17 AM,2025-12-06,2025-12-06 15:17:00 UTC,Central Time (US & Canada),4787965,wilson175,Jim Wilson,2025-12-06 21:20:55 UTC,2025-12-07 22:19:13 UTC,research,CC-BY-NC,https://www.inaturalist.org/observations/329745326,https://inaturalist-open-data.s3.amazonaws.com/photos/597783815/medium.jpg,,"",,4,0,false,,"AmeriCana The Birding Center RV Resort, 1840 S Bentsen Palm Dr, Palmview, TX 78572, USA",26.217455,-98.373684,639,,,,639,,open,false,,,Great Kiskadee,Pitangus sulphuratus,Bienteveo Común,Aves,16956
329753544,c7c35f66-1f4d-402f-8b39-a9e95e1e8472,2025-12-06 12:39:41,2025-12-06,2025-12-06 18:39:41 UTC,Central Time (US & Canada),2214996,swindsor,Shane Windsor,2025-12-06 22:31:00 UTC,2025-12-07 17:29:24 UTC,research,CC-BY-NC,https://www.inaturalist.org/observations/329753544,https://inaturalist-open-data.s3.amazonaws.com/photos/597800465/medium.jpg,,"",,5,0,false,2,"Brownsville, TX 78520, USA",25.9970903592,-97.5683750957,12,,,,12,,open,false,gps,gps,Great Kiskadee,Pitangus sulphuratus,Bienteveo Común,Aves,16956
329775549,ba900173-51b3-4164-881e-6e46226a18a2,2025/12/06 9:52 AM,2025-12-06,2025-12-06 15:52:00 UTC,Monterrey,127156,panza_rayada,Roberto González,2025-12-07 01:59:22 UTC,2025-12-08 00:41:14 UTC,research,CC-BY-NC,https://www.inaturalist.org/observations/329775549,https://inaturalist-open-data.s3.amazonaws.com/photos/597843474/medium.jpg,,"",,4,0,false,,"Sin Nombre de Col 2, Sin Nombre de Col 23, San Nicolás de los Garza, N.L., México",25.7372815743,-100.2913711774,15,,,,15,,open,false,,,Luis Bienteveo,Pitangus sulphuratus,Bienteveo Común,Aves,16956
329792776,252fdf14-3d60-45bd-afc3-9f1fb1020a06,2025/12/06 1:54 PM,2025-12-06,2025-12-06 19:54:00 UTC,Central Time (US & Canada),295092,slambert40,Steve Lambert,2025-12-07 04:56:32 UTC,2025-12-28 16:19:56 UTC,research,CC-BY-NC,https://www.inaturalist.org/observations/329792776,https://inaturalist-open-data.s3.amazonaws.com/photos/597876475/medium.jpg,,"",,4,0,false,,"Mission, TX, USA",26.1767705401,-98.3655761862,61,,,,61,,open,false,,,Great Kiskadee,Pitangus sulphuratus,Bienteveo Común,Aves,16956
329873325,47601cf2-8100-4117-b195-4ecbd581a7e4,2025/08/06 12:41 PM,2025-08-06,2025-08-06 16:41:00 UTC,America/Cuiaba,1891727,donalddavesne,Donald Davesne,2025-12-07 19:27:57 UTC,2025-12-07 22:12:24 UTC,research,CC-BY,https://www.inaturalist.org/observations/329873325,https://inaturalist-open-data.s3.amazonaws.com/photos/598042509/medium.jpg,,"",,2,0,false,,"Poconé - State of Mato Grosso, 78175-000, Brazil",-17.3673300838,-56.7858033495,4,,,,4,,open,false,,,Great Kiskadee,Pitangus sulphuratus,Bienteveo Común,Aves,16956
330035232,5447f757-01e4-423f-a558-e264b5b94061,2023/07/23 17:11,2023-07-23,2023-07-23 20:11:00 UTC,Brasilia,2571323,patricianicoloso,Patrícia Nicoloso,2025-12-08 22:38:58 UTC,2025-12-09 15:27:59 UTC,research,CC-BY-NC,https://www.inaturalist.org/observations/330035232,https://inaturalist-open-data.s3.amazonaws.com/photos/598371949/medium.jpg,,"bem-te-vi, rio grande do sul, torres, brasil, brazil",,2,0,false,,"Torres, RS, 95560-000, Brasil",-29.3383976,-49.728226,2050,,,,2050,,open,false,,,Bem-te-vi,Pitangus sulphuratus,Bienteveo Común,Aves,16956
330064605,991c2c76-ed53-4676-afb1-1e74ef72de29,2025-12-08 15:52:00,2025-12-08,2025-12-08 21:52:00 UTC,America/Bahia_Banderas,10005548,morgans_observations,,2025-12-09 04:11:32 UTC,2025-12-09 17:54:24 UTC,research,CC-BY-NC,https://www.inaturalist.org/observations/330064605,https://inaturalist-open-data.s3.amazonaws.com/photos/598432871/medium.jpg,,"",,2,0,false,843,"Paseo de los Cocoteros, Flamingos, Nay., MX",20.7395491529,-105.3186183495,32,,,,32,,open,false,,,Great Kiskadee,Pitangus sulphuratus,Bienteveo Común,Aves,16956
330649263,65b17fad-0535-4816-b8db-18f475710bc9,2025/12/13 5:38 PM,2025-12-13,2025-12-13 23:38:00 UTC,Central Time (US & Canada),4787965,wilson175,Jim Wilson,2025-12-14 00:23:14 UTC,2025-12-14 09:03:17 UTC,research,CC-BY-NC,https://www.inaturalist.org/observations/330649263,https://inaturalist-open-data.s3.amazonaws.com/photos/599633291/medium.jpg,,"",,2,0,false,,"Falcon State Park, 146 Park Rd 46, Falcon Heights, TX 78545, USA",26.5787843,-99.1289525,6093,,,,6093,,open,false,,,Great Kiskadee,Pitangus sulphuratus,Bienteveo Común,Aves,16956
330984546,124f2420-7f58-40d6-9205-87bcf182cef1,2025-12-16 09:57:45,2025-12-16,2025-12-16 15:57:45 UTC,America/Bahia_Banderas,1871393,kirstynleighe,Kirstyn Eckhardt,2025-12-16 16:57:31 UTC,2025-12-17 16:19:38 UTC,research,CC-BY-NC,https://www.inaturalist.org/observations/330984546,https://inaturalist-open-data.s3.amazonaws.com/photos/600327808/medium.jpg,,"",,3,0,false,843,"Camino al Tizate, Cruz de Huanacaxtle, Nay., MX",20.7623083333,-105.3665866667,4,,,,4,,open,false,,,Great Kiskadee,Pitangus sulphuratus,Bienteveo Común,Aves,16956
331021253,79edacc7-695f-473e-833a-f30d805cb751,2025-12-16 09:39:49,2025-12-16,2025-12-16 15:39:49 UTC,America/Merida,4107291,marielacm27,,2025-12-16 23:08:21 UTC,2025-12-17 23:13:31 UTC,research,CC-BY-NC,https://www.inaturalist.org/observations/331021253,https://inaturalist-open-data.s3.amazonaws.com/photos/600403178/medium.jpg,,"",,2,0,false,2,petec,20.8315253806,-89.6772058681,205,,,,205,,open,false,gps,gps,Luis Bienteveo,Pitangus sulphuratus,Bienteveo Común,Aves,16956
331036839,68389db4-14ee-4c98-8e8f-6a337880ba73,2025/12/02 3:39 PM,2025-12-02,2025-12-02 19:39:00 UTC,Georgetown,1110622,andyfrank,Andy Frank,2025-12-17 01:55:49 UTC,2025-12-17 14:06:59 UTC,research,CC-BY-NC,https://www.inaturalist.org/observations/331036839,https://inaturalist-open-data.s3.amazonaws.com/photos/600433385/medium.jpg,,"","",2,0,false,,"Georgetown, Guyana",6.8058083333,-58.14374,,,,,,,open,false,,,Great Kiskadee,Pitangus sulphuratus,Bienteveo Común,Aves,16956
331810260,7241ae2d-8286-47d4-ac2f-9a7099eb7231,2025-12-23T08:22,2025-12-23,2025-12-23 14:22:00 UTC,America/Costa_Rica,4543156,ceddl,Cedric,2025-12-23 15:38:58 UTC,2026-03-17 10:46:39 UTC,research,,https://www.inaturalist.org/observations/331810260,https://static.inaturalist.org/photos/602018300/medium.jpg,,"",,2,0,false,843,"Garabito, Puntarenas, CR",9.7397681499,-84.6329819902,100,,,,100,,open,false,,,Schwefeltyrann,Pitangus sulphuratus,Bienteveo Común,Aves,16956
332391219,ee2c5d20-cb17-4929-9831-514b36bbe5d6,2025/12/21 12:22 PM,2025-12-21,2025-12-21 18:22:00 UTC,Central Time (US & Canada),3772516,michaelkalisek,,2025-12-28 04:44:13 UTC,2025-12-30 00:50:49 UTC,research,CC-BY-NC,https://www.inaturalist.org/observations/332391219,https://inaturalist-open-data.s3.amazonaws.com/photos/603216732/medium.jpg,,"",Two birds present,3,0,false,,"Colorado County, TX, USA",29.5810260044,-96.3370718924,61,,,,61,,open,false,,,Great Kiskadee,Pitangus sulphuratus,Bienteveo Común,Aves,16956
332743665,6da3ade5-7b2f-4e33-acfc-ee00b681c389,2025/12/25 10:14 AM,2025-12-25,2025-12-25 16:14:00 UTC,Central Time (US & Canada),1582940,brandonjjohnson,Brandon Johnson,2025-12-30 15:55:51 UTC,2026-01-10 08:31:25 UTC,research,CC-BY,https://www.inaturalist.org/observations/332743665,https://inaturalist-open-data.s3.amazonaws.com/photos/603933950/medium.jpg,,"",,5,0,false,,"Calallen, Corpus Christi, TX, USA",27.8689125,-97.6074488333,,,,,,,open,false,,,Great Kiskadee,Pitangus sulphuratus,Bienteveo Común,Aves,16956
332778943,16319ce7-85a7-4ab8-9b7d-603af44e8a5e,2025/12/30 10:46 AM,2025-12-30,2025-12-30 16:46:00 UTC,America/Bahia_Banderas,1871393,kirstynleighe,Kirstyn Eckhardt,2025-12-30 21:00:17 UTC,2026-01-01 02:02:10 UTC,research,CC-BY-NC,https://www.inaturalist.org/observations/332778943,https://inaturalist-open-data.s3.amazonaws.com/photos/604005850/medium.jpg,,"",,1,0,false,,"Bucerías, Nayarit, Mexico",20.7613853146,-105.3498627828,334,,,,334,,open,false,,,Great Kiskadee,Pitangus sulphuratus,Bienteveo Común,Aves,16956
332805105,f240657d-b33f-45b7-bf03-13af2ac35252,2025/12/30 4:35 PM,2025-12-30,2025-12-30 19:35:00 UTC,Buenos Aires,8128215,tom_molehr,Tomás Molina Ehrman,2025-12-31 00:33:14 UTC,2026-01-01 15:51:52 UTC,research,CC-BY-NC,https://www.inaturalist.org/observations/332805105,https://inaturalist-open-data.s3.amazonaws.com/photos/604060826/medium.jpg,,"",,3,0,false,,"Belgrano, Cdad. Autónoma de Buenos Aires, Argentina",-34.5380723299,-58.4414607481,4,,,,4,,,false,,,Benteveo,Pitangus sulphuratus,Bienteveo Común,Aves,16956
334002094,f3ca127f-220e-4357-9b68-8c4fb7e0d23b,2025/03/21 4:36 PM,2025-03-21,2025-03-21 22:36:00 UTC,America/Belize,3113277,nbasargin,,2026-01-08 19:42:41 UTC,2026-01-13 22:59:26 UTC,research,CC-BY,https://www.inaturalist.org/observations/334002094,https://inaturalist-open-data.s3.amazonaws.com/photos/606449514/medium.jpg,,"",,2,0,false,,"Corozal District, Belize",17.9214013889,-87.9600077778,,,,,,,open,false,,,Great Kiskadee,Pitangus sulphuratus,Bienteveo Común,Aves,16956
334372214,9654854a-3bf3-41bc-b45d-bba26bc17505,2026-01-03 15:14:40,2026-01-03,2026-01-03 18:14:40 UTC,Montevideo,9211891,guzmanbraso,Guzmán Brasó,2026-01-11 17:20:38 UTC,2026-01-16 14:54:48 UTC,research,CC-BY-NC,https://www.inaturalist.org/observations/334372214,https://inaturalist-open-data.s3.amazonaws.com/photos/607206807/medium.jpg,,"",,4,0,false,2,"27100 Departamento de Rocha, Uruguay",-33.9787611111,-53.5411583333,,,,,,,open,false,gps,gps,Bienteveo Común,Pitangus sulphuratus,Bienteveo Común,Aves,16956
334431786,928b78bd-2689-4088-b7dc-e56691a6d20f,2026-01-11 16:06:00-06:00,2026-01-11,2026-01-11 22:06:00 UTC,Central Time (US & Canada),3905483,windbarb,windBarb,2026-01-12 00:57:38 UTC,2026-01-12 07:10:37 UTC,research,CC-BY-NC-SA,https://www.inaturalist.org/observations/334431786,https://inaturalist-open-data.s3.amazonaws.com/photos/607326870/medium.jpg,,"",Got heckled by a mockingbird.,3,0,false,3,"Far North Fort Worth, Fort Worth, TX, US",32.8921604524,-97.3527292038,11,,,,11,,open,false,,,Great Kiskadee,Pitangus sulphuratus,Bienteveo Común,Aves,16956
334547285,261d6aa9-3662-414f-a89f-a4283f38cf40,2026/01/12 11:36 AM,2026-01-12,2026-01-12 17:36:00 UTC,Central Time (US & Canada),1253866,krush6,Krush6,2026-01-12 23:48:46 UTC,2026-01-13 02:13:37 UTC,research,CC-BY-NC,https://www.inaturalist.org/observations/334547285,https://inaturalist-open-data.s3.amazonaws.com/photos/607557945/medium.jpg,,"",,3,0,false,,"Fort Worth, TX, USA",32.8922,-97.3527,,,,,,,open,false,,,Great Kiskadee,Pitangus sulphuratus,Bienteveo Común,Aves,16956
334713237,1446a7e4-cad5-412a-9f93-daeaa776d484,2026/01/12 8:30 AM,2026-01-12,2026-01-12 11:30:00 UTC,America/Argentina/Salta,4234570,silvia_mallet,Silvia Mallet,2026-01-14 11:53:18 UTC,2026-01-15 16:15:51 UTC,research,CC-BY-NC,https://www.inaturalist.org/observations/334713237,https://inaturalist-open-data.s3.amazonaws.com/photos/607897158/medium.jpg,,"","",3,0,false,,"Gral. Pico, La Pampa, Argentina",-35.6593239,-63.7577887,4571,,,,4571,,,false,,,Bienteveo Común,Pitangus sulphuratus,Bienteveo Común,Aves,16956
334720313,3b6e9315-68a4-4e24-b649-b87659332306,2026/01/10 8:57 AM,2026-01-10,2026-01-10 11:57:00 UTC,Montevideo,5280952,mikcuparo,mik,2026-01-14 13:45:36 UTC,2026-02-07 14:27:46 UTC,research,CC-BY-NC,https://www.inaturalist.org/observations/334720313,https://inaturalist-open-data.s3.amazonaws.com/photos/607912315/medium.jpg,,"","",6,0,false,,"Ruta 9 km 204, 27000 Departamento de Rocha, Uruguay",-34.5057057,-54.3437333,189,,,,189,,open,false,,,Benteveo,Pitangus sulphuratus,Bienteveo Común,Aves,16956
335061332,ac5cf7c8-2c00-40f4-acd8-90255bb66f36,2026/01/10 12:13 PM,2026-01-10,2026-01-10 18:13:00 UTC,America/Costa_Rica,7834457,swpollinators,Stephen Lewis,2026-01-17 12:44:33 UTC,2026-01-17 14:08:04 UTC,research,CC0,https://www.inaturalist.org/observations/335061332,https://inaturalist-open-data.s3.amazonaws.com/photos/608615952/medium.jpg,,"",,2,0,false,,"Arenal Observatory Lodge, Provincia de Alajuela, San Carlos, Costa Rica",10.4371956,-84.7102524,201,,,,201,,open,false,,,Great Kiskadee,Pitangus sulphuratus,Bienteveo Común,Aves,16956
335106984,ab266046-8dba-4bbb-bc9b-b65db46dbc4d,2026/01/11 10:16 AM,2026-01-11,2026-01-11 16:16:00 UTC,Central Time (US & Canada),3772516,michaelkalisek,,2026-01-17 19:55:18 UTC,2026-02-27 14:31:56 UTC,research,CC-BY-NC,https://www.inaturalist.org/observations/335106984,https://inaturalist-open-data.s3.amazonaws.com/photos/608706268/medium.jpg,,"",,5,0,false,,"Kingsville, TX 78363, USA",27.5242784301,-97.8909015037,66,,,,66,,open,false,,,Great Kiskadee,Pitangus sulphuratus,Bienteveo Común,Aves,16956
335709742,e5d8bd39-481a-4c72-83de-1b9bc5e02111,2026/01/02 16:23,2026-01-02,2026-01-02 19:23:00 UTC,Buenos Aires,8847908,fromfran,Fran Kim,2026-01-22 13:14:27 UTC,2026-02-18 09:22:53 UTC,research,,https://www.inaturalist.org/observations/335709742,https://static.inaturalist.org/photos/609919522/medium.jpg,,"",,4,0,false,,"Puerto Madero, Buenos Aires, 아르헨티나",-34.602809445,-58.36125,,,,,,,,false,,,Pitangus sulphuratus,Pitangus sulphuratus,Bienteveo Común,Aves,16956
336116934,a63da441-bbe1-4953-8fdf-2bbc351e7891,2026-01-25 10:37:30,2026-01-25,2026-01-25 13:37:30 UTC,America/Fortaleza,9713863,ribamarante,J. Ribamar S. Amarante,2026-01-25 17:54:46 UTC,2026-01-26 20:30:29 UTC,research,CC-BY-NC,https://www.inaturalist.org/observations/336116934,https://inaturalist-open-data.s3.amazonaws.com/photos/610734971/medium.jpg,https://static.inaturalist.org/sounds/1751040.m4a?1769459429,"",,1,0,false,2,"Floriano - PI, 64800-000, Brasil",-6.8973997222,-43.0604997222,,,,,,,open,false,gps,gps,Bem-te-vi,Pitangus sulphuratus,Bienteveo Común,Aves,16956
336356386,4231cdcf-ab88-4ee9-a08b-1d902da477b0,0002-11-30 00:00:00,2002-11-30,2002-11-30 05:00:00 UTC,Bogota,10091344,kaelidem,Kael Arboleda,2026-01-27 15:02:47 UTC,2026-02-12 03:56:22 UTC,research,CC-BY-NC,https://www.inaturalist.org/observations/336356386,https://inaturalist-open-data.s3.amazonaws.com/photos/611213914/medium.jpg,,"",,2,0,false,2,"05001, Medellín, Belén, Medellín, Antioquia, Colombia",6.2111994684,-75.5982572213,912,,,,912,,open,false,gps,gps,Bienteveo Común,Pitangus sulphuratus,Bienteveo Común,Aves,16956
336624940,54c87fb1-b8fd-46d2-ab21-5d37a3543ae5,2026-01-28 11:35:31-06:00,2026-01-28,2026-01-28 17:35:31 UTC,Mexico City,4022369,reximiliano,Reximiliano,2026-01-29 22:47:39 UTC,2026-02-06 20:49:21 UTC,research,CC-BY-NC,https://www.inaturalist.org/observations/336624940,https://inaturalist-open-data.s3.amazonaws.com/photos/611760177/medium.jpg,,"","",3,0,false,3,"Zapopan, Jal., MX",20.7654063753,-103.3788137617,5,,,,5,,open,false,,,Luis Bienteveo,Pitangus sulphuratus,Bienteveo Común,Aves,16956
336732194,d1f0582f-66fb-4145-ada9-ee8ed09031d1,2026/01/30 1:01 PM,2026-01-30,2026-01-30 19:01:00 UTC,America/Merida,6810349,eduardosz,Eduardo Suárez Zapata,2026-01-30 21:07:59 UTC,2026-01-31 08:36:33 UTC,research,CC-BY-NC,https://www.inaturalist.org/observations/336732194,https://inaturalist-open-data.s3.amazonaws.com/photos/611978084/medium.jpg,,"",,2,0,false,,"Fraccionamiento Las Américas, 97302 Mérida, Yuc., México",21.0769245237,-89.6519334932,2,,,,2,,open,false,,,Luis Bienteveo,Pitangus sulphuratus,Bienteveo Común,Aves,16956
337225110,db85655b-b837-4d0d-9527-069dc23a2392,2026/02/01 8:40 AM,2026-02-01,2026-02-01 14:40:00 UTC,Central Time (US & Canada),3723630,ian_becker,Ian Becker,2026-02-03 17:07:54 UTC,2026-02-16 22:14:06 UTC,research,CC-BY-NC,https://www.inaturalist.org/observations/337225110,https://inaturalist-open-data.s3.amazonaws.com/photos/612982306/medium.jpg,,"",All birds banded and handled with appropriate USGS permitting,6,0,false,,"Texas, US",26.2592889335,-97.4177090517,,,,,29868,obscured,open,true,,,Great Kiskadee,Pitangus sulphuratus,Bienteveo Común,Aves,16956
337295271,e4e5851e-a234-4eff-bedf-3f07000d19c1,2026/02/02 1:23 PM,2026-02-02,2026-02-02 19:23:00 UTC,Mexico City,3863294,domingovr,,2026-02-04 06:21:48 UTC,2026-02-04 12:01:28 UTC,research,CC-BY-NC,https://www.inaturalist.org/observations/337295271,https://inaturalist-open-data.s3.amazonaws.com/photos/612891175/medium.jpg,,"",,4,0,false,,"Humedal El Chirimoyo, Orizaba, Ver., México",18.8797105265,-97.1027843315,4,,,,4,,open,false,,,Luis Bienteveo,Pitangus sulphuratus,Bienteveo Común,Aves,16956
337502669,72af1975-6894-4a4c-baa3-416806e595f9,2026/02/03 5:41 PM,2026-02-03,2026-02-03 23:41:00 UTC,Central Time (US & Canada),3772516,michaelkalisek,,2026-02-06 02:48:08 UTC,2026-02-27 14:33:41 UTC,research,CC-BY-NC,https://www.inaturalist.org/observations/337502669,https://inaturalist-open-data.s3.amazonaws.com/photos/613553000/medium.jpg,,"",,4,0,false,,"Texas, US",27.5221778407,-97.8655327431,38,,,,29727,obscured,open,true,,,Great Kiskadee,Pitangus sulphuratus,Bienteveo Común,Aves,16956
337664220,d4d90d34-1bed-479e-9ce7-a467f0ab868b,2025/12/15 7:35 PM,2025-12-15,2025-12-15 22:35:00 UTC,Buenos Aires,5955568,ines280,Ines Otero,2026-02-07 13:43:21 UTC,2026-02-24 01:55:10 UTC,research,,https://www.inaturalist.org/observations/337664220,https://static.inaturalist.org/photos/613884143/medium.jpg,,"",,3,0,false,,"Villa Ventana, Provincia de Buenos Aires, Argentina",-38.0749488991,-61.9248790453,15,,,,15,,,false,,,Benteveo,Pitangus sulphuratus,Bienteveo Común,Aves,16956
337730126,527bb33e-56ea-4f13-b25f-e932c0d73561,2026/02/07 7:59 AM,2026-02-07,2026-02-07 12:59:00 UTC,America/Cancun,1029261,birdmanuk68,Paul Lewis,2026-02-07 23:06:27 UTC,2026-02-08 02:08:28 UTC,research,CC-BY-NC,https://www.inaturalist.org/observations/337730126,https://inaturalist-open-data.s3.amazonaws.com/photos/614016079/medium.jpg,,Kiskadee's,,2,0,false,,"Hotel Zone, Cancún, Quintana Roo, Mexico",21.0765956472,-86.7765727741,8,,,,8,,open,false,,,Great Kiskadee,Pitangus sulphuratus,Bienteveo Común,Aves,16956
337952012,10c5ebd9-1e05-405e-9015-e483749c91af,2026-02-08 17:54:21-05:00,2026-02-08,2026-02-08 22:54:21 UTC,America/Cancun,2136167,mattw66,,2026-02-09 15:11:37 UTC,2026-02-22 05:52:41 UTC,research,CC-BY-NC,https://www.inaturalist.org/observations/337952012,https://inaturalist-open-data.s3.amazonaws.com/photos/614474767/medium.jpg,,"","",3,0,false,3,"The Grand Mayan at Vidanta Riviera Maya, Mayan Palace, Q. Roo., MX",20.7635166667,-86.953675,10,,,,10,,open,false,,,Great Kiskadee,Pitangus sulphuratus,Bienteveo Común,Aves,16956
338262725,afd3544f-950b-4941-830f-e8378a70d3a8,2025/11/22 9:17 AM,2025-11-22,2025-11-22 15:17:00 UTC,Monterrey,407313,manliomb,Manlio Martínez Barona,2026-02-12 00:49:05 UTC,2026-02-22 05:49:54 UTC,research,CC-BY-NC-SA,https://www.inaturalist.org/observations/338262725,https://inaturalist-open-data.s3.amazonaws.com/photos/615099381/medium.jpg,,"Club CFVS, Cuchillo, Nuevo León",,2,0,false,,"China, N.L., México",25.6176314862,-99.3134640442,2242,,,,2242,,open,false,,,Bienteveo Común,Pitangus sulphuratus,Bienteveo Común,Aves,16956
338508630,8ec2942c-23d0-4c47-aeb9-632f5369c1bc,2026/02/10 5:22 PM,2026-02-10,2026-02-10 23:22:00 UTC,Central Time (US & Canada),3772516,michaelkalisek,,2026-02-14 02:23:26 UTC,2026-02-27 14:35:21 UTC,research,CC-BY-NC,https://www.inaturalist.org/observations/338508630,https://inaturalist-open-data.s3.amazonaws.com/photos/615622295/medium.jpg,,"",,4,0,false,,"Texas, US",27.5421007838,-97.9042803944,35,,,,29727,obscured,open,true,,,Great Kiskadee,Pitangus sulphuratus,Bienteveo Común,Aves,16956
338731079,c19f4183-9a15-4c47-a9da-0597fd6a835f,2026-02-01,2026-02-01,,Buenos Aires,10102658,fransalvo,Francisco Leon Salvo,2026-02-15 16:06:55 UTC,2026-02-15 20:26:33 UTC,research,CC-BY-NC,https://www.inaturalist.org/observations/338731079,https://inaturalist-open-data.s3.amazonaws.com/photos/616096976/medium.jpg,,"","Pajaro mediano de 21 a 26 cm inconfundible, cabeza negra con una raya blanca en la linea de los ojos, su vientre es amarillo brillante, su espalda marron castaño, se puede reconocer por su canto, de ahi viene su nombre, se lo puede llamar de varias maneras, entre ellas: bicho feo, benteveo, bienteveo, cristofue, facil de encontrar en la mayor parte de Argentina",3,0,false,2,"B7609 Mar de Cobo, Provincia de Buenos Aires, Argentina",-37.7718498323,-57.4563235044,674,,,,674,,,false,,,Bienteveo Común,Pitangus sulphuratus,Bienteveo Común,Aves,16956
340167340,992ca047-cb33-4fb8-9944-179ed17210ec,2026/02/14 8:46 AM,2026-02-14,2026-02-14 14:46:00 UTC,America/Costa_Rica,516810,tonyernst,Tony Ernst,2026-02-25 14:52:46 UTC,2026-02-27 08:51:43 UTC,research,CC-BY-NC,https://www.inaturalist.org/observations/340167340,https://static.inaturalist.org/photos/618979036/medium.jpg,,"2026, 2026-02-12 Costa Rica, Trips",,1,0,false,,"Alajuela Province, San Carlos, Costa Rica",10.4381184445,-84.7103232144,4,,,,4,,open,false,,,Great Kiskadee,Pitangus sulphuratus,Bienteveo Común,Aves,16956
341085763,9a6a318e-b1f1-4f59-8466-a166cf757d93,2026/02/09 2:55 PM,2026-02-09,2026-02-09 20:55:00 UTC,America/Costa_Rica,4927006,knarr-gallery,Knarr Gallery,2026-03-03 12:59:10 UTC,2026-03-10 09:48:03 UTC,research,CC-BY-NC,https://www.inaturalist.org/observations/341085763,https://inaturalist-open-data.s3.amazonaws.com/photos/620845328/medium.jpg,,"Rui Guanacaste, Provincia de Guanacaste, Carrillo, Costa Rica",,2,0,false,,"Riu Ganacaste Resort, Provincia de Guanacaste, Carrillo, Costa Rica",10.5286909831,-85.7471831363,373,,,,373,,open,false,,,Great Kiskadee,Pitangus sulphuratus,Bienteveo Común,Aves,16956
341184288,02d9decc-4079-4ceb-b634-b95a85de364d,2026/02/06 1:44 PM,2026-02-06,2026-02-06 19:44:00 UTC,America/Costa_Rica,4927006,knarr-gallery,Knarr Gallery,2026-03-04 03:15:34 UTC,2026-03-04 16:22:38 UTC,research,CC-BY-NC,https://www.inaturalist.org/observations/341184288,https://inaturalist-open-data.s3.amazonaws.com/photos/620979038/medium.jpg,,"Tapir Valley Nature Reserve, Alajuela Province, Bijagua de Upala, Costa Rica",,3,0,false,,"Tapir Valley Nature Reserve, BijaguaProvincia de Alajuela, Upala, Costa Rica",10.7175108995,-85.0108315425,542,,,,542,,open,false,,,Great Kiskadee,Pitangus sulphuratus,Bienteveo Común,Aves,16956
341642778,81fa8fdb-511a-4985-af60-7110b6eb8d02,2026-03-06 12:24:07-05:00,2026-03-06,2026-03-06 17:24:07 UTC,America/Cancun,1417803,irinamitine,Irina Mitine,2026-03-07 07:32:11 UTC,2026-03-08 22:13:24 UTC,research,CC-BY,https://www.inaturalist.org/observations/341642778,https://inaturalist-open-data.s3.amazonaws.com/photos/621992777/medium.jpg,,"",Photo by Christina Mitine,2,0,false,3,"Barceló Maya Colonial-All Inclusive, Barceló Maya, Q. Roo., MX",20.48785,-87.243675,6,,,,6,,open,false,,,Great Kiskadee,Pitangus sulphuratus,Bienteveo Común,Aves,16956
342247767,246df5a8-1abe-437b-9218-738c16989003,2026/02/10 12:59,2026-02-10,2026-02-10 18:59:00 UTC,America/Costa_Rica,4236077,poerli,Poerli Won,2026-03-10 13:34:06 UTC,2026-03-18 08:41:09 UTC,research,CC-BY-NC,https://www.inaturalist.org/observations/342247767,https://static.inaturalist.org/photos/623205899/medium.jpg,,"",,3,0,false,,La Selva - Costa Rica,10.4325059817,-84.0038165037,760,,,,760,,open,false,,,Schwefeltyrann,Pitangus sulphuratus,Bienteveo Común,Aves,16956
342313608,7e01d00f-4078-4a9b-82f3-5c7f89c4403e,2026/02/07 12:15 PM,2026-02-07,2026-02-07 18:15:00 UTC,America/Costa_Rica,3949919,mani_raab,Manuel Raab,2026-03-10 21:08:36 UTC,2026-03-14 14:44:29 UTC,research,CC-BY-NC,https://www.inaturalist.org/observations/342313608,https://inaturalist-open-data.s3.amazonaws.com/photos/623339916/medium.jpg,,"",,1,0,false,,"Provincia de Alajuela, Alajuela, Itiquís, Costa Rica",10.0474511548,-84.2095242256,33,,,,33,,open,false,,,Schwefeltyrann,Pitangus sulphuratus,Bienteveo Común,Aves,16956
342347188,158dd7a1-5241-42ac-8769-8355c5b1db6d,2026/03/10 8:38 AM,2026-03-10,2026-03-10 13:38:00 UTC,Central Time (US & Canada),646750,a-tristis,Mike Stewart,2026-03-11 00:55:15 UTC,2026-03-19 02:47:34 UTC,research,CC-BY-NC,https://www.inaturalist.org/observations/342347188,https://inaturalist-open-data.s3.amazonaws.com/photos/623412536/medium.jpg,,"",,6,0,false,,Lake Findley,27.79246382,-98.0648320082,900,,,,900,,open,false,,,Great Kiskadee,Pitangus sulphuratus,Bienteveo Común,Aves,16956
342530975,f1484b9a-79b3-420e-b84e-beb4639bb665,2026/03/11 10:50 PM,2026-03-11,2026-03-12 03:50:00 UTC,Central Time (US & Canada),410178,dailyentomologist,Erik Ostrum,2026-03-12 03:55:13 UTC,2026-03-12 17:32:38 UTC,research,CC-BY-NC,https://www.inaturalist.org/observations/342530975,https://inaturalist-open-data.s3.amazonaws.com/photos/623787718/medium.jpg,,"",,2,0,false,,"Hidalgo County, TX, USA",26.1251327912,-97.958360701,61,,,,61,,open,false,,,Great Kiskadee,Pitangus sulphuratus,Bienteveo Común,Aves,16956
342606655,13e6fa50-9b3a-433d-b95d-d4002e4daaed,2026/02/17 8:25 AM,2026-02-17,2026-02-17 14:25:00 UTC,America/Costa_Rica,6746431,charliedoggett,Charlie Doggett,2026-03-12 17:38:01 UTC,2026-03-14 14:41:19 UTC,research,CC-BY-NC,https://www.inaturalist.org/observations/342606655,https://inaturalist-open-data.s3.amazonaws.com/photos/623939349/medium.jpg,,"",,3,0,false,,"River Tarcoles, Costa Rica",9.8578531181,-84.5063161436,18337,,,,18337,,open,false,,,Great Kiskadee,Pitangus sulphuratus,Bienteveo Común,Aves,16956
342695532,54559fc3-ea6c-4f17-a36f-3a8d696dd611,2024-01-15 10:10:58-08:00,2024-01-15,2024-01-15 18:10:58 UTC,America/Cancun,10193601,tondrion,Antony Miller,2026-03-13 06:12:33 UTC,2026-03-13 17:00:41 UTC,research,CC-BY-NC,https://www.inaturalist.org/observations/342695532,https://inaturalist-open-data.s3.amazonaws.com/photos/624118039/medium.jpg,,"","",3,0,false,3,"Grand Sunset Princess, Playa del Carmen, Q. Roo., MX",20.6702350821,-87.029914475,5,,,,5,,open,false,,,Great Kiskadee,Pitangus sulphuratus,Bienteveo Común,Aves,16956
343105182,cbe4ed5d-0423-40ed-bc37-bc655eb090ca,2026-03-15 06:31:34-06:00,2026-03-15,2026-03-15 12:31:34 UTC,America/Costa_Rica,1958121,kendall_eldredge,Kendall Eldredge,2026-03-15 13:22:45 UTC,2026-03-16 19:40:55 UTC,research,CC-BY-NC,https://www.inaturalist.org/observations/343105182,https://inaturalist-open-data.s3.amazonaws.com/photos/624928965/medium.jpg,,"","",1,0,false,3,"Sendero Universal, Sarapiqui, Heredia, CR",10.43053,-84.0064166667,4,,,,4,,open,false,,,Great Kiskadee,Pitangus sulphuratus,Bienteveo Común,Aves,16956
343177437,eb0f5619-b939-4a59-885e-75d08369b396,2026/02/09 2:33 PM,2026-02-09,2026-02-09 20:33:00 UTC,America/Costa_Rica,3949919,mani_raab,Manuel Raab,2026-03-15 19:51:30 UTC,2026-03-16 00:22:36 UTC,research,CC-BY-NC,https://www.inaturalist.org/observations/343177437,https://inaturalist-open-data.s3.amazonaws.com/photos/625070096/medium.jpg,,"",,1,0,false,,"Heredia, Muelle, Barrio Flaminia, Costa Rica",10.4310274182,-84.0033884281,18,,,,18,,open,false,,,Schwefeltyrann,Pitangus sulphuratus,Bienteveo Común,Aves,16956
343203479,564f5a7e-585a-4e1a-a9c1-07601e1a02a0,2009-03-09T00:00,2009-03-09,2009-03-09 06:00:00 UTC,America/Costa_Rica,2096838,alice297,Alice Curry,2026-03-15 21:58:28 UTC,2026-03-15 22:18:50 UTC,research,,https://www.inaturalist.org/observations/343203479,https://static.inaturalist.org/photos/625125210/medium.jpg,,"",,1,0,false,843,"San Ramon, Alajuela, CR",10.219156275,-84.6133035824,314235,,,,314235,,open,false,,,Great Kiskadee,Pitangus sulphuratus,Bienteveo Común,Aves,16956
343208773,b9dff0d4-5da9-426a-92c4-40fecfff0fc3,2026/01/18,2026-01-18,,Central Time (US & Canada),3381180,maymurphy,"",2026-03-15 22:26:15 UTC,2026-03-16 19:40:43 UTC,research,CC-BY-NC,https://www.inaturalist.org/observations/343208773,https://inaturalist-open-data.s3.amazonaws.com/photos/625129765/medium.jpg,,"","",2,0,false,,"Mission, TX, USA",26.1802682742,-98.3665784305,471,,,,471,,open,false,,,Great Kiskadee,Pitangus sulphuratus,Bienteveo Común,Aves,16956
343354559,4ae55c95-e033-4df2-9e5c-a8cc077202e5,2024-12-27 12:11:58,2024-12-27,2024-12-27 18:11:58 UTC,Mexico City,3288523,karlaposadastrejo,Karla Posadas Trejo,2026-03-16 19:08:31 UTC,2026-03-17 00:50:01 UTC,research,,https://www.inaturalist.org/observations/343354559,https://static.inaturalist.org/photos/625433631/medium.jpg,,"",,2,0,false,2,"79070 Cdad. Valles, S.L.P., México",21.9759998368,-99.0192996338,209,,,,209,,open,false,gps,gps,Bienteveo Común,Pitangus sulphuratus,Bienteveo Común,Aves,16956
343526158,f9c2a2df-e9c1-4373-873c-e0aef8e2662f,2026/03/17 12:24 PM,2026-03-17,2026-03-17 15:24:00 UTC,Buenos Aires,50445,nicoolejnik,Nicolas Olejnik,2026-03-17 20:10:16 UTC,2026-03-18 08:35:45 UTC,research,CC-BY,https://www.inaturalist.org/observations/343526158,https://inaturalist-open-data.s3.amazonaws.com/photos/625776297/medium.jpg,,"",,3,0,false,,"Ciudad de Buenos Aires, AR-DF-DF, AR",-34.6180352642,-58.3415518501,61,,,,61,,,false,,,Benteveo,Pitangus sulphuratus,Bienteveo Común,Aves,16956
343684760,52f007b6-af2c-4fc3-8c5b-1b927aed2b69,2025/05/05 07:35,2025-05-05,2025-05-05 10:35:00 UTC,Brasilia,1443152,juliofilipino,JULIO CESAR GONZALEZ FILIPINO,2026-03-18 19:54:45 UTC,2026-03-19 08:00:52 UTC,research,CC-BY-NC,https://www.inaturalist.org/observations/343684760,https://inaturalist-open-data.s3.amazonaws.com/photos/626107714/medium.jpg,,"",,1,0,false,,"Campos Elísios, Ribeirão Preto - SP, Brasil",-21.1528503892,-47.8028457539,3906,,,,3906,,open,false,,,Bem-te-vi,Pitangus sulphuratus,Bienteveo Común,Aves,16956
343705463,34d49a4f-1082-415d-9d61-9647ffc14edb,2025/04/30 07:25,2025-04-30,2025-04-30 10:25:00 UTC,Brasilia,1443152,juliofilipino,JULIO CESAR GONZALEZ FILIPINO,2026-03-18 22:04:21 UTC,2026-03-19 07:59:08 UTC,research,CC-BY-NC,https://www.inaturalist.org/observations/343705463,https://inaturalist-open-data.s3.amazonaws.com/photos/626147924/medium.jpg,,"",,1,0,false,,"Ipiranga, Ribeirão Preto - SP, 14060, Brasil",-21.140042234,-47.8193252461,3906,,,,3906,,open,false,,,Bem-te-vi,Pitangus sulphuratus,Bienteveo Común,Aves,16956
343707151,c82c3f24-0d83-43a7-a985-8fdaf10c6116,2026-03-18 13:49:25,2026-03-18,2026-03-18 19:49:25 UTC,America/Costa_Rica,335851,gretchenparadis,,2026-03-18 22:16:26 UTC,2026-03-19 07:53:50 UTC,research,CC-BY-NC,https://www.inaturalist.org/observations/343707151,https://inaturalist-open-data.s3.amazonaws.com/photos/626151993/medium.jpg,,"",,3,0,false,843,"Vía 126, Alajuela, CR",10.2223383333,-84.1671616667,4,,,,4,,open,false,,,Great Kiskadee,Pitangus sulphuratus,Bienteveo Común,Aves,16956
343853500,7e607d84-4e46-4d5c-8ac3-8c26bcb7687d,2026-03-14 17:18:56-06:00,2026-03-14,2026-03-14 23:18:56 UTC,Monterrey,10192901,miguel61642,Miguel Valdes Ramírez,2026-03-19 19:30:20 UTC,2026-03-19 22:53:56 UTC,research,CC-BY-NC,https://www.inaturalist.org/observations/343853500,https://inaturalist-open-data.s3.amazonaws.com/photos/626440878/medium.jpg,,"","",3,0,false,3,"Parque Fundidora, Monterrey, N.L., MX",25.679825,-100.28373,7,,,,7,,open,false,,,Great Kiskadee,Pitangus sulphuratus,Bienteveo Común,Aves,16956
