id,uuid,observed_on_string,observed_on,time_observed_at,time_zone,user_id,user_login,user_name,created_at,updated_at,quality_grade,license,url,image_url,sound_url,tag_list,description,num_identification_agreements,num_identification_disagreements,captive_cultivated,oauth_application_id,place_guess,latitude,longitude,positional_accuracy,private_place_guess,private_latitude,private_longitude,public_positional_accuracy,geoprivacy,taxon_geoprivacy,coordinates_obscured,positioning_method,positioning_device,species_guess,scientific_name,common_name,iconic_taxon_name,taxon_id
1518343,50e0f0e7-a5b2-49aa-ba6a-92d0cf2791d8,2015-05-18 12:06:10,2015-05-18,2015-05-18 16:06:10 UTC,Eastern Time (US & Canada),10331,amandaandmike,"",2015-05-21 01:11:15 UTC,2018-05-09 14:50:34 UTC,research,CC-BY-NC-SA,http://www.inaturalist.org/observations/1518343,https://inaturalist-open-data.s3.amazonaws.com/photos/1880854/medium.jpg,,"","",1,0,false,,Montezuma National Wildlife,42.968576,-76.739674,1551,,,,1551,,open,false,,,Baltimore Oriole,Icterus galbula,Calandria de Baltimore,Aves,9346
3150216,b65999f1-9098-4860-b0bd-ae22be87f634,Wed May 11 2016 10:59:24 GMT-0400 (EDT),2016-05-11,2016-05-11 14:59:24 UTC,Eastern Time (US & Canada),34520,aruhe,ARuhe,2016-05-11 15:07:14 UTC,2020-05-13 00:51:04 UTC,research,CC-BY-NC,http://www.inaturalist.org/observations/3150216,https://inaturalist-open-data.s3.amazonaws.com/photos/3699354/medium.jpg,,"",Male and female with nest- poor image but confirmed ,1,0,false,3,"Valley Forge National Historical Park, Upper Merion, PA, US",40.0970196538,-75.4264128675,5,,,,5,,open,false,,,Baltimore Oriole,Icterus galbula,Calandria de Baltimore,Aves,9346
3246296,b9026424-496e-40c8-9696-933b121a5a74,2016-05-21 08:20,2016-05-21,2016-05-21 12:20:00 UTC,Eastern Time (US & Canada),36123,katejensen,Kate Jensen,2016-05-21 15:15:51 UTC,2024-12-27 13:11:37 UTC,research,CC-BY-NC,http://www.inaturalist.org/observations/3246296,https://inaturalist-open-data.s3.amazonaws.com/photos/3756234/medium.jpg,,"",Photo by Jaime Thomas,3,0,false,,"Hopewell Furnace National Historic Site, Berks County, US-PA, US",40.205082,-75.773682,,,,,,,open,false,,,Baltimore Oriole,Icterus galbula,Calandria de Baltimore,Aves,9346
3256005,8196510c-4c09-49ff-9ce4-88c968bb2b56,2016-05-21 15:03:16,2016-05-21,2016-05-21 19:03:16 UTC,Eastern Time (US & Canada),233709,dorothymcq,"",2016-05-21 20:10:35 UTC,2024-12-27 15:35:16 UTC,research,CC-BY-NC,http://www.inaturalist.org/observations/3256005,https://inaturalist-open-data.s3.amazonaws.com/photos/3766054/medium.jpg,,"","",3,0,false,,"Starliper Rd, Clear Spring, MD 21722",39.617817,-77.946186,50,,,,50,,open,false,,,Baltimore Oriole,Icterus galbula,Calandria de Baltimore,Aves,9346
4298766,02da3d3b-453d-4ec8-8485-8c6162979dc9,2016/05/14 8:43 AM HST,2016-05-14,2016-05-14 18:43:00 UTC,Hawaii,347031,darontansley,"",2016-10-08 18:56:52 UTC,2017-06-07 20:06:37 UTC,research,CC-BY-NC,http://www.inaturalist.org/observations/4298766,https://inaturalist-open-data.s3.amazonaws.com/photos/5157534/medium.jpg,,"",,5,0,false,,"Westminster, VT, USA",43.0549663125,-72.5514793396,244,,,,244,,open,false,,,Baltimore Oriole,Icterus galbula,Calandria de Baltimore,Aves,9346
4659151,295795be-1c72-44fc-8c6b-062f573d8e8c,2009/01/09 5:11 PM MST,2009-01-09,2009-01-10 00:11:00 UTC,Mountain Time (US & Canada),159910,mlodinow,Steven Mlodinow,2016-11-29 03:15:16 UTC,2025-08-29 02:25:05 UTC,research,CC-BY-NC,http://www.inaturalist.org/observations/4659151,https://inaturalist-open-data.s3.amazonaws.com/photos/5640496/medium.jpg,,"",,3,0,false,,"Estero San Jose, Baja California Sur, Mexico",23.056515278,-109.6884441376,500,,,,500,,open,false,,,Baltimore Oriole,Icterus galbula,Calandria de Baltimore,Aves,9346
4761011,bf1e845d-1aa8-43e6-966c-5a629bef9ab2,2015/09/02 8:15 AM CDT,2015-09-02,2015-09-02 13:15:00 UTC,Central Time (US & Canada),257635,skrentnyjeff,Jeff Skrentny,2016-12-12 05:30:03 UTC,2017-08-03 01:21:14 UTC,research,CC-BY-NC,http://www.inaturalist.org/observations/4761011,https://inaturalist-open-data.s3.amazonaws.com/photos/5793726/medium.jpg,,"",Baltimore Oriole (male) (Icterus galbula) LaBagh Woods Chicago Cook County IL September 2015 Week #35 Jeff Skrentny IMG_4910,1,0,false,,"LaBagh Woods, North Park, Chicago, IL, USA",41.9766567704,-87.7414083477,70,,,,70,,open,false,,,Baltimore Oriole,Icterus galbula,Calandria de Baltimore,Aves,9346
5074208,72e32229-4af6-49bc-9e15-15541080c06d,2017/02/08 11:25 AM CST,2017-02-08,2017-02-08 17:25:00 UTC,Central Time (US & Canada),15748,xanatsa,Elena Galindo,2017-02-08 16:38:14 UTC,2018-02-22 17:49:44 UTC,research,CC-BY-NC,http://conabio.inaturalist.org/observations/5074208,https://inaturalist-open-data.s3.amazonaws.com/photos/6228467/medium.jpeg,,"",,3,0,false,,"Las Flores, Loma Bonita, Oax., México",18.1099607866,-95.8866119385,488,,,,488,,open,false,,,Bolsero de Baltimore,Icterus galbula,Calandria de Baltimore,Aves,9346
5616387,033de51e-8da6-43ab-b535-48229b034b54,2017/01/11 4:43 PM HST,2017-01-11,2017-01-12 02:43:00 UTC,Hawaii,132585,diegoman,Diego Manzano Méndez,2017-04-08 22:56:09 UTC,2018-01-05 23:13:08 UTC,research,CC-BY-NC,http://conabio.inaturalist.org/observations/5616387,https://inaturalist-open-data.s3.amazonaws.com/photos/6940881/medium.jpeg,,"",Comiendo algo en las hojas secas de guía de chayote.,1,0,false,,"Harvard, 29229 San Cristóbal de las Casas, Chis., México",16.7433051275,-92.6285219193,4,,,,4,,open,false,,,Bolsero de Baltimore,Icterus galbula,Calandria de Baltimore,Aves,9346
6037608,047ee1c8-adf4-4bab-8d16-46803eef6770,Sun Apr 23 2017 13:29:55 GMT-0500 (CDT),2017-04-23,2017-04-23 18:29:55 UTC,Central Time (US & Canada),19673,wrenolivia,Wren Woodburn,2017-05-01 15:51:11 UTC,2018-05-17 18:44:45 UTC,research,CC-BY-NC,https://www.inaturalist.org/observations/6037608,https://inaturalist-open-data.s3.amazonaws.com/photos/7562474/medium.jpg,,"",,3,0,false,3,"Texas A&M University-Corpus Christi, Corpus Christi, TX, US",27.7126076399,-97.3226624542,,,,,,,open,false,,,Baltimore Oriole,Icterus galbula,Calandria de Baltimore,Aves,9346
6063512,55606077-4c94-4a72-bec8-7e34189c0e6d,Tue May 02 2017 20:46:43 GMT-0500 (CDT),2017-05-02,2017-05-03 01:46:43 UTC,Central Time (US & Canada),378418,twatkins,,2017-05-03 01:47:54 UTC,2018-05-17 18:44:36 UTC,research,,https://www.inaturalist.org/observations/6063512,https://static.inaturalist.org/photos/7592683/medium.jpg,,"",,3,0,false,3,"Texas A&M University-Corpus Christi, Corpus Christi, TX, US",27.7116189257,-97.3216289186,78,,,,78,,open,false,,,Baltimore Oriole,Icterus galbula,Calandria de Baltimore,Aves,9346
6150207,2349c2ca-587b-4f11-8e06-ffdb1548a3b0,2016/05/13 12:19 PM EDT,2016-05-13,2016-05-13 16:19:00 UTC,Eastern Time (US & Canada),313678,smpvolunteer-jcannon,Jerry Cannon,2017-05-09 14:52:13 UTC,2024-02-02 22:07:10 UTC,research,CC-BY-NC,https://www.inaturalist.org/observations/6150207,https://inaturalist-open-data.s3.amazonaws.com/photos/7709039/medium.jpeg,,"",,2,0,false,,"Clinton, OH, USA",40.9267224,-81.6304022,2385,,,,2385,,open,false,,,Baltimore Oriole,Icterus galbula,Calandria de Baltimore,Aves,9346
6219690,24bafabc-6f97-4e94-b85b-f0f7fad3941c,2017/05/12 8:43 AM -0400,2017-05-12,2017-05-12 11:43:00 UTC,Atlantic Time (Canada),38482,dtoth,Dan Toth,2017-05-15 13:42:44 UTC,2018-01-19 02:02:07 UTC,research,CC-BY-NC,https://www.inaturalist.org/observations/6219690,https://static.inaturalist.org/photos/7814222/medium.jpeg,,"",,2,0,false,,"Lucas County, OH, USA",41.626967591,-83.188610673,15,,,,15,,open,false,,,Baltimore Oriole,Icterus galbula,Calandria de Baltimore,Aves,9346
6246258,6c2abb9e-1c7c-4b85-acd1-3f7778a029eb,2017-05-17,2017-05-17,,Central Time (US & Canada),417397,jriebe0623,,2017-05-17 12:46:47 UTC,2017-07-30 13:33:15 UTC,research,CC-BY-NC,https://www.inaturalist.org/observations/6246258,https://inaturalist-open-data.s3.amazonaws.com/photos/7852581/medium.jpeg,,"",Singing in a tree,2,0,false,,"Sarpy County, US-NE, US",41.17095,-96.155562,200,,,,200,,open,false,,,Baltimore Oriole,Icterus galbula,Calandria de Baltimore,Aves,9346
6352453,a87640dd-9c2c-4f83-b588-18ae9f8fb6e0,2017/05/20 5:30 PM EDT,2017-05-20,2017-05-20 21:30:00 UTC,Eastern Time (US & Canada),112851,cgbb2004,cgbb2004,2017-05-25 02:10:29 UTC,2017-05-25 09:18:44 UTC,research,CC-BY-NC,https://www.inaturalist.org/observations/6352453,https://inaturalist-open-data.s3.amazonaws.com/photos/8009183/medium.jpeg,,"",,3,0,false,,"Enosburg, VT, USA",44.8907066312,-72.6916837684,25,,,,25,,open,false,,,Baltimore Oriole,Icterus galbula,Calandria de Baltimore,Aves,9346
6528097,a51d52ea-178e-474f-a25a-08af2930dd2f,2017/05/19 11:03 AM EDT,2017-05-19,2017-05-19 15:03:00 UTC,Eastern Time (US & Canada),112851,cgbb2004,cgbb2004,2017-06-06 23:41:59 UTC,2018-02-07 04:08:06 UTC,research,CC-BY-NC,https://www.inaturalist.org/observations/6528097,https://inaturalist-open-data.s3.amazonaws.com/photos/8270542/medium.jpeg,,"",,3,0,false,,"Enosburg, VT, USA",44.8908168439,-72.691623419,2,,,,2,,open,false,,,Baltimore Oriole,Icterus galbula,Calandria de Baltimore,Aves,9346
6679944,72ef9264-57c5-474f-9ab0-291eab86a0c6,2015/05/09 10:40 AM EDT,2015-05-09,2015-05-09 14:40:00 UTC,Eastern Time (US & Canada),174495,tom15,Tom Preney,2017-06-16 15:15:36 UTC,2025-12-08 09:43:40 UTC,research,CC-BY-NC,https://www.inaturalist.org/observations/6679944,https://inaturalist-open-data.s3.amazonaws.com/photos/8467192/medium.jpeg,,"",,9,0,false,,"5200 Matchette Rd, Windsor, ON N9C 4E8, Canada",42.2656784,-83.0785739,186,,,,186,,open,false,,,Baltimore Oriole,Icterus galbula,Calandria de Baltimore,Aves,9346
6761785,3c27c0fd-7177-4896-8f6f-036dc69dbd9b,Thu Jun 22 2017 20:11:34 GMT-0400 (EDT),2017-06-22,2017-06-23 00:11:34 UTC,Eastern Time (US & Canada),498362,meghanan,,2017-06-23 02:57:27 UTC,2024-07-08 04:51:15 UTC,research,,http://inaturalist.ca/observations/6761785,https://static.inaturalist.org/photos/8592432/medium.jpg,,"",,2,0,false,3,"Ashburnham, Peterborough, ON, CA",44.3475883333,-78.294045,,,,,,,open,false,,,Baltimore Oriole,Icterus galbula,Calandria de Baltimore,Aves,9346
7477130,79d3da00-1ab1-4bae-91ab-b74e00c7b905,2013/05/16 12:00 AM -0400,2013-05-16,2013-05-16 03:00:00 UTC,Atlantic Time (Canada),154438,birdizlife,Frank Izaguirre,2017-08-13 16:20:26 UTC,2017-09-19 23:11:04 UTC,research,CC-BY-NC,https://www.inaturalist.org/observations/7477130,https://inaturalist-open-data.s3.amazonaws.com/photos/9733504/medium.jpeg,,"",,1,0,false,,"Ohio, USA",41.6155368,-83.1629429,3379,,,,3379,,open,false,,,Baltimore Oriole,Icterus galbula,Calandria de Baltimore,Aves,9346
7823536,566ad512-4e6c-4df7-a85d-6fdc48c72d9f,2017/09/07 10:31 AM CDT,2017-09-07,2017-09-07 15:31:00 UTC,Central Time (US & Canada),18812,mako252,Jon McIntyre,2017-09-07 18:54:46 UTC,2019-05-16 06:59:50 UTC,research,CC-BY-NC,https://www.inaturalist.org/observations/7823536,https://inaturalist-open-data.s3.amazonaws.com/photos/10294932/medium.jpeg,,"",,3,0,false,,"Calallen, Corpus Christi, TX, USA",27.8481311628,-97.592779844,2,,,,2,,open,false,,,Baltimore Oriole,Icterus galbula,Calandria de Baltimore,Aves,9346
8686608,f8e06653-80e4-4157-8765-d6e6eb816f99,2017/11/04 9:44 AM EDT,2017-11-04,2017-11-04 13:44:00 UTC,Eastern Time (US & Canada),659740,dalien,Daniel Onea,2017-11-04 23:59:47 UTC,2018-08-05 14:44:27 UTC,research,CC-BY-NC,https://www.inaturalist.org/observations/8686608,https://inaturalist-open-data.s3.amazonaws.com/photos/11640732/medium.jpg,,"",At Mass Audubon's Habitat,1,0,false,,"Belmont, MA, USA",42.403985,-71.1861916667,,,,,,,open,false,,,Baltimore Oriole,Icterus galbula,Calandria de Baltimore,Aves,9346
9295757,938fe5cd-1046-4a40-af15-1053026d7509,2017/12/29 8:04 AM PST,2017-12-29,2017-12-29 16:04:00 UTC,Pacific Time (US & Canada),61883,cae1,Chris Evers,2017-12-29 18:24:51 UTC,2017-12-31 02:43:28 UTC,research,CC-BY-NC,https://www.inaturalist.org/observations/9295757,https://inaturalist-open-data.s3.amazonaws.com/photos/12603129/medium.jpeg,,"",,3,0,false,,"11895 SE 197th Pl, Dunnellon, FL 34431, USA",29.041946,-82.569579,45,,,,45,,open,false,,,Baltimore Oriole,Icterus galbula,Calandria de Baltimore,Aves,9346
9448774,9feff2d6-abb8-413d-87da-c551d277c520,2017/05/21 8:29 AM EDT,2017-05-21,2017-05-21 12:29:00 UTC,Eastern Time (US & Canada),18058,ctreher,PappyT,2018-01-12 15:38:21 UTC,2020-06-15 23:48:09 UTC,research,CC-BY-NC,https://www.inaturalist.org/observations/9448774,https://inaturalist-open-data.s3.amazonaws.com/photos/12849510/medium.jpeg,,"",,2,0,false,,"Franklin County, PA, USA",40.0179382696,-77.5542385971,188,,,,188,,open,false,,,Baltimore Oriole,Icterus galbula,Calandria de Baltimore,Aves,9346
9497521,e120f60c-ad18-47e5-b97f-0b2bc56ec0f4,Tue Jan 16 2018 11:28:57 GMT-0500 (EST),2018-01-16,2018-01-16 16:28:57 UTC,Eastern Time (US & Canada),96278,jpsincage,Jamie,2018-01-16 18:44:46 UTC,2018-02-27 19:26:51 UTC,research,,https://www.inaturalist.org/observations/9497521,https://static.inaturalist.org/photos/12938501/medium.jpg,,"",,2,0,false,3,"2260 Whispering Maple Dr, Orlando, FL, US",28.393225,-81.41475,6,,,,6,,open,false,,,Baltimore Oriole,Icterus galbula,Calandria de Baltimore,Aves,9346
10521350,e89b05f9-1c8d-4988-b6fd-28dc6cab38e3,Mon Mar 19 2018 15:34:35 GMT-0400 (EDT),2018-03-19,2018-03-19 19:34:35 UTC,Eastern Time (US & Canada),683008,russell_jacobs,,2018-03-31 04:46:43 UTC,2021-01-31 17:40:43 UTC,research,,https://www.inaturalist.org/observations/10521350,https://static.inaturalist.org/photos/14643317/medium.jpg,,"",,1,0,false,3,"Prospect Park, New York, NY, US",40.6597488661,-73.9748480372,305,,,,305,,open,false,,,Baltimore Oriole,Icterus galbula,Calandria de Baltimore,Aves,9346
11666266,ea42587e-36cc-41ad-8fc5-89763e570a76,2014/12/27 3:42 PM EST,2014-12-27,2014-12-27 20:42:00 UTC,Eastern Time (US & Canada),842874,paul_dennehy,"",2018-04-28 21:07:03 UTC,2022-05-16 03:46:12 UTC,research,CC-BY-NC,https://www.inaturalist.org/observations/11666266,https://inaturalist-open-data.s3.amazonaws.com/photos/16663436/medium.jpeg,,"",Very odd date for this species here in central PA. Fresh roadkill individual.,2,0,false,,"Riverside, PA, USA",40.9471944444,-76.6588833333,,,,,,,open,false,,,Baltimore Oriole,Icterus galbula,Calandria de Baltimore,Aves,9346
11821104,c1e2880f-364f-4a46-83d8-04159c780898,Sun Apr 29 2018 19:40:51 GMT-0500 (CDT),2018-04-29,2018-04-30 00:40:51 UTC,Central Time (US & Canada),792939,broadhead5,,2018-04-30 00:43:55 UTC,2019-10-23 02:48:57 UTC,research,,https://www.inaturalist.org/observations/11821104,https://static.inaturalist.org/photos/16912236/medium.jpg,,"",,2,0,false,3,"10800–10998 Gates Ln, Pea Ridge, AR, US",36.4830783333,-94.1332695,32,,,,32,,open,false,,,Baltimore Oriole,Icterus galbula,Calandria de Baltimore,Aves,9346
12003306,ae2fe20f-b452-4c9d-b715-3f0e4d9bf079,2018/05/01,2018-05-01,,Eastern Time (US & Canada),14216,coachwhipbooks,Chad Arment,2018-05-01 18:57:17 UTC,2018-05-01 22:20:18 UTC,research,CC-BY-NC,https://www.inaturalist.org/observations/12003306,https://static.inaturalist.org/photos/17198268/medium.jpg,,"",,2,0,false,,"Shawnee Prairie Preserve, Greenville, OH 45331, USA",40.0971666,-84.6439886,188,,,,188,,open,false,,,Baltimore Oriole,Icterus galbula,Calandria de Baltimore,Aves,9346
12162460,4a671e5d-206b-458d-b071-694e0f0217c1,2018/05/05 8:04 AM EDT,2018-05-05,2018-05-05 12:04:00 UTC,Eastern Time (US & Canada),431613,cflatow,Carl Flatow,2018-05-05 16:17:52 UTC,2018-05-15 18:01:42 UTC,research,CC-BY-NC-ND,https://www.inaturalist.org/observations/12162460,https://static.inaturalist.org/photos/17458980/medium.jpg,,"",,2,0,false,,"West Hempstead, NY, USA",40.6871746724,-73.6420976894,257,,,,257,,open,false,,,Baltimore Oriole,Icterus galbula,Calandria de Baltimore,Aves,9346
12192114,8e261e96-21ea-4372-9e68-182efbe693d7,2018/05/05 2:52 PM EDT,2018-05-05,2018-05-05 18:52:00 UTC,Eastern Time (US & Canada),300606,greenbottleblue,Sarah Lou H,2018-05-06 12:48:06 UTC,2019-02-24 17:02:47 UTC,research,CC-BY-NC,https://www.inaturalist.org/observations/12192114,https://inaturalist-open-data.s3.amazonaws.com/photos/17510498/medium.jpeg,,"",,3,0,false,,"Angleside, Waltham, MA 02453, USA",42.3674716301,-71.2460669875,8,,,,8,,open,false,,,Baltimore Oriole,Icterus galbula,Calandria de Baltimore,Aves,9346
12199562,546ca902-35d6-4b87-af4c-97aa1154fef9,2018/05/05 9:07 AM EDT,2018-05-05,2018-05-05 13:07:00 UTC,Eastern Time (US & Canada),571552,ccarrollc1,"",2018-05-06 17:26:22 UTC,2019-08-08 02:10:52 UTC,research,CC-BY-NC,https://www.inaturalist.org/observations/12199562,https://inaturalist-open-data.s3.amazonaws.com/photos/17523364/medium.jpeg,,"",,1,0,false,,"Hancock County, OH, USA",40.9608450021,-83.6548376083,61,,,,61,,open,false,,,Baltimore Oriole,Icterus galbula,Calandria de Baltimore,Aves,9346
12221710,e9536b4f-b118-4a88-8d56-389f9650a19f,Sun May 06 2018 10:26:00 GMT-0400 (EDT),2018-05-06,2018-05-06 14:26:00 UTC,Eastern Time (US & Canada),855829,madame_nature,E. Los,2018-05-07 03:26:16 UTC,2019-05-07 01:15:14 UTC,research,,https://www.inaturalist.org/observations/12221710,https://static.inaturalist.org/photos/17561910/medium.jpg,,"",An old nest.,1,0,false,3,"Bailey Ecological Park, Newmarket, ON, CA",44.0375833333,-79.4615466667,5,,,,5,,open,false,,,Baltimore Oriole,Icterus galbula,Calandria de Baltimore,Aves,9346
12389882,e4b92ae7-8c3e-4ebd-8cd2-0f337c067fff,2018-04-30 18:20:15,2018-04-30,2018-04-30 23:20:15 UTC,Central Time (US & Canada),14334,mayfly1963,mayfly1963,2018-05-12 19:29:51 UTC,2023-07-06 21:13:21 UTC,research,CC-BY,https://www.inaturalist.org/observations/12389882,https://inaturalist-open-data.s3.amazonaws.com/photos/17854873/medium.jpg,,Baltimore Oriole (Icterus galbula),"",2,0,false,,"Hagarville, Arkansas, USA",35.51342,-93.326356,4,,,,4,,open,false,,manual,Baltimore Oriole,Icterus galbula,Calandria de Baltimore,Aves,9346
12416343,b8d8b98a-326b-4f30-827f-8473f4981eed,2018-05-13 11:02:02 AM CDT,2018-05-13,2018-05-13 16:02:02 UTC,Central Time (US & Canada),583273,ranger_alex,Alex Burns,2018-05-13 16:09:10 UTC,2023-06-03 15:57:27 UTC,research,,https://www.inaturalist.org/observations/12416343,https://static.inaturalist.org/photos/17901368/medium.jpeg,,"",,1,0,false,2,"3274 Richmond Alcove, Woodbury, MN 55129, USA",44.90163438,-92.90091535,27,,,,27,,open,false,,,Baltimore Oriole,Icterus galbula,Calandria de Baltimore,Aves,9346
12622101,0153d7f5-f004-4929-a879-955a7f6fc0a6,2018/05/04 7:06 PM EDT,2018-05-04,2018-05-04 23:06:00 UTC,Eastern Time (US & Canada),107336,sasquatchbiologist,"",2018-05-20 00:03:49 UTC,2019-08-08 02:08:58 UTC,research,CC-BY-NC,https://www.inaturalist.org/observations/12622101,https://inaturalist-open-data.s3.amazonaws.com/photos/18254161/medium.jpeg,,"",,1,0,false,,"Hancock County, OH, USA",40.9622709323,-83.6552238464,122,,,,122,,open,false,,,Baltimore Oriole,Icterus galbula,Calandria de Baltimore,Aves,9346
12770293,5483e0ba-874c-4f6e-a289-e679618e259e,2018/05/20 2:53 PM EDT,2018-05-20,2018-05-20 18:53:00 UTC,Eastern Time (US & Canada),947955,lenr82,"",2018-05-24 15:13:23 UTC,2018-05-25 19:36:10 UTC,research,CC-BY-NC,https://www.inaturalist.org/observations/12770293,https://inaturalist-open-data.s3.amazonaws.com/photos/18507047/medium.jpeg,,2018-05 Winnipeg,"",1,0,false,,"Assiniboine Park, Winnipeg, MB, Canada",49.8512485785,-97.2441131353,816,,,,26454,,open,false,,,Baltimore Oriole,Icterus galbula,Calandria de Baltimore,Aves,9346
12784674,1818d165-d195-4cab-81f4-11327f2ad9a2,2018/05/21 7:12 PM EDT,2018-05-21,2018-05-21 23:12:00 UTC,Eastern Time (US & Canada),164735,belyykit,"",2018-05-25 00:03:30 UTC,2018-07-02 02:48:50 UTC,research,CC-BY-NC,https://www.inaturalist.org/observations/12784674,https://inaturalist-open-data.s3.amazonaws.com/photos/18532367/medium.jpg,,"",,2,0,false,,"Montgomery, Maryland, United States",39.0577777778,-77.0356,,,,,,,open,false,,,Baltimore Oriole,Icterus galbula,Calandria de Baltimore,Aves,9346
12956726,421d432f-5d6f-4283-97d7-5555cb16db10,2018/05/30 9:46 AM HST,2018-05-30,2018-05-30 19:46:00 UTC,Hawaii,463308,pwinn47,Paul Winn,2018-05-30 16:34:26 UTC,2019-11-13 11:06:18 UTC,research,CC-BY-NC,https://www.inaturalist.org/observations/12956726,https://inaturalist-open-data.s3.amazonaws.com/photos/18834042/medium.jpeg,,"","",4,0,false,,"Cole County, MO, USA",38.6025877428,-92.2973074615,2,,,,2,,open,false,,,Baltimore Oriole,Icterus galbula,Calandria de Baltimore,Aves,9346
13173164,3e92b25b-0006-4344-a235-667eddf9fe9d,2018-08-18 6:51:53 PM CDT,2018-08-18,2018-08-18 23:51:53 UTC,Central Time (US & Canada),1010218,larrysusanna,LarrySusanna GullicksonParrish,2018-06-06 13:41:26 UTC,2018-09-12 21:33:39 UTC,research,,https://www.inaturalist.org/observations/13173164,https://static.inaturalist.org/photos/23404830/medium.jpeg,,"",I believe it is a female,1,0,false,2,"17951 Silver Creek Rd, Galesville, WI 54630, USA",44.0919456482,-91.310836792,,,,,,,open,false,gps,gps,Baltimore Oriole,Icterus galbula,Calandria de Baltimore,Aves,9346
13223910,c291a5b5-8951-4281-b689-177d250a11a6,2018/06/04 9:31 AM HST,2018-06-04,2018-06-04 19:31:00 UTC,Hawaii,347031,darontansley,"",2018-06-08 02:50:37 UTC,2018-06-08 14:38:55 UTC,research,CC-BY-NC,https://www.inaturalist.org/observations/13223910,https://inaturalist-open-data.s3.amazonaws.com/photos/19340729/medium.jpeg,,"",,2,0,false,,"Putney, VT 05346, USA",42.9834828736,-72.5231673807,31,,,,31,,open,false,,,Baltimore Oriole,Icterus galbula,Calandria de Baltimore,Aves,9346
13371157,e2f2481c-9e72-4bba-98de-f1dc0f022e7d,2018/06/10 11:26 AM CDT,2018-06-10,2018-06-10 16:26:00 UTC,Central Time (US & Canada),882321,birdmitch,"",2018-06-12 18:59:02 UTC,2019-03-18 01:19:10 UTC,research,CC-BY-NC,https://www.inaturalist.org/observations/13371157,https://inaturalist-open-data.s3.amazonaws.com/photos/19603292/medium.jpeg,,"","Photo taken after banding, just prior to release",2,0,false,,"Lakeville, MN, USA",44.6730286224,-93.3009334952,174,,,,174,,open,false,,,Baltimore Oriole,Icterus galbula,Calandria de Baltimore,Aves,9346
14216915,3e075bfc-a11a-44ae-b090-571fd04aeec8,2018/06/23 8:10 PM CDT,2018-06-23,2018-06-24 01:10:00 UTC,Central Time (US & Canada),381291,timidlittleturtle,Caroline S.,2018-07-10 01:17:47 UTC,2018-07-19 17:03:31 UTC,research,CC-BY-NC,https://www.inaturalist.org/observations/14216915,https://inaturalist-open-data.s3.amazonaws.com/photos/21090533/medium.jpeg,,"",The baby bird kept calling to it's parent who continued to answer. ,1,0,false,,"Wisconsin, US",43.6877457422,-88.0886246957,696,,,,27443,obscured,open,true,,,Baltimore Oriole,Icterus galbula,Calandria de Baltimore,Aves,9346
14360247,f742424c-7579-4ed9-9952-cae06d9add78,2018-07-14 3:59:57 PM EDT,2018-07-14,2018-07-14 19:59:57 UTC,Eastern Time (US & Canada),760322,peterfifield,Peter Fifield,2018-07-14 20:49:24 UTC,2024-11-01 13:07:20 UTC,research,,https://www.inaturalist.org/observations/14360247,https://static.inaturalist.org/photos/21343562/medium.jpeg,,"",,3,1,false,2,"Unnamed Road, Hingham, MA 02043, USA",42.2713890076,-70.8813858032,,,,,,,open,false,gps,gps,Baltimore Oriole,Icterus galbula,Calandria de Baltimore,Aves,9346
14610491,0b70f341-31ab-4bc3-a184-0e2ea4e3c5cb,2018/05/13 2:43 PM EDT,2018-05-13,2018-05-13 18:43:00 UTC,Eastern Time (US & Canada),1101210,helado,Steve,2018-07-22 16:58:27 UTC,2018-07-22 17:00:26 UTC,research,CC-BY-NC,https://www.inaturalist.org/observations/14610491,https://inaturalist-open-data.s3.amazonaws.com/photos/21782310/medium.jpg,,"",,2,0,false,,"8600 Hubbard Valley Rd, Seville, OH 44273, USA",41.0400458,-81.8492442,190,,,,190,,open,false,,,Corrupião-laranja,Icterus galbula,Calandria de Baltimore,Aves,9346
15831701,5d0fb780-a716-48e1-9ae2-5ba7f3a5a587,2018-05-14 12:30:00 AM EDT,2018-05-14,2018-05-14 04:30:00 UTC,Eastern Time (US & Canada),1093685,crazybirdy,"",2018-08-24 02:07:34 UTC,2021-05-13 20:36:13 UTC,research,CC-BY-NC,https://www.inaturalist.org/observations/15831701,https://inaturalist-open-data.s3.amazonaws.com/photos/23668767/medium.jpeg,,"",,5,0,false,2,"Leamington, ON, Canada",41.9661721994,-82.5080413744,16829,,,,16829,,open,false,gps,gps,Baltimore Oriole,Icterus galbula,Calandria de Baltimore,Aves,9346
16922544,54a41774-dc05-408d-9676-b75cc6ce5cdd,2018/09/24 4:42 PM MST,2018-09-24,2018-09-24 22:42:00 UTC,Mountain Time (US & Canada),52828,andybridges,Andy Bridges,2018-09-26 03:25:54 UTC,2023-01-01 07:30:41 UTC,research,CC-BY-NC,https://www.inaturalist.org/observations/16922544,https://inaturalist-open-data.s3.amazonaws.com/photos/25570228/medium.jpeg,,"",,5,0,false,,"Petrified Forest, Petrified Forest National Park, Apache, Arizona, United States",35.066645,-109.7788766667,,,,,,,open,false,,,Baltimore Oriole,Icterus galbula,Calandria de Baltimore,Aves,9346
17273014,d523dfcc-3534-45ef-ba11-716a8452fee0,Sat Oct 06 2018 13:32:35 GMT-0700 (PDT),2018-10-06,2018-10-06 20:32:35 UTC,Pacific Time (US & Canada),1189784,northcoaster,,2018-10-07 05:59:16 UTC,2018-10-09 18:46:38 UTC,research,,https://www.inaturalist.org/observations/17273014,https://static.inaturalist.org/photos/26204371/medium.jpg,,"",,3,0,false,3,"13 First Ave, Davenport, CA, US",37.0194112173,-122.2037738468,22,,,,22,,open,false,,,Baltimore Oriole,Icterus galbula,Calandria de Baltimore,Aves,9346
17816046,ffb1836d-4d62-457d-968f-19a20c533cd5,2017/05/14 5:02 AM CDT,2017-05-14,2017-05-14 10:02:00 UTC,Central Time (US & Canada),395895,wildlander,Jared Gorrell,2018-10-25 04:33:35 UTC,2019-05-15 17:29:14 UTC,research,CC-BY-NC,https://www.inaturalist.org/observations/17816046,https://inaturalist-open-data.s3.amazonaws.com/photos/27188949/medium.jpeg,,"","",1,0,false,,"Marquette Heights, IL 61554, USA",40.6184827617,-89.6128211344,8,,,,8,,open,false,,,Baltimore Oriole,Icterus galbula,Calandria de Baltimore,Aves,9346
18271866,a4b7fbfc-b6d2-4e40-885f-4f03ece66417,2018/11/08 1:39 PM EST,2018-11-08,2018-11-08 18:39:00 UTC,Eastern Time (US & Canada),284003,ken-potter,Ken Potter,2018-11-08 23:12:31 UTC,2018-11-10 03:10:12 UTC,research,CC-BY-NC,https://www.inaturalist.org/observations/18271866,https://inaturalist-open-data.s3.amazonaws.com/photos/27912791/medium.jpeg,,"",Barton Nature Area ,1,0,false,,"Wines, Ann Arbor, MI, USA",42.3170330622,-83.7699984525,61,,,,61,,open,false,,,Baltimore Oriole,Icterus galbula,Calandria de Baltimore,Aves,9346
18655064,002082b9-3f5c-43d9-8408-40bb78a59456,2018/11/26 12:11 PM AST,2018-11-26,2018-11-26 16:11:00 UTC,Atlantic Time (Canada),746388,stevenmcgrath,Steven McGrath,2018-11-26 18:38:45 UTC,2025-07-27 18:38:34 UTC,research,CC-BY-NC-ND,https://www.inaturalist.org/observations/18655064,https://inaturalist-open-data.s3.amazonaws.com/photos/28557133/medium.jpeg,,"",,2,0,false,,"Sydney, NS, Canada",46.154710828,-60.174190764,61,,,,27063,,open,false,,,Baltimore Oriole,Icterus galbula,Calandria de Baltimore,Aves,9346
18668186,f0a48bbc-086a-46d0-be71-aac7a9db58c3,2018/05/04 12:22 PM UTC,2018-05-04,2018-05-04 12:22:00 UTC,UTC,1360327,barbarella51,"",2018-11-27 05:14:43 UTC,2018-11-30 22:49:46 UTC,research,CC-BY-NC,https://www.inaturalist.org/observations/18668186,https://inaturalist-open-data.s3.amazonaws.com/photos/28700467/medium.jpg,,"","",3,0,false,,"755 Leicester Rd, Elk Grove Village, IL, US",42.0090470705,-88.0124468366,1325,,,,1325,,open,false,,,Baltimore Oriole,Icterus galbula,Calandria de Baltimore,Aves,9346
20228633,41632a3b-655d-4462-8396-e2e661e29449,2016-05-08 11:14:54,2016-05-08,2016-05-08 15:14:54 UTC,Eastern Time (US & Canada),43807,keimwj,Bill Keim,2019-02-09 14:30:47 UTC,2024-09-22 06:01:00 UTC,research,CC-BY,https://www.inaturalist.org/observations/20228633,https://inaturalist-open-data.s3.amazonaws.com/photos/31218501/medium.jpg,,"Churchville Nature Center, Bucks Co, PA, Class: Aves, Order: Passeriformes, Family: Icteridae, Baltimore Oriole (Icterus galbula)","08 May 2016.
Churchville Nature Center, Bucks Co, PA.
Male.
",2,0,false,,"Northampton, Pennsylvania, United States",40.18875,-75.001301,101,,,,101,,open,false,,"",Baltimore Oriole,Icterus galbula,Calandria de Baltimore,Aves,9346
20291915,29c75f1e-33fc-43ac-b031-98260c0aea87,2013/05/07 4:43 PM CDT,2013-05-07,2013-05-07 21:43:00 UTC,Central Time (US & Canada),375183,ehjalmarson,Emily Hjalmarson,2019-02-12 01:33:36 UTC,2019-06-01 04:18:21 UTC,research,CC-BY-NC,https://www.inaturalist.org/observations/20291915,https://inaturalist-open-data.s3.amazonaws.com/photos/31326629/medium.jpeg,,Gordon Bubolz,,1,0,false,,"N Sugar Maple Ln, Appleton, WI 54913, USA",44.315639,-88.4573454,1689,,,,1689,,open,false,,,Baltimore Oriole,Icterus galbula,Calandria de Baltimore,Aves,9346
20715959,5d7a6486-2185-46b2-94cb-3f013279d985,2018/05/02,2018-05-02,,Central Time (US & Canada),539598,sylbird,S. Queen,2019-02-24 02:46:42 UTC,2019-03-02 13:12:41 UTC,research,CC-BY-NC,https://www.inaturalist.org/observations/20715959,https://inaturalist-open-data.s3.amazonaws.com/photos/31936326/medium.jpeg,,"",,3,0,false,,"Veterans Memorial Lake, Arkansas City, KS 67005, USA",37.0455664199,-97.0513950478,70,,,,70,,open,false,,,Baltimore Oriole,Icterus galbula,Calandria de Baltimore,Aves,9346
21792445,97540d8f-30f1-4384-abb0-7b8e3c3611af,Tue May 22 2018 08:32:08 GMT-0400 (EDT),2018-05-22,2018-05-22 12:32:08 UTC,Eastern Time (US & Canada),1555875,poppoff,Eva Popp,2019-03-30 19:30:46 UTC,2024-11-08 15:40:28 UTC,research,CC-BY-NC-SA,https://www.inaturalist.org/observations/21792445,https://inaturalist-open-data.s3.amazonaws.com/photos/33755098/medium.jpg,,"",,2,0,false,3,"8 Bates Way, Westfield, NJ, US",40.6312453673,-74.3455040836,19,,,,19,,open,false,,,Baltimore Oriole,Icterus galbula,Calandria de Baltimore,Aves,9346
21944766,69295f70-e279-46fc-ad47-f306b7b8f86f,2018/06/27 10:13 AM EDT,2018-06-27,2018-06-27 14:13:00 UTC,Eastern Time (US & Canada),5892,botanygirl,"",2019-04-03 13:51:21 UTC,2019-04-03 22:36:23 UTC,research,CC-BY,https://www.inaturalist.org/observations/21944766,https://inaturalist-open-data.s3.amazonaws.com/photos/34008083/medium.jpeg,,"",,3,0,false,,"Greenbrier County, WV, USA",38.0883245123,-80.328617456,61,,,,61,,open,false,,,Baltimore Oriole,Icterus galbula,Calandria de Baltimore,Aves,9346
22263498,ba0f18a9-b177-42c9-abf1-9c377fc36680,2018/05/13 11:58 AM EDT,2018-05-13,2018-05-13 15:58:00 UTC,Eastern Time (US & Canada),355844,dms215,Dany Sloan,2019-04-10 00:53:29 UTC,2019-06-06 14:48:14 UTC,research,CC-BY-NC,https://www.inaturalist.org/observations/22263498,https://inaturalist-open-data.s3.amazonaws.com/photos/34476426/medium.jpg,,"Baltimore Oriole, DC Birds, East Potomac Park Hains Point, Washington DC",,2,1,false,,"Hains Point, Washington, DC 20242, USA",38.8573047,-77.0223569,1689,,,,1689,,open,false,,,Baltimore Oriole,Icterus galbula,Calandria de Baltimore,Aves,9346
22561888,d11502e2-ea95-420a-b013-40634815c21c,2013/06/09 9:11 PM CDT,2013-06-09,2013-06-10 02:11:00 UTC,Central Time (US & Canada),1606467,judyanng,"",2019-04-16 16:02:04 UTC,2019-04-16 16:03:00 UTC,research,CC-BY-NC,https://www.inaturalist.org/observations/22561888,https://inaturalist-open-data.s3.amazonaws.com/photos/34955011/medium.jpg,,"",baby oriole fell out of nest,1,0,false,,"Schuylkill County, PA, USA",40.6873058,-76.1783739,45872,,,,45872,,open,false,,,Baltimore Oriole,Icterus galbula,Calandria de Baltimore,Aves,9346
22666957,57b8ba8b-acc5-43bd-8971-a41c6980e373,2019-01-24 9:39:03 AM CST,2019-01-24,2019-01-24 15:39:03 UTC,Mexico City,377956,corazonyvidamixe,"",2019-04-18 17:52:15 UTC,2019-04-18 19:28:32 UTC,research,CC-BY-NC,https://www.inaturalist.org/observations/22666957,https://inaturalist-open-data.s3.amazonaws.com/photos/35120901/medium.jpeg,,"",,2,0,false,2,"Unnamed Road, Oaxaca, México",16.8593826294,-95.5304031372,,,,,,,open,false,gps,gps,Calandria de Baltimore,Icterus galbula,Calandria de Baltimore,Aves,9346
22759776,8941d615-6646-4c3d-be45-6c0a3e2c84ba,2019-04-20 10:53:22 AM CDT,2019-04-20,2019-04-20 15:53:22 UTC,Central Time (US & Canada),31101,ilouque,Irvin Louque,2019-04-20 15:58:37 UTC,2024-04-18 19:20:00 UTC,research,CC-BY,https://www.inaturalist.org/observations/22759776,https://inaturalist-open-data.s3.amazonaws.com/photos/35272806/medium.jpg,,yard,"",3,0,false,2,"127 Irvin Street, Lake Charles, LA 70605, USA",30.1678592988,-93.230115585,5,,,,5,,open,false,gps,gps,Baltimore Oriole,Icterus galbula,Calandria de Baltimore,Aves,9346
22851311,1a7f8a35-aaed-4f21-9194-193670cdbb6d,2013-05-27 14:15:27,2013-05-27,2013-05-27 18:15:27 UTC,Eastern Time (US & Canada),18668,xris,Chris Kreussling (Flatbush Gardener),2019-04-21 23:41:50 UTC,2022-11-14 03:47:20 UTC,research,CC-BY-NC,https://www.inaturalist.org/observations/22851311,https://inaturalist-open-data.s3.amazonaws.com/photos/35418870/medium.jpg,,"May, NY, New York City, NYC, Staten Island, 2013, Clove Lakes Park, York, Memorial Day, Dead Oriole","Dead oriole found while looking for Magicicada Brood II in Clove Lakes Park, Staten Island, New York City

<a href=""http://flatbushgardener.blogspot.com/2013/05/magicicada-brood-ii.html"" rel=""noreferrer nofollow"">Magicicada Brood II</a>, 2013-05-28",2,0,false,,"New York, New York, United States",40.625538,-74.121873,,,,,,,open,false,,"",Baltimore Oriole,Icterus galbula,Calandria de Baltimore,Aves,9346
23036450,30bdae87-7155-4232-9991-f1c45e309e2f,2019/04/24 5:36 PM CDT,2019-04-24,2019-04-24 22:36:00 UTC,Central Time (US & Canada),16522,scottbuckel,Scott Buckel,2019-04-25 04:29:47 UTC,2025-09-01 03:37:52 UTC,research,CC-BY-NC,https://www.inaturalist.org/observations/23036450,https://inaturalist-open-data.s3.amazonaws.com/photos/35711609/medium.jpg,,"",I met a friend for dinner this evening in Galveston so I decided to head to the island early and I found a few things.,2,0,false,,"Galveston, TX, USA",29.2185183333,-94.9342416667,,,,,,,open,false,,,Baltimore Oriole,Icterus galbula,Calandria de Baltimore,Aves,9346
23790631,764dc6ce-4250-45f0-bf98-9036e8ea78b5,2019/04/28 3:59 PM EDT,2019-04-28,2019-04-28 19:59:00 UTC,Eastern Time (US & Canada),42746,laurabankey,"",2019-04-29 00:21:25 UTC,2019-04-29 15:20:11 UTC,research,CC-BY-NC,https://www.inaturalist.org/observations/23790631,https://inaturalist-open-data.s3.amazonaws.com/photos/36811784/medium.jpg,,"",,2,0,false,,"2002 Cromwell Bridge Rd, Parkville, MD 21234, USA",39.4160489,-76.5509819,189,,,,189,,open,false,,,Baltimore Oriole,Icterus galbula,Calandria de Baltimore,Aves,9346
24054596,59a0718d-8970-427d-8499-2c140758f719,2019-04-29 6:36:32 PM EDT,2019-04-29,2019-04-29 22:36:32 UTC,Eastern Time (US & Canada),663362,jcbarber,,2019-04-29 22:58:56 UTC,2025-10-22 11:16:29 UTC,research,CC-BY-NC,https://www.inaturalist.org/observations/24054596,https://inaturalist-open-data.s3.amazonaws.com/photos/37202178/medium.jpeg,,"","Banded, same spot on 5/5/2018",1,0,false,2,"3312 Bradford Rd, Cleveland Heights, OH 44118, USA",41.4906044006,-81.5609054565,,,,,,,open,false,gps,gps,Baltimore Oriole,Icterus galbula,Calandria de Baltimore,Aves,9346
24308122,62c514e9-86bc-4b02-a735-0bd6df4b58d0,2019-04-30 3:02:02 PM CDT,2019-04-30,2019-05-01 01:02:02 UTC,Hawaii,754021,shzimmer,"",2019-05-01 19:22:12 UTC,2019-10-23 01:23:26 UTC,research,CC-BY-NC,https://www.inaturalist.org/observations/24308122,https://inaturalist-open-data.s3.amazonaws.com/photos/37587688/medium.jpeg,,"",,3,0,false,2,"2865 N Dorchester Dr, Fayetteville, AR 72703, USA",36.1033058167,-94.160987854,,,,,,,open,false,gps,gps,Baltimore Oriole,Icterus galbula,Calandria de Baltimore,Aves,9346
24614378,03218e4f-4ed0-4f01-a5ac-926f68969659,2013/04/01 4:00 PM PDT,2013-04-01,2013-04-01 23:00:00 UTC,Pacific Time (US & Canada),99304,phylogenomics,Jonathan Eisen,2019-05-05 19:57:46 UTC,2023-09-15 06:20:45 UTC,research,CC-BY,https://www.inaturalist.org/observations/24614378,https://inaturalist-open-data.s3.amazonaws.com/photos/38058328/medium.jpg,,"",,3,1,false,,"Puntarenas Province, Monteverde, Costa Rica",10.3144198024,-84.8197655987,1539,,,,1539,,open,false,,,Baltimore Oriole,Icterus galbula,Calandria de Baltimore,Aves,9346
24635780,bdd24b60-fbd6-4bb0-a1a6-163ce14431d1,2019/05/05 11:15 AM ,2019-05-05,2019-05-05 16:15:00 UTC,Central Time (US & Canada),1694518,teleporting,Brett/Tele,2019-05-06 00:50:44 UTC,2019-05-07 10:00:32 UTC,research,CC0,https://www.inaturalist.org/observations/24635780,https://inaturalist-open-data.s3.amazonaws.com/photos/38092765/medium.jpeg,,"",,1,0,false,,"Jasper County, IA, USA",41.6862071244,-92.864430469,192,,,,192,,open,false,,,Baltimore Oriole,Icterus galbula,Calandria de Baltimore,Aves,9346
24756232,fd91909f-cd96-40b3-961d-986f10f38f45,2019/05/07 4:40 PM EDT,2019-05-07,2019-05-07 20:40:00 UTC,Eastern Time (US & Canada),659740,dalien,Daniel Onea,2019-05-07 22:51:27 UTC,2024-08-03 15:16:06 UTC,research,CC-BY-NC,https://www.inaturalist.org/observations/24756232,https://inaturalist-open-data.s3.amazonaws.com/photos/38283254/medium.jpeg,,"","",4,0,false,,"Medford, MA, USA",42.4273983333,-71.12369,,,,,,,open,false,,,Baltimore Oriole,Icterus galbula,Calandria de Baltimore,Aves,9346
24794244,517febdd-ac20-4b6c-8d0d-8c27c1c954e7,Wed May 08 2019 13:56:17 GMT-0400 (EDT),2019-05-08,2019-05-08 17:56:17 UTC,Eastern Time (US & Canada),679099,carliefmw,,2019-05-08 18:01:11 UTC,2019-05-10 00:20:04 UTC,research,,https://www.inaturalist.org/observations/24794244,https://static.inaturalist.org/photos/38345674/medium.jpg,,"",,1,0,false,3,"Connecticut, US",41.4897417443,-72.4896678794,24,,,,27785,obscured,open,true,,,Baltimore Oriole,Icterus galbula,Calandria de Baltimore,Aves,9346
24815344,471b802e-04ed-4122-9f72-902402377008,2019/05/08 4:51 PM HST,2019-05-08,2019-05-09 02:51:00 UTC,Hawaii,704781,paulroots,Paul Roots,2019-05-09 01:15:43 UTC,2023-07-07 11:13:35 UTC,research,CC-BY,https://www.inaturalist.org/observations/24815344,https://inaturalist-open-data.s3.amazonaws.com/photos/38378454/medium.jpeg,,"",Juvenile Baltimore Oriole? Not certain about that but it was definitely with 2 other Baltimore Orioles.,1,0,false,,"Lincoln Square, Chicago, IL, USA",41.988319312,-87.6878975861,46,,,,46,,open,false,,,Baltimore Oriole,Icterus galbula,Calandria de Baltimore,Aves,9346
24819968,338441b3-1290-4151-99e4-aafb41195568,2019/05/06 6:01 AM CDT,2019-05-06,2019-05-06 11:01:00 UTC,Central Time (US & Canada),539598,sylbird,S. Queen,2019-05-09 03:12:59 UTC,2019-05-10 00:53:46 UTC,research,CC-BY-NC,https://www.inaturalist.org/observations/24819968,https://inaturalist-open-data.s3.amazonaws.com/photos/38382991/medium.jpeg,,"",,3,0,false,,"Kansas, US",37.2033882519,-97.4073767859,185,,,,28417,obscured,open,true,,,Baltimore Oriole,Icterus galbula,Calandria de Baltimore,Aves,9346
24837160,fa6b31f1-e0de-4457-b2bd-9f2f84e28574,2019-05-06 12:48:53 PM EDT,2019-05-06,2019-05-06 16:48:53 UTC,Eastern Time (US & Canada),757381,danefroymson,Dan Efroymson,2019-05-09 14:40:05 UTC,2022-04-19 23:18:08 UTC,research,,https://www.inaturalist.org/observations/24837160,https://static.inaturalist.org/photos/38415062/medium.jpg,,"",,3,0,false,2,"3500 Broad Street, Philadelphia, PA 19145, USA",39.9027786255,-75.1786117554,,,,,,,open,false,gps,gps,Baltimore Oriole,Icterus galbula,Calandria de Baltimore,Aves,9346
24965039,2c2b48ca-beb4-4a3e-a0be-b93bf9261e35,2019/05/11 11:56 AM CDT,2019-05-11,2019-05-11 16:56:00 UTC,Central Time (US & Canada),1573468,kj417,Kenny Johnson,2019-05-11 23:20:06 UTC,2020-01-26 16:22:11 UTC,research,,https://www.inaturalist.org/observations/24965039,https://static.inaturalist.org/photos/38621887/medium.jpg,,"",I lured this one out of my tulip tree with oranges for this photo,3,0,false,,"Neosho, MO 64850, USA",36.8577302825,-94.3798659376,4,,,,4,,open,false,,,Baltimore Oriole,Icterus galbula,Calandria de Baltimore,Aves,9346
25083674,ef403b79-23ab-4120-b2e4-cfe130730c39,Mon May 13 2019 14:41:52 GMT-0400 (GMT-4),2019-05-13,2019-05-13 17:41:52 UTC,Atlantic Time (Canada),1640077,martyblan,Martine Blanchette,2019-05-13 23:47:39 UTC,2019-05-26 20:11:06 UTC,research,CC-BY-NC,https://www.inaturalist.org/observations/25083674,https://inaturalist-open-data.s3.amazonaws.com/photos/38819014/medium.jpg,,"","Oriole de Baltimore 
",3,0,false,3,"Québec, CA",45.3516865122,-73.3614579959,10,,,,27190,obscured,open,true,,,oriole du nord,Icterus galbula,Calandria de Baltimore,Aves,9346
25134856,2f2f8548-2ce3-4fb9-a1c8-c890e347fa3d,2019/05/14 5:20 PM EDT,2019-05-14,2019-05-14 21:20:00 UTC,Eastern Time (US & Canada),367383,jeremyhussell,Jeremy Hussell,2019-05-14 23:07:00 UTC,2026-03-08 21:08:32 UTC,research,CC-BY-NC,https://www.inaturalist.org/observations/25134856,https://inaturalist-open-data.s3.amazonaws.com/photos/38902123/medium.jpeg,,"","Watched the female fly across the path to land next to a male. Oh, they must be a pair! Oh, there's a nest! AAAH! He's dead!",6,0,false,,"Norfolk County, ON, Canada",42.6150258974,-80.4559606518,2,,,,2,,open,false,,,Baltimore Oriole,Icterus galbula,Calandria de Baltimore,Aves,9346
25241147,dc4db88d-c88f-415c-bee6-1b0f0f1d00b5,2019/05/15 5:42 PM EDT,2019-05-15,2019-05-15 21:42:00 UTC,Eastern Time (US & Canada),698218,suegregoire,"",2019-05-17 00:09:43 UTC,2019-06-10 00:08:52 UTC,research,CC-BY-NC,https://www.inaturalist.org/observations/25241147,https://inaturalist-open-data.s3.amazonaws.com/photos/39074994/medium.jpeg,,"",Baltimore Oriole male 15 May 2019,2,0,false,,"5373 Fitzgerald Rd, Burdett, NY 14818, USA",42.443508,-76.758202,156,,,,156,,open,false,,,Baltimore Oriole,Icterus galbula,Calandria de Baltimore,Aves,9346
25327804,c305530b-0c3c-460b-969b-ea911c2c0dbf,Sat May 18 2019 13:35:37 GMT-0400 (EDT),2019-05-18,2019-05-18 17:35:37 UTC,Eastern Time (US & Canada),1555072,ryan1314,"",2019-05-18 17:35:49 UTC,2022-05-16 03:40:38 UTC,research,CC-BY-NC,https://www.inaturalist.org/observations/25327804,https://inaturalist-open-data.s3.amazonaws.com/photos/39215389/medium.jpg,,"",,2,0,false,3,"115 Sandborn St, New York, NY, US",40.5338054896,-74.1697811802,10,,,,10,,open,false,,,Baltimore Oriole,Icterus galbula,Calandria de Baltimore,Aves,9346
25498909,f3f37caa-b981-43f5-8463-cc9f3c11556d,2019/05/18 9:15 AM EDT,2019-05-18,2019-05-18 13:15:00 UTC,Eastern Time (US & Canada),20400,matthew_wills,"",2019-05-21 13:30:46 UTC,2019-05-22 00:39:45 UTC,research,CC-BY-NC,https://www.inaturalist.org/observations/25498909,https://inaturalist-open-data.s3.amazonaws.com/photos/39502373/medium.jpg,,"","",2,0,false,,"Inwood, New York, NY, USA",40.8712692569,-73.9235379525,488,,,,488,,open,false,,,Baltimore Oriole,Icterus galbula,Calandria de Baltimore,Aves,9346
25582053,a5270205-5e92-47a7-89be-b221b6520663,2019/05/22 4:04 PM ADT,2019-05-22,2019-05-22 19:04:00 UTC,Atlantic Time (Canada),177046,jdee,Jimmy Dee,2019-05-22 21:14:04 UTC,2025-05-07 14:19:01 UTC,research,CC-BY-SA,https://www.inaturalist.org/observations/25582053,https://inaturalist-open-data.s3.amazonaws.com/photos/39640015/medium.jpg,,"",,3,0,false,,"Minto, NB E4B, Canada",46.0767837142,-66.0549352295,585,,,,585,,open,false,,,Baltimore Oriole,Icterus galbula,Calandria de Baltimore,Aves,9346
25585944,00cc567b-cb45-4b13-9f9f-f8fee92cae36,Wed May 22 2019 18:15:58 GMT-0400 (EDT),2019-05-22,2019-05-22 22:15:58 UTC,Eastern Time (US & Canada),1779963,tim42vikings,,2019-05-22 22:20:03 UTC,2019-05-23 03:29:58 UTC,research,CC-BY-NC,https://www.inaturalist.org/observations/25585944,https://inaturalist-open-data.s3.amazonaws.com/photos/39646193/medium.jpg,,"",,1,0,false,3,"101–199 Maple St, Ontonagon, MI, US",46.7467794651,-89.5861666037,165,,,,165,,open,false,,,Baltimore Oriole,Icterus galbula,Calandria de Baltimore,Aves,9346
25591828,e3155cc3-a9c8-4f81-8d38-bc2cc6ad1520,Wed May 22 2019 20:18:05 GMT-0400 (EDT),2019-05-22,2019-05-23 00:18:05 UTC,Eastern Time (US & Canada),1537128,juleshoops3,,2019-05-23 00:20:30 UTC,2022-05-13 13:27:32 UTC,research,CC-BY-NC,https://www.inaturalist.org/observations/25591828,https://inaturalist-open-data.s3.amazonaws.com/photos/39656091/medium.jpg,,"",,2,0,false,3,"Central Park, New York, NY, US",40.7791233211,-73.9662643593,728,,,,728,,open,false,,,Baltimore Oriole,Icterus galbula,Calandria de Baltimore,Aves,9346
25651181,e65c189b-2306-495b-8196-4868297335d0,2019-05-23,2019-05-23,,Eastern Time (US & Canada),1768608,bert_raccoon,Gone But Not Forgotten - R.I.P,2019-05-24 01:23:02 UTC,2023-11-18 05:51:40 UTC,research,CC-BY-NC,https://www.inaturalist.org/observations/25651181,https://inaturalist-open-data.s3.amazonaws.com/photos/39754964/medium.jpeg,,"","",3,0,false,,"Kawartha Lakes, ON, Canada",44.3602186275,-78.8294677478,31250,,,,31250,,open,false,,"",Baltimore Oriole,Icterus galbula,Calandria de Baltimore,Aves,9346
25658735,3166ebe4-dbb0-41bf-a646-1fd3a295b87d,2018-11-03 11:17:44 a. m. GMT-06:00,2018-11-03,2018-11-03 17:17:44 UTC,Mexico City,1075931,ranulfovasquezvargas,Ranulfo Vasquez Vargas,2019-05-24 04:31:37 UTC,2019-05-26 18:47:01 UTC,research,CC-BY-NC,https://www.inaturalist.org/observations/25658735,https://inaturalist-open-data.s3.amazonaws.com/photos/39768303/medium.jpeg,,"",,2,0,false,2,"Santa María Tlahuitoltepec, Oax., México",17.097024398,-96.060522448,4,,,,4,,open,false,,,Baltimore Oriole,Icterus galbula,Calandria de Baltimore,Aves,9346
25682119,c1eb262d-09f5-4d6c-b155-da3d4e00901b,Fri May 24 2019 12:03:43 GMT-0500 (CDT),2019-05-24,2019-05-24 12:03:43 UTC,UTC,1536515,scullysmom,,2019-05-24 17:07:43 UTC,2019-05-28 19:31:10 UTC,research,CC-BY-NC,https://www.inaturalist.org/observations/25682119,https://inaturalist-open-data.s3.amazonaws.com/photos/39807804/medium.jpg,,"","I have these coming to my feeder for about a month now. Both male and female. They have a beautiful song and I give them grape jelly. They really ignore the oranges but yesterday I cut up an apricot. I think they might have tried it. I can never get a picture of them 
",1,0,false,3,"12472 W Paddock Ave, Beach Park, IL, US",42.4076871544,-87.8740094892,24,,,,24,,open,false,,,Baltimore Oriole,Icterus galbula,Calandria de Baltimore,Aves,9346
26138222,52f4f426-a74f-45b3-b222-c4b9622d8b9e,Sun May 12 2019 15:05:27 GMT-0400 (EDT),2019-05-12,2019-05-12 19:05:27 UTC,Eastern Time (US & Canada),1739339,pixie7girl,,2019-05-31 21:21:13 UTC,2021-04-07 22:34:46 UTC,research,CC-BY-NC,https://www.inaturalist.org/observations/26138222,https://inaturalist-open-data.s3.amazonaws.com/photos/40557801/medium.jpg,,Oriole,There are only a couple Orioles with Yellowish colors. They are with a group of about 10 Baltimore Orioles that come to our feeder several times a day.,1,0,false,3,"631 Maple Dr, Skaneateles Falls, NY, US",43.0009166667,-76.4580783333,5,,,,5,,open,false,,,Baltimore Oriole,Icterus galbula,Calandria de Baltimore,Aves,9346
26300678,77982136-11ed-4d2f-afb7-a75e102d0fa9,2019/05/31 7:05 PM HST,2019-05-31,2019-06-01 05:05:00 UTC,Hawaii,1167928,johnguerin,John Guerin,2019-06-03 02:29:56 UTC,2021-10-15 00:42:30 UTC,research,CC-BY-NC,https://www.inaturalist.org/observations/26300678,https://inaturalist-open-data.s3.amazonaws.com/photos/40828761/medium.jpeg,,"",,3,0,false,,"L'Île-Bizard, Montreal, QC, Canada",45.51188,-73.89655,,,,,,,open,false,,,Baltimore Oriole,Icterus galbula,Calandria de Baltimore,Aves,9346
26327425,81264d44-ba1b-48d2-83b6-b59cbabec93c,2019-06-03 9:00:47 AM CST,2019-06-03,2019-06-03 15:00:47 UTC,Saskatchewan,124143,rennygrilz,Renny W. Grilz,2019-06-03 15:02:12 UTC,2019-06-03 15:30:21 UTC,research,CC-BY-NC,https://www.inaturalist.org/observations/26327425,https://inaturalist-open-data.s3.amazonaws.com/photos/40873743/medium.jpeg,,"",Baltimore Oriole observed on a dead wolf willow shrub on the north end of the parking lot at Cranberry Flats.  ,1,0,false,,"Division No. 11, CA-SK, CA",52.03185328,-106.69486265,8,,,,8,,open,false,gps,gps,Baltimore Oriole,Icterus galbula,Calandria de Baltimore,Aves,9346
26367562,4753a5ba-a064-4a77-a13c-16bfd7611a42,2019/05/31 10:55 AM EDT,2019-05-31,2019-05-31 14:55:00 UTC,Eastern Time (US & Canada),112851,cgbb2004,cgbb2004,2019-06-04 02:50:00 UTC,2019-06-11 17:55:04 UTC,research,CC-BY-NC,https://www.inaturalist.org/observations/26367562,https://inaturalist-open-data.s3.amazonaws.com/photos/40938331/medium.jpeg,,"",,3,0,false,,"Deweys Mills, Hartford, VT, USA",43.6460565366,-72.4064805306,10,,,,10,,open,false,,,Baltimore Oriole,Icterus galbula,Calandria de Baltimore,Aves,9346
26398261,1a96079d-6380-4c1f-b9eb-5bbb2509af5c,Tue Jun 04 2019 08:26:18 GMT-0400 (EDT),2019-06-04,2019-06-04 12:26:18 UTC,Eastern Time (US & Canada),924706,buckeye24050,,2019-06-04 18:39:34 UTC,2022-09-02 17:22:09 UTC,research,,https://www.inaturalist.org/observations/26398261,https://static.inaturalist.org/photos/40989570/medium.jpg,,"","",1,0,false,3,"Perrysburg, OH, US",41.5393317081,-83.5660847979,45,,,,45,,open,false,,,Baltimore Oriole,Icterus galbula,Calandria de Baltimore,Aves,9346
26541382,cbd98f4a-cc8f-42eb-9468-530ada7a2165,2019/06/06 9:54 AM MDT,2019-06-06,2019-06-06 15:54:00 UTC,Mountain Time (US & Canada),624246,gewb,"",2019-06-07 09:57:58 UTC,2022-02-01 20:35:19 UTC,research,,https://www.inaturalist.org/observations/26541382,https://static.inaturalist.org/photos/41222438/medium.jpg,,"",,1,0,false,,"Metzger Farm Open Space, Westminster, CO, USA",39.9166970504,-105.0311591317,15,,,,15,,open,false,,,Baltimore Oriole,Icterus galbula,Calandria de Baltimore,Aves,9346
27098850,50e89450-14ea-4cd8-9e39-0e61a353aa14,Sun Jun 16 2019 12:24:36 GMT-0500 (CDT),2019-06-16,2019-06-16 12:24:36 UTC,UTC,1653403,billyburrito,,2019-06-16 17:25:54 UTC,2019-07-04 20:08:28 UTC,research,CC-BY-NC,https://www.inaturalist.org/observations/27098850,https://inaturalist-open-data.s3.amazonaws.com/photos/42127287/medium.jpg,,"",,2,0,false,3,"5500–5576 Rocky Ford Rd, Manhattan, KS, US",39.2388922256,-96.5857499187,5,,,,5,,open,false,,,Baltimore Oriole,Icterus galbula,Calandria de Baltimore,Aves,9346
27324566,e978f853-283a-4700-abb3-b1c02688ffab,2019-06-14 8:15:00 PM MDT,2019-06-14,2019-06-15 02:15:00 UTC,Mountain Time (US & Canada),1867662,trevorsturgeon,Trevor Sturgeon,2019-06-20 14:40:37 UTC,2021-10-29 20:06:49 UTC,research,,https://www.inaturalist.org/observations/27324566,https://static.inaturalist.org/photos/42502568/medium.jpeg,,"",The picture isn't the best but i wonder if the black band under the tail feathers is a clue?,2,0,false,2,"Lacombe County, AB, Canada",52.4648842218,-113.1583468616,147,,,,147,,open,false,gps,gps,Baltimore Oriole,Icterus galbula,Calandria de Baltimore,Aves,9346
27902097,4e59306e-150a-472c-afaa-46582ab3de8d,2019/06/29 1:23 PM EDT,2019-06-29,2019-06-29 17:23:00 UTC,Eastern Time (US & Canada),848507,joemac,Joe MacIndewar,2019-06-30 00:25:04 UTC,2021-04-02 14:54:29 UTC,research,CC-BY-NC,https://www.inaturalist.org/observations/27902097,https://inaturalist-open-data.s3.amazonaws.com/photos/43458224/medium.jpg,,"","",4,0,false,,"Rye, NH, USA",42.990005,-70.764045,,,,,,,open,false,,,Baltimore Oriole,Icterus galbula,Calandria de Baltimore,Aves,9346
28952034,e8b4ef52-f549-4ea3-9980-d5c9ccb5f399,2019/07/16 11:11 AM EDT,2019-07-16,2019-07-16 15:11:00 UTC,Eastern Time (US & Canada),1673632,megachile,Adam Kranz,2019-07-16 18:44:07 UTC,2020-10-10 15:40:21 UTC,research,CC0,https://www.inaturalist.org/observations/28952034,https://inaturalist-open-data.s3.amazonaws.com/photos/45149025/medium.jpeg,,"",Flashes of yellow in the tail during flight,2,0,false,,"Harrison Charter Township, MI, USA",42.5753651395,-82.8049369928,590,,,,590,,open,false,,,Baltimore Oriole,Icterus galbula,Calandria de Baltimore,Aves,9346
28974125,4dca7aa5-914f-42fd-afbe-e406fec31bd4,2018-04-29 14:56:09,2018-04-29,2018-04-29 19:56:09 UTC,Central Time (US & Canada),522214,tdavenport,Tripp Davenport,2019-07-17 01:13:27 UTC,2020-04-25 16:07:49 UTC,research,CC-BY-NC,https://www.inaturalist.org/observations/28974125,https://static.inaturalist.org/photos/45194604/medium.jpg,,"South Padre Island, South Padre Island Convention Center, Cameron County, Tx, Birds, Baltimore Oriole, Icterus galbula","South Padre Island Convention Center, Cameron County Texas",2,0,false,,"Texas, United States",26.1371,-97.174844,,,,,,,open,false,,"",Baltimore Oriole,Icterus galbula,Calandria de Baltimore,Aves,9346
31151832,639627ca-0b93-46c7-88da-36c8457dfe20,Sat Jul 20 2019 13:02:50 GMT-0500 (CDT),2019-07-20,2019-07-20 13:02:50 UTC,UTC,629643,lilihansen,Alesia Roehl Hansen,2019-08-20 01:13:03 UTC,2019-09-03 07:46:09 UTC,research,,https://www.inaturalist.org/observations/31151832,https://static.inaturalist.org/photos/48727398/medium.jpeg,,"",,3,0,false,333,Plymouth,45.0381482539,-93.4096764242,,,,,,,open,false,,,Baltimore Oriole,Icterus galbula,Calandria de Baltimore,Aves,9346
31193359,58f3d0ce-bad2-4e3e-b1e5-a9d792af5320,2019/08/19 8:16 AM EDT,2019-08-19,2019-08-19 12:16:00 UTC,Eastern Time (US & Canada),415953,bkinder832,Bonnie Kinder,2019-08-20 19:28:39 UTC,2021-05-13 20:36:25 UTC,research,CC-BY-NC,https://www.inaturalist.org/observations/31193359,https://inaturalist-open-data.s3.amazonaws.com/photos/48796126/medium.jpeg,,"",,3,0,false,,"King's Forest Lower C, Hamilton, ON, Canada",43.2049133333,-79.809045,,,,,,,open,false,,,Baltimore Oriole,Icterus galbula,Calandria de Baltimore,Aves,9346
31430820,aeb546d0-1e4b-4360-a420-6dffd2b5a1f6,Sat Aug 24 2019 16:08:47 GMT-0500 (CDT),2019-08-24,2019-08-24 16:08:47 UTC,UTC,2142209,daniel_benoit,,2019-08-24 21:10:54 UTC,2020-05-30 14:05:41 UTC,research,CC-BY-NC,https://www.inaturalist.org/observations/31430820,https://inaturalist-open-data.s3.amazonaws.com/photos/49189210/medium.jpg,,"",,1,0,false,3,"St. Laurent, MB, CA",50.42905,-97.962525,64,,,,64,,open,false,,,Baltimore Oriole,Icterus galbula,Calandria de Baltimore,Aves,9346
32889544,6f3c39d6-242e-45a2-bb80-b4cfe0d62055,Tue Sep 17 2019 07:41:21 GMT-0500 (CDT),2019-09-17,2019-09-17 12:41:21 UTC,Central Time (US & Canada),643232,donnadicksson,"",2019-09-17 13:42:56 UTC,2019-09-18 11:31:11 UTC,research,,https://www.inaturalist.org/observations/32889544,https://static.inaturalist.org/photos/51619372/medium.jpg,,"",,4,0,false,3,"Firewheel Golf Park, Garland, TX, US",32.9714377381,-96.6297017279,1183,,,,1183,,open,false,,,Baltimore Oriole,Icterus galbula,Calandria de Baltimore,Aves,9346
33212349,e858a03a-72ee-4998-a225-4a6fe68f1c8d,2017-05-10,2017-05-10,,Eastern Time (US & Canada),1033967,mapeters,Marni Peters,2019-09-22 19:30:51 UTC,2024-09-06 01:05:45 UTC,research,CC-BY-NC,https://www.inaturalist.org/observations/33212349,https://inaturalist-open-data.s3.amazonaws.com/photos/52143871/medium.jpg,,"bird, oriole","",1,0,false,,"Lambton, CA-ON, CA",42.727151,-82.293614,3,,,,3,,open,false,,,Baltimore Oriole,Icterus galbula,Calandria de Baltimore,Aves,9346
33688035,eceb188c-d0c5-4e90-bb3a-32d0c9332d4b,2018/05/05 2:28 PM UTC,2018-05-05,,UTC,287355,filiperibeiro,Filipe J Ribeiro,2019-10-01 05:11:25 UTC,2020-05-31 04:34:57 UTC,research,CC-BY-NC,https://www.inaturalist.org/observations/33688035,https://inaturalist-open-data.s3.amazonaws.com/photos/52936814/medium.jpg,,"",,3,0,false,,"New York, NY, USA",40.7828647,-73.9653551,2200,,,,2200,,open,false,,,Baltimore Oriole,Icterus galbula,Calandria de Baltimore,Aves,9346
34390595,18a874ef-1f74-4c2c-8f7c-69d158665ded,2019/10/13 9:50 AM CDT,2019-10-13,2019-10-13 14:50:00 UTC,Central Time (US & Canada),385061,reybal,Rocio Reybal,2019-10-15 01:47:44 UTC,2022-12-14 18:23:41 UTC,research,CC-BY,https://www.inaturalist.org/observations/34390595,https://inaturalist-open-data.s3.amazonaws.com/photos/54119266/medium.jpeg,,"","",1,0,false,,rancho los angeles,25.1130979295,-100.9862784277,4,,,,4,,open,false,,"",Baltimore Oriole,Icterus galbula,Calandria de Baltimore,Aves,9346
34747922,2c4c3545-d843-4b11-b4a0-e46b2128cbf8,Mon Jun 03 2019 09:17:58 GMT-0400 (EDT),2019-06-03,2019-06-03 13:17:58 UTC,Eastern Time (US & Canada),2381135,mitsg,,2019-10-22 18:50:41 UTC,2019-11-10 15:04:10 UTC,research,CC-BY-NC,https://www.inaturalist.org/observations/34747922,https://inaturalist-open-data.s3.amazonaws.com/photos/54724587/medium.jpg,,"",,2,0,false,3,"Massachusetts, US",42.6575135597,-71.5581942118,10,,,,27599,obscured,open,true,,,Baltimore Oriole,Icterus galbula,Calandria de Baltimore,Aves,9346
34877425,3f7220fe-6451-4447-9af6-cfa8cde13a81,2019-10-19 10:50:00 AM CDT,2019-10-19,2019-10-19 15:50:00 UTC,Mexico City,266698,siyaj-chan,Siyaj Chan SC de RL de CV,2019-10-25 17:00:38 UTC,2019-10-25 20:10:48 UTC,research,CC-BY-NC,https://www.inaturalist.org/observations/34877425,https://inaturalist-open-data.s3.amazonaws.com/photos/54947204/medium.jpeg,,"",,1,0,false,2,"Ocosingo, Chis., México",16.8994222168,-90.9643838927,17,,,,17,,open,false,gps,gps,Baltimore Oriole,Icterus galbula,Calandria de Baltimore,Aves,9346
35100026,6c5eb5c9-cd7d-4260-a8b6-38e5189a0817,2019/10/30 12:00 PM EDT,2019-10-30,2019-10-30 16:00:00 UTC,Eastern Time (US & Canada),20400,matthew_wills,"",2019-10-30 20:44:53 UTC,2019-11-18 18:02:39 UTC,research,CC-BY-NC,https://www.inaturalist.org/observations/35100026,https://inaturalist-open-data.s3.amazonaws.com/photos/55328331/medium.jpg,,"",Nest. ,1,0,false,,"Greenwood Heights, Brooklyn, NY, USA",40.6536936755,-73.9998500654,31,,,,31,,open,false,,,Baltimore Oriole,Icterus galbula,Calandria de Baltimore,Aves,9346
35753793,634f8066-9347-4549-933a-e99d43a45d2e,2019/11/16 5:00 PM EST,2019-11-16,2019-11-16 22:00:00 UTC,Eastern Time (US & Canada),1768608,bert_raccoon,Gone But Not Forgotten - R.I.P,2019-11-16 22:21:45 UTC,2020-01-15 18:36:20 UTC,research,CC-BY-NC,https://www.inaturalist.org/observations/35753793,https://inaturalist-open-data.s3.amazonaws.com/photos/56415167/medium.jpeg,,"",Nest,1,0,false,,"Kings, CA-NS, CA",45.0799735208,-64.489021131,61,,,,61,,open,false,,,Baltimore Oriole,Icterus galbula,Calandria de Baltimore,Aves,9346
35904043,31802e70-6f83-4b1f-a821-253e95206ccd,2018-05-09 8:55:17 AM EDT,2018-05-09,2018-05-09 12:55:17 UTC,Eastern Time (US & Canada),1093685,crazybirdy,"",2019-11-21 01:22:34 UTC,2020-02-02 21:22:57 UTC,research,CC-BY-NC,https://www.inaturalist.org/observations/35904043,https://inaturalist-open-data.s3.amazonaws.com/photos/56676972/medium.jpeg,,"",,2,0,false,2,"Toronto, ON M8V 2B1, Canada",43.5921803911,-79.5134472102,1425,,,,1425,,open,false,gps,gps,Baltimore Oriole,Icterus galbula,Calandria de Baltimore,Aves,9346
36035323,5c0c72e4-a6a3-493e-a028-8b04f2a44fa5,2018/05/06 11:45 AM EDT,2018-05-06,2018-05-06 15:45:00 UTC,Eastern Time (US & Canada),2431916,msovay,Mel Sovay,2019-11-24 22:27:27 UTC,2019-12-09 15:32:12 UTC,research,CC-BY-NC,https://www.inaturalist.org/observations/36035323,https://inaturalist-open-data.s3.amazonaws.com/photos/56909674/medium.jpg,,"",,3,0,false,,"Wakefield, MA 01880, USA",42.5034718911,-71.0519359973,15,,,,15,,open,false,,,Baltimore Oriole,Icterus galbula,Calandria de Baltimore,Aves,9346
36109510,ac1f1387-d47c-4eaa-b5f8-2caccdd2b50b,2019/11/26 9:34 AM HST,2019-11-26,2019-11-26 19:34:00 UTC,Hawaii,613577,schylerbrown,Schyler Brown,2019-11-26 21:03:24 UTC,2023-07-07 16:09:22 UTC,research,CC0,https://www.inaturalist.org/observations/36109510,https://inaturalist-open-data.s3.amazonaws.com/photos/57037793/medium.jpeg,,"",,3,0,false,,"Lewisville, TX, USA",33.0667911728,-96.964215308,15,,,,15,,open,false,,,Baltimore Oriole,Icterus galbula,Calandria de Baltimore,Aves,9346
36340858,80227579-7281-4c6f-949e-b548d8b19691,2007/06/11 10:18 AM PDT,2007-06-11,2007-06-11 17:18:00 UTC,Pacific Time (US & Canada),2426657,mkdwoodruff,Michael Woodruff,2019-12-04 06:41:15 UTC,2019-12-05 22:18:48 UTC,research,CC-BY-NC,https://www.inaturalist.org/observations/36340858,https://inaturalist-open-data.s3.amazonaws.com/photos/57434997/medium.jpeg,,"",,2,0,false,,"New York, NY, USA",40.7828647,-73.9653551,2173,,,,2173,,open,false,,,Baltimore Oriole,Icterus galbula,Calandria de Baltimore,Aves,9346
36628015,eca3a880-2325-4667-ad23-8c8fd3c62ffa,Fri Dec 13 2019 14:31:57 GMT-0500 (EST),2019-12-13,2019-12-13 19:31:57 UTC,Eastern Time (US & Canada),572980,sadawolk,Sandy Wolkenberg,2019-12-13 22:23:08 UTC,2019-12-14 03:50:48 UTC,research,CC-BY,https://www.inaturalist.org/observations/36628015,https://inaturalist-open-data.s3.amazonaws.com/photos/57922855/medium.jpg,,"",,1,0,false,3,"Overpeck County Park, Ridgefield Park, NJ, US",40.86451667,-74.00603612,9,,,,9,,open,false,,,Baltimore Oriole,Icterus galbula,Calandria de Baltimore,Aves,9346
36929133,ae3e44bf-e328-44b9-b492-7076888a27c8,2019/12/22 3:14 PM CST,2019-12-22,2019-12-22 21:14:00 UTC,Central Time (US & Canada),43120,aureliomolinahdz,Aurelio Molina Hernández.,2019-12-25 01:42:22 UTC,2025-04-02 20:30:11 UTC,research,CC-BY-NC,https://www.inaturalist.org/observations/36929133,https://inaturalist-open-data.s3.amazonaws.com/photos/58455363/medium.jpeg,,"","",1,0,false,,"Paso de Ovejas, 91670 Paso de Ovejas, Ver., México",19.2850023054,-96.4343290761,4,,,,4,,open,false,,,Baltimore Oriole,Icterus galbula,Calandria de Baltimore,Aves,9346
37634082,824813af-1aa3-4c33-9417-00a917aa1059,2014/05/11,2014-05-11,,Hawaii,272887,garyyankech,Gary Yankech,2020-01-16 00:54:10 UTC,2023-07-07 18:16:29 UTC,research,,https://www.inaturalist.org/observations/37634082,https://inaturalist-open-data.s3.amazonaws.com/photos/59696617/medium.jpg,,"",Oriole nest,1,0,false,,"Old Toronto, Toronto, ON, Canada",43.6207916563,-79.376094618,485,,,,485,,open,false,,,Baltimore Oriole,Icterus galbula,Calandria de Baltimore,Aves,9346
38014696,7b8e5b83-0c6e-4407-a0a3-a322fc2efd2b,2020-01-26 11:14:29 AM CST,2020-01-26,2020-01-26 21:14:29 UTC,Hawaii,162328,adrianh-m-orozco,Adrianh M. Orozco,2020-01-27 03:55:43 UTC,2025-04-03 03:28:38 UTC,research,CC-BY,https://www.inaturalist.org/observations/38014696,https://inaturalist-open-data.s3.amazonaws.com/photos/60355113/medium.jpg,,"",,1,0,false,2,Tuzamapan,19.4016128504,-96.8643961474,2104,,,,2104,,open,false,gps,gps,Baltimore Oriole,Icterus galbula,Calandria de Baltimore,Aves,9346
38300431,50566271-bd4c-4469-bebb-29e9b6031d7d,2020/02/04 7:44 AM PST,2020-02-04,2020-02-04 15:44:00 UTC,Pacific Time (US & Canada),42662,huatulco,Jon Church,2020-02-04 18:22:01 UTC,2025-04-03 07:05:48 UTC,research,CC-BY-NC-SA,https://www.inaturalist.org/observations/38300431,https://static.inaturalist.org/photos/60852030/medium.jpg,,"",,1,0,false,,"Santa María Huatulco, Oax., Mexico",15.8388229359,-96.3292456016,31,,,,31,,open,false,,,Baltimore Oriole,Icterus galbula,Calandria de Baltimore,Aves,9346
38699302,543d5d9e-6ef1-471f-aca7-42d3e41fba74,2014/02/04 7:10 AM CET,2014-02-04,2014-02-04 06:10:00 UTC,Vienna,827504,gernotkunz,"",2020-02-16 05:22:28 UTC,2025-04-03 12:12:40 UTC,research,CC-BY-NC,https://www.inaturalist.org/observations/38699302,https://static.inaturalist.org/photos/61545401/medium.jpeg,,"",,1,0,false,,"Heredia Province, Sarapiqui, Costa Rica",10.4314596527,-84.0099484308,300,,,,300,,open,false,,,Baltimore Oriole,Icterus galbula,Calandria de Baltimore,Aves,9346
39073726,575db428-437c-4484-809a-259a1ee6344d,2016/11/25 4:26 PM CST,2016-11-25,2016-11-25 22:26:00 UTC,Central Time (US & Canada),1595749,jcochran706,Jack Cochran,2020-02-23 04:00:41 UTC,2020-04-26 16:14:14 UTC,research,CC-BY-NC,https://www.inaturalist.org/observations/39073726,https://inaturalist-open-data.s3.amazonaws.com/photos/62000614/medium.jpeg,,"",,2,0,false,,"Peach Bottom, PA 17563, USA",39.7506049,-76.2269212,2751,,,,2751,,open,false,,,Baltimore Oriole,Icterus galbula,Calandria de Baltimore,Aves,9346
40249277,a590c342-7171-41ce-b53d-f28bcb508de4,2010/01/06 11:02 AM CET,2010-01-06,2010-01-06 10:02:00 UTC,Paris,2243582,paulschrijvershof,Paul G. Schrijvershof,2020-03-19 19:46:45 UTC,2025-12-08 09:44:00 UTC,research,CC-BY-NC-SA,https://www.inaturalist.org/observations/40249277,https://inaturalist-open-data.s3.amazonaws.com/photos/63939361/medium.jpg,,"",,14,0,false,,"1829 Oudorp, Nederland",52.6299,4.7766,,,,,,,open,false,,,Baltimore Oriole,Icterus galbula,Calandria de Baltimore,Aves,9346
40986836,4dea7504-0a65-496e-9206-c61f0ed09929,2015/06/07 3:41 PM EDT,2015-06-07,2015-06-07 19:41:00 UTC,Eastern Time (US & Canada),208120,jef,Jef Taylor,2020-03-29 20:22:03 UTC,2020-10-29 20:20:43 UTC,research,CC-BY-NC,https://www.inaturalist.org/observations/40986836,https://inaturalist-open-data.s3.amazonaws.com/photos/64987199/medium.jpg,,"",fledgling ,1,0,false,,"49 Cleveland St, Dedham, MA 02026, USA",42.2500123,-71.1477527,186,,,,186,,open,false,,,Baltimore Oriole,Icterus galbula,Calandria de Baltimore,Aves,9346
41079545,35f78518-4fb1-4bcd-82c6-fca5ae131b14,2019/05/22 7:11 PM HST,2019-05-22,2019-05-23 05:11:00 UTC,Hawaii,765334,raymie,"",2020-03-31 00:17:37 UTC,2023-12-12 02:47:00 UTC,research,CC-BY-NC,https://www.inaturalist.org/observations/41079545,https://inaturalist-open-data.s3.amazonaws.com/photos/65132160/medium.jpeg,,High Cliff State Park,"",1,0,false,,"Sherwood, WI, USA",44.169381597,-88.2920157766,303,,,,303,,open,false,,,Baltimore Oriole,Icterus galbula,Calandria de Baltimore,Aves,9346
41564565,bba38edc-7504-4f67-bc33-c1c20fd142a3,2020/04/05 12:53 PM EDT,2020-04-05,2020-04-05 16:53:00 UTC,Eastern Time (US & Canada),112851,cgbb2004,cgbb2004,2020-04-06 22:34:00 UTC,2020-04-07 00:48:15 UTC,research,CC-BY-NC,https://www.inaturalist.org/observations/41564565,https://inaturalist-open-data.s3.amazonaws.com/photos/65944059/medium.jpeg,,"",only Oriole species in this area,3,0,false,,United States,44.8716728161,-72.7224797289,2,,,,27253,obscured,open,true,,,Baltimore Oriole,Icterus galbula,Calandria de Baltimore,Aves,9346
42111069,de7d98ee-3a03-49ca-becb-761dfb958977,2017/05/19 7:05 AM EDT,2017-05-19,2017-05-19 11:05:00 UTC,Eastern Time (US & Canada),1131087,jessebugz,"",2020-04-13 19:48:17 UTC,2021-05-26 23:59:33 UTC,research,CC-BY-NC,https://www.inaturalist.org/observations/42111069,https://inaturalist-open-data.s3.amazonaws.com/photos/66842791/medium.jpeg,,"",,1,0,false,,"Dollard-Des Ormeaux, QC, Canada",45.485956674,-73.814111263,244,,,,244,,open,false,,,Baltimore Oriole,Icterus galbula,Calandria de Baltimore,Aves,9346
42714073,1df4c5e8-294c-4a9b-ad81-84cca8c05f8c,Mon Apr 20 2020 18:08:34 GMT-0400 (EDT),2020-04-20,2020-04-20 22:08:34 UTC,Eastern Time (US & Canada),2785229,aylaq,"",2020-04-20 23:24:06 UTC,2020-04-22 16:40:45 UTC,research,CC-BY-NC,https://www.inaturalist.org/observations/42714073,https://inaturalist-open-data.s3.amazonaws.com/photos/67832916/medium.jpg,,"","By Lisa 

#ctbioblitz",1,0,false,3,"Brewster St, Bridgeport, CT, US",41.1593809828,-73.2283080243,20,,,,20,,open,false,,,Baltimore Oriole,Icterus galbula,Calandria de Baltimore,Aves,9346
43880040,c5bce4b1-f56d-4214-ab4e-201900985be1,Mon Apr 27 2020 08:36:30 GMT-0400 (EDT),2020-04-27,2020-04-27 12:36:30 UTC,Eastern Time (US & Canada),764366,mlski,,2020-04-27 12:53:19 UTC,2020-04-27 23:12:29 UTC,research,,https://www.inaturalist.org/observations/43880040,https://static.inaturalist.org/photos/69588286/medium.jpg,,"",,1,0,false,3,"Wayne National Forest, Glouster, OH, US",39.602745,-82.0488195,121,,,,121,,open,false,,,Baltimore Oriole,Icterus galbula,Calandria de Baltimore,Aves,9346
44253586,271a50de-4818-4051-910f-84bf782c8690,2020-04-10 1:33:15 PM GMT-05:00,2020-04-10,2020-04-10 18:33:15 UTC,Bogota,2873244,pacifico1,Pacifico Castro Gil,2020-04-29 14:30:53 UTC,2020-07-26 00:52:59 UTC,research,,https://www.inaturalist.org/observations/44253586,https://static.inaturalist.org/photos/70163858/medium.jpeg,,"",,2,0,false,2,"El Prado, Barranquilla, Atlántico, Colombia",10.9998145533,-74.7982112691,9,,,,9,,open,false,gps,gps,Calandria de Baltimore,Icterus galbula,Calandria de Baltimore,Aves,9346
44257102,fcda2143-a160-4185-a5ac-39aba214ff0c,2020/04/29 11:00 AM EDT,2020-04-29,2020-04-29 15:00:00 UTC,Eastern Time (US & Canada),963417,huntingbon,Bonnie Isaac,2020-04-29 15:08:26 UTC,2020-05-01 06:33:24 UTC,research,CC0,https://www.inaturalist.org/observations/44257102,https://inaturalist-open-data.s3.amazonaws.com/photos/70169384/medium.jpg,,"",,2,0,false,,"New Bedford, PA, USA",41.0968333333,-80.4965138889,10,,,,10,,open,false,,,Baltimore Oriole,Icterus galbula,Calandria de Baltimore,Aves,9346
44310675,224ac3bc-e47f-44f7-8bce-f81de1f65a4f,2020-04-29,2020-04-29,,UTC,1708986,iymalive,Lisa Powers,2020-04-29 22:52:52 UTC,2021-05-23 19:17:40 UTC,research,CC-BY-NC,https://www.inaturalist.org/observations/44310675,https://inaturalist-open-data.s3.amazonaws.com/photos/70367764/medium.jpeg,,"",Dad saw them drinking from his hummingbird feeder,3,0,false,2,"Halbert Township, IN, USA",38.7108885097,-86.7042423785,2692,,,,2692,,open,false,gps,gps,Baltimore Oriole,Icterus galbula,Calandria de Baltimore,Aves,9346
44375121,c54a73e0-5050-4b35-845e-fb0bbd230de5,Thu Apr 30 2020 11:41:24 GMT-0400 (EDT),2020-04-30,2020-04-30 15:41:24 UTC,Eastern Time (US & Canada),283583,waxwing,"",2020-04-30 15:47:06 UTC,2020-04-30 16:07:32 UTC,research,CC-BY-NC,https://www.inaturalist.org/observations/44375121,https://inaturalist-open-data.s3.amazonaws.com/photos/70357478/medium.jpg,,"",,2,0,false,3,"Remsen Rd, Medina, OH, US",41.18759167,-81.70749667,10,,,,10,,open,false,,,Baltimore Oriole,Icterus galbula,Calandria de Baltimore,Aves,9346
44441597,4318a452-eb76-456d-ad46-0f7201066be5,2020/04/27 8:15 AM CDT,2020-04-27,2020-04-27 13:15:00 UTC,Central Time (US & Canada),539598,sylbird,S. Queen,2020-05-01 03:37:12 UTC,2020-05-01 03:50:10 UTC,research,CC-BY-NC,https://www.inaturalist.org/observations/44441597,https://inaturalist-open-data.s3.amazonaws.com/photos/70461023/medium.jpeg,,"","",2,0,false,,"East Hargis Creek Lake, Wellington, KS, USA",37.284083246,-97.3854050561,50,,,,50,,open,false,,,Baltimore Oriole,Icterus galbula,Calandria de Baltimore,Aves,9346
44810981,1a3c5c86-4e58-4f43-80ba-f047874ec0f3,2020/05/03 2:47 PM CDT,2020-05-03,2020-05-03 19:47:00 UTC,Central Time (US & Canada),320897,langabee,,2020-05-03 23:02:26 UTC,2020-05-04 02:27:26 UTC,research,CC-BY-NC,https://www.inaturalist.org/observations/44810981,https://inaturalist-open-data.s3.amazonaws.com/photos/71037327/medium.jpg,,"",,1,0,false,,"Bellevue, NE, USA",41.1543623,-95.9145568,5483,,,,5483,,open,false,,,Baltimore Oriole,Icterus galbula,Calandria de Baltimore,Aves,9346
44900873,063af46c-861b-47d0-aaee-cd5850f46e67,2020-05-04 10:35:00 AM CDT,2020-05-04,2020-05-04 15:35:00 UTC,Central Time (US & Canada),2906321,elorenz,,2020-05-04 18:36:13 UTC,2020-05-05 04:21:13 UTC,research,CC-BY-NC,https://www.inaturalist.org/observations/44900873,https://inaturalist-open-data.s3.amazonaws.com/photos/71180831/medium.jpg,,"",Grand Island NE,2,0,false,2,"Center, NE, USA",40.8836783717,-98.4039103612,63,,,,63,,open,false,gps,gps,Baltimore Oriole,Icterus galbula,Calandria de Baltimore,Aves,9346
44975027,1f8ade81-9213-4ac1-b9d2-c2ec7728a088,Tue May 05 2020 10:06:43 GMT-0400 (EDT),2020-05-05,2020-05-05 14:06:43 UTC,Eastern Time (US & Canada),95068,karolina,Karolina Fucikova,2020-05-05 14:09:19 UTC,2020-05-05 17:27:10 UTC,research,CC-BY-NC,https://www.inaturalist.org/observations/44975027,https://inaturalist-open-data.s3.amazonaws.com/photos/71302927/medium.jpg,,"",,1,0,false,3,"Wyman Rd, New Ipswich, NH, US",42.7644883333,-71.8555133333,,,,,,,open,false,,,Baltimore Oriole,Icterus galbula,Calandria de Baltimore,Aves,9346
44985158,1358a358-94bb-4d4f-854a-8b9919bafa2b,2020/05/05 10:58 AM UTC,2020-05-05,,UTC,2906477,ayantzie,A.Yantzie,2020-05-05 16:05:32 UTC,2020-05-11 22:01:39 UTC,research,CC-BY,https://www.inaturalist.org/observations/44985158,https://inaturalist-open-data.s3.amazonaws.com/photos/71318700/medium.jpeg,,"","",3,0,false,,"Axtell, NE 68924, USA",40.4811937113,-99.1374650169,12,,,,12,,open,false,,,Baltimore Oriole,Icterus galbula,Calandria de Baltimore,Aves,9346
44997882,d52fe3c0-9f60-41e4-bce4-23461cfe6402,2020-05-04 9:22:00 AM EDT,2020-05-04,2020-05-04 13:22:00 UTC,Eastern Time (US & Canada),2911930,kstratts,Kyle Stratton,2020-05-05 18:21:46 UTC,2020-05-31 04:34:44 UTC,research,,https://www.inaturalist.org/observations/44997882,https://static.inaturalist.org/photos/71339881/medium.jpg,,"",,3,0,false,2,"Harrow, Essex, ON N0R, Canada",42.0324356792,-82.9138800502,17,,,,17,,open,false,gps,gps,oriole du nord,Icterus galbula,Calandria de Baltimore,Aves,9346
45130660,f9cec713-4a2d-44cd-9e8b-368c39d21f3f,2020-05-06 18:45:41,2020-05-06,2020-05-06 22:45:41 UTC,Eastern Time (US & Canada),116988,stephen_bucklin,Stephen Bucklin,2020-05-07 01:42:22 UTC,2024-06-12 02:14:10 UTC,research,CC-BY-NC,https://www.inaturalist.org/observations/45130660,https://static.inaturalist.org/photos/71552402/medium.jpg,,Baltimore Oriole,"",2,0,false,,"Allegheny County, US-PA, US",40.477225,-79.926293,10,,,,10,,open,false,,manual,Baltimore Oriole,Icterus galbula,Calandria de Baltimore,Aves,9346
45155453,820b08f4-a377-46fa-a97b-c1bb895681ee,2020/05/06 5:52 PM EDT,2020-05-06,2020-05-06 21:52:00 UTC,Eastern Time (US & Canada),509127,westmorelandsanctuary,Westmoreland Sanctuary,2020-05-07 11:19:29 UTC,2020-05-07 18:44:00 UTC,research,CC-BY-NC,https://www.inaturalist.org/observations/45155453,https://inaturalist-open-data.s3.amazonaws.com/photos/71593955/medium.jpeg,,"",,2,0,false,,"Westchester County, NY, USA",41.1756072373,-73.666662999,8,,,,8,,open,false,,,Baltimore Oriole,Icterus galbula,Calandria de Baltimore,Aves,9346
45188179,95e85e01-f506-41d6-9ed3-c5c56b4c0a80,2020/05/07 8:10 AM CDT,2020-05-07,2020-05-07 13:10:00 UTC,Central Time (US & Canada),2908739,rpt253,Russ Paul,2020-05-07 18:16:21 UTC,2020-05-08 00:55:56 UTC,research,CC-BY-NC,https://www.inaturalist.org/observations/45188179,https://inaturalist-open-data.s3.amazonaws.com/photos/71644534/medium.jpg,,"",Female,1,0,false,,"North Omaha, Omaha, NE, USA",41.275395985,-95.9775157854,4,,,,4,,open,false,,,Baltimore Oriole,Icterus galbula,Calandria de Baltimore,Aves,9346
45307948,908d0608-5903-4a84-87bc-620ebaa0e9ed,Fri May 08 2020 07:55:22 GMT-0400 (EDT),2020-05-08,2020-05-08 11:55:22 UTC,Eastern Time (US & Canada),2320405,birdnerdhallock,,2020-05-08 21:35:37 UTC,2020-05-09 03:19:34 UTC,research,CC-BY-NC,https://www.inaturalist.org/observations/45307948,https://inaturalist-open-data.s3.amazonaws.com/photos/71839524/medium.jpg,,"",,1,0,false,3,"Old Post Rd, Bedford, NY, US",41.20800833,-73.64510333,112,,,,112,,open,false,,,Baltimore Oriole,Icterus galbula,Calandria de Baltimore,Aves,9346
45328746,433a2d1f-a62a-4ce9-adf4-3dee1c59a6bc,2020/05/08 1:28 PM CDT,2020-05-08,2020-05-08 18:28:00 UTC,Central Time (US & Canada),1917261,texasgirl27,Lynn Pyle,2020-05-09 01:59:54 UTC,2020-05-12 01:24:29 UTC,research,CC-BY-NC,https://www.inaturalist.org/observations/45328746,https://inaturalist-open-data.s3.amazonaws.com/photos/71873390/medium.jpeg,,"",Left side of photo.,5,0,false,,"Kleberg County, TX, USA",27.2898654653,-97.6793683804,15,,,,15,,open,false,,,Baltimore Oriole,Icterus galbula,Calandria de Baltimore,Aves,9346
45347879,2c0b4e7e-56e3-4500-a414-bb95d6db6018,2020/05/08 3:47 PM EDT,2020-05-08,2020-05-08 19:47:00 UTC,Eastern Time (US & Canada),164735,belyykit,"",2020-05-09 09:37:11 UTC,2020-05-17 23:19:43 UTC,research,CC-BY-NC,https://www.inaturalist.org/observations/45347879,https://inaturalist-open-data.s3.amazonaws.com/photos/71907079/medium.jpg,,"",,2,0,false,,"Montgomery, Maryland, United States",39.092812,-77.13002,,,,,,,open,false,,,Baltimore Oriole,Icterus galbula,Calandria de Baltimore,Aves,9346
45418774,14d0898e-fc9b-411b-9579-74b324be12c9,2020/05/09 3:01 PM EDT,2020-05-09,2020-05-09 19:01:00 UTC,Eastern Time (US & Canada),418920,jgeschke,"",2020-05-09 22:16:20 UTC,2020-09-30 15:29:54 UTC,research,CC-BY-NC,https://www.inaturalist.org/observations/45418774,https://inaturalist-open-data.s3.amazonaws.com/photos/72017312/medium.jpeg,,"",,2,0,false,,Sheldon Marsh,41.4140445943,-82.6022995629,100,,,,100,,open,false,,,Baltimore Oriole,Icterus galbula,Calandria de Baltimore,Aves,9346
45470829,a257c19a-b596-47d6-a226-c5810278806b,2020/05/09 9:28 AM EDT,2020-05-09,2020-05-09 13:28:00 UTC,Eastern Time (US & Canada),2044860,ckhunt,Craig K. Hunt,2020-05-10 12:31:19 UTC,2024-12-10 14:48:53 UTC,research,CC-BY-NC,https://www.inaturalist.org/observations/45470829,https://inaturalist-open-data.s3.amazonaws.com/photos/72105326/medium.jpeg,,"","An appreciable visitor for my 1,000th observation.  The 3rd photo is sharing suet with Mrs. Hairy.",1,0,false,,"Townshend, VT, USA",43.0706763896,-72.6554163681,977,,,,977,,open,false,,,Baltimore Oriole,Icterus galbula,Calandria de Baltimore,Aves,9346
45545676,15b96764-e4fa-46c8-8241-cf26a66df700,2020/05/01 8:40 PM EDT,2020-05-01,2020-05-02 00:40:00 UTC,Eastern Time (US & Canada),1349794,jhonn731,Jacob Honn,2020-05-10 23:55:43 UTC,2020-05-17 22:04:22 UTC,research,,https://www.inaturalist.org/observations/45545676,https://static.inaturalist.org/photos/72222055/medium.jpg,,"",,2,0,false,,"Wheaton, Wheaton-Glenmont, MD, USA",39.0539312399,-77.038666043,192,,,,192,,open,false,,,Baltimore Oriole,Icterus galbula,Calandria de Baltimore,Aves,9346
45548599,8d582216-2fe6-4b79-8c59-d81f14e43318,Sun May 10 2020 18:39:42 GMT-0500 (CDT),2020-05-10,2020-05-10 18:39:42 UTC,UTC,2906501,reneagernant,Renea Gernant,2020-05-11 00:30:04 UTC,2020-05-14 15:24:56 UTC,research,,https://www.inaturalist.org/observations/45548599,https://static.inaturalist.org/photos/72227137/medium.jpg,,"",,2,0,false,3,"Meadow Dr, Louisville, NE, US",40.994026498,-96.1849063543,5,,,,5,,open,false,,,Baltimore Oriole,Icterus galbula,Calandria de Baltimore,Aves,9346
45594574,299deeb4-104c-4ebd-aa40-d31b95049e10,Mon May 11 2020 11:23:54 GMT-0400 (EDT),2020-05-11,2020-05-11 15:23:54 UTC,Eastern Time (US & Canada),2641041,clarekotwica,Clare Kotwica,2020-05-11 15:27:16 UTC,2020-05-11 15:39:30 UTC,research,,https://www.inaturalist.org/observations/45594574,https://static.inaturalist.org/photos/72304582/medium.jpg,,"",,1,0,false,3,"Oakview Dr, Franklin Park, PA, US",40.58845,-80.07598883,65,,,,65,,open,false,,,Baltimore Oriole,Icterus galbula,Calandria de Baltimore,Aves,9346
45621746,50744e64-f10f-425d-8c00-52d4b3d0fa59,2020/05/04 11:26 AM EDT,2020-05-04,2020-05-04 15:26:00 UTC,Eastern Time (US & Canada),2939143,svreach460,Michele,2020-05-11 20:37:04 UTC,2024-03-22 22:45:22 UTC,research,CC-BY-NC,https://www.inaturalist.org/observations/45621746,https://inaturalist-open-data.s3.amazonaws.com/photos/72347889/medium.jpg,,"Baltimore oriole, Birds, Characteristics, Male, Places, USA",,2,0,false,,"Gulf Dr S, Bradenton Beach, FL 34217, USA",27.4522132,-82.6892075,200,,,,200,,open,false,,,Baltimore Oriole,Icterus galbula,Calandria de Baltimore,Aves,9346
45643598,4ab9ffd8-032d-4950-8758-5c214649bcc8,Mon May 11 2020 14:42:31 GMT-0400 (EDT),2020-05-11,2020-05-11 18:42:31 UTC,Eastern Time (US & Canada),1041844,billmac,Bill MacIndewar,2020-05-12 00:45:55 UTC,2020-05-18 14:42:11 UTC,research,CC-BY-NC,https://www.inaturalist.org/observations/45643598,https://inaturalist-open-data.s3.amazonaws.com/photos/72383853/medium.jpg,,"",,1,0,false,3,"Middlesex Fells Reservation, Medford, MA, US",42.4546882504,-71.0913602788,62,,,,62,,open,false,,,Baltimore Oriole,Icterus galbula,Calandria de Baltimore,Aves,9346
45654232,74bd4659-47da-4c90-86cf-5f7b8368133d,2020/05/09 9:08 AM CDT,2020-05-09,2020-05-09 14:08:00 UTC,Central Time (US & Canada),257635,skrentnyjeff,Jeff Skrentny,2020-05-12 03:31:19 UTC,2020-05-18 00:08:54 UTC,research,CC-BY-NC,https://www.inaturalist.org/observations/45654232,https://inaturalist-open-data.s3.amazonaws.com/photos/72401562/medium.jpeg,,"","",2,0,false,,"LaBagh Woods, North Branch Chicago River, North Park, Chicago, Cook County, IL, USA",41.9820042374,-87.7428639307,31,,,,31,,open,false,,,Baltimore Oriole,Icterus galbula,Calandria de Baltimore,Aves,9346
45734646,16ec671a-b5c7-4a5d-a4bf-6a3a59829a09,Tue May 12 2020 19:52:53 GMT-0400 (EDT),2020-05-12,2020-05-12 23:52:53 UTC,Eastern Time (US & Canada),2519612,paudak_photography,Benjamin Koser,2020-05-12 23:55:54 UTC,2020-05-13 22:51:14 UTC,research,,https://www.inaturalist.org/observations/45734646,https://static.inaturalist.org/photos/72587264/medium.jpg,,"","We think this bird might be a Baltimore Oriole. Does anyone know for sure?

Post edited: Hmm. It seems like it is a Baltimore oriole. We found it in a cage that appeared to be intended to be used as a bird trap. There was also a Bluejay, a Warbler, and many dead birds/ skeletons in that cage. It was disturbing. Plus, it’s illegal to trap wild birds. We’re going to call the game commission. We just called the game commision and they said they were going to check it out, making it clear that it would be disturbing if someone was trapping wild birds.",2,0,false,3,"Landis Valley Rd, Lancaster, PA, US",40.0889188272,-76.2689207984,49,,,,49,,open,false,,,Baltimore Oriole,Icterus galbula,Calandria de Baltimore,Aves,9346
45738352,91894fe4-ad73-44cf-83ef-a5fb605152ff,2020/05/10 3:41 PM EDT,2020-05-10,2020-05-10 19:41:00 UTC,Eastern Time (US & Canada),1079820,gnat79,Nathaniel Schwartz,2020-05-13 00:46:21 UTC,2021-05-12 14:28:59 UTC,research,CC-BY-NC,https://www.inaturalist.org/observations/45738352,https://inaturalist-open-data.s3.amazonaws.com/photos/72536730/medium.jpg,,"",,2,0,false,,"Cromwell Valley, Hampton, MD, USA",39.421965749,-76.5462732083,31,,,,31,,open,false,,,Baltimore Oriole,Icterus galbula,Calandria de Baltimore,Aves,9346
45769306,dba89675-d176-44f5-bf11-8d62b28412ed,2019-05-09T10:08:10-04:00,2019-05-09,2019-05-09 14:08:10 UTC,Eastern Time (US & Canada),1544562,adamhansen,Adam Hansen,2020-05-13 12:31:20 UTC,2020-05-13 12:31:52 UTC,research,CC-BY-NC,https://www.inaturalist.org/observations/45769306,https://inaturalist-open-data.s3.amazonaws.com/photos/72589009/medium.jpeg,,"",,1,0,false,333,Curtice,41.6270972259,-83.1904892946,3464,,,,3464,,open,false,,,Baltimore Oriole,Icterus galbula,Calandria de Baltimore,Aves,9346
45778973,0c534bce-5584-483b-b3df-97a13daa56a4,2020/05/12 8:31 AM EDT,2020-05-12,2020-05-12 12:31:00 UTC,Eastern Time (US & Canada),544025,hryc111,Andrew Hrycyna,2020-05-13 15:04:23 UTC,2023-07-07 19:06:48 UTC,research,CC0,https://www.inaturalist.org/observations/45778973,https://inaturalist-open-data.s3.amazonaws.com/photos/72604700/medium.jpg,,"",,2,0,false,,"Macdonald Park, Medford, MA, USA",42.4030715833,-71.0918372045,227,,,,227,,open,false,,,Baltimore Oriole,Icterus galbula,Calandria de Baltimore,Aves,9346
45981478,b08329c0-9a09-44e6-a7ba-c939c83e00c6,Fri May 15 2020 11:13:06 GMT-0500 (CDT),2020-05-15,2020-05-15 11:13:06 UTC,UTC,2400647,dwisniewski,D Wisniewski,2020-05-15 16:13:46 UTC,2020-06-25 02:42:24 UTC,research,,https://www.inaturalist.org/observations/45981478,https://static.inaturalist.org/photos/73182933/medium.jpg,,"",,1,0,false,3,"Washington Island, Washington Island, WI, US",45.3833162506,-86.8695003168,5,,,,5,,open,false,,,Baltimore Oriole,Icterus galbula,Calandria de Baltimore,Aves,9346
46278949,ad916e2e-2165-4da5-aa85-b6c1af6fad4c,2020/05/16 12:19 PM CDT,2020-05-16,2020-05-16 17:19:00 UTC,Central Time (US & Canada),204496,jonathanpoppele,Jonathan Poppele,2020-05-17 19:17:22 UTC,2020-05-31 04:35:16 UTC,research,CC-BY-NC,https://www.inaturalist.org/observations/46278949,https://inaturalist-open-data.s3.amazonaws.com/photos/73395535/medium.jpeg,,"",,2,0,false,,"Hennepin County, MN, USA",44.8881683333,-93.1834133333,,,,,,,open,false,,,Baltimore Oriole,Icterus galbula,Calandria de Baltimore,Aves,9346
46374483,c9d14311-e9f3-44d6-9b4f-f4dd3c3d9201,2020-05-18 10:34:20 AM EDT,2020-05-18,2020-05-18 14:34:20 UTC,Eastern Time (US & Canada),1934591,lneumannca,"",2020-05-18 14:39:21 UTC,2020-05-18 16:48:43 UTC,research,CC-BY-NC,https://www.inaturalist.org/observations/46374483,https://inaturalist-open-data.s3.amazonaws.com/photos/73552894/medium.jpeg,,"",,2,0,false,2,"Oakville, ON L6H 4M3, Canada",43.4842222222,-79.6957555556,,,,,,,open,false,gps,gps,Baltimore Oriole,Icterus galbula,Calandria de Baltimore,Aves,9346
46382383,a1a845d0-06fa-4e50-9eb4-100a098f6348,Mon May 18 2020 11:49:32 GMT-0400 (EDT),2020-05-18,2020-05-18 15:49:32 UTC,Eastern Time (US & Canada),2947748,nolan_007,,2020-05-18 15:52:21 UTC,2020-06-28 01:27:34 UTC,research,CC-BY-NC,https://www.inaturalist.org/observations/46382383,https://inaturalist-open-data.s3.amazonaws.com/photos/73565244/medium.jpg,,"",,1,0,false,3,"NY-310, Canton, NY, US",44.6387186618,-75.149366475,27,,,,27,,open,false,,,Baltimore Oriole,Icterus galbula,Calandria de Baltimore,Aves,9346
46481381,4c752270-fbe3-4306-82c8-877357afb89b,Tue May 19 2020 08:12:40 GMT-0500 (CDT),2020-05-19,2020-05-19 13:12:40 UTC,Central Time (US & Canada),2902604,mhalfar,,2020-05-19 13:15:04 UTC,2020-05-19 23:25:47 UTC,research,CC-BY-NC,https://www.inaturalist.org/observations/46481381,https://inaturalist-open-data.s3.amazonaws.com/photos/73723873/medium.jpg,,"",,1,0,false,3,"Nebraska, US",41.3895544581,-96.1704272869,12,,,,27816,obscured,open,true,,,Baltimore Oriole,Icterus galbula,Calandria de Baltimore,Aves,9346
46514844,06277dee-cddb-45fa-8ed6-abac050fe976,Tue May 19 2020 13:39:14 GMT-0500 (CDT),2020-05-19,2020-05-19 18:39:14 UTC,Central Time (US & Canada),2907249,js4bash,,2020-05-19 18:40:56 UTC,2020-05-20 14:49:14 UTC,research,CC-BY-NC,https://www.inaturalist.org/observations/46514844,https://inaturalist-open-data.s3.amazonaws.com/photos/73774980/medium.jpg,,"",,2,0,false,3,"Hampton Dr, Gretna, NE, US",41.15095,-96.246645,5,,,,5,,open,false,,,Baltimore Oriole,Icterus galbula,Calandria de Baltimore,Aves,9346
46517861,9f29fedf-9124-4404-b351-4b49c73abc52,2020/05/18 3:05 PM EDT,2020-05-18,2020-05-18 19:05:00 UTC,Eastern Time (US & Canada),1605354,yaelw,"",2020-05-19 19:10:18 UTC,2020-06-04 00:37:15 UTC,research,,https://www.inaturalist.org/observations/46517861,https://static.inaturalist.org/photos/73778731/medium.jpeg,,"bethpage state park, bethpage state park ecology, baltimore oriole",,2,0,false,,"Old Bethpage, NY, USA",40.747867949,-73.4540848721,24,,,,24,,open,false,,,Baltimore Oriole,Icterus galbula,Calandria de Baltimore,Aves,9346
46651974,b0c33774-80ca-4ace-be89-bacc1cc54210,2020/05/20 1:24 PM EDT,2020-05-20,2020-05-20 17:24:00 UTC,America/New_York,2713780,erin_christian,"",2020-05-20 21:38:33 UTC,2020-05-21 03:10:22 UTC,research,CC-BY-NC,https://www.inaturalist.org/observations/46651974,https://inaturalist-open-data.s3.amazonaws.com/photos/73990122/medium.jpeg,,"",,1,0,false,,"1620 Lindberg Rd, West Lafayette, IN 47906, USA",40.4514907,-86.9356462,185,,,,185,,open,false,,,Baltimore Oriole,Icterus galbula,Calandria de Baltimore,Aves,9346
46715604,82f73eb0-5adc-437a-990f-87d0c452bece,2020/05/11 8:19 AM EDT,2020-05-11,2020-05-11 12:19:00 UTC,Eastern Time (US & Canada),965520,gentian,gentian falstrom,2020-05-21 12:58:34 UTC,2020-05-21 14:19:58 UTC,research,CC-BY-NC,https://www.inaturalist.org/observations/46715604,https://inaturalist-open-data.s3.amazonaws.com/photos/74091517/medium.jpeg,,"",,1,0,false,,Westmoreland,41.1815428264,-73.6826094058,61,,,,61,,open,false,,,Baltimore Oriole,Icterus galbula,Calandria de Baltimore,Aves,9346
46786489,39a1b07b-1235-4dd0-94bd-586e3fa27e0c,2020/05/21 1:38 AM EDT,2020-05-21,2020-05-21 05:38:00 UTC,Eastern Time (US & Canada),321385,tracymuller,Tracy Muller,2020-05-21 23:52:27 UTC,2020-05-31 22:31:22 UTC,research,CC-BY-NC,https://www.inaturalist.org/observations/46786489,https://inaturalist-open-data.s3.amazonaws.com/photos/74199361/medium.jpeg,,"","",1,0,false,,"Guelph, ON, Canada",43.5448048,-80.2481666,9459,,,,9459,,open,false,,,Baltimore Oriole,Icterus galbula,Calandria de Baltimore,Aves,9346
46897583,889c1af2-7e71-40c3-8254-ce8c2d102a01,Fri May 22 2020 16:56:42 GMT-0500 (CDT),2020-05-22,2020-05-22 16:56:42 UTC,UTC,3035536,llandis,,2020-05-22 22:16:21 UTC,2020-05-23 02:54:24 UTC,research,,https://www.inaturalist.org/observations/46897583,https://static.inaturalist.org/photos/74375457/medium.jpg,,"",,3,0,false,3,"Nebraska, US",41.1142423636,-96.593660514,84538,,,,84538,obscured,open,true,,,Baltimore Oriole,Icterus galbula,Calandria de Baltimore,Aves,9346
46921325,18ec6146-874a-4abb-9d9a-d61e5bc72ede,2020/05/18 10:24 AM EDT,2020-05-18,2020-05-18 14:24:00 UTC,Eastern Time (US & Canada),778067,jheiser,Jay Heiser,2020-05-23 02:39:05 UTC,2023-12-23 21:25:39 UTC,research,CC-BY-NC,https://www.inaturalist.org/observations/46921325,https://inaturalist-open-data.s3.amazonaws.com/photos/74413781/medium.jpg,,"","",2,0,false,,"Coshocton County, OH, USA",40.4305383931,-81.9869113021,46,,,,46,,open,false,,"",Baltimore Oriole,Icterus galbula,Calandria de Baltimore,Aves,9346
46976565,4132428c-8832-438c-b060-83e5f7f494c4,2020-05-23 10:12:37 AM CDT,2020-05-23,2020-05-23 15:12:37 UTC,Central Time (US & Canada),2906479,debo1961,"",2020-05-23 15:23:40 UTC,2020-06-02 15:15:21 UTC,research,CC-BY-NC,https://www.inaturalist.org/observations/46976565,https://inaturalist-open-data.s3.amazonaws.com/photos/74570209/medium.jpeg,,"",,1,0,false,2,"Martin, NE, USA",40.7731100435,-98.4939417243,218,,,,218,,open,false,gps,gps,Baltimore Oriole,Icterus galbula,Calandria de Baltimore,Aves,9346
47030249,6eafad55-9fd6-4cb9-815c-2d930f75a086,2020-05-23 5:44:13 PM EDT,2020-05-23,2020-05-23 21:44:13 UTC,Eastern Time (US & Canada),3025643,daniellemackie,Danielle Mackie,2020-05-23 21:46:10 UTC,2024-08-10 19:44:34 UTC,research,,https://www.inaturalist.org/observations/47030249,https://static.inaturalist.org/photos/74589404/medium.jpeg,https://static.inaturalist.org/sounds/94754.wav?1590270376,"",,1,0,false,2,"Lincoln, ON L0R 1B6, Canada",43.16566048,-79.47035407,6,,,,6,,open,false,,,Baltimore Oriole,Icterus galbula,Calandria de Baltimore,Aves,9346
47174829,e0765b69-1249-416e-8d64-bed2980263b3,2020/05/24 12:52 PM CDT,2020-05-24,2020-05-24 17:52:00 UTC,Central Time (US & Canada),7780,georectified,Sean Frey,2020-05-24 20:39:38 UTC,2020-05-25 17:07:13 UTC,research,CC-BY,https://www.inaturalist.org/observations/47174829,https://inaturalist-open-data.s3.amazonaws.com/photos/74813549/medium.jpeg,,"",,1,0,false,,"Division No. 15, MB, Canada",50.6391506104,-99.946257542,4,,,,4,,open,false,,,Baltimore Oriole,Icterus galbula,Calandria de Baltimore,Aves,9346
47333856,d95036d4-9698-4f74-b616-180d9e1d2f56,2020/05/24 5:40 PM UTC,2020-05-24,,UTC,2251774,grizzlymarmot,,2020-05-25 22:21:22 UTC,2020-05-25 22:22:32 UTC,research,CC-BY-NC,https://www.inaturalist.org/observations/47333856,https://inaturalist-open-data.s3.amazonaws.com/photos/75068582/medium.jpg,,"",,1,0,false,,"Waterville, ME, USA",44.58123174,-69.6610220317,,,,,,,open,false,,,Baltimore Oriole,Icterus galbula,Calandria de Baltimore,Aves,9346
47384376,21781e85-d90a-465a-927c-2b847782369b,2020/05/23 5:11 PM ADT,2020-05-23,2020-05-23 20:11:00 UTC,Atlantic Time (Canada),177316,nubiti,Gail Taylor,2020-05-26 10:36:42 UTC,2020-05-27 15:57:32 UTC,research,CC-BY-NC,https://www.inaturalist.org/observations/47384376,https://inaturalist-open-data.s3.amazonaws.com/photos/75149255/medium.jpeg,,"","",2,0,false,,"Mascarene, NB E5C, Canada",45.0899402379,-66.9105152297,8,,,,8,,open,false,,,Baltimore Oriole,Icterus galbula,Calandria de Baltimore,Aves,9346
47506964,4405565e-4b84-4281-ab46-6949027dfa4d,2020/05/26 9:07 PM EDT,2020-05-26,2020-05-27 01:07:00 UTC,Eastern Time (US & Canada),321385,tracymuller,Tracy Muller,2020-05-27 13:37:36 UTC,2020-05-31 22:21:13 UTC,research,CC-BY-NC,https://www.inaturalist.org/observations/47506964,https://inaturalist-open-data.s3.amazonaws.com/photos/75350870/medium.jpeg,,"","",1,0,false,,"Southampton, ON N0H, Canada",44.4948543,-81.3695635,3809,,,,3809,,open,false,,,Baltimore Oriole,Icterus galbula,Calandria de Baltimore,Aves,9346
47574186,1f92464c-817d-4898-bb69-cf5348d30fb2,2020/05/26 11:52 AM EDT,2020-05-26,2020-05-26 15:52:00 UTC,Eastern Time (US & Canada),300606,greenbottleblue,Sarah Lou H,2020-05-28 00:24:55 UTC,2021-03-03 23:12:32 UTC,research,CC-BY-NC,https://www.inaturalist.org/observations/47574186,https://inaturalist-open-data.s3.amazonaws.com/photos/75455947/medium.jpeg,,"",,1,0,false,,"Angleside, Waltham, MA 02453, USA",42.3656557159,-71.2468882325,213,,,,213,,open,false,,,Baltimore Oriole,Icterus galbula,Calandria de Baltimore,Aves,9346
47793332,042ceb64-8c50-4ae8-ba5a-5d65b0a9117e,2020/05/28 8:35 PM EDT,2020-05-28,2020-05-29 00:35:00 UTC,Eastern Time (US & Canada),321385,tracymuller,Tracy Muller,2020-05-30 00:37:43 UTC,2020-05-31 22:10:12 UTC,research,CC-BY-NC,https://www.inaturalist.org/observations/47793332,https://inaturalist-open-data.s3.amazonaws.com/photos/75812588/medium.jpeg,,"","",1,0,false,,"Shallow Lake, ON N0H 2K0, Canada",44.6242042,-81.0009199,923,,,,923,,open,false,,,Baltimore Oriole,Icterus galbula,Calandria de Baltimore,Aves,9346
47947872,691c59fb-3a1e-459b-8895-137aed0c3f73,2020-05-30 5:58:16 PM CDT,2020-05-30,2020-05-30 22:58:16 UTC,Central Time (US & Canada),2906479,debo1961,"",2020-05-31 06:32:24 UTC,2020-06-02 14:50:42 UTC,research,CC-BY-NC,https://www.inaturalist.org/observations/47947872,https://inaturalist-open-data.s3.amazonaws.com/photos/76063226/medium.jpg,,"",,2,0,false,2,"Martin, NE, USA",40.7029917088,-98.7075387686,905,,,,905,,open,false,gps,gps,Baltimore Oriole,Icterus galbula,Calandria de Baltimore,Aves,9346
48085710,ce0bdf50-c821-404c-958e-f7427883724f,Sun May 31 2020 12:47:16 GMT-0500 (CDT),2020-05-31,2020-05-31 17:47:16 UTC,Central Time (US & Canada),2186732,salamandhertz,Sal,2020-06-01 04:13:16 UTC,2020-06-01 04:19:49 UTC,research,CC-BY-NC,https://www.inaturalist.org/observations/48085710,https://inaturalist-open-data.s3.amazonaws.com/photos/76281211/medium.jpg,,"",,1,0,false,3,"Hitchcock Nature Center, Honey Creek, IA, US",41.4103566982,-95.8586876901,316,,,,316,,open,false,,,Baltimore Oriole,Icterus galbula,Calandria de Baltimore,Aves,9346
48489052,2951119e-0584-4f1a-a1d2-a236c456c9c5,2020/05/15 3:10 PM UTC,2020-05-15,,UTC,1151057,kbruder01,,2020-06-04 23:37:51 UTC,2022-04-17 21:57:01 UTC,research,,https://www.inaturalist.org/observations/48489052,https://static.inaturalist.org/photos/76942088/medium.jpg,,"",,3,0,false,,"Cumberland Center, Cumberland, ME 04021, USA",43.7972113294,-70.2434892761,852,,,,852,,open,false,,,Baltimore Oriole,Icterus galbula,Calandria de Baltimore,Aves,9346
48497506,fe020c94-1ac2-4b9e-b8f4-4b95bd6fdc25,2020/06/01 8:50 AM EDT,2020-06-01,2020-06-01 12:50:00 UTC,Eastern Time (US & Canada),415953,bkinder832,Bonnie Kinder,2020-06-05 01:24:09 UTC,2021-05-13 20:36:41 UTC,research,CC-BY-NC,https://www.inaturalist.org/observations/48497506,https://inaturalist-open-data.s3.amazonaws.com/photos/76955956/medium.jpeg,,"","",4,0,false,,"Hamilton, Ontario, Canada",43.205795,-79.80725,,,,,,,open,false,,,Baltimore Oriole,Icterus galbula,Calandria de Baltimore,Aves,9346
49035754,1b7fa184-342a-40d1-b939-89483e494fd2,2020-06-09 12:49:13 PM EDT,2020-06-09,2020-06-09 16:49:13 UTC,Eastern Time (US & Canada),2658582,butterfly546,"",2020-06-09 16:54:02 UTC,2021-02-07 17:33:22 UTC,research,CC-BY-NC,https://www.inaturalist.org/observations/49035754,https://inaturalist-open-data.s3.amazonaws.com/photos/77831541/medium.jpeg,,"",,2,0,false,2,West Roxbury,42.2797554411,-71.1626754329,4208,,,,4208,,open,false,gps,gps,Baltimore Oriole,Icterus galbula,Calandria de Baltimore,Aves,9346
49036797,aa83aae1-d25d-4f69-a415-b9aa54fd3e1e,2020-06-09 1:02:33 PM EDT,2020-06-09,2020-06-09 17:02:33 UTC,Eastern Time (US & Canada),2658582,butterfly546,"",2020-06-09 17:04:31 UTC,2021-02-07 17:32:49 UTC,research,CC-BY-NC,https://www.inaturalist.org/observations/49036797,https://inaturalist-open-data.s3.amazonaws.com/photos/78324491/medium.jpeg,,"",,2,0,false,2,West Roxbury,42.2797554411,-71.1626754329,4208,,,,4208,,open,false,gps,gps,Baltimore Oriole,Icterus galbula,Calandria de Baltimore,Aves,9346
49280594,0d45bb29-ec7b-4129-a95b-35631c0605d2,2020/06/11 10:39 PM CDT,2020-06-11,2020-06-12 03:39:00 UTC,Central Time (US & Canada),1370626,julesolson,"",2020-06-11 23:59:45 UTC,2020-06-15 01:01:47 UTC,research,CC-BY-NC,https://www.inaturalist.org/observations/49280594,https://inaturalist-open-data.s3.amazonaws.com/photos/78226854/medium.jpeg,,"",,1,0,false,,"Chippewa County, WI, USA",44.9454279889,-91.3480897678,534,,,,534,,open,false,,,Baltimore Oriole,Icterus galbula,Calandria de Baltimore,Aves,9346
50225143,252357a5-4869-41ae-991a-7c8dda66a315,2020/06/16 6:09 PM EDT,2020-06-16,2020-06-16 22:09:00 UTC,Eastern Time (US & Canada),747544,jhiebert,"",2020-06-20 03:36:09 UTC,2020-07-03 18:33:50 UTC,research,CC-BY-NC,https://www.inaturalist.org/observations/50225143,https://inaturalist-open-data.s3.amazonaws.com/photos/79755761/medium.jpeg,,"",,2,0,false,,"Haldimand-Norfolk, CA-ON, CA",42.8652240741,-80.3058446361,193,,,,27568,obscured,open,true,,,Baltimore Oriole,Icterus galbula,Calandria de Baltimore,Aves,9346
50949821,1a602cb6-27ff-45e2-ae0b-df4acba1a199,2020-06-25 7:34:26 PM EDT,2020-06-25,2020-06-25 23:34:26 UTC,Eastern Time (US & Canada),987197,rogue_biologist,Sam O'Connell,2020-06-26 02:07:36 UTC,2020-07-08 11:28:37 UTC,research,CC-BY-NC,https://www.inaturalist.org/observations/50949821,https://inaturalist-open-data.s3.amazonaws.com/photos/80927501/medium.jpeg,,"",Recent fledgling,1,0,false,2,Mentor Lagoons Nature Preserve & Marina,41.7262006715,-81.3387551531,263,,,,263,,open,false,gps,gps,Baltimore Oriole,Icterus galbula,Calandria de Baltimore,Aves,9346
50993786,e4bf4857-9e7b-48b2-8128-b89427854590,2020/06/25 3:00 PM HST,2020-06-25,2020-06-26 01:00:00 UTC,Hawaii,2138871,jennifer_clifford,"",2020-06-26 15:37:22 UTC,2020-07-08 11:28:08 UTC,research,CC-BY-NC,https://www.inaturalist.org/observations/50993786,https://inaturalist-open-data.s3.amazonaws.com/photos/80993570/medium.jpeg,,"",Female or young male,2,0,false,,"Topsfield, MA, USA",42.633726748,-70.9201994648,122,,,,122,,open,false,,,Baltimore Oriole,Icterus galbula,Calandria de Baltimore,Aves,9346
51607820,bff4834f-8bd5-4410-99c1-7ad82bae085d,2020/07/01 10:48 AM UTC,2020-07-01,,UTC,2350911,kellyfrank98,"",2020-07-01 18:26:17 UTC,2020-07-07 09:53:12 UTC,research,CC-BY-NC,https://www.inaturalist.org/observations/51607820,https://inaturalist-open-data.s3.amazonaws.com/photos/82005961/medium.jpeg,,"",,2,0,false,,Fort Washington State Park - Hawk Observation Deck,40.1206054,-75.2225978,187,,,,187,,open,false,,,Baltimore Oriole,Icterus galbula,Calandria de Baltimore,Aves,9346
51633358,32d77d93-4538-4261-9b2d-90ee3e759ec1,2020/07/01 10:38 AM EDT,2020-07-01,2020-07-01 14:38:00 UTC,Eastern Time (US & Canada),1685890,adventurehiker,"",2020-07-01 22:23:39 UTC,2020-07-14 15:03:03 UTC,research,,https://www.inaturalist.org/observations/51633358,https://static.inaturalist.org/photos/82046657/medium.jpg,,"","",2,0,false,,"Fort Washington State Park, Fort Washington, PA 19034, USA",40.1208988,-75.2236592,194,,,,194,,open,false,,,Baltimore Oriole,Icterus galbula,Calandria de Baltimore,Aves,9346
51638280,704a75e6-a1d6-4dea-a4dd-21f91ff56ed4,2020/07/01 10:48 AM EDT,2020-07-01,2020-07-01 14:48:00 UTC,Eastern Time (US & Canada),1685890,adventurehiker,"",2020-07-01 23:12:18 UTC,2020-09-20 16:23:07 UTC,research,,https://www.inaturalist.org/observations/51638280,https://static.inaturalist.org/photos/82055478/medium.jpg,,"",,2,0,false,,"Fort Washington State Park, Fort Washington, PA 19034, USA",40.1208988,-75.2236592,194,,,,194,,open,false,,,Baltimore Oriole,Icterus galbula,Calandria de Baltimore,Aves,9346
51739323,3936c317-1714-4ca3-b492-ffa3998b6776,2020/07/02 6:12 PM EDT,2020-07-02,2020-07-02 22:12:00 UTC,Eastern Time (US & Canada),818975,arrigord,Rosetta Arrigo,2020-07-02 22:13:23 UTC,2023-08-17 22:12:50 UTC,research,CC-BY-NC,https://www.inaturalist.org/observations/51739323,https://inaturalist-open-data.s3.amazonaws.com/photos/82220089/medium.jpg,,"",Nectar robbing trumpet creeper flower; at nature center,3,0,false,,"443 Van Nostrand Ave, Englewood, NJ 07631, USA",40.8734121,-73.9675537,185,,,,185,,open,false,,,Baltimore Oriole,Icterus galbula,Calandria de Baltimore,Aves,9346
52978722,9330c202-26e5-461b-b5e4-0813f0ac3086,Mon Jul 13 2020 15:50:08 GMT-0400 (EDT),2020-07-13,2020-07-13 19:50:08 UTC,Eastern Time (US & Canada),572980,sadawolk,Sandy Wolkenberg,2020-07-13 20:28:14 UTC,2020-07-14 03:37:39 UTC,research,CC-BY,https://www.inaturalist.org/observations/52978722,https://inaturalist-open-data.s3.amazonaws.com/photos/84245444/medium.jpg,,"",Foraging in the Common Hibiscus ,2,0,false,3,"Margaret St, Teaneck, NJ, US",40.89294667,-74.00794167,4,,,,4,,open,false,,,Baltimore Oriole,Icterus galbula,Calandria de Baltimore,Aves,9346
53068256,e6af9126-0c65-4bce-b985-7d23833c936b,2020/07/13 2:40 PM CDT,2020-07-13,2020-07-13 19:40:00 UTC,Central Time (US & Canada),52316,molanic,"",2020-07-14 17:25:51 UTC,2020-07-15 16:59:28 UTC,research,CC-BY-NC,https://www.inaturalist.org/observations/53068256,https://inaturalist-open-data.s3.amazonaws.com/photos/84388205/medium.jpeg,,iNat,,3,0,false,,"Illinois, US",41.9621693371,-88.1302720025,30,,,,27723,obscured,open,true,,,Baltimore Oriole,Icterus galbula,Calandria de Baltimore,Aves,9346
53617727,875baf86-da7a-4088-9b0f-8c900b1eb9eb,Sun May 17 2020 08:56:47 GMT-0400 (EDT),2020-05-17,2020-05-17 12:56:47 UTC,Eastern Time (US & Canada),3352783,amaltzan,,2020-07-19 16:41:51 UTC,2020-07-28 06:55:56 UTC,research,CC-BY-NC,https://www.inaturalist.org/observations/53617727,https://inaturalist-open-data.s3.amazonaws.com/photos/85285361/medium.jpg,,"",,3,0,false,3,"Midline Rd, Freeville, NY, US",42.4166027271,-76.3465813827,30,,,,30,,open,false,,,Baltimore Oriole,Icterus galbula,Calandria de Baltimore,Aves,9346
55599859,b70d9cd1-7340-45cc-9df6-a6bfa2e0cea1,2020/08/05 11:56 AM UTC,2020-08-05,,UTC,2350911,kellyfrank98,"",2020-08-06 14:44:26 UTC,2020-08-11 04:08:18 UTC,research,CC-BY-NC,https://www.inaturalist.org/observations/55599859,https://inaturalist-open-data.s3.amazonaws.com/photos/88543562/medium.jpeg,,"",,1,0,false,,"2955 Edge Hill Rd, Huntingdon Valley, PA 19006, USA",40.1420266,-75.0829701,188,,,,188,,open,false,,,Baltimore Oriole,Icterus galbula,Calandria de Baltimore,Aves,9346
55662125,f5cc992e-52a3-4321-8755-53fd491ff925,Tue May 12 2020 17:33:42 GMT-0400 (EDT),2020-05-12,2020-05-12 21:33:42 UTC,Eastern Time (US & Canada),287252,glmartin,Gillian,2020-08-07 01:51:29 UTC,2025-10-04 01:24:05 UTC,research,CC-BY-NC,https://www.inaturalist.org/observations/55662125,https://inaturalist-open-data.s3.amazonaws.com/photos/88649885/medium.jpg,,"",,1,0,false,3,"W Rex St, Muncie, IN, US",40.205495,-85.39616333,4,,,,4,,open,false,,,Baltimore Oriole,Icterus galbula,Calandria de Baltimore,Aves,9346
56085534,7d0ff447-4d94-4ca9-b8a3-7804c8ce9347,2020/08/10 1:54 PM EDT,2020-08-10,2020-08-10 17:54:00 UTC,Eastern Time (US & Canada),416201,jemredwood,Joanne Muis,2020-08-11 01:02:30 UTC,2020-08-11 01:49:56 UTC,research,CC-BY-NC,https://www.inaturalist.org/observations/56085534,https://inaturalist-open-data.s3.amazonaws.com/photos/89348724/medium.jpeg,,"","",1,0,false,,"Aldershot, Burlington, ON, Canada",43.3147216667,-79.8490433333,,,,,,,open,false,,,Baltimore Oriole,Icterus galbula,Calandria de Baltimore,Aves,9346
56768630,cd9cc1fa-c39f-4cb6-8de5-39a551c5c24e,2020/08/17 12:32 PM UTC,2020-08-17,2020-08-17 12:32:00 UTC,UTC,2115938,meginnature,Meghan,2020-08-17 18:57:55 UTC,2020-09-03 23:12:16 UTC,research,,https://www.inaturalist.org/observations/56768630,https://static.inaturalist.org/photos/90487812/medium.jpeg,,"","",1,0,false,,"Pennsylvania, US",40.0272967402,-75.0275461682,429,,,,28000,obscured,open,true,,,Baltimore Oriole,Icterus galbula,Calandria de Baltimore,Aves,9346
58550971,7c720051-9b7e-4553-8d5c-2c1b3becf193,Tue Aug 18 2020 18:33:25 GMT-0400 (EDT),2020-08-18,2020-08-18 22:33:25 UTC,Eastern Time (US & Canada),3556224,plopes,Paul Lopes,2020-09-04 22:37:15 UTC,2020-09-17 19:00:53 UTC,research,,https://www.inaturalist.org/observations/58550971,https://static.inaturalist.org/photos/93486965/medium.jpg,,"",,1,0,false,3,"Armstrong Ave, Toronto, ON, CA",43.66385333,-79.4394,24,,,,24,,open,false,,,Baltimore Oriole,Icterus galbula,Calandria de Baltimore,Aves,9346
58567381,23ac236f-6699-43cb-8613-0124c8231955,2020/09/02 5:28 PM EDT,2020-09-02,2020-09-02 21:28:00 UTC,Eastern Time (US & Canada),1685890,adventurehiker,"",2020-09-05 02:17:37 UTC,2020-09-15 17:57:39 UTC,research,,https://www.inaturalist.org/observations/58567381,https://static.inaturalist.org/photos/93515109/medium.jpg,,"",,2,0,false,,"Pennsylvania, US",40.107157568,-75.0332715318,8388,,,,28000,obscured,open,true,,,Baltimore Oriole,Icterus galbula,Calandria de Baltimore,Aves,9346
59531554,60ec90b2-8dd0-405d-9b32-886e684a83fe,2020/09/12 12:47 PM CDT,2020-09-12,2020-09-12 17:47:00 UTC,Monterrey,173068,leoguzman,Leonardo Guzmán,2020-09-14 01:21:17 UTC,2020-11-09 07:15:26 UTC,research,CC-BY-NC-ND,https://www.inaturalist.org/observations/59531554,https://inaturalist-open-data.s3.amazonaws.com/photos/95125984/medium.jpeg,,"",,1,0,false,,"Linares, N.L., México",24.9086085157,-99.4532849342,61,,,,61,,open,false,,,Calandria de Baltimore,Icterus galbula,Calandria de Baltimore,Aves,9346
59621881,e97c8691-34d6-41d6-8ae4-785eff895ec7,Mon Sep 14 2020 16:34:57 GMT-0500 (CDT),2020-09-14,2020-09-14 21:34:57 UTC,Central Time (US & Canada),1890248,sydneydragon,Sydney Dragon,2020-09-14 22:04:20 UTC,2020-10-15 19:20:07 UTC,research,CC-BY,https://www.inaturalist.org/observations/59621881,https://inaturalist-open-data.s3.amazonaws.com/photos/95275736/medium.jpg,,"",,2,0,false,3,"Oldfield Dr, Arlington, TX, US",32.6779575283,-97.1836524034,34,,,,34,,open,false,,,Baltimore Oriole,Icterus galbula,Calandria de Baltimore,Aves,9346
60309106,15477ce5-b91e-44e8-a7d5-e1316006f62c,2013/06/03 4:29 PM EDT,2013-06-03,2013-06-03 20:29:00 UTC,Eastern Time (US & Canada),578064,paulreevesphotography,Paul Reeves,2020-09-21 12:25:52 UTC,2023-06-03 06:22:38 UTC,research,CC-BY-NC-SA,https://www.inaturalist.org/observations/60309106,https://inaturalist-open-data.s3.amazonaws.com/photos/96423379/medium.jpg,,"",,1,0,false,,"Tommy Thompson Park, Toronto, ON, Canada",43.6501524272,-79.3238683068,53,,,,53,,open,false,,,Baltimore Oriole,Icterus galbula,Calandria de Baltimore,Aves,9346
60423681,095df797-01f7-4b0c-8b4c-b0a1ddd7b5e9,2019/05/15 1:12 PM EDT,2019-05-15,2019-05-15 17:12:00 UTC,Eastern Time (US & Canada),578064,paulreevesphotography,Paul Reeves,2020-09-22 15:26:09 UTC,2020-11-14 23:31:14 UTC,research,CC-BY-NC-SA,https://www.inaturalist.org/observations/60423681,https://inaturalist-open-data.s3.amazonaws.com/photos/96618480/medium.jpg,,"",,1,0,false,,"Ashbridges Bay Park, Toronto, ON, Canada",43.6551763224,-79.3087871281,12,,,,12,,open,false,,,Baltimore Oriole,Icterus galbula,Calandria de Baltimore,Aves,9346
61475133,813693a8-987b-455e-a459-78d63dc51d1a,2020/05/11 6:46 PM EDT,2020-05-11,2020-05-11 22:46:00 UTC,Eastern Time (US & Canada),313678,smpvolunteer-jcannon,Jerry Cannon,2020-10-02 13:45:50 UTC,2024-02-03 00:57:13 UTC,research,CC-BY-NC,https://www.inaturalist.org/observations/61475133,https://inaturalist-open-data.s3.amazonaws.com/photos/98377314/medium.jpeg,,"",,2,0,false,,"Merriman Valley, Cuyahoga Falls, OH, USA",41.1234009326,-81.5274825306,1628,,,,1628,,open,false,,,Baltimore Oriole,Icterus galbula,Calandria de Baltimore,Aves,9346
62858388,bcf44cbd-ccc6-4d53-a9c6-df7d5670b47b,2020/05/12 4:09 PM EDT,2020-05-12,2020-05-12 20:09:00 UTC,Eastern Time (US & Canada),3588874,becksnyc,"",2020-10-18 02:51:46 UTC,2021-01-11 18:46:50 UTC,research,,https://www.inaturalist.org/observations/62858388,https://static.inaturalist.org/photos/100782443/medium.jpg,,"Baltimore oriole, Birds (Class Aves), male, Yard Survey (WV)",Male,1,0,false,,WVU Jackson's Mill,39.100655,-80.471169,881,,,,881,,open,false,,manual,Baltimore Oriole,Icterus galbula,Calandria de Baltimore,Aves,9346
64149440,35762ec5-f7ea-462b-aa77-50b20cabb486,2020/09/17 5:20 PM CDT,2020-09-17,2020-09-17 22:20:00 UTC,Central Time (US & Canada),539598,sylbird,S. Queen,2020-11-04 02:25:33 UTC,2020-11-04 23:51:19 UTC,research,CC-BY-NC,https://www.inaturalist.org/observations/64149440,https://inaturalist-open-data.s3.amazonaws.com/photos/103084697/medium.jpeg,,"","",1,0,false,,"Slate Creek Wetland, Sumner County, KS, USA",37.1872159297,-97.1966272901,61,,,,61,,open,false,,,Baltimore Oriole,Icterus galbula,Calandria de Baltimore,Aves,9346
64456785,2977feeb-3837-47d6-b18d-2c7c8dab2c6e,2020/11/08 11:30 AM CST,2020-11-08,2020-11-08 17:30:00 UTC,America/El_Salvador,3791600,jose-alvaro,José Álvaro Campos,2020-11-08 18:58:12 UTC,2022-04-13 16:58:17 UTC,research,CC-BY-NC,https://www.inaturalist.org/observations/64456785,https://inaturalist-open-data.s3.amazonaws.com/photos/103630400/medium.jpeg,,"","",6,0,false,,"Col Zacamil, Mejicanos, El Salvador",13.729775,-89.2063083333,,,,,,,open,false,,,Baltimore Oriole,Icterus galbula,Calandria de Baltimore,Aves,9346
64484238,f7caa70c-577c-4b53-9bd7-dcd5280e7010,2020/10/10 8:15 AM CDT,2020-10-10,2020-10-10 13:15:00 UTC,Central Time (US & Canada),127156,panza_rayada,Roberto González,2020-11-09 00:43:15 UTC,2020-11-09 01:51:45 UTC,research,CC-BY-NC,https://www.inaturalist.org/observations/64484238,https://inaturalist-open-data.s3.amazonaws.com/photos/103678851/medium.jpg,,"",,1,0,false,,"Xicotepec, Puebla, Mexico",20.2625766667,-97.963465,,,,,,,open,false,,,Calandria de Baltimore,Icterus galbula,Calandria de Baltimore,Aves,9346
65156147,70611145-0517-41c6-afcf-46ddbfbe2b5d,2012/05/06 5:23 PM PDT,2012-05-06,2012-05-07 00:23:00 UTC,Pacific Time (US & Canada),213838,vireolanius,Justyn Stahl,2020-11-18 16:11:14 UTC,2022-01-29 16:26:04 UTC,research,CC-BY-NC,https://www.inaturalist.org/observations/65156147,https://inaturalist-open-data.s3.amazonaws.com/photos/104828170/medium.jpg,,"",,2,0,false,,"Wilson Cove, California, USA",32.9999238163,-118.5568934339,569,,,,569,,open,false,,,Baltimore Oriole,Icterus galbula,Calandria de Baltimore,Aves,9346
66273870,0bd79afd-4909-47d5-985b-ba0e42aff981,2020/12/05 11:44 AM EST,2020-12-05,2020-12-05 16:44:00 UTC,Eastern Time (US & Canada),349183,joemdo,Joe MDO,2020-12-08 01:23:34 UTC,2026-01-13 17:57:01 UTC,research,CC-BY-NC,https://www.inaturalist.org/observations/66273870,https://inaturalist-open-data.s3.amazonaws.com/photos/106799616/medium.png,,"",Eating cultivated Sapodilla (thanks @lydiamc for the ID),2,0,false,,"Westchester, FL, USA",25.7427894371,-80.3347752999,96,,,,96,,open,false,,,Baltimore Oriole,Icterus galbula,Calandria de Baltimore,Aves,9346
66822930,54003ac1-d46b-4f25-8a8c-464cd40aa38b,2020/12/18 3:07 PM AST,2020-12-18,2020-12-18 19:07:00 UTC,Atlantic Time (Canada),107551,nbdragonflyguy,Denis Doucet,2020-12-20 13:11:29 UTC,2020-12-20 16:07:04 UTC,research,CC-BY-NC,https://www.inaturalist.org/observations/66822930,https://inaturalist-open-data.s3.amazonaws.com/photos/107811600/medium.jpg,,"",A small sample of the birds seen during  Fundy Natl Park 56th Annual Christmas Bird Count in the Village of Alma zone by our team of eight observers,3,0,false,,"Alma, NB, Canada",45.6049470599,-64.9399058962,15,,,,15,,open,false,,,Baltimore Oriole,Icterus galbula,Calandria de Baltimore,Aves,9346
67061042,e59f103f-b963-40ae-8576-bcf9c4711931,Fri Dec 25 2020 13:37:33 GMT-0500 (EST),2020-12-25,2020-12-25 18:37:33 UTC,Eastern Time (US & Canada),451702,nynaturalist,"",2020-12-25 22:49:58 UTC,2020-12-25 22:58:14 UTC,research,,https://www.inaturalist.org/observations/67061042,https://static.inaturalist.org/photos/108253612/medium.jpg,,"","Northampton County, Pennsylvania - Nisky Hill Cemetary ",1,0,false,3,"E Church St, Bethlehem, PA, US",40.6177380273,-75.3731624108,165,,,,165,,open,false,,,Baltimore Oriole,Icterus galbula,Calandria de Baltimore,Aves,9346
67278111,bd9972c5-3ca9-47b2-8214-4ad40c99c533,2004/06/14 9:52 AM CDT,2004-06-14,2004-06-14 14:52:00 UTC,Central Time (US & Canada),216168,psweet,"",2020-12-30 01:01:00 UTC,2024-07-08 04:54:38 UTC,research,CC-BY-SA,https://www.inaturalist.org/observations/67278111,https://inaturalist-open-data.s3.amazonaws.com/photos/108658781/medium.jpeg,,"",,1,0,false,,"Powdermill Bird Observatory, Westmoreland County, PA, USA",40.157347408,-79.2458657963,204,,,,204,,open,false,,,Calandria de Baltimore,Icterus galbula,Calandria de Baltimore,Aves,9346
67709614,e0371d17-9a74-46d9-aa66-ba4fcda09f9b,2021-01-07 11:27:23 AM EST,2021-01-07,2021-01-07 16:27:23 UTC,Eastern Time (US & Canada),3603598,gneissplace,Emily Wallace,2021-01-07 16:30:34 UTC,2021-01-13 03:44:53 UTC,research,CC-BY-NC,https://www.inaturalist.org/observations/67709614,https://inaturalist-open-data.s3.amazonaws.com/photos/109467371/medium.jpeg,,"",🧡,1,0,false,2,"Manakin-Sabot, VA 23103, USA",37.6198109722,-77.763272,,,,,,,open,false,gps,gps,Baltimore Oriole,Icterus galbula,Calandria de Baltimore,Aves,9346
68593826,cbac908e-d3c7-4400-9535-d1e39671c57f,2021/01/24 12:44 PM EST,2021-01-24,2021-01-24 17:44:00 UTC,Eastern Time (US & Canada),690411,charlesavenengo,"",2021-01-25 11:20:16 UTC,2021-02-04 17:26:13 UTC,research,CC-BY-NC,https://www.inaturalist.org/observations/68593826,https://inaturalist-open-data.s3.amazonaws.com/photos/111111143/medium.jpeg,,"","",1,0,false,,"Pembroke Pines, Flórida, EUA",26.0065847989,-80.2347903659,8,,,,8,,open,false,,,Baltimore Oriole,Icterus galbula,Calandria de Baltimore,Aves,9346
69391254,add90fae-3550-4246-8a7c-0e8a723f2850,2021-02-10 10:45:52,2021-02-10,2021-02-10 15:45:52 UTC,Eastern Time (US & Canada),309089,marykeim,Mary Keim,2021-02-11 01:36:47 UTC,2024-07-23 18:21:15 UTC,research,CC-BY-NC,https://www.inaturalist.org/observations/69391254,https://inaturalist-open-data.s3.amazonaws.com/photos/112576035/medium.jpg,,":Central Florida, Mary Keim, taxonomy:binomial=Icterus galbula, cwh, Baltimore Oriole (Icterus galbula)","Orange County, FL, February 2021.  Backyard.",5,0,false,,"Edgewood, Florida, United States",28.494832,-81.36687,,,,,,,open,false,,"",Baltimore Oriole,Icterus galbula,Calandria de Baltimore,Aves,9346
69465983,ad8a5cf7-0f37-4ce5-af5d-426a4cb6c3fd,2016/05/07 10:34 AM EDT,2016-05-07,2016-05-07 14:34:00 UTC,Eastern Time (US & Canada),785045,josh_vandermeulen,Josh van der Meulen,2021-02-12 18:52:57 UTC,2021-02-12 18:54:04 UTC,research,CC-BY-NC-ND,https://www.inaturalist.org/observations/69465983,https://inaturalist-open-data.s3.amazonaws.com/photos/112718388/medium.jpg,,"",,1,0,false,,"Leamington, ON, Canada",41.929290565,-82.5123325694,441,,,,441,,open,false,,,Baltimore Oriole,Icterus galbula,Calandria de Baltimore,Aves,9346
69825547,cd65c00b-53d1-4caf-8cd7-e124027503c5,2012/07/02 1:35 PM NDT,2012-07-02,2012-07-02 16:05:00 UTC,Newfoundland,666362,todd_boland,Todd Boland,2021-02-19 19:50:03 UTC,2024-08-31 18:39:17 UTC,research,CC-BY,https://www.inaturalist.org/observations/69825547,https://inaturalist-open-data.s3.amazonaws.com/photos/113393664/medium.jpeg,,"",,1,0,false,,"Division No. 3, AB, Canada",49.2881636699,-113.6190172077,31,,,,31,,open,false,,,Baltimore Oriole,Icterus galbula,Calandria de Baltimore,Aves,9346
69902286,30b47209-509e-41bf-bc30-c045e3d36b08,2020/05/08 11:36 AM EDT,2020-05-08,2020-05-08 15:36:00 UTC,Eastern Time (US & Canada),1154196,raneedunc,"",2021-02-21 03:50:25 UTC,2023-07-08 02:09:34 UTC,research,CC-BY-NC-SA,https://www.inaturalist.org/observations/69902286,https://inaturalist-open-data.s3.amazonaws.com/photos/113535905/medium.jpg,,"",,3,0,false,,"Newbury, MA, USA",42.7667786231,-70.922625469,488,,,,488,,open,false,,,Baltimore Oriole,Icterus galbula,Calandria de Baltimore,Aves,9346
70431018,bfb5b9d7-3fa4-4e38-b00c-35f34605250e,2015/05/05 1:21 PM EDT,2015-05-05,2015-05-05 17:21:00 UTC,Eastern Time (US & Canada),389353,cesarcastillo,César Andrés Castillo,2021-03-02 04:14:33 UTC,2021-03-03 14:57:55 UTC,research,,https://www.inaturalist.org/observations/70431018,https://static.inaturalist.org/photos/114498146/medium.jpg,,"",,1,0,false,,"Forest Park, Queens, NY, USA",40.706531799,-73.8381796818,31,,,,31,,open,false,,,Baltimore Oriole,Icterus galbula,Calandria de Baltimore,Aves,9346
70638745,cfa4ed7f-cc76-401f-839e-c0df92d510d9,2020/02/05 3:25 PM UTC,2020-02-05,2020-02-05 15:25:00 UTC,UTC,3328064,mariourrutia,Mario Urrutia,2021-03-06 01:26:07 UTC,2022-12-17 17:28:53 UTC,research,CC-BY-NC,https://www.inaturalist.org/observations/70638745,https://inaturalist-open-data.s3.amazonaws.com/photos/114873107/medium.jpg,,"","",2,0,false,,"RN-53, Danlí, Honduras",14.0313378,-86.5704025,211,,,,211,,open,false,,,Baltimore Oriole,Icterus galbula,Calandria de Baltimore,Aves,9346
71106558,a79363b9-4c59-4149-8713-e30d88326fa6,2021/03/12 5:03 PM CST,2021-03-12,2021-03-12 23:03:00 UTC,Central Time (US & Canada),61286,bsullend,Barry Sullender,2021-03-13 03:11:29 UTC,2022-09-18 04:31:26 UTC,research,CC-BY-NC,https://www.inaturalist.org/observations/71106558,https://inaturalist-open-data.s3.amazonaws.com/photos/115714715/medium.jpg,,"","",2,0,false,,"Col Centro, Zapotitlán Salinas, Pue., Mexico",18.3299908797,-97.4717352027,4,,,,4,,open,false,,,Calandria de Baltimore,Icterus galbula,Calandria de Baltimore,Aves,9346
72380731,da11050a-03a9-4ebd-a5ae-58083bee0bca,2017/11/21 12:23 PM CST,2017-11-21,2017-11-21 18:23:00 UTC,Central America,518331,melojeda,Melisa Ojeda,2021-03-29 18:27:40 UTC,2024-03-12 18:16:58 UTC,research,CC-BY,https://www.inaturalist.org/observations/72380731,https://inaturalist-open-data.s3.amazonaws.com/photos/118000890/medium.jpeg,,"",Silvestre,2,0,false,,"Zona 2, Cdad. de Guatemala, Guatemala",14.6786766667,-90.515285,,,,,,,open,false,,,Calandria de Baltimore,Icterus galbula,Calandria de Baltimore,Aves,9346
76599830,9690ed9f-d0bc-477f-851d-32ea58ad8e6a,2021/05/01,2021-05-01,,Eastern Time (US & Canada),1038146,susnyder,Su Snyder,2021-05-02 17:01:19 UTC,2021-05-04 12:42:21 UTC,research,CC-BY-NC-SA,https://www.inaturalist.org/observations/76599830,https://inaturalist-open-data.s3.amazonaws.com/photos/125289162/medium.jpeg,,"","",1,0,false,,"Schwartzwalder Rd, Shreve, OH 44676, USA",40.7266932,-82.0995261,188,,,,188,,open,false,,,Baltimore Oriole,Icterus galbula,Calandria de Baltimore,Aves,9346
77316223,01f584b8-dbf7-451b-8f96-e1f209eb5250,2021/04/29 1:11 PM MDT,2021-04-29,2021-04-29 19:11:00 UTC,Mountain Time (US & Canada),1499212,adkonings,Ad Konings,2021-05-04 18:16:03 UTC,2021-05-04 19:24:43 UTC,research,CC-BY-NC,https://www.inaturalist.org/observations/77316223,https://inaturalist-open-data.s3.amazonaws.com/photos/126436807/medium.jpg,,"",,1,0,false,,"Erie County, PA, USA",42.142189,-80.135399,,,,,,,open,false,,,Baltimore Oriole,Icterus galbula,Calandria de Baltimore,Aves,9346
77560537,4a493ecc-bead-4bd7-91c7-e46e79ee6134,2021/05/01 6:33 PM EDT,2021-05-01,2021-05-01 22:33:00 UTC,Eastern Time (US & Canada),9432,ashley_bradford,Ashley M Bradford,2021-05-06 04:50:52 UTC,2021-05-06 14:27:17 UTC,research,CC-BY-NC,https://www.inaturalist.org/observations/77560537,https://inaturalist-open-data.s3.amazonaws.com/photos/126852174/medium.jpg,,"100-400mmII, 7DMII, Alexandria, BAOR, DykeMarsh, VA, animals, birds, nature, orioles, passerine, spring",,4,0,false,,"Belle Haven, VA, USA",38.7709959917,-77.050907425,,,,,,,open,false,,,Baltimore Oriole,Icterus galbula,Calandria de Baltimore,Aves,9346
77655335,d6b823b3-75fd-47d7-a2ed-1fedd81cf0c6,2021/05/06 4:08 PM EDT,2021-05-06,2021-05-06 20:08:00 UTC,Eastern Time (US & Canada),590639,mayessj,"",2021-05-06 20:33:36 UTC,2024-02-03 13:47:37 UTC,research,CC-BY-NC,https://www.inaturalist.org/observations/77655335,https://inaturalist-open-data.s3.amazonaws.com/photos/127017423/medium.jpeg,,"","",1,0,false,,"New York, US",41.326454475,-74.5763803744,191,,,,27816,obscured,open,true,,,Baltimore Oriole,Icterus galbula,Calandria de Baltimore,Aves,9346
77667569,cf0a57b6-b829-4976-9050-16db19b3528f,Thu May 06 2021 10:21:29 GMT-0400 (EDT),2021-05-06,2021-05-06 14:21:29 UTC,Eastern Time (US & Canada),3407414,plantkatja,,2021-05-06 22:11:18 UTC,2021-05-06 22:55:59 UTC,research,CC-BY-NC,https://www.inaturalist.org/observations/77667569,https://inaturalist-open-data.s3.amazonaws.com/photos/127038392/medium.jpg,,"","",1,0,false,3,"Dominion Rd, Ridgeway, ON, CA",42.8862133333,-79.0408471667,12,,,,12,,open,false,,,Baltimore Oriole,Icterus galbula,Calandria de Baltimore,Aves,9346
77703137,873269c2-82f4-4b2f-bbf6-89e1b5f3541e,2021/05/03 2:46 PM UTC,2021-05-03,2021-05-03 14:46:00 UTC,UTC,521338,gpete,"",2021-05-07 03:10:00 UTC,2022-07-30 15:07:29 UTC,research,CC-BY,https://www.inaturalist.org/observations/77703137,https://inaturalist-open-data.s3.amazonaws.com/photos/127100715/medium.jpeg,,"",,1,0,false,,"Bangor Tt, Bay, MI, USA",43.6611582645,-83.9140583476,137,,,,137,,open,false,,,Baltimore Oriole,Icterus galbula,Calandria de Baltimore,Aves,9346
77822375,5bd6f5cb-e63e-4500-a062-cef960f81446,Fri May 07 2021 08:30:35 GMT-0400 (EDT),2021-05-07,2021-05-07 12:30:35 UTC,Eastern Time (US & Canada),2060292,galecannon,,2021-05-07 23:38:29 UTC,2021-05-07 23:40:34 UTC,research,CC-BY-NC,https://www.inaturalist.org/observations/77822375,https://inaturalist-open-data.s3.amazonaws.com/photos/127302837/medium.jpg,,"","",1,0,false,3,"Thorofare, West Deptford, NJ, US",39.8520323813,-75.1906726293,185,,,,185,,open,false,,,Baltimore Oriole,Icterus galbula,Calandria de Baltimore,Aves,9346
77838611,c815bbbb-7822-4d92-a95a-ad3df6fa34a0,Fri May 07 2021 16:22:01 GMT-0400 (EDT),2021-05-07,2021-05-07 20:22:01 UTC,Eastern Time (US & Canada),2846169,physicscoach,PhysicsCoach,2021-05-08 02:19:28 UTC,2024-08-29 16:49:36 UTC,research,CC0,https://www.inaturalist.org/observations/77838611,https://inaturalist-open-data.s3.amazonaws.com/photos/127331018/medium.jpg,,"","",1,0,false,3,"E Back Bay Rd, Bowling Green, OH, US",41.4396966667,-83.7772,5,,,,5,,open,false,,,Baltimore Oriole,Icterus galbula,Calandria de Baltimore,Aves,9346
77842078,f0af27d2-1273-40fb-b76b-b7744dfc7327,2021/05/07 4:18 PM EDT,2021-05-07,2021-05-07 20:18:00 UTC,Eastern Time (US & Canada),2059238,lma82,Luis Agosto,2021-05-08 02:49:49 UTC,2021-05-08 02:51:23 UTC,research,CC-BY-NC,https://www.inaturalist.org/observations/77842078,https://inaturalist-open-data.s3.amazonaws.com/photos/127335994/medium.jpeg,,"",,1,0,false,,"Watertown, MA, USA",42.3677416961,-71.1461162785,4,,,,4,,open,false,,,Baltimore Oriole,Icterus galbula,Calandria de Baltimore,Aves,9346
77919980,b27f1033-e85f-4d77-8076-5768353c49bf,2021/05/08 9:01 AM HST,2021-05-08,2021-05-08 19:01:00 UTC,Hawaii,1610034,aimeeeasterling,Anna Hess,2021-05-08 16:48:26 UTC,2021-05-09 11:05:15 UTC,research,CC-BY,https://www.inaturalist.org/observations/77919980,https://inaturalist-open-data.s3.amazonaws.com/photos/127465860/medium.jpeg,,"","",2,0,false,,"Morgan County, OH, USA",39.5583783083,-82.0264993506,61,,,,61,,open,false,,,Baltimore Oriole,Icterus galbula,Calandria de Baltimore,Aves,9346
78135731,394c5e8f-b5ec-49bb-8178-118e1268f141,2021/05/09 12:45 PM CDT,2021-05-09,2021-05-09 17:45:00 UTC,Central Time (US & Canada),52316,molanic,"",2021-05-09 21:38:43 UTC,2021-05-11 15:33:15 UTC,research,CC-BY-NC,https://www.inaturalist.org/observations/78135731,https://inaturalist-open-data.s3.amazonaws.com/photos/127832213/medium.jpeg,,iNat,Thought maybe this was a female orchard oriole? Looked a little more green yellow than orange yellow to me.,2,0,false,,"Illinois, US",41.8139586013,-88.1548163222,30,,,,27723,obscured,open,true,,,Baltimore Oriole,Icterus galbula,Calandria de Baltimore,Aves,9346
78166747,5f3340c4-d462-40b4-a7d9-108adcb2a01e,Thu May 06 2021 08:37:25 GMT-0500 (CDT),2021-05-06,2021-05-06 08:37:25 UTC,UTC,1965120,margem,,2021-05-10 01:19:52 UTC,2021-05-10 01:44:40 UTC,research,CC-BY-NC,https://www.inaturalist.org/observations/78166747,https://inaturalist-open-data.s3.amazonaws.com/photos/127887753/medium.jpg,,"","",1,0,false,3,"Bypass Rd, Charleston, IL, US",39.4533908425,-88.1406485006,415,,,,415,,open,false,,,Baltimore Oriole,Icterus galbula,Calandria de Baltimore,Aves,9346
78269651,7b043732-0f94-46bc-bc89-c2ce0422a620,Mon May 10 2021 16:35:48 GMT-0400 (EDT),2021-05-10,2021-05-10 20:35:48 UTC,Eastern Time (US & Canada),3528634,thescientificbeast,🐲 Charles (Charlie) Ibrahim 🐲,2021-05-10 20:36:18 UTC,2025-09-19 14:58:29 UTC,research,CC-BY-NC,https://www.inaturalist.org/observations/78269651,https://inaturalist-open-data.s3.amazonaws.com/photos/128069892/medium.jpg,,"",Eating an orange.,2,0,false,3,"Spring St, Marion, MA, US",41.7033951856,-70.7664504899,42,,,,42,,open,false,,,Baltimore Oriole,Icterus galbula,Calandria de Baltimore,Aves,9346
78284931,febf4e70-8d7d-4a54-9814-b3b56a8c55d5,2021/05/09 11:04 AM EDT,2021-05-09,2021-05-09 15:04:00 UTC,Eastern Time (US & Canada),1680100,melissa577,Melissa Reckner,2021-05-10 22:57:38 UTC,2021-05-11 01:42:30 UTC,research,CC-BY-NC-ND,https://www.inaturalist.org/observations/78284931,https://inaturalist-open-data.s3.amazonaws.com/photos/128095604/medium.jpeg,,"",1 of 2 pair trying to chase a Robin from the jelly feeder,1,0,false,,"Somerset County, PA, USA",40.2100788021,-78.9165732953,8,,,,8,,open,false,,,Baltimore Oriole,Icterus galbula,Calandria de Baltimore,Aves,9346
78478748,d13b1b9c-6654-4f72-9b82-d78c64faa7cd,2021/05/07 11:51 AM EDT,2021-05-07,2021-05-07 15:51:00 UTC,Eastern Time (US & Canada),1081166,elleng,"",2021-05-12 17:36:58 UTC,2022-05-07 23:51:41 UTC,research,CC-BY-NC,https://www.inaturalist.org/observations/78478748,https://inaturalist-open-data.s3.amazonaws.com/photos/128439001/medium.jpg,,"",,1,0,false,,"Westchester County, NY, USA",41.223035197,-73.5602910146,31,,,,31,,open,false,,,Baltimore Oriole,Icterus galbula,Calandria de Baltimore,Aves,9346
78522203,0f947b9a-77ae-4c1f-80ea-d70c0c062b87,Wed May 12 2021 20:14:33 GMT-0400 (EDT),2021-05-12,2021-05-13 00:14:33 UTC,Eastern Time (US & Canada),450436,ttaranovski,"",2021-05-13 00:16:51 UTC,2024-10-20 16:39:40 UTC,research,,https://www.inaturalist.org/observations/78522203,https://static.inaturalist.org/photos/128516814/medium.jpg,,"","Found deceased on road next to Sunset Lake. Possible car impact? Cars travel ver fast here, no sign of predator marks.",2,0,false,3,"John W Leroy Jr Way, Braintree, MA, US",42.2063421813,-71.0134867011,8,,,,8,,open,false,,,Baltimore Oriole,Icterus galbula,Calandria de Baltimore,Aves,9346
78651467,a5675be9-fd07-4468-99b7-8e3e6c88cf76,2021-05-13 17:55:01,2021-05-13,2021-05-13 17:55:01 UTC,UTC,2424752,malg,MA and LG,2021-05-14 01:29:23 UTC,2021-05-15 12:20:11 UTC,research,,https://www.inaturalist.org/observations/78651467,https://static.inaturalist.org/photos/128743677/medium.jpeg,,"",I need to see this again for a better picture. So beautiful ,1,0,false,2,"Courtice, ON L1E, Canada",43.872973,-78.7947819722,,,,,,,open,false,,,Oriole de Baltimore,Icterus galbula,Calandria de Baltimore,Aves,9346
78704473,b1ea9d03-83d1-4aca-92fa-028e9d3f7ed1,2021/05/13 12:06 PM EDT,2021-05-13,2021-05-13 16:06:00 UTC,Eastern Time (US & Canada),1605354,yaelw,"",2021-05-14 15:14:48 UTC,2021-08-09 17:22:41 UTC,research,,https://www.inaturalist.org/observations/78704473,https://static.inaturalist.org/photos/128835668/medium.jpeg,,"birds, Bethpage State Park, Bethpage State Park Ecology","",1,0,false,,"Old Bethpage, NY, USA",40.7425485777,-73.4415095599,61,,,,61,,open,false,,,Baltimore Oriole,Icterus galbula,Calandria de Baltimore,Aves,9346
78738807,34b0f90c-378b-40f4-b4d5-54c97635083d,Fri May 14 2021 15:06:06 GMT-0400 (EDT),2021-05-14,2021-05-14 19:06:06 UTC,Eastern Time (US & Canada),918321,mikus,,2021-05-14 19:51:14 UTC,2021-05-16 01:28:12 UTC,research,,https://www.inaturalist.org/observations/78738807,https://static.inaturalist.org/photos/128895440/medium.jpg,,"",It was injured and let a pedestrian pick it up.  She is going to a vet or bird shelter.,3,0,false,3,"Massachusetts Ave, Indianapolis, IN, US",39.7787643224,-86.1438365468,5,,,,5,,open,false,,,Baltimore Oriole,Icterus galbula,Calandria de Baltimore,Aves,9346
78756682,621a453c-4226-4298-8b22-b334a1e04cd6,2021-05-14 16:07:19,2021-05-14,2021-05-14 20:07:19 UTC,Eastern Time (US & Canada),3599385,melissaolson1,Melissa Olson,2021-05-14 22:07:40 UTC,2022-06-08 19:37:22 UTC,research,,https://www.inaturalist.org/observations/78756682,https://static.inaturalist.org/photos/128926524/medium.jpeg,,"",,2,0,false,2,"15 St - Prospect Park Station, Brooklyn, NY 11215, USA",40.6614472222,-73.9789388889,,,,,,,open,false,gps,gps,Baltimore Oriole,Icterus galbula,Calandria de Baltimore,Aves,9346
78859386,037516d6-368c-45de-93a9-087a187c3516,Sat May 15 2021 12:18:15 GMT-0500 (CDT),2021-05-15,2021-05-15 17:18:15 UTC,Central Time (US & Canada),4090916,entzion,Entz,2021-05-15 17:21:53 UTC,2021-05-25 00:24:07 UTC,research,CC-BY-NC,https://www.inaturalist.org/observations/78859386,https://inaturalist-open-data.s3.amazonaws.com/photos/129104932/medium.jpg,,"","",1,0,false,3,"Crystal Hills Dr, Pelican Rapids, MN, US",46.617305,-95.9358283333,9,,,,9,,open,false,,,Baltimore Oriole,Icterus galbula,Calandria de Baltimore,Aves,9346
78937364,978b7c66-c294-491e-9e23-9a71263ee9ad,2021/05/07 10:24 AM CDT,2021-05-07,2021-05-07 15:24:00 UTC,Central Time (US & Canada),2939355,frankziegler,Frank Ziegler,2021-05-16 03:05:15 UTC,2021-12-30 23:20:36 UTC,research,CC-BY-NC,https://www.inaturalist.org/observations/78937364,https://inaturalist-open-data.s3.amazonaws.com/photos/129239583/medium.jpg,,"",,3,0,false,,"Greater South Side, Des Moines, IA, USA",41.5691356957,-93.6345480414,16,,,,16,,open,false,,,Baltimore Oriole,Icterus galbula,Calandria de Baltimore,Aves,9346
79011152,38ec72e1-f864-47db-b60f-cfe2a739c8cf,2021/05/16 8:43 AM EDT,2021-05-16,2021-05-16 12:43:00 UTC,Eastern Time (US & Canada),4052772,axp4654,Artur Przybylo,2021-05-16 16:28:05 UTC,2021-07-18 10:10:31 UTC,research,,https://www.inaturalist.org/observations/79011152,https://static.inaturalist.org/photos/129368039/medium.jpeg,,"",,2,0,false,,"Crystal Bay - Lakeview Park - Britannia Village, Ottawa, ON, Canada",45.3709611111,-75.7948722222,1,,,,1,,open,false,,,Baltimore Oriole,Icterus galbula,Calandria de Baltimore,Aves,9346
79280967,83cd2ba5-881a-420f-8805-6557ffcb1077,Tue May 18 2021 11:13:21 GMT-0400 (EDT),2021-05-18,2021-05-18 15:13:21 UTC,Eastern Time (US & Canada),3703550,jane-life,,2021-05-18 15:30:57 UTC,2021-05-18 16:22:22 UTC,research,CC-BY-NC,https://www.inaturalist.org/observations/79280967,https://inaturalist-open-data.s3.amazonaws.com/photos/129843766/medium.jpg,,"","",1,0,false,3,"Michael Cres, Burlington, ON, CA",43.3636883333,-79.81562,17,,,,17,,open,false,,,Baltimore Oriole,Icterus galbula,Calandria de Baltimore,Aves,9346
79392983,2b8f2ef4-a44e-4eda-89d7-7be0d1d94a7c,2021/05/18 4:09 PM EDT,2021-05-18,2021-05-18 20:09:00 UTC,Eastern Time (US & Canada),1994507,gary-james,Gary James,2021-05-19 13:46:54 UTC,2021-05-20 02:45:16 UTC,research,CC-BY-NC,https://www.inaturalist.org/observations/79392983,https://inaturalist-open-data.s3.amazonaws.com/photos/130040718/medium.jpg,,"",,2,0,false,,"Bayview Village, Toronto, ON, Canada",43.7775555646,-79.3707731842,244,,,,244,,open,false,,,Baltimore Oriole,Icterus galbula,Calandria de Baltimore,Aves,9346
79410657,d6bca60b-d798-4431-b29a-6e3481bd3cc6,2021/05/18 6:35 AM CDT,2021-05-18,2021-05-18 11:35:00 UTC,Central Time (US & Canada),280601,randyshonkwiler,,2021-05-19 16:34:26 UTC,2021-05-20 12:58:25 UTC,research,CC-BY-NC,https://www.inaturalist.org/observations/79410657,https://inaturalist-open-data.s3.amazonaws.com/photos/130071083/medium.jpeg,,"",,3,0,false,,"Jackson Park, Chicago, IL, USA",41.7863181779,-87.5833396125,2,,,,2,,open,false,,,Baltimore Oriole,Icterus galbula,Calandria de Baltimore,Aves,9346
79484945,3303d225-7ca8-47b3-80da-59d9795bc9f8,2021/05/18 2:53 PM CDT,2021-05-18,2021-05-18 19:53:00 UTC,Central Time (US & Canada),643751,jeffgarner,Jeff Garner,2021-05-20 03:50:51 UTC,2021-05-22 03:15:27 UTC,research,CC-BY-NC,https://www.inaturalist.org/observations/79484945,https://inaturalist-open-data.s3.amazonaws.com/photos/130192558/medium.jpeg,,"","",1,0,false,,"Demopolis, Marengo Co., AL, USA",32.5245313326,-87.8397740074,4,,,,4,,open,false,,,Baltimore Oriole,Icterus galbula,Calandria de Baltimore,Aves,9346
79489490,d7276fc2-1a26-4902-b310-18642591b07a,2021/05/19 8:31 PM MDT,2021-05-19,2021-05-20 02:31:00 UTC,Mountain Time (US & Canada),1641410,evwalters,Evan,2021-05-20 05:20:45 UTC,2021-05-23 21:56:33 UTC,research,CC-BY-NC,https://www.inaturalist.org/observations/79489490,https://inaturalist-open-data.s3.amazonaws.com/photos/130201469/medium.jpg,,"","",3,0,false,,"Southeast Calgary, Calgary, AB, Canada",50.8892704235,-114.0083890775,15,,,,15,,open,false,,,Baltimore Oriole,Icterus galbula,Calandria de Baltimore,Aves,9346
79545678,788b5b3a-c315-456e-a65b-253127a530e3,2021/05/19 7:59 AM PDT,2021-05-19,2021-05-19 14:59:00 UTC,Pacific Time (US & Canada),2531751,wbarker26,Weston Barker,2021-05-20 17:39:46 UTC,2025-06-23 12:15:48 UTC,research,CC-BY-NC,https://www.inaturalist.org/observations/79545678,https://inaturalist-open-data.s3.amazonaws.com/photos/130297522/medium.jpeg,,"","",5,0,false,,"Litchfield, ME 04350, USA",44.1556562717,-69.9358856254,1085,,,,1085,,open,false,,,Baltimore Oriole,Icterus galbula,Calandria de Baltimore,Aves,9346
79573120,d1c3ae22-2bd5-4151-9274-324e1fe57442,2021/05/20 2:36 PM CDT,2021-05-20,2021-05-20 19:36:00 UTC,Central Time (US & Canada),2482748,mrostrowski,Michael R Ostrowski,2021-05-20 21:51:39 UTC,2022-08-04 20:51:13 UTC,research,CC-BY-NC,https://www.inaturalist.org/observations/79573120,https://inaturalist-open-data.s3.amazonaws.com/photos/130344216/medium.jpeg,,"","",2,0,false,,"Lake Forest, IL, USA",42.2271552778,-87.8124022222,,,,,,,open,false,,,Baltimore Oriole,Icterus galbula,Calandria de Baltimore,Aves,9346
80019927,140d12ca-b37a-4e7c-8956-10d05eab4bca,Fri May 21 2021 11:36:29 GMT-0500 (CDT),2021-05-21,2021-05-21 11:36:29 UTC,UTC,1029491,sthielen,,2021-05-23 21:46:12 UTC,2024-07-08 04:53:16 UTC,research,,https://www.inaturalist.org/observations/80019927,https://static.inaturalist.org/photos/131110350/medium.jpg,,"","",2,0,false,3,"18th St NW, New Brighton, MN, US",45.0792869648,-93.2076173622,3614,,,,3614,,open,false,,,Baltimore Oriole,Icterus galbula,Calandria de Baltimore,Aves,9346
80348985,7e71b7f1-5a89-43aa-a12a-4e80d803478f,2021-05-19,2021-05-19,,Central Time (US & Canada),4137506,asalig,,2021-05-26 11:34:13 UTC,2024-04-30 20:35:43 UTC,research,CC-BY-NC,https://www.inaturalist.org/observations/80348985,https://inaturalist-open-data.s3.amazonaws.com/photos/131683494/medium.jpeg,,"","Female here, male was also visiting this plum tree",1,0,false,2,"Woodland, Duluth, MN, USA",46.8412426931,-92.0774711296,3010,,,,3010,,open,false,gps,gps,Baltimore Oriole,Icterus galbula,Calandria de Baltimore,Aves,9346
80546489,2352d843-d2e7-4928-b99e-80c7464ef593,2021/05/05 6:40 AM EDT,2021-05-05,2021-05-05 10:40:00 UTC,Eastern Time (US & Canada),641181,johnnysap,John L. Jensen,2021-05-28 00:37:58 UTC,2021-05-29 19:50:28 UTC,research,,https://www.inaturalist.org/observations/80546489,https://inaturalist-open-data.s3.amazonaws.com/photos/132026746/medium.jpeg,,"",,1,0,false,,"3852 W Ford Rd, Philadelphia, PA 19131, USA",39.9953823,-75.2045455,54,,,,54,,open,false,,,Baltimore Oriole,Icterus galbula,Calandria de Baltimore,Aves,9346
80552039,9fa17715-c078-4642-a8f8-10a64328a6be,2021/05/25 8:04 AM CDT,2021-05-25,2021-05-25 13:04:00 UTC,Central Time (US & Canada),3028479,wwwprof,"",2021-05-28 01:42:43 UTC,2021-05-29 02:06:00 UTC,research,CC-BY-NC,https://www.inaturalist.org/observations/80552039,https://static.inaturalist.org/photos/132036989/medium.jpg,,"",,1,0,false,,"Gray Willows Farm, Campton Hills, IL, USA",41.9539350027,-88.4065140587,142,,,,142,,open,false,,,Baltimore Oriole,Icterus galbula,Calandria de Baltimore,Aves,9346
80827125,0dbcd483-14fd-4444-8073-f7ba4f376646,2021/05/28 8:32 AM MDT,2021-05-28,2021-05-28 14:32:00 UTC,Mountain Time (US & Canada),3849012,davidrscott,David Scott,2021-05-30 02:41:32 UTC,2026-01-02 22:25:32 UTC,research,CC-BY-NC,https://www.inaturalist.org/observations/80827125,https://inaturalist-open-data.s3.amazonaws.com/photos/132506545/medium.jpg,,"","",3,0,false,,"Division No. 3, AB, Canada",49.0804835163,-113.8586861239,159,,,,159,,open,false,,,Baltimore Oriole,Icterus galbula,Calandria de Baltimore,Aves,9346
81135201,4b106cfc-03e2-46b5-a548-0dfebfd5cd1e,2021/05/31 8:26 PM MDT,2021-05-31,2021-06-01 02:26:00 UTC,Mountain Time (US & Canada),4325862,m-randall,Randall M,2021-06-01 03:21:17 UTC,2024-07-30 13:53:51 UTC,research,CC-BY-NC,https://www.inaturalist.org/observations/81135201,https://inaturalist-open-data.s3.amazonaws.com/photos/133043505/medium.jpg,https://static.inaturalist.org/sounds/241190.wav?1622514447,"",,2,0,false,,"Division No. 6, AB, Canada",50.6809564106,-114.2442529093,15,,,,15,,open,false,,,Baltimore Oriole,Icterus galbula,Calandria de Baltimore,Aves,9346
81261409,79de9e89-b4f9-4395-9e61-1ea8d471a0d9,2021-06-01 16:27:00,2021-06-01,2021-06-01 21:27:00 UTC,Central Time (US & Canada),2482748,mrostrowski,Michael R Ostrowski,2021-06-02 03:00:31 UTC,2022-08-04 20:51:13 UTC,research,CC-BY-NC,https://www.inaturalist.org/observations/81261409,https://inaturalist-open-data.s3.amazonaws.com/photos/133272198/medium.jpeg,,"",,1,0,false,2,"Glenview, IL 60025, USA",42.0823086111,-87.8589119444,,,,,,,open,false,gps,gps,Baltimore Oriole,Icterus galbula,Calandria de Baltimore,Aves,9346
81809028,96af9e1c-77d0-49d2-8392-04e12abc0a80,2021/06/03 2:37 PM UTC,2021-06-03,2021-06-03 14:37:00 UTC,UTC,3348490,wildgrace,WildGrace,2021-06-06 03:18:46 UTC,2022-04-11 04:56:39 UTC,research,CC-BY-NC,https://www.inaturalist.org/observations/81809028,https://inaturalist-open-data.s3.amazonaws.com/photos/134208300/medium.jpeg,,"","",3,0,false,,"AB-873, Scandia, AB T0J 2Z0, Canada",50.3695292,-111.9098916,177,,,,177,,open,false,,,Baltimore Oriole,Icterus galbula,Calandria de Baltimore,Aves,9346
81971856,cdc827d8-b17b-4e94-bb0a-ce7d4fc8ba62,2021/06/06 5:10 PM EDT,2021-06-06,2021-06-06 21:10:00 UTC,Eastern Time (US & Canada),606051,joeg99,Joe Gyekis,2021-06-07 02:38:43 UTC,2021-06-08 13:40:48 UTC,research,CC-BY-NC,https://www.inaturalist.org/observations/81971856,https://inaturalist-open-data.s3.amazonaws.com/photos/134492357/medium.jpeg,,"",,2,0,false,,"Centre County, PA, USA",41.0272894936,-77.648148436,244,,,,244,,open,false,,,Baltimore Oriole,Icterus galbula,Calandria de Baltimore,Aves,9346
82169152,fd342eae-ed69-4c33-b139-b910c09911dc,Tue Jun 08 2021 07:37:04 GMT-0400 (EDT),2021-06-08,2021-06-08 11:37:04 UTC,Eastern Time (US & Canada),337632,sterlingnorthjr,Gregg Petersen,2021-06-08 15:48:26 UTC,2021-06-18 02:59:05 UTC,needs_id,CC-BY-NC,https://www.inaturalist.org/observations/82169152,https://inaturalist-open-data.s3.amazonaws.com/photos/134839577/medium.jpg,,"",Fledgling at base of tree with Adult male & female Baltimore Orioles while I was being scolded by the female.,0,0,false,3,"Centennial Park, Ellicott City, MD, US",39.2431616136,-76.8591317263,2243,,,,2243,,open,false,,,"",Icterus galbula,Calandria de Baltimore,Aves,9346
82610025,494c0ac3-5f3b-4528-9a42-47f9550396ef,2021/06/07 11:33 AM EDT,2021-06-07,2021-06-07 15:33:00 UTC,Eastern Time (US & Canada),3534,dmcshaffrey,Dave McShaffrey,2021-06-11 23:08:40 UTC,2021-06-14 12:31:22 UTC,research,,https://www.inaturalist.org/observations/82610025,https://inaturalist-open-data.s3.amazonaws.com/photos/135600344/medium.jpg,,"Tuscarawas River @ Craig Pittman Trailhead, Bethlehem Twp., Navarre, Stark County",,2,0,false,,"Stark County, OH, USA",40.7191233333,-81.5133283333,,,,,,,open,false,,,Baltimore Oriole,Icterus galbula,Calandria de Baltimore,Aves,9346
82614189,e0e0ee61-da1f-4db2-b309-19ff9fa316d3,Fri Jun 11 2021 19:47:17 GMT-0400 (EDT),2021-06-11,2021-06-11 23:47:17 UTC,Eastern Time (US & Canada),4003600,mike9797,,2021-06-11 23:51:17 UTC,2021-06-23 14:41:48 UTC,research,CC-BY-NC,https://www.inaturalist.org/observations/82614189,https://inaturalist-open-data.s3.amazonaws.com/photos/135607740/medium.jpg,,"","",2,0,false,3,"Broadlands Blvd, North York, ON, CA",43.74435,-79.3251883333,5,,,,5,,open,false,,,Baltimore Oriole,Icterus galbula,Calandria de Baltimore,Aves,9346
83076402,4c3e0625-3db8-49e6-a78a-dc21d5847959,2021-06-14 17:00:00,2021-06-14,2021-06-14 21:00:00 UTC,Eastern Time (US & Canada),4582770,mainer23,,2021-06-15 00:46:12 UTC,2023-04-03 00:17:09 UTC,research,CC-BY-NC,https://www.inaturalist.org/observations/83076402,https://inaturalist-open-data.s3.amazonaws.com/photos/136410511/medium.jpeg,,"",,1,0,false,2,"Woodland, ME 04736, USA",46.8540826161,-68.0913191289,547,,,,547,,open,false,gps,gps,Baltimore Oriole,Icterus galbula,Calandria de Baltimore,Aves,9346
83170651,2c5388ba-e4a3-4885-952c-d5c3e6d0d7e9,Sat Jun 12 2021 21:37:52 GMT-0400 (EDT),2021-06-12,2021-06-13 01:37:52 UTC,Eastern Time (US & Canada),2590394,kldanz,Kate Danziger,2021-06-15 19:18:46 UTC,2021-11-04 01:31:25 UTC,research,CC-BY-NC,https://www.inaturalist.org/observations/83170651,https://inaturalist-open-data.s3.amazonaws.com/photos/136571381/medium.jpg,,"","",1,0,false,3,"Mount Feake Cemetery, Waltham, MA, US",42.3634952528,-71.254543339,73,,,,73,,open,false,,,Baltimore Oriole,Icterus galbula,Calandria de Baltimore,Aves,9346
83374126,4587f1ea-5349-46ed-846a-7423aca94b38,2021/05/12 10:10 AM EDT,2021-05-12,2021-05-12 14:10:00 UTC,Eastern Time (US & Canada),3117765,rvignarajah,Roshan Vignarajah,2021-06-17 11:52:50 UTC,2021-08-02 03:21:22 UTC,research,CC-BY-NC,https://www.inaturalist.org/observations/83374126,https://inaturalist-open-data.s3.amazonaws.com/photos/136922460/medium.jpeg,,"",,3,0,false,,"Columbia, MD, USA",39.1983238379,-76.827949568,38,,,,38,,open,false,,,Baltimore Oriole,Icterus galbula,Calandria de Baltimore,Aves,9346
83415713,1d65c85a-3bab-47ba-b5d6-7b9a4170aec1,2021-06-17 14:23:45,2021-06-17,2021-06-17 18:23:45 UTC,Eastern Time (US & Canada),1502068,robertahc,Roberta D. Colwell,2021-06-17 18:26:06 UTC,2023-09-20 15:12:03 UTC,research,CC-BY-NC,https://www.inaturalist.org/observations/83415713,https://inaturalist-open-data.s3.amazonaws.com/photos/137134320/medium.jpeg,,"",Adult pair were busy gathering food to feed nest occupants. Was unable to see the nest but could clearly hear juveniles calling when parents returned.,1,0,false,2,"Niles, MI 49120, USA",41.8137619828,-86.2621492893,20,,,,20,,open,false,gps,gps,Baltimore Oriole,Icterus galbula,Calandria de Baltimore,Aves,9346
83928907,3cbb92e8-34dd-4f40-983f-02573973bf64,2021/06/20 8:16 AM EDT,2021-06-20,2021-06-20 12:16:00 UTC,Eastern Time (US & Canada),965520,gentian,gentian falstrom,2021-06-21 13:29:16 UTC,2022-10-31 16:02:37 UTC,research,CC-BY-NC,https://www.inaturalist.org/observations/83928907,https://inaturalist-open-data.s3.amazonaws.com/photos/137887071/medium.jpg,,"","",2,0,false,,Tom Burke Preserve,41.222596,-73.699923,240,,,,240,,open,false,,,Baltimore Oriole,Icterus galbula,Calandria de Baltimore,Aves,9346
84192565,e898d9b9-148a-4f64-846a-fc1633fd663a,2021/06/21 8:24 AM CDT,2021-06-21,2021-06-21 13:24:00 UTC,Central Time (US & Canada),857013,swimlor,Lorraine Briddon,2021-06-23 16:20:18 UTC,2021-06-25 03:27:25 UTC,research,CC-BY-NC,https://www.inaturalist.org/observations/84192565,https://inaturalist-open-data.s3.amazonaws.com/photos/138350255/medium.jpeg,,"","",1,0,false,,"East Gull Lake, MN 56401, USA",46.4231514071,-94.3355259944,2,,,,2,,open,false,,,Baltimore Oriole,Icterus galbula,Calandria de Baltimore,Aves,9346
86373539,dedef4cf-03bf-41f4-b08d-baebcf71af28,2021/07/03 7:40 PM PDT,2021-07-03,2021-07-04 02:40:00 UTC,Pacific Time (US & Canada),1894187,velodrome,"",2021-07-10 06:44:02 UTC,2021-09-24 21:03:56 UTC,research,CC-BY-NC,https://www.inaturalist.org/observations/86373539,https://inaturalist-open-data.s3.amazonaws.com/photos/142282752/medium.jpeg,,"",Adult feeding juvenile,1,0,false,,"Milltown, WI, USA",45.4988835622,-92.4156045169,763,,,,763,,open,false,,,Baltimore Oriole,Icterus galbula,Calandria de Baltimore,Aves,9346
86614113,b966ac36-daf4-4003-86c0-75d6ddf6409d,2021/04/04 9:36 AM CDT,2021-04-04,2021-04-04 14:36:00 UTC,Mexico City,192635,jartigas,Juan Miguel Artigas Azas,2021-07-11 19:48:29 UTC,2021-07-20 21:47:38 UTC,research,,https://www.inaturalist.org/observations/86614113,https://static.inaturalist.org/photos/142716432/medium.jpg,,"","",1,0,false,,"Centro, Córdoba, Ver., Mexico",18.8922016667,-96.9403516667,,,,,,,open,false,,,Baltimore Oriole,Icterus galbula,Calandria de Baltimore,Aves,9346
88173051,4e67f2af-2bdd-4087-8c6c-480e99ebbc0b,2016/05/28 7:22 PM CDT,2016-05-28,2016-05-29 00:22:00 UTC,Central Time (US & Canada),137761,wildreturn,Chrissy McClarren and Andy Reago,2021-07-22 20:38:00 UTC,2024-12-10 01:22:40 UTC,research,CC0,https://www.inaturalist.org/observations/88173051,https://inaturalist-open-data.s3.amazonaws.com/photos/145445553/medium.jpg,,"",,3,0,false,,"801 Strodtman Rd, St. Louis, MO 63138, USA",38.8108368,-90.1842118,187,,,,187,,open,false,,,Baltimore Oriole,Icterus galbula,Calandria de Baltimore,Aves,9346
89067195,97cd4325-1381-4e50-aabc-1b24f90d9e5b,Fri May 07 2021 12:18:27 GMT-0400 (EDT),2021-05-07,2021-05-07 16:18:27 UTC,Eastern Time (US & Canada),4795912,michele639,Michele Ervin,2021-07-29 15:09:35 UTC,2022-07-03 17:45:47 UTC,research,,https://www.inaturalist.org/observations/89067195,https://static.inaturalist.org/photos/147038738/medium.jpg,,"","",1,0,false,3,"Crownover Mill Rd, Mount Sterling, OH, US",39.6244616667,-83.2022333333,7,,,,7,,open,false,,,Baltimore Oriole,Icterus galbula,Calandria de Baltimore,Aves,9346
91460308,5fca4909-fa67-4176-b01d-88aa31426a17,2021/08/16 9:02 AM MDT,2021-08-16,2021-08-16 15:02:00 UTC,Mountain Time (US & Canada),4321824,charlie_myles,,2021-08-16 21:42:41 UTC,2021-10-29 22:36:03 UTC,research,CC-BY-NC,https://www.inaturalist.org/observations/91460308,https://inaturalist-open-data.s3.amazonaws.com/photos/151285290/medium.jpeg,,"",,1,0,false,,"Taber Municipal Park, Taber, AB, Canada",49.8091088312,-112.1810345133,107,,,,107,,open,false,,,Baltimore Oriole,Icterus galbula,Calandria de Baltimore,Aves,9346
93418153,fc3edc56-0b6e-408f-9cf9-f81580a7f244,2021/09/02 8:55 AM HST,2021-09-02,2021-09-02 18:55:00 UTC,Hawaii,2053828,hmcook,"",2021-09-02 22:52:44 UTC,2021-09-18 00:21:50 UTC,research,CC-BY-NC,https://www.inaturalist.org/observations/93418153,https://inaturalist-open-data.s3.amazonaws.com/photos/154828602/medium.jpg,,"",,2,0,false,,"8300 Wells Lake Rd, Fort Smith, AR 72916, USA",35.3030884,-94.3366815,238,,,,238,,open,false,,,Baltimore Oriole,Icterus galbula,Calandria de Baltimore,Aves,9346
93460321,4f2c2d22-0912-4aa9-8045-f85c3da228ee,2021/09/01 6:52 PM EDT,2021-09-01,2021-09-01 22:52:00 UTC,Eastern Time (US & Canada),1047753,turnip2009,"",2021-09-03 11:45:36 UTC,2021-09-29 09:16:05 UTC,research,CC-BY-NC,https://www.inaturalist.org/observations/93460321,https://inaturalist-open-data.s3.amazonaws.com/photos/154906117/medium.jpeg,,"","",1,0,false,,"Hunt Club East - Western Community, Ottawa, ON K1V, Canada",45.3564258748,-75.6594429947,1311,,,,1311,,open,false,,,Baltimore Oriole,Icterus galbula,Calandria de Baltimore,Aves,9346
93653779,91e2c297-d309-4340-8a41-459c9fcdf4ca,2021/09/04 6:21 AM CDT,2021-09-04,2021-09-04 11:21:00 UTC,Central Time (US & Canada),705762,misspt,Lillie,2021-09-04 23:51:51 UTC,2024-06-22 02:29:20 UTC,research,CC-BY-NC,https://www.inaturalist.org/observations/93653779,https://inaturalist-open-data.s3.amazonaws.com/photos/155250315/medium.jpg,,"",,1,0,false,,"Petal, MS 39465, USA",31.3415619,-89.2781699,335,,,,335,,open,false,,,Baltimore Oriole,Icterus galbula,Calandria de Baltimore,Aves,9346
95494663,8b521492-fce9-4588-9864-08b939252004,2021/09/17,2021-09-17,,Pacific Time (US & Canada),811913,abcdefgewing,abcdefgewing,2021-09-20 02:41:01 UTC,2022-06-27 02:34:04 UTC,research,CC-BY-NC,https://www.inaturalist.org/observations/95494663,https://inaturalist-open-data.s3.amazonaws.com/photos/158542086/medium.jpeg,,"","Immature, at treetop, with waxwings.
Monhegan Island.",2,0,false,,"Monhegan, ME, USA",43.7669959737,-69.3172879597,8,,,,8,,open,false,,,Baltimore Oriole,Icterus galbula,Calandria de Baltimore,Aves,9346
96160622,b4a3a150-1e8b-4dad-b251-0bbe1d2e80fe,2021/09/24 2:31 PM CDT,2021-09-24,2021-09-24 19:31:00 UTC,Central Time (US & Canada),111285,peterjoseph,Peter Joseph,2021-09-25 23:41:04 UTC,2025-10-05 21:07:53 UTC,research,CC-BY-NC,https://www.inaturalist.org/observations/96160622,https://inaturalist-open-data.s3.amazonaws.com/photos/159713756/medium.jpg,,"NPSOT2023, NLCP-Birds","Oriole on American Beautyberry eating berries. 

Nature shots around Prospect Forest. ",2,0,false,,"Texas, US",29.3411682968,-98.2178207975,211,,,,29508,obscured,open,true,,,Baltimore Oriole,Icterus galbula,Calandria de Baltimore,Aves,9346
97115379,91c7a308-5d36-420c-abb4-65e8915e47fa,2018/03/21 7:27 AM UTC,2018-03-21,2018-03-21 07:27:00 UTC,UTC,2837531,monicapacas,Monica Pacas,2021-10-04 04:44:35 UTC,2023-11-05 16:49:18 UTC,research,,https://www.inaturalist.org/observations/97115379,https://static.inaturalist.org/photos/161444186/medium.jpeg,,"","",5,0,false,,"Cd. Universitaria, San Salvador, El Salvador",13.7190625044,-89.2055825845,279,,,,279,,open,false,,,Baltimore Oriole,Icterus galbula,Calandria de Baltimore,Aves,9346
97891414,0b8b180a-40a5-401f-99b1-486526c3953d,2021-10-11 09:52:17,2021-10-11,2021-10-11 13:52:17 UTC,Eastern Time (US & Canada),290071,rubes42,Rubes,2021-10-11 13:54:18 UTC,2021-10-12 00:34:03 UTC,research,CC-BY-NC,https://www.inaturalist.org/observations/97891414,https://inaturalist-open-data.s3.amazonaws.com/photos/162880352/medium.jpeg,,"",,1,0,false,2,"Woodland Drives, Tallahassee, FL 32301, USA",30.4297271997,-84.2627224,,,,,,,open,false,gps,gps,Baltimore Oriole,Icterus galbula,Calandria de Baltimore,Aves,9346
100320093,76d02acb-513f-4b98-a1ca-1d4881857f7e,2011/05/21 1:20 PM EDT,2011-05-21,2011-05-21 17:20:00 UTC,Eastern Time (US & Canada),1073743,davidgascoigne,David M. Gascoigne,2021-11-05 15:17:37 UTC,2021-11-06 02:43:00 UTC,research,CC-BY-NC,https://www.inaturalist.org/observations/100320093,https://inaturalist-open-data.s3.amazonaws.com/photos/167420144/medium.jpeg,,"",,3,0,false,,"606 Osprey Drive, Waterloo, ON, Canada",43.4971710146,-80.5686394811,1,,,,1,,open,false,,,Baltimore Oriole,Icterus galbula,Calandria de Baltimore,Aves,9346
100353800,c62469e2-99a9-431d-a097-016d35940aed,2021/11/01 12:37 PM CST,2021-11-01,2021-11-01 18:37:00 UTC,Central America,1658669,jasanchez,Jose Abelardo Sánchez,2021-11-05 23:25:56 UTC,2022-07-06 01:52:11 UTC,research,CC-BY-NC,https://www.inaturalist.org/observations/100353800,https://inaturalist-open-data.s3.amazonaws.com/photos/167478345/medium.jpg,,"Macuelizo, Nueva Segovia, aves, nicaragua",,4,0,false,,"Ococona, Nicaragua",13.7338453344,-86.6242409465,2323,,,,2323,,open,false,,,Baltimore Oriole,Icterus galbula,Calandria de Baltimore,Aves,9346
101472309,9b3c8353-d0f0-4e58-96ff-266ff51fa6ce,2021-11-11 14:53:35,2021-11-11,2021-11-11 19:53:35 UTC,Eastern Time (US & Canada),3966834,birdboy086,Lucas liu,2021-11-19 17:16:26 UTC,2022-05-19 11:01:33 UTC,research,CC-BY-NC,https://www.inaturalist.org/observations/101472309,https://inaturalist-open-data.s3.amazonaws.com/photos/169475584/medium.jpeg,,"",,2,0,false,2,The Toucan Ridge Ecology and Education Society (T.R.E.E.S),17.0525176812,-88.5656226799,228,,,,228,,open,false,gps,gps,Baltimore Oriole,Icterus galbula,Calandria de Baltimore,Aves,9346
103215636,f9363e83-80de-4efa-85b2-aeb973fe7689,2021/12/17 2:23 PM EST,2021-12-17,2021-12-17 19:23:00 UTC,Eastern Time (US & Canada),3466381,surlyaardvark,Surly Aardvark,2021-12-17 22:06:17 UTC,2025-11-11 15:48:06 UTC,research,CC0,https://www.inaturalist.org/observations/103215636,https://inaturalist-open-data.s3.amazonaws.com/photos/172696891/medium.jpeg,,"","",1,0,false,,"McCandless, PA, USA",40.593522,-80.005742,,,,,,,open,false,,,Baltimore Oriole,Icterus galbula,Calandria de Baltimore,Aves,9346
104194570,82f24c27-51af-4d67-b967-c56b8fa61dfe,2021/12/23 10:08 AM PST,2021-12-23,2021-12-23 18:08:00 UTC,Pacific Time (US & Canada),1069564,radrat,Dario Taraborelli,2022-01-02 17:38:07 UTC,2022-01-02 19:50:48 UTC,research,CC0,https://www.inaturalist.org/observations/104194570,https://inaturalist-open-data.s3.amazonaws.com/photos/174568608/medium.jpeg,,"",,2,0,false,,"Tinamou Cottage, Finca Habbus de kwie, Jaramillo, Chiriquí, Panama",8.7502549,-82.4148671,58,,,,58,,open,false,,,Baltimore Oriole,Icterus galbula,Calandria de Baltimore,Aves,9346
105310815,035a4f41-83df-4138-8ff3-3ff7daebf792,Tue Jun 01 2021 18:35:01 GMT-0700 (PDT),2021-06-01,2021-06-02 01:35:01 UTC,Pacific Time (US & Canada),5306621,palazzoface,,2022-01-21 13:45:49 UTC,2022-01-21 17:35:02 UTC,research,CC-BY-NC,https://www.inaturalist.org/observations/105310815,https://inaturalist-open-data.s3.amazonaws.com/photos/176671215/medium.jpg,,"","",2,0,false,3,"Long Island, Port Jefferson, NY, US",40.9412216667,-73.0662916667,4,,,,4,,open,false,,,Baltimore Oriole,Icterus galbula,Calandria de Baltimore,Aves,9346
106354788,d21493f6-1f77-4bd0-aabf-ade4d041cde5,2022/01/25 8:04 AM MST,2022-01-25,2022-01-25 15:04:00 UTC,Mountain Time (US & Canada),1499212,adkonings,Ad Konings,2022-02-08 02:41:09 UTC,2022-02-08 23:28:23 UTC,research,CC-BY-NC,https://www.inaturalist.org/observations/106354788,https://inaturalist-open-data.s3.amazonaws.com/photos/178647234/medium.jpg,,"",,2,0,false,,"Cinchona, Provincia de Alajuela, Alajuela, Costa Rica",10.222236,-84.167183,,,,,,,open,false,,,Baltimore Oriole,Icterus galbula,Calandria de Baltimore,Aves,9346
106435692,f83ca262-9bf3-4425-8bec-ee4f639b310c,2021/05/26 11:15 AM ADT,2021-05-26,2021-05-26 14:15:00 UTC,Atlantic Time (Canada),107551,nbdragonflyguy,Denis Doucet,2022-02-09 14:18:08 UTC,2022-02-09 14:50:46 UTC,research,CC-BY-NC,https://www.inaturalist.org/observations/106435692,https://inaturalist-open-data.s3.amazonaws.com/photos/178795745/medium.jpg,,"","""For the record""- Heavily cropped but identifiable. The bird was singing. This record will also be added to eBird",1,0,false,,"Sussex, NB, Canada",45.7211877798,-65.4989574598,100,,,,100,,open,false,,,Baltimore Oriole,Icterus galbula,Calandria de Baltimore,Aves,9346
106684080,dcf66850-609d-4908-b896-36b3b3f259f9,2022/02/11 ,2022-02-11,,Eastern Time (US & Canada),1261531,rosa1chinensis,Rose Chin,2022-02-13 16:33:40 UTC,2022-02-13 19:50:47 UTC,research,CC-BY-NC,https://www.inaturalist.org/observations/106684080,https://inaturalist-open-data.s3.amazonaws.com/photos/179268766/medium.jpg,,"",,3,0,false,,"New York, US",40.6283123297,-73.8548419888,1839,,,,27908,obscured,open,true,,,Baltimore Oriole,Icterus galbula,Calandria de Baltimore,Aves,9346
107758812,ae50bbd5-4e73-4438-8ea5-48f4b62d1f28,2022/02/23 5:22 PM EST,2022-02-23,2022-02-23 22:22:00 UTC,Eastern Time (US & Canada),2340981,rdz,Steve Raduns,2022-03-02 13:03:21 UTC,2022-12-07 16:51:36 UTC,research,,https://www.inaturalist.org/observations/107758812,https://static.inaturalist.org/photos/181301463/medium.jpg,,"","",1,0,false,,"Imeson Park, Jacksonville, FL, USA",30.4023925974,-81.6419860166,125,,,,125,,open,false,,,Baltimore Oriole,Icterus galbula,Calandria de Baltimore,Aves,9346
109656631,5a9ea771-2921-4c22-8bfd-634ad97482e6,2022/02/26 8:41 AM CST,2022-02-26,2022-02-26 14:41:00 UTC,Central Time (US & Canada),912975,jenniferf4,"",2022-03-27 15:59:58 UTC,2022-03-27 16:59:57 UTC,research,CC-BY,https://www.inaturalist.org/observations/109656631,https://inaturalist-open-data.s3.amazonaws.com/photos/184854210/medium.jpeg,,"",,1,0,false,,"Florida, US",28.8406275322,-82.5377055762,201,,,,29558,obscured,open,true,,,Baltimore Oriole,Icterus galbula,Calandria de Baltimore,Aves,9346
110312163,2366eb7b-4055-4bf1-a7aa-722c8e277238,Sun Apr 03 2022 13:36:03 GMT-0500 (GMT-5),2022-04-03,2022-04-03 18:36:03 UTC,Bogota,1582533,acarolinae,,2022-04-03 18:36:08 UTC,2022-04-07 19:31:33 UTC,research,CC-BY-NC,https://www.inaturalist.org/observations/110312163,https://inaturalist-open-data.s3.amazonaws.com/photos/186065567/medium.jpg,,"","",2,0,false,3,"Tacuri, Quito, Pichincha, EC",-0.1689047828,-78.4306277916,25,,,,25,,open,false,,,Baltimore Oriole,Icterus galbula,Calandria de Baltimore,Aves,9346
112515570,6ba6adfe-fd4f-4c41-978e-c7815a28caa6,Sat Apr 23 2022 08:03:42 GMT -0500 (CDT),2022-04-23,2022-04-23 13:03:42 UTC,Central Time (US & Canada),4805319,wordsperswade,,2022-04-23 14:22:36 UTC,2022-05-01 06:08:07 UTC,research,CC-BY-NC,https://www.inaturalist.org/observations/112515570,https://inaturalist-open-data.s3.amazonaws.com/photos/190321340/medium.jpeg,,"",,3,0,false,333,Springfield,37.1754684448,-93.3154449463,74,,,,74,,open,false,,,Baltimore Oriole,Icterus galbula,Calandria de Baltimore,Aves,9346
112602937,a74892e0-a86f-499e-9ee1-7b060b71943a,2022/04/23 2:07 PM,2022-04-23,2022-04-23 19:07:00 UTC,Central Time (US & Canada),1424273,paulswitzer,"",2022-04-24 00:15:48 UTC,2022-04-24 00:16:36 UTC,research,CC-BY-NC,https://www.inaturalist.org/observations/112602937,https://inaturalist-open-data.s3.amazonaws.com/photos/190200748/medium.jpg,,"",,2,0,false,,"Coles County, IL, USA",39.5054105393,-88.0854782537,107,,,,107,,open,false,,,Baltimore Oriole,Icterus galbula,Calandria de Baltimore,Aves,9346
112610974,bdc8f855-027c-4c69-8839-50ef8b21ef7e,Sat Apr 23 2022 21:11:49 GMT-0400 (EDT),2022-04-23,2022-04-24 01:11:49 UTC,Eastern Time (US & Canada),5452659,ethan_garrett46807,Ethan Garrett,2022-04-24 01:24:25 UTC,2022-04-24 04:48:23 UTC,research,CC-BY-NC,https://www.inaturalist.org/observations/112610974,https://inaturalist-open-data.s3.amazonaws.com/photos/190215475/medium.jpg,,"","",1,0,false,3,"Barboursville Park, Barboursville, WV, US",38.3889533333,-82.3001416667,4,,,,4,,open,false,,,Baltimore Oriole,Icterus galbula,Calandria de Baltimore,Aves,9346
113088249,3a5545d8-2b0e-4bb0-aefe-e59ccbccdc78,2022-04-27 08:43:00-05:00,2022-04-27,2022-04-27 13:43:00 UTC,Central Time (US & Canada),43591,wildcarrot,Meghan Cassidy,2022-04-27 13:44:12 UTC,2022-04-27 15:40:45 UTC,research,CC-BY-SA,https://www.inaturalist.org/observations/113088249,https://inaturalist-open-data.s3.amazonaws.com/photos/191071332/medium.jpg,,"","",1,0,false,3,"Walmart Supercenter, Denton, TX, US",33.23285,-97.1691966667,30,,,,30,,open,false,,,Baltimore Oriole,Icterus galbula,Calandria de Baltimore,Aves,9346
113575380,56e88a39-e45d-4cdf-b2ad-aa94936363a7,Thu Apr 28 2022 16:18:23 GMT-0500 (CDT),2022-04-28,2022-04-28 21:18:23 UTC,Central Time (US & Canada),2151335,nikie,,2022-04-29 21:56:12 UTC,2022-05-01 05:51:04 UTC,research,CC-BY-NC,https://www.inaturalist.org/observations/113575380,https://inaturalist-open-data.s3.amazonaws.com/photos/191871248/medium.jpg,,"","",3,0,false,3,"N Farm Rd 101, Springfield, MO, US",37.2763080288,-93.4203427938,4,,,,4,,open,false,,,Baltimore Oriole,Icterus galbula,Calandria de Baltimore,Aves,9346
113826950,d43b0fde-7f7b-49ea-a94c-85b67e17c79c,2022-04-30 10:22:48-05:00,2022-04-30,2022-04-30 15:22:48 UTC,Central Time (US & Canada),5130855,hemiptamantis,"",2022-04-30 15:24:49 UTC,2023-01-08 20:37:15 UTC,research,CC-BY-NC,https://www.inaturalist.org/observations/113826950,https://inaturalist-open-data.s3.amazonaws.com/photos/192271463/medium.jpg,,"","",2,0,false,3,"Nebraska, US",40.8764228392,-96.6431085759,22,,,,27877,obscured,open,true,,"",Baltimore Oriole,Icterus galbula,Calandria de Baltimore,Aves,9346
114442041,da14acb1-1cb2-4c3e-8deb-7444907dff53,2022-05-01 14:30:00-05:00,2022-05-01,2022-05-01 19:30:00 UTC,Central Time (US & Canada),5280968,tiller-bug,tiller,2022-05-01 22:51:15 UTC,2023-01-04 18:43:40 UTC,research,CC-BY-NC,https://www.inaturalist.org/observations/114442041,https://inaturalist-open-data.s3.amazonaws.com/photos/193251570/medium.jpg,,"","",4,0,false,3,"Holmes Park, Lincoln, NE, US",40.7769144773,-96.6260782306,24,,,,24,,open,false,,,Baltimore Oriole,Icterus galbula,Calandria de Baltimore,Aves,9346
114739117,58fc5ef7-cdf8-4ae8-a582-3733ba414235,2022/05/02 11:13 AM,2022-05-02,2022-05-02 15:13:00 UTC,Eastern Time (US & Canada),4176111,tairuba,Melinda Marconi,2022-05-02 16:15:18 UTC,2022-09-28 18:08:43 UTC,research,CC-BY-NC,https://www.inaturalist.org/observations/114739117,https://static.inaturalist.org/photos/193718171/medium.jpg,,"",mixed flock,1,0,false,,"Elk County, PA, USA",41.4155659393,-78.6541403834,31,,,,31,,open,false,,,Baltimore Oriole,Icterus galbula,Calandria de Baltimore,Aves,9346
114845122,249e49c9-c9f2-4fd5-b2a6-aa1a086e0aba,2022-05-02 16:11:33,2022-05-02,2022-05-02 20:11:33 UTC,Eastern Time (US & Canada),5382795,whitneytabis,,2022-05-02 20:13:35 UTC,2022-05-02 21:04:55 UTC,research,CC-BY-NC,https://www.inaturalist.org/observations/114845122,https://inaturalist-open-data.s3.amazonaws.com/photos/193885161/medium.jpeg,,"",2,1,0,false,2,"Erie, PA 16506, USA",42.0645869957,-80.1210547239,6,,,,6,,open,false,gps,gps,Baltimore Oriole,Icterus galbula,Calandria de Baltimore,Aves,9346
114914591,a82bc1d4-cec8-41ec-9691-e965e732405b,Mon May 02 2022 17:55:13 GMT -0500 (CDT),2022-05-02,2022-05-02 22:55:13 UTC,Central Time (US & Canada),4802778,buckmiller,Major,2022-05-02 22:55:30 UTC,2022-05-03 21:35:23 UTC,research,CC-BY-NC,https://www.inaturalist.org/observations/114914591,https://inaturalist-open-data.s3.amazonaws.com/photos/193993353/medium.jpeg,,"",,4,0,false,333,Strafford,37.3149185181,-93.1625289917,4,,,,4,,open,false,,,Baltimore Oriole,Icterus galbula,Calandria de Baltimore,Aves,9346
115046341,98526f84-bd95-4938-b64e-b912b5e34eef,2022-05-02 22:18:00-04:00,2022-05-02,2022-05-03 02:18:00 UTC,Eastern Time (US & Canada),517565,marchibald13,Michelle Archibald,2022-05-03 05:02:55 UTC,2022-05-03 05:27:17 UTC,research,,https://www.inaturalist.org/observations/115046341,https://static.inaturalist.org/photos/194209114/medium.jpg,,"","",1,0,false,3,"Brookside Dr, Economy, PA, US",40.6691660783,-80.1628262307,35,,,,35,,open,false,,,Baltimore Oriole,Icterus galbula,Calandria de Baltimore,Aves,9346
115420063,e66446ea-7490-443b-8919-141d3715ee48,2022/05/03 2:40 PM,2022-05-03,2022-05-03 18:40:00 UTC,Eastern Time (US & Canada),443220,mwest,Misti West,2022-05-04 18:40:52 UTC,2022-05-04 21:07:08 UTC,research,CC-BY-NC,https://www.inaturalist.org/observations/115420063,https://inaturalist-open-data.s3.amazonaws.com/photos/194795824/medium.jpeg,,"",,1,0,false,,"Armstrong County, PA, USA",40.8534863232,-79.4113903428,60,,,,60,,open,false,,,Baltimore Oriole,Icterus galbula,Calandria de Baltimore,Aves,9346
115643495,3d487b09-98f4-497c-8148-1cf494a82a3b,2022-05-05 18:52:00,2022-05-05,2022-05-05 22:52:00 UTC,Eastern Time (US & Canada),2050059,equinoxbutler,Tommy Butler,2022-05-05 22:51:56 UTC,2022-05-06 00:50:57 UTC,research,,https://www.inaturalist.org/observations/115643495,https://static.inaturalist.org/photos/195175268/medium.jpeg,,"",,1,0,false,2,"Park Forest Village, PA 16803, USA",40.7972274164,-77.8962310776,8,,,,8,,open,false,gps,gps,Baltimore Oriole,Icterus galbula,Calandria de Baltimore,Aves,9346
115658286,65901973-9d28-4ddb-9c13-975dc18abea4,2022/05/05 7:06 AM,2022-05-05,2022-05-05 11:06:00 UTC,America/Nipigon,3841375,fallriver22,"",2022-05-06 00:52:08 UTC,2022-05-07 05:34:50 UTC,research,CC-BY-NC,https://www.inaturalist.org/observations/115658286,https://inaturalist-open-data.s3.amazonaws.com/photos/195197699/medium.jpeg,,"","",1,0,false,,"Frontenac, CA-ON, CA",44.7445015287,-76.4617278248,2234,,,,27285,obscured,open,true,,,Baltimore Oriole,Icterus galbula,Calandria de Baltimore,Aves,9346
116007399,a3b500e2-c558-4fdb-9675-7ada4641ade2,2022/04/28 9:26 AM,2022-04-28,2022-04-28 13:26:00 UTC,Eastern Time (US & Canada),150629,allen_boynton,Allen Boynton,2022-05-08 01:02:02 UTC,2022-05-08 15:58:16 UTC,research,CC-BY-NC-ND,https://www.inaturalist.org/observations/116007399,https://inaturalist-open-data.s3.amazonaws.com/photos/195792735/medium.jpg,,"",,2,0,false,,"Grayson County, VA, USA",36.5911570489,-81.2528096597,7,,,,7,,open,false,,,Baltimore Oriole,Icterus galbula,Calandria de Baltimore,Aves,9346
116212094,008ef4f2-5cf6-4cf7-84b9-55656d1ed81e,2022/05/08 5:38 PM,2022-05-08,2022-05-08 21:38:00 UTC,America/Detroit,4443011,jyoung2399,,2022-05-09 01:33:54 UTC,2022-05-14 14:23:30 UTC,research,CC0,https://www.inaturalist.org/observations/116212094,https://inaturalist-open-data.s3.amazonaws.com/photos/196143972/medium.jpeg,,"",,1,0,false,,"Macomb County, MI, USA",42.7307346536,-83.0711947928,61,,,,61,,open,false,,,Baltimore Oriole,Icterus galbula,Calandria de Baltimore,Aves,9346
116286247,499838c6-d17f-4dae-9455-0febbe080fc1,2022/05/09 9:01 AM,2022-05-09,2022-05-09 13:01:00 UTC,Eastern Time (US & Canada),6624,joannerusso,"",2022-05-09 15:21:28 UTC,2022-05-10 10:51:49 UTC,research,CC-BY-NC,https://www.inaturalist.org/observations/116286247,https://inaturalist-open-data.s3.amazonaws.com/photos/196279042/medium.jpeg,,bird,"",1,0,false,,"Westminster, VT, USA",43.12743,-72.533245,,,,,,,open,false,,,Baltimore Oriole,Icterus galbula,Calandria de Baltimore,Aves,9346
116319321,ac3a3ed1-0ace-490d-a652-34a7f54dc947,2022/05/09 9:30 AM,2022-05-09,2022-05-09 13:30:00 UTC,Eastern Time (US & Canada),2138871,jennifer_clifford,"",2022-05-09 19:20:47 UTC,2022-05-09 19:27:31 UTC,research,CC-BY-NC,https://www.inaturalist.org/observations/116319321,https://inaturalist-open-data.s3.amazonaws.com/photos/196328600/medium.jpeg,,"",,1,0,false,,"Medford, MA, USA",42.4307935623,-71.1074615906,2,,,,2,,open,false,,,Baltimore Oriole,Icterus galbula,Calandria de Baltimore,Aves,9346
116323291,b06e882c-3c41-4065-8096-944352c91573,2022-05-09 14:30:42-05:00,2022-05-09,2022-05-09 19:30:42 UTC,Central Time (US & Canada),5356611,daturas2,,2022-05-09 19:49:12 UTC,2022-09-13 16:44:02 UTC,research,CC-BY-NC,https://www.inaturalist.org/observations/116323291,https://inaturalist-open-data.s3.amazonaws.com/photos/196343940/medium.jpg,,"","",5,1,false,3,"Johnson County Community College, Overland Park, KS, US",38.92303,-94.7295833333,18,,,,18,,open,false,,,Baltimore Oriole,Icterus galbula,Calandria de Baltimore,Aves,9346
116424951,958bb9a4-23a0-4b25-b842-ea9b2cdaec48,2022/05/10 10:09 AM,2022-05-10,2022-05-10 14:09:00 UTC,Eastern Time (US & Canada),416201,jemredwood,Joanne Muis,2022-05-10 14:57:05 UTC,2022-05-31 18:46:33 UTC,research,CC-BY-NC,https://www.inaturalist.org/observations/116424951,https://inaturalist-open-data.s3.amazonaws.com/photos/196527597/medium.jpeg,,"","",5,0,false,,"Grove Park Dr, Burlington, ON L7T 2H1, Canada",43.314881,-79.8490405,26,,,,26,,open,false,,,Baltimore Oriole,Icterus galbula,Calandria de Baltimore,Aves,9346
116483784,4d6ccae6-1555-4f7a-889e-e2aeef5f5e61,2022/05/10 2:45 PM,2022-05-10,2022-05-10 18:45:00 UTC,Eastern Time (US & Canada),1674817,batfalcon2,Jeffrey Offermann,2022-05-10 22:35:01 UTC,2025-08-08 21:20:14 UTC,research,,https://www.inaturalist.org/observations/116483784,https://static.inaturalist.org/photos/196628858/medium.jpg,,"",https://ebird.org/checklist/S109584950,1,0,false,,"Roxbury, Boston, MA, USA",42.3010066667,-71.1009983333,,,,,,,open,false,,,Baltimore Oriole,Icterus galbula,Calandria de Baltimore,Aves,9346
116502584,a5662a2a-fa61-4c07-bad1-c1f711cee821,2022-05-09 12:25:21-05:00,2022-05-09,2022-05-09 17:25:21 UTC,Eastern Time (US & Canada),3397907,galloots13,Michael Gallo,2022-05-11 01:22:00 UTC,2022-05-11 06:35:07 UTC,research,,https://www.inaturalist.org/observations/116502584,https://static.inaturalist.org/photos/196664422/medium.jpg,,"","",1,0,false,3,"Port Weller, St. Catharines, ON, CA",43.2350848372,-79.2138273546,421,,,,421,,open,false,,,Baltimore Oriole,Icterus galbula,Calandria de Baltimore,Aves,9346
116506366,637116b9-e7df-43bb-8227-52dbe7bf2992,2022/05/03 9:46 AM,2022-05-03,2022-05-03 14:46:00 UTC,Central Time (US & Canada),2845998,andrewjohnson8,Andrew Johnson,2022-05-11 01:58:40 UTC,2022-05-11 17:05:04 UTC,research,CC-BY-NC,https://www.inaturalist.org/observations/116506366,https://inaturalist-open-data.s3.amazonaws.com/photos/196669456/medium.jpeg,,"",,2,0,false,,"Bellevue, NE, USA",41.1852944394,-96.0009565167,182,,,,182,,open,false,,,Baltimore Oriole,Icterus galbula,Calandria de Baltimore,Aves,9346
116515729,30642730-4634-4956-aaaf-6705dc6fc6e0,2022-05-10 18:47:08-06:00,2022-05-10,2022-05-11 00:47:08 UTC,Central Time (US & Canada),2518209,breanddave,,2022-05-11 03:40:04 UTC,2022-05-12 07:28:49 UTC,research,CC-BY-NC,https://www.inaturalist.org/observations/116515729,https://inaturalist-open-data.s3.amazonaws.com/photos/196688969/medium.jpg,,"","",1,0,false,3,"Lincoln Park, Chicago, IL, US",41.9641666667,-87.6328333333,,,,,,,open,false,,,Baltimore Oriole,Icterus galbula,Calandria de Baltimore,Aves,9346
116630041,b95748a9-72a2-4065-b48f-f0fc9a64666d,2022/05/08 1:58 PM,2022-05-08,2022-05-08 17:58:00 UTC,Eastern Time (US & Canada),498837,rj_scott,Rebecca Scott,2022-05-12 00:15:28 UTC,2022-05-14 22:06:19 UTC,research,CC-BY-NC,https://www.inaturalist.org/observations/116630041,https://inaturalist-open-data.s3.amazonaws.com/photos/196889683/medium.jpeg,,"",,2,0,false,,"Hampton, NH, USA",42.9480107543,-70.8371416813,2828,,,,2828,,open,false,,,Baltimore Oriole,Icterus galbula,Calandria de Baltimore,Aves,9346
116717232,cadebde0-fc6d-4d74-a1ca-45905c13db01,2019/05/28 10:01 AM,2019-05-28,2019-05-28 15:01:00 UTC,Central Time (US & Canada),350225,kalamurphyking,Kala Murphy King,2022-05-12 17:23:34 UTC,2025-04-11 00:09:48 UTC,research,CC-BY-NC-ND,https://www.inaturalist.org/observations/116717232,https://inaturalist-open-data.s3.amazonaws.com/photos/197043868/medium.jpg,,"Icterus galbula, Baltimore Oriole, Male Baltimore Oriole, oriole, white rock lake, dallas texas, breeding season, breeding plumage, breeding colors, above my head, orange, east lawther drive, close up, nest, oriole nest, baltimore oriole nest, fishing line, plastic, ribbons, confetti, bird nest","White Rock lake, East Lawther Dr
Photo 1:
Papa At His Nest
This is my first Baltimore Oriole nest.  Both parents were coming & going & you could hear faint cheeps coming from within the nest.  
Photo 2:
Baltimore Oriole Nest
Best shot I got of the nest.  Sad to see all the fishing line, plastic, ribbon and confetti that was used in the construction of this nest.",3,0,false,,East Lawther side of White Rock Lake,32.8475742296,-96.7190150156,410,,,,410,,open,false,,,Baltimore Oriole,Icterus galbula,Calandria de Baltimore,Aves,9346
116848654,a9bca0f6-9936-489c-aee7-03158e904ccd,2022/05/13 11:07 AM,2022-05-13,2022-05-13 16:07:00 UTC,America/Winnipeg,2103573,kkrockytop,Karl Kroeker,2022-05-13 16:27:21 UTC,2022-09-24 01:39:09 UTC,research,CC-BY-NC,https://www.inaturalist.org/observations/116848654,https://inaturalist-open-data.s3.amazonaws.com/photos/197276614/medium.jpg,,"",,2,0,false,,"Clanwilliam, MB R0J, Canada",50.5587211256,-99.8284411621,8,,,,8,,open,false,,,Baltimore Oriole,Icterus galbula,Calandria de Baltimore,Aves,9346
116875036,8f355937-7bf9-462e-ae8e-da1fd8b4d3b4,2022-05-13 09:13:19,2022-05-13,2022-05-13 13:13:19 UTC,Eastern Time (US & Canada),3975784,ryanmartin570,"",2022-05-13 19:54:46 UTC,2022-05-14 03:20:32 UTC,research,CC-BY-NC,https://www.inaturalist.org/observations/116875036,https://inaturalist-open-data.s3.amazonaws.com/photos/197408383/medium.jpeg,,"",,1,0,false,2,"Franklin Township, PA, USA",41.4001505,-75.9146309997,,,,,,,open,false,gps,gps,Baltimore Oriole,Icterus galbula,Calandria de Baltimore,Aves,9346
116954430,7bd18c3c-bbd8-48d4-ae09-83b5559b5382,2022/05/09 6:23 PM,2022-05-09,2022-05-09 22:23:00 UTC,Eastern Time (US & Canada),164735,belyykit,"",2022-05-14 11:39:15 UTC,2022-05-16 15:45:30 UTC,research,CC-BY-NC,https://www.inaturalist.org/observations/116954430,https://inaturalist-open-data.s3.amazonaws.com/photos/197465901/medium.jpg,,"",,2,0,false,,"Aspen Hill, MD, USA",39.101849,-77.116013,,,,,,,open,false,,,Baltimore Oriole,Icterus galbula,Calandria de Baltimore,Aves,9346
116963401,db306ea4-1147-4bdc-ac65-2eabec130528,2022-05-13 18:48:14-04:00,2022-05-13,2022-05-13 22:48:14 UTC,America/Nipigon,3820424,schlegel_bagel22,,2022-05-14 13:08:28 UTC,2023-07-22 15:12:53 UTC,research,CC-BY-NC,https://www.inaturalist.org/observations/116963401,https://inaturalist-open-data.s3.amazonaws.com/photos/197481585/medium.jpg,,"","",2,0,false,3,"North Middlesex, ON, CA",43.1186111667,-81.5442666667,101,,,,101,,open,false,,,Baltimore Oriole,Icterus galbula,Calandria de Baltimore,Aves,9346
117082031,156e6acb-8e04-4b87-a7ed-7fc8633f82b8,2022/05/14 6:11 PM,2022-05-14,2022-05-14 22:11:00 UTC,Eastern Time (US & Canada),1801977,wetlandfan,"",2022-05-15 03:04:52 UTC,2023-10-16 14:15:58 UTC,research,CC-BY-NC-ND,https://www.inaturalist.org/observations/117082031,https://inaturalist-open-data.s3.amazonaws.com/photos/197691713/medium.jpeg,,"","",2,0,false,,"Cuyahoga County, US-OH, US",41.4518337512,-81.6962453468,,,,,27785,obscured,open,true,,,Baltimore Oriole,Icterus galbula,Calandria de Baltimore,Aves,9346
117192182,81600351-3a8d-4a75-8f63-5c1ba3876ab4,2022-05-15 11:30:48-04:00,2022-05-15,2022-05-15 15:30:48 UTC,Eastern Time (US & Canada),5199981,lennie-manning,Len Manning,2022-05-15 19:31:49 UTC,2022-07-30 01:58:19 UTC,research,CC-BY-NC,https://www.inaturalist.org/observations/117192182,https://inaturalist-open-data.s3.amazonaws.com/photos/197889689/medium.jpg,,"","",2,0,false,3,"Parker Ave, Hamilton, ON, CA",43.2226516258,-79.9888456557,65,,,,65,,open,false,,,Baltimore Oriole,Icterus galbula,Calandria de Baltimore,Aves,9346
117249418,ce868bc4-c061-4275-84b3-7e16444d57f3,2022/05/15 2:14 AM,2022-05-15,2022-05-15 07:14:00 UTC,Central Time (US & Canada),1081190,natureman98,Mitch Lannan,2022-05-16 01:56:18 UTC,2022-05-22 13:56:22 UTC,research,,https://www.inaturalist.org/observations/117249418,https://static.inaturalist.org/photos/197993013/medium.jpeg,,"",,2,0,false,,"Jefferson County, WI, USA",42.9613023481,-88.8761325887,186,,,,186,,open,false,,,Baltimore Oriole,Icterus galbula,Calandria de Baltimore,Aves,9346
117323526,9a300dac-c453-4f91-982d-c7e0a3bc1d53,2022/05/15 12:48 PM,2022-05-15,2022-05-15 16:48:00 UTC,Eastern Time (US & Canada),35078,srall,Sara Rall,2022-05-16 16:06:18 UTC,2025-04-14 23:20:11 UTC,research,CC-BY-NC,https://www.inaturalist.org/observations/117323526,https://inaturalist-open-data.s3.amazonaws.com/photos/198100981/medium.jpeg,,"","",3,0,false,,"Edison, NJ, USA",40.5252871928,-74.3995578827,220,,,,220,,open,false,,,Baltimore Oriole,Icterus galbula,Calandria de Baltimore,Aves,9346
117386998,ed5121bd-0956-4f0a-b8a9-228136472ad1,2022/05/15 8:58 AM,2022-05-15,2022-05-15 12:58:00 UTC,Eastern Time (US & Canada),61512,klmockingbird,"",2022-05-17 00:27:54 UTC,2023-10-16 14:14:57 UTC,research,CC-BY-NC,https://www.inaturalist.org/observations/117386998,https://inaturalist-open-data.s3.amazonaws.com/photos/198240271/medium.jpg,,"nest, trash, fishing line",Baltimore Oriole nest made with trash,2,0,false,,"8577 E Bayshore Rd, Marblehead, OH 43440, USA",41.5064366,-82.7700436,179,,,,179,,open,false,,,Baltimore Oriole,Icterus galbula,Calandria de Baltimore,Aves,9346
117399746,14b54a5e-8956-485f-a66b-eeee867b976a,2022/05/16 7:30 PM,2022-05-16,2022-05-17 00:30:00 UTC,Central Time (US & Canada),2164440,robertloerzel,,2022-05-17 02:26:45 UTC,2022-05-18 13:26:11 UTC,research,CC-BY-NC,https://www.inaturalist.org/observations/117399746,https://inaturalist-open-data.s3.amazonaws.com/photos/198265222/medium.jpeg,,"",,2,0,false,,"Uptown, Chicago, IL, USA",41.9619659617,-87.6440249278,31,,,,31,,open,false,,,Baltimore Oriole,Icterus galbula,Calandria de Baltimore,Aves,9346
117466070,11019bb4-97f2-4f9c-96b5-d14b078fb3ec,2022/03/09 11:17 AM,2022-03-09,2022-03-09 17:17:00 UTC,Mexico City,744631,rafael-ruiz,"",2022-05-17 16:21:12 UTC,2022-05-17 20:58:37 UTC,research,,https://www.inaturalist.org/observations/117466070,https://static.inaturalist.org/photos/198383740/medium.jpg,,"",En el jardín de la casa,2,0,false,,"Indeco Animas, Xalapa-Enríquez, Ver., México",19.5323967726,-96.8896084219,7813,,,,7813,,open,false,,,Calandria de Baltimore,Icterus galbula,Calandria de Baltimore,Aves,9346
117531664,f2149d88-8824-4d71-b9d7-1276e8c638bf,2022-05-17 16:00:57-05:00,2022-05-17,2022-05-17 21:00:57 UTC,Central Time (US & Canada),1802637,emdeblas,Em De Blas,2022-05-18 01:05:10 UTC,2022-07-04 18:40:19 UTC,research,CC-BY-NC,https://www.inaturalist.org/observations/117531664,https://inaturalist-open-data.s3.amazonaws.com/photos/198503283/medium.jpg,,"","",4,0,false,3,"Forest Preserve District of DuPage County, Hanover Park, IL, US",41.964645,-88.1343083333,4,,,,4,,open,false,,,Baltimore Oriole,Icterus galbula,Calandria de Baltimore,Aves,9346
117662502,1004ba4a-6a99-47a4-8f64-c92d6e5a3ac5,2022-05-17 14:47:56-04:00,2022-05-17,2022-05-17 18:47:56 UTC,Eastern Time (US & Canada),4799292,philcarlone,,2022-05-18 23:27:48 UTC,2022-06-17 00:52:37 UTC,research,CC-BY-NC,https://www.inaturalist.org/observations/117662502,https://inaturalist-open-data.s3.amazonaws.com/photos/198734724/medium.jpg,,"","",2,0,false,3,"Bishop St, LaSalle, ON, CA",42.248174,-83.044285,38,,,,38,,open,false,,,New World Orioles,Icterus galbula,Calandria de Baltimore,Aves,9346
117736460,15b77901-149a-41f4-88b6-c647adb8801e,2022/05/17 12:18 PM,2022-05-17,2022-05-17 17:18:00 UTC,Central Time (US & Canada),52316,molanic,"",2022-05-19 15:19:16 UTC,2022-06-25 23:24:01 UTC,research,CC-BY-NC,https://www.inaturalist.org/observations/117736460,https://inaturalist-open-data.s3.amazonaws.com/photos/198866991/medium.jpeg,,iNat,,1,0,false,,"Illinois, US",41.8585765445,-88.108317611,30,,,,27723,obscured,open,true,,,Baltimore Oriole,Icterus galbula,Calandria de Baltimore,Aves,9346
117736462,7b5a7ef5-19ff-47cb-b687-c9718d3510ac,2022/05/17 12:28 PM,2022-05-17,2022-05-17 17:28:00 UTC,Central Time (US & Canada),52316,molanic,"",2022-05-19 15:19:17 UTC,2024-05-24 19:18:39 UTC,research,CC-BY-NC,https://www.inaturalist.org/observations/117736462,https://inaturalist-open-data.s3.amazonaws.com/photos/198867001/medium.jpeg,,iNat,Probably at least five or six individuals visiting regularly and some are gathering nesting material.,2,0,false,,"Illinois, US",41.9730217065,-88.1396276437,30,,,,27723,obscured,open,true,,,Baltimore Oriole,Icterus galbula,Calandria de Baltimore,Aves,9346
118297489,1d0bd5e5-349f-4228-b972-6d90bbe87381,2022/05/22 3:29 PM,2022-05-22,2022-05-22 20:29:00 UTC,Central Time (US & Canada),5051058,jbhogan,,2022-05-23 00:43:06 UTC,2022-06-15 20:02:27 UTC,research,CC-BY-NC,https://www.inaturalist.org/observations/118297489,https://inaturalist-open-data.s3.amazonaws.com/photos/199852578/medium.jpeg,,"","",2,0,false,,"Brainerd, MN 56401, USA",46.3351890534,-94.2029289208,2,,,,2,,open,false,,,Baltimore Oriole,Icterus galbula,Calandria de Baltimore,Aves,9346
118302152,876e41e6-daf4-4039-b68c-eea8faeae6a9,2022/05/22 10:21 AM,2022-05-22,2022-05-22 16:21:00 UTC,America/Boise,1886535,carterstrope,Carter Strope,2022-05-23 01:21:37 UTC,2026-03-09 02:57:29 UTC,research,CC-BY-NC-ND,https://www.inaturalist.org/observations/118302152,https://inaturalist-open-data.s3.amazonaws.com/photos/199858490/medium.png,,"",***Lifer***,1,0,false,,"Blaine County, US-ID, US",43.4782121837,-114.3382908472,302,,,,27474,obscured,open,true,,,Baltimore Oriole,Icterus galbula,Calandria de Baltimore,Aves,9346
118710789,b6d711ed-cad1-4117-a87f-e5adf5f8356d,2022-05-25 07:18:29,2022-05-25,2022-05-25 11:18:29 UTC,Indiana (East),1511591,wesley50,Wesley Homoya,2022-05-25 22:54:25 UTC,2022-05-26 21:55:23 UTC,research,,https://www.inaturalist.org/observations/118710789,https://static.inaturalist.org/photos/200601021/medium.jpeg,,"",Female,2,0,false,2,Lucas Oil Stadium,39.7601099641,-86.1638879031,450,,,,450,,open,false,gps,gps,Baltimore Oriole,Icterus galbula,Calandria de Baltimore,Aves,9346
118711827,f2e3a210-4fee-4de2-a008-a8c35db25612,2022/05/15 12:46 PM,2022-05-15,2022-05-15 16:46:00 UTC,Eastern Time (US & Canada),1722997,kentross,Kent Ross,2022-05-25 23:03:24 UTC,2022-05-26 19:59:40 UTC,research,CC-BY-NC,https://www.inaturalist.org/observations/118711827,https://inaturalist-open-data.s3.amazonaws.com/photos/200601662/medium.jpg,,"",,2,0,false,,"High Park-Swansea, Toronto, ON, Canada",43.6419511252,-79.4553507029,1,,,,1,,open,false,,,Baltimore Oriole,Icterus galbula,Calandria de Baltimore,Aves,9346
118711828,af88a416-080e-48ce-822e-ee38f75a42aa,2022/05/15 1:06 PM,2022-05-15,2022-05-15 17:06:00 UTC,Eastern Time (US & Canada),1722997,kentross,Kent Ross,2022-05-25 23:03:24 UTC,2022-05-26 19:59:36 UTC,research,CC-BY-NC,https://www.inaturalist.org/observations/118711828,https://inaturalist-open-data.s3.amazonaws.com/photos/200601683/medium.jpg,,"",,2,0,false,,"High Park-Swansea, Toronto, ON, Canada",43.6421126685,-79.4553847952,1,,,,1,,open,false,,,Baltimore Oriole,Icterus galbula,Calandria de Baltimore,Aves,9346
118773994,9812a18d-665e-4d3b-9359-c7ff5943914d,2022-05-26 07:48:35,2022-05-26,2022-05-26 12:48:35 UTC,Central Time (US & Canada),466109,shieldsscout,Arica Shields,2022-05-26 12:55:13 UTC,2023-08-24 18:31:10 UTC,research,CC-BY-NC,https://www.inaturalist.org/observations/118773994,https://inaturalist-open-data.s3.amazonaws.com/photos/200714485/medium.jpeg,,"",LOD,2,0,false,2,Santander Tower,32.7819722582,-96.7981211096,179,,,,179,,open,false,gps,gps,Baltimore Oriole,Icterus galbula,Calandria de Baltimore,Aves,9346
118881033,4cba2797-973a-4c1b-a328-b052853afd52,2022/05/26 9:11 AM,2022-05-26,2022-05-26 14:11:00 UTC,America/Winnipeg,302869,sansue,Sandra Coté,2022-05-27 04:48:10 UTC,2023-05-21 02:39:18 UTC,research,CC-BY-NC-ND,https://www.inaturalist.org/observations/118881033,https://inaturalist-open-data.s3.amazonaws.com/photos/200907765/medium.jpeg,,"",,2,0,false,,"Division No. 12, CA-MB, CA",50.1793913088,-96.6996557155,15,,,,26421,obscured,open,true,,,Baltimore Oriole,Icterus galbula,Calandria de Baltimore,Aves,9346
118882863,1f615b06-0d25-463d-9532-67147533fc2c,2022/05/26 3:04 PM,2022-05-26,2022-05-26 20:04:00 UTC,America/Winnipeg,7780,georectified,Sean Frey,2022-05-27 05:25:26 UTC,2024-08-10 04:38:33 UTC,research,CC-BY,https://www.inaturalist.org/observations/118882863,https://inaturalist-open-data.s3.amazonaws.com/photos/200911114/medium.jpeg,https://static.inaturalist.org/sounds/452263.wav?1653629206,"",,1,0,false,,"Brandon, MB, Canada",49.8615074122,-99.9579542589,4,,,,4,,open,false,,,Baltimore Oriole,Icterus galbula,Calandria de Baltimore,Aves,9346
119352105,21941329-1da8-4beb-84e9-defc0ec76df1,2022/05/12 2:03 PM,2022-05-12,2022-05-12 18:03:00 UTC,Eastern Time (US & Canada),1927916,vis5121,Linda W Ruth,2022-05-30 01:22:43 UTC,2022-05-30 01:23:30 UTC,research,CC-BY-NC,https://www.inaturalist.org/observations/119352105,https://inaturalist-open-data.s3.amazonaws.com/photos/201746667/medium.jpeg,,"",,1,0,false,,"Coventry, CT, USA",41.8218881548,-72.373218088,2,,,,2,,open,false,,,Baltimore Oriole,Icterus galbula,Calandria de Baltimore,Aves,9346
119471267,c29b80f9-0124-466a-98a2-06ca3f642644,2022/05/30 9:29 AM,2022-05-30,2022-05-30 14:29:00 UTC,Central Time (US & Canada),3462616,vogelbild,,2022-05-30 19:34:43 UTC,2022-07-04 18:39:30 UTC,research,CC-BY-NC,https://www.inaturalist.org/observations/119471267,https://inaturalist-open-data.s3.amazonaws.com/photos/201960920/medium.jpg,,"",,1,0,false,,"Morton Arboretum, Dupage County, IL, USA",41.8165841562,-88.0524426882,756,,,,756,,open,false,,,Baltimore Oriole,Icterus galbula,Calandria de Baltimore,Aves,9346
119927325,356f8987-0254-4475-9179-d8fae13ff4a5,2019/05/21 13:43,2019-05-21,2019-05-21 17:43:00 UTC,Eastern Time (US & Canada),4675283,educafaune,,2022-06-02 21:11:29 UTC,2022-06-16 04:22:21 UTC,research,CC-BY-NC,https://www.inaturalist.org/observations/119927325,https://inaturalist-open-data.s3.amazonaws.com/photos/202777225/medium.jpeg,,"","",1,0,false,,"Le Village, Montréal, QC, Canada",45.5237594392,-73.5588907042,606,,,,606,,open,false,,,Baltimore Oriole,Icterus galbula,Calandria de Baltimore,Aves,9346
119953203,90c23207-9432-4eae-92a8-409499fb0820,2022/06/02 6:43 PM,2022-06-02,2022-06-02 22:43:00 UTC,Eastern Time (US & Canada),3892825,ewiediger,ewiediger,2022-06-03 01:00:52 UTC,2022-06-03 02:05:59 UTC,research,,https://www.inaturalist.org/observations/119953203,https://static.inaturalist.org/photos/202836518/medium.jpeg,,"",,1,0,false,,"Collegeville, PA 19426, USA",40.1856597,-75.451571,1874,,,,1874,,open,false,,,Baltimore Oriole,Icterus galbula,Calandria de Baltimore,Aves,9346
120244036,4390eff8-8380-4ced-ae9b-8c7a0ef36dee,2022/06/04 12:01 PM,2022-06-04,2022-06-04 16:01:00 UTC,Eastern Time (US & Canada),69447,kellyfuerstenberg,Kelly Fuerstenberg,2022-06-04 23:12:38 UTC,2022-06-08 00:56:50 UTC,needs_id,CC-BY,https://www.inaturalist.org/observations/120244036,https://inaturalist-open-data.s3.amazonaws.com/photos/203346512/medium.jpeg,,"",,0,0,false,,"Groton, CT, USA",41.3230461086,-72.030099631,118,,,,118,,open,false,,,Baltimore Oriole,Icterus galbula,Calandria de Baltimore,Aves,9346
121513076,d81e225b-e97b-4ff9-9e46-742a49b4f65b,2022/06/12 12:55,2022-06-12,2022-06-12 16:55:00 UTC,Eastern Time (US & Canada),4482928,jasminv,,2022-06-13 00:12:21 UTC,2023-05-14 01:47:27 UTC,research,CC-BY-NC,https://www.inaturalist.org/observations/121513076,https://inaturalist-open-data.s3.amazonaws.com/photos/205624949/medium.jpeg,,"","",3,0,false,,"Québec, Canada",45.5979681686,-75.0846983115,61,,,,61,,open,false,,,Baltimore Oriole,Icterus galbula,Calandria de Baltimore,Aves,9346
122050816,3bd38965-3108-4601-aacf-56a807c64077,2022/06/15 11:47 AM,2022-06-15,2022-06-15 15:47:00 UTC,Eastern Time (US & Canada),3861712,sean579,Sean Haight,2022-06-16 18:12:31 UTC,2022-06-19 20:12:07 UTC,research,CC0,https://www.inaturalist.org/observations/122050816,https://inaturalist-open-data.s3.amazonaws.com/photos/206598812/medium.jpeg,,"",,2,0,false,,"Centre, Pennsylvania, United States",40.8037716667,-77.8386216667,,,,,,,open,false,,,Baltimore Oriole,Icterus galbula,Calandria de Baltimore,Aves,9346
122349866,bf6f07ba-30e3-4ffb-baa2-fece2daecb46,2022-06-18 12:37:11-04:00,2022-06-18,2022-06-18 16:37:11 UTC,Eastern Time (US & Canada),1834130,chrisazimmer,"",2022-06-18 18:31:53 UTC,2023-10-16 14:12:15 UTC,research,CC-BY-NC,https://www.inaturalist.org/observations/122349866,https://inaturalist-open-data.s3.amazonaws.com/photos/207139294/medium.jpg,,"","",3,0,false,3,"Headlands Dunes State Nature Preserve, Mentor, OH, US",41.7627529874,-81.284511466,35,,,,35,,open,false,,,Baltimore Oriole,Icterus galbula,Calandria de Baltimore,Aves,9346
123032819,607dae21-0a46-4b66-ac86-62b6ab499b45,2022-06-22 13:08:03-05:00,2022-06-22,2022-06-22 18:08:03 UTC,Central Time (US & Canada),5280968,tiller-bug,tiller,2022-06-23 02:03:04 UTC,2022-12-19 18:36:17 UTC,research,CC-BY-NC,https://www.inaturalist.org/observations/123032819,https://inaturalist-open-data.s3.amazonaws.com/photos/208383282/medium.jpg,,"","",4,0,false,3,"Fontenelle Forest, Bellevue, NE, US",41.1732230604,-95.8856442358,24,,,,24,,open,false,,,Baltimore Oriole,Icterus galbula,Calandria de Baltimore,Aves,9346
123653292,e7506dc2-9e27-4165-823d-1b7efd3af569,2022/05/12 4:20 PM,2022-05-12,2022-05-12 20:20:00 UTC,Eastern Time (US & Canada),2296920,quicksilv3r,"",2022-06-27 05:23:29 UTC,2022-09-02 02:58:13 UTC,research,CC-BY-NC,https://www.inaturalist.org/observations/123653292,https://inaturalist-open-data.s3.amazonaws.com/photos/209496293/medium.jpg,,"",,2,0,false,,"109 Pequotsepos Rd, Mystic, CT 06355, USA",41.3623709,-71.9467333,213,,,,213,,open,false,,,Baltimore Oriole,Icterus galbula,Calandria de Baltimore,Aves,9346
124680066,8fbfa3c1-3b5d-420f-ad49-16e3e2752349,2022-05-13 09:02:00,2022-05-13,2022-05-13 13:02:00 UTC,Eastern Time (US & Canada),5104290,iqcreaturehero786,Ishaaq Hussain,2022-07-04 04:18:02 UTC,2022-12-28 21:35:54 UTC,research,CC-BY-NC,https://www.inaturalist.org/observations/124680066,https://inaturalist-open-data.s3.amazonaws.com/photos/211353678/medium.jpeg,,"",,5,0,false,2,"John Garland Blvd at Mosque Cres North Side, Toronto, ON M9V 1N8, Canada",43.7331304479,-79.5923859626,19,,,,19,,open,false,gps,gps,Baltimore Oriole,Icterus galbula,Calandria de Baltimore,Aves,9346
128718670,2f20b858-7cd9-4cc8-b1d8-38a23e50776c,2022/05/09 4:53 PM,2022-05-09,2022-05-09 20:53:00 UTC,Eastern Time (US & Canada),1801977,wetlandfan,"",2022-07-31 00:59:06 UTC,2023-10-16 14:11:13 UTC,research,CC-BY-NC-ND,https://www.inaturalist.org/observations/128718670,https://inaturalist-open-data.s3.amazonaws.com/photos/218663975/medium.jpg,,"","",3,0,false,,"Ohio, US",40.9360327206,-81.5595162723,,,,,27877,obscured,open,true,,,Baltimore Oriole,Icterus galbula,Calandria de Baltimore,Aves,9346
128843240,414f2b86-def9-48ac-92b2-babd47cf5251,2022/02/28 1:31 PM,2022-02-28,2022-02-28 19:31:00 UTC,Central America,774277,losttinamou,Heidi Pasch de Viteri,2022-07-31 18:41:46 UTC,2022-08-07 15:46:26 UTC,research,CC-BY-NC,https://www.inaturalist.org/observations/128843240,https://inaturalist-open-data.s3.amazonaws.com/photos/218882875/medium.jpeg,,"","",1,0,false,,Finca la Gracia,14.3995504338,-91.0867976359,658,,,,658,,open,false,,,Calandria de Baltimore,Icterus galbula,Calandria de Baltimore,Aves,9346
128843250,065cce0f-925d-441d-bc73-513729078e68,2022/03/01 3:48 PM,2022-03-01,2022-03-01 21:48:00 UTC,Central America,774277,losttinamou,Heidi Pasch de Viteri,2022-07-31 18:41:48 UTC,2022-08-02 21:39:24 UTC,research,CC-BY-NC,https://www.inaturalist.org/observations/128843250,https://inaturalist-open-data.s3.amazonaws.com/photos/218883382/medium.jpeg,,"","",1,0,false,,Finca la Gracia,14.3995504338,-91.0867976359,658,,,,658,,open,false,,,Calandria de Baltimore,Icterus galbula,Calandria de Baltimore,Aves,9346
129694273,6d5b03f6-0a80-4656-bcf3-64333ff5aee0,2022/05/15 3:19 AM,2022-05-15,2022-05-15 07:19:00 UTC,Eastern Time (US & Canada),762683,brdnrdr,Simon Tolzmann,2022-08-06 16:29:55 UTC,2026-02-08 17:42:34 UTC,research,CC-BY-NC,https://www.inaturalist.org/observations/129694273,https://static.inaturalist.org/photos/220437024/medium.jpeg,,"",,13,0,false,,"Lucas County, OH, USA",41.6288393848,-83.1924987635,31,,,,31,,open,false,,,Baltimore Oriole,Icterus galbula,Calandria de Baltimore,Aves,9346
130346141,57b5340a-67af-4398-9b11-e756564c66f4,2021/11/17 4:43 PM,2021-11-17,2021-11-17 22:43:00 UTC,America/Costa_Rica,3778766,isaac_arias,Isaac D. Arias-Céspedes,2022-08-11 07:39:57 UTC,2023-12-18 20:35:16 UTC,research,CC-BY-NC-SA,https://www.inaturalist.org/observations/130346141,https://inaturalist-open-data.s3.amazonaws.com/photos/221657657/medium.jpeg,,"","",1,0,false,,"San José, San Pablo, Costa Rica",9.9090008,-84.4408972,1753,,,,1753,,open,false,,,Bolsero Norteño,Icterus galbula,Calandria de Baltimore,Aves,9346
130799109,4479d71f-a0bf-43d2-a696-972253773723,2022/06/19 1:16 PM,2022-06-19,2022-06-19 18:16:00 UTC,Central Time (US & Canada),4172,chia,Chia⚡aka Cory Chiappone,2022-08-14 16:18:09 UTC,2025-07-21 04:16:04 UTC,research,CC-BY-NC,https://www.inaturalist.org/observations/130799109,https://inaturalist-open-data.s3.amazonaws.com/photos/222494286/medium.jpg,,"",,1,0,false,,"Harlan County, NE, USA",40.0794213202,-99.3733779132,37,,,,37,,open,false,,,Baltimore Oriole,Icterus galbula,Calandria de Baltimore,Aves,9346
131103273,17fa1aa6-62d2-44c5-a12a-2c659243ce12,2019/05/24 8:56 AM,2019-05-24,2019-05-24 12:56:00 UTC,America/Nipigon,147416,teawren,Ginny Moore,2022-08-16 18:49:37 UTC,2022-09-01 22:24:58 UTC,research,CC-BY-NC,https://www.inaturalist.org/observations/131103273,https://inaturalist-open-data.s3.amazonaws.com/photos/223054140/medium.jpeg,,"","",4,0,false,,"Uphill, Kawartha Lakes, ON, Canada",44.741638,-79.008207,20,,,,20,,open,false,,,Baltimore Oriole,Icterus galbula,Calandria de Baltimore,Aves,9346
131477453,90b1f50d-5c27-42ca-8383-2e0085df56e4,2020/05/19 9:46 AM,2020-05-19,2020-05-19 13:46:00 UTC,Eastern Time (US & Canada),4809333,mcphotoguy,Michael B Cassidy,2022-08-19 17:37:48 UTC,2022-08-19 18:50:51 UTC,research,CC-BY-NC,https://www.inaturalist.org/observations/131477453,https://inaturalist-open-data.s3.amazonaws.com/photos/223751117/medium.jpg,,"",,3,0,false,,"Grange Hill East, Guelph, ON, Canada",43.5581263659,-80.2253649487,31,,,,31,,open,false,,,Baltimore Oriole,Icterus galbula,Calandria de Baltimore,Aves,9346
133405997,b5126d0c-2121-42e2-a3bd-f4f68b39647f,2021-05-20 19:07:13,2021-05-20,2021-05-21 00:07:13 UTC,Central Time (US & Canada),751586,andersoncruz,Jennifer Anderson-Cruz,2022-09-03 00:39:40 UTC,2023-07-08 09:32:44 UTC,research,CC-BY,https://www.inaturalist.org/observations/133405997,https://inaturalist-open-data.s3.amazonaws.com/photos/227230517/medium.jpeg,,"",,1,0,false,2,Green Island Wildlife Management Area,42.1618278012,-90.2948797122,3624,,,,3624,,open,false,gps,gps,Baltimore Oriole,Icterus galbula,Calandria de Baltimore,Aves,9346
133981725,9b93decb-4067-45a8-92da-32ab2959f904,2022/09/05 4:02 PM,2022-09-05,2022-09-05 20:02:00 UTC,Eastern Time (US & Canada),3311076,caterpillar511,Owen J.,2022-09-07 00:20:50 UTC,2023-01-02 23:58:35 UTC,research,CC-BY-NC,https://www.inaturalist.org/observations/133981725,https://inaturalist-open-data.s3.amazonaws.com/photos/228300387/medium.jpeg,,"",,4,0,false,,"Waterloo, ON, Canada",43.5128618206,-80.5110148668,,,,,,,open,false,,,Baltimore Oriole,Icterus galbula,Calandria de Baltimore,Aves,9346
134207222,67489b49-44fa-4713-b5f0-561d287458a2,2022/08/27 4:21 PM,2022-08-27,2022-08-27 20:21:00 UTC,Eastern Time (US & Canada),5405686,nansyard,nansyard,2022-09-08 19:14:32 UTC,2022-11-04 18:28:46 UTC,research,CC-BY-NC,https://www.inaturalist.org/observations/134207222,https://inaturalist-open-data.s3.amazonaws.com/photos/228719795/medium.jpeg,,"","",1,0,false,,"4167 Coles Mill Rd, Franklinville, NJ 08322, USA",39.6200642,-74.9872564,35,,,,35,,open,false,,,Baltimore Oriole,Icterus galbula,Calandria de Baltimore,Aves,9346
134450119,78bb483d-3a97-4f6b-bb5c-83de99d0ebc0,2022-09-02,2022-09-02,,Central Time (US & Canada),2677802,prairiewindarts,Scott Burke,2022-09-10 17:18:33 UTC,2023-09-18 03:50:25 UTC,research,CC-BY-NC,https://www.inaturalist.org/observations/134450119,https://inaturalist-open-data.s3.amazonaws.com/photos/229172980/medium.jpeg,,"",,3,0,false,2,"Waukee, IA, USA",41.6042702446,-93.874890469,6,,,,6,,open,false,gps,gps,Baltimore Oriole,Icterus galbula,Calandria de Baltimore,Aves,9346
134949601,8f4dc140-ae4c-48b1-813c-c1009f685aa0,2022-09-13 18:15:54-05:00,2022-09-13,2022-09-13 23:15:54 UTC,Central Time (US & Canada),1605608,outdoorcrazy,outdoorcrazy,2022-09-14 03:50:22 UTC,2022-09-14 20:33:47 UTC,research,CC-BY-NC,https://www.inaturalist.org/observations/134949601,https://inaturalist-open-data.s3.amazonaws.com/photos/230109764/medium.jpg,,"","",3,0,false,3,"Lake Park Dr, Arlington, TX, US",32.670529452,-97.2242680451,44,,,,44,,open,false,,,Baltimore Oriole,Icterus galbula,Calandria de Baltimore,Aves,9346
135172621,3d4f55f0-b60e-4793-b0ff-76a90115c1e6,2022-09-15 17:18:21-04:00,2022-09-15,2022-09-15 21:18:21 UTC,Eastern Time (US & Canada),4965916,igerke,,2022-09-15 21:24:30 UTC,2025-11-18 08:21:43 UTC,research,CC-BY-NC,https://www.inaturalist.org/observations/135172621,https://inaturalist-open-data.s3.amazonaws.com/photos/230511211/medium.jpg,,"","",3,1,false,3,"Gulf of Maine, US",43.326376048,-70.2378635947,8,,,,8,,open,false,,,Baltimore Oriole,Icterus galbula,Calandria de Baltimore,Aves,9346
135995492,a8d71729-a310-4b22-a3d4-97293c1c4d26,2022-09-20 08:54:05,2022-09-20,2022-09-20 14:54:05 UTC,Central America,774277,losttinamou,Heidi Pasch de Viteri,2022-09-22 02:46:22 UTC,2022-09-23 02:15:32 UTC,research,CC-BY-NC,https://www.inaturalist.org/observations/135995492,https://inaturalist-open-data.s3.amazonaws.com/photos/232038744/medium.jpeg,,"",,3,0,false,2,Finca la Gracia,14.3995639256,-91.0867975652,658,,,,658,,open,false,gps,gps,Baltimore Oriole,Icterus galbula,Calandria de Baltimore,Aves,9346
138406291,0940204f-5045-4e8b-a78c-a7a91a11fcad,2022-10-11 19:24:34,2022-10-11,2022-10-11 17:24:34 UTC,Paris,795334,ornisamu,Samuel Büttler,2022-10-11 17:25:02 UTC,2025-09-22 08:56:43 UTC,research,CC-BY-NC,https://www.inaturalist.org/observations/138406291,https://inaturalist-open-data.s3.amazonaws.com/photos/236612594/medium.jpeg,,"",,5,0,false,2,"29242 Ouessant, Frankreich",48.4645917822,-5.0986825302,1100,,,,1100,,open,false,gps,gps,Baltimore-Trupial,Icterus galbula,Calandria de Baltimore,Aves,9346
141358847,b03342f2-bb2d-4801-bbec-4f5291d0247b,2022/10/11 17:34,2022-10-11,2022-10-11 15:34:00 UTC,Paris,175009,jujurenoult,Julien Renoult,2022-11-07 10:24:39 UTC,2025-09-22 08:56:41 UTC,research,CC0,https://www.inaturalist.org/observations/141358847,https://inaturalist-open-data.s3.amazonaws.com/photos/242151105/medium.jpg,,"",,7,0,false,,"Ouessant, France",48.4555572942,-5.0883562805,4098,,,,4098,,open,false,,,Baltimore Oriole,Icterus galbula,Calandria de Baltimore,Aves,9346
141493820,c03d9b9d-b3e7-4066-81ac-415308f1886b,2022/11/08 6:23 PM,2022-11-08,2022-11-08 23:23:00 UTC,Eastern Time (US & Canada),284323,rich10,Rich Wolfert,2022-11-08 23:26:52 UTC,2022-12-21 02:44:42 UTC,research,,https://www.inaturalist.org/observations/141493820,https://static.inaturalist.org/photos/242417589/medium.jpeg,,"",,2,0,false,,"East Brunswick, NJ, USA",40.4343207097,-74.4278768603,16,,,,16,,open,false,,,Baltimore Oriole,Icterus galbula,Calandria de Baltimore,Aves,9346
141578978,4a96f9e2-e60d-4f01-910b-15d458d0d480,2022/11/06 8:52 AM,2022-11-06,2022-11-06 14:52:00 UTC,Mexico City,998497,donpepegd21,JOSE ALBERTO GOMEZ D.,2022-11-10 01:43:34 UTC,2022-11-10 16:20:52 UTC,research,CC-BY-NC,https://www.inaturalist.org/observations/141578978,https://inaturalist-open-data.s3.amazonaws.com/photos/242580522/medium.jpg,,"",,2,0,false,,"Xalapa-Enríquez, Ver., México",19.5125207467,-96.9368284881,244,,,,244,,open,false,,,Calandria de Baltimore,Icterus galbula,Calandria de Baltimore,Aves,9346
142319749,6d576351-e829-439f-ad27-a6ae09ab9515,2022/05/04 1:36 PM,2022-05-04,2022-05-04 17:36:00 UTC,Eastern Time (US & Canada),1306796,bert_filemyr,Bert Filemyr,2022-11-18 21:49:58 UTC,2022-12-09 17:21:30 UTC,research,CC-BY-NC,https://www.inaturalist.org/observations/142319749,https://inaturalist-open-data.s3.amazonaws.com/photos/243971632/medium.jpg,,"Baltimore Oriole (Icterus galbula), ~Submitted to iNaturalist",,3,0,false,,"Montgomery County, PA, USA",40.1063214467,-75.0909630517,,,,,,,open,false,,,Baltimore Oriole,Icterus galbula,Calandria de Baltimore,Aves,9346
142546688,f87bcb3c-ed44-4b55-9ce7-e7a9c571328f,2022/11/19 10:26 AM,2022-11-19,2022-11-19 16:26:00 UTC,America/Tegucigalpa,3328064,mariourrutia,Mario Urrutia,2022-11-21 18:49:13 UTC,2022-12-17 17:28:53 UTC,research,CC-BY-NC,https://www.inaturalist.org/observations/142546688,https://inaturalist-open-data.s3.amazonaws.com/photos/244404315/medium.jpg,,"","",2,0,false,,"San Antonio de Oriente, Honduras",13.998095466,-87.0281884112,4,,,,4,,open,false,,,Baltimore Oriole,Icterus galbula,Calandria de Baltimore,Aves,9346
143144758,8f1ebb36-844a-44bf-8b8e-2f74996e0285,2022/07/01 6:26 PM,2022-07-01,2022-07-01 22:26:00 UTC,America/Nipigon,1393917,darrenkirby,Darren Kirby,2022-11-28 03:43:27 UTC,2022-12-06 09:37:43 UTC,research,CC-BY,https://www.inaturalist.org/observations/143144758,https://static.inaturalist.org/photos/245465029/medium.jpg,,"",,3,0,false,,"Algoma District, ON, Canada",46.3365545483,-83.9348757594,4,,,,4,,open,false,,,Baltimore Oriole,Icterus galbula,Calandria de Baltimore,Aves,9346
143670453,6a84fbbe-98c7-454f-b2bf-486184378706,2022-05-18 21:35:46-04:00,2022-05-18,2022-05-19 01:35:46 UTC,Eastern Time (US & Canada),1133501,christa_explores,Christa B,2022-12-04 20:34:29 UTC,2024-03-02 05:25:03 UTC,research,CC-BY-NC-ND,https://www.inaturalist.org/observations/143670453,https://inaturalist-open-data.s3.amazonaws.com/photos/246433786/medium.jpg,,"","",1,0,false,3,"Plymouth Rd, East Providence, RI, US",41.7984745,-71.3559345,4102,,,,4102,,open,false,,,Baltimore Oriole,Icterus galbula,Calandria de Baltimore,Aves,9346
144538516,d1ef8a5c-a492-44d9-84bc-895e2fa3d661,2022-12-17 13:16:32,2022-12-17,2022-12-17 12:16:32 UTC,Stockholm,5059209,stefanwestb,Stefan Westberg,2022-12-17 15:19:40 UTC,2025-09-22 08:56:40 UTC,research,,https://www.inaturalist.org/observations/144538516,https://static.inaturalist.org/photos/248093230/medium.jpeg,,"",,6,0,false,2,"269 71, Sverige",56.3484597088,12.8070129454,59,,,,59,,open,false,gps,gps,Baltimoretrupial,Icterus galbula,Calandria de Baltimore,Aves,9346
144908102,eed95f38-1c12-4bf7-9194-f8330b3bd8b5,2022-12-15 14:24:09,2022-12-15,2022-12-15 13:24:09 UTC,Stockholm,2581007,andersdahl,Anders Dahl,2022-12-23 08:35:28 UTC,2025-09-22 08:56:38 UTC,research,CC-BY-NC,https://www.inaturalist.org/observations/144908102,https://inaturalist-open-data.s3.amazonaws.com/photos/248817719/medium.jpeg,,"",1st observation for Sweden. ,1,0,false,2,Förslöv,56.3493936642,12.8151675314,1202,,,,1202,,open,false,gps,gps,Baltimoretrupial,Icterus galbula,Calandria de Baltimore,Aves,9346
145214992,56344d1e-fd0d-4a22-a776-7973d8cff3ed,2022/12/27 10:53 PM,2022-12-27,2022-12-27 21:53:00 UTC,Stockholm,427689,neomorphus,Mikael Bauer,2022-12-27 21:56:49 UTC,2025-10-21 08:34:33 UTC,research,CC-BY-NC,https://www.inaturalist.org/observations/145214992,https://inaturalist-open-data.s3.amazonaws.com/photos/249406572/medium.jpg,,"",,4,0,false,,"Båstad Municipality, Sweden",56.3510340797,12.8072529488,2,,,,2,,open,false,,,Baltimore Oriole,Icterus galbula,Calandria de Baltimore,Aves,9346
145313194,82e014ad-a584-484b-a08a-666b6ded8739,2021-05-13 10:45am,2021-05-13,2021-05-13 14:45:00 UTC,America/Nipigon,4351702,whitnessthis,Whitney Suurd,2022-12-29 04:09:55 UTC,2023-01-17 09:08:16 UTC,research,CC-BY-NC,https://www.inaturalist.org/observations/145313194,https://inaturalist-open-data.s3.amazonaws.com/photos/249597485/medium.jpg,,"My Yard, My Garden","",2,0,false,3,"Division Rd, Douro-Dummer, ON, CA",44.3414333333,-78.2133116667,65,,,,65,,open,false,,,Baltimore Oriole,Icterus galbula,Calandria de Baltimore,Aves,9346
145431711,aa28c3f3-2b45-4a19-91ff-8676c12bde48,2022-12-30 09:57:06,2022-12-30,2022-12-30 08:57:06 UTC,Stockholm,2770419,mikat78,Mika Tomta,2022-12-30 16:12:08 UTC,2025-10-21 08:34:32 UTC,research,CC-BY-NC,https://www.inaturalist.org/observations/145431711,https://inaturalist-open-data.s3.amazonaws.com/photos/249848875/medium.jpeg,,"",Continuing bird,4,0,false,2,"Förslöv, Sweden",56.3510261269,12.8072335571,2,,,,2,,open,false,gps,gps,Baltimore Oriole,Icterus galbula,Calandria de Baltimore,Aves,9346
145752864,5619287f-3db7-4bdd-b8d9-08a252ca4048,2023/01/03 12:54 PM,2023-01-03,2023-01-03 11:54:00 UTC,Stockholm,4706934,neal48,Neal Wreford,2023-01-03 13:59:05 UTC,2025-10-24 16:08:38 UTC,research,CC-BY-NC,https://www.inaturalist.org/observations/145752864,https://static.inaturalist.org/photos/250423183/medium.jpg,,"",,4,0,false,,"Båstad Municipality, Sweden",56.3496524049,12.807040555,158,,,,158,,open,false,,,Baltimore Oriole,Icterus galbula,Calandria de Baltimore,Aves,9346
145932017,2697137d-a2d2-4829-92b4-4fcc677a59a7,2023-01-02 08:03:09,2023-01-02,2023-01-02 12:03:09 UTC,Puerto Rico,898866,shark_7,Eric Torres,2023-01-06 01:00:48 UTC,2025-01-10 00:46:24 UTC,research,,https://www.inaturalist.org/observations/145932017,https://static.inaturalist.org/photos/250776987/medium.jpeg,,"",,3,0,false,2,Bosque Estatal de Cambalache,18.4524138278,-66.5970011428,208,,,,208,,open,false,gps,gps,Baltimore Oriole,Icterus galbula,Calandria de Baltimore,Aves,9346
146040628,bb6d58e0-09d9-470e-8a18-0107b0403e3d,2023-01-07 09:43:17,2023-01-07,2023-01-07 14:43:17 UTC,Eastern Time (US & Canada),4944947,bigt81,"",2023-01-07 15:01:22 UTC,2026-03-03 21:28:20 UTC,research,CC-BY-NC,https://www.inaturalist.org/observations/146040628,https://inaturalist-open-data.s3.amazonaws.com/photos/250989673/medium.jpeg,,"",,3,0,false,2,"South Carolina, US",34.9590937216,-81.0646186184,6,,,,28762,obscured,open,true,gps,gps,Baltimore Oriole,Icterus galbula,Calandria de Baltimore,Aves,9346
146096886,d34a3741-f241-45bf-bbed-2a1d42495334,2022/05/07 10:59 AM,2022-05-07,2022-05-07 14:59:00 UTC,Eastern Time (US & Canada),5776125,quinnial,,2023-01-08 05:20:59 UTC,2023-01-08 13:31:39 UTC,research,CC-BY-NC,https://www.inaturalist.org/observations/146096886,https://inaturalist-open-data.s3.amazonaws.com/photos/251101436/medium.jpeg,,"",,1,0,false,,"Watertown, MA, USA",42.3715081417,-71.1455496883,383,,,,383,,open,false,,,Baltimore Oriole,Icterus galbula,Calandria de Baltimore,Aves,9346
146315147,4fdb758e-bcb2-45b8-a1c1-02714a751562,2023-01-09 07:57:00,2023-01-09,2023-01-09 13:57:00 UTC,America/Costa_Rica,1449509,jeffry_torres,Jeffry Torres,2023-01-11 04:00:50 UTC,2023-12-14 02:16:10 UTC,needs_id,CC-BY-NC,https://www.inaturalist.org/observations/146315147,https://inaturalist-open-data.s3.amazonaws.com/photos/251522864/medium.jpeg,,"",HEMBRA ,0,0,false,2,Calle Mística La Pintadas Rio Negro,8.866471675,-82.9587336257,92,,,,92,,open,false,gps,gps,null,Icterus galbula,Calandria de Baltimore,Aves,9346
146376035,8b3344a8-d98c-4cef-b816-465e8e5c1d21,2023/01/04 4:01 PM,2023-01-04,2023-01-05 00:01:00 UTC,Pacific Time (US & Canada),2299076,frankf,,2023-01-12 02:34:28 UTC,2023-01-12 17:57:28 UTC,research,CC-BY-NC,https://www.inaturalist.org/observations/146376035,https://inaturalist-open-data.s3.amazonaws.com/photos/251642143/medium.jpeg,,"","",2,0,false,,"Palisades, San Diego, CA 92101, USA",32.7277425291,-117.1509825041,8,,,,8,,open,false,,,Baltimore Oriole,Icterus galbula,Calandria de Baltimore,Aves,9346
146800918,ee9b509b-49bf-40d5-a05c-75d73e4a8fec,2023-01-16 16:35:00-06:00,2023-01-16,2023-01-16 22:35:00 UTC,Mexico City,3974267,aguirre35,Cox,2023-01-18 02:52:23 UTC,2023-01-18 03:11:46 UTC,research,CC-BY-NC,https://www.inaturalist.org/observations/146800918,https://inaturalist-open-data.s3.amazonaws.com/photos/252474882/medium.jpg,,"","",2,0,false,3,"Calle 42, Córdoba, VER, MX",18.9064135493,-96.926947882,5,,,,5,,open,false,,,Calandria de Baltimore,Icterus galbula,Calandria de Baltimore,Aves,9346
146810387,22c6921c-1c7b-4ce6-9642-2a17c91314c6,2023/01/17 7:49 AM,2023-01-17,2023-01-17 15:49:00 UTC,Pacific Time (US & Canada),5716033,davisprovan,Davis Provan,2023-01-18 06:31:12 UTC,2023-01-19 00:45:25 UTC,research,CC-BY-NC,https://www.inaturalist.org/observations/146810387,https://inaturalist-open-data.s3.amazonaws.com/photos/252493550/medium.jpeg,,"",,2,0,false,,"Balboa Park, San Diego, CA, USA",32.7361981382,-117.1489373913,14,,,,14,,open,false,,,Baltimore Oriole,Icterus galbula,Calandria de Baltimore,Aves,9346
146931894,a56e7b7b-e240-453b-950d-7ef3b74d7690,2023/01/14 7:47 AM,2023-01-14,2023-01-14 15:47:00 UTC,Pacific Time (US & Canada),796339,ramonamom,Nancy Christensen,2023-01-20 02:55:39 UTC,2023-01-21 04:19:19 UTC,research,,https://www.inaturalist.org/observations/146931894,https://static.inaturalist.org/photos/252731009/medium.jpg,,"",,2,0,false,,"Chula Vista, CA, USA",32.6646266667,-117.0346183333,,,,,,,open,false,,,Baltimore Oriole,Icterus galbula,Calandria de Baltimore,Aves,9346
147130023,6749f521-0337-4e6c-8ffb-d3199231b887,2022/12/14 11:12 AM,2022-12-14,2022-12-14 17:12:00 UTC,Central America,1477307,noverholtz,Nancy Overholtz,2023-01-22 19:08:01 UTC,2023-01-23 17:53:15 UTC,research,CC0,https://www.inaturalist.org/observations/147130023,https://inaturalist-open-data.s3.amazonaws.com/photos/253115170/medium.jpg,,"","",3,0,false,,"El Remate, Guatemala",16.9933002209,-89.6921121927,61,,,,61,,open,false,,,Oriole de Baltimore,Icterus galbula,Calandria de Baltimore,Aves,9346
147233134,56ecee77-d71d-433d-8658-dfe4410ce0b9,2023/01/23 11:01 AM,2023-01-23,2023-01-23 17:01:00 UTC,Mexico City,54220,aplomadobirdy,Big Birdy,2023-01-24 01:22:48 UTC,2023-01-25 01:54:03 UTC,research,CC-BY-NC-ND,https://www.inaturalist.org/observations/147233134,https://static.inaturalist.org/photos/253311312/medium.jpg,,"",,1,0,false,,"Reserva Territorial, Col Santa Bárbara, Ver., México",19.5066089771,-96.8803493165,193,,,,193,,open,false,,,Calandria de Baltimore,Icterus galbula,Calandria de Baltimore,Aves,9346
147436756,979038e0-5976-4053-8d77-a8dedfba71f5,2023/01/19 11:54 AM,2023-01-19,2023-01-19 15:54:00 UTC,Puerto Rico,1299792,cinnamon325,Dimitris S,2023-01-27 03:50:23 UTC,2025-08-19 14:30:06 UTC,research,,https://www.inaturalist.org/observations/147436756,https://static.inaturalist.org/photos/253700334/medium.jpeg,,"",,3,0,false,,"Garrochales, Arecibo 00652, Puerto Rico",18.4524088992,-66.5969067699,60,,,,60,,open,false,,,Baltimore Oriole,Icterus galbula,Calandria de Baltimore,Aves,9346
148362474,f1f95ed9-f398-45c6-8072-108484319092,2023-01-08 15:19:22,2023-01-08,2023-01-08 21:19:22 UTC,America/Tegucigalpa,2527019,josemadrid13,Jose Madrid,2023-02-09 04:27:16 UTC,2023-07-30 06:55:15 UTC,research,,https://www.inaturalist.org/observations/148362474,https://static.inaturalist.org/photos/255474836/medium.jpeg,,"",,3,0,false,2,"WQQ6+7HV, Gualjoco, Honduras",14.9381460415,-88.2383204252,19,,,,19,,open,false,gps,gps,Baltimore Oriole,Icterus galbula,Calandria de Baltimore,Aves,9346
149266935,053f30e7-ca92-459f-8149-19ee090d3841,2020/06/07 9:16 AM,2020-06-07,2020-06-07 13:16:00 UTC,Eastern Time (US & Canada),5135916,forrestshimazu,Forrest Shimazu,2023-02-20 21:36:11 UTC,2024-09-17 21:59:27 UTC,research,CC-BY-NC,https://www.inaturalist.org/observations/149266935,https://inaturalist-open-data.s3.amazonaws.com/photos/257183576/medium.jpeg,,"",,2,0,false,,"84 Kendrick St, Needham, MA 02494, USA",42.2830419,-71.1960771,2301,,,,2301,,open,false,,,Baltimore Oriole,Icterus galbula,Calandria de Baltimore,Aves,9346
149267080,191edd9e-2324-4ebf-aac9-a26160750df2,2020/06/07 9:11 AM,2020-06-07,2020-06-07 13:11:00 UTC,Eastern Time (US & Canada),5135916,forrestshimazu,Forrest Shimazu,2023-02-20 21:37:52 UTC,2024-09-17 21:59:27 UTC,research,CC-BY-NC,https://www.inaturalist.org/observations/149267080,https://inaturalist-open-data.s3.amazonaws.com/photos/257183872/medium.jpeg,,"",,2,0,false,,"84 Kendrick St, Needham, MA 02494, USA",42.2830419,-71.1960771,2301,,,,2301,,open,false,,,Baltimore Oriole,Icterus galbula,Calandria de Baltimore,Aves,9346
149478213,9a5d5f11-81de-416e-bb51-d6d3319a6e1d,2023-02-19 12:09:07,2023-02-19,2023-02-19 17:09:07 UTC,Eastern Time (US & Canada),309089,marykeim,Mary Keim,2023-02-23 14:33:29 UTC,2024-07-23 18:21:15 UTC,research,CC-BY-NC,https://www.inaturalist.org/observations/149478213,https://inaturalist-open-data.s3.amazonaws.com/photos/257582148/medium.jpg,,"taxonomy:binomial=Icterus galbula, Central Florida, Mary Keim, cwh, Baltimore Oriole (Icterus galbula)","Orange County, FL, February 2023.  Backyard.",1,0,false,,"Edgewood, Florida, United States",28.49502,-81.367778,,,,,,,open,false,,"",Baltimore Oriole,Icterus galbula,Calandria de Baltimore,Aves,9346
150832120,9f16d4f1-640b-4667-9f70-3767c76fae00,2023/03/11 14:44,2023-03-11,2023-03-11 13:44:00 UTC,Stockholm,3321282,lizamast,"",2023-03-11 17:16:26 UTC,2025-09-22 08:56:05 UTC,research,CC-BY-NC,https://www.inaturalist.org/observations/150832120,https://inaturalist-open-data.s3.amazonaws.com/photos/260156273/medium.jpg,,"",,3,0,false,,"Бостад, Швеция",56.3495462985,12.8071661415,2,,,,2,,open,false,,,Балтиморский цветной трупиал,Icterus galbula,Calandria de Baltimore,Aves,9346
151093888,a2bdccb1-bd82-4fc7-bebc-615d4e742611,2012/03/27 12:28 PM,2012-03-27,2012-03-27 19:28:00 UTC,Pacific Time (US & Canada),6550434,sdbirder,Trent R. Stanley,2023-03-14 02:55:31 UTC,2023-03-15 04:51:41 UTC,research,CC-BY-NC,https://www.inaturalist.org/observations/151093888,https://inaturalist-open-data.s3.amazonaws.com/photos/260649483/medium.jpg,,"",,2,0,false,,"Balboa Park, San Diego, CA, USA",32.737092298,-117.1526073247,8,,,,8,,open,false,,,Baltimore Oriole,Icterus galbula,Calandria de Baltimore,Aves,9346
151359384,059970a7-1410-485e-a91f-c9a69ae39bd6,2023-03-16 16:17:16,2023-03-16,2023-03-16 21:17:16 UTC,Bogota,1039067,franciscoriquelme,Francisco Riquelme Tapia,2023-03-17 02:52:37 UTC,2024-04-17 18:59:04 UTC,research,CC-BY-NC,https://www.inaturalist.org/observations/151359384,https://inaturalist-open-data.s3.amazonaws.com/photos/261148015/medium.jpeg,,"",,1,0,false,2,"Santa Marta, Magdalena, Colombia",11.2279668213,-74.1855119169,109,,,,109,,open,false,gps,gps,Baltimore Oriole,Icterus galbula,Calandria de Baltimore,Aves,9346
151935468,f19c16a3-a951-479e-83c9-ead68f7ba8d6,2014/05/17 9:31 AM,2014-05-17,2014-05-17 13:31:00 UTC,Eastern Time (US & Canada),1732895,bethpolvino,"",2023-03-22 16:08:43 UTC,2023-03-27 13:35:39 UTC,research,CC-BY-NC,https://www.inaturalist.org/observations/151935468,https://inaturalist-open-data.s3.amazonaws.com/photos/262229003/medium.jpeg,,"",,3,0,false,,"8601 Lindbergh Blvd., Philadelphia, PA 19153, USA",39.8921524,-75.2572137,565,,,,565,,open,false,,,Baltimore Oriole,Icterus galbula,Calandria de Baltimore,Aves,9346
154290810,f946d543-484d-4ca3-a704-0477c43b00d0,2023-04-10 12:14:58-04:00,2023-04-10,2023-04-10 16:14:58 UTC,Eastern Time (US & Canada),2723994,jmcgowanwp,"",2023-04-10 16:30:52 UTC,2023-10-05 14:41:46 UTC,research,CC-BY-NC,https://www.inaturalist.org/observations/154290810,https://inaturalist-open-data.s3.amazonaws.com/photos/266581803/medium.jpg,,"",SO exciting! I’ve never seen one before! I happen to have bought a bird seed mix that also has dried fruits. I’ve put out half of an orange in hopes it will return!,1,0,false,3,"Gilbert Rd, Winter Park, FL, US",28.5914259822,-81.3142594093,486,,,,486,,open,false,,,Baltimore Oriole,Icterus galbula,Calandria de Baltimore,Aves,9346
154371178,2b83e338-12a0-4995-8beb-48cb2d0c5039,2022/12/19 7:31 AM,2022-12-19,2022-12-19 15:31:00 UTC,Pacific Time (US & Canada),2556071,jonnysperling,Jonny Sperling,2023-04-11 02:46:07 UTC,2023-04-11 15:50:18 UTC,research,CC-BY-NC,https://www.inaturalist.org/observations/154371178,https://inaturalist-open-data.s3.amazonaws.com/photos/266627324/medium.jpg,,"",,1,0,false,,Rohr Park,32.6650387399,-117.0347135755,8,,,,8,,open,false,,,Calandria de Baltimore,Icterus galbula,Calandria de Baltimore,Aves,9346
154409077,3249c9b5-5e0c-4cb6-8dcf-97238c1980c2,2023-03-22 09:04:05,2023-03-22,2023-03-22 15:04:05 UTC,America/Costa_Rica,6149844,lindhult,Kurt lindhult,2023-04-11 12:15:58 UTC,2023-04-13 05:18:19 UTC,research,CC-BY,https://www.inaturalist.org/observations/154409077,https://inaturalist-open-data.s3.amazonaws.com/photos/266800153/medium.jpeg,,"",,1,0,false,2,Heredia,9.9981409359,-84.1197643429,1565,,,,1565,,open,false,gps,gps,Baltimore Oriole,Icterus galbula,Calandria de Baltimore,Aves,9346
155348735,de132087-6365-41e0-bf00-b16a884be93e,2023/03/26 12:15 PM,2023-03-26,2023-03-26 16:15:00 UTC,Eastern Time (US & Canada),843727,johnmcboston,John McLachlan,2023-04-17 17:15:40 UTC,2023-04-17 17:25:11 UTC,needs_id,,https://www.inaturalist.org/observations/155348735,https://static.inaturalist.org/photos/268521988/medium.jpg,,"Arboretum, Walk",Baltimore Oriole nest,0,0,false,,"Jamaica Plain, Boston, MA, USA",42.2979448081,-71.1248981957,523,,,,523,,open,false,,,Baltimore Oriole,Icterus galbula,Calandria de Baltimore,Aves,9346
155892395,3c70ab9c-16e8-4271-9aae-7e0d7060aa53,2023/04/20 5:20 PM,2023-04-20,2023-04-20 22:20:00 UTC,Central Time (US & Canada),176650,littlebird,Marie Asscherick,2023-04-21 14:15:32 UTC,2023-04-24 02:36:24 UTC,research,CC-BY-NC,https://www.inaturalist.org/observations/155892395,https://inaturalist-open-data.s3.amazonaws.com/photos/269516229/medium.jpeg,,"","",1,0,false,,"Dos Vacas Muertas Bird Sanctuary, Seabird Dr, Galveston, TX 77554, USA",29.1458973,-95.0406795,160,,,,160,,open,false,,,Baltimore Oriole,Icterus galbula,Calandria de Baltimore,Aves,9346
155925080,ddd43ef3-035c-464b-a243-c0df4ed24f69,2023-04-21 14:03:41-04:00,2023-04-21,2023-04-21 18:03:41 UTC,Eastern Time (US & Canada),5752194,carobrown,Carolyn Brown,2023-04-21 18:03:48 UTC,2024-10-26 18:28:24 UTC,research,CC-BY-NC,https://www.inaturalist.org/observations/155925080,https://inaturalist-open-data.s3.amazonaws.com/photos/270531702/medium.jpg,https://static.inaturalist.org/sounds/651244.m4a?1682100231,"","",1,0,false,3,"Ojibway Nature Centre, Windsor, ON, CA",42.2661618144,-83.0772489589,4,,,,4,,open,false,,,Baltimore Oriole,Icterus galbula,Calandria de Baltimore,Aves,9346
156171985,9626b508-3ee3-45df-a3d4-514b2765b5a8,2022/10/04 2:17 PM,2022-10-04,2022-10-04 20:17:00 UTC,Mazatlan,78535,saralaxia,Sara Alcalá Jiménez,2023-04-23 02:58:35 UTC,2023-04-24 02:35:22 UTC,research,,https://www.inaturalist.org/observations/156171985,https://inaturalist-open-data.s3.amazonaws.com/photos/270014227/medium.jpeg,,RB El Vizcaíno,,2,0,false,,"Aguas Residuales Guerrero Negro, B.C.S., México",27.9614501568,-114.0097824441,536,,,,536,,open,false,,,Baltimore Oriole,Icterus galbula,Calandria de Baltimore,Aves,9346
156970411,91c7f5e8-3a76-4791-a0d6-5309b202b516,2019/03/25 11:45 AM,2019-03-25,2019-03-25 17:45:00 UTC,America/Costa_Rica,2033687,greenjay6,Jay Pruett,2023-04-27 23:52:11 UTC,2023-12-26 01:56:42 UTC,research,CC-BY-NC,https://www.inaturalist.org/observations/156970411,https://inaturalist-open-data.s3.amazonaws.com/photos/271471107/medium.jpg,,"",immature male,1,0,false,,"Trogon Lodge, San José Province, San Gerardo de Dota, Costa Rica",9.5767385,-83.8003869,6436,,,,6436,,open,false,,,Baltimore Oriole,Icterus galbula,Calandria de Baltimore,Aves,9346
157861193,233fae49-0913-4a87-8ec5-1832cfaf0148,2023-04-27 06:51:00,2023-04-27,2023-04-27 10:51:00 UTC,Eastern Time (US & Canada),3220306,parsingphase,"",2023-04-30 00:13:31 UTC,2023-05-01 20:13:10 UTC,research,CC-BY-NC,https://www.inaturalist.org/observations/157861193,https://inaturalist-open-data.s3.amazonaws.com/photos/272887782/medium.jpg,,"Baltimore Oriole, library:fileId=0170-20230427, geo:native_territory=Massa-adchu-es-et (Massachusett), Naumkeag & Pawtucket","",1,0,false,,"Massachusetts, US",42.5122729554,-71.1626433636,,,,,27630,obscured,open,true,,"",Baltimore Oriole,Icterus galbula,Calandria de Baltimore,Aves,9346
158925184,b554bfca-172b-4583-ae0e-20cf53a36218,2023-05-01 13:37:24-04:00,2023-05-01,2023-05-01 17:37:24 UTC,Eastern Time (US & Canada),6200664,chrisstlawrence,Chris St Lawrence,2023-05-01 23:14:27 UTC,2023-05-30 14:43:28 UTC,research,,https://www.inaturalist.org/observations/158925184,https://static.inaturalist.org/photos/274587991/medium.jpg,,"","",3,0,false,3,"Central Park, New York, NY, US",40.7780798725,-73.9707483752,93,,,,93,,open,false,,,Baltimore Oriole,Icterus galbula,Calandria de Baltimore,Aves,9346
159199536,4fb76b15-1860-4ca1-bc9d-1f6a2f5825c8,2023/05/02 8:56 AM,2023-05-02,2023-05-02 12:56:00 UTC,Eastern Time (US & Canada),725362,tfrye,Tim Frye,2023-05-02 16:26:49 UTC,2023-05-26 23:26:17 UTC,research,CC-BY-NC,https://www.inaturalist.org/observations/159199536,https://inaturalist-open-data.s3.amazonaws.com/photos/275043423/medium.jpg,,"",,1,0,false,,"Kings Contrivance, Columbia, MD, USA",39.1630899748,-76.8758256247,31,,,,31,,open,false,,,Baltimore Oriole,Icterus galbula,Calandria de Baltimore,Aves,9346
159719883,31ad1920-737a-488c-9e1a-3c7fc01ec0ae,2023/05/04 6:30 AM,2023-05-04,2023-05-04 10:30:00 UTC,Eastern Time (US & Canada),2338397,allison_zhang,Allison Zhang,2023-05-04 19:57:44 UTC,2023-05-04 22:59:32 UTC,research,CC-BY-NC,https://www.inaturalist.org/observations/159719883,https://inaturalist-open-data.s3.amazonaws.com/photos/275968993/medium.jpeg,,"",,3,0,false,,"Ashbridges Bay Park, Toronto",43.6587513731,-79.3093162364,15,,,,15,,open,false,,,Baltimore Oriole,Icterus galbula,Calandria de Baltimore,Aves,9346
159843367,98922068-3af1-424a-ae73-02a44e2ebde7,2023/05/04 3:00 PM,2023-05-04,2023-05-04 19:00:00 UTC,Eastern Time (US & Canada),2044860,ckhunt,Craig K. Hunt,2023-05-05 12:10:30 UTC,2024-12-10 14:48:53 UTC,research,CC-BY-NC,https://www.inaturalist.org/observations/159843367,https://inaturalist-open-data.s3.amazonaws.com/photos/276193882/medium.jpeg,,"",,1,0,false,,"Townshend, VT, USA",43.071915955,-72.6543806842,182,,,,182,,open,false,,,Baltimore Oriole,Icterus galbula,Calandria de Baltimore,Aves,9346
160183868,089d1ad9-71b0-46b6-8853-218423e5856d,2023-05-06 10:25:15-04:00,2023-05-06,2023-05-06 14:25:15 UTC,Indiana (East),5571144,fishy_finley,,2023-05-06 22:50:39 UTC,2023-05-07 18:41:24 UTC,research,CC-BY-NC,https://www.inaturalist.org/observations/160183868,https://inaturalist-open-data.s3.amazonaws.com/photos/276789326/medium.jpg,,"","Female, taken by my Grammy :) ",2,0,false,3,"S Hamsher St, Garrett, IN, US",41.3471133333,-85.1433028333,8,,,,8,,open,false,,,Baltimore Oriole,Icterus galbula,Calandria de Baltimore,Aves,9346
160337540,99502121-1a49-4840-9fda-d34b3687f720,2023/05/07 9:02 AM,2023-05-07,2023-05-07 13:02:00 UTC,Eastern Time (US & Canada),2094004,hilbert,"",2023-05-07 15:49:59 UTC,2024-04-04 03:05:49 UTC,research,CC-BY-NC,https://www.inaturalist.org/observations/160337540,https://inaturalist-open-data.s3.amazonaws.com/photos/277057766/medium.jpg,,"",,1,0,false,,"Rideau Heights, Kingston, ON, Canada",44.2509209776,-76.4753054005,43,,,,43,,open,false,,,Baltimore Oriole,Icterus galbula,Calandria de Baltimore,Aves,9346
160430630,fa1f163c-b5d4-4247-90c2-4877b6483eda,2023/05/07 1:31 AM,2023-05-07,2023-05-07 05:31:00 UTC,Eastern Time (US & Canada),337547,gary-delise,Gary Delise,2023-05-07 22:08:09 UTC,2024-10-17 04:49:33 UTC,research,CC-BY-NC,https://www.inaturalist.org/observations/160430630,https://inaturalist-open-data.s3.amazonaws.com/photos/277222892/medium.jpeg,,"",,2,0,false,,"Washington County, MD, USA",39.5418283713,-77.6168903369,61,,,,61,,open,false,,,Baltimore Oriole,Icterus galbula,Calandria de Baltimore,Aves,9346
160809119,7399bad1-fc1a-4241-b359-1f4a9676ce17,2023-05-09 15:24:18-04:00,2023-05-09,2023-05-09 19:24:18 UTC,Eastern Time (US & Canada),1404382,catverde,Caterina Verde,2023-05-09 21:43:06 UTC,2023-07-09 22:45:42 UTC,research,,https://www.inaturalist.org/observations/160809119,https://static.inaturalist.org/photos/277908301/medium.jpg,,"","",1,0,false,3,"Highland Park, New York, NY, US",40.68658,-73.8859166667,12,,,,12,,open,false,,,Baltimore Oriole,Icterus galbula,Calandria de Baltimore,Aves,9346
160822867,04980bc4-a26a-4f11-bb3f-ea25135fd2d6,2023-05-07 07:13:00,2023-05-07,2023-05-07 11:13:00 UTC,Eastern Time (US & Canada),502601,bekka_,"",2023-05-09 23:22:07 UTC,2023-05-11 22:08:16 UTC,research,,https://www.inaturalist.org/observations/160822867,https://static.inaturalist.org/photos/277933668/medium.jpeg,,"",,2,0,false,2,"Lexington, MA 02420, USA",42.4313980932,-71.1903310195,251,,,,251,,open,false,gps,gps,Baltimore Oriole,Icterus galbula,Calandria de Baltimore,Aves,9346
160901491,b549c47e-1deb-4f9f-b902-0c62b0be86e2,2023/05/10 7:11 AM,2023-05-10,2023-05-10 11:11:00 UTC,Eastern Time (US & Canada),1084711,karalyn,,2023-05-10 13:23:15 UTC,2023-05-31 19:55:03 UTC,research,CC-BY-NC,https://www.inaturalist.org/observations/160901491,https://inaturalist-open-data.s3.amazonaws.com/photos/278078396/medium.jpg,,"",,2,0,false,,"1 Croton Point Ave, Croton-On-Hudson, NY 10520, USA",41.1863809,-73.8890758,358,,,,358,,open,false,,,Baltimore Oriole,Icterus galbula,Calandria de Baltimore,Aves,9346
160981120,16e0425a-2959-47b6-b40b-44a885c3e336,2023/05/08 7:05 PM,2023-05-08,2023-05-09 00:05:00 UTC,Central Time (US & Canada),291746,greenesnake,Mark Greene,2023-05-10 22:05:31 UTC,2023-05-13 21:14:36 UTC,research,CC-BY-NC,https://www.inaturalist.org/observations/160981120,https://inaturalist-open-data.s3.amazonaws.com/photos/278221533/medium.jpeg,,"",with Northern Mockingbird,1,0,false,,"Mt Orange, TN 38382, USA",35.9567361,-89.0033992,1756,,,,1756,,open,false,,,Baltimore Oriole,Icterus galbula,Calandria de Baltimore,Aves,9346
161019839,183c4457-ae8d-4034-9929-b8c948280df4,2023/05/09 2:10 PM,2023-05-09,2023-05-09 19:10:00 UTC,Central Time (US & Canada),761871,jbenal,,2023-05-11 03:22:45 UTC,2023-05-13 13:47:51 UTC,research,CC-BY-NC,https://www.inaturalist.org/observations/161019839,https://inaturalist-open-data.s3.amazonaws.com/photos/278295125/medium.jpeg,,"","",3,0,false,,"Riverside Park, Milwaukee, WI, USA",43.061445,-87.89286,,,,,,,open,false,,,Baltimore Oriole,Icterus galbula,Calandria de Baltimore,Aves,9346
161032451,4b793a0b-703f-4272-9861-e9bb7ed9ea2d,2023-05-10 15:06:51-04:00,2023-05-10,2023-05-10 19:06:51 UTC,Eastern Time (US & Canada),2711133,nataliejagoda,Natalie Jagoda,2023-05-11 05:41:21 UTC,2023-05-13 04:33:10 UTC,research,CC-BY-NC,https://www.inaturalist.org/observations/161032451,https://inaturalist-open-data.s3.amazonaws.com/photos/278317167/medium.jpg,,"","",2,0,false,3,"Central Park, New York, NY, US",40.7672416667,-73.9731666667,5,,,,5,,open,false,,,Baltimore Oriole,Icterus galbula,Calandria de Baltimore,Aves,9346
161223157,865903e7-078f-42a5-b1f1-747ee77424f5,2023/05/12 7:11 AM,2023-05-12,2023-05-12 11:11:00 UTC,Eastern Time (US & Canada),4810562,raysnook,Ray Snook,2023-05-12 12:51:31 UTC,2023-05-31 03:36:35 UTC,research,CC-BY-NC,https://www.inaturalist.org/observations/161223157,https://inaturalist-open-data.s3.amazonaws.com/photos/278658301/medium.jpeg,,"",,1,0,false,,"Findlay Creek Stormwater Ponds, ON",45.32053852,-75.5844640727,798,,,,798,,open,false,,,Baltimore Oriole,Icterus galbula,Calandria de Baltimore,Aves,9346
161324093,16031224-86a2-43b5-b1c3-ac56cf2b9576,2023-05-09 13:14:11-04:00,2023-05-09,2023-05-09 17:14:11 UTC,Eastern Time (US & Canada),1977429,j123123,,2023-05-13 00:45:22 UTC,2024-05-05 02:31:22 UTC,research,CC-BY-NC,https://www.inaturalist.org/observations/161324093,https://inaturalist-open-data.s3.amazonaws.com/photos/278934741/medium.jpg,,"","",2,0,false,3,"Walden Pond State Reservation, Concord, MA, US",42.440411344,-71.3334658065,22,,,,22,,open,false,,,Baltimore Oriole,Icterus galbula,Calandria de Baltimore,Aves,9346
161496215,67c1c9a5-4f33-416c-94fb-28215d5fdab2,2023-05-13 10:44:25-05:00,2023-05-13,2023-05-13 15:44:25 UTC,Central Time (US & Canada),5280968,tiller-bug,tiller,2023-05-13 22:24:36 UTC,2024-03-27 15:07:06 UTC,research,CC-BY-NC,https://www.inaturalist.org/observations/161496215,https://inaturalist-open-data.s3.amazonaws.com/photos/279147104/medium.jpg,,"","",5,0,false,3,"Stagecoach Lake, Hickman, NE, US",40.6027872955,-96.6451305924,38,,,,38,,open,false,,,Baltimore Oriole,Icterus galbula,Calandria de Baltimore,Aves,9346
161659156,060adabf-f955-4a95-a8d9-775ae57e7e67,2023/05/14 9:36 AM,2023-05-14,2023-05-14 13:36:00 UTC,Eastern Time (US & Canada),2230942,brianstahls,brian stahls,2023-05-14 19:01:42 UTC,2023-05-16 22:45:23 UTC,research,CC-BY-NC,https://www.inaturalist.org/observations/161659156,https://inaturalist-open-data.s3.amazonaws.com/photos/279441228/medium.jpg,,"",,2,0,false,,"Ashbridge's Bay Park, Toronto, ON, Canada",43.659047574,-79.3099634907,8,,,,8,,open,false,,,Baltimore Oriole,Icterus galbula,Calandria de Baltimore,Aves,9346
161678332,39cba909-a484-4910-a6a4-d2fbeac6327e,2023/05/14 9:36 AM,2023-05-14,2023-05-14 13:36:00 UTC,Eastern Time (US & Canada),801296,nwinograd,"",2023-05-14 20:35:03 UTC,2024-07-16 16:20:04 UTC,research,CC-BY-NC,https://www.inaturalist.org/observations/161678332,https://inaturalist-open-data.s3.amazonaws.com/photos/279476096/medium.jpg,,"",,1,0,false,,"Centre County, PA, USA",40.7808916667,-77.953005,,,,,,,open,false,,,Baltimore Oriole,Icterus galbula,Calandria de Baltimore,Aves,9346
161738375,d5c2e45e-420f-4325-ab9f-e88dbbf12651,2023-05-10 11:22:04-04:00,2023-05-10,2023-05-10 15:22:04 UTC,Eastern Time (US & Canada),2512496,josbees,,2023-05-15 02:48:41 UTC,2023-05-16 02:35:39 UTC,research,CC-BY-NC,https://www.inaturalist.org/observations/161738375,https://inaturalist-open-data.s3.amazonaws.com/photos/279589061/medium.jpg,,"","",1,0,false,3,"Service Rd W, Thorold, ON, CA",43.0833055,-79.2173166667,4,,,,4,,open,false,,,Oriole de Baltimore,Icterus galbula,Calandria de Baltimore,Aves,9346
161887166,9b7c8f4f-dcbe-41ad-8ccc-aa297127df9a,2023/05/12 11:27 AM,2023-05-12,2023-05-12 15:27:00 UTC,Eastern Time (US & Canada),2860446,er-birds,"",2023-05-15 23:07:10 UTC,2023-05-16 13:14:15 UTC,research,CC-BY,https://www.inaturalist.org/observations/161887166,https://inaturalist-open-data.s3.amazonaws.com/photos/279856933/medium.jpeg,,"",,1,0,false,,"Brooklyn, NY, USA",40.6621346524,-73.9715826889,50,,,,50,,open,false,,,Baltimore Oriole,Icterus galbula,Calandria de Baltimore,Aves,9346
161918315,ee200103-b2a9-41e5-bd0a-c167dccde5da,2023/05/13 10:40 AM,2023-05-13,2023-05-13 15:40:00 UTC,America/Winnipeg,2923858,k_a_m,Kristen M,2023-05-16 03:00:07 UTC,2024-08-07 17:57:07 UTC,research,CC-BY-NC,https://www.inaturalist.org/observations/161918315,https://inaturalist-open-data.s3.amazonaws.com/photos/279915787/medium.jpg,https://static.inaturalist.org/sounds/699248.mp3?1684205735,"",,1,0,false,,"Division No. 1, CA-MB, CA",50.360294225,-96.001830563,10,,,,26389,obscured,open,true,,,Baltimore Oriole,Icterus galbula,Calandria de Baltimore,Aves,9346
161979030,c2243beb-7090-4f0b-9667-f516636c2f05,2023-05-16 09:03:25,2023-05-16,2023-05-16 13:03:25 UTC,Eastern Time (US & Canada),515198,kgills,"",2023-05-16 14:49:24 UTC,2023-05-16 21:33:19 UTC,research,CC-BY-NC,https://www.inaturalist.org/observations/161979030,https://inaturalist-open-data.s3.amazonaws.com/photos/280030008/medium.jpeg,,"",,2,0,false,2,"College Park, MD, USA",38.9868084,-76.9229579997,,,,,,,open,false,gps,gps,Baltimore Oriole,Icterus galbula,Calandria de Baltimore,Aves,9346
162015181,89f52699-85be-45dd-83fc-814dcd5d5288,2023/05/11 5:36 PM,2023-05-11,2023-05-11 21:36:00 UTC,Eastern Time (US & Canada),5703429,william_deml,William J. Deml,2023-05-16 18:48:32 UTC,2026-01-17 17:54:32 UTC,research,CC-BY,https://www.inaturalist.org/observations/162015181,https://inaturalist-open-data.s3.amazonaws.com/photos/280088758/medium.jpg,,"","I was fairly amazed to see that Baltimore Orioles and Orchard Orioles seem to  tolerate each other without territorial squabbles - or at least I've not seen any evidence of disputes. 

This beautiful male Baltimore Oriole was happily singing in this tree that is on the site of the ruined foundations of a small barn about six meters above a tributary of Buffalo Creek. 

After I took the first of these photos I listened to Yellow Warblers, Common Yellowthroats, and American Redstarts singing, mostly just out of sight, for fifteen minutes, when I heard, saw, photographed, and recorded a male Orchard Oriole singing for a few minutes in this same tree! 

Just *five minutes* after the Orchard Oriole flew on, I took the second of these photos of the same (or another?) Baltimore Oriole back in the very same tree. They were just taking turns in this popular spot. Is that usual? Do these two species just get along really well? It's fantastic to see them both practically together in any case. 

Unfortunately, five days later, a male Baltimore Oriole was found dead on the road not far away. I can't quite imagine how that happens - a car killing a songbird on a fairly quiet rural road. Speeding? Sad. ",1,0,false,,"Washington County, PA, USA",40.1754414281,-80.3216419339,2,,,,2,,open,false,,,Baltimore Oriole,Icterus galbula,Calandria de Baltimore,Aves,9346
162232615,99846d15-b108-4b03-aca0-9c2ba44d0f26,2023/05/17 10:31 AM,2023-05-17,2023-05-17 15:31:00 UTC,America/Winnipeg,2103573,kkrockytop,Karl Kroeker,2023-05-18 01:42:29 UTC,2023-05-21 11:21:36 UTC,research,CC-BY-NC,https://www.inaturalist.org/observations/162232615,https://inaturalist-open-data.s3.amazonaws.com/photos/280498865/medium.jpg,,"",,1,0,false,,"Clanwilliam, MB R0J, Canada",50.5587330534,-99.8283660602,8,,,,8,,open,false,,,Baltimore Oriole,Icterus galbula,Calandria de Baltimore,Aves,9346
162233065,c84ef8d9-dbfb-403f-8b25-2803c9af51bc,2023/05/17 10:42 AM,2023-05-17,2023-05-17 15:42:00 UTC,America/Winnipeg,2103573,kkrockytop,Karl Kroeker,2023-05-18 01:46:02 UTC,2023-05-18 14:47:43 UTC,research,CC-BY-NC,https://www.inaturalist.org/observations/162233065,https://inaturalist-open-data.s3.amazonaws.com/photos/280499773/medium.jpg,,"",,2,0,false,,"Clanwilliam, MB R0J, Canada",50.5587278467,-99.8283767898,4,,,,4,,open,false,,,Baltimore Oriole,Icterus galbula,Calandria de Baltimore,Aves,9346
162260674,d2fec785-6d88-4df8-b4d3-a53ca1c338ce,2023/05/15 6:19 PM,2023-05-15,2023-05-15 23:19:00 UTC,Central Time (US & Canada),824054,eric-schmitty,Eric Schmidt,2023-05-18 07:22:03 UTC,2023-09-08 22:42:16 UTC,research,CC-BY,https://www.inaturalist.org/observations/162260674,https://inaturalist-open-data.s3.amazonaws.com/photos/280554040/medium.jpeg,,"","",3,0,false,,"Northpoint, Milwaukee, WI, USA",43.0654194,-87.8709693,,,,,,,open,false,,,Baltimore Oriole,Icterus galbula,Calandria de Baltimore,Aves,9346
162274955,2bf7a9bc-6ad7-45cf-bdb4-fbcf73548524,2023-05-17 09:07:00-04:00,2023-05-17,2023-05-17 13:07:00 UTC,Eastern Time (US & Canada),2103849,heatherkosinski,Heather Kosinski,2023-05-18 10:20:11 UTC,2023-05-21 11:20:10 UTC,research,,https://www.inaturalist.org/observations/162274955,https://static.inaturalist.org/photos/280579576/medium.jpg,,"","",1,0,false,3,"Pondview Dr, McKean, PA, US",42.0094138833,-80.160675,4,,,,4,,open,false,,,Baltimore Oriole,Icterus galbula,Calandria de Baltimore,Aves,9346
162401491,ffca0931-150b-4de9-aece-ba4521c3b415,2023/05/18 7:51 PM,2023-05-18,2023-05-18 23:51:00 UTC,Eastern Time (US & Canada),1492072,andrewmurray1,Andrew Murray,2023-05-19 00:51:23 UTC,2023-05-21 11:18:38 UTC,research,CC-BY,https://www.inaturalist.org/observations/162401491,https://inaturalist-open-data.s3.amazonaws.com/photos/280805021/medium.jpg,,"",,1,0,false,,"Talbot, London, ON N6P, Canada",42.929635,-81.31226,,,,,,,open,false,,,Baltimore Oriole,Icterus galbula,Calandria de Baltimore,Aves,9346
162580076,3926aa1b-a1b6-4fee-9b02-3aa494348ce6,2023-05-19 17:18:51-04:00,2023-05-19,2023-05-19 21:18:51 UTC,Eastern Time (US & Canada),196546,maureenkbogdanski,Maureen Kay Bogdanski,2023-05-20 00:58:27 UTC,2025-06-30 12:02:56 UTC,research,,https://www.inaturalist.org/observations/162580076,https://static.inaturalist.org/photos/281128692/medium.jpg,,"","",2,0,false,3,"N Irwin Rd, Holland, OH, US",41.6438,-83.7792883333,7,,,,7,,open,false,,,Baltimore Oriole,Icterus galbula,Calandria de Baltimore,Aves,9346
162633957,979d6a9d-5903-4f67-970b-f8dbb0503c4c,2023/05/14 2:29 PM,2023-05-14,2023-05-14 18:29:00 UTC,Eastern Time (US & Canada),164735,belyykit,"",2023-05-20 10:48:16 UTC,2023-05-23 01:10:32 UTC,research,CC-BY-NC,https://www.inaturalist.org/observations/162633957,https://inaturalist-open-data.s3.amazonaws.com/photos/281224918/medium.jpg,,"",,3,0,false,,"Aspen Hill, MD, USA",39.107986,-77.110329,,,,,,,open,false,,,Baltimore Oriole,Icterus galbula,Calandria de Baltimore,Aves,9346
162655850,01830dec-25f5-4434-8673-8c15197806fd,2023-05-20 09:26:50-04:00,2023-05-20,2023-05-20 13:26:50 UTC,America/Nipigon,4576849,cait_zee,,2023-05-20 13:29:45 UTC,2023-05-22 12:44:27 UTC,research,CC-BY-NC,https://www.inaturalist.org/observations/162655850,https://inaturalist-open-data.s3.amazonaws.com/photos/281263664/medium.jpg,,"","
",2,0,false,3,"Dowler St, Guelph/Eramosa, ON, CA",43.6200327864,-80.1432536182,1046,,,,1046,,open,false,,,Baltimore Oriole,Icterus galbula,Calandria de Baltimore,Aves,9346
163033152,b8b1fd5b-d4be-45cc-8a17-ab7b7be5e701,2023/05/19 9:41 AM,2023-05-19,2023-05-19 13:41:00 UTC,Eastern Time (US & Canada),866783,frannysopranny,"",2023-05-22 00:50:21 UTC,2023-05-22 02:07:18 UTC,research,CC-BY-NC,https://www.inaturalist.org/observations/163033152,https://inaturalist-open-data.s3.amazonaws.com/photos/281940764/medium.jpeg,,"",,2,0,false,,"133 Jenkins Rd, Andover, MA 01810, USA",42.6265955,-71.0788756,1873,,,,1873,,open,false,,,Baltimore Oriole,Icterus galbula,Calandria de Baltimore,Aves,9346
163050719,9db3619a-3f85-44f4-82e9-5e12a3afa645,2023/05/21 8:48 AM,2023-05-21,2023-05-21 15:48:00 UTC,Pacific Time (US & Canada),796339,ramonamom,Nancy Christensen,2023-05-22 02:52:15 UTC,2023-08-10 08:06:46 UTC,research,,https://www.inaturalist.org/observations/163050719,https://static.inaturalist.org/photos/281975265/medium.jpg,,"",,2,0,false,,"Carlsbad, CA, USA",33.135265,-117.300675,,,,,,,open,false,,,Calandria de Baltimore,Icterus galbula,Calandria de Baltimore,Aves,9346
163590934,d0974b79-19f2-4738-971e-434aa4fd1ecd,2023-05-24 20:42:47-04:00,2023-05-24,2023-05-25 00:42:47 UTC,America/Detroit,2645581,gfair,G Fairfield,2023-05-25 02:51:32 UTC,2023-05-25 04:21:23 UTC,research,CC-BY-NC,https://www.inaturalist.org/observations/163590934,https://inaturalist-open-data.s3.amazonaws.com/photos/282961631/medium.jpg,,"","",1,0,false,3,"Muskegon Lake, Muskegon, MI, US",43.2311378103,-86.329639589,56,,,,56,,open,false,,,Baltimore Oriole,Icterus galbula,Calandria de Baltimore,Aves,9346
163745396,534c2a79-d286-46eb-921f-31da0e75a690,2023/05/25 4:07 PM,2023-05-25,2023-05-25 20:07:00 UTC,Eastern Time (US & Canada),3311076,caterpillar511,Owen J.,2023-05-26 01:32:32 UTC,2023-06-18 02:23:36 UTC,research,CC-BY-NC,https://www.inaturalist.org/observations/163745396,https://inaturalist-open-data.s3.amazonaws.com/photos/283244849/medium.jpeg,,"",,7,0,false,,"Waterloo, ON, Canada",43.5171003384,-80.4968592888,,,,,,,open,false,,,Baltimore Oriole,Icterus galbula,Calandria de Baltimore,Aves,9346
163868751,bf5cf38f-003b-47d8-9527-b795a8729536,2023/05/26 9:11 AM,2023-05-26,2023-05-26 13:11:00 UTC,America/Nipigon,1211855,ikso_99,,2023-05-26 20:02:55 UTC,2023-06-02 21:11:13 UTC,research,CC-BY-NC,https://www.inaturalist.org/observations/163868751,https://inaturalist-open-data.s3.amazonaws.com/photos/283474322/medium.jpg,,"","",3,0,false,,"Essex County, ON, Canada",41.9275947778,-82.5081017199,5,,,,5,,open,false,,,Baltimore Oriole,Icterus galbula,Calandria de Baltimore,Aves,9346
164035077,297b7d4b-b5f9-4923-a9fc-997233b4c487,2023-05-27 06:59:53-04:00,2023-05-27,2023-05-27 10:59:53 UTC,Eastern Time (US & Canada),1977429,j123123,,2023-05-27 17:55:00 UTC,2023-06-09 18:57:54 UTC,research,CC-BY-NC,https://www.inaturalist.org/observations/164035077,https://inaturalist-open-data.s3.amazonaws.com/photos/283776435/medium.jpg,,"","",2,0,false,3,"Burnham, ME, US",44.6321078857,-69.3466609459,58,,,,58,,open,false,,,Baltimore Oriole,Icterus galbula,Calandria de Baltimore,Aves,9346
164369136,2210080f-9875-4947-be6f-3045c774ec22,2023-05-15 15:26:04-04:00,2023-05-15,2023-05-15 19:26:04 UTC,Eastern Time (US & Canada),3687496,griffyn_leyshon,Griffyn Leyshon,2023-05-29 05:54:53 UTC,2025-01-27 23:06:06 UTC,research,,https://www.inaturalist.org/observations/164369136,https://static.inaturalist.org/photos/466453628/medium.jpeg,,"","",3,0,false,3,"North-London, London, ON, CA",43.0170711596,-81.2542630745,76,,,,76,,open,false,,,Baltimore Oriole,Icterus galbula,Calandria de Baltimore,Aves,9346
164862376,09b880ad-606e-4ee6-accf-079bbd4db96f,2023/05/08 12:38 AM,2023-05-08,2023-05-08 04:38:00 UTC,Eastern Time (US & Canada),1599308,catherineshimmell,Catherine Shimmell,2023-05-31 20:00:23 UTC,2023-06-01 12:48:36 UTC,research,,https://www.inaturalist.org/observations/164862376,https://static.inaturalist.org/photos/285303478/medium.jpeg,,"",,2,0,false,,"Cootes Paradise B, Hamilton, ON, Canada",43.2709130038,-79.9009954931,31,,,,31,,open,false,,,Baltimore Oriole,Icterus galbula,Calandria de Baltimore,Aves,9346
164867626,e2987eb8-a922-48a4-8acf-7d18e9106379,2023/05/24 7:25 PM,2023-05-24,2023-05-25 01:25:00 UTC,America/Edmonton,2515988,johnkrampl,John Krampl,2023-05-31 20:33:36 UTC,2023-06-02 00:19:42 UTC,research,CC-BY,https://www.inaturalist.org/observations/164867626,https://inaturalist-open-data.s3.amazonaws.com/photos/285313403/medium.jpeg,,"",,1,0,false,,"Division No. 2, Alberta, Canada",49.7062555556,-112.8703138889,,,,,,,open,false,,,Baltimore Oriole,Icterus galbula,Calandria de Baltimore,Aves,9346
165044574,490be250-9ccb-43d5-bc30-8d3f3fa4acca,2023/05/28 5:26 PM,2023-05-28,2023-05-28 21:26:00 UTC,Eastern Time (US & Canada),5158703,sfreeman7,,2023-06-01 21:57:18 UTC,2023-06-02 11:59:52 UTC,research,CC-BY-NC,https://www.inaturalist.org/observations/165044574,https://inaturalist-open-data.s3.amazonaws.com/photos/285637643/medium.jpeg,,"","Male on right is Baltimore. 
Need help with the 2nd bird in this Obs. Sequentially, the 2nd photo happened first. The male is seen puffed up. Wondering if he is trying to show strength or is playing a mating game. Is the 2nd bird a female? I am thinking yes as if there was a struggle then the bird in question would not probably let the male get so close. The big question. There was a nest spotted in this area last week.",3,0,false,,"High Park-Swansea, Toronto, ON, Canada",43.6462928444,-79.45810318,244,,,,244,,open,false,,,Baltimore Oriole,Icterus galbula,Calandria de Baltimore,Aves,9346
165320022,abc9d211-bd95-47d8-a1ad-220835a0dbca,2023-06-03 11:26:15-04:00,2023-06-03,2023-06-03 15:26:15 UTC,Eastern Time (US & Canada),1068214,rkgraham,Ron Graham,2023-06-03 15:26:48 UTC,2023-07-06 17:27:49 UTC,research,,https://www.inaturalist.org/observations/165320022,https://static.inaturalist.org/photos/286159667/medium.jpg,,"","",1,0,false,3,"Jennings Environmental Education Center, Slippery Rock, PA, US",41.0126498789,-80.0064861081,197,,,,197,,open,false,,,Baltimore Oriole,Icterus galbula,Calandria de Baltimore,Aves,9346
165384528,948a09b6-9fa1-488d-8155-3017703b26d6,2023-06-03 11:46:49-04:00,2023-06-03,2023-06-03 15:46:49 UTC,Eastern Time (US & Canada),1368670,jinbai,Jin Bai,2023-06-03 21:17:13 UTC,2024-08-29 20:19:18 UTC,research,CC-BY-NC,https://www.inaturalist.org/observations/165384528,https://inaturalist-open-data.s3.amazonaws.com/photos/286276071/medium.jpg,,"","",1,0,false,3,"Alexandria, VA, US",38.7700812467,-77.0464339855,27,,,,27,,open,false,,,Baltimore Oriole,Icterus galbula,Calandria de Baltimore,Aves,9346
166633602,4d2fb4f4-298f-4756-aefc-307da61b7665,2023/06/10 9:44 AM,2023-06-10,2023-06-10 13:44:00 UTC,Eastern Time (US & Canada),3311076,caterpillar511,Owen J.,2023-06-10 17:57:27 UTC,2023-06-13 22:40:55 UTC,research,CC-BY-NC,https://www.inaturalist.org/observations/166633602,https://inaturalist-open-data.s3.amazonaws.com/photos/288564586/medium.jpeg,,"",Found his nest today!,8,0,false,,"Waterloo, ON, Canada",43.5173995948,-80.4974478545,,,,,,,open,false,,,Baltimore Oriole,Icterus galbula,Calandria de Baltimore,Aves,9346
167078018,18bfd409-d8e0-4c16-b1dc-9f6c1aaebfc1,2023/01/01 6:30 AM,2023-01-01,2023-01-01 12:30:00 UTC,America/Costa_Rica,1928743,liam_pentangelo,Liam Pentangelo,2023-06-12 20:27:09 UTC,2023-12-12 04:03:36 UTC,needs_id,CC-BY-NC,https://www.inaturalist.org/observations/167078018,https://inaturalist-open-data.s3.amazonaws.com/photos/289142467/medium.jpeg,,"",,0,0,false,,"Puntarenas Province, Costa Rica",9.6354308975,-84.6220555138,4,,,,4,,open,false,,,Baltimore Oriole,Icterus galbula,Calandria de Baltimore,Aves,9346
167115775,ebee0f5c-38ac-45e8-bd03-7dc2ceced7bb,2023/06/10 1:38 PM,2023-06-10,2023-06-10 17:38:00 UTC,Eastern Time (US & Canada),5158703,sfreeman7,,2023-06-13 00:46:58 UTC,2023-06-16 11:00:15 UTC,research,CC-BY-NC,https://www.inaturalist.org/observations/167115775,https://inaturalist-open-data.s3.amazonaws.com/photos/289459823/medium.jpeg,,"",,4,0,false,,"Edenbridge-Humber Valley, Toronto, ON, Canada",43.6691242602,-79.5120037291,182,,,,182,,open,false,,,Baltimore Oriole,Icterus galbula,Calandria de Baltimore,Aves,9346
167186096,14742148-81de-4661-bb15-1e77912ebb0c,2023-06-13 09:18:17-04:00,2023-06-13,2023-06-13 13:18:17 UTC,Eastern Time (US & Canada),2208754,hannahezwawi,Hannah Ezwawi,2023-06-13 13:27:39 UTC,2023-06-30 00:14:17 UTC,research,CC-BY-NC,https://www.inaturalist.org/observations/167186096,https://inaturalist-open-data.s3.amazonaws.com/photos/289593746/medium.jpg,,"","",2,0,false,3,"Peche Island, Windsor, ON, CA",42.3427716667,-82.9275366667,4,,,,4,,open,false,,,Baltimore Oriole,Icterus galbula,Calandria de Baltimore,Aves,9346
167406107,c63d822f-609e-4f05-ae17-60efcfe20341,2023-06-14 13:16:15,2023-06-14,2023-06-14 17:16:15 UTC,Eastern Time (US & Canada),1852836,natemarchessault,Nate Marchessault,2023-06-14 18:43:34 UTC,2023-06-14 18:44:48 UTC,research,CC-BY-NC,https://www.inaturalist.org/observations/167406107,https://inaturalist-open-data.s3.amazonaws.com/photos/289997440/medium.jpeg,,"","Fledgeling clinging on, which dropped right after this photo was taken (totally normal for most passerines). It was interesting that two males seemed to be tending to this nest.",1,0,false,2,"Teaticket, MA 02536, USA",41.6214972222,-70.5384222222,,,,,,,open,false,gps,gps,Baltimore Oriole,Icterus galbula,Calandria de Baltimore,Aves,9346
167452496,bfab8dd8-9f1d-41f6-bce6-f4aa4c95dc72,2023/05/20 5:54 PM,2023-05-20,2023-05-20 21:54:00 UTC,Eastern Time (US & Canada),1722997,kentross,Kent Ross,2023-06-15 00:10:45 UTC,2023-06-15 01:14:21 UTC,research,CC-BY-NC,https://www.inaturalist.org/observations/167452496,https://inaturalist-open-data.s3.amazonaws.com/photos/290081181/medium.jpg,,"","",2,0,false,,"South Riverdale, Toronto, ON, Canada",43.6554455657,-79.309351347,1,,,,1,,open,false,,,Baltimore Oriole,Icterus galbula,Calandria de Baltimore,Aves,9346
167957389,742fc513-0ef9-4565-9708-0e5aeddace80,2023-06-12 13:53:44-04:00,2023-06-12,2023-06-12 17:53:44 UTC,America/Kentucky/Louisville,5935960,emmakherald,,2023-06-17 20:46:54 UTC,2023-07-01 12:20:18 UTC,research,CC-BY-NC,https://www.inaturalist.org/observations/167957389,https://inaturalist-open-data.s3.amazonaws.com/photos/291014982/medium.jpg,,"",This fledgling was being tended to by an oriole with a dark head,1,0,false,3,"SR-135, Corydon, IN, US",38.2022552783,-86.1438077485,63,,,,63,,open,false,,,Baltimore Oriole,Icterus galbula,Calandria de Baltimore,Aves,9346
168150000,14b097e4-cbd2-4c99-98f0-448f8a4b1742,2023/06/01 5:17 PM,2023-06-01,2023-06-01 21:17:00 UTC,Eastern Time (US & Canada),6209175,aidanrf,Aidan Flinn,2023-06-18 19:14:04 UTC,2025-05-17 15:30:55 UTC,research,CC-BY-NC,https://www.inaturalist.org/observations/168150000,https://inaturalist-open-data.s3.amazonaws.com/photos/291370678/medium.jpeg,,"",,5,0,false,,"La Vale, MD 21502, USA",39.6807310618,-78.808783364,8,,,,8,,open,false,,,Baltimore Oriole,Icterus galbula,Calandria de Baltimore,Aves,9346
168301167,2b571169-3351-4c23-a995-017a4a048133,2023/06/19 8:58 AM,2023-06-19,2023-06-19 12:58:00 UTC,Eastern Time (US & Canada),4380326,swz_ottawa,Stewart Zeyl,2023-06-19 14:46:16 UTC,2023-06-19 14:47:10 UTC,research,CC-BY-NC,https://www.inaturalist.org/observations/168301167,https://inaturalist-open-data.s3.amazonaws.com/photos/291657919/medium.jpg,,"",,1,0,false,,"Greenbelt, Ottawa, ON, Canada",45.3096150633,-75.8464324604,61,,,,61,,open,false,,,Baltimore Oriole,Icterus galbula,Calandria de Baltimore,Aves,9346
168535833,347a61b6-edd6-4212-8041-f3c37c25ad80,2023-05-24 15:08:24-04:00,2023-05-24,2023-05-24 19:08:24 UTC,America/Detroit,7060071,rsowles,,2023-06-20 19:20:13 UTC,2024-02-02 13:00:09 UTC,research,CC-BY-NC,https://www.inaturalist.org/observations/168535833,https://inaturalist-open-data.s3.amazonaws.com/photos/292092901/medium.jpg,,"","",3,0,false,3,"Holland St, Lake Orion, MI, US",42.7471023764,-83.2397256771,4,,,,4,,open,false,,,Baltimore Oriole,Icterus galbula,Calandria de Baltimore,Aves,9346
168919480,034e987c-2a2f-4850-b66f-95cc3b4572f8,2023-06-12 14:58:44-04:00,2023-06-12,2023-06-12 18:58:44 UTC,Eastern Time (US & Canada),7055358,justcallmemacaw,Micah Maloney,2023-06-23 00:26:36 UTC,2023-07-09 03:54:05 UTC,research,,https://www.inaturalist.org/observations/168919480,https://static.inaturalist.org/photos/292803684/medium.jpg,,"","",1,0,false,3,"Horseshoe Cir, Ware, MA, US",42.26318,-72.30932,4,,,,4,,open,false,,,Baltimore Oriole,Icterus galbula,Calandria de Baltimore,Aves,9346
169324606,4a434621-1a0e-4217-be8e-06cb9d69fb9c,2023/06/24 7:17 PM,2023-06-24,2023-06-25 01:17:00 UTC,America/Edmonton,5775077,hikinggurl,Tara,2023-06-25 05:29:27 UTC,2023-07-23 02:47:12 UTC,research,CC-BY-NC,https://www.inaturalist.org/observations/169324606,https://inaturalist-open-data.s3.amazonaws.com/photos/293549063/medium.jpg,,"",,2,0,false,,"Sturgeon County, AB, Canada",53.7621886243,-113.5853965071,8,,,,8,,open,false,,,Baltimore Oriole,Icterus galbula,Calandria de Baltimore,Aves,9346
169841100,008e43f4-04ce-4c55-b55c-a9bdfb116711,2023/05/25 6:31 PM,2023-05-25,2023-05-25 22:31:00 UTC,America/Thunder_Bay,738147,dptate,Douglas Tate,2023-06-27 21:04:12 UTC,2023-06-28 13:51:49 UTC,research,CC-BY-NC,https://www.inaturalist.org/observations/169841100,https://inaturalist-open-data.s3.amazonaws.com/photos/294478637/medium.jpg,,"",,2,0,false,,"Thunder Bay District, ON, Canada",48.8157511508,-88.5511079032,20,,,,20,,open,false,,,Baltimore Oriole,Icterus galbula,Calandria de Baltimore,Aves,9346
170016280,f18fc512-0f68-4237-b391-fd8f3e2caac2,2023-06-28 14:30:00-04:00,2023-06-28,2023-06-28 18:30:00 UTC,Eastern Time (US & Canada),20697,rebelgirl73,"",2023-06-28 21:32:12 UTC,2023-07-24 17:17:27 UTC,research,CC-BY-NC-SA,https://www.inaturalist.org/observations/170016280,https://inaturalist-open-data.s3.amazonaws.com/photos/294818044/medium.jpg,,"","",3,0,false,3,"Hardscrabble Rd, Bristol, VT, US",44.157956973,-73.1015109955,23,,,,23,,open,false,,,Baltimore Oriole,Icterus galbula,Calandria de Baltimore,Aves,9346
171379294,f9539dc5-f6e0-4c08-aba1-2c1b2d9838c6,2023-06-21 08:00:00,2023-06-21,2023-06-21 12:00:00 UTC,Eastern Time (US & Canada),2363666,snakeeater,Oliver J,2023-07-06 13:55:20 UTC,2023-08-24 19:11:53 UTC,research,CC-BY-NC,https://www.inaturalist.org/observations/171379294,https://inaturalist-open-data.s3.amazonaws.com/photos/297381726/medium.jpeg,,"",All banding and marking is being conducted under a federally authorized Bird Banding Permit issued by the U.S. Geological Survey.,3,0,false,2,"Platea, PA, USA",41.9494286048,-80.3285708651,3389,,,,3389,,open,false,,,Baltimore Oriole,Icterus galbula,Calandria de Baltimore,Aves,9346
172209462,1b4cb846-68bf-4959-b412-ef1599b28c61,2023-07-10 15:24:21-04:00,2023-07-10,2023-07-10 19:24:21 UTC,Eastern Time (US & Canada),285290,octobertraveler,"",2023-07-10 19:28:03 UTC,2023-07-10 20:52:29 UTC,research,CC-BY-NC,https://www.inaturalist.org/observations/172209462,https://inaturalist-open-data.s3.amazonaws.com/photos/298919305/medium.jpg,,"","",1,0,false,3,"Canton St, Troy, PA, US",41.78365,-76.7904666667,4,,,,4,,open,false,,,Baltimore Oriole,Icterus galbula,Calandria de Baltimore,Aves,9346
172234719,4d81558f-0640-407a-b099-212a25c212b0,2023/06/04 6:23 AM,2023-06-04,2023-06-04 10:23:00 UTC,Eastern Time (US & Canada),6317237,kingmanranger,,2023-07-10 21:59:05 UTC,2023-07-11 01:11:42 UTC,research,,https://www.inaturalist.org/observations/172234719,https://static.inaturalist.org/photos/298966243/medium.jpg,,"",,1,0,false,,"575 Oklahoma Ave NE, Washington, DC 20019",38.8954241,-76.9680091,211,,,,211,,open,false,,,Baltimore Oriole,Icterus galbula,Calandria de Baltimore,Aves,9346
172711598,42ec0145-5aa9-4f82-a642-80e69d0e4c57,2023-07-13 13:40:56,2023-07-13,2023-07-13 17:40:56 UTC,Eastern Time (US & Canada),904944,alice91,Alice Nadin,2023-07-13 17:41:33 UTC,2023-07-13 18:37:57 UTC,research,,https://www.inaturalist.org/observations/172711598,https://static.inaturalist.org/photos/299852767/medium.jpeg,,"",,1,0,false,2,"McCandless, PA, USA",40.609695,-80.044769,,,,,,,open,false,gps,gps,Baltimore Oriole,Icterus galbula,Calandria de Baltimore,Aves,9346
172767904,74ea7671-9aa2-46e0-9e07-e81876c7dc6a,2023-05-14 17:24:25,2023-05-14,2023-05-14 21:24:25 UTC,Eastern Time (US & Canada),7063553,koffeek,KL,2023-07-14 00:13:27 UTC,2023-07-14 21:13:11 UTC,research,,https://www.inaturalist.org/observations/172767904,https://static.inaturalist.org/photos/299959809/medium.jpeg,,"",,3,0,false,2,Lackawanna State Park,41.5700490916,-75.7031698152,4317,,,,4317,,open,false,,,Baltimore Oriole,Icterus galbula,Calandria de Baltimore,Aves,9346
172851141,baae3639-3c90-46da-8c71-880123067d7c,2023-07-14 11:05:27,2023-07-14,2023-07-14 15:05:27 UTC,America/Nipigon,384271,mattrempel,Matt Rempel,2023-07-14 15:06:43 UTC,2023-07-17 01:49:32 UTC,research,CC-BY-NC-SA,https://www.inaturalist.org/observations/172851141,https://inaturalist-open-data.s3.amazonaws.com/photos/300115712/medium.jpeg,,"",,1,0,false,2,"Blyth, ON, Canada",43.7414064,-81.4259564997,,,,,,,open,false,,,Baltimore Oriole,Icterus galbula,Calandria de Baltimore,Aves,9346
172949981,3760599d-959a-49ad-b02e-af4b1b1e761e,2023/07/11 12:09 PM,2023-07-11,2023-07-11 17:09:00 UTC,Central Time (US & Canada),947826,ict_brick,Ryan Philbrick,2023-07-15 02:54:06 UTC,2023-07-21 18:02:40 UTC,research,CC-BY-NC,https://www.inaturalist.org/observations/172949981,https://inaturalist-open-data.s3.amazonaws.com/photos/300298663/medium.jpeg,,"","",2,0,false,,"Chisholm Creek, Wichita, KS, USA",37.7439578694,-97.274449578,15,,,,15,,open,false,,,Baltimore Oriole,Icterus galbula,Calandria de Baltimore,Aves,9346
176490577,b3162919-c7f6-445a-8771-e78b2bac3e89,2023/05/11 4:10 PM,2023-05-11,2023-05-11 20:10:00 UTC,Eastern Time (US & Canada),3610149,naturejeanne,Sandy Thomas,2023-08-03 20:11:21 UTC,2023-08-03 20:12:27 UTC,research,CC-BY-NC,https://www.inaturalist.org/observations/176490577,https://inaturalist-open-data.s3.amazonaws.com/photos/306839539/medium.jpeg,,"",,1,0,false,,"Green Lane Reservoir, Walt Road, Montgomery County, PA, USA",40.3794049162,-75.5003187619,15,,,,15,,open,false,,,Baltimore Oriole,Icterus galbula,Calandria de Baltimore,Aves,9346
176642823,af7efdbb-e0ce-4223-ad2b-5c4b1cb76add,2023-08-04 14:42:42-04:00,2023-08-04,2023-08-04 18:42:42 UTC,Eastern Time (US & Canada),285290,octobertraveler,"",2023-08-04 18:47:46 UTC,2023-08-04 20:24:30 UTC,research,CC-BY-NC,https://www.inaturalist.org/observations/176642823,https://inaturalist-open-data.s3.amazonaws.com/photos/307126669/medium.jpg,,"","",1,0,false,3,"Canton St, Troy, PA, US",41.783675,-76.7905583333,4,,,,4,,open,false,,,Baltimore Oriole,Icterus galbula,Calandria de Baltimore,Aves,9346
177927411,ed6f02c7-843f-48e5-b0aa-4ccfef780a7f,2023-08-11 20:10:28,2023-08-11,2023-08-12 02:10:28 UTC,Saskatchewan,6892556,jaxomt,"",2023-08-12 02:14:20 UTC,2025-04-11 14:43:00 UTC,research,CC-BY-NC,https://www.inaturalist.org/observations/177927411,https://inaturalist-open-data.s3.amazonaws.com/photos/309524637/medium.jpeg,,"",,1,0,false,2,"Loreburn No. 254, SK, Canada",51.098384,-106.5977919997,,,,,,,open,false,,,Baltimore Oriole,Icterus galbula,Calandria de Baltimore,Aves,9346
180810243,2cf0c8f5-4e6b-4187-b4c4-894185671dd9,2023/05/07 9:08 AM,2023-05-07,2023-05-07 13:08:00 UTC,Eastern Time (US & Canada),1237597,joesebastiani,Joe Sebastiani,2023-08-29 19:09:31 UTC,2023-08-30 19:22:18 UTC,research,CC-BY-NC,https://www.inaturalist.org/observations/180810243,https://inaturalist-open-data.s3.amazonaws.com/photos/315020973/medium.jpeg,,"","",2,0,false,,"Chester County, PA, USA",39.8744126474,-75.6870605946,383,,,,383,,open,false,,,Baltimore Oriole,Icterus galbula,Calandria de Baltimore,Aves,9346
181766248,f2564280-4313-46a2-845c-b81ada86aa82,2023-09-04 10:15:50-05:00,2023-09-04,2023-09-04 15:15:50 UTC,Central Time (US & Canada),5054627,ekalisek,,2023-09-04 17:10:01 UTC,2025-03-01 20:03:04 UTC,research,CC-BY-NC,https://www.inaturalist.org/observations/181766248,https://inaturalist-open-data.s3.amazonaws.com/photos/316791215/medium.jpg,,"","",2,0,false,3,"Sandy Creek Rd, Garwood, TX, US",29.4155083333,-96.575845,4,,,,4,,open,false,,,Baltimore Oriole,Icterus galbula,Calandria de Baltimore,Aves,9346
182892109,dd09f59a-7995-4c3e-bd19-b34fddf5308c,2023/09/11 1:45 PM,2023-09-11,2023-09-11 17:45:00 UTC,Eastern Time (US & Canada),2351110,bugsandbirds,Celeste,2023-09-12 01:39:26 UTC,2023-09-13 14:14:28 UTC,research,CC-BY-NC,https://www.inaturalist.org/observations/182892109,https://inaturalist-open-data.s3.amazonaws.com/photos/318972176/medium.jpg,,"",,2,0,false,,"Nether Providence Township, PA, USA",39.8715799131,-75.3685646164,94,,,,94,,open,false,,,Baltimore Oriole,Icterus galbula,Calandria de Baltimore,Aves,9346
183453964,e8d75253-6ef2-4aad-9894-20883431eb5e,2023/09/14 8:01 AM,2023-09-14,2023-09-14 12:01:00 UTC,Eastern Time (US & Canada),1069564,radrat,Dario Taraborelli,2023-09-16 03:21:41 UTC,2023-09-16 15:08:36 UTC,research,CC0,https://www.inaturalist.org/observations/183453964,https://inaturalist-open-data.s3.amazonaws.com/photos/320064857/medium.jpeg,,"",,1,0,false,,"Rock Creek Park, Washington, DC, USA",38.958183305,-77.050066569,122,,,,122,,open,false,,,Baltimore Oriole,Icterus galbula,Calandria de Baltimore,Aves,9346
183665849,bb15e194-82b6-423c-9dc2-3fddf0f103dd,2023-09-15 17:05:36,2023-09-15,2023-09-15 22:05:36 UTC,Central Time (US & Canada),4698835,jeanietx,jeanie,2023-09-17 14:05:20 UTC,2025-02-26 23:32:55 UTC,research,CC-BY-NC,https://www.inaturalist.org/observations/183665849,https://inaturalist-open-data.s3.amazonaws.com/photos/320468254/medium.jpeg,,"",Saw seven total,3,0,false,2,"Texas, US",26.2978356806,-98.2791367581,191,,,,29868,obscured,open,true,,,Baltimore Oriole,Icterus galbula,Calandria de Baltimore,Aves,9346
183673269,edc74f52-92f9-40ad-8e35-a73ebec61479,2023/09/05 8:09 AM,2023-09-05,2023-09-05 12:09:00 UTC,Eastern Time (US & Canada),1518293,theorickert,Theo Rickert,2023-09-17 14:56:12 UTC,2023-11-10 19:46:51 UTC,research,CC-BY,https://www.inaturalist.org/observations/183673269,https://inaturalist-open-data.s3.amazonaws.com/photos/320479495/medium.jpg,,"",,3,0,false,,"Indiana County, PA, USA",40.5809815686,-79.0357745499,100,,,,100,,open,false,,,Baltimore Oriole,Icterus galbula,Calandria de Baltimore,Aves,9346
184586958,95140b01-1dc0-477c-96da-6efc72b7677d,2023/09/23 10:36 AM,2023-09-23,2023-09-23 15:36:00 UTC,Central Time (US & Canada),9570,mduran,Mike Duran,2023-09-23 20:26:12 UTC,2023-09-26 02:39:18 UTC,research,,https://www.inaturalist.org/observations/184586958,https://static.inaturalist.org/photos/322228114/medium.jpg,,"",,1,0,false,,"Jasper County, TX, USA",31.0834459418,-94.0297,2,,,,2,,open,false,,,Baltimore Oriole,Icterus galbula,Calandria de Baltimore,Aves,9346
185223499,2e33f5b8-6878-4104-8090-e97fc3f8079f,2023/09/25 2:28 PM,2023-09-25,2023-09-25 20:28:00 UTC,Mexico City,54220,aplomadobirdy,Big Birdy,2023-09-28 01:26:30 UTC,2023-09-29 05:32:37 UTC,research,CC-BY-NC-ND,https://www.inaturalist.org/observations/185223499,https://static.inaturalist.org/photos/323442711/medium.jpg,,"",,2,0,false,,"Reserva Territorial, Col Santa Bárbara, Ver., México",19.505925137,-96.8811173058,265,,,,265,,open,false,,,Calandria de Baltimore,Icterus galbula,Calandria de Baltimore,Aves,9346
186553146,0831177e-0739-44d5-ae1c-bfa5801bf9a3,2023-10-07 07:58:04-04:00,2023-10-07,2023-10-07 11:58:04 UTC,Eastern Time (US & Canada),277896,noaboa,Noah Frade,2023-10-07 15:41:49 UTC,2024-06-20 03:05:20 UTC,research,CC-BY,https://www.inaturalist.org/observations/186553146,https://inaturalist-open-data.s3.amazonaws.com/photos/326043414/medium.jpg,,"","",1,0,false,3,"Miami, FL, US",25.8055472049,-80.4169971356,103,,,,103,,open,false,,,Baltimore Oriole,Icterus galbula,Calandria de Baltimore,Aves,9346
187037101,3e582eb8-8248-478f-bf11-c1a10ced6d90,2023-10-09 18:45:30,2023-10-09,2023-10-09 16:45:30 UTC,Paris,3574674,fabricesoulon,Fabrice Soulon,2023-10-10 20:24:33 UTC,2025-09-23 07:12:16 UTC,research,,https://www.inaturalist.org/observations/187037101,https://static.inaturalist.org/photos/327001213/medium.jpeg,,"",Oriol de Baltimore ,5,0,false,2,"29242 Ouessant, France",48.4633505778,-5.0830677152,9927,,,,9927,,open,false,,,Baltimore Oriole,Icterus galbula,Calandria de Baltimore,Aves,9346
187045438,b183a65d-c9b5-4863-901a-5ce58961162f,2023-10-09 17:50:05+02:00,2023-10-09,2023-10-09 15:50:05 UTC,Paris,2253084,jonas_kraft,Jonas Kraft,2023-10-10 21:32:50 UTC,2025-09-22 08:55:40 UTC,research,,https://www.inaturalist.org/observations/187045438,https://inaturalist-open-data.s3.amazonaws.com/photos/327017436/medium.jpg,,"","2. Record for France, very bad picture",3,0,false,3,"Ouessant-Molène, Ouessant, Bretagne, FR",48.4702645417,-5.0621951878,61,,,,61,,open,false,,,Baltimoretrupial,Icterus galbula,Calandria de Baltimore,Aves,9346
187065604,24055743-4b73-4bad-8264-659073efc7c5,2023/10/10 4:08 PM,2023-10-10,2023-10-10 22:08:00 UTC,Mexico City,54220,aplomadobirdy,Big Birdy,2023-10-11 00:44:27 UTC,2023-10-13 23:26:27 UTC,research,CC-BY-NC-ND,https://www.inaturalist.org/observations/187065604,https://static.inaturalist.org/photos/327059848/medium.jpeg,,"",,2,0,false,,"Reserva Territorial, Col Santa Bárbara, Ver., México",19.5065115806,-96.8799085758,267,,,,267,,open,false,,,Calandria de Baltimore,Icterus galbula,Calandria de Baltimore,Aves,9346
187202699,d36da8d1-eb6e-4977-a327-8c6bd2a1bb38,2023/10/11 12:05 PM,2023-10-11,2023-10-11 18:05:00 UTC,Mexico City,54220,aplomadobirdy,Big Birdy,2023-10-12 03:15:13 UTC,2023-10-13 05:39:29 UTC,research,CC-BY-NC-ND,https://www.inaturalist.org/observations/187202699,https://static.inaturalist.org/photos/327328008/medium.jpg,,"",,2,0,false,,"Reserva Territorial, Col Santa Bárbara, Ver., México",19.5065566208,-96.880719548,276,,,,276,,open,false,,,Calandria de Baltimore,Icterus galbula,Calandria de Baltimore,Aves,9346
187391637,06ed4a13-19ec-4427-bc67-0bd3720205c8,2023/10/13 8:55 AM,2023-10-13,2023-10-13 14:55:00 UTC,America/Costa_Rica,2213473,deanthompson,Dean Thompson,2023-10-13 18:09:44 UTC,2023-10-14 15:01:12 UTC,research,CC-BY-NC,https://www.inaturalist.org/observations/187391637,https://inaturalist-open-data.s3.amazonaws.com/photos/327696655/medium.jpg,,"",I'm not very confident about this ID.,1,0,false,,"Lagunas, Provincia de Puntarenas, Costa Rica",9.2947904194,-83.8734975962,14,,,,14,,open,false,,,Baltimore Oriole,Icterus galbula,Calandria de Baltimore,Aves,9346
187556567,e363f4b4-4306-48c1-a7e1-1f62d5527e6d,2023-10-13 10:50:43-06:00,2023-10-13,2023-10-13 16:50:43 UTC,America/Costa_Rica,17,tlim,"",2023-10-14 22:40:54 UTC,2023-10-17 14:39:03 UTC,research,,https://www.inaturalist.org/observations/187556567,https://static.inaturalist.org/photos/328023287/medium.jpg,,"","",1,0,false,3,"Vía 126, Alajuela, CR",10.2223735335,-84.1672893827,30,,,,30,,open,false,,,Baltimore Oriole,Icterus galbula,Calandria de Baltimore,Aves,9346
187608068,b5a37b6a-240e-47a2-baa9-33c2cebaa6bd,2023-10-09 17:48:29,2023-10-09,2023-10-09 15:48:29 UTC,Paris,4797571,michel_kilcher,"",2023-10-15 08:53:51 UTC,2025-09-22 08:55:38 UTC,research,CC-BY-NC,https://www.inaturalist.org/observations/187608068,https://inaturalist-open-data.s3.amazonaws.com/photos/328128158/medium.jpeg,,"",,3,0,false,2,"29242 Ouessant, Frankreich",48.4707695,-5.0625282,,,,,,,open,false,gps,gps,Baltimoretrupial,Icterus galbula,Calandria de Baltimore,Aves,9346
188042148,b1953a0f-c4d3-4f6f-b6e5-2bd3c3ce1d52,2013/05/11 9:18 AM,2013-05-11,2013-05-11 14:18:00 UTC,Central Time (US & Canada),7515686,ageeken,Ken Agee,2023-10-18 17:27:05 UTC,2024-09-11 22:31:37 UTC,research,CC-BY-NC,https://www.inaturalist.org/observations/188042148,https://inaturalist-open-data.s3.amazonaws.com/photos/328993092/medium.jpg,,"",,2,0,false,,"Grayson County, TX, USA",33.729146181,-96.7805051531,18,,,,18,,open,false,,,Baltimore Oriole,Icterus galbula,Calandria de Baltimore,Aves,9346
188220427,9bc0061b-656d-4231-975d-23c149e68bc3,2023/10/19 7:17 AM,2023-10-19,2023-10-19 13:17:00 UTC,Mexico City,54220,aplomadobirdy,Big Birdy,2023-10-20 03:14:03 UTC,2023-10-21 17:14:34 UTC,research,CC-BY-NC-ND,https://www.inaturalist.org/observations/188220427,https://static.inaturalist.org/photos/329359484/medium.jpg,,"",,2,0,false,,"Reserva Territorial, Col Santa Bárbara, Ver., México",19.5061050905,-96.8796114532,488,,,,488,,open,false,,,Calandria de Baltimore,Icterus galbula,Calandria de Baltimore,Aves,9346
188762059,b739187a-27ed-4e32-9638-1af50bb434b0,2023/10/09 17:41,2023-10-09,2023-10-09 15:41:00 UTC,Paris,2441285,pongo10,pygmaeus,2023-10-24 09:02:16 UTC,2025-09-22 08:55:35 UTC,research,CC-BY-NC,https://www.inaturalist.org/observations/188762059,https://inaturalist-open-data.s3.amazonaws.com/photos/330476666/medium.jpeg,,"",,4,0,false,,"Ouessant, France",48.4700661212,-5.0619900227,8,,,,8,,open,false,,,Oriole de Baltimore,Icterus galbula,Calandria de Baltimore,Aves,9346
188955941,5182218c-ae8b-4282-a6fe-3483f5de4f15,2023/10/25 10:03 AM,2023-10-25,2023-10-25 16:03:00 UTC,Mexico City,54220,aplomadobirdy,Big Birdy,2023-10-26 00:18:31 UTC,2023-10-28 01:47:52 UTC,research,CC-BY-NC-ND,https://www.inaturalist.org/observations/188955941,https://static.inaturalist.org/photos/330868383/medium.jpg,,"",,3,0,false,,"Reserva Territorial, Col Santa Bárbara, Ver., México",19.5061312127,-96.8814399547,786,,,,786,,open,false,,,Calandria de Baltimore,Icterus galbula,Calandria de Baltimore,Aves,9346
189176873,ea43e248-e687-464d-bd84-60ac5cee4206,2023/10/10 12:00 PM,2023-10-10,2023-10-10 18:00:00 UTC,America/Costa_Rica,159364,milliebasden,Millie Basden,2023-10-28 01:00:10 UTC,2023-10-28 13:15:30 UTC,research,CC-BY,https://www.inaturalist.org/observations/189176873,https://inaturalist-open-data.s3.amazonaws.com/photos/331316416/medium.jpeg,,"",bird on right,1,0,false,,"Cinchona, Provincia de Alajuela, Alajuela, Costa Rica",10.2223816667,-84.16745,,,,,,,open,false,,,Baltimore Oriole,Icterus galbula,Calandria de Baltimore,Aves,9346
189489234,2631b8ac-d533-4a2f-9b25-6a9571d25947,2015/05/05 12:23 PM,2015-05-05,2015-05-05 16:23:00 UTC,America/Nipigon,6272252,danno59,Daniel LaFrance,2023-10-30 17:54:27 UTC,2023-10-31 01:57:53 UTC,research,CC-BY-NC,https://www.inaturalist.org/observations/189489234,https://inaturalist-open-data.s3.amazonaws.com/photos/331962307/medium.jpeg,,"Baltimore Oriole, Male, Swamp College Road",,3,0,false,,"Prince Edward, ON, Canada",43.9760796102,-77.359736107,15,,,,15,,open,false,,,Baltimore Oriole,Icterus galbula,Calandria de Baltimore,Aves,9346
189867105,a10afd20-e410-411f-8420-1e5116c7c14b,2023/11/02 9:28 AM,2023-11-02,2023-11-02 16:28:00 UTC,Pacific Time (US & Canada),5746779,vanpiersz,Van Pierszalowski,2023-11-03 16:53:53 UTC,2023-11-04 00:35:34 UTC,research,,https://www.inaturalist.org/observations/189867105,https://static.inaturalist.org/photos/332710357/medium.jpg,,"",,2,0,false,,"San Diego County, CA, USA",32.9982271355,-117.2373313875,217,,,,217,,open,false,,,Baltimore Oriole,Icterus galbula,Calandria de Baltimore,Aves,9346
189923552,33313ae9-68c5-4046-939e-d651cc95ae4c,2023/11/02 5:00 PM,2023-11-02,2023-11-03 00:00:00 UTC,Pacific Time (US & Canada),5716033,davisprovan,Davis Provan,2023-11-04 04:47:27 UTC,2023-11-05 05:00:46 UTC,research,CC-BY-NC,https://www.inaturalist.org/observations/189923552,https://inaturalist-open-data.s3.amazonaws.com/photos/332821951/medium.jpeg,,"",,2,0,false,,"San Diego County, CA, USA",32.998220994,-117.2378719082,4,,,,4,,open,false,,,Baltimore Oriole,Icterus galbula,Calandria de Baltimore,Aves,9346
190867352,349f5ae0-698f-4979-a352-2a04dcf82952,2023/11/03 9:40 AM,2023-11-03,2023-11-03 16:40:00 UTC,Pacific Time (US & Canada),796339,ramonamom,Nancy Christensen,2023-11-13 02:59:26 UTC,2023-11-26 13:08:20 UTC,research,,https://www.inaturalist.org/observations/190867352,https://static.inaturalist.org/photos/334696202/medium.jpg,,"",,3,0,false,,"San Diego County, CA, USA",32.9976337866,-117.2365785383,8,,,,8,,open,false,,,Baltimore Oriole,Icterus galbula,Calandria de Baltimore,Aves,9346
191022957,62ae0832-62af-4b40-b1bc-cb6fb284cda3,2023-11-14 10:10:00-06:00,2023-11-14,2023-11-14 16:10:00 UTC,Mexico City,1527666,laurabonillaruiz,Laura bonilla ruiz,2023-11-14 19:10:53 UTC,2023-11-15 00:44:51 UTC,research,,https://www.inaturalist.org/observations/191022957,https://static.inaturalist.org/photos/335005407/medium.jpg,,"","",2,0,false,3,"Alameda Francisco Gabilondo Soler Cri Cri, Orizaba, Ver., MX",18.8471366667,-97.1103221667,4,,,,4,,open,false,,,Calandria de Baltimore,Icterus galbula,Calandria de Baltimore,Aves,9346
191844658,d7006d15-e547-49f0-819b-6881d844bfe2,2023/11/20 10:34 AM,2023-11-20,2023-11-20 16:34:00 UTC,Mexico City,1494493,alvarosj,Álvaro San José Elizundia,2023-11-23 13:51:53 UTC,2023-12-18 05:24:46 UTC,research,CC-BY-NC,https://www.inaturalist.org/observations/191844658,https://inaturalist-open-data.s3.amazonaws.com/photos/336652605/medium.jpeg,,"",,2,0,false,,"Ocosingo Municipality, Chis., Mexico",17.1134027778,-91.6251444444,10,,,,10,,open,false,,,Baltimore Oriole,Icterus galbula,Calandria de Baltimore,Aves,9346
192571518,0e705f5b-6985-4039-909f-ca0ad6290333,2023/05/24 7:02 AM,2023-05-24,2023-05-24 11:02:00 UTC,Eastern Time (US & Canada),5797304,snovaeve,,2023-11-29 19:08:15 UTC,2023-11-29 19:50:43 UTC,research,CC-BY-NC,https://www.inaturalist.org/observations/192571518,https://inaturalist-open-data.s3.amazonaws.com/photos/338085599/medium.jpeg,,"",,1,0,false,,"Allegheny County, PA, USA",40.6190359878,-80.025098603,73,,,,73,,open,false,,,Baltimore Oriole,Icterus galbula,Calandria de Baltimore,Aves,9346
192572548,b3cb8bf6-4d88-4985-8c1a-7641ace1ff64,2023/05/05 10:12 AM,2023-05-05,2023-05-05 14:12:00 UTC,Eastern Time (US & Canada),5797304,snovaeve,,2023-11-29 19:20:27 UTC,2023-11-29 19:48:18 UTC,research,CC-BY-NC,https://www.inaturalist.org/observations/192572548,https://inaturalist-open-data.s3.amazonaws.com/photos/338087321/medium.jpeg,,"",,1,0,false,,"Hampton Township, PA, USA",40.5883142394,-79.9854556393,433,,,,433,,open,false,,,Baltimore Oriole,Icterus galbula,Calandria de Baltimore,Aves,9346
192675825,46193691-4769-4dc0-ae54-7c53cedb5a12,2023-11-30 13:09:00,2023-11-30,2023-11-30 19:09:00 UTC,Mexico City,2621643,sergiobeaurregard,sergio Beaurregard,2023-11-30 23:04:16 UTC,2023-12-04 21:38:16 UTC,research,,https://www.inaturalist.org/observations/192675825,https://static.inaturalist.org/photos/338294906/medium.jpeg,,"",,3,0,false,2,"QC7C+XC, El Divino Misterio, 86707 Macuspana, Tab., México",17.76468121,-92.5799420848,8,,,,8,,open,false,gps,gps,Baltimore Oriole,Icterus galbula,Calandria de Baltimore,Aves,9346
192981366,f6fc758b-9919-4337-be77-857d4cba6293,2023-12-01 15:44:00-08:00,2023-12-01,2023-12-01 23:44:00 UTC,Pacific Time (US & Canada),108714,mspiegelberg,Mspiegelberg,2023-12-03 23:47:02 UTC,2023-12-05 03:24:20 UTC,research,CC-BY-NC,https://www.inaturalist.org/observations/192981366,https://inaturalist-open-data.s3.amazonaws.com/photos/338904175/medium.jpg,,"","",2,0,false,3,"Finsen Ave, San Diego, CA, US",32.8575373041,-117.194463242,68,,,,68,,open,false,,,Baltimore Oriole,Icterus galbula,Calandria de Baltimore,Aves,9346
193289562,3bfc9bac-0b08-4e0c-8767-22725adf0ab0,2017-05-21 14:54,2017-05-21,2017-05-21 18:54:00 UTC,America/Detroit,1065381,rawcomposition,Adam Jackson,2023-12-07 11:44:07 UTC,2024-02-01 17:12:03 UTC,research,CC0,https://www.inaturalist.org/observations/193289562,https://inaturalist-open-data.s3.amazonaws.com/photos/339534144/medium.jpg,,"ML69517051, class-bulkobservationfile-user_id-1065381-filename-import-csv-project_id-2023-12-07 03:43:52 -0800.csv",https://ebird.org/checklist/S39315182,2,0,false,,"Berrien, Michigan, United States",41.94645,-86.33892,,,,,,,open,false,,,Baltimore Oriole,Icterus galbula,Calandria de Baltimore,Aves,9346
193416386,4fa0777e-857b-4885-b9c7-39330b38a74a,2016-07-01 10:07,2016-07-01,2016-07-01 14:07:00 UTC,America/Detroit,4373267,thepicturetaker,,2023-12-08 20:42:20 UTC,2024-02-01 17:12:54 UTC,research,,https://www.inaturalist.org/observations/193416386,https://static.inaturalist.org/photos/339767742/medium.jpg,,ML69525181,https://ebird.org/checklist/S30481792,4,0,false,837,"Berrien County, US-MI, US",42.1512189,-86.3835025,,,,,,,open,false,,,Baltimore Oriole,Icterus galbula,Calandria de Baltimore,Aves,9346
193733739,d40d046e-f596-4bf1-9f07-f9f4ea17af56,2023/12/10 3:38 PM,2023-12-10,2023-12-10 21:38:00 UTC,Mexico City,766685,tejonvini,Tejón Vini,2023-12-11 20:17:40 UTC,2023-12-13 21:48:10 UTC,research,CC-BY-NC,https://www.inaturalist.org/observations/193733739,https://inaturalist-open-data.s3.amazonaws.com/photos/340355599/medium.jpeg,,"","",1,0,false,,"Fortin Viejo, Fortín de las Flores, Ver., México",18.8974274411,-97.00611195,88,,,,88,,open,false,,,Calandria de Baltimore,Icterus galbula,Calandria de Baltimore,Aves,9346
194150193,edc917d5-7fa8-4a49-8961-15d4a974a1c7,2023/12/16 8:00 AM,2023-12-16,2023-12-16 16:00:00 UTC,Pacific Time (US & Canada),6550434,sdbirder,Trent R. Stanley,2023-12-17 00:20:32 UTC,2023-12-18 06:31:36 UTC,research,CC-BY-NC,https://www.inaturalist.org/observations/194150193,https://inaturalist-open-data.s3.amazonaws.com/photos/341192945/medium.jpg,,"","Found during the Christmas Bird Count. Striking orange color, making a harsh chatter call very similar to a Bullock's oriole.",2,0,false,,"Balboa Park, San Diego, CA, USA",32.7378833333,-117.1496533333,,,,,,,open,false,,,Baltimore Oriole,Icterus galbula,Calandria de Baltimore,Aves,9346
194358864,f8e124ab-3c59-4e01-a1f2-a3bd56e82130,2023/10/30 8:30 AM,2023-10-30,2023-10-30 14:30:00 UTC,America/Costa_Rica,1513074,richardlitt,Richard Littauer,2023-12-19 15:10:17 UTC,2025-12-20 09:48:50 UTC,research,CC0,https://www.inaturalist.org/observations/194358864,https://inaturalist-open-data.s3.amazonaws.com/photos/341621693/medium.jpg,,"",,1,0,false,,"6RCM+V3V, Alajuela Province, Alajuela, Costa Rica",10.2222375,-84.1673281,206,,,,206,,open,false,,,Baltimore Oriole,Icterus galbula,Calandria de Baltimore,Aves,9346
194907702,ecb3d16a-0d9d-46b0-81ef-4147d64df4b4,2023-12-26 12:20:04-06:00,2023-12-26,2023-12-26 18:20:04 UTC,Central Time (US & Canada),841486,mdg01,,2023-12-26 18:20:54 UTC,2023-12-27 03:12:54 UTC,needs_id,,https://www.inaturalist.org/observations/194907702,https://static.inaturalist.org/photos/342740892/medium.jpg,,"","",0,0,false,3,"McKinney Falls State Park, Austin, TX, US",30.1811572634,-97.7297931285,8,,,,8,,open,false,,,"",Icterus galbula,Calandria de Baltimore,Aves,9346
195029293,35a0dfd9-ee85-4997-a820-3965ab0a30c5,2023-12-23 09:34:29,2023-12-23,2023-12-23 13:34:29 UTC,America/Glace_Bay,7695546,cjeasterly,,2023-12-28 00:57:48 UTC,2024-01-13 07:40:45 UTC,research,CC-BY-NC,https://www.inaturalist.org/observations/195029293,https://inaturalist-open-data.s3.amazonaws.com/photos/342992573/medium.jpeg,,"",Mystery bird!,3,0,false,2,"Antigonish, NS, Canada",45.615152551,-61.9959052652,11484,,,,11484,,open,false,gps,gps,Baltimore Oriole,Icterus galbula,Calandria de Baltimore,Aves,9346
195198330,1a9d24bb-ce29-4acc-bdc0-d8e797caa9d3,2023-12-29 11:20:18,2023-12-29,2023-12-29 17:20:18 UTC,Mexico City,1400174,dylancastroc,Dylan Castro,2023-12-29 20:17:59 UTC,2023-12-29 22:32:11 UTC,research,,https://www.inaturalist.org/observations/195198330,https://static.inaturalist.org/photos/343333284/medium.jpeg,,"",,2,0,false,2,"Rafael Lucio, 91110 Xalapa-Enríquez, Ver., México",19.5670788,-96.9241832997,,,,,,,open,false,gps,gps,Calandria de Baltimore,Icterus galbula,Calandria de Baltimore,Aves,9346
195203132,a128023d-60b4-4af7-bd17-da2bab7a12a3,2023-12-29 14:52:18,2023-12-29,2023-12-29 20:52:18 UTC,Mexico City,7047618,elpelusin156,Axel Ariel López Morales,2023-12-29 21:14:29 UTC,2024-01-12 00:56:22 UTC,research,CC-BY-NC,https://www.inaturalist.org/observations/195203132,https://inaturalist-open-data.s3.amazonaws.com/photos/343343724/medium.jpeg,,"",,1,0,false,2,"Calle 45 entre Av 17 y 19, Obrera Lazaro Cardenas, 94680 Córdoba, Ver., México",18.8729027778,-96.9264722222,,,,,,,open,false,gps,gps,Calandria de Baltimore,Icterus galbula,Calandria de Baltimore,Aves,9346
195328386,2c7cc646-6b3f-45cf-9397-e247910c42a8,2023/12/30 1:56 PM,2023-12-30,2023-12-30 19:56:00 UTC,Mexico City,4660125,isacrz,Isaías Caamaño Rodríguez,2023-12-31 02:14:39 UTC,2024-01-01 04:39:57 UTC,research,CC-BY-NC,https://www.inaturalist.org/observations/195328386,https://inaturalist-open-data.s3.amazonaws.com/photos/343596221/medium.png,,"",,2,0,false,,"Sipeh Animas, Xalapa-Enríquez, Ver., México",19.5268566433,-96.8927212909,2,,,,2,,open,false,,,Calandria de Baltimore,Icterus galbula,Calandria de Baltimore,Aves,9346
195379283,143b0a37-de4c-4989-938c-2998268f5e84,2023-12-31 10:32:28,2023-12-31,2023-12-31 16:32:28 UTC,Mexico City,3807795,biofgarcia,Francisco Garcia,2023-12-31 16:34:52 UTC,2024-01-01 04:18:53 UTC,research,CC-BY-NC,https://www.inaturalist.org/observations/195379283,https://inaturalist-open-data.s3.amazonaws.com/photos/343704270/medium.jpeg,,"","Se introdujo a mi casa, tomé foto y fue liberado. ",1,0,false,2,"Xalapa, MX-VE, MX",19.5081415102,-96.908659637,17,,,,17,,open,false,gps,gps,Calandria de Baltimore,Icterus galbula,Calandria de Baltimore,Aves,9346
195834825,90d47c7d-4c22-4a74-af27-1ecfad6e24fd,2024/01/02 1:33 PM,2024-01-02,2024-01-02 21:33:00 UTC,Pacific Time (US & Canada),2444377,paprikabrown,Margaret Brown,2024-01-05 13:21:01 UTC,2024-01-06 00:58:35 UTC,research,,https://www.inaturalist.org/observations/195834825,https://static.inaturalist.org/photos/344627358/medium.jpeg,,"",Identified by another with better photos as an immature Baltimore Oriole,1,0,false,,"La Mesa, CA, USA",32.7875444019,-116.9854952311,15,,,,15,,open,false,,,Baltimore Oriole,Icterus galbula,Calandria de Baltimore,Aves,9346
195866025,67c979c7-b4c6-47a8-84b0-a48b2f71dce0,2024/01/05 2:06 PM,2024-01-05,2024-01-05 20:06:00 UTC,America/Costa_Rica,2421012,msilver2,,2024-01-05 21:08:12 UTC,2024-01-18 15:58:46 UTC,research,,https://www.inaturalist.org/observations/195866025,https://static.inaturalist.org/photos/344689983/medium.jpg,,"",,2,0,false,,"Santa Elena, 25 metros antes de llegar a la bomba, Provincia de Puntarenas, Monteverde, 60109, Costa Rica",10.3117662,-84.813865,209,,,,209,,open,false,,,Baltimore Oriole,Icterus galbula,Calandria de Baltimore,Aves,9346
196180554,f9d21973-bf66-4c5a-8346-376accd44b30,2024-01-07 08:22:00-06:00,2024-01-07,2024-01-07 14:22:00 UTC,America/Costa_Rica,644109,ngiladmuth,"",2024-01-09 05:02:56 UTC,2025-04-05 02:58:21 UTC,research,,https://www.inaturalist.org/observations/196180554,https://static.inaturalist.org/photos/345321504/medium.jpg,,"","",1,0,false,3,"Arenal Volcano National Park, San Carlos, Alajuela, CR",10.4368085095,-84.7081132047,33,,,,33,,open,false,,,Baltimore Oriole,Icterus galbula,Calandria de Baltimore,Aves,9346
196181025,40da010c-e85d-423c-8d60-1db8e9b25448,2024-01-08 17:40:12-04:00,2024-01-08,2024-01-08 21:40:12 UTC,America/Costa_Rica,644109,ngiladmuth,"",2024-01-09 05:10:07 UTC,2024-01-14 05:45:13 UTC,needs_id,,https://www.inaturalist.org/observations/196181025,https://static.inaturalist.org/photos/345322208/medium.jpg,,"","",0,0,false,3,"Arenal Volcano National Park, San Carlos, Alajuela, CR",10.438578463,-84.7103127987,51,,,,51,,open,false,,,"",Icterus galbula,Calandria de Baltimore,Aves,9346
196597166,8c3d2168-3242-4734-b9bc-e67982080a4b,2022/05/17 8:00 AM,2022-05-17,2022-05-17 12:00:00 UTC,Eastern Time (US & Canada),4160391,splnddfairywren,Fen Levy-O'Malley,2024-01-14 00:00:02 UTC,2024-01-14 14:46:11 UTC,research,CC-BY-NC,https://www.inaturalist.org/observations/196597166,https://inaturalist-open-data.s3.amazonaws.com/photos/346059388/medium.jpg,,"",,1,0,false,,"Dresden, ME 04342, USA",44.0568357113,-69.7752531809,15,,,,15,,open,false,,,Baltimore Oriole,Icterus galbula,Calandria de Baltimore,Aves,9346
196725516,0117e27f-6922-4362-b9fc-49e18ba18931,2018/05/07 3:00 PM,2018-05-07,2018-05-07 19:00:00 UTC,Eastern Time (US & Canada),1195388,coreyhusic,Corey Husic,2024-01-15 03:07:36 UTC,2025-01-11 00:18:54 UTC,research,CC-BY-NC,https://www.inaturalist.org/observations/196725516,https://inaturalist-open-data.s3.amazonaws.com/photos/346297540/medium.jpeg,,trailcam,"",1,0,false,,"Pennsylvania, US",40.9399022756,-75.4421201509,7,,,,27877,obscured,open,true,,,Baltimore Oriole,Icterus galbula,Calandria de Baltimore,Aves,9346
196953349,f7c55792-a082-4e2a-8b21-209e8a2b9bde,2024-01-17 18:38:36-06:00,2024-01-17,2024-01-18 00:38:36 UTC,America/Costa_Rica,7732634,ivanjesusus,Energias AlternativasCR,2024-01-18 00:38:47 UTC,2024-01-19 17:48:39 UTC,research,,https://www.inaturalist.org/observations/196953349,https://static.inaturalist.org/photos/346760608/medium.jpg,,"","Cureñita, Turismo rural Costa Rica.
Guia: Ivan Navarro 
Whatsup: +50670639752
energiasalternativascr@gmail.com
https://www.facebook.com/61555339576578/posts/122109992420177985/?substory_index=1428960524322064&mibextid=rS40aB7S9Ucbxw6v",3,1,false,3,"Calle Boca Cureña, Heredia, CR",10.7582734795,-84.0756322203,4,,,,4,,open,false,,,Calandria de Baltimore,Icterus galbula,Calandria de Baltimore,Aves,9346
197078093,2d235843-72e3-4f34-966a-24cc34091734,2024-01-19 13:44:39-05:00,2024-01-19,2024-01-19 18:44:39 UTC,Eastern Time (US & Canada),7735739,sabrinadstephens,,2024-01-19 18:46:01 UTC,2024-01-24 00:00:44 UTC,research,CC-BY-NC,https://www.inaturalist.org/observations/197078093,https://inaturalist-open-data.s3.amazonaws.com/photos/347016641/medium.jpg,,"","",2,0,false,3,"Victoria Ave, North Charleston, SC, US",32.89098,-79.986245,4,,,,4,,open,false,,,Baltimore Oriole,Icterus galbula,Calandria de Baltimore,Aves,9346
197185716,ae3e8798-0a35-455c-923d-1bddb61edd1d,2024/01/20 2:49 PM,2024-01-20,2024-01-20 19:49:00 UTC,Eastern Time (US & Canada),259163,elharo,Elliotte Rusty Harold,2024-01-21 01:06:10 UTC,2026-02-05 01:32:33 UTC,research,CC-BY-NC,https://www.inaturalist.org/observations/197185716,https://static.inaturalist.org/photos/347230287/medium.jpg,,"",,1,0,false,,"Greenwood Heights, Brooklyn, NY, USA",40.6527032695,-73.9937198127,720,,,,720,,open,false,,,Baltimore Oriole,Icterus galbula,Calandria de Baltimore,Aves,9346
197444433,7d7ff4fb-e25b-4d32-b517-55d683ae7014,2024/01/23 11:32 AM,2024-01-23,2024-01-23 19:32:00 UTC,Pacific Time (US & Canada),5716033,davisprovan,Davis Provan,2024-01-24 06:40:57 UTC,2024-01-25 05:57:32 UTC,research,CC-BY-NC,https://www.inaturalist.org/observations/197444433,https://inaturalist-open-data.s3.amazonaws.com/photos/347755502/medium.jpeg,,"",,1,0,false,,"La Mesa, CA, USA",32.7873240433,-116.9858210321,16,,,,16,,open,false,,,Baltimore Oriole,Icterus galbula,Calandria de Baltimore,Aves,9346
197650076,5c9752db-3909-4012-87c3-6752ce59e64d,2024-01-26 14:16:51,2024-01-26,2024-01-26 19:16:51 UTC,Eastern Time (US & Canada),309089,marykeim,Mary Keim,2024-01-27 00:30:04 UTC,2024-07-23 18:21:15 UTC,research,CC-BY-NC,https://www.inaturalist.org/observations/197650076,https://inaturalist-open-data.s3.amazonaws.com/photos/348169328/medium.jpg,,"taxonomy:binomial=Icterus galbula, Central Florida, Mary Keim, cwh, Baltimore Oriole (Icterus galbula)","Orange County, FL, January 2024. Backyard.",3,0,false,,"Edgewood, Florida, United States",28.494844,-81.367321,,,,,,,open,false,,"",Baltimore Oriole,Icterus galbula,Calandria de Baltimore,Aves,9346
197731755,48692ed2-bdbe-4585-bee5-d835d582f7bb,2024/01/21 22:58,2024-01-21,2024-01-22 04:58:00 UTC,America/Costa_Rica,3085936,jvacl,Jana Václavíková,2024-01-27 22:00:58 UTC,2024-01-27 22:28:07 UTC,research,CC-BY-NC,https://www.inaturalist.org/observations/197731755,https://inaturalist-open-data.s3.amazonaws.com/photos/348331296/medium.png,,"",,1,0,false,,"7km north of, Provincia de Alajuela, Boca Tapada, 21006, Kostarika",10.6866202,-84.1805203,236,,,,236,,open,false,,,trupiál baltimorský,Icterus galbula,Calandria de Baltimore,Aves,9346
197755055,017ce0c6-74a8-41b4-bae0-c0b5a81da450,2024/01/26 7:04 AM,2024-01-26,2024-01-26 15:04:00 UTC,Pacific Time (US & Canada),796339,ramonamom,Nancy Christensen,2024-01-28 02:48:03 UTC,2024-11-05 17:10:16 UTC,research,,https://www.inaturalist.org/observations/197755055,https://static.inaturalist.org/photos/348378560/medium.jpg,,"",,3,0,false,,"Balboa Park, San Diego, CA, USA",32.7365966667,-117.148825,,,,,,,open,false,,,Baltimore Oriole,Icterus galbula,Calandria de Baltimore,Aves,9346
197868882,7b1ecb9d-e7ac-48cc-88ef-69e883bfea89,2024/01/28 7:23 AM,2024-01-28,2024-01-28 15:23:00 UTC,Pacific Time (US & Canada),5716033,davisprovan,Davis Provan,2024-01-29 06:09:50 UTC,2024-01-29 21:24:14 UTC,research,CC-BY-NC,https://www.inaturalist.org/observations/197868882,https://inaturalist-open-data.s3.amazonaws.com/photos/348610847/medium.jpeg,,"",,2,0,false,,"Balboa Park, San Diego, CA, USA",32.7376252312,-117.1487177936,2,,,,2,,open,false,,,Baltimore Oriole,Icterus galbula,Calandria de Baltimore,Aves,9346
198264024,f9bd1432-8747-4c0f-aba6-a4b4bb3eb184,2024/02/01 5:28 PM,2024-02-01,2024-02-02 01:28:00 UTC,Pacific Time (US & Canada),808185,johnnybrotten,.,2024-02-03 03:54:58 UTC,2024-02-06 05:40:08 UTC,research,,https://www.inaturalist.org/observations/198264024,https://static.inaturalist.org/photos/349405588/medium.jpeg,,"","",2,0,false,,"Balboa Park, San Diego, CA, USA",32.7361574957,-117.1486502789,127,,,,127,,open,false,,,Icterus galbula,Icterus galbula,Calandria de Baltimore,Aves,9346
198411779,3a36f3ea-b751-4d84-a323-70947f056412,2024-02-04 08:17:00-08:00,2024-02-04,2024-02-04 16:17:00 UTC,Pacific Time (US & Canada),6447465,ericklug,Eric Klug,2024-02-04 18:07:35 UTC,2024-02-06 05:24:21 UTC,research,CC-BY,https://www.inaturalist.org/observations/198411779,https://inaturalist-open-data.s3.amazonaws.com/photos/349703844/medium.jpg,,"","",2,0,false,3,"San Diego Zoo, San Diego, CA, US",32.7369891483,-117.1489613264,110,,,,110,,open,false,,,Baltimore Oriole,Icterus galbula,Calandria de Baltimore,Aves,9346
198593196,2c7c67a4-03f1-40b8-85b7-d32fae5b30f4,2024/01/27 7:03 AM,2024-01-27,2024-01-27 15:03:00 UTC,Pacific Time (US & Canada),796339,ramonamom,Nancy Christensen,2024-02-06 20:24:07 UTC,2024-02-21 01:05:45 UTC,research,,https://www.inaturalist.org/observations/198593196,https://static.inaturalist.org/photos/350060806/medium.jpg,,"",,2,0,false,,"Balboa Park, San Diego, CA, USA",32.7364916667,-117.1487133333,,,,,,,open,false,,,Baltimore Oriole,Icterus galbula,Calandria de Baltimore,Aves,9346
198819530,cf40ca68-af77-4ecf-bda2-58dadc2ce8f0,2024/02/09 10:31 AM,2024-02-09,2024-02-09 16:31:00 UTC,Mexico City,6083433,benmun89,,2024-02-09 17:12:27 UTC,2024-02-11 05:55:09 UTC,research,CC-BY-NC,https://www.inaturalist.org/observations/198819530,https://inaturalist-open-data.s3.amazonaws.com/photos/350502728/medium.jpg,,"",,2,0,false,,"C. Chiapas 10, 3 de Mayo, 91054 Xalapa-Enríquez, Ver., Mexico",19.5293859,-96.9418392,201,,,,201,,open,false,,,Baltimore Oriole,Icterus galbula,Calandria de Baltimore,Aves,9346
198922003,6508679f-822c-4570-a1f3-e6f24476a98e,2024/02/10 2:27 PM,2024-02-10,2024-02-10 19:27:00 UTC,Eastern Time (US & Canada),2070597,simonsr35,Robert Simons,2024-02-10 19:35:46 UTC,2024-02-11 13:50:04 UTC,research,CC-BY-NC,https://www.inaturalist.org/observations/198922003,https://inaturalist-open-data.s3.amazonaws.com/photos/350702163/medium.jpeg,,"",Wintering bird eating the pulp of sweet oranges.,1,0,false,,"University Heights, Gainesville, FL, USA",29.6401373318,-82.3366904717,2,,,,2,,open,false,,,Baltimore Oriole,Icterus galbula,Calandria de Baltimore,Aves,9346
200197639,2faf6f9d-bb60-40e3-bbc2-ac3d87087df4,2024/02/23 8:08 AM,2024-02-23,2024-02-23 14:08:00 UTC,Mexico City,5728113,robertoperedo,Roberto Peredo,2024-02-23 17:21:01 UTC,2024-02-25 02:34:56 UTC,research,CC-BY-NC,https://www.inaturalist.org/observations/200197639,https://inaturalist-open-data.s3.amazonaws.com/photos/353163709/medium.jpeg,,"","",2,0,false,,"Zona Centro, Centro, Xalapa-Enríquez, Ver., México",19.5248558244,-96.9323356989,8,,,,8,,open,false,,,Calandria de Baltimore,Icterus galbula,Calandria de Baltimore,Aves,9346
200385313,8cdc4426-d27f-4d92-8a62-53786e82235a,2023/07/15 15:34,2023-07-15,2023-07-15 19:34:00 UTC,Eastern Time (US & Canada),1131253,blouiski,Michèle Delisle,2024-02-25 12:14:23 UTC,2024-02-27 01:53:47 UTC,research,CC-BY-NC,https://www.inaturalist.org/observations/200385313,https://inaturalist-open-data.s3.amazonaws.com/photos/353533042/medium.jpg,,"100-400mm f5-6.3 dg os hsm contemporary, 2023, Châteauguay, EOS 7D, RF Marguerite-D’Youville, july, refuge faunique Marguerite-D’Youville, île Saint-Bernard",,1,0,false,,"Châteauguay, QC, Canada",45.3868030933,-73.767551935,,,,,,,open,false,,,Oriole de Baltimore,Icterus galbula,Calandria de Baltimore,Aves,9346
200566539,3270b856-9fcd-48f4-a57b-90c2e7b03ab2,2024/02/26 10:07 AM,2024-02-26,2024-02-26 16:07:00 UTC,Mexico City,54220,aplomadobirdy,Big Birdy,2024-02-26 23:48:45 UTC,2024-02-27 08:07:17 UTC,research,CC-BY-NC-ND,https://www.inaturalist.org/observations/200566539,https://static.inaturalist.org/photos/353886476/medium.jpg,,"",,2,0,false,,"Nido del Halcón, Col Santa Bárbara, Ver., México",19.5059313724,-96.8801490274,240,,,,240,,open,false,,,Calandria de Baltimore,Icterus galbula,Calandria de Baltimore,Aves,9346
200661663,c5947952-331b-4e69-9990-d81433256b3b,2024/02/18 8:11 AM,2024-02-18,2024-02-18 14:11:00 UTC,America/Costa_Rica,318050,mkkennedy,"",2024-02-27 22:15:46 UTC,2024-02-28 16:19:58 UTC,needs_id,CC-BY-NC,https://www.inaturalist.org/observations/200661663,https://inaturalist-open-data.s3.amazonaws.com/photos/354065978/medium.jpeg,,"",,1,0,false,,"CATIE-Turrialba (Campus y lago), Cartago Province, Turrialba, Costa Rica",9.89070182,-83.6557681498,50,,,,50,,open,false,,,Baltimore Oriole,Icterus galbula,Calandria de Baltimore,Aves,9346
200905178,f1a9ff79-1daa-46e0-83eb-7199fe53dca5,2019/06/16 9:12 AM,2019-06-16,2019-06-16 13:12:00 UTC,Eastern Time (US & Canada),763629,chippop,,2024-03-01 13:58:19 UTC,2024-03-01 14:05:18 UTC,research,CC-BY-NC,https://www.inaturalist.org/observations/200905178,https://inaturalist-open-data.s3.amazonaws.com/photos/354548805/medium.jpg,,"",,3,0,false,,"Northwest Philadelphia, Philadelphia, PA, USA",40.0765016667,-75.237065,,,,,,,open,false,,,Baltimore Oriole,Icterus galbula,Calandria de Baltimore,Aves,9346
201624670,d5683c62-7f7b-4ae4-894c-fafa488d3e95,2024/03/07 1:02 PM,2024-03-07,2024-03-07 21:02:00 UTC,Pacific Time (US & Canada),2444377,paprikabrown,Margaret Brown,2024-03-07 23:24:10 UTC,2024-04-08 23:45:48 UTC,research,,https://www.inaturalist.org/observations/201624670,https://static.inaturalist.org/photos/355946522/medium.jpeg,,"",,2,0,false,,"Chula Vista, CA, USA",32.6645778517,-117.0328209272,15,,,,15,,open,false,,,Baltimore Oriole,Icterus galbula,Calandria de Baltimore,Aves,9346
202106473,47edb806-0c70-4048-9486-7cef3485335d,2024/03/11 10:36 AM,2024-03-11,2024-03-11 16:36:00 UTC,Mexico City,766685,tejonvini,Tejón Vini,2024-03-11 23:54:21 UTC,2024-03-14 03:34:34 UTC,research,CC-BY-NC,https://www.inaturalist.org/observations/202106473,https://inaturalist-open-data.s3.amazonaws.com/photos/356880405/medium.jpeg,,"","",3,0,false,,"Fortin Viejo, Fortín de las Flores, Ver., México",18.8971623407,-97.0063070623,143,,,,143,,open,false,,,Calandria de Baltimore,Icterus galbula,Calandria de Baltimore,Aves,9346
202197018,6937ce05-f1df-4597-bc1f-2fef9f7382c1,2023-10-09 16:54:29,2023-10-09,2023-10-09 14:54:29 UTC,Paris,7515228,panisseclement,Clément panisse,2024-03-12 20:17:17 UTC,2025-09-22 08:55:34 UTC,research,CC-BY-NC,https://www.inaturalist.org/observations/202197018,https://inaturalist-open-data.s3.amazonaws.com/photos/357060787/medium.jpeg,,"",,4,0,false,2,"29242 Ouessant, France",48.4716780489,-5.0694689155,5441,,,,5441,,open,false,gps,gps,Oriole de Baltimore,Icterus galbula,Calandria de Baltimore,Aves,9346
203194898,d9684e14-2ddc-445b-b4b6-19a1348ec755,2024/02/28 5:05 AM,2024-02-28,2024-02-28 11:05:00 UTC,Mexico City,425657,osvaldo-bsm,Osvaldo Balderas San Miguel,2024-03-20 04:20:59 UTC,2024-10-20 23:07:13 UTC,research,CC-BY-NC,https://www.inaturalist.org/observations/203194898,https://inaturalist-open-data.s3.amazonaws.com/photos/358972246/medium.jpg,,"",,2,0,false,,"Rafael Delgado, Ver., México",18.8305428369,-97.0949332332,8,,,,8,,open,false,,,Calandria de Baltimore,Icterus galbula,Calandria de Baltimore,Aves,9346
204984729,04b82f7a-0330-4d1b-b842-6d803ec4ef06,2024/04/01 9:59 AM,2024-04-01,2024-04-01 16:59:00 UTC,Pacific Time (US & Canada),159364,milliebasden,Millie Basden,2024-04-01 20:37:08 UTC,2024-04-03 02:30:44 UTC,research,CC-BY,https://www.inaturalist.org/observations/204984729,https://inaturalist-open-data.s3.amazonaws.com/photos/362382540/medium.jpeg,,"",,2,0,false,,"Harry Griffen Park, La Mesa, CA, USA",32.7880932778,-116.9859766667,,,,,,,open,false,,,Baltimore Oriole,Icterus galbula,Calandria de Baltimore,Aves,9346
205372479,08305fd1-c1d0-42f2-8626-ac4f04e6607a,2024/04/04 8:22 AM,2024-04-04,2024-04-04 14:22:00 UTC,America/Costa_Rica,5852324,serradura,,2024-04-04 13:47:28 UTC,2024-04-05 17:38:11 UTC,research,CC-BY-NC,https://www.inaturalist.org/observations/205372479,https://inaturalist-open-data.s3.amazonaws.com/photos/363127318/medium.jpeg,,"",,1,0,false,,"Hotel Xandari, Provincia de Alajuela, Alajuela, Costa Rica",10.0576681,-84.2113293,200,,,,200,,open,false,,,Baltimore Oriole,Icterus galbula,Calandria de Baltimore,Aves,9346
205951822,a5cdce61-c11c-42e3-8e3d-f8e826b492a7,2024-04-07 13:20:00,2024-04-07,2024-04-07 18:20:00 UTC,Bogota,6134274,wiiil,Wil,2024-04-07 21:21:51 UTC,2024-04-14 00:05:47 UTC,research,,https://www.inaturalist.org/observations/205951822,https://static.inaturalist.org/photos/364214176/medium.jpeg,,"",,2,0,false,2,"Carrera 9 #29-04 Este, Soacha, Cundinamarca, Colombia",4.576809274,-74.201954864,56,,,,56,,open,false,gps,gps,Turpial de Baltimore,Icterus galbula,Calandria de Baltimore,Aves,9346
207087282,05baef10-1791-4120-950d-08ef196c9f06,2024/03/08 11:35 AM,2024-03-08,2024-03-08 17:35:00 UTC,America/Costa_Rica,223417,chipabirdee,Marilyn Grubb,2024-04-14 02:03:32 UTC,2024-04-14 02:44:23 UTC,research,CC-BY-NC-ND,https://www.inaturalist.org/observations/207087282,https://inaturalist-open-data.s3.amazonaws.com/photos/366263972/medium.jpg,,"",,2,0,false,,"Alajuela Province, Costa Rica",10.391583,-84.4382721,82793,,,,82793,,open,false,,,Baltimore Oriole,Icterus galbula,Calandria de Baltimore,Aves,9346
207961582,42c7bd48-640c-4a2d-80a3-b49a10a9415b,2024-04-18 09:17:07,2024-04-18,2024-04-18 15:17:07 UTC,Mexico City,380337,themexicanvioletear,L. Ernesto Pérez-Montes,2024-04-18 18:08:20 UTC,2025-05-06 02:59:58 UTC,research,,https://www.inaturalist.org/observations/207961582,https://static.inaturalist.org/photos/367904188/medium.jpeg,,"",,2,0,false,2,"Manzana 016, San Mateo, 55657 Tequixquiac, Méx., México",19.8952452588,-99.1377238557,18,,,,18,,open,false,gps,gps,Calandria de Baltimore,Icterus galbula,Calandria de Baltimore,Aves,9346
208560662,c2cc785d-2384-4252-86e8-bf73ce6e0894,2024/03/21 1:50 PM,2024-03-21,2024-03-21 20:50:00 UTC,Pacific Time (US & Canada),7079956,jtajax,,2024-04-21 20:10:09 UTC,2025-02-05 19:55:36 UTC,research,CC-BY-NC,https://www.inaturalist.org/observations/208560662,https://inaturalist-open-data.s3.amazonaws.com/photos/369018394/medium.png,,"",,2,0,false,,"Chula Vista, CA, USA",32.6653419708,-117.0322790372,15,,,,15,,open,false,,,Baltimore Oriole,Icterus galbula,Calandria de Baltimore,Aves,9346
209365893,297a0597-f8f9-43c4-b878-39bc73c1058d,2024/04/25 11:09 AM,2024-04-25,2024-04-25 17:09:00 UTC,Mexico City,54220,aplomadobirdy,Big Birdy,2024-04-26 00:41:20 UTC,2024-04-26 01:41:06 UTC,research,CC-BY-NC-ND,https://www.inaturalist.org/observations/209365893,https://static.inaturalist.org/photos/370508345/medium.jpg,,"",,2,0,false,,"Nido del Halcón, Col Santa Bárbara, Ver., México",19.5059313724,-96.8801490274,240,,,,240,,open,false,,,Calandria de Baltimore,Icterus galbula,Calandria de Baltimore,Aves,9346
210637230,aa4d2a01-4229-4db2-ba30-586954838909,2024/04/27 4:49 AM,2024-04-27,2024-04-27 10:49:00 UTC,Mexico City,5696306,pncrb-conanp,PNCañón DelRioblanco,2024-04-28 05:06:45 UTC,2024-10-15 00:48:19 UTC,research,CC-BY-NC,https://www.inaturalist.org/observations/210637230,https://inaturalist-open-data.s3.amazonaws.com/photos/372543980/medium.jpeg,,"","",3,0,false,,"Ignacio Zaragoza, 94390 Orizaba, Ver., México",18.8355775882,-97.0931743692,31,,,,31,,open,false,,,Calandria de Baltimore,Icterus galbula,Calandria de Baltimore,Aves,9346
211155295,f5a75452-7b35-463f-98e6-b618288031e7,2024/04/28 ,2024-04-28,,Eastern Time (US & Canada),1038146,susnyder,Su Snyder,2024-04-28 22:14:58 UTC,2024-04-30 17:27:08 UTC,research,CC-BY-NC-SA,https://www.inaturalist.org/observations/211155295,https://inaturalist-open-data.s3.amazonaws.com/photos/373354360/medium.jpeg,,"",Valley Road south,1,0,false,,"Killbuck Marsh Wildlife Area, Shreve, OH 44676, USA",40.671349,-81.966247,169,,,,169,,open,false,,,Baltimore Oriole,Icterus galbula,Calandria de Baltimore,Aves,9346
211357977,e58a23f9-d02b-4d03-8fcc-0dd616b1d614,2022/05/14 9:27 AM,2022-05-14,2022-05-14 14:27:00 UTC,Central Time (US & Canada),6451136,b_kerstetter,Ben Kerstetter,2024-04-29 04:31:11 UTC,2024-04-29 04:31:24 UTC,research,,https://www.inaturalist.org/observations/211357977,https://static.inaturalist.org/photos/373693932/medium.jpg,,"",,1,0,false,,"River Forest, IL, USA",41.8891721737,-87.8304234632,61,,,,61,,open,false,,,Baltimore Oriole,Icterus galbula,Calandria de Baltimore,Aves,9346
211737543,6031653d-d23c-4eaa-a813-5fddb9df9aff,2024/04/29 8:30 AM,2024-04-29,2024-04-29 13:30:00 UTC,Central Time (US & Canada),53290,w_mcdaniel,Thomas McDaniel,2024-04-29 18:18:17 UTC,2024-09-12 00:47:40 UTC,research,CC-BY-NC,https://www.inaturalist.org/observations/211737543,https://inaturalist-open-data.s3.amazonaws.com/photos/374267034/medium.jpeg,,"","",1,0,false,,"Dallas, TX, USA",32.8150960253,-96.7277998195,4,,,,4,,open,false,,,Baltimore Oriole,Icterus galbula,Calandria de Baltimore,Aves,9346
212122058,9559aac6-7141-48ad-ad44-1e3f8f9cb523,2024-04-29 15:25:17-04:00,2024-04-29,2024-04-29 19:25:17 UTC,Eastern Time (US & Canada),3564162,zitserm,Misha Zitser,2024-04-30 04:14:35 UTC,2024-09-05 00:51:40 UTC,research,CC-BY-NC,https://www.inaturalist.org/observations/212122058,https://inaturalist-open-data.s3.amazonaws.com/photos/374876908/medium.jpg,https://static.inaturalist.org/sounds/1006625.m4a?1714450497,"","",2,0,false,3,"Long Island, New York, NY, US",40.7389463572,-73.7432736856,7,,,,7,,open,false,,,Baltimore Oriole,Icterus galbula,Calandria de Baltimore,Aves,9346
212594356,899173a2-7414-441e-92e2-25a1a7962a8e,2024-05-01 10:04:02,2024-05-01,2024-05-01 14:04:02 UTC,Eastern Time (US & Canada),1934591,lneumannca,"",2024-05-01 14:05:06 UTC,2024-06-05 03:43:15 UTC,research,CC-BY-NC,https://www.inaturalist.org/observations/212594356,https://inaturalist-open-data.s3.amazonaws.com/photos/375691611/medium.jpeg,,"",,1,0,false,2,"Oakville, ON L6H 4M7, Canada",43.4845121863,-79.6942747012,185,,,,185,,open,false,gps,gps,Baltimore Oriole,Icterus galbula,Calandria de Baltimore,Aves,9346
212685190,eac18dc5-997c-4eaf-96de-d22b4318830a,2024/05/01 8:46 AM,2024-05-01,2024-05-01 13:46:00 UTC,Central Time (US & Canada),3830315,srdsmkes,"",2024-05-01 19:07:57 UTC,2024-05-04 23:19:22 UTC,research,CC-BY-NC,https://www.inaturalist.org/observations/212685190,https://inaturalist-open-data.s3.amazonaws.com/photos/375847640/medium.jpg,,"",,1,0,false,,"Shelby Farms Park, Memphis, TN 38018, USA",35.1391053,-89.8095214,839,,,,839,,open,false,,,Baltimore Oriole,Icterus galbula,Calandria de Baltimore,Aves,9346
213239689,f4ba30d9-b4e1-4c09-a738-c7e09fc06e60,2024/05/03 9:52 AM,2024-05-03,2024-05-03 14:52:00 UTC,Central Time (US & Canada),200477,nicholus,Nicholus ledbetter,2024-05-03 20:34:51 UTC,2024-05-04 09:03:24 UTC,research,CC-BY-NC,https://www.inaturalist.org/observations/213239689,https://inaturalist-open-data.s3.amazonaws.com/photos/376842145/medium.jpeg,,"",,1,0,false,,"Alva, OK 73717, USA",36.8085139796,-98.6808471989,488,,,,488,,open,false,,,Baltimore Oriole,Icterus galbula,Calandria de Baltimore,Aves,9346
213255886,89305cf3-a858-4cc3-922f-b8b559f72f12,2024/05/03 3:03 PM,2024-05-03,2024-05-03 19:03:00 UTC,Eastern Time (US & Canada),2331520,stevewalternature,,2024-05-03 21:42:37 UTC,2024-05-03 23:58:38 UTC,research,CC-BY-NC,https://www.inaturalist.org/observations/213255886,https://inaturalist-open-data.s3.amazonaws.com/photos/376872265/medium.jpg,,"",,2,0,false,,"Cunningham Park, Queens, NY, USA",40.7417793418,-73.7696103515,31,,,,31,,open,false,,,Baltimore Oriole,Icterus galbula,Calandria de Baltimore,Aves,9346
213319006,fa294cb7-5f84-475f-99c5-35a03864e587,2024-05-03 09:30:00-04:00,2024-05-03,2024-05-03 13:30:00 UTC,Eastern Time (US & Canada),7515561,linden60341,Linden Watters,2024-05-04 03:35:45 UTC,2024-05-04 07:06:08 UTC,research,,https://www.inaturalist.org/observations/213319006,https://static.inaturalist.org/photos/376990747/medium.jpg,,"","",2,0,false,3,"Cassels St, Ottawa, ON, CA",45.3743965034,-75.7960133639,40,,,,40,,open,false,,,Baltimore Oriole,Icterus galbula,Calandria de Baltimore,Aves,9346
213399752,f6aba2e4-f139-4994-b76e-786331f9c21f,2024-05-04 08:36:45-05:00,2024-05-04,2024-05-04 13:36:45 UTC,Central Time (US & Canada),541790,vanessaperry,Vanessa Perry,2024-05-04 13:37:32 UTC,2025-06-10 18:57:05 UTC,research,,https://www.inaturalist.org/observations/213399752,https://static.inaturalist.org/photos/377138057/medium.jpg,,"","",2,0,false,3,"E Fourth St, Winona, MN, US",44.0493388333,-91.630875,4,,,,4,,open,false,,,Baltimore Oriole,Icterus galbula,Calandria de Baltimore,Aves,9346
213501190,7a78aa22-0197-4afa-8f90-16782f7e7ffb,2024/05/04 1:56 PM,2024-05-04,2024-05-04 18:56:00 UTC,Central Time (US & Canada),3757962,pbr2,Rebecca Shivvers,2024-05-04 20:02:45 UTC,2024-05-06 01:46:21 UTC,research,CC-BY-NC,https://www.inaturalist.org/observations/213501190,https://inaturalist-open-data.s3.amazonaws.com/photos/377318697/medium.jpeg,,"","",2,0,false,,"Boone County, IA, USA",42.0343006193,-93.7025121055,31,,,,31,,open,false,,,Baltimore Oriole,Icterus galbula,Calandria de Baltimore,Aves,9346
213567767,f77a3c9f-fc5e-4f02-9916-d993b7398784,2024-05-03 17:42:28-04:00,2024-05-03,2024-05-03 21:42:28 UTC,America/Nipigon,1324572,mightybushkin,,2024-05-05 00:47:57 UTC,2024-05-05 01:57:19 UTC,research,,https://www.inaturalist.org/observations/213567767,https://static.inaturalist.org/photos/377439959/medium.jpg,,"","",1,0,false,3,"Warden Ave, Whitchurch-Stouffville, ON, CA",44.0121277833,-79.366225,4,,,,4,,open,false,,,Baltimore Oriole,Icterus galbula,Calandria de Baltimore,Aves,9346
213593453,8dab2925-8de4-41c1-9771-ff3b0d148759,2024/03/21 2:48 PM,2024-03-21,2024-03-21 21:48:00 UTC,Pacific Time (US & Canada),6239657,liamhuber,Liam Huber,2024-05-05 03:04:29 UTC,2025-02-05 15:12:50 UTC,research,CC-BY-NC,https://www.inaturalist.org/observations/213593453,https://inaturalist-open-data.s3.amazonaws.com/photos/377485132/medium.jpg,,"",,2,0,false,,"Chula Vista, CA, USA",32.6642841584,-117.0313624152,2,,,,2,,open,false,,,Baltimore Oriole,Icterus galbula,Calandria de Baltimore,Aves,9346
213732508,c74533c5-5229-4dff-996c-310e0920938c,2024-05-05 12:44:49,2024-05-05,2024-05-05 16:44:49 UTC,Eastern Time (US & Canada),5443863,nick1286,Nick DeFilippis,2024-05-05 16:45:28 UTC,2024-05-06 05:29:36 UTC,research,,https://www.inaturalist.org/observations/213732508,https://static.inaturalist.org/photos/377735669/medium.jpeg,,"",,2,0,false,2,"Piscataway, NJ 08854, USA",40.5131651,-74.4644691997,,,,,,,open,false,gps,gps,Baltimore Oriole,Icterus galbula,Calandria de Baltimore,Aves,9346
213742875,721d80b1-3b8e-418a-b3af-38d9d0a3c45b,2024-05-05 12:20:33,2024-05-05,2024-05-05 17:20:33 UTC,Central Time (US & Canada),5669223,jedililou,Aliza,2024-05-05 17:21:54 UTC,2024-08-06 02:40:56 UTC,research,CC-BY-NC,https://www.inaturalist.org/observations/213742875,https://inaturalist-open-data.s3.amazonaws.com/photos/377754799/medium.jpeg,https://static.inaturalist.org/sounds/1019758.wav?1714929728,"",,1,0,false,2,"Wausau, WI, USA",44.9897153,-89.5994424997,,,,,,,open,false,gps,gps,Baltimore Oriole,Icterus galbula,Calandria de Baltimore,Aves,9346
213857733,be7c3e4a-bd02-4417-8aa4-f479d9d3c58a,2024/05/05 7:11 PM,2024-05-05,2024-05-05 23:11:00 UTC,America/Nipigon,3007146,nata_culhane,Nata Culhane,2024-05-06 00:35:20 UTC,2024-05-07 12:25:04 UTC,research,CC-BY-NC,https://www.inaturalist.org/observations/213857733,https://inaturalist-open-data.s3.amazonaws.com/photos/377962925/medium.jpeg,,"","",1,0,false,,"Carleton Place, ON K7C 0B1, Canada",45.1504662,-76.1359059,179,,,,179,,open,false,,,Baltimore Oriole,Icterus galbula,Calandria de Baltimore,Aves,9346
213879999,e007ed66-9a61-445a-a97b-3ea5dfa81e9a,2024-05-05 10:25:13,2024-05-05,2024-05-05 14:25:13 UTC,Eastern Time (US & Canada),1852836,natemarchessault,Nate Marchessault,2024-05-06 02:13:47 UTC,2026-02-03 20:14:41 UTC,research,CC-BY-NC,https://www.inaturalist.org/observations/213879999,https://inaturalist-open-data.s3.amazonaws.com/photos/378002933/medium.jpeg,,"",,2,0,false,2,"Halifax, MA 02338, USA",42.0165277778,-70.8689361111,,,,,,,open,false,gps,gps,Baltimore Oriole,Icterus galbula,Calandria de Baltimore,Aves,9346
213889534,22bcb29a-f2cc-4b27-9a8e-5a6e5b06cd68,2024/05/03 5:55 PM,2024-05-03,2024-05-03 21:55:00 UTC,Eastern Time (US & Canada),2351110,bugsandbirds,Celeste,2024-05-06 03:04:36 UTC,2024-05-06 03:41:24 UTC,research,CC-BY-NC,https://www.inaturalist.org/observations/213889534,https://inaturalist-open-data.s3.amazonaws.com/photos/378019538/medium.jpg,,"",,1,0,false,,"John Heinz National Wildlife Refuge at Tinicum, 8601 Lindbergh Blvd., Philadelphia, PA 19153, USA",39.8889748779,-75.2606469275,189,,,,189,,open,false,,,Baltimore Oriole,Icterus galbula,Calandria de Baltimore,Aves,9346
213906318,5bba0f41-9494-40ec-811b-7a3c47d8a4ac,2024/05/01 3:49 PM,2024-05-01,2024-05-01 19:49:00 UTC,America/Nipigon,7326664,noooodledog,finch,2024-05-06 04:35:00 UTC,2025-10-07 07:28:36 UTC,research,CC-BY-NC,https://www.inaturalist.org/observations/213906318,https://inaturalist-open-data.s3.amazonaws.com/photos/378049156/medium.jpg,,"",,2,0,false,,"Hastings, CA-ON, CA",44.2684012557,-77.4269445935,194,,,,27348,obscured,open,true,,,Baltimore Oriole,Icterus galbula,Calandria de Baltimore,Aves,9346
213964416,2683acc6-35dd-4aed-8164-bcc82177280a,2024/05/05 12:48 PM,2024-05-05,2024-05-05 16:48:00 UTC,Eastern Time (US & Canada),2044860,ckhunt,Craig K. Hunt,2024-05-06 12:36:25 UTC,2024-12-10 14:48:53 UTC,research,CC-BY-NC,https://www.inaturalist.org/observations/213964416,https://inaturalist-open-data.s3.amazonaws.com/photos/378152688/medium.jpeg,,"",,2,0,false,,"Townshend, VT, USA",43.071915955,-72.6543806842,182,,,,182,,open,false,,,Baltimore Oriole,Icterus galbula,Calandria de Baltimore,Aves,9346
214031585,4e0536eb-596d-4878-b3fe-9b55fe62245d,2024-05-06 13:53:10,2024-05-06,2024-05-06 17:53:10 UTC,Eastern Time (US & Canada),6601007,anura22,Abigail,2024-05-06 18:38:36 UTC,2025-04-21 19:46:18 UTC,research,,https://www.inaturalist.org/observations/214031585,https://static.inaturalist.org/photos/378272361/medium.jpeg,,"",I've seen this Oriole maybe 5 over the weekend but I finally got a picture!,1,0,false,2,"New York, US",43.0781053515,-73.7348365413,3746,,,,27537,obscured,open,true,gps,gps,Baltimore Oriole,Icterus galbula,Calandria de Baltimore,Aves,9346
214040509,8c8d4ffa-a00b-4ca6-a5b6-1415ba99e5c6,2024/05/03 3:07 PM,2024-05-03,2024-05-03 19:07:00 UTC,Eastern Time (US & Canada),6367443,skylarkymalarkey,Skylar Austin,2024-05-06 19:18:38 UTC,2024-05-06 19:20:43 UTC,research,,https://www.inaturalist.org/observations/214040509,https://static.inaturalist.org/photos/378285599/medium.jpeg,,"",,1,0,false,,"Venango County, PA, USA",41.3943115191,-79.6485809487,4,,,,4,,open,false,,,Baltimore Oriole,Icterus galbula,Calandria de Baltimore,Aves,9346
214278051,727d46f3-b9be-4d2c-86e8-c389df6a21ee,2024/05/07 3:33 PM,2024-05-07,2024-05-07 19:33:00 UTC,Eastern Time (US & Canada),5664411,wormslurry,Warren Lussier,2024-05-07 22:31:25 UTC,2024-06-01 22:28:35 UTC,research,CC-BY-NC,https://www.inaturalist.org/observations/214278051,https://inaturalist-open-data.s3.amazonaws.com/photos/378719455/medium.jpeg,,"","",1,0,false,,"Isle La Motte, VT 05463, USA",44.845414,-73.361325,46,,,,46,,open,false,,,Baltimore Oriole,Icterus galbula,Calandria de Baltimore,Aves,9346
214295620,f0e225a2-fb4a-48c3-b268-35472ebae75b,2024-04-27 06:58:00,2024-04-27,2024-04-27 11:58:00 UTC,Central Time (US & Canada),4064166,summervillenature,Cyrus Allen,2024-05-08 00:20:36 UTC,2024-11-24 12:47:29 UTC,research,,https://www.inaturalist.org/observations/214295620,https://static.inaturalist.org/photos/378765369/medium.jpeg,,"",,4,0,false,2,"Benbrook, TX, USA",32.6542030262,-97.4636029825,49,,,,49,,open,false,,,Baltimore Oriole,Icterus galbula,Calandria de Baltimore,Aves,9346
214304731,dcdcfbfd-2995-4251-828b-792120d30b25,2024/05/07 10:53 AM,2024-05-07,2024-05-07 14:53:00 UTC,Eastern Time (US & Canada),2351110,bugsandbirds,Celeste,2024-05-08 01:21:27 UTC,2024-05-09 00:58:15 UTC,research,CC-BY-NC,https://www.inaturalist.org/observations/214304731,https://inaturalist-open-data.s3.amazonaws.com/photos/378780881/medium.jpg,,"",,2,0,false,,"Eastwick, Philadelphia, PA, USA",39.8874107586,-75.2587586524,386,,,,386,,open,false,,,Baltimore Oriole,Icterus galbula,Calandria de Baltimore,Aves,9346
214514926,292fae71-0023-41af-9806-ed303c2a7c71,2024-05-08 18:48:01-04:00,2024-05-08,2024-05-08 22:48:01 UTC,Eastern Time (US & Canada),1501830,bhackett,Brian Hackett,2024-05-09 03:03:33 UTC,2024-05-09 03:04:30 UTC,research,CC-BY-NC,https://www.inaturalist.org/observations/214514926,https://inaturalist-open-data.s3.amazonaws.com/photos/379175805/medium.jpg,,"","",1,0,false,3,"Blue Jay Rd, Heath, OH, US",40.0395916667,-82.3884366667,19,,,,19,,open,false,,,Baltimore Oriole,Icterus galbula,Calandria de Baltimore,Aves,9346
214621686,0f370d53-04b2-4180-8c52-383093506f14,2024-05-09 12:53:27-04:00,2024-05-09,2024-05-09 16:53:27 UTC,Eastern Time (US & Canada),4493371,graveldad,,2024-05-09 17:15:07 UTC,2024-05-09 18:30:11 UTC,research,CC-BY-NC,https://www.inaturalist.org/observations/214621686,https://inaturalist-open-data.s3.amazonaws.com/photos/379370916/medium.jpg,,"","",1,0,false,3,"Mallard Ln, Coopersburg, PA, US",40.50627,-75.4136883333,9,,,,9,,open,false,,,Baltimore Oriole,Icterus galbula,Calandria de Baltimore,Aves,9346
214693851,3422b3ea-e1c7-4998-99ee-7a702e992b9e,2024/05/09 1:16 PM,2024-05-09,2024-05-09 17:16:00 UTC,Eastern Time (US & Canada),1019876,usmcfiremedic,Robert Harris,2024-05-09 23:58:32 UTC,2024-05-20 02:38:52 UTC,research,CC-BY,https://www.inaturalist.org/observations/214693851,https://inaturalist-open-data.s3.amazonaws.com/photos/379492995/medium.jpeg,,"",,1,0,false,,"Smyth County, US-VA, US",36.872895765,-81.512655367,2,,,,2,,open,false,,,Baltimore Oriole,Icterus galbula,Calandria de Baltimore,Aves,9346
214704786,1b2db277-f1c9-42e4-8d67-bd1de5fcc39d,2024/05/09 4:56 PM,2024-05-09,2024-05-09 20:56:00 UTC,America/Nipigon,672970,carolberney,,2024-05-10 01:21:20 UTC,2024-05-10 01:22:08 UTC,research,CC-BY-NC,https://www.inaturalist.org/observations/214704786,https://inaturalist-open-data.s3.amazonaws.com/photos/379528044/medium.jpg,,"",,1,0,false,,"Perth County, ON, Canada",43.3490490797,-80.9672537433,1119,,,,1119,,open,false,,,Baltimore Oriole,Icterus galbula,Calandria de Baltimore,Aves,9346
214827695,0bf4bc17-62b4-419e-8df5-cf150b9fed16,2024-05-10 08:02:47-07:00,2024-05-10,2024-05-10 15:02:47 UTC,Central Time (US & Canada),4794263,jennbixby,Jennifer Danhaus,2024-05-10 17:38:55 UTC,2024-05-10 17:45:43 UTC,research,CC-BY-NC,https://www.inaturalist.org/observations/214827695,https://inaturalist-open-data.s3.amazonaws.com/photos/379755192/medium.jpg,,"","",1,0,false,3,"Bluegill Bay Park, Wausau, WI, US",44.9246270503,-89.6400522717,48,,,,48,,open,false,,,Baltimore Oriole,Icterus galbula,Calandria de Baltimore,Aves,9346
214909122,d5b4e795-4530-44b9-b340-f266fc4dea30,2024/05/10 17:21,2024-05-10,2024-05-10 21:21:00 UTC,Eastern Time (US & Canada),7198877,philippegvl,Philippe Gravel,2024-05-11 01:12:09 UTC,2025-08-23 20:11:26 UTC,research,CC-BY-NC,https://www.inaturalist.org/observations/214909122,https://inaturalist-open-data.s3.amazonaws.com/photos/379906161/medium.jpeg,,"","",3,0,false,,"Louiseville, QC, Canada",46.2248518973,-72.9223369192,15,,,,15,,open,false,,,Oriole de Baltimore,Icterus galbula,Calandria de Baltimore,Aves,9346
215381726,4c468198-500a-4fad-93b6-fee1485e341e,2024/05/12 5:56 PM,2024-05-12,2024-05-12 21:56:00 UTC,Eastern Time (US & Canada),3311076,caterpillar511,Owen J.,2024-05-12 23:21:34 UTC,2024-05-15 23:34:11 UTC,research,CC-BY-NC,https://www.inaturalist.org/observations/215381726,https://inaturalist-open-data.s3.amazonaws.com/photos/380782011/medium.jpeg,,"",,6,0,false,,"Waterloo, ON, Canada",43.5177856412,-80.499801315,1,,,,1,,open,false,,,Baltimore Oriole,Icterus galbula,Calandria de Baltimore,Aves,9346
215558076,b70aee88-6291-4af7-a0bb-c773fc664078,2024/05/12 9:02 AM,2024-05-12,2024-05-12 14:02:00 UTC,Central Time (US & Canada),3462616,vogelbild,,2024-05-13 19:23:57 UTC,2026-02-23 23:52:04 UTC,research,CC-BY-NC,https://www.inaturalist.org/observations/215558076,https://inaturalist-open-data.s3.amazonaws.com/photos/381119453/medium.jpg,,"",,1,0,false,,"Lincoln Marsh, Wheaton IL",41.8706090273,-88.1244106543,61,,,,61,,open,false,,,Baltimore Oriole,Icterus galbula,Calandria de Baltimore,Aves,9346
215558628,094dcafc-5044-4ebe-8364-7ea2cf4518de,2024-05-13 15:12:02-04:00,2024-05-13,2024-05-13 19:12:02 UTC,America/Nipigon,3041289,melissahalton,,2024-05-13 19:26:37 UTC,2024-05-13 19:50:07 UTC,research,CC-BY-NC,https://www.inaturalist.org/observations/215558628,https://inaturalist-open-data.s3.amazonaws.com/photos/381121113/medium.jpg,,"",He was upset bc I didn’t have a feeder out for him. Very loudly protesting.,1,0,false,3,"Browns Cres, Halton Hills, ON, CA",43.6434573242,-80.0313677181,693,,,,693,,open,false,,,Baltimore Oriole,Icterus galbula,Calandria de Baltimore,Aves,9346
215786825,fe1c0931-70a5-4051-8bd4-5400a5a567d8,2024/05/14 4:53 PM,2024-05-14,2024-05-14 20:53:00 UTC,Eastern Time (US & Canada),5690881,seanhh,Sean,2024-05-14 21:18:02 UTC,2024-05-15 14:37:33 UTC,research,CC-BY-NC,https://www.inaturalist.org/observations/215786825,https://inaturalist-open-data.s3.amazonaws.com/photos/381550642/medium.jpeg,,"","",2,0,false,,"Upper Beaches, Toronto, ON, Canada",43.6728622921,-79.3120260522,31,,,,31,,open,false,,,Baltimore Oriole,Icterus galbula,Calandria de Baltimore,Aves,9346
215813329,662b89ae-2765-4910-81cd-6397539b2e4c,2024-05-14 17:04:01-04:00,2024-05-14,2024-05-14 21:04:01 UTC,Eastern Time (US & Canada),572980,sadawolk,Sandy Wolkenberg,2024-05-15 00:01:39 UTC,2024-05-15 11:18:46 UTC,research,CC-BY,https://www.inaturalist.org/observations/215813329,https://inaturalist-open-data.s3.amazonaws.com/photos/381600659/medium.jpg,,"","",1,0,false,3,"Webster, NY, US",43.19273,-77.512755,35,,,,35,,open,false,,,Baltimore Oriole,Icterus galbula,Calandria de Baltimore,Aves,9346
215924008,bf1e3134-b5ff-4837-ab93-21e5d48e8ab2,2024-05-15 08:17:00-05:00,2024-05-15,2024-05-15 13:17:00 UTC,Central Time (US & Canada),7152110,karsen_a,Karsen,2024-05-15 15:27:20 UTC,2024-05-16 01:27:33 UTC,research,CC-BY-NC,https://www.inaturalist.org/observations/215924008,https://inaturalist-open-data.s3.amazonaws.com/photos/381811765/medium.jpg,,"","",1,0,false,3,"S Lake Storey Rd, Galesburg, IL, US",40.9879627943,-90.3917297777,32,,,,32,,open,false,,,Baltimore Oriole,Icterus galbula,Calandria de Baltimore,Aves,9346
216087685,d47cb91b-7053-4e17-baa3-6080ecd60f96,2024/05/10 9:56 AM,2024-05-10,2024-05-10 13:56:00 UTC,America/Detroit,1659590,hwise01,Heather A. Wise,2024-05-16 11:21:14 UTC,2024-05-26 11:52:40 UTC,research,CC-BY-NC,https://www.inaturalist.org/observations/216087685,https://inaturalist-open-data.s3.amazonaws.com/photos/382125256/medium.jpg,,"",,3,0,false,,"Odell Rd, Fowlerville, MI 48836, USA",42.5752344,-84.1305269,996,,,,996,,open,false,,,Baltimore Oriole,Icterus galbula,Calandria de Baltimore,Aves,9346
216115752,d40d36a1-bff1-4524-89ec-56c5b72e0f02,2024/05/03 7:38 AM,2024-05-03,2024-05-03 11:38:00 UTC,Eastern Time (US & Canada),2502526,lawrencerhoads,Lawrence Rhoads,2024-05-16 14:41:49 UTC,2025-01-09 01:39:47 UTC,research,CC-BY-NC-SA,https://www.inaturalist.org/observations/216115752,https://inaturalist-open-data.s3.amazonaws.com/photos/382175850/medium.jpg,,"",,2,0,false,,"College Park, MD, USA",38.9861168672,-76.9224227885,40,,,,40,,open,false,,,Baltimore Oriole,Icterus galbula,Calandria de Baltimore,Aves,9346
216515866,da40121b-7038-43e5-be10-545e6d8c88bb,2024/05/16 5:01 PM,2024-05-16,2024-05-16 21:01:00 UTC,America/Nipigon,5940629,whistlingduck,Roderick Hornby,2024-05-18 13:17:44 UTC,2024-05-18 18:01:44 UTC,research,CC-BY-NC,https://www.inaturalist.org/observations/216515866,https://static.inaturalist.org/photos/382930625/medium.jpg,,"","",2,0,false,,"Essex County, ON, Canada",41.9494717813,-82.5192013544,8,,,,8,,open,false,,,Baltimore Oriole,Icterus galbula,Calandria de Baltimore,Aves,9346
216552972,ee86ad51-edc9-490c-9179-1340bbc66196,2024/05/17 9:38 AM,2024-05-17,2024-05-17 13:38:00 UTC,Eastern Time (US & Canada),2044860,ckhunt,Craig K. Hunt,2024-05-18 16:00:54 UTC,2024-12-10 14:48:53 UTC,research,CC-BY-NC,https://www.inaturalist.org/observations/216552972,https://inaturalist-open-data.s3.amazonaws.com/photos/382995956/medium.jpeg,,"",,1,0,false,,"Townshend, VT, USA",43.071915955,-72.6543806842,182,,,,182,,open,false,,,Baltimore Oriole,Icterus galbula,Calandria de Baltimore,Aves,9346
216580486,9db0c542-dbd4-4f16-b200-580c54c1865f,2024-05-11 11:37:00-04:00,2024-05-11,2024-05-11 15:37:00 UTC,Eastern Time (US & Canada),8162530,futuremarinebiologist09,,2024-05-18 17:45:05 UTC,2024-06-20 13:40:33 UTC,research,CC-BY-NC,https://www.inaturalist.org/observations/216580486,https://inaturalist-open-data.s3.amazonaws.com/photos/383045130/medium.jpg,,"","",1,0,false,3,"Horseshoe Cir, Ware, MA, US",42.2632003146,-72.3093786557,13,,,,13,,open,false,,,Baltimore Oriole,Icterus galbula,Calandria de Baltimore,Aves,9346
216635817,74928b3f-348d-4a34-818f-1e219b5080c3,2024/05/18 8:48 AM,2024-05-18,2024-05-18 12:48:00 UTC,Eastern Time (US & Canada),1994507,gary-james,Gary James,2024-05-18 21:24:37 UTC,2024-05-20 17:32:45 UTC,research,CC-BY-NC,https://www.inaturalist.org/observations/216635817,https://inaturalist-open-data.s3.amazonaws.com/photos/383143040/medium.jpeg,,"","Rouge National Urban Park, Bob Hunter Memorial Park, Tallgrass Trek.
Toronto and GTA Bird Celebration week walk.",2,0,false,,"Markham, ON, Canada",43.8629575105,-79.2095794966,392,,,,392,,open,false,,,Baltimore Oriole,Icterus galbula,Calandria de Baltimore,Aves,9346
216703897,8b33c55b-544e-434d-92d5-568534d5d6dc,2024/05/03 2:04 PM,2024-05-03,2024-05-03 18:04:00 UTC,Indiana (East),4271570,nancylightfoot,"",2024-05-19 04:21:47 UTC,2024-05-23 17:37:59 UTC,research,CC-BY-NC,https://www.inaturalist.org/observations/216703897,https://inaturalist-open-data.s3.amazonaws.com/photos/383280194/medium.jpg,,"","She gave up and took off safely, and I removed the line—just able to reach to break off that small branch.",2,0,false,,"Monroe County, IN, USA",39.0205566513,-86.4826950829,31,,,,31,,open,false,,,Baltimore Oriole,Icterus galbula,Calandria de Baltimore,Aves,9346
216867893,9408fbbf-42a1-4660-9596-541603dd4ac1,2024-05-19 06:21:16-04:00,2024-05-19,2024-05-19 10:21:16 UTC,Eastern Time (US & Canada),3163779,koolkat1789,"",2024-05-19 18:58:49 UTC,2024-06-30 21:16:07 UTC,research,,https://www.inaturalist.org/observations/216867893,https://static.inaturalist.org/photos/383584472/medium.jpg,,"","",1,0,false,3,"Sandmans Trail, Williston, VT, US",44.4518887322,-73.0488770699,286,,,,286,,open,false,,,Baltimore Oriole,Icterus galbula,Calandria de Baltimore,Aves,9346
216924304,118356b5-6633-49f8-a590-dff7a767067c,2024/05/19 12:12 PM,2024-05-19,2024-05-19 18:12:00 UTC,Saskatchewan,2036555,jolie5,Jolie Brewer,2024-05-19 22:38:02 UTC,2025-04-24 19:50:23 UTC,research,,https://www.inaturalist.org/observations/216924304,https://static.inaturalist.org/photos/383684707/medium.jpeg,,"",,2,0,false,,"Rosemont - Mount Royal, Regina, SK S4T, Canada",50.459306326,-104.674648967,607,,,,607,,open,false,,,Baltimore Oriole,Icterus galbula,Calandria de Baltimore,Aves,9346
216981927,e644bba4-f2a5-4518-af3b-c45d2b013c9c,2024/05/19 3:54 PM,2024-05-19,2024-05-19 19:54:00 UTC,Eastern Time (US & Canada),5647533,kevin_ackerman,Kevin Ackerman,2024-05-20 04:05:40 UTC,2025-05-01 18:58:50 UTC,research,CC-BY-NC,https://www.inaturalist.org/observations/216981927,https://inaturalist-open-data.s3.amazonaws.com/photos/383799892/medium.jpeg,,"",,2,0,false,,"Patchogue, NY 11772, USA",40.7673705025,-73.0202949238,1,,,,1,,open,false,,,Baltimore Oriole,Icterus galbula,Calandria de Baltimore,Aves,9346
217152881,dee25610-47a4-4c98-82e6-b95a996fc93a,2024-05-20 15:48:35,2024-05-20,2024-05-20 20:48:35 UTC,Central Time (US & Canada),6656314,isabella909,Isabella S,2024-05-20 21:06:30 UTC,2025-10-23 16:42:16 UTC,research,,https://www.inaturalist.org/observations/217152881,https://static.inaturalist.org/photos/384119372/medium.jpeg,,"",,4,1,false,2,"St Anthony, MN, USA",45.047850695,-93.2235203683,415,,,,415,,open,false,gps,gps,Baltimore Oriole,Icterus galbula,Calandria de Baltimore,Aves,9346
217761172,d6f89233-93e9-40cb-9409-bcffd2afca7c,2024/05/22 3:06 PM,2024-05-22,2024-05-22 19:06:00 UTC,Eastern Time (US & Canada),6021769,robbieedun,Robbie,2024-05-23 20:10:37 UTC,2024-06-26 03:40:16 UTC,research,CC-BY,https://www.inaturalist.org/observations/217761172,https://inaturalist-open-data.s3.amazonaws.com/photos/385264105/medium.png,,"",,1,0,false,,"Plymouth, MA, USA",41.8925191133,-70.5392986536,4,,,,4,,open,false,,,Baltimore Oriole,Icterus galbula,Calandria de Baltimore,Aves,9346
217790212,46dafe53-ff46-45f2-b597-9d92e7c91393,2024-05-23 12:25:37-06:00,2024-05-23,2024-05-23 18:25:37 UTC,America/Swift_Current,1493104,larryhalverson,Larry Halverson,2024-05-23 23:13:06 UTC,2024-05-24 01:05:01 UTC,research,CC-BY-NC,https://www.inaturalist.org/observations/217790212,https://static.inaturalist.org/photos/385325578/medium.jpg,,"","",2,0,false,3,"Range Road 3225, Mariposa No. 350, SK, CA",51.9548362627,-109.1000604575,22,,,,22,,open,false,,,Baltimore Oriole,Icterus galbula,Calandria de Baltimore,Aves,9346
217790619,251e8cc1-68ec-49e7-bb37-ffd343a6c260,2024/05/23 8:54 AM,2024-05-23,2024-05-23 12:54:00 UTC,Eastern Time (US & Canada),942035,mycapecodadventurepictures,Kevin Lynch,2024-05-23 23:15:38 UTC,2024-05-25 19:05:43 UTC,research,CC-BY,https://www.inaturalist.org/observations/217790619,https://inaturalist-open-data.s3.amazonaws.com/photos/385325444/medium.jpg,,"",,1,0,false,,"Plymouth, MA, USA",41.907009567,-70.569135906,15,,,,15,,open,false,,,Baltimore Oriole,Icterus galbula,Calandria de Baltimore,Aves,9346
217790747,6d30bca1-e193-4884-a032-f88922bab8d8,2024-05-23 12:27:14-06:00,2024-05-23,2024-05-23 18:27:14 UTC,America/Swift_Current,1493104,larryhalverson,Larry Halverson,2024-05-23 23:16:16 UTC,2024-05-24 01:03:28 UTC,research,CC-BY-NC,https://www.inaturalist.org/observations/217790747,https://static.inaturalist.org/photos/385326458/medium.jpg,,"","",2,0,false,3,"Range Road 3225, Mariposa No. 350, SK, CA",51.9548461271,-109.1000217554,33,,,,33,,open,false,,,Baltimore Oriole,Icterus galbula,Calandria de Baltimore,Aves,9346
217802467,5bc9de98-1740-4337-af1e-a87447ee71fa,2024-05-18 11:03:03,2024-05-18,2024-05-18 15:03:03 UTC,Eastern Time (US & Canada),6383045,kitsun3,,2024-05-24 00:30:26 UTC,2024-12-08 03:31:58 UTC,research,CC-BY-NC,https://www.inaturalist.org/observations/217802467,https://inaturalist-open-data.s3.amazonaws.com/photos/385348583/medium.jpeg,,"",,1,0,false,2,"The Kingsway, Etobicoke, ON, Canada",43.6591971313,-79.5002249256,159,,,,159,,open,false,gps,gps,Baltimore Oriole,Icterus galbula,Calandria de Baltimore,Aves,9346
218010670,8cf0a7a8-1807-47c5-b3e7-aaf951d17c3e,2024/05/20 4:13 PM,2024-05-20,2024-05-20 21:13:00 UTC,America/Winnipeg,614422,carolannvermeer,Carol Ann Vermeer,2024-05-25 00:32:07 UTC,2024-05-30 23:18:56 UTC,research,,https://www.inaturalist.org/observations/218010670,https://inaturalist-open-data.s3.amazonaws.com/photos/385739086/medium.jpg,,"",,3,0,false,,"Manitoba, CA",49.9033321799,-97.038755701,2,,,,26454,obscured,open,true,,,Baltimore Oriole,Icterus galbula,Calandria de Baltimore,Aves,9346
218045704,c4c868a3-8153-4c6a-ae79-6403526e097f,2024/05/10 8:36 AM,2024-05-10,2024-05-10 13:36:00 UTC,Central Time (US & Canada),1307999,brendanrattin,,2024-05-25 05:29:41 UTC,2024-06-02 16:12:17 UTC,research,,https://www.inaturalist.org/observations/218045704,https://static.inaturalist.org/photos/385808994/medium.png,,"",,2,0,false,,"Champaign County, IL, USA",40.1277382559,-88.2102559021,45,,,,45,,open,false,,,Baltimore Oriole,Icterus galbula,Calandria de Baltimore,Aves,9346
218148662,4802b82e-4429-4c90-bb02-4f70fa5e8147,2024-05-24 20:25:43,2024-05-24,2024-05-25 00:25:43 UTC,Eastern Time (US & Canada),1068507,ayatana_biophilium,Alexis Williams,2024-05-25 16:44:10 UTC,2024-05-25 22:44:27 UTC,research,CC-BY,https://www.inaturalist.org/observations/218148662,https://inaturalist-open-data.s3.amazonaws.com/photos/385994617/medium.jpeg,,"",,1,0,false,2,"Ottawa, CA-ON, CA",45.3736336806,-75.7942274585,359,,,,359,,open,false,gps,gps,Baltimore Oriole,Icterus galbula,Calandria de Baltimore,Aves,9346
218660005,64faf18e-3957-47c7-9838-b797e37407e0,2024/05/27 8:07 AM,2024-05-27,2024-05-27 13:07:00 UTC,Central Time (US & Canada),7152110,karsen_a,Karsen,2024-05-27 15:39:30 UTC,2024-05-27 15:47:49 UTC,research,CC-BY-NC,https://www.inaturalist.org/observations/218660005,https://inaturalist-open-data.s3.amazonaws.com/photos/386950999/medium.jpeg,,"","",1,0,false,,"Galesburg, IL 61401, USA",40.9889139036,-90.3905118488,2,,,,2,,open,false,,,Baltimore Oriole,Icterus galbula,Calandria de Baltimore,Aves,9346
218670195,20f1cc9e-aac0-4776-a2bf-92ee2f563bb6,2024/05/27 7:18 AM,2024-05-27,2024-05-27 11:18:00 UTC,Eastern Time (US & Canada),164735,belyykit,"",2024-05-27 16:20:24 UTC,2024-05-27 16:30:33 UTC,research,CC-BY-NC,https://www.inaturalist.org/observations/218670195,https://inaturalist-open-data.s3.amazonaws.com/photos/386970865/medium.jpg,,"",,1,0,false,,"Wheaton, Wheaton-Glenmont, MD, USA",39.058846,-77.0383,,,,,,,open,false,,,Baltimore Oriole,Icterus galbula,Calandria de Baltimore,Aves,9346
219777418,fb709f4c-f4a5-49a7-b683-2ccf61803a23,2024/06/01 7:06 AM,2024-06-01,2024-06-01 11:06:00 UTC,Eastern Time (US & Canada),164735,belyykit,"",2024-06-01 16:39:16 UTC,2024-06-02 15:14:20 UTC,research,CC-BY-NC,https://www.inaturalist.org/observations/219777418,https://inaturalist-open-data.s3.amazonaws.com/photos/389039807/medium.jpg,,"",,2,0,false,,"Wheaton, Wheaton-Glenmont, MD, USA",39.058945,-77.038818,,,,,,,open,false,,,Baltimore Oriole,Icterus galbula,Calandria de Baltimore,Aves,9346
219777419,f37f41db-109e-4438-85d5-ef38f07d0ef7,2024/06/01 7:05 AM,2024-06-01,2024-06-01 11:05:00 UTC,Eastern Time (US & Canada),164735,belyykit,"",2024-06-01 16:39:16 UTC,2024-06-02 15:14:22 UTC,research,CC-BY-NC,https://www.inaturalist.org/observations/219777419,https://inaturalist-open-data.s3.amazonaws.com/photos/389039795/medium.jpg,,"",,1,0,false,,"Wheaton, Wheaton-Glenmont, MD, USA",39.058945,-77.038818,,,,,,,open,false,,,Baltimore Oriole,Icterus galbula,Calandria de Baltimore,Aves,9346
219777463,b30f452d-2c4b-451c-b18a-b16b83b97c25,2024/06/01 8:54 AM,2024-06-01,2024-06-01 12:54:00 UTC,Eastern Time (US & Canada),164735,belyykit,"",2024-06-01 16:39:25 UTC,2024-06-02 12:38:40 UTC,research,CC-BY-NC,https://www.inaturalist.org/observations/219777463,https://inaturalist-open-data.s3.amazonaws.com/photos/389039946/medium.jpg,,"",,1,0,false,,"Wheaton, Wheaton-Glenmont, MD, USA",39.058796,-77.0383,,,,,,,open,false,,,Baltimore Oriole,Icterus galbula,Calandria de Baltimore,Aves,9346
219777480,523dae19-d343-496e-a3ad-e57453a21601,2024/06/01 8:57 AM,2024-06-01,2024-06-01 12:57:00 UTC,Eastern Time (US & Canada),164735,belyykit,"",2024-06-01 16:39:27 UTC,2024-12-09 17:30:01 UTC,research,CC-BY-NC,https://www.inaturalist.org/observations/219777480,https://inaturalist-open-data.s3.amazonaws.com/photos/389039970/medium.jpg,,"",,2,0,false,,"Wheaton, Wheaton-Glenmont, MD, USA",39.059612,-77.035553,,,,,,,open,false,,,Baltimore Oriole,Icterus galbula,Calandria de Baltimore,Aves,9346
219777484,03eb7dd6-ceb8-4e18-ae08-7bd4d1f3df64,2024/06/01 8:59 AM,2024-06-01,2024-06-01 12:59:00 UTC,Eastern Time (US & Canada),164735,belyykit,"",2024-06-01 16:39:28 UTC,2024-06-02 15:06:42 UTC,research,CC-BY-NC,https://www.inaturalist.org/observations/219777484,https://inaturalist-open-data.s3.amazonaws.com/photos/389039987/medium.jpg,,"",,2,0,false,,"Wheaton, Wheaton-Glenmont, MD, USA",39.059612,-77.035553,,,,,,,open,false,,,Baltimore Oriole,Icterus galbula,Calandria de Baltimore,Aves,9346
220381965,020aeafb-9a12-48e1-a4d2-0c11e22b4125,2024/06/03 8:12 AM,2024-06-03,2024-06-03 14:12:00 UTC,America/Edmonton,2381056,goatnotes,Jonathan Tales,2024-06-04 01:51:59 UTC,2024-06-04 01:52:24 UTC,research,CC-BY-NC,https://www.inaturalist.org/observations/220381965,https://inaturalist-open-data.s3.amazonaws.com/photos/390178984/medium.jpeg,,"",,1,0,false,,"Newell County No. 4, AB T0J, Canada",50.763818695,-111.5145286574,15,,,,15,,open,false,,,Baltimore Oriole,Icterus galbula,Calandria de Baltimore,Aves,9346
220401454,fcc32045-3542-483b-9150-4493d4cae0d6,2024/06/02 6:33 PM,2024-06-02,2024-06-02 23:33:00 UTC,Central Time (US & Canada),24865,cnacree,Chris Acree,2024-06-04 04:12:49 UTC,2024-06-04 04:12:55 UTC,research,CC-BY-SA,https://www.inaturalist.org/observations/220401454,https://inaturalist-open-data.s3.amazonaws.com/photos/390217465/medium.jpeg,,"","",1,0,false,,"Texas, US",32.7413653653,-97.5232746028,8,,,,29066,obscured,open,true,,,Baltimore Oriole,Icterus galbula,Calandria de Baltimore,Aves,9346
220537384,0bbf9dbf-2912-4314-8818-872d2bcba40c,2024-06-04 13:09:48,2024-06-04,2024-06-04 17:09:48 UTC,Eastern Time (US & Canada),2577237,tedweber1,Ted Weber,2024-06-04 19:43:06 UTC,2024-12-25 00:19:10 UTC,research,CC-BY-NC,https://www.inaturalist.org/observations/220537384,https://inaturalist-open-data.s3.amazonaws.com/photos/390469283/medium.jpeg,,"",,1,0,false,2,"Kinder Farm, MD",39.0976201608,-76.5826014429,100,,,,100,,open,false,gps,gps,Baltimore Oriole,Icterus galbula,Calandria de Baltimore,Aves,9346
220746815,f026164d-98ab-4f17-8b6f-aef82f3a4b5d,2024-06-05 14:12:34-04:00,2024-06-05,2024-06-05 18:12:34 UTC,Eastern Time (US & Canada),3441282,moicastro8,Moi CA,2024-06-05 19:55:34 UTC,2024-06-10 17:10:02 UTC,research,CC-BY-NC,https://www.inaturalist.org/observations/220746815,https://inaturalist-open-data.s3.amazonaws.com/photos/390858625/medium.jpg,,"","",1,0,false,3,"Main St, Brewster, MA, US",41.755745,-70.0914221667,7,,,,7,,open,false,,,Baltimore Oriole,Icterus galbula,Calandria de Baltimore,Aves,9346
220812666,baa3c32a-3269-4695-8c77-0abc1aa828f7,2024/06/05 12:45 PM,2024-06-05,2024-06-05 17:45:00 UTC,Central Time (US & Canada),24865,cnacree,Chris Acree,2024-06-06 02:57:51 UTC,2024-06-06 03:17:34 UTC,research,CC-BY-SA,https://www.inaturalist.org/observations/220812666,https://inaturalist-open-data.s3.amazonaws.com/photos/390985980/medium.jpeg,,"",,1,0,false,,"Benbrook, TX, USA",32.6667638763,-97.4710785778,2,,,,2,,open,false,,,Baltimore Oriole,Icterus galbula,Calandria de Baltimore,Aves,9346
221145897,61d92b8e-1230-4b39-940b-08b4f192fcda,2023/02/05 1:47 PM,2023-02-05,2023-02-05 19:47:00 UTC,America/Belize,5161870,jimgain58,Jim Gain,2024-06-07 18:31:36 UTC,2024-12-13 18:24:25 UTC,research,CC-BY-NC,https://www.inaturalist.org/observations/221145897,https://inaturalist-open-data.s3.amazonaws.com/photos/391606623/medium.jpg,,"Belize, Belize District, Crooked Tree Wildlife Sanctuary--Bird's Eye View Lodge, Eagle-Eye Tour, Yucatán Peninsula, eBird Checklist S127996498",,3,0,false,,"PFM7+W53 Crooked Tree Wildlife Sanctuary, Crooked Tree, Belize",17.7347541,-88.537079,207,,,,207,,open,false,,,Baltimore Oriole,Icterus galbula,Calandria de Baltimore,Aves,9346
221182570,58f17ef0-05fa-43ee-ac1b-fd46a471990f,2024/05/31 3:45 PM,2024-05-31,2024-05-31 19:45:00 UTC,America/Detroit,521338,gpete,"",2024-06-07 21:48:38 UTC,2024-06-09 00:33:23 UTC,research,CC-BY,https://www.inaturalist.org/observations/221182570,https://inaturalist-open-data.s3.amazonaws.com/photos/391677929/medium.jpeg,,"",,1,0,false,,"Bangor Tt, Bay, MI, USA",43.6611582645,-83.9140583476,137,,,,137,,open,false,,,Baltimore Oriole,Icterus galbula,Calandria de Baltimore,Aves,9346
221387197,0c500989-0abc-45e5-8955-37cfd0b8797c,2024-06-08 15:33:04-04:00,2024-06-08,2024-06-08 19:33:04 UTC,Eastern Time (US & Canada),1931420,flapjack3,,2024-06-08 19:35:09 UTC,2024-06-08 19:41:04 UTC,research,CC-BY-NC,https://www.inaturalist.org/observations/221387197,https://inaturalist-open-data.s3.amazonaws.com/photos/392051467/medium.jpg,,"","",1,0,false,3,"Longs Park, Lancaster, PA, US",40.0636166667,-76.3319083333,4,,,,4,,open,false,,,Baltimore Oriole,Icterus galbula,Calandria de Baltimore,Aves,9346
221663246,c3c8f86b-d849-4269-b2a6-ac948b0a13d0,2024/06/09 8:09 AM,2024-06-09,2024-06-09 12:09:00 UTC,Eastern Time (US & Canada),164735,belyykit,"",2024-06-09 20:31:30 UTC,2024-06-10 12:54:31 UTC,research,CC-BY-NC,https://www.inaturalist.org/observations/221663246,https://inaturalist-open-data.s3.amazonaws.com/photos/392561514/medium.jpg,,"",,1,0,false,,"Wheaton, Wheaton-Glenmont, MD, USA",39.058746,-77.037743,,,,,,,open,false,,,Baltimore Oriole,Icterus galbula,Calandria de Baltimore,Aves,9346
221682490,de16d439-7e48-4cd4-b000-7672ea05dfc6,2024-06-09 08:21:07-04:00,2024-06-09,2024-06-09 12:21:07 UTC,Eastern Time (US & Canada),7637034,curioustattooist,Justin Rakowski,2024-06-09 22:01:36 UTC,2024-07-14 22:40:55 UTC,research,,https://www.inaturalist.org/observations/221682490,https://static.inaturalist.org/photos/392599518/medium.jpg,,"","",3,0,false,3,"FDR Park, Philadelphia, PA, US",39.9031676878,-75.1814003278,678,,,,678,,open,false,,,Baltimore Oriole,Icterus galbula,Calandria de Baltimore,Aves,9346
221683080,58a7c3d2-1efe-40fd-bb07-5f1a2baca622,2024-06-09 08:44:57-04:00,2024-06-09,2024-06-09 12:44:57 UTC,Eastern Time (US & Canada),7637034,curioustattooist,Justin Rakowski,2024-06-09 22:04:21 UTC,2024-07-14 22:40:34 UTC,research,,https://www.inaturalist.org/observations/221683080,https://static.inaturalist.org/photos/392600618/medium.jpg,,"","",3,0,false,3,"FDR Park, Philadelphia, PA, US",39.9035085841,-75.1849077399,1412,,,,1412,,open,false,,,Baltimore Oriole,Icterus galbula,Calandria de Baltimore,Aves,9346
221740521,b6f42321-4f73-4d8a-a5e9-e37dd97362b6,2024-06-09 11:29:13-04:00,2024-06-09,2024-06-09 15:29:13 UTC,Eastern Time (US & Canada),4003509,gabriel819,Gabriel Diggs,2024-06-10 03:25:28 UTC,2025-06-11 13:20:57 UTC,research,CC-BY-NC,https://www.inaturalist.org/observations/221740521,https://inaturalist-open-data.s3.amazonaws.com/photos/392711068/medium.jpg,,"","",3,0,false,3,"Democracy Blvd, Bethesda, MD, US",39.0242488245,-77.1525027549,23,,,,23,,open,false,,,Baltimore Oriole,Icterus galbula,Calandria de Baltimore,Aves,9346
221895642,228ca461-a448-4f29-89d7-c32d3acb4f2a,2024/05/26 10:06 AM,2024-05-26,2024-05-26 14:06:00 UTC,Eastern Time (US & Canada),7254771,twistedspruce,,2024-06-10 20:45:14 UTC,2024-07-15 11:13:27 UTC,research,CC-BY-NC,https://www.inaturalist.org/observations/221895642,https://inaturalist-open-data.s3.amazonaws.com/photos/392999630/medium.jpeg,,"",was weaving a nest when hawk showed up,1,0,false,,"Southcrest, London, ON, Canada",42.9745591893,-81.268960283,31,,,,31,,open,false,,,Baltimore Oriole,Icterus galbula,Calandria de Baltimore,Aves,9346
222168091,050578f4-ced2-4f5b-b138-8235b3c4b24b,2024/06/01 12:19 PM,2024-06-01,2024-06-01 18:19:00 UTC,America/Edmonton,499708,jasonheadley,Jason Headley,2024-06-12 03:09:46 UTC,2025-04-08 18:00:08 UTC,research,CC-BY,https://www.inaturalist.org/observations/222168091,https://inaturalist-open-data.s3.amazonaws.com/photos/393499839/medium.jpg,,"",,3,0,false,,"Cypress County, AB, Canada",49.6614733333,-110.041025,,,,,,,open,false,,,Baltimore Oriole,Icterus galbula,Calandria de Baltimore,Aves,9346
222587399,9e0b4309-c524-4aad-b813-ec99ee2f40ee,2024-06-13 16:59:04-04:00,2024-06-13,2024-06-13 20:59:04 UTC,Eastern Time (US & Canada),5143352,alexheffernan,Alex Heffernan,2024-06-14 05:19:52 UTC,2025-08-11 05:12:54 UTC,research,CC-BY-NC,https://www.inaturalist.org/observations/222587399,https://inaturalist-open-data.s3.amazonaws.com/photos/394310171/medium.jpg,,"",feeding chicks,4,0,false,3,"Ontario, CA",42.9585017864,-79.2695584086,3,,,,27568,obscured,open,true,,,Baltimore Oriole,Icterus galbula,Calandria de Baltimore,Aves,9346
223468174,65d9da76-6ed7-4b29-a382-459bc94a4d31,2024-06-17 15:13:12-04:00,2024-06-17,2024-06-17 19:13:12 UTC,Eastern Time (US & Canada),572980,sadawolk,Sandy Wolkenberg,2024-06-18 02:31:55 UTC,2024-06-18 15:43:06 UTC,research,CC-BY,https://www.inaturalist.org/observations/223468174,https://inaturalist-open-data.s3.amazonaws.com/photos/395963580/medium.jpg,,"","",1,0,false,3,"Webster, NY, US",43.1927216667,-77.512755,35,,,,35,,open,false,,,Baltimore Oriole,Icterus galbula,Calandria de Baltimore,Aves,9346
223976812,72e7c4ca-d789-4409-958c-9b226ff46ee6,2024/06/19 11:16 AM,2024-06-19,2024-06-19 15:16:00 UTC,Eastern Time (US & Canada),5158703,sfreeman7,,2024-06-20 14:12:02 UTC,2024-08-20 03:22:14 UTC,research,CC-BY-NC,https://www.inaturalist.org/observations/223976812,https://inaturalist-open-data.s3.amazonaws.com/photos/396910656/medium.jpeg,,"",This post is for the adult.,3,0,false,,"Colonel  Samuel Smith Park, Toronto, ON, Canada",43.5906511232,-79.5131823425,683,,,,683,,open,false,,,Baltimore Oriole,Icterus galbula,Calandria de Baltimore,Aves,9346
224252446,c0b2d140-ccf7-4873-b223-f72231d42939,2024/06/07 12:56 PM,2024-06-07,2024-06-07 16:56:00 UTC,Eastern Time (US & Canada),3610149,naturejeanne,Sandy Thomas,2024-06-21 20:17:51 UTC,2024-11-21 00:27:46 UTC,research,CC-BY-NC,https://www.inaturalist.org/observations/224252446,https://inaturalist-open-data.s3.amazonaws.com/photos/397416387/medium.jpg,,"",,2,0,false,,"West Shore Drive Bridge and Trail, Lake Ontelaunee, Berks County, PA, USA",40.4729592825,-75.9201486909,4,,,,4,,open,false,,,Baltimore Oriole,Icterus galbula,Calandria de Baltimore,Aves,9346
224445211,8f845283-fae6-4901-9981-0ab3a00465e3,2024/06/14 6:32 AM,2024-06-14,2024-06-14 10:32:00 UTC,Eastern Time (US & Canada),3928265,jbeusmans,Jack Beusmans,2024-06-22 17:55:59 UTC,2024-06-24 13:24:04 UTC,needs_id,CC0,https://www.inaturalist.org/observations/224445211,https://inaturalist-open-data.s3.amazonaws.com/photos/397795555/medium.jpeg,,"","Hear the oriole all the time, but hard to get a glimpse because of the dense foliage.",0,0,false,,"Medford, MA, USA",42.4167706182,-71.1142444593,45,,,,45,,open,false,,,Baltimore Oriole,Icterus galbula,Calandria de Baltimore,Aves,9346
224966649,40b08db6-427b-4b21-afb5-df737a2c9346,2024-06-24 14:42:41,2024-06-24,2024-06-24 19:42:41 UTC,Central Time (US & Canada),8291487,hylerhunter,,2024-06-24 21:00:17 UTC,2025-10-16 04:36:15 UTC,research,CC-BY-NC,https://www.inaturalist.org/observations/224966649,https://inaturalist-open-data.s3.amazonaws.com/photos/398793088/medium.jpeg,,"",,1,0,false,2,"Stratford, IA 50249, USA",42.3227298847,-93.9170477539,66,,,,66,,open,false,gps,gps,Baltimore Oriole,Icterus galbula,Calandria de Baltimore,Aves,9346
225418728,f721f6fe-24cf-443a-a2bc-2018d01466e3,2024/05/13 1:09 PM,2024-05-13,2024-05-13 17:09:00 UTC,Eastern Time (US & Canada),767612,camat,,2024-06-27 00:39:02 UTC,2025-05-13 04:07:57 UTC,research,,https://www.inaturalist.org/observations/225418728,https://static.inaturalist.org/photos/399656010/medium.jpeg,,"",,2,0,false,,"Pincourt, QC, Canada",45.3770298351,-73.9817743716,1,,,,1,,open,false,,,Baltimore Oriole,Icterus galbula,Calandria de Baltimore,Aves,9346
225527901,33ae0139-66af-492e-be3a-f44548dad796,2024-05-29 22:48:39-04:00,2024-05-29,2024-05-30 02:48:39 UTC,Eastern Time (US & Canada),3801217,sean05,,2024-06-27 15:39:02 UTC,2024-06-27 15:39:46 UTC,research,CC-BY-NC,https://www.inaturalist.org/observations/225527901,https://inaturalist-open-data.s3.amazonaws.com/photos/399863980/medium.jpg,,"","",1,0,false,3,"Stadacona Ave, Hamilton, ON, CA",43.208418375,-79.9985349451,95,,,,95,,open,false,,,Baltimore Oriole,Icterus galbula,Calandria de Baltimore,Aves,9346
225792590,47d0d995-dab6-4db3-af16-2917b868fccd,2024/06/25 11:07 AM,2024-06-25,2024-06-25 15:07:00 UTC,Eastern Time (US & Canada),747474,christineyoung,Christine Young,2024-06-28 20:51:23 UTC,2025-03-29 15:45:15 UTC,research,CC-BY,https://www.inaturalist.org/observations/225792590,https://inaturalist-open-data.s3.amazonaws.com/photos/400364069/medium.jpg,,mulberry,,1,0,false,,"New Milford, CT, USA",41.574475092,-73.4263993422,5863,,,,5863,,open,false,,,Icterus galbula,Icterus galbula,Calandria de Baltimore,Aves,9346
225998542,f6003ea0-e2a8-4473-abfc-352cce6944d1,2024-06-15 08:33:49-04:00,2024-06-15,2024-06-15 12:33:49 UTC,Eastern Time (US & Canada),924777,katbird11,Katie Ruth,2024-06-29 18:50:08 UTC,2025-11-23 04:59:12 UTC,research,CC-BY-NC,https://www.inaturalist.org/observations/225998542,https://inaturalist-open-data.s3.amazonaws.com/photos/400750152/medium.jpg,,"","",1,0,false,3,"FDR Park, Philadelphia, PA, US",39.9037727477,-75.1840528886,1684,,,,1684,,open,false,,,Baltimore Oriole,Icterus galbula,Calandria de Baltimore,Aves,9346
227160304,23c5412a-bbf7-4770-9038-088939cf877f,2011/05/15 6:14 AM,2011-05-15,2011-05-15 10:14:00 UTC,Eastern Time (US & Canada),7079956,jtajax,,2024-07-04 19:33:54 UTC,2024-07-11 02:20:19 UTC,research,CC-BY-NC,https://www.inaturalist.org/observations/227160304,https://inaturalist-open-data.s3.amazonaws.com/photos/402948849/medium.jpg,,"",,3,0,false,,"Euclid, OH, USA",41.6107405067,-81.527332118,977,,,,977,,open,false,,,Baltimore Oriole,Icterus galbula,Calandria de Baltimore,Aves,9346
227297271,f366a548-3894-410d-a696-38eb5d3b1c8b,2021/06/06 10:47,2021-06-06,2021-06-06 14:47:00 UTC,Eastern Time (US & Canada),3216399,garsola,Mario Pelletier,2024-07-05 13:46:18 UTC,2025-05-13 04:08:17 UTC,research,CC-BY-NC,https://www.inaturalist.org/observations/227297271,https://static.inaturalist.org/photos/403213338/medium.jpeg,,"5 étoiles, Albumespèces, oiseaux, Qc",,1,0,false,,"Pointe-des-Cascades, QC, Canada",45.3331777778,-73.9594444444,,,,,,,open,false,,,Oriole de Baltimore,Icterus galbula,Calandria de Baltimore,Aves,9346
227812040,801dc693-32e4-47af-98a6-e9ed2a98e37c,2024-07-04 10:00:43-05:00,2024-07-04,2024-07-04 15:00:43 UTC,Central Time (US & Canada),3464068,lpoolilil,,2024-07-07 17:10:19 UTC,2025-11-12 13:55:43 UTC,research,CC-BY-NC,https://www.inaturalist.org/observations/227812040,https://inaturalist-open-data.s3.amazonaws.com/photos/404182274/medium.jpg,,"","",2,0,false,3,"Leon D Larson Memorial Park, Sycamore, IL, US",42.000544445,-88.696305,86,,,,86,,open,false,,,Baltimore Oriole,Icterus galbula,Calandria de Baltimore,Aves,9346
227835748,822fdcba-4f33-430b-8dcf-378f827c7dac,2022/10/08 ,2022-10-08,,London,8339441,grahamemadge,Grahame Madge,2024-07-07 18:39:40 UTC,2026-02-08 17:47:12 UTC,research,CC0,https://www.inaturalist.org/observations/227835748,https://inaturalist-open-data.s3.amazonaws.com/photos/404227160/medium.jpg,,"","Bird stayed for one day, found and identified by other observers. ",8,0,false,,"Devon, UK",51.165286096,-4.6629093244,15,,,,15,,open,false,,,Baltimore Oriole,Icterus galbula,Calandria de Baltimore,Aves,9346
228778269,2a7f3943-05d8-4647-864e-8eda44d41660,2024/03/01 12:53 PM,2024-03-01,2024-03-01 18:53:00 UTC,America/Costa_Rica,805535,nathalie_geelen,Nathalie Geelen,2024-07-12 07:02:57 UTC,2024-08-16 20:40:42 UTC,research,CC-BY,https://www.inaturalist.org/observations/228778269,https://static.inaturalist.org/photos/405802522/medium.jpg,,"",,1,0,false,,"Cinchona, Provincia de Alajuela, Alajuela, Costa Rica",10.2223206914,-84.1672426607,2,,,,2,,open,false,,,Baltimore Oriole,Icterus galbula,Calandria de Baltimore,Aves,9346
229427160,94b19a53-bbc3-4a33-8d79-eafd05dbe499,2024-05-07 10:24:33-04:00,2024-05-07,2024-05-07 14:24:33 UTC,Eastern Time (US & Canada),644109,ngiladmuth,"",2024-07-15 04:15:49 UTC,2024-07-15 04:54:02 UTC,research,,https://www.inaturalist.org/observations/229427160,https://static.inaturalist.org/photos/407249252/medium.jpeg,,"","",1,0,false,3,"Haverford College, Haverford, PA, US",40.0110344251,-75.303917024,66,,,,66,,open,false,,,Baltimore Oriole,Icterus galbula,Calandria de Baltimore,Aves,9346
230779276,9c74c601-40e0-44f0-9578-b80e522f84c3,2024/07/19 6:14 PM,2024-07-19,2024-07-19 22:14:00 UTC,Eastern Time (US & Canada),476698,garden_chaos,garden_chaos,2024-07-21 16:22:28 UTC,2025-04-05 23:44:50 UTC,research,CC-BY-NC,https://www.inaturalist.org/observations/230779276,https://inaturalist-open-data.s3.amazonaws.com/photos/409790142/medium.jpeg,,"","This oriole was eating a spotted lanternfly! I think it ate more than one of them. It held it between it's feet and whacked it with it's beak like it was a peanut. Then it rubbed it on a branch, and then swallowed it. It seemed to go back to the willow tree where the lanternflies gather.",1,0,false,,"New York, US",40.9311377549,-73.8192735688,184,,,,27877,obscured,open,true,,,Baltimore Oriole,Icterus galbula,Calandria de Baltimore,Aves,9346
231737904,424962e1-175d-415f-a9a8-88bee1cb7b5d,2024/07/24 09:15,2024-07-24,2024-07-24 13:15:00 UTC,Eastern Time (US & Canada),5483063,biscotte2,Biscotte,2024-07-26 01:15:05 UTC,2024-07-26 15:03:58 UTC,needs_id,CC-BY-NC,https://www.inaturalist.org/observations/231737904,https://inaturalist-open-data.s3.amazonaws.com/photos/411624250/medium.jpg,,"",,0,0,false,,"Rosemère, QC, Canada",45.6299583083,-73.8024820719,31,,,,31,,open,false,,,Oriole de Baltimore,Icterus galbula,Calandria de Baltimore,Aves,9346
231834233,61cf092f-d79e-455f-bee1-2c4e5bc449e1,2024/07/21 8:03 AM,2024-07-21,2024-07-21 12:03:00 UTC,Eastern Time (US & Canada),741170,johnserrao,John Serrao,2024-07-26 15:24:19 UTC,2024-07-26 23:45:13 UTC,research,CC-BY-NC,https://www.inaturalist.org/observations/231834233,https://inaturalist-open-data.s3.amazonaws.com/photos/411787223/medium.jpeg,,"",,1,0,false,,"Vischer Ferry, NY 12148, USA",42.7972995,-73.8284549,186,,,,186,,open,false,,,Baltimore Oriole,Icterus galbula,Calandria de Baltimore,Aves,9346
234869995,acd9edd9-fc12-4c40-b714-6df3712d18fd,2021/11/29 14:31,2021-11-29,2021-11-29 20:31:00 UTC,America/Costa_Rica,7864791,patrick-monney,,2024-08-10 13:20:04 UTC,2024-08-11 23:29:39 UTC,research,CC-BY-NC,https://www.inaturalist.org/observations/234869995,https://static.inaturalist.org/photos/417610496/medium.jpg,,"",,2,0,false,,"1 km este de Tuis de Turrialba entrada a mano izquierda enfrente Jasec, Cartago Province, Tayutic, 30508, Costa Rica",9.8321044,-83.563891,217,,,,217,,open,false,,,Oriole de Baltimore,Icterus galbula,Calandria de Baltimore,Aves,9346
234869999,a871b1bd-47bf-4358-82c7-ecbf625b73b6,2021/11/23 11:56,2021-11-23,2021-11-23 17:56:00 UTC,America/Costa_Rica,7864791,patrick-monney,,2024-08-10 13:20:05 UTC,2024-08-12 01:19:14 UTC,research,CC-BY-NC,https://www.inaturalist.org/observations/234869999,https://static.inaturalist.org/photos/417610574/medium.jpg,,"",,2,0,false,,"Tortuguero, Limón, Costa Rica",10.538996649,-83.5010289994,61,,,,61,,open,false,,,Oriole de Baltimore,Icterus galbula,Calandria de Baltimore,Aves,9346
235000461,4cca7038-1cc5-48f9-aeb8-75222bfa6a79,2022/06/11 5:24 PM,2022-06-11,2022-06-11 22:24:00 UTC,Central Time (US & Canada),8244242,scwraw,Stanley Wood,2024-08-11 00:19:23 UTC,2024-08-11 05:36:12 UTC,research,CC-BY-NC,https://www.inaturalist.org/observations/235000461,https://inaturalist-open-data.s3.amazonaws.com/photos/417865484/medium.jpg,,"",,2,0,false,,"Sawyer County, WI, USA",45.8934415707,-90.9334102322,8,,,,8,,open,false,,,Baltimore Oriole,Icterus galbula,Calandria de Baltimore,Aves,9346
235231313,0640540e-abd3-43ec-a7aa-38786ca00492,2017/05/17 12:00 pm,2017-05-17,2017-05-17 16:00:00 UTC,Eastern Time (US & Canada),1686639,phillyphantailphan,"",2024-08-11 23:32:18 UTC,2024-08-13 13:54:53 UTC,research,CC-BY-NC,https://www.inaturalist.org/observations/235231313,https://inaturalist-open-data.s3.amazonaws.com/photos/418305714/medium.jpeg,,"",,2,0,false,,"Huntingdon Valley, Bryn Athyn, PA, USA",40.1391741608,-75.0758553598,314,,,,314,,open,false,,,Baltimore Oriole,Icterus galbula,Calandria de Baltimore,Aves,9346
235262021,a508f304-0245-48f6-b84f-bff7fe33e0b2,2024-08-11 16:32:59-07:00,2024-08-11,2024-08-11 23:32:59 UTC,Central Time (US & Canada),4794263,jennbixby,Jennifer Danhaus,2024-08-12 02:49:27 UTC,2024-08-12 03:02:53 UTC,research,CC-BY-NC,https://www.inaturalist.org/observations/235262021,https://inaturalist-open-data.s3.amazonaws.com/photos/418369906/medium.jpeg,,"","",1,0,false,3,"Bluegill Bay Park, Wausau, WI, US",44.9255241644,-89.6387926256,43,,,,43,,open,false,,,Baltimore Oriole,Icterus galbula,Calandria de Baltimore,Aves,9346
235593417,4116e09a-3a1f-4b5b-9a31-ef3c84e449eb,2023/05/27 12:23 PM,2023-05-27,2023-05-27 16:23:00 UTC,Eastern Time (US & Canada),8370287,deborahmosher,Deborah Mosher,2024-08-13 19:42:19 UTC,2025-12-30 14:37:11 UTC,research,CC-BY-NC,https://www.inaturalist.org/observations/235593417,https://inaturalist-open-data.s3.amazonaws.com/photos/418977714/medium.jpeg,,"","",1,0,false,,"Leeds and Grenville United Counties, ON, Canada",44.34435,-76.19103,,,,,,,open,false,,,Baltimore Oriole,Icterus galbula,Calandria de Baltimore,Aves,9346
236218054,36ab6bec-c370-4c99-a755-6b4884b96177,2024/08/15 4:55 PM,2024-08-15,2024-08-15 20:55:00 UTC,America/Detroit,1659590,hwise01,Heather A. Wise,2024-08-17 04:54:17 UTC,2024-09-04 04:12:42 UTC,research,CC-BY-NC,https://www.inaturalist.org/observations/236218054,https://inaturalist-open-data.s3.amazonaws.com/photos/420220336/medium.jpg,,"",,3,0,false,,"Odell Rd, Fowlerville, MI 48836, USA",42.5752344,-84.1305269,996,,,,996,,open,false,,,Baltimore Oriole,Icterus galbula,Calandria de Baltimore,Aves,9346
236985491,8b1ed5fc-9fd8-42cd-a007-ebcfb241ca05,2024-08-20 11:50:00-04:00,2024-08-20,2024-08-20 15:50:00 UTC,Eastern Time (US & Canada),8464299,skwinnicki,SK Winnicki,2024-08-20 20:51:49 UTC,2024-12-19 18:30:58 UTC,research,CC-BY-NC,https://www.inaturalist.org/observations/236985491,https://inaturalist-open-data.s3.amazonaws.com/photos/421693273/medium.jpeg,,"","",1,0,false,3,"Ohio, US",41.0047261551,-81.8266873164,22,,,,27847,obscured,open,true,,,Baltimore Oriole,Icterus galbula,Calandria de Baltimore,Aves,9346
236985598,7b254ec2-79e2-4ef5-a86e-4f113b9e6c9c,2024-08-20 11:49:00-04:00,2024-08-20,2024-08-20 15:49:00 UTC,Eastern Time (US & Canada),8464299,skwinnicki,SK Winnicki,2024-08-20 20:52:34 UTC,2024-12-19 18:30:48 UTC,research,CC-BY-NC,https://www.inaturalist.org/observations/236985598,https://inaturalist-open-data.s3.amazonaws.com/photos/421693568/medium.jpeg,,"","",1,0,false,3,"Ohio, US",41.1447793181,-81.914599093,22,,,,27847,obscured,open,true,,,Baltimore Oriole,Icterus galbula,Calandria de Baltimore,Aves,9346
237677547,ea8119d7-976d-43fb-a8ff-f0f4a9c7f663,2024/08/23 7:57 AM,2024-08-23,2024-08-23 12:57:00 UTC,Central Time (US & Canada),3644569,meleagle,,2024-08-24 17:08:29 UTC,2024-08-27 14:59:22 UTC,research,CC-BY-NC,https://www.inaturalist.org/observations/237677547,https://inaturalist-open-data.s3.amazonaws.com/photos/423024932/medium.jpg,,"",,1,0,false,,"Lyon County, KY, USA",36.8946231553,-88.1017394456,15,,,,15,,open,false,,,Baltimore Oriole,Icterus galbula,Calandria de Baltimore,Aves,9346
237867507,ec6230c3-f439-4193-9c51-d5fca6d026c4,2024/08/25 8:36 AM,2024-08-25,2024-08-25 12:36:00 UTC,Eastern Time (US & Canada),5618958,plauche,Michael W Plauché,2024-08-25 15:02:24 UTC,2025-03-20 13:09:30 UTC,research,CC-BY-NC,https://www.inaturalist.org/observations/237867507,https://inaturalist-open-data.s3.amazonaws.com/photos/423396397/medium.jpeg,,"","",1,0,false,,"Brevard, NC, USA",35.2535406383,-82.7118663731,15,,,,15,,open,false,,,Baltimore Oriole,Icterus galbula,Calandria de Baltimore,Aves,9346
238694711,3d806187-96bc-4367-9f1a-e0793b44201e,2019-05-15 12:56:32-04:00,2019-05-15,2019-05-15 16:56:32 UTC,Eastern Time (US & Canada),8505586,kristy_lynx,Kristy Burgess,2024-08-30 00:46:30 UTC,2024-12-04 14:40:26 UTC,research,,https://www.inaturalist.org/observations/238694711,https://static.inaturalist.org/photos/424993419/medium.jpeg,,"","",2,0,false,3,"Niagara Parks Botanical Gardens, Niagara Falls, ON, CA",43.1385941568,-79.0539663165,372,,,,372,,open,false,,,Baltimore Oriole,Icterus galbula,Calandria de Baltimore,Aves,9346
238788240,b205820e-ecc9-460a-9a81-2b04be2fdb3f,2024/08/22 9:25 AM,2024-08-22,2024-08-22 13:25:00 UTC,Indiana (East),4271570,nancylightfoot,"",2024-08-30 15:39:28 UTC,2024-08-30 19:19:59 UTC,research,CC-BY-NC,https://www.inaturalist.org/observations/238788240,https://inaturalist-open-data.s3.amazonaws.com/photos/425176322/medium.jpg,,"",,4,0,false,,"Monroe County, IN, USA",39.0165363279,-86.4854774542,31,,,,31,,open,false,,,Baltimore Oriole,Icterus galbula,Calandria de Baltimore,Aves,9346
239877779,28fcac2f-32d7-484d-9aac-7e92e243220c,2024-09-04 13:06:56-05:00,2024-09-04,2024-09-04 18:06:56 UTC,Central Time (US & Canada),6974377,andrewquercus,Andrew Heckmann,2024-09-04 23:06:42 UTC,2025-04-22 13:19:36 UTC,research,CC-BY-NC,https://www.inaturalist.org/observations/239877779,https://inaturalist-open-data.s3.amazonaws.com/photos/427288927/medium.jpeg,,"",Never have seen one here.,3,0,false,3,"Oak Forest Dr, Bryan, TX, US",30.6748768062,-96.3185617148,360,,,,360,,open,false,,,Baltimore Oriole,Icterus galbula,Calandria de Baltimore,Aves,9346
241196194,e1273188-9793-4a05-8539-bfe5f23ee3c7,2024/09/11 1:35 PM,2024-09-11,2024-09-11 19:35:00 UTC,Mexico City,54220,aplomadobirdy,Big Birdy,2024-09-11 23:17:42 UTC,2024-09-14 05:01:10 UTC,research,CC-BY-NC-ND,https://www.inaturalist.org/observations/241196194,https://static.inaturalist.org/photos/429826203/medium.jpg,,"",,2,0,false,,"Reserva Territorial, Col. Santa Bárbara, Ver., México",19.5062972536,-96.8807081771,977,,,,977,,open,false,,,Calandria de Baltimore,Icterus galbula,Calandria de Baltimore,Aves,9346
241690708,cf54540e-10dc-4115-8a0e-c187cd06472d,2024-09-14 12:58:24-04:00,2024-09-14,2024-09-14 16:58:24 UTC,Eastern Time (US & Canada),161086,cypselurus,Larry Chen,2024-09-14 17:55:14 UTC,2025-04-08 02:32:38 UTC,research,CC-BY-NC,https://www.inaturalist.org/observations/241690708,https://inaturalist-open-data.s3.amazonaws.com/photos/430782208/medium.jpeg,,"","",1,0,false,3,"Cape Hatteras National Seashore, Nags Head, NC, US",35.839495,-75.560016,214,,,,214,,open,false,,,Icterus galbula,Icterus galbula,Calandria de Baltimore,Aves,9346
241720848,23f11fbc-c7f5-4372-aa16-0f8b318bfb5d,2024/09/14 12:58 PM,2024-09-14,2024-09-14 16:58:00 UTC,Eastern Time (US & Canada),232439,harrier,"",2024-09-14 20:22:20 UTC,2024-10-27 02:20:05 UTC,research,CC-BY,https://www.inaturalist.org/observations/241720848,https://inaturalist-open-data.s3.amazonaws.com/photos/430836336/medium.jpeg,,"","",1,0,false,,"Dare County, NC, USA",35.839451,-75.560229,476,,,,476,,open,false,,,Baltimore Oriole,Icterus galbula,Calandria de Baltimore,Aves,9346
242170623,4b5feda7-6d47-4ee9-831c-883c4be1aad4,2024/09/15 10:20 AM,2024-09-15,2024-09-15 16:20:00 UTC,Mexico City,535202,camamed,Carlos Arturo Marín Medina,2024-09-16 21:18:29 UTC,2024-09-17 05:47:25 UTC,research,CC-BY-NC,https://www.inaturalist.org/observations/242170623,https://inaturalist-open-data.s3.amazonaws.com/photos/431690310/medium.jpeg,,"","",2,0,false,,"Campo Nuevo, Xalapa-Enríquez, Ver., México",19.5149727551,-96.8928309809,454,,,,454,,open,false,,,Calandria de Baltimore,Icterus galbula,Calandria de Baltimore,Aves,9346
245008088,d274340c-e7c0-444e-a9e6-ad5ed687e34b,2024/09/30 12:02 PM,2024-09-30,2024-09-30 18:02:00 UTC,Mexico City,535202,camamed,Carlos Arturo Marín Medina,2024-10-01 02:11:23 UTC,2024-10-01 23:52:45 UTC,research,CC-BY-NC,https://www.inaturalist.org/observations/245008088,https://inaturalist-open-data.s3.amazonaws.com/photos/437127922/medium.jpeg,,"",,1,0,false,,"Jardines de las Animas, 91190 Xalapa-Enríquez, Ver., México",19.5270955079,-96.8862141075,641,,,,641,,open,false,,,Calandria de Baltimore,Icterus galbula,Calandria de Baltimore,Aves,9346
245136476,9f3e3325-9ad9-43d3-b4a0-c37c42fa4ddc,2024/09/28 2:30 PM,2024-09-28,2024-09-28 19:30:00 UTC,Central Time (US & Canada),1499212,adkonings,Ad Konings,2024-10-01 21:14:23 UTC,2024-10-02 16:26:15 UTC,research,CC-BY-NC,https://www.inaturalist.org/observations/245136476,https://inaturalist-open-data.s3.amazonaws.com/photos/437379817/medium.jpg,,"",,1,0,false,,"Port Aransas, TX, USA",27.82736,-97.0786133333,3,,,,3,,open,false,,,Baltimore Oriole,Icterus galbula,Calandria de Baltimore,Aves,9346
245418918,1e90f5dc-c2b1-4796-8198-ba52ec06cfee,2024/05/22 10:04 AM,2024-05-22,2024-05-22 14:04:00 UTC,America/Nipigon,6460835,josearmandoaa,,2024-10-03 16:08:44 UTC,2024-10-10 21:31:03 UTC,research,CC-BY-NC,https://www.inaturalist.org/observations/245418918,https://inaturalist-open-data.s3.amazonaws.com/photos/437935888/medium.jpg,,"",,1,0,false,,"Mono, ON, Canadá",43.9406146307,-80.0735832457,300,,,,300,,open,false,,,Calandria de Baltimore,Icterus galbula,Calandria de Baltimore,Aves,9346
245512069,402136cd-dc2b-4c32-bba8-3b00fe8086d2,2024-10-02 00:27:26,2024-10-02,2024-10-02 06:27:26 UTC,Mexico City,7093800,geobicom,Geobicom Ríos,2024-10-04 02:44:13 UTC,2024-10-04 22:11:04 UTC,research,,https://www.inaturalist.org/observations/245512069,https://static.inaturalist.org/photos/438122324/medium.jpeg,,"",Ricardo ,2,0,false,2,"94494 Ver., México",18.9566477142,-96.9329480454,487,,,,487,,open,false,gps,gps,Calandria de Baltimore,Icterus galbula,Calandria de Baltimore,Aves,9346
245674280,72ca04dd-74bb-486c-957c-6a57488ae911,2024/10/03 9:16 AM,2024-10-03,2024-10-03 15:16:00 UTC,Mexico City,54220,aplomadobirdy,Big Birdy,2024-10-05 02:35:24 UTC,2024-10-06 03:51:32 UTC,research,CC-BY-NC-ND,https://www.inaturalist.org/observations/245674280,https://static.inaturalist.org/photos/438439883/medium.jpg,,"",,2,0,false,,"Nido del Halcón, Col Santa Bárbara, Ver., México",19.5059313724,-96.8801490274,240,,,,240,,open,false,,,Calandria de Baltimore,Icterus galbula,Calandria de Baltimore,Aves,9346
246632473,d3df7685-42d9-49e8-987f-892fdb9a0a64,2024/10/05 9:53 AM,2024-10-05,2024-10-05 12:53:00 UTC,America/Glace_Bay,479031,dbmcc09,David McCorquodale,2024-10-10 15:03:17 UTC,2024-10-12 13:17:42 UTC,research,CC-BY,https://www.inaturalist.org/observations/246632473,https://inaturalist-open-data.s3.amazonaws.com/photos/440331787/medium.jpg,,"","Three orioles in one photo, plus a robin.",2,0,false,,"Gabarus, NS, Canada",45.8394485699,-60.1405312598,150,,,,150,,open,false,,,Baltimore Oriole,Icterus galbula,Calandria de Baltimore,Aves,9346
246834599,df7de9a7-a1a6-4871-8f9d-3ceb4c8e1bb7,2024/05/05 8:05 AM,2024-05-05,2024-05-05 12:05:00 UTC,Eastern Time (US & Canada),2075025,rshewack,,2024-10-11 21:40:12 UTC,2024-12-04 14:33:33 UTC,research,CC-BY-NC,https://www.inaturalist.org/observations/246834599,https://inaturalist-open-data.s3.amazonaws.com/photos/440731079/medium.jpeg,,"",,2,0,false,,"Watertown, MA, USA",42.3706580336,-71.1454638576,613,,,,613,,open,false,,,Baltimore Oriole,Icterus galbula,Calandria de Baltimore,Aves,9346
247693550,a91ae9ad-74f7-431b-99ed-a81de0f9bc15,2024/10/16 10:25 AM,2024-10-16,2024-10-16 16:25:00 UTC,Mexico City,54220,aplomadobirdy,Big Birdy,2024-10-16 23:32:57 UTC,2024-10-17 23:26:40 UTC,research,CC-BY-NC-ND,https://www.inaturalist.org/observations/247693550,https://static.inaturalist.org/photos/442432100/medium.jpg,,"",,1,0,false,,"Reserva Territorial, Col. Santa Bárbara, Ver., México",19.5042637629,-96.8813166539,488,,,,488,,open,false,,,Calandria de Baltimore,Icterus galbula,Calandria de Baltimore,Aves,9346
248128553,68c8bcc0-d7f9-4b0b-b4e0-d284c7b44d7a,2024/05/04 2:31 PM,2024-05-04,2024-05-04 18:31:00 UTC,Eastern Time (US & Canada),2417052,five_lined,Esme Macpherson,2024-10-19 19:35:04 UTC,2025-04-06 10:38:33 UTC,research,,https://www.inaturalist.org/observations/248128553,https://static.inaturalist.org/photos/443282773/medium.jpg,,"",,1,0,false,,"South Riverdale, Toronto, ON, Canada",43.6305207922,-79.3348573112,31,,,,31,,open,false,,,Baltimore Oriole,Icterus galbula,Calandria de Baltimore,Aves,9346
248167916,b7eee15b-f098-41f4-8b01-170cd6e00c25,2024/05/30 8:14 AM,2024-05-30,2024-05-30 13:14:00 UTC,Central Time (US & Canada),4031044,earnoodles,"",2024-10-19 23:38:49 UTC,2025-04-06 11:42:24 UTC,research,CC-BY-NC,https://www.inaturalist.org/observations/248167916,https://inaturalist-open-data.s3.amazonaws.com/photos/443363171/medium.jpg,,"",,1,0,false,,"Duluth, MN, USA",46.7311821875,-92.0475378062,1189,,,,1189,,open,false,,,Baltimore Oriole,Icterus galbula,Calandria de Baltimore,Aves,9346
248905720,69267b19-1abc-4fba-bc1f-cf58cb6c7a0e,2024-10-24 07:33:23-07:00,2024-10-24,2024-10-24 14:33:23 UTC,Pacific Time (US & Canada),5021341,ibhappy,ibhappy,2024-10-24 17:18:32 UTC,2024-10-26 02:10:27 UTC,research,CC-BY-NC,https://www.inaturalist.org/observations/248905720,https://inaturalist-open-data.s3.amazonaws.com/photos/444838596/medium.jpeg,,"","",2,0,false,3,"Morley Field Sports Complex, San Diego, CA, US",32.7363685641,-117.1395158155,65,,,,65,,open,false,,,Baltimore Oriole,Icterus galbula,Calandria de Baltimore,Aves,9346
249213600,ad09fcbf-b321-4173-b311-89cafe829804,2024/10/25 2:32 PM,2024-10-25,2024-10-25 20:32:00 UTC,Mexico City,30705,raultrujillotovar5,Raúl Trujillo Tovar,2024-10-26 19:51:19 UTC,2025-04-07 18:17:46 UTC,research,CC-BY-NC,https://www.inaturalist.org/observations/249213600,https://inaturalist-open-data.s3.amazonaws.com/photos/445443871/medium.jpg,,"",,1,0,false,,"Cruz Grande, Comitán de Domínguez, Chis., México",16.2574042036,-92.1404970664,244,,,,244,,open,false,,,Calandria de Baltimore,Icterus galbula,Calandria de Baltimore,Aves,9346
249439160,1f0f9653-16ae-44cb-a224-25ecfbbce34a,2024-10-27 13:36:22,2024-10-27,2024-10-27 19:36:22 UTC,America/Costa_Rica,2970772,edmilson22,EDMILSON FERNANDO JARQUIN LOPEZ,2024-10-28 02:36:57 UTC,2025-11-03 18:23:34 UTC,research,CC-BY,https://www.inaturalist.org/observations/249439160,https://inaturalist-open-data.s3.amazonaws.com/photos/445895625/medium.jpeg,,"",,2,0,false,2,"8HG8+V2G, Provincia de Alajuela, Cd Quesada, Barrio Baltazar Quesada, Costa Rica",10.3271528046,-84.4344753027,5,,,,5,,open,false,gps,gps,Calandria de Baltimore,Icterus galbula,Calandria de Baltimore,Aves,9346
249576140,eced4ed0-fe5c-49f0-a819-49017831b864,2022/05/24 10:45 AM,2022-05-24,2022-05-24 15:45:00 UTC,America/Winnipeg,3653310,shirley194,Shirley Jane Rushforth Guinn,2024-10-29 01:29:35 UTC,2024-10-29 01:30:22 UTC,research,,https://www.inaturalist.org/observations/249576140,https://static.inaturalist.org/photos/446166037/medium.jpeg,,"",,1,0,false,,"St. Laurent, MB R0C, Canada",50.3808359275,-97.9502729819,4,,,,4,,open,false,,,Baltimore Oriole,Icterus galbula,Calandria de Baltimore,Aves,9346
249576142,cb0bf43b-952d-4402-873b-2c5eb3195fa7,2022/05/24 10:47 AM,2022-05-24,2022-05-24 15:47:00 UTC,America/Winnipeg,3653310,shirley194,Shirley Jane Rushforth Guinn,2024-10-29 01:29:36 UTC,2024-10-29 20:45:34 UTC,research,,https://www.inaturalist.org/observations/249576142,https://static.inaturalist.org/photos/446166110/medium.jpeg,,"",,2,0,false,,"St. Laurent, MB R0C, Canada",50.3808348188,-97.9502790226,4,,,,4,,open,false,,,Baltimore Oriole,Icterus galbula,Calandria de Baltimore,Aves,9346
249822218,b253dcfd-a266-40a3-9d51-35fa6bae7a9c,2024/10/30 10:30 AM,2024-10-30,2024-10-30 16:30:00 UTC,Mexico City,54220,aplomadobirdy,Big Birdy,2024-10-30 23:43:35 UTC,2024-11-01 01:16:22 UTC,research,CC-BY-NC-ND,https://www.inaturalist.org/observations/249822218,https://static.inaturalist.org/photos/446658744/medium.jpg,,"",,1,0,false,,"Reserva Territorial, Col. Santa Bárbara, Ver., México",19.5051816261,-96.8813077425,269,,,,269,,open,false,,,Calandria de Baltimore,Icterus galbula,Calandria de Baltimore,Aves,9346
249952381,395df384-8e63-495b-971f-2bdb93411860,2024/10/31 8:47 AM,2024-10-31,2024-10-31 14:47:00 UTC,Mexico City,54220,aplomadobirdy,Big Birdy,2024-11-01 01:11:43 UTC,2024-11-02 01:15:00 UTC,research,CC-BY-NC-ND,https://www.inaturalist.org/observations/249952381,https://static.inaturalist.org/photos/446916615/medium.jpg,,"",,1,0,false,,"Reserva Territorial, Col. Santa Bárbara, Ver., México",19.5053649461,-96.8813506629,443,,,,443,,open,false,,,Calandria de Baltimore,Icterus galbula,Calandria de Baltimore,Aves,9346
250200562,45b06ce1-dcec-438b-b341-3340f80da6c6,2024-11-01 22:06:47,2024-11-01,2024-11-02 02:06:47 UTC,America/Nipigon,1464140,evit,evit,2024-11-02 21:39:11 UTC,2025-04-23 23:07:00 UTC,research,CC-BY-NC,https://www.inaturalist.org/observations/250200562,https://inaturalist-open-data.s3.amazonaws.com/photos/447415721/medium.jpeg,,"",,1,0,false,2,"Sarnia, ON N7X, Canada",42.9938709546,-82.3275545239,588,,,,588,,open,false,,,Baltimore Oriole,Icterus galbula,Calandria de Baltimore,Aves,9346
250345795,ff2d4f9f-b937-47ae-8d22-e12fdd431f98,2024-11-03 12:11:00-08:00,2024-11-03,2024-11-03 20:11:00 UTC,Pacific Time (US & Canada),6969527,rastor,,2024-11-03 20:56:11 UTC,2024-11-04 03:05:47 UTC,research,CC-BY-NC,https://www.inaturalist.org/observations/250345795,https://inaturalist-open-data.s3.amazonaws.com/photos/447712466/medium.jpeg,,"",Continuing. High in a eucalyptus above the ditch in SE corner ,2,0,false,3,"Harry Griffen Regional Park, La Mesa, CA, US",32.7856599769,-116.9863548015,34,,,,34,,open,false,,,Baltimore Oriole,Icterus galbula,Calandria de Baltimore,Aves,9346
250612086,b6284b72-3d47-4bca-9477-945b79000011,2024/11/05 3:02 PM,2024-11-05,2024-11-05 21:02:00 UTC,Central Time (US & Canada),3294534,kaydantzler,Kay Dantzler,2024-11-05 21:55:34 UTC,2024-11-06 13:57:53 UTC,research,CC-BY-NC,https://www.inaturalist.org/observations/250612086,https://inaturalist-open-data.s3.amazonaws.com/photos/448246761/medium.jpeg,,"","",2,0,false,,"Homewood, AL, USA",33.460329334,-86.8025887758,15,,,,15,,open,false,,,Baltimore Oriole,Icterus galbula,Calandria de Baltimore,Aves,9346
250625750,b09482f2-a228-4548-a160-049658464c6a,2024/11/05 12:09 PM,2024-11-05,2024-11-05 20:09:00 UTC,Pacific Time (US & Canada),913201,uzun,"",2024-11-06 00:20:03 UTC,2024-11-18 01:27:30 UTC,research,CC-BY-NC,https://www.inaturalist.org/observations/250625750,https://inaturalist-open-data.s3.amazonaws.com/photos/448275194/medium.jpg,,"",,3,0,false,,"Harry Griffen Park, 9550 Milden St, La Mesa, CA 91942, USA",32.7839851,-116.9888729,191,,,,191,,open,false,,,Baltimore Oriole,Icterus galbula,Calandria de Baltimore,Aves,9346
250759948,0c9d5ad7-5368-439d-a86a-b02a58e7831c,2024/11/02 8:31 AM,2024-11-02,2024-11-02 14:31:00 UTC,Mexico City,535202,camamed,Carlos Arturo Marín Medina,2024-11-07 05:46:23 UTC,2024-11-08 03:54:59 UTC,research,CC-BY-NC,https://www.inaturalist.org/observations/250759948,https://inaturalist-open-data.s3.amazonaws.com/photos/448544186/medium.jpeg,,"","",1,0,false,,"Progreso Macuiltepetl, 91130 Xalapa-Enríquez, Ver., México",19.5479209082,-96.9202065468,265,,,,265,,open,false,,,Calandria de Baltimore,Icterus galbula,Calandria de Baltimore,Aves,9346
251813075,269875ee-851b-40d6-aca5-d71ec7e58e61,2024/11/09 9:15 AM,2024-11-09,2024-11-09 15:15:00 UTC,America/Costa_Rica,735780,danielskatz,Daniel S. Katz,2024-11-15 21:40:17 UTC,2024-11-16 19:57:27 UTC,research,CC-BY,https://www.inaturalist.org/observations/251813075,https://inaturalist-open-data.s3.amazonaws.com/photos/450642300/medium.jpeg,,"",,2,0,false,,"Feathers Garden, Calle, Provincia de Cartago, San Gerardo de Dota, Costa Rica",9.5510477,-83.8070826,192,,,,192,,open,false,,,Baltimore Oriole,Icterus galbula,Calandria de Baltimore,Aves,9346
252728727,e0916425-2b69-4e34-bf26-7c763535601f,2024/11/23 10:09 AM,2024-11-23,2024-11-23 15:09:00 UTC,Eastern Time (US & Canada),3469709,hunter5819,,2024-11-23 16:02:40 UTC,2024-11-24 04:13:47 UTC,research,CC-BY-NC,https://www.inaturalist.org/observations/252728727,https://inaturalist-open-data.s3.amazonaws.com/photos/452457139/medium.jpg,,"",,1,0,false,,"Fortune St, Spring Hill, FL 34609, USA",28.4924379,-82.5295122,185,,,,185,,open,false,,,Baltimore Oriole,Icterus galbula,Calandria de Baltimore,Aves,9346
252837622,011dee11-41d6-417c-8112-ea9e1ef17367,2024/10/11 4:17 PM,2024-10-11,2024-10-11 22:17:00 UTC,Mexico City,3496650,fannymay,Fanny Karina May Frias,2024-11-24 06:24:18 UTC,2025-04-12 21:15:02 UTC,research,CC-BY-NC,https://www.inaturalist.org/observations/252837622,https://inaturalist-open-data.s3.amazonaws.com/photos/452651449/medium.jpeg,,"",,1,0,false,,"Carrizal, 86108 Villahermosa, Tab., México",17.990516384,-92.9669544978,171,,,,171,,open,false,,,Calandria de Baltimore,Icterus galbula,Calandria de Baltimore,Aves,9346
253326661,6d67f689-0450-47ca-a285-6af7fbed5615,2024-11-27 06:56:00-08:00,2024-11-27,2024-11-27 14:56:00 UTC,Pacific Time (US & Canada),6969527,rastor,,2024-11-27 21:01:48 UTC,2025-04-13 06:49:50 UTC,research,CC-BY-NC,https://www.inaturalist.org/observations/253326661,https://inaturalist-open-data.s3.amazonaws.com/photos/453567868/medium.jpeg,,"","Orange sheen on chest, prominent wingbars, seems black head may me coming in (immature male?) ",1,0,false,3,"San Diego Zoo, San Diego, CA, US",32.7365319532,-117.1489522693,50,,,,50,,open,false,,,Baltimore Oriole,Icterus galbula,Calandria de Baltimore,Aves,9346
253436227,c91ed573-0d78-4231-9bb8-b49c544a6b40,2024/11/28 8:46 AM,2024-11-28,2024-11-28 16:46:00 UTC,Pacific Time (US & Canada),1691841,anewmark,Andrew Newmark,2024-11-28 20:40:55 UTC,2025-04-13 09:11:46 UTC,research,CC-BY-NC,https://www.inaturalist.org/observations/253436227,https://inaturalist-open-data.s3.amazonaws.com/photos/453785639/medium.jpg,,"",Did not join the other Orioles in the coral trees this morning.,1,0,false,,"Balboa Park, San Diego, CA, USA",32.7362616667,-117.1487616667,,,,,,,open,false,,,Baltimore Oriole,Icterus galbula,Calandria de Baltimore,Aves,9346
254245687,eccdf9ea-1698-4657-803a-347efd031b19,2024-12-05 12:10:10-04:00,2024-12-05,2024-12-05 16:10:10 UTC,America/Glace_Bay,8318953,petervance,,2024-12-05 22:09:39 UTC,2024-12-15 12:50:20 UTC,research,CC-BY-NC,https://www.inaturalist.org/observations/254245687,https://inaturalist-open-data.s3.amazonaws.com/photos/455358842/medium.jpg,,"","",4,0,false,3,"Cape Breton Island, Victoria, NS, CA",46.8753917175,-60.5034027023,202,,,,202,,open,false,,,Baltimore Oriole,Icterus galbula,Calandria de Baltimore,Aves,9346
254271544,b413b824-fccc-49c9-bb58-8a94fa830fae,2021/12/01 1:03 PM,2021-12-01,2021-12-01 19:03:00 UTC,America/Costa_Rica,8726867,joharmv,"",2024-12-06 04:02:33 UTC,2024-12-07 02:17:17 UTC,research,CC-BY-NC,https://www.inaturalist.org/observations/254271544,https://inaturalist-open-data.s3.amazonaws.com/photos/455410480/medium.jpeg,,"","",3,1,false,,"Provincia de Alajuela, Guatuso, Costa Rica",10.7535742892,-84.8656686085,36,,,,36,,open,false,,,Bolsero Norteño,Icterus galbula,Calandria de Baltimore,Aves,9346
254431172,c3e1953f-3a78-4023-8942-994375defa27,2024/12/07 7:54 AM,2024-12-07,2024-12-07 15:54:00 UTC,Pacific Time (US & Canada),6550434,sdbirder,Trent R. Stanley,2024-12-07 20:02:33 UTC,2024-12-08 23:05:15 UTC,research,CC-BY-NC,https://www.inaturalist.org/observations/254431172,https://inaturalist-open-data.s3.amazonaws.com/photos/455733076/medium.jpg,,"",,1,0,false,,"Balboa Park, San Diego, CA, USA",32.7365052,-117.1486565999,,,,,,,open,false,,,Baltimore Oriole,Icterus galbula,Calandria de Baltimore,Aves,9346
254722733,ccb68980-7947-4f0f-8827-494e763a00a6,2024-12-10 09:46:51-05:00,2024-12-10,2024-12-10 14:46:51 UTC,Eastern Time (US & Canada),1445735,rjwing49,Bob Wingard,2024-12-10 14:52:45 UTC,2024-12-11 02:52:15 UTC,research,CC-BY-NC,https://www.inaturalist.org/observations/254722733,https://inaturalist-open-data.s3.amazonaws.com/photos/456322420/medium.jpg,,"","",1,0,false,3,"Commons Way, Brewster, MA, US",41.7505633333,-70.0418695,15,,,,15,,open,false,,,Baltimore Oriole,Icterus galbula,Calandria de Baltimore,Aves,9346
254742934,251c3506-342b-419e-bb12-817976f8e869,2024/11/12 7:48 AM,2024-11-12,2024-11-12 13:48:00 UTC,America/Costa_Rica,555202,allison_patrick,Allison Patrick,2024-12-10 19:32:28 UTC,2024-12-11 18:39:51 UTC,research,CC-BY-ND,https://www.inaturalist.org/observations/254742934,https://inaturalist-open-data.s3.amazonaws.com/photos/456362480/medium.jpeg,,"",,2,0,false,,"San José Province, Tarrazu, Costa Rica",9.4884666667,-84.0467777778,,,,,,,open,false,,,Baltimore Oriole,Icterus galbula,Calandria de Baltimore,Aves,9346
254787301,f0262040-8a21-45d4-a047-c7c5be9657af,2024/12/07 7:55 AM,2024-12-07,2024-12-07 15:55:00 UTC,Pacific Time (US & Canada),1134341,calebv15,Caleb Villar,2024-12-11 06:24:04 UTC,2025-04-14 22:56:21 UTC,research,CC-BY-NC,https://www.inaturalist.org/observations/254787301,https://inaturalist-open-data.s3.amazonaws.com/photos/456451097/medium.jpeg,,"",,1,0,false,,"Balboa Park, San Diego, CA, USA",32.7362971314,-117.1489454521,1,,,,1,,open,false,,,Baltimore Oriole,Icterus galbula,Calandria de Baltimore,Aves,9346
254821578,06625e15-0bbf-49ce-9426-acc690d05943,2024/09/17 4:56 PM,2024-09-17,2024-09-17 22:56:00 UTC,Mexico City,3420991,angela_rmc,Angela Morantes-Castellanos,2024-12-11 16:49:08 UTC,2024-12-12 01:21:53 UTC,research,CC-BY-NC,https://www.inaturalist.org/observations/254821578,https://inaturalist-open-data.s3.amazonaws.com/photos/456521441/medium.jpeg,,"",,1,0,false,,"Cto Sutsem 2, Lomas de Oro, 91197 Xalapa-Enríquez, Ver., México",19.5210041,-96.8798153,205,,,,205,,open,false,,,Calandria de Baltimore,Icterus galbula,Calandria de Baltimore,Aves,9346
254876504,5e6bac23-c2d3-475d-8e19-e76e441b7365,2024/12/09 8:34 AM,2024-12-09,2024-12-09 16:34:00 UTC,Pacific Time (US & Canada),416058,rangerwild,Alex Wild,2024-12-12 05:49:25 UTC,2025-04-15 01:14:46 UTC,research,,https://www.inaturalist.org/observations/254876504,https://static.inaturalist.org/photos/456631529/medium.jpeg,,"",,1,0,false,,"Balboa Park, San Diego, CA, USA",32.7363582934,-117.1489124171,8,,,,8,,open,false,,,Baltimore Oriole,Icterus galbula,Calandria de Baltimore,Aves,9346
254946654,8f29739f-c8d5-4bac-81e5-583fa9ebe693,2024-12-08 08:55:44-06:00,2024-12-08,2024-12-08 14:55:44 UTC,America/Costa_Rica,3499821,rosecarey,Rose Carey,2024-12-13 01:16:30 UTC,2024-12-14 05:21:18 UTC,research,,https://www.inaturalist.org/observations/254946654,https://static.inaturalist.org/photos/456775554/medium.jpg,,"",? The light colored neck doesn’t match oriole ID,2,1,false,3,"Calle Marginal Norte, Alajuela, Alajuela, CR",9.9945349552,-84.2415395397,16,,,,16,,open,false,,,Baltimore Oriole,Icterus galbula,Calandria de Baltimore,Aves,9346
255072030,d2ace77d-ed2b-4a09-a976-b5b53cc86376,2024/11/23 8:20 AM,2024-11-23,2024-11-23 16:20:00 UTC,Pacific Time (US & Canada),266196,shrike2,"",2024-12-14 13:18:56 UTC,2024-12-15 06:07:09 UTC,research,CC-BY-NC,https://www.inaturalist.org/observations/255072030,https://inaturalist-open-data.s3.amazonaws.com/photos/457027470/medium.jpeg,,"",,1,0,false,,"Chula Vista, CA, USA",32.6653857898,-117.0349184147,8,,,,8,,open,false,,,Baltimore Oriole,Icterus galbula,Calandria de Baltimore,Aves,9346
255121189,e31eb7fa-4dae-443a-b0d1-adbe27a831c5,2024/12/14 6:59 AM,2024-12-14,2024-12-14 14:59:00 UTC,Pacific Time (US & Canada),6550434,sdbirder,Trent R. Stanley,2024-12-14 23:30:09 UTC,2025-04-15 07:32:45 UTC,research,CC-BY-NC,https://www.inaturalist.org/observations/255121189,https://inaturalist-open-data.s3.amazonaws.com/photos/457125165/medium.jpg,,"",,1,0,false,,"Balboa Park, San Diego, CA, USA",32.7363231,-117.1486734,,,,,,,open,false,,,Baltimore Oriole,Icterus galbula,Calandria de Baltimore,Aves,9346
255397816,9ed81753-c2fc-43fc-8cb4-6d6ea0bd02ee,2012/05/03 12:38 PM,2012-05-03,2012-05-03 16:38:00 UTC,Eastern Time (US & Canada),8762875,rscheirer,Bearfoot,2024-12-17 15:18:22 UTC,2024-12-18 17:44:59 UTC,research,CC-BY-NC,https://www.inaturalist.org/observations/255397816,https://inaturalist-open-data.s3.amazonaws.com/photos/457692164/medium.jpg,,"","",1,0,false,,"Curry, NY, USA",41.853438,-74.589423,,,,,,,open,false,,,Baltimore Oriole,Icterus galbula,Calandria de Baltimore,Aves,9346
255399894,551ca5ed-b778-49df-85b0-a6872aaab44e,2024-12-17 07:10:32-08:00,2024-12-17,2024-12-17 15:10:32 UTC,Pacific Time (US & Canada),8260150,toastysn,,2024-12-17 15:45:36 UTC,2024-12-18 04:12:46 UTC,research,CC-BY-NC,https://www.inaturalist.org/observations/255399894,https://inaturalist-open-data.s3.amazonaws.com/photos/457696977/medium.jpg,,"","",1,0,false,3,"San Diego Zoo, San Diego, CA, US",32.7364166667,-117.1487721667,9,,,,9,,open,false,,,Baltimore Oriole,Icterus galbula,Calandria de Baltimore,Aves,9346
255509480,9d7c63f0-b1ff-4b82-a5c0-3fb5c128de41,2024/12/12 2:40 PM,2024-12-12,2024-12-12 22:40:00 UTC,Pacific Time (US & Canada),421879,kyle_klotz,Kyle Klotz,2024-12-18 16:39:13 UTC,2024-12-19 04:57:58 UTC,research,,https://www.inaturalist.org/observations/255509480,https://static.inaturalist.org/photos/457893417/medium.jpg,,"","",1,0,false,,United States,32.6434320353,-117.0705697869,8,,,,29066,obscured,open,true,,,Baltimore Oriole,Icterus galbula,Calandria de Baltimore,Aves,9346
255601640,d088da22-03e5-4d09-a6b2-a06a26a61f80,2024-12-19 09:22:19-08:00,2024-12-19,2024-12-19 17:22:19 UTC,Pacific Time (US & Canada),8260150,toastysn,,2024-12-19 17:32:50 UTC,2024-12-20 06:22:35 UTC,research,CC-BY-NC,https://www.inaturalist.org/observations/255601640,https://inaturalist-open-data.s3.amazonaws.com/photos/458086602/medium.jpg,,"","",2,0,false,3,"Harry Griffen Regional Park, La Mesa, CA, US",32.7865033333,-116.9860216667,10,,,,10,,open,false,,,Baltimore Oriole,Icterus galbula,Calandria de Baltimore,Aves,9346
256413654,63c36dc9-eb9d-4972-a8b4-04b124b0f7cb,2024/12/24 12:46 PM,2024-12-24,2024-12-24 18:46:00 UTC,Mexico City,54220,aplomadobirdy,Big Birdy,2024-12-27 20:08:41 UTC,2024-12-31 18:05:57 UTC,research,CC-BY-NC-ND,https://www.inaturalist.org/observations/256413654,https://static.inaturalist.org/photos/459728684/medium.jpg,,"",,1,0,false,,"Reserva Territorial, Col. Santa Bárbara, Ver., México",19.5059138067,-96.8810287972,806,,,,806,,open,false,,,Calandria de Baltimore,Icterus galbula,Calandria de Baltimore,Aves,9346
256885729,a3fe4b1a-6ede-4707-9d3b-b6fabcb7bd20,2024-12-27 15:03:22,2024-12-27,2024-12-27 21:03:22 UTC,Central Time (US & Canada),8233442,theduburbannaturalist,Benjamin McNamee,2024-12-31 14:48:53 UTC,2025-04-17 15:09:21 UTC,research,,https://www.inaturalist.org/observations/256885729,https://static.inaturalist.org/photos/460686689/medium.jpeg,,"",,1,0,false,2,"Lake Worth, TX 76135, USA",32.8442327534,-97.4755897745,982,,,,982,,open,false,gps,gps,Baltimore Oriole,Icterus galbula,Calandria de Baltimore,Aves,9346
257281233,9abf2334-341f-4143-af83-4ac311249da2,2025/01/03 7:26 AM,2025-01-03,2025-01-03 15:26:00 UTC,Pacific Time (US & Canada),1816782,christybeck,Christine Beck,2025-01-03 22:20:11 UTC,2025-01-05 05:32:27 UTC,research,CC-BY-NC,https://www.inaturalist.org/observations/257281233,https://inaturalist-open-data.s3.amazonaws.com/photos/461499063/medium.jpeg,,"",1st year male,1,0,false,,"Balboa Park, San Diego, CA, USA",32.7373529087,-117.1487962174,82,,,,82,,open,false,,,Baltimore Oriole,Icterus galbula,Calandria de Baltimore,Aves,9346
257300285,62a98c7d-1e0b-4dc0-85d7-3f98759987bb,2016/12/03 10:30 AM,2016-12-03,2016-12-03 18:30:00 UTC,Pacific Time (US & Canada),213838,vireolanius,Justyn Stahl,2025-01-04 01:55:57 UTC,2025-01-06 18:18:58 UTC,research,CC-BY-NC,https://www.inaturalist.org/observations/257300285,https://inaturalist-open-data.s3.amazonaws.com/photos/461538931/medium.jpeg,,"",,3,0,false,,"Nestor, San Diego, CA 92154, USA",32.5706951139,-117.0811435504,61,,,,61,,open,false,,,Baltimore Oriole,Icterus galbula,Calandria de Baltimore,Aves,9346
257627171,9f2f28c8-6190-4960-aeb3-ae30b92d026b,2025-01-06 14:51:24-05:00,2025-01-06,2025-01-06 19:51:24 UTC,Eastern Time (US & Canada),5139319,mniotilta,henry malec-scott,2025-01-06 20:05:52 UTC,2025-04-11 09:35:20 UTC,research,CC-BY-NC,https://www.inaturalist.org/observations/257627171,https://inaturalist-open-data.s3.amazonaws.com/photos/462184173/medium.jpg,,"","",1,0,false,3,"Massachusetts, US",42.313178,-71.261665,23,,,,23,,open,false,,"",Baltimore Oriole,Icterus galbula,Calandria de Baltimore,Aves,9346
257647975,36ba010a-f229-49e3-a701-a97df9bf9e39,2022/05/04 4:15 PM,2022-05-04,2022-05-04 20:15:00 UTC,America/Nipigon,532921,rbuchanan,,2025-01-06 23:55:01 UTC,2025-01-09 22:04:48 UTC,research,,https://www.inaturalist.org/observations/257647975,https://static.inaturalist.org/photos/462223111/medium.jpg,,"Baltimore Oriole, Birds, Places and Locations, Pond",,2,0,false,,"Lambton County, ON, Canada",42.8332310983,-82.288030525,,,,,,,open,false,,,Baltimore Oriole,Icterus galbula,Calandria de Baltimore,Aves,9346
257772087,305795bd-15d5-4558-831b-5666885f2600,2025/01/05 3:47 PM,2025-01-05,2025-01-05 23:47:00 UTC,Pacific Time (US & Canada),1499343,ben1010,Ben,2025-01-08 05:20:42 UTC,2025-09-21 16:29:58 UTC,research,CC-BY-NC-ND,https://www.inaturalist.org/observations/257772087,https://inaturalist-open-data.s3.amazonaws.com/photos/462464039/medium.jpg,,"",,2,0,false,,"San Diego Zoo Entrance Trees, Balboa Park, San Diego, CA, USA",32.7369057911,-117.1486860245,144,,,,144,,open,false,,,Baltimore Oriole,Icterus galbula,Calandria de Baltimore,Aves,9346
257798039,67d1e077-274f-41b6-a337-73a7e9149c98,2019/04/25 7:42 AM,2019-04-25,2019-04-25 11:42:00 UTC,Eastern Time (US & Canada),7290444,denniskent,Dennis Kent,2025-01-08 14:09:11 UTC,2025-03-04 13:53:08 UTC,research,CC-BY-NC,https://www.inaturalist.org/observations/257798039,https://inaturalist-open-data.s3.amazonaws.com/photos/462517343/medium.jpg,,042519,"",2,0,false,,"Dilworth, Charlotte, NC, USA",35.2078895493,-80.847386377,31,,,,31,,open,false,,,Baltimore Oriole,Icterus galbula,Calandria de Baltimore,Aves,9346
257832726,290b703b-4300-4440-938c-d83694407e19,2025/01/08 1:40 PM,2025-01-08,2025-01-08 18:40:00 UTC,Eastern Time (US & Canada),8866372,beth7happy,Beth7Happy,2025-01-08 18:45:51 UTC,2025-01-08 23:56:16 UTC,research,CC-BY-NC,https://www.inaturalist.org/observations/257832726,https://inaturalist-open-data.s3.amazonaws.com/photos/462553914/medium.jpg,,"","Chilly January morning. I had just filled the birdbath!  
",1,0,false,,"Rockledge, FL, USA",28.3121963195,-80.7395955978,61,,,,61,,open,false,,,Baltimore Oriole,Icterus galbula,Calandria de Baltimore,Aves,9346
257917969,26e991a2-11cc-45aa-9e85-3545d01ccc71,2025-01-09 08:29:00,2025-01-09,2025-01-09 12:29:00 UTC,America/Glace_Bay,2957036,ronaldnewcombe,Ronald Newcombe,2025-01-09 12:53:34 UTC,2025-01-17 00:43:59 UTC,research,,https://www.inaturalist.org/observations/257917969,https://static.inaturalist.org/photos/462692893/medium.jpeg,,"",,5,0,false,2,"Sydney, NS B1P 2W6, Canada",46.1421,-60.1767,,,,,,,open,false,gps,gps,Baltimore Oriole,Icterus galbula,Calandria de Baltimore,Aves,9346
257971388,970ed0cb-b118-467c-bfb4-bdc878f300fb,2024/12/18 9:30 AM,2024-12-18,2024-12-18 15:30:00 UTC,America/Costa_Rica,6772343,macrocostarica,MacroCostaRica,2025-01-09 22:00:18 UTC,2025-01-13 20:16:29 UTC,research,CC-BY-NC,https://www.inaturalist.org/observations/257971388,https://inaturalist-open-data.s3.amazonaws.com/photos/462776976/medium.jpg,,"",,1,0,false,,"Finca Ecológica San Luis, Unnamed Road, Provincia de Puntarenas, Monteverde, 60109, Costa Rica",10.2812008,-84.7911047,209,,,,209,,open,false,,,Bolsero Norteño,Icterus galbula,Calandria de Baltimore,Aves,9346
258173866,ca1a6b53-dd6e-43c0-a775-1b590f826b14,2025-01-09 09:45:31-08:00,2025-01-09,2025-01-09 17:45:31 UTC,Pacific Time (US & Canada),3916529,zr217,"",2025-01-11 21:18:43 UTC,2025-01-13 20:09:33 UTC,research,,https://www.inaturalist.org/observations/258173866,https://inaturalist-open-data.s3.amazonaws.com/photos/463166470/medium.jpg,,"","",1,0,false,3,"Harry Griffen Regional Park, La Mesa, CA, US",32.7876918646,-116.9847265582,29,,,,29,,open,false,,,Baltimore Oriole,Icterus galbula,Calandria de Baltimore,Aves,9346
258268114,f45a4221-79ef-4966-acf6-eac8ed92df23,2018/05/25 13:15,2018-05-25,2018-05-25 17:15:00 UTC,Eastern Time (US & Canada),792347,morlou,Louise Morin,2025-01-12 15:44:29 UTC,2025-05-25 12:20:32 UTC,research,CC-BY-NC,https://www.inaturalist.org/observations/258268114,https://inaturalist-open-data.s3.amazonaws.com/photos/463337477/medium.jpg,,"",,2,0,false,,"Saint-Étienne-de-Lauzon, Lévis, QC, Canada",46.6264878103,-71.3608528533,8,,,,8,,open,false,,,Oriole de Baltimore,Icterus galbula,Calandria de Baltimore,Aves,9346
258411010,566dc6de-381f-4ae1-840b-9855da0c28af,2025/01/07 11:52 AM,2025-01-07,2025-01-07 17:52:00 UTC,Mexico City,54220,aplomadobirdy,Big Birdy,2025-01-13 22:24:18 UTC,2025-04-12 04:23:10 UTC,research,CC-BY-NC-ND,https://www.inaturalist.org/observations/258411010,https://static.inaturalist.org/photos/463623459/medium.jpg,,"",,1,0,false,,"Reserva Territorial, Col. Santa Bárbara, Ver., México",19.5051750352,-96.8817925006,484,,,,484,,open,false,,,Calandria de Baltimore,Icterus galbula,Calandria de Baltimore,Aves,9346
258532907,bd53ff0d-ce0b-42cf-8074-232a229dedd7,2025/01/09 8:19 aM,2025-01-09,2025-01-09 16:19:00 UTC,Pacific Time (US & Canada),147491,cjackson,cjackson,2025-01-15 05:20:33 UTC,2025-01-16 03:57:10 UTC,research,CC-BY-NC,https://www.inaturalist.org/observations/258532907,https://inaturalist-open-data.s3.amazonaws.com/photos/463875650/medium.jpg,,"",,1,0,false,,"Balboa Park, San Diego, CA, USA",32.7365076725,-117.1489144995,4,,,,4,,open,false,,,Baltimore Oriole,Icterus galbula,Calandria de Baltimore,Aves,9346
258560681,48dcb7d8-fc4c-468b-96ae-e5388e54b13e,2025/01/13 1:58 PM,2025-01-13,2025-01-13 18:58:00 UTC,Eastern Time (US & Canada),5530299,marvinisit,,2025-01-15 13:55:01 UTC,2025-03-20 13:08:55 UTC,research,CC-BY-NC,https://www.inaturalist.org/observations/258560681,https://inaturalist-open-data.s3.amazonaws.com/photos/463932474/medium.jpeg,,"",,3,0,false,,"Burgaw, NC 28425, USA",34.5538328607,-77.9227820214,8,,,,8,,open,false,,,Baltimore Oriole,Icterus galbula,Calandria de Baltimore,Aves,9346
258560683,bb9c083d-7959-4c7f-9c6c-6e663c40d61d,2025/01/13 1:59 PM,2025-01-13,2025-01-13 18:59:00 UTC,Eastern Time (US & Canada),5530299,marvinisit,,2025-01-15 13:55:01 UTC,2025-03-20 13:08:54 UTC,research,CC-BY-NC,https://www.inaturalist.org/observations/258560683,https://inaturalist-open-data.s3.amazonaws.com/photos/463932483/medium.jpeg,,"",,3,0,false,,"Burgaw, NC 28425, USA",34.5538281665,-77.9227867153,1,,,,1,,open,false,,,Baltimore Oriole,Icterus galbula,Calandria de Baltimore,Aves,9346
258560692,a3d48d7c-f243-44e5-a74e-ad0ec89abe80,2025/01/13 2:11 PM,2025-01-13,2025-01-13 19:11:00 UTC,Eastern Time (US & Canada),5530299,marvinisit,,2025-01-15 13:55:04 UTC,2025-03-20 13:08:52 UTC,research,CC-BY-NC,https://www.inaturalist.org/observations/258560692,https://inaturalist-open-data.s3.amazonaws.com/photos/463932503/medium.jpeg,,"",,3,0,false,,"Burgaw, NC 28425, USA",34.5538309278,-77.9227934208,1,,,,1,,open,false,,,Baltimore Oriole,Icterus galbula,Calandria de Baltimore,Aves,9346
258560846,bc465ee6-ea53-443e-8582-abedfe408b84,2025/01/10 3:37 PM,2025-01-10,2025-01-10 20:37:00 UTC,Eastern Time (US & Canada),5530299,marvinisit,,2025-01-15 13:56:56 UTC,2025-03-20 13:08:51 UTC,research,CC-BY-NC,https://www.inaturalist.org/observations/258560846,https://inaturalist-open-data.s3.amazonaws.com/photos/463933313/medium.jpeg,,"","",3,0,false,,"Burgaw, NC 28425, USA",34.5539194692,-77.9228700762,1,,,,1,,open,false,,,Baltimore Oriole,Icterus galbula,Calandria de Baltimore,Aves,9346
259074176,cf1040ba-f3f5-4ec8-adce-e597628147c2,2020/09/11 3:26 PM,2020-09-11,2020-09-11 20:26:00 UTC,Central Time (US & Canada),1623977,ronmartin,Ron Martin,2025-01-20 18:18:59 UTC,2025-01-21 17:49:45 UTC,research,,https://www.inaturalist.org/observations/259074176,https://static.inaturalist.org/photos/464978879/medium.jpg,,"",,1,0,false,,"811 Whitehead St, Smithville, TX 78957, USA",30.0088779,-97.1450025,24,,,,24,,open,false,,,Baltimore Oriole,Icterus galbula,Calandria de Baltimore,Aves,9346
259450004,d452b1c7-c5e9-4cae-a17a-58b190137200,2025-01-24 13:29:00-05:00,2025-01-24,2025-01-24 18:29:00 UTC,Eastern Time (US & Canada),783729,sharonoutside,Sharon Watson,2025-01-24 18:32:33 UTC,2025-07-13 21:42:40 UTC,research,,https://www.inaturalist.org/observations/259450004,https://static.inaturalist.org/photos/465742772/medium.jpg,,"","",4,0,false,3,"Richland County, US-SC, US",34.0138795976,-81.0769949315,9,,,,28874,obscured,open,true,,,Baltimore Oriole,Icterus galbula,Calandria de Baltimore,Aves,9346
259470724,cbac29b7-d19f-4da5-bae1-d179fa0bfa9a,2025/01/07 8:46 AM,2025-01-07,2025-01-07 16:46:00 UTC,Pacific Time (US & Canada),796339,ramonamom,Nancy Christensen,2025-01-24 22:41:52 UTC,2025-04-16 23:01:43 UTC,research,,https://www.inaturalist.org/observations/259470724,https://static.inaturalist.org/photos/465783113/medium.jpg,,"",,2,0,false,,"Balboa Park, San Diego, CA, USA",32.73613,-117.1488116667,,,,,,,open,false,,,Baltimore Oriole,Icterus galbula,Calandria de Baltimore,Aves,9346
259596629,4723f295-ef64-4f4d-8e7d-777144202208,2025-01-23 17:00:09-05:00,2025-01-23,2025-01-23 22:00:09 UTC,Eastern Time (US & Canada),783729,sharonoutside,Sharon Watson,2025-01-26 01:57:59 UTC,2025-01-28 18:49:34 UTC,research,,https://www.inaturalist.org/observations/259596629,https://static.inaturalist.org/photos/466034137/medium.jpg,,"","",1,0,false,3,"Richland County, US-SC, US",34.1815795452,-81.1031754952,24,,,,28874,obscured,open,true,,,Baltimore Oriole,Icterus galbula,Calandria de Baltimore,Aves,9346
259775060,956218e3-b937-4cc3-8dd8-29954ef6ac3f,2025/01/27 9:02 AM,2025-01-27,2025-01-27 14:02:00 UTC,Eastern Time (US & Canada),3579421,ron284,Ronald W Smith,2025-01-27 17:15:20 UTC,2025-02-26 03:55:44 UTC,research,CC-BY-NC,https://www.inaturalist.org/observations/259775060,https://inaturalist-open-data.s3.amazonaws.com/photos/466394023/medium.jpeg,,"",,2,0,false,,"Pinellas County, FL (Crescent Lake)",27.7857419902,-82.6426230769,61,,,,61,,open,false,,,Baltimore Oriole,Icterus galbula,Calandria de Baltimore,Aves,9346
259777245,d11d2b73-1639-4e42-8ac6-436e2799a579,2025-01-27 09:42:12-08:00,2025-01-27,2025-01-27 17:42:12 UTC,Pacific Time (US & Canada),4999098,tomas_kay,,2025-01-27 17:42:54 UTC,2025-01-27 22:27:30 UTC,research,CC-BY,https://www.inaturalist.org/observations/259777245,https://inaturalist-open-data.s3.amazonaws.com/photos/466398987/medium.jpg,,"","",1,0,false,3,"San Diego Zoo, San Diego, CA, US",32.7356836744,-117.1516877069,538,,,,538,,open,false,,,Baltimore Oriole,Icterus galbula,Calandria de Baltimore,Aves,9346
260692508,fb42f04e-4e21-415c-8c51-b0fa0d75df29,2025/01/20 7:59 AM,2025-01-20,2025-01-20 15:59:00 UTC,Pacific Time (US & Canada),1134341,calebv15,Caleb Villar,2025-02-05 09:35:04 UTC,2025-02-06 02:54:06 UTC,research,CC-BY-NC,https://www.inaturalist.org/observations/260692508,https://inaturalist-open-data.s3.amazonaws.com/photos/468209429/medium.jpeg,,"",,1,0,false,,"Balboa Park, San Diego, CA, USA",32.7365706434,-117.1489275527,1,,,,1,,open,false,,,Baltimore Oriole,Icterus galbula,Calandria de Baltimore,Aves,9346
261202255,6acd02f0-f3cc-4d34-a4e7-da35d64f99da,2025-02-09 15:53:00,2025-02-09,2025-02-09 21:53:00 UTC,America/Costa_Rica,232926,jennysweatt,Jennysweatt,2025-02-10 02:23:05 UTC,2025-02-10 15:05:02 UTC,research,CC-BY-NC,https://www.inaturalist.org/observations/261202255,https://inaturalist-open-data.s3.amazonaws.com/photos/469218334/medium.jpeg,,"",,2,1,false,2,"La Fortuna, Alajuela Province, San Carlos, Costa Rica",10.4444882555,-84.6696557477,20,,,,20,,open,false,gps,gps,Baltimore Oriole,Icterus galbula,Calandria de Baltimore,Aves,9346
262477528,8fa88f53-7152-4278-b47f-c76d94205ac7,2019/10/30 21:16,2019-10-30,2019-10-31 03:16:00 UTC,America/Costa_Rica,8965726,dbd2025,DROR BEN-DAVID,2025-02-21 04:50:28 UTC,2025-02-25 19:29:54 UTC,research,CC-BY-NC,https://www.inaturalist.org/observations/262477528,https://inaturalist-open-data.s3.amazonaws.com/photos/471512946/medium.jpeg,,CostaRica2,,2,0,false,,"Alajuela Province, San Carlos, קוסטה ריקה",10.6868916667,-84.1805533333,,,,,,,open,false,,,Icterus galbula,Icterus galbula,Calandria de Baltimore,Aves,9346
263006304,dc636506-5e53-4a7d-a999-9a2326e70eac,2024/04/25 9:39 AM,2024-04-25,2024-04-25 15:39:00 UTC,Mexico City,69405,jaguargozandoselva,JaguarGozandoSelva,2025-02-25 02:01:53 UTC,2025-02-28 17:25:52 UTC,research,CC-BY-NC,https://www.inaturalist.org/observations/263006304,https://inaturalist-open-data.s3.amazonaws.com/photos/472402888/medium.jpeg,,"","",1,0,false,,"Zona Universitaria, Xalapa-Enríquez, Ver., México",19.510410312,-96.9158728277,300,,,,300,,open,false,,,Calandria de Baltimore,Icterus galbula,Calandria de Baltimore,Aves,9346
263790563,4b2de6dd-f0d8-4c6f-8579-360fb7bd6db5,2025/03/03 10:56 AM,2025-03-03,2025-03-03 16:56:00 UTC,Central Time (US & Canada),49118,lauramorganclark,Laura Clark,2025-03-03 19:43:09 UTC,2025-03-05 19:47:56 UTC,research,CC-BY,https://www.inaturalist.org/observations/263790563,https://inaturalist-open-data.s3.amazonaws.com/photos/473953727/medium.jpeg,,"","",4,0,false,,"Jasper County, TX, USA",30.8143983451,-94.023142372,2,,,,2,,open,false,,,Baltimore Oriole,Icterus galbula,Calandria de Baltimore,Aves,9346
263934438,ff0555a4-6d87-4659-946c-24cafc2fd516,2025/03/01 7:56 AM,2025-03-01,2025-03-01 13:56:00 UTC,Mexico City,535202,camamed,Carlos Arturo Marín Medina,2025-03-05 02:04:20 UTC,2025-03-06 20:26:25 UTC,research,CC-BY-NC,https://www.inaturalist.org/observations/263934438,https://inaturalist-open-data.s3.amazonaws.com/photos/474233096/medium.jpeg,,"","",1,0,false,,"Progreso Macuiltepetl, 91130 Xalapa-Enríquez, Ver., México",19.547941128,-96.9198846778,214,,,,214,,open,false,,,Calandria de Baltimore,Icterus galbula,Calandria de Baltimore,Aves,9346
264530747,761023e4-a708-4bbb-ad74-fa42df663f2d,2025-03-08 07:18:15-05:00,2025-03-08,2025-03-08 12:18:15 UTC,Eastern Time (US & Canada),7548271,yamh1llco,,2025-03-08 16:55:06 UTC,2025-03-13 16:26:19 UTC,research,CC-BY-NC,https://www.inaturalist.org/observations/264530747,https://inaturalist-open-data.s3.amazonaws.com/photos/475006945/medium.jpg,,"","",1,0,false,3,"Bellaire Ln, Rockledge, FL, US",28.3130580782,-80.7301023878,12,,,,12,,open,false,,,Baltimore Oriole,Icterus galbula,Calandria de Baltimore,Aves,9346
264871941,00170555-7cb7-46f3-a4d2-a7a9a3916144,2025/03/09 9:51 AM,2025-03-09,2025-03-09 13:51:00 UTC,Eastern Time (US & Canada),3453019,kingmush,JeffreyGammon,2025-03-11 00:15:46 UTC,2025-03-12 16:37:51 UTC,research,CC-BY-NC,https://www.inaturalist.org/observations/264871941,https://inaturalist-open-data.s3.amazonaws.com/photos/475668513/medium.jpeg,,"kingmush, 2025, Florida, USA, March, North America",juv,1,0,false,,"Seminole County, FL, USA",28.6374631409,-81.2990279578,864,,,,864,,open,false,,,Baltimore Oriole,Icterus galbula,Calandria de Baltimore,Aves,9346
265103190,fe3f119c-ee83-4ccd-b91f-db0bc1f8ddde,2021/12/18 11:20 AM,2021-12-18,2021-12-18 19:20:00 UTC,Tijuana,2592607,leifibarra,Laura Ibarra,2025-03-12 22:46:15 UTC,2025-04-04 19:22:31 UTC,needs_id,,https://www.inaturalist.org/observations/265103190,https://static.inaturalist.org/photos/476122230/medium.jpg,,"",,0,0,false,,"Zona Centro, 22800 Ensenada, B.C., México",31.8605313102,-116.6190517757,67,,,,67,,open,false,,,Calandrias,Icterus galbula,Calandria de Baltimore,Aves,9346
265746695,64966433-ca18-46f9-aeea-76d07d11d974,2024-06-17 14:57:00,2024-06-17,2024-06-17 19:57:00 UTC,Central Time (US & Canada),4782221,kgteddy114,Kari,2025-03-17 21:04:41 UTC,2025-03-25 05:12:40 UTC,research,CC-BY-NC,https://www.inaturalist.org/observations/265746695,https://inaturalist-open-data.s3.amazonaws.com/photos/477387994/medium.jpeg,,"",,1,0,false,2,"De Pere, WI, USA",44.4430332,-88.0858967,,,,,,,open,false,gps,gps,Baltimore Oriole,Icterus galbula,Calandria de Baltimore,Aves,9346
266047533,1826f921-8da5-47eb-9f35-0489a8546d5c,2025/03/17 7:46 AM,2025-03-17,2025-03-17 13:46:00 UTC,America/Merida,100132,angel_castillo_birdingtours,"",2025-03-20 02:29:38 UTC,2025-03-20 21:19:01 UTC,research,CC-BY-NC,https://www.inaturalist.org/observations/266047533,https://inaturalist-open-data.s3.amazonaws.com/photos/477971637/medium.jpeg,,"","",1,0,false,,"Calakmul, Camp., México",18.3986638564,-89.4446796295,122,,,,122,,open,false,,,Calandria de Baltimore,Icterus galbula,Calandria de Baltimore,Aves,9346
267111900,bef80fc4-4436-47b3-bdbd-f278d870b338,2025-03-26 17:06:55,2025-03-26,2025-03-26 21:06:55 UTC,America/Nipigon,610517,duncan10,Duncan Noble,2025-03-26 21:59:34 UTC,2025-04-04 04:56:28 UTC,research,CC-BY,https://www.inaturalist.org/observations/267111900,https://inaturalist-open-data.s3.amazonaws.com/photos/479980989/medium.jpeg,,"",,1,0,false,2,"Point Edward, ON N7V 1J8, Canada",42.9991388889,-82.4034944444,,,,,,,open,false,gps,gps,Baltimore Oriole,Icterus galbula,Calandria de Baltimore,Aves,9346
267343813,19b8adfa-68e5-42d1-8c98-2147f4138184,2025-03-28 10:14:42-04:00,2025-03-28,2025-03-28 14:14:42 UTC,Eastern Time (US & Canada),4367112,edinorlando,Edinorlando,2025-03-28 13:45:57 UTC,2025-07-29 00:38:31 UTC,research,CC-BY-NC,https://www.inaturalist.org/observations/267343813,https://inaturalist-open-data.s3.amazonaws.com/photos/480429951/medium.jpg,,"","",1,0,false,3,"Waukon Cir, Casselberry, FL, US",28.6505627901,-81.3033963603,656,,,,656,,open,false,,,Baltimore Oriole,Icterus galbula,Calandria de Baltimore,Aves,9346
267404725,8a5e6c45-31f0-45bd-869a-0b4c184da26c,2025/03/22 3:30 PM,2025-03-22,2025-03-22 19:30:00 UTC,Eastern Time (US & Canada),1163555,j_albright,,2025-03-28 20:55:18 UTC,2025-04-08 02:29:54 UTC,research,,https://www.inaturalist.org/observations/267404725,https://static.inaturalist.org/photos/480541299/medium.jpg,,"",,1,0,false,,"Indian Head-Lehigh, Tallahassee, FL 32301, USA",30.4312770657,-84.2614675674,1,,,,1,,open,false,,,Baltimore Oriole,Icterus galbula,Calandria de Baltimore,Aves,9346
269527481,5020787c-0e0a-4009-9204-1078b45f40b6,2025/04/08 2:23 PM,2025-04-08,2025-04-08 19:23:00 UTC,Central Time (US & Canada),1906701,vicki936,Vicki Miller,2025-04-09 22:03:41 UTC,2025-04-12 04:35:42 UTC,research,CC0,https://www.inaturalist.org/observations/269527481,https://inaturalist-open-data.s3.amazonaws.com/photos/484619019/medium.jpg,,"",,2,0,false,,"Quintana Neotropical Bird Sanctuary, 814 Lamar St, Quintana, TX 77541, USA",28.9337826,-95.3084534,203,,,,203,,open,false,,,Baltimore Oriole,Icterus galbula,Calandria de Baltimore,Aves,9346
270030377,16346c48-b0df-4a41-83fc-79221f366854,2025/04/12 6:57 AM,2025-04-12,2025-04-12 13:57:00 UTC,Pacific Time (US & Canada),2444377,paprikabrown,Margaret Brown,2025-04-12 19:05:39 UTC,2025-04-13 06:42:52 UTC,research,,https://www.inaturalist.org/observations/270030377,https://static.inaturalist.org/photos/485576270/medium.jpeg,,"",,1,0,false,,"La Mesa, CA, USA",32.7880841861,-116.9850372401,15,,,,15,,open,false,,,Baltimore Oriole,Icterus galbula,Calandria de Baltimore,Aves,9346
270261836,141c154a-1ebb-4f2e-9f02-6beab23cc932,2023/10/09 17:23,2023-10-09,2023-10-09 15:23:00 UTC,Paris,5747438,nicolas_marmet,Nicolas Marmet,2025-04-13 19:22:22 UTC,2025-09-22 08:55:15 UTC,research,,https://www.inaturalist.org/observations/270261836,https://static.inaturalist.org/photos/485991391/medium.jpeg,,"",,4,0,false,,"Ouessant, France",48.4701885218,-5.0617534336,15,,,,15,,open,false,,,Oriole de Baltimore,Icterus galbula,Calandria de Baltimore,Aves,9346
270362772,ff612e5c-9ec6-4764-b4f1-3a6779cf51bf,2025/04/13 1:52 PM,2025-04-13,2025-04-13 18:52:00 UTC,Central Time (US & Canada),1109260,puffin21,Michael Orgill,2025-04-14 04:19:15 UTC,2025-04-26 15:07:39 UTC,research,CC-BY-NC,https://www.inaturalist.org/observations/270362772,https://inaturalist-open-data.s3.amazonaws.com/photos/486217814/medium.jpeg,,"",,4,0,false,,"Port Aransas, TX, USA",27.8275426314,-97.0787637052,2,,,,2,,open,false,,,Baltimore Oriole,Icterus galbula,Calandria de Baltimore,Aves,9346
271369277,4cc83f46-4e42-4a1e-b191-ee241eb56d3e,2025/04/17 9:05 AM,2025-04-17,2025-04-17 15:05:00 UTC,Mexico City,54220,aplomadobirdy,Big Birdy,2025-04-19 04:31:18 UTC,2025-04-20 18:13:40 UTC,research,CC-BY-NC-ND,https://www.inaturalist.org/observations/271369277,https://static.inaturalist.org/photos/488127957/medium.jpg,,"",,2,0,false,,"Reserva Territorial, Col. Santa Bárbara, Ver., México",19.5048795253,-96.8812271372,122,,,,122,,open,false,,,Calandria de Baltimore,Icterus galbula,Calandria de Baltimore,Aves,9346
271685652,95b09963-1132-43a3-b158-d81739c5c8c8,2025/04/20 7:37 AM,2025-04-20,2025-04-20 12:37:00 UTC,Central Time (US & Canada),1222692,debnance,Deb Nance,2025-04-20 12:49:33 UTC,2025-04-21 18:22:50 UTC,research,CC-BY-NC,https://www.inaturalist.org/observations/271685652,https://inaturalist-open-data.s3.amazonaws.com/photos/488726032/medium.jpeg,,"","",1,0,false,,"1301 S Johnson St, Alvin, TX 77511, USA",29.4127626,-95.2504273,193,,,,193,,open,false,,,Baltimore Oriole,Icterus galbula,Calandria de Baltimore,Aves,9346
272223397,95ed048d-aaee-44da-8953-8e1731c161ce,2025/04/21 7:28 AM,2025-04-21,2025-04-21 12:28:00 UTC,Central Time (US & Canada),18812,mako252,Jon McIntyre,2025-04-22 15:54:34 UTC,2025-04-25 14:55:47 UTC,research,CC-BY-NC,https://www.inaturalist.org/observations/272223397,https://inaturalist-open-data.s3.amazonaws.com/photos/489739339/medium.jpeg,,"",,4,0,false,,"Nueces County, TX, USA",27.8236033405,-97.9177804364,15,,,,15,,open,false,,,Baltimore Oriole,Icterus galbula,Calandria de Baltimore,Aves,9346
272230223,1f4d2628-ff0e-45b0-856a-55f5c6a40963,2025/04/21 5:46 PM,2025-04-21,2025-04-21 22:46:00 UTC,Central Time (US & Canada),18812,mako252,Jon McIntyre,2025-04-22 16:26:39 UTC,2025-04-25 14:53:06 UTC,research,CC-BY-NC,https://www.inaturalist.org/observations/272230223,https://inaturalist-open-data.s3.amazonaws.com/photos/489751739/medium.jpeg,,"",,4,0,false,,"Port Aransas, TX, USA",27.8346083179,-97.0728325133,2,,,,2,,open,false,,,Baltimore Oriole,Icterus galbula,Calandria de Baltimore,Aves,9346
272449414,f41935d9-838a-4cb9-997d-7fba8e01b082,2025/04/23 7:51 AM,2025-04-23,2025-04-23 12:51:00 UTC,Central Time (US & Canada),316477,tcouncil,Todd Council,2025-04-23 14:45:15 UTC,2025-05-02 21:15:43 UTC,research,CC-BY-NC,https://www.inaturalist.org/observations/272449414,https://inaturalist-open-data.s3.amazonaws.com/photos/490163684/medium.jpg,,"","",2,0,false,,"South Padre Island, TX, USA",26.1399231368,-97.1751347175,269,,,,269,,open,false,,,Baltimore Oriole,Icterus galbula,Calandria de Baltimore,Aves,9346
272700586,563200b8-53e8-4ad4-99d9-a96bcc495fea,2025/04/21 11:32 AM,2025-04-21,2025-04-21 16:32:00 UTC,Central Time (US & Canada),1529096,peggyrudman,Peggy Rudman,2025-04-24 15:16:03 UTC,2025-04-25 13:42:36 UTC,research,CC-BY-NC,https://www.inaturalist.org/observations/272700586,https://inaturalist-open-data.s3.amazonaws.com/photos/490619368/medium.jpg,,"Baltimore Oriole, LRGV., Palmview South, TX",,4,0,false,,"Palmview South, TX 78572, USA",26.2097581,-98.3794265,1458,,,,1458,,open,false,,,Baltimore Oriole,Icterus galbula,Calandria de Baltimore,Aves,9346
272734322,3de76aa4-64bf-4397-b9c2-21991cd6c76c,2025-04-24 11:44:22,2025-04-24,2025-04-24 15:44:22 UTC,Eastern Time (US & Canada),6954016,peter2731,Peter Masse,2025-04-24 17:40:40 UTC,2025-05-06 22:54:25 UTC,research,,https://www.inaturalist.org/observations/272734322,https://static.inaturalist.org/photos/490678425/medium.jpeg,,"",,1,0,false,2,"Webster, MA 01570, USA",42.0656552899,-71.8496518582,148,,,,148,,open,false,,,Baltimore Oriole,Icterus galbula,Calandria de Baltimore,Aves,9346
272867187,839ede46-5ea5-4e26-a049-804e8519dcd6,2025/04/23 9:04 AM,2025-04-23,2025-04-23 15:04:00 UTC,Mexico City,54220,aplomadobirdy,Big Birdy,2025-04-25 03:23:48 UTC,2025-04-26 00:36:25 UTC,research,CC-BY-NC-ND,https://www.inaturalist.org/observations/272867187,https://static.inaturalist.org/photos/490906793/medium.jpg,,"",,2,0,false,,"Campo Nuevo, Xalapa-Enríquez, Ver., México",19.5196637238,-96.8880998672,2189,,,,2189,,open,false,,,Calandria de Baltimore,Icterus galbula,Calandria de Baltimore,Aves,9346
273167701,d825eb25-62a3-463b-9f4d-b2f0bb7e6138,2025/04/22 11:57 AM,2025-04-22,2025-04-22 16:57:00 UTC,Central Time (US & Canada),18812,mako252,Jon McIntyre,2025-04-25 15:41:30 UTC,2025-04-28 21:04:18 UTC,research,CC-BY-NC,https://www.inaturalist.org/observations/273167701,https://inaturalist-open-data.s3.amazonaws.com/photos/491359058/medium.jpeg,,"",,4,0,false,,"South Side, Corpus Christi, TX, USA",27.6723002387,-97.3500959262,1,,,,1,,open,false,,,Baltimore Oriole,Icterus galbula,Calandria de Baltimore,Aves,9346
273171846,7c996a99-bca2-4caa-88f8-8d1bbaffb73c,2025/04/22 4:49 PM,2025-04-22,2025-04-22 21:49:00 UTC,Central Time (US & Canada),18812,mako252,Jon McIntyre,2025-04-25 15:47:43 UTC,2025-04-28 21:08:22 UTC,research,CC-BY-NC,https://www.inaturalist.org/observations/273171846,https://inaturalist-open-data.s3.amazonaws.com/photos/491365542/medium.jpeg,,"",,2,0,false,,"South Side, Corpus Christi, TX, USA",27.672251828,-97.3501248355,1,,,,1,,open,false,,,Baltimore Oriole,Icterus galbula,Calandria de Baltimore,Aves,9346
273185740,0043f14d-107d-488c-9945-e764d3d0df6d,2025/04/25 9:52 AM,2025-04-25,2025-04-25 14:52:00 UTC,Central Time (US & Canada),18812,mako252,Jon McIntyre,2025-04-25 16:07:50 UTC,2025-04-28 21:52:45 UTC,research,CC-BY-NC,https://www.inaturalist.org/observations/273185740,https://inaturalist-open-data.s3.amazonaws.com/photos/491386273/medium.jpeg,,"",,4,0,false,,"South Side, Corpus Christi, TX, USA",27.672246806,-97.3501324398,1,,,,1,,open,false,,,Baltimore Oriole,Icterus galbula,Calandria de Baltimore,Aves,9346
273481718,bc527a3a-b30b-48e9-a74c-c09b1f5797b0,2025/04/05 8:24 AM,2025-04-05,2025-04-05 14:24:00 UTC,Mexico City,535202,camamed,Carlos Arturo Marín Medina,2025-04-26 00:37:20 UTC,2025-04-27 01:46:12 UTC,research,CC-BY-NC,https://www.inaturalist.org/observations/273481718,https://inaturalist-open-data.s3.amazonaws.com/photos/491854674/medium.jpeg,,"","",2,0,false,,"El Haya, Xalapa-Enríquez, Ver., México",19.5185372822,-96.9444751733,430,,,,430,,open,false,,,Calandria de Baltimore,Icterus galbula,Calandria de Baltimore,Aves,9346
273512086,b606c4ef-2157-44aa-ab32-c2cc3c2496bb,2025/04/25 8:08 AM,2025-04-25,2025-04-25 12:08:00 UTC,Eastern Time (US & Canada),3989998,scmayo,Steve Mayo,2025-04-26 01:38:22 UTC,2025-04-26 04:43:03 UTC,research,CC0,https://www.inaturalist.org/observations/273512086,https://inaturalist-open-data.s3.amazonaws.com/photos/491913171/medium.jpeg,,"",imm male; third male of the season already,1,0,false,,"Guilford, CT, USA",41.3181961718,-72.7366258806,12,,,,12,,open,false,,,Baltimore Oriole,Icterus galbula,Calandria de Baltimore,Aves,9346
274402527,a3a89bcf-a36d-4469-a18d-b5c0c2f1686c,2025/04/26 10:34 AM,2025-04-26,2025-04-26 15:34:00 UTC,Central Time (US & Canada),18812,mako252,Jon McIntyre,2025-04-27 04:32:13 UTC,2025-04-28 21:56:31 UTC,research,CC-BY-NC,https://www.inaturalist.org/observations/274402527,https://inaturalist-open-data.s3.amazonaws.com/photos/493323691/medium.jpeg,,"",,3,0,false,,"South Side, Corpus Christi, TX, USA",27.6722528039,-97.3501281322,1,,,,1,,open,false,,,Baltimore Oriole,Icterus galbula,Calandria de Baltimore,Aves,9346
275197425,bb13ce5e-0236-415b-8d17-68c7351b7e0d,2025/04/25 9:52 AM,2025-04-25,2025-04-25 14:52:00 UTC,Central Time (US & Canada),3772516,michaelkalisek,,2025-04-28 00:16:19 UTC,2025-05-03 21:00:51 UTC,research,CC-BY-NC,https://www.inaturalist.org/observations/275197425,https://inaturalist-open-data.s3.amazonaws.com/photos/494559958/medium.jpeg,,"",,2,0,false,,"Texas, US",29.6182529412,-96.3010568217,57,,,,29458,obscured,open,true,,,Baltimore Oriole,Icterus galbula,Calandria de Baltimore,Aves,9346
275258176,c86fbab5-9da7-4c67-b1b7-9258b3349e04,2025/04/26 5:24 PM,2025-04-26,2025-04-26 23:24:00 UTC,Mexico City,54220,aplomadobirdy,Big Birdy,2025-04-28 01:40:21 UTC,2025-04-29 05:57:03 UTC,research,CC-BY-NC-ND,https://www.inaturalist.org/observations/275258176,https://static.inaturalist.org/photos/494658708/medium.jpg,,"",,2,0,false,,"Parque Natura, Xalapa-Enríquez, Ver., México",19.5174631165,-96.8898480848,515,,,,515,,open,false,,,Calandria de Baltimore,Icterus galbula,Calandria de Baltimore,Aves,9346
275258180,f8720862-9b92-4776-a831-2c4f5371ab25,2025/04/26 5:54 PM,2025-04-26,2025-04-26 23:54:00 UTC,Mexico City,54220,aplomadobirdy,Big Birdy,2025-04-28 01:40:21 UTC,2025-04-29 05:57:13 UTC,research,CC-BY-NC-ND,https://www.inaturalist.org/observations/275258180,https://static.inaturalist.org/photos/494658719/medium.jpg,,"",,2,0,false,,"Parque Natura, Xalapa-Enríquez, Ver., México",19.5174631165,-96.8898480848,515,,,,515,,open,false,,,Calandria de Baltimore,Icterus galbula,Calandria de Baltimore,Aves,9346
275278572,dfa98dbb-3bde-4047-a96d-fe6003c2f52e,2025/04/27 5:03 PM,2025-04-27,2025-04-27 21:03:00 UTC,Eastern Time (US & Canada),5701166,birdwatcher312,Braydon L,2025-04-28 02:11:13 UTC,2025-04-28 02:13:09 UTC,research,CC-BY-NC,https://www.inaturalist.org/observations/275278572,https://inaturalist-open-data.s3.amazonaws.com/photos/494687837/medium.jpg,,"","",1,0,false,,"West Deptford, NJ, USA",39.8758646245,-75.1371864717,15,,,,15,,open,false,,,Baltimore Oriole,Icterus galbula,Calandria de Baltimore,Aves,9346
276130739,e5114474-88d9-4212-94e6-8ff7e5c9bb51,2025/04/28 8:23 AM,2025-04-28,2025-04-28 12:23:00 UTC,Eastern Time (US & Canada),337632,sterlingnorthjr,Gregg Petersen,2025-04-28 22:13:23 UTC,2025-06-09 21:27:26 UTC,research,CC-BY-NC,https://www.inaturalist.org/observations/276130739,https://inaturalist-open-data.s3.amazonaws.com/photos/495934069/medium.jpg,,"",,2,0,false,,"Glenwood, MD, USA",39.283819301,-77.0316641401,31,,,,31,,open,false,,,Baltimore Oriole,Icterus galbula,Calandria de Baltimore,Aves,9346
277112780,6b672bec-c4ea-4215-97ad-30d4b9a9b18c,2025/04/26 10:58 AM,2025-04-26,2025-04-26 15:58:00 UTC,Central Time (US & Canada),3772516,michaelkalisek,,2025-04-30 19:21:27 UTC,2025-05-03 20:54:28 UTC,research,CC-BY-NC,https://www.inaturalist.org/observations/277112780,https://inaturalist-open-data.s3.amazonaws.com/photos/497594623/medium.jpeg,,"",,2,0,false,,"Port Arthur, TX, USA",29.6982342445,-93.9510078025,26,,,,26,,open,false,,,Baltimore Oriole,Icterus galbula,Calandria de Baltimore,Aves,9346
277161166,5cd0b00a-1278-4795-8288-c1f28a01d5e7,2025/04/29 7:14 PM,2025-04-29,2025-04-30 00:14:00 UTC,Central Time (US & Canada),204568,iowabiologist,iowabiologist,2025-04-30 21:50:11 UTC,2025-05-05 18:02:44 UTC,needs_id,CC-BY-NC,https://www.inaturalist.org/observations/277161166,https://inaturalist-open-data.s3.amazonaws.com/photos/497661949/medium.jpeg,,"",Nest hanging in a tree 40 feet (12 m) above the ground,0,0,false,,"Brookside Park, Ames, Iowa, USA",42.033385,-93.631855,,,,,,,open,false,,,Baltimore Oriole,Icterus galbula,Calandria de Baltimore,Aves,9346
277229662,986a893a-8a79-4c0f-bf18-83cd561d56fc,2022-05-08 16:56:49-04:00,2022-05-08,2022-05-08 20:56:49 UTC,Eastern Time (US & Canada),1086366,jludwick,James Ludwick,2025-05-01 02:20:17 UTC,2025-05-02 02:29:27 UTC,research,,https://www.inaturalist.org/observations/277229662,https://static.inaturalist.org/photos/498032581/medium.jpg,,"","",2,0,false,3,"Laurel Brook Way, Lebanon, OH, US",39.4140110827,-84.2179459234,9,,,,9,,open,false,,,Baltimore Oriole,Icterus galbula,Calandria de Baltimore,Aves,9346
277259771,2839c6bb-9c98-4d9e-8cd6-5fe191a5b981,2025/04/30 4:42 PM,2025-04-30,2025-04-30 20:42:00 UTC,Eastern Time (US & Canada),2044860,ckhunt,Craig K. Hunt,2025-05-01 04:30:56 UTC,2025-05-10 22:24:30 UTC,research,CC-BY-NC,https://www.inaturalist.org/observations/277259771,https://inaturalist-open-data.s3.amazonaws.com/photos/497858322/medium.jpeg,,"",,1,0,false,,"Townshend, VT, USA",43.071915955,-72.6543806842,182,,,,182,,open,false,,,Baltimore Oriole,Icterus galbula,Calandria de Baltimore,Aves,9346
277259774,a76ec854-7c73-4f42-80bf-fa673944c404,2025/04/30 4:40 PM,2025-04-30,2025-04-30 20:40:00 UTC,Eastern Time (US & Canada),2044860,ckhunt,Craig K. Hunt,2025-05-01 04:30:56 UTC,2025-05-01 22:09:33 UTC,research,CC-BY-NC,https://www.inaturalist.org/observations/277259774,https://inaturalist-open-data.s3.amazonaws.com/photos/497858491/medium.jpeg,,"",,1,0,false,,"Townshend, VT, USA",43.071915955,-72.6543806842,182,,,,182,,open,false,,,Baltimore Oriole,Icterus galbula,Calandria de Baltimore,Aves,9346
277351048,38569ad1-f0ce-40d7-9f99-1bb98591444f,2025/05/01 7:35 AM,2025-05-01,2025-05-01 11:35:00 UTC,Eastern Time (US & Canada),6251768,tb2022,,2025-05-01 12:40:36 UTC,2025-05-18 21:48:44 UTC,research,CC-BY-NC,https://www.inaturalist.org/observations/277351048,https://inaturalist-open-data.s3.amazonaws.com/photos/498016678/medium.jpeg,,"","Orioles arrived today, just as the pears started blooming. That is common timing. The second photo has a second bird on the left. They are also visiting a citrus feeder and the sunflower feeder.",5,0,false,,"Seneca County, NY, USA",42.76,-76.76,500,,,,500,,open,false,,,Baltimore Oriole,Icterus galbula,Calandria de Baltimore,Aves,9346
277388667,a7a89b0e-8821-41fe-a692-5e17c565188e,2025-05-01 10:54:16-04:00,2025-05-01,2025-05-01 14:54:16 UTC,Eastern Time (US & Canada),4670752,helenvorster,,2025-05-01 14:54:51 UTC,2025-05-02 05:58:58 UTC,research,CC-BY-NC,https://www.inaturalist.org/observations/277388667,https://inaturalist-open-data.s3.amazonaws.com/photos/498078473/medium.jpg,,"","",1,0,false,3,"Bruce Tr, Hamilton, ON, CA",43.2297537849,-79.8157705554,4,,,,4,,open,false,,,Baltimore Oriole,Icterus galbula,Calandria de Baltimore,Aves,9346
277709415,6f9c35ea-9548-4f5e-88ce-4ada90e3a4b8,2025-05-02 09:29:38,2025-05-02,2025-05-02 13:29:38 UTC,Eastern Time (US & Canada),1084441,matthewrine,Matt Rine,2025-05-02 13:31:56 UTC,2025-05-26 21:24:42 UTC,research,CC0,https://www.inaturalist.org/observations/277709415,https://inaturalist-open-data.s3.amazonaws.com/photos/505389988/medium.jpg,,"",,2,0,false,2,"Wheaton, Wheaton-Glenmont, MD, USA",39.0579549722,-77.0370219722,,,,,,,open,false,gps,gps,Baltimore Oriole,Icterus galbula,Calandria de Baltimore,Aves,9346
278013473,b2880bac-e113-4558-9925-66d5e4315d5e,2025-05-03 07:50:40-04:00,2025-05-03,2025-05-03 11:50:40 UTC,Eastern Time (US & Canada),298302,tigerswallowtail,Alec Ferguson,2025-05-03 11:54:44 UTC,2025-05-27 15:01:24 UTC,research,CC-BY-NC-SA,https://www.inaturalist.org/observations/278013473,https://inaturalist-open-data.s3.amazonaws.com/photos/499192571/medium.jpg,,"","",2,0,false,3,"Accipiter Ct, Linganore, MD, US",39.417345,-77.3253383333,9,,,,9,,open,false,,,Baltimore Oriole,Icterus galbula,Calandria de Baltimore,Aves,9346
278254296,aedaacf9-850b-471a-8350-15f83f7b0304,2025/05/02 8:02 AM,2025-05-02,2025-05-02 12:02:00 UTC,Eastern Time (US & Canada),6464109,bathroomdoorknob,Marley Wong,2025-05-04 01:50:19 UTC,2025-05-04 11:24:44 UTC,research,,https://www.inaturalist.org/observations/278254296,https://static.inaturalist.org/photos/499626352/medium.jpeg,,"",,1,0,false,,"Eastside, Syracuse, NY, USA",43.0317458008,-76.1361414158,488,,,,488,,open,false,,,Baltimore Oriole,Icterus galbula,Calandria de Baltimore,Aves,9346
278290720,980d6786-9b15-4543-ac8a-171c2979d29f,2025/05/03 6:21 PM,2025-05-03,2025-05-03 22:21:00 UTC,Eastern Time (US & Canada),1587669,owlice,,2025-05-04 04:37:52 UTC,2025-05-04 05:20:10 UTC,research,CC-BY-NC,https://www.inaturalist.org/observations/278290720,https://inaturalist-open-data.s3.amazonaws.com/photos/499690471/medium.jpeg,,"","",1,0,false,,"Lucas County, OH, USA",41.6291305556,-83.1926111111,,,,,,,open,false,,,Baltimore Oriole,Icterus galbula,Calandria de Baltimore,Aves,9346
278402234,b82e7e8d-c744-47e3-82d2-2b563c69d8ca,2025/05/03 1:56 PM,2025-05-03,2025-05-03 17:56:00 UTC,Eastern Time (US & Canada),4644225,alexzur12,,2025-05-04 14:19:33 UTC,2025-05-10 20:16:52 UTC,research,CC-BY-NC,https://www.inaturalist.org/observations/278402234,https://inaturalist-open-data.s3.amazonaws.com/photos/499890560/medium.jpg,,"",,1,0,false,,"Binghamton University, NY 13850, USA",42.0854063129,-75.972495292,122,,,,122,,open,false,,,Baltimore Oriole,Icterus galbula,Calandria de Baltimore,Aves,9346
278491181,917989f6-cfd8-4152-8bb8-52be00c03520,2025-05-03 08:03:45-05:00,2025-05-03,2025-05-03 13:03:45 UTC,Central Time (US & Canada),5054627,ekalisek,,2025-05-04 18:34:13 UTC,2025-05-08 02:06:28 UTC,research,CC-BY-NC,https://www.inaturalist.org/observations/278491181,https://inaturalist-open-data.s3.amazonaws.com/photos/500048123/medium.jpg,,"","",2,0,false,3,"Sandy Creek Rd, Garwood, TX, US",29.4156633333,-96.57502,4,,,,4,,open,false,,,Baltimore Oriole,Icterus galbula,Calandria de Baltimore,Aves,9346
278628108,37555995-07f6-44d0-bd56-f3b35cc426fd,2025/05/03 12:45 PM,2025-05-03,2025-05-03 16:45:00 UTC,Eastern Time (US & Canada),5933819,rkillam,Robert Killam,2025-05-05 02:31:50 UTC,2025-05-05 03:19:06 UTC,research,,https://www.inaturalist.org/observations/278628108,https://static.inaturalist.org/photos/500302455/medium.jpg,,"",,2,0,false,,"Marshfield, MA, USA",42.0884491817,-70.675668152,4,,,,4,,open,false,,,Baltimore Oriole,Icterus galbula,Calandria de Baltimore,Aves,9346
278634161,f54d17c0-2c17-48f2-9261-f68c3a6e8a81,2025/05/04 11:13 AM,2025-05-04,2025-05-04 15:13:00 UTC,Eastern Time (US & Canada),5933819,rkillam,Robert Killam,2025-05-05 02:55:40 UTC,2025-05-05 02:56:09 UTC,research,,https://www.inaturalist.org/observations/278634161,https://static.inaturalist.org/photos/500312644/medium.jpg,,"",,1,0,false,,"Jamaica Plain, Boston, MA, USA",42.30606905,-71.1212155231,4,,,,4,,open,false,,,Baltimore Oriole,Icterus galbula,Calandria de Baltimore,Aves,9346
278746114,6ee1d695-2e3c-483b-ad96-eb7686cd8e99,2025/05/05 07:47,2025-05-05,2025-05-05 11:47:00 UTC,Eastern Time (US & Canada),17508,stephane,Stephane Le Tirant,2025-05-05 14:49:45 UTC,2025-10-17 06:36:54 UTC,research,CC-BY-NC,https://www.inaturalist.org/observations/278746114,https://inaturalist-open-data.s3.amazonaws.com/photos/500519514/medium.jpeg,,"",,2,0,false,,"Parc Bernard-Landry, 5 Av. du Crochet, Laval, QC H7N 2T8, Canada",45.5528483,-73.6977612,207,,,,207,,open,false,,,Oriole de Baltimore,Icterus galbula,Calandria de Baltimore,Aves,9346
278858287,f6792b81-d625-4853-b43b-618544ae2218,2025/05/05 3:00 PM,2025-05-05,2025-05-05 20:00:00 UTC,Central Time (US & Canada),8794127,visitjoan,VisitJoan,2025-05-05 23:27:39 UTC,2025-05-06 01:21:48 UTC,research,CC-BY-NC,https://www.inaturalist.org/observations/278858287,https://inaturalist-open-data.s3.amazonaws.com/photos/500724518/medium.jpeg,,"",,2,0,false,,"Arlington Heights, IL, USA",42.1136975638,-87.9620590202,154,,,,154,,open,false,,,Baltimore Oriole,Icterus galbula,Calandria de Baltimore,Aves,9346
278870464,2929fb10-e454-46bd-82ac-ecc71ec6d47b,2025/05/04 2:07 PM,2025-05-04,2025-05-04 18:07:00 UTC,Eastern Time (US & Canada),9185696,pfuchsman,Phyllis Fuchsman,2025-05-06 00:43:35 UTC,2025-08-08 13:19:44 UTC,research,CC-BY-NC,https://www.inaturalist.org/observations/278870464,https://inaturalist-open-data.s3.amazonaws.com/photos/500748684/medium.jpeg,,"",ID also confirm with song,1,0,false,,"The Rookery, 10110 Cedar Rd, Chesterland, OH 44026, USA",41.5029678,-81.2805907,177,,,,177,,open,false,,,Baltimore Oriole,Icterus galbula,Calandria de Baltimore,Aves,9346
279100061,1e166df6-3d7c-44dc-b360-8a179b74cbc6,2025/05/04 12:01 PM,2025-05-04,2025-05-04 17:01:00 UTC,Central Time (US & Canada),3772516,michaelkalisek,,2025-05-06 23:59:49 UTC,2025-05-08 11:24:25 UTC,research,CC-BY-NC,https://www.inaturalist.org/observations/279100061,https://inaturalist-open-data.s3.amazonaws.com/photos/501168315/medium.jpeg,,"",,2,0,false,,"Colorado County, TX, USA",29.4156617068,-96.5748873139,42,,,,42,,open,false,,,Baltimore Oriole,Icterus galbula,Calandria de Baltimore,Aves,9346
279108281,0c9f500a-f87f-4829-8a67-a2d85724410a,2025-05-03 09:46:02,2025-05-03,2025-05-03 13:46:02 UTC,Eastern Time (US & Canada),2206444,mmccarthy15,mmccarthy26,2025-05-07 00:46:18 UTC,2025-10-29 02:18:06 UTC,research,CC-BY-NC,https://www.inaturalist.org/observations/279108281,https://inaturalist-open-data.s3.amazonaws.com/photos/501183485/medium.jpg,,"",,1,0,false,843,"Lyall St, Boston, MA, US",42.2914814564,-71.1647389561,39,,,,39,,open,false,,,Baltimore Oriole,Icterus galbula,Calandria de Baltimore,Aves,9346
279284308,a39bec79-8bc4-4a93-bc7c-d7f6a628c848,2025/05/06 2:31 PM,2025-05-06,2025-05-06 18:31:00 UTC,Eastern Time (US & Canada),416201,jemredwood,Joanne Muis,2025-05-07 18:33:53 UTC,2025-05-07 20:06:00 UTC,research,CC-BY-NC,https://www.inaturalist.org/observations/279284308,https://inaturalist-open-data.s3.amazonaws.com/photos/501502069/medium.jpeg,,"",,2,0,false,,"Aldershot, Burlington, ON, Canada",43.3018964732,-79.8444018488,15,,,,15,,open,false,,,Baltimore Oriole,Icterus galbula,Calandria de Baltimore,Aves,9346
279349309,252a6495-2607-4c5c-9948-9228cf30d03f,2025/05/07 11:51 AM,2025-05-07,2025-05-07 16:51:00 UTC,Central Time (US & Canada),75312,dave1682,Dave1682,2025-05-07 23:46:54 UTC,2025-05-08 02:22:31 UTC,research,CC-BY-NC,https://www.inaturalist.org/observations/279349309,https://inaturalist-open-data.s3.amazonaws.com/photos/501624014/medium.jpeg,,"",,2,0,false,,"Dupage County, IL, USA",41.9370200156,-87.9571573493,15,,,,15,,open,false,,,Baltimore Oriole,Icterus galbula,Calandria de Baltimore,Aves,9346
279370475,b6aa9981-4ec2-441a-af5c-1d7ee22bdcbb,2025/05/07 4:45 PM,2025-05-07,2025-05-07 20:45:00 UTC,Eastern Time (US & Canada),416201,jemredwood,Joanne Muis,2025-05-08 01:54:29 UTC,2025-05-08 22:17:12 UTC,research,CC-BY-NC,https://www.inaturalist.org/observations/279370475,https://inaturalist-open-data.s3.amazonaws.com/photos/501668440/medium.jpeg,,"",,2,0,false,,"225 Grove Park Dr, Burlington, ON L7T 2H1, Canada",43.3148275,-79.8490776,36,,,,36,,open,false,,,Baltimore Oriole,Icterus galbula,Calandria de Baltimore,Aves,9346
279372055,436c322c-5ee8-474e-aa0a-560b29efb6da,2025/05/04 5:58 PM,2025-05-04,2025-05-04 22:58:00 UTC,Central Time (US & Canada),3772516,michaelkalisek,,2025-05-08 02:03:10 UTC,2025-05-08 22:58:23 UTC,research,CC-BY-NC,https://www.inaturalist.org/observations/279372055,https://inaturalist-open-data.s3.amazonaws.com/photos/501694436/medium.jpeg,,"",,3,0,false,,"Texas, US",29.6599222879,-96.3342046167,32,,,,29458,obscured,open,true,,,Baltimore Oriole,Icterus galbula,Calandria de Baltimore,Aves,9346
279614691,3aee4f1c-d502-4005-82ed-8aa3aa8fe03f,2025-05-08 15:55:28-04:00,2025-05-08,2025-05-08 19:55:28 UTC,Eastern Time (US & Canada),572980,sadawolk,Sandy Wolkenberg,2025-05-09 02:51:43 UTC,2025-05-09 18:10:46 UTC,research,CC-BY,https://www.inaturalist.org/observations/279614691,https://inaturalist-open-data.s3.amazonaws.com/photos/502129171/medium.jpg,,"","",2,0,false,3,"Webster, NY, US",43.19275,-77.5128116667,12,,,,12,,open,false,,,Baltimore Oriole,Icterus galbula,Calandria de Baltimore,Aves,9346
280326684,50546a93-e8b7-4c74-9214-ea0b9455c41c,2025/05/11 2:57 PM,2025-05-11,2025-05-11 18:57:00 UTC,Eastern Time (US & Canada),164735,belyykit,"",2025-05-11 19:41:23 UTC,2025-05-11 19:41:42 UTC,research,CC-BY-NC,https://www.inaturalist.org/observations/280326684,https://inaturalist-open-data.s3.amazonaws.com/photos/503460649/medium.jpg,,"",,1,0,false,,"Wheaton, Wheaton-Glenmont, MD, USA",39.058952,-77.0326,,,,,,,open,false,,,Baltimore Oriole,Icterus galbula,Calandria de Baltimore,Aves,9346
280337305,92f40300-ce10-434e-9ee3-f1d91e7c395f,2025/05/11 7:03 AM,2025-05-11,2025-05-11 12:03:00 UTC,Central Time (US & Canada),5858083,cjgarlando4,Cameron Garland,2025-05-11 20:15:48 UTC,2026-03-08 00:10:23 UTC,research,,https://www.inaturalist.org/observations/280337305,https://static.inaturalist.org/photos/503480539/medium.jpeg,,"",,2,0,false,,"Highland Park, St Paul, MN, USA",44.9082134103,-93.1457799544,31,,,,31,,open,false,,,Baltimore Oriole,Icterus galbula,Calandria de Baltimore,Aves,9346
280422769,93d3b483-6e8e-428c-91c9-bbbdfc3411b0,2025/05/11 7:57 AM,2025-05-11,2025-05-11 14:57:00 UTC,Pacific Time (US & Canada),8159696,sglevanik,,2025-05-12 01:49:07 UTC,2025-05-15 03:20:44 UTC,research,CC-BY-NC,https://www.inaturalist.org/observations/280422769,https://inaturalist-open-data.s3.amazonaws.com/photos/503643280/medium.jpeg,,"",,2,0,false,,"Rancho San Diego, CA, USA",32.7755272121,-116.9195379442,61,,,,61,,open,false,,,Baltimore Oriole,Icterus galbula,Calandria de Baltimore,Aves,9346
280898267,f75f7bce-a3f0-4da8-b0a8-0d8969dddeea,2025/05/03 10:32 AM,2025-05-03,2025-05-03 14:32:00 UTC,America/Detroit,1891727,donalddavesne,Donald Davesne,2025-05-13 23:56:59 UTC,2025-08-21 19:32:17 UTC,research,CC-BY,https://www.inaturalist.org/observations/280898267,https://inaturalist-open-data.s3.amazonaws.com/photos/504546802/medium.jpg,https://static.inaturalist.org/sounds/1543031.wav?1750970448,"",,2,0,false,,"Northside, Ann Arbor, MI, USA",42.291284395,-83.7269379927,20,,,,20,,open,false,,,Baltimore Oriole,Icterus galbula,Calandria de Baltimore,Aves,9346
281175690,a5855c6c-c454-4010-b17e-8620981a2eec,2025/05/14 6:02 PM,2025-05-14,2025-05-14 22:02:00 UTC,Eastern Time (US & Canada),5276538,peterselmayr,"",2025-05-15 03:34:42 UTC,2025-05-24 17:31:08 UTC,research,CC-BY-NC,https://www.inaturalist.org/observations/281175690,https://inaturalist-open-data.s3.amazonaws.com/photos/505071429/medium.jpg,,"",,2,0,false,,"Brunswick, ME, USA",43.9349139405,-69.888604727,2,,,,2,,open,false,,,Baltimore Oriole,Icterus galbula,Calandria de Baltimore,Aves,9346
281232147,c452bab2-d719-4b95-b8ff-f3e4cefba093,2025-05-10,2025-05-10,,Central Time (US & Canada),7880802,brycetheplant,Bryce,2025-05-15 12:12:44 UTC,2025-05-15 15:17:39 UTC,research,CC-BY-NC-ND,https://www.inaturalist.org/observations/281232147,https://inaturalist-open-data.s3.amazonaws.com/photos/505177734/medium.jpg,,"",,2,0,false,2,"Mayville, WI, USA",44.9600910228,-90.3864862025,21,,,,21,,open,false,gps,gps,Baltimore Oriole,Icterus galbula,Calandria de Baltimore,Aves,9346
281326627,2d91b6f8-b1a2-44e0-a6f3-e8b5e07fe883,2025/05/03 4:18 PM,2025-05-03,2025-05-03 20:18:00 UTC,America/Detroit,1891727,donalddavesne,Donald Davesne,2025-05-15 19:41:58 UTC,2025-05-15 20:03:21 UTC,research,CC-BY,https://www.inaturalist.org/observations/281326627,https://inaturalist-open-data.s3.amazonaws.com/photos/505339866/medium.jpg,,"",,2,0,false,,"Allen, Ann Arbor, MI, USA",42.2732994509,-83.6909925849,4,,,,4,,open,false,,,Baltimore Oriole,Icterus galbula,Calandria de Baltimore,Aves,9346
281795695,84b5faa4-2b6a-4994-b3ba-e6374e07de31,2025/05/17 7:36 AM,2025-05-17,2025-05-17 12:36:00 UTC,Central Time (US & Canada),7966796,andrewdressel,,2025-05-17 16:06:01 UTC,2025-05-17 16:12:18 UTC,research,CC-BY-NC,https://www.inaturalist.org/observations/281795695,https://inaturalist-open-data.s3.amazonaws.com/photos/506230785/medium.jpg,,"",,1,0,false,,"Shorewood, WI, USA",43.0979731625,-87.9044921206,2,,,,2,,open,false,,,Baltimore Oriole,Icterus galbula,Calandria de Baltimore,Aves,9346
281931280,0ca35c4f-fd7d-41c5-aef7-f11a82bda945,2025/05/17 11:45,2025-05-17,2025-05-17 15:45:00 UTC,Eastern Time (US & Canada),1750321,nuagegrincheux,François Demers,2025-05-18 00:09:08 UTC,2025-05-19 14:17:24 UTC,research,CC-BY-NC,https://www.inaturalist.org/observations/281931280,https://inaturalist-open-data.s3.amazonaws.com/photos/506484252/medium.jpg,,"",,2,0,false,,"Estrie, QC, Canada",45.7299461591,-72.2446550611,4,,,,4,,open,false,,,Oriole de Baltimore,Icterus galbula,Calandria de Baltimore,Aves,9346
281932852,fd68df27-24d6-45a0-aba4-79264c567f94,2025/05/17 6:09 PM,2025-05-17,2025-05-17 22:09:00 UTC,America/Nipigon,1949086,johnslowry,,2025-05-18 00:17:26 UTC,2025-05-18 00:17:53 UTC,research,CC-BY-NC,https://www.inaturalist.org/observations/281932852,https://inaturalist-open-data.s3.amazonaws.com/photos/506486190/medium.jpg,,"",,1,0,false,,"Hastings County, ON, Canada",44.4821458062,-77.4968025368,2,,,,2,,open,false,,,Baltimore Oriole,Icterus galbula,Calandria de Baltimore,Aves,9346
281938164,bfdb8038-8305-4372-9021-4947862c7bfe,2025/05/17 4:46 PM,2025-05-17,2025-05-17 20:46:00 UTC,America/Nipigon,3841375,fallriver22,"",2025-05-18 00:44:21 UTC,2025-05-18 02:38:32 UTC,research,CC-BY-NC,https://www.inaturalist.org/observations/281938164,https://inaturalist-open-data.s3.amazonaws.com/photos/506497282/medium.jpg,,"",,2,0,false,,"Frontenac, CA-ON, CA",44.7131533559,-76.4064706332,2234,,,,27285,obscured,open,true,,,Baltimore Oriole,Icterus galbula,Calandria de Baltimore,Aves,9346
282061719,8ff9a7bc-c9c5-4db9-9cab-a252463c350f,2025/05/10 8:04 AM,2025-05-10,2025-05-10 12:04:00 UTC,Eastern Time (US & Canada),4148888,woochanseo,Woochan Seo,2025-05-18 13:44:52 UTC,2025-05-18 15:28:58 UTC,research,CC-BY-NC-SA,https://www.inaturalist.org/observations/282061719,https://inaturalist-open-data.s3.amazonaws.com/photos/506722201/medium.jpg,,"","",3,0,false,,"Monroe County, NY, USA",43.3192066963,-77.715019574,220,,,,220,,open,false,,,Baltimore Oriole,Icterus galbula,Calandria de Baltimore,Aves,9346
282274703,77f08f80-7837-4f59-98b5-efa665eaf942,2025/05/07 8:42 AM,2025-05-07,2025-05-07 15:42:00 UTC,Pacific Time (US & Canada),796339,ramonamom,Nancy Christensen,2025-05-19 02:36:37 UTC,2025-05-20 07:17:39 UTC,research,,https://www.inaturalist.org/observations/282274703,https://static.inaturalist.org/photos/507130049/medium.jpg,,"",,3,0,false,,"San Diego County, CA, USA",32.8806106811,-116.4356644809,4,,,,4,,open,false,,,Baltimore Oriole,Icterus galbula,Calandria de Baltimore,Aves,9346
282377147,87c3b5d2-2b87-41e1-abc4-0cee2d874aed,2025-05-19 09:08:11-04:00,2025-05-19,2025-05-19 13:08:11 UTC,Eastern Time (US & Canada),7849608,wildlifepatrick,,2025-05-19 14:34:16 UTC,2025-05-19 16:20:17 UTC,research,CC-BY-NC,https://www.inaturalist.org/observations/282377147,https://inaturalist-open-data.s3.amazonaws.com/photos/507324261/medium.jpg,,"","",2,0,false,3,"Core Creek Park, Langhorne, PA, US",40.1993116667,-74.9218966667,4,,,,4,,open,false,,,Baltimore Oriole,Icterus galbula,Calandria de Baltimore,Aves,9346
282498081,86a4db89-15e4-49bf-abf3-a677f44ca45d,2025-05-19,2025-05-19,,Eastern Time (US & Canada),4756919,rosarosa007,"",2025-05-19 22:50:07 UTC,2025-07-31 01:24:52 UTC,research,CC-BY-NC,https://www.inaturalist.org/observations/282498081,https://inaturalist-open-data.s3.amazonaws.com/photos/507542473/medium.jpg,,"",,2,0,false,2,"Ottawa, ON K1S 5R1, Canada",45.3886266265,-75.7039359212,185,,,,185,,open,false,gps,gps,Baltimore Oriole,Icterus galbula,Calandria de Baltimore,Aves,9346
282522173,6fee0e68-47f7-4fde-9636-d69c90ba60d7,Sun May 18 2025 23:55:41 GMT -0500 (CDT),2025-05-18,2025-05-19 04:55:41 UTC,Central Time (US & Canada),8485352,pinez,Cole Jacks,2025-05-20 00:49:47 UTC,2025-05-27 03:05:42 UTC,research,,https://www.inaturalist.org/observations/282522173,https://static.inaturalist.org/photos/507592593/medium.jpg,,"",,1,0,false,333,"Nebraska, US",41.1503780296,-96.1039982852,,,,,27847,obscured,open,true,,,Baltimore Oriole,Icterus galbula,Calandria de Baltimore,Aves,9346
282811014,18b04c14-270c-47a8-aff4-aba4f6ba2e93,2025/05/17 5:17 PM,2025-05-17,2025-05-17 21:17:00 UTC,Eastern Time (US & Canada),569050,lhp2,Laura H,2025-05-21 04:32:29 UTC,2025-05-21 12:50:27 UTC,research,CC-BY-NC,https://www.inaturalist.org/observations/282811014,https://inaturalist-open-data.s3.amazonaws.com/photos/508133563/medium.jpg,,Brickworks,,2,0,false,,"Leaside-Bennington, Toronto, ON, Canada",43.6864503019,-79.3663937835,28,,,,28,,open,false,,,Baltimore Oriole,Icterus galbula,Calandria de Baltimore,Aves,9346
282974147,677bd090-caa9-4484-8652-6ef6c09591d9,2025/05/21 9:46 AM,2025-05-21,2025-05-21 15:46:00 UTC,America/Edmonton,1568648,ccfisher,Chris Fisher,2025-05-21 20:17:58 UTC,2025-05-25 00:36:15 UTC,research,CC-BY-NC,https://www.inaturalist.org/observations/282974147,https://inaturalist-open-data.s3.amazonaws.com/photos/508431337/medium.jpg,,"",,3,0,false,,"Newell County No. 4, AB T0J, Canada",50.5366312237,-111.8103252972,122,,,,122,,open,false,,,Baltimore Oriole,Icterus galbula,Calandria de Baltimore,Aves,9346
283787133,4e1215dd-36c0-41ce-b77d-eaf4315d5f2c,2025/05/09 7:08 AM,2025-05-09,2025-05-09 11:08:00 UTC,Eastern Time (US & Canada),2570339,ghostlyleaf,Alex McF.,2025-05-24 23:18:24 UTC,2025-05-24 23:21:32 UTC,research,,https://www.inaturalist.org/observations/283787133,https://inaturalist-open-data.s3.amazonaws.com/photos/509946014/medium.jpg,,"",,1,0,false,,"Akron, OH, USA",41.0128376047,-81.5106485184,1302,,,,1302,,open,false,,,Baltimore Oriole,Icterus galbula,Calandria de Baltimore,Aves,9346
283824887,97475c99-590e-4b43-9f78-226224b8e51e,2025/05/17 5:24 PM,2025-05-17,2025-05-17 22:24:00 UTC,Central Time (US & Canada),1307999,brendanrattin,,2025-05-25 02:23:19 UTC,2025-05-28 11:59:43 UTC,research,,https://www.inaturalist.org/observations/283824887,https://static.inaturalist.org/photos/510001660/medium.jpg,,"",,2,0,false,,"Madison, WI, USA",43.089595401,-89.4305049441,25,,,,25,,open,false,,,Baltimore Oriole,Icterus galbula,Calandria de Baltimore,Aves,9346
284002634,ef68bdd9-4654-4210-9258-05c3a6782423,2021/06/23 7:22 PM,2021-06-23,2021-06-23 23:22:00 UTC,Eastern Time (US & Canada),8536132,julienk_13,Julien Karnoub,2025-05-25 17:08:48 UTC,2025-05-26 13:51:39 UTC,research,CC-BY-NC,https://www.inaturalist.org/observations/284002634,https://inaturalist-open-data.s3.amazonaws.com/photos/510355211/medium.jpg,,"",,2,0,false,,"Arnold Arboretum of Harvard University, 125 Arborway, Boston, MA 02130, USA",42.3075796,-71.119796,145,,,,145,,open,false,,,Baltimore Oriole,Icterus galbula,Calandria de Baltimore,Aves,9346
284311444,09abb7e4-abbd-403c-8676-522916370d54,2025/05/21 12:46 PM,2025-05-21,2025-05-21 17:46:00 UTC,Central Time (US & Canada),8241069,daughterdad,Daughter Dad,2025-05-26 17:35:32 UTC,2026-02-24 03:48:36 UTC,research,CC-BY,https://www.inaturalist.org/observations/284311444,https://inaturalist-open-data.s3.amazonaws.com/photos/510927863/medium.jpg,,"",They love grape jelly!,2,0,false,,1PVille,42.7197991333,-90.4944780319,316,,,,316,,open,false,,,Baltimore Oriole,Icterus galbula,Calandria de Baltimore,Aves,9346
284673231,53b8c1b3-e68f-4d97-a377-7d4053cccb7e,2025/05/27 2:10 PM,2025-05-27,2025-05-27 18:10:00 UTC,Eastern Time (US & Canada),2106581,jakemccumber,Jake McCumber,2025-05-27 22:36:11 UTC,2026-01-16 15:50:15 UTC,research,CC-BY,https://www.inaturalist.org/observations/284673231,https://inaturalist-open-data.s3.amazonaws.com/photos/511623350/medium.jpg,,"",,2,0,false,,"Restricted Access: Camp Edwards, Bourne, MA, USA",41.7399565028,-70.5361611062,4,,,,4,,open,false,,,Baltimore Oriole,Icterus galbula,Calandria de Baltimore,Aves,9346
284730449,4d657d51-8a68-4600-b48c-6ae30f49e4b8,2025/05/18 6:12 PM,2025-05-18,2025-05-18 22:12:00 UTC,America/Kentucky/Louisville,740854,djlavor,Dan LaVorgna,2025-05-28 03:44:21 UTC,2025-05-31 01:31:26 UTC,research,,https://www.inaturalist.org/observations/284730449,https://static.inaturalist.org/photos/511741688/medium.jpg,,"",This was one of at least three males I spotted flying around the banks of the Ohio River. ,1,0,false,,"Indiana, US",38.2769408247,-85.6740210044,,,,,28270,obscured,open,true,,,Baltimore Oriole,Icterus galbula,Calandria de Baltimore,Aves,9346
284960784,96e77a8a-efe9-44f5-a3ae-9f7a3e37b588,2025/05/26 5:35 PM,2025-05-26,2025-05-26 22:35:00 UTC,Central Time (US & Canada),8241069,daughterdad,Daughter Dad,2025-05-29 01:23:48 UTC,2026-02-24 03:48:37 UTC,research,CC-BY,https://www.inaturalist.org/observations/284960784,https://inaturalist-open-data.s3.amazonaws.com/photos/512170535/medium.jpg,,"",,2,0,false,,1PVille,42.7197991333,-90.4944780319,316,,,,316,,open,false,,,Baltimore Oriole,Icterus galbula,Calandria de Baltimore,Aves,9346
286294200,0a0280be-e301-4b5f-ae76-8120babea041,2025-05-20 15:57:35-04:00,2025-05-20,2025-05-20 19:57:35 UTC,Eastern Time (US & Canada),6520210,ontariotechuniversity,,2025-06-02 15:33:57 UTC,2025-06-02 16:50:27 UTC,research,CC-BY-NC,https://www.inaturalist.org/observations/286294200,https://inaturalist-open-data.s3.amazonaws.com/photos/514672724/medium.jpg,,"","",1,0,false,3,"Britannia Ave W, Oshawa, ON, CA",43.953398508,-78.9094827161,39,,,,39,,open,false,,,Baltimore Oriole,Icterus galbula,Calandria de Baltimore,Aves,9346
287722426,73ad7a53-edc6-423b-b403-c081d97ab3b2,2025-06-07 10:01:54-04:00,2025-06-07,2025-06-07 14:01:54 UTC,Eastern Time (US & Canada),3564162,zitserm,Misha Zitser,2025-06-07 22:55:06 UTC,2025-08-21 14:26:38 UTC,research,CC-BY-NC,https://www.inaturalist.org/observations/287722426,https://inaturalist-open-data.s3.amazonaws.com/photos/517358803/medium.jpg,https://static.inaturalist.org/sounds/1511367.m4a?1749336956,"","A parent kept bringing food to the babies.  I couldn't tell if it was the mom or the dad - I think both were bringing the food, as they were both around.  The nestlings would call the whole time but would get much louder and more animated whenever a parent brought them food.  The nest was about 80 feet from the ground, suspended from the tip of a Sycamore maple limb, presumably to minimize the chances of a predator such as a raccoon from getting to the babies. ",1,0,false,3,"New York, US",40.6597895279,-73.7158866248,25,,,,27908,obscured,open,true,,,Baltimore Oriole,Icterus galbula,Calandria de Baltimore,Aves,9346
289370956,b8513fa1-54d5-4a40-a73d-9aea76636be8,2025/06/13 10:10 AM,2025-06-13,2025-06-13 17:10:00 UTC,Arizona,587132,sunny1az,,2025-06-13 21:54:00 UTC,2025-06-14 05:05:04 UTC,research,CC-BY-NC,https://www.inaturalist.org/observations/289370956,https://inaturalist-open-data.s3.amazonaws.com/photos/520461426/medium.jpg,,"",First Graham County record!,1,0,false,,"Our Yard, Pima, Graham County, AZ, USA",32.894115851,-109.8319351991,5,,,,5,,open,false,,,Baltimore Oriole,Icterus galbula,Calandria de Baltimore,Aves,9346
290148534,dd7d66e6-6526-4308-bce4-3519df6e9ffd,2020/12/02 7:42 AM,2020-12-02,2020-12-02 12:42:00 UTC,Eastern Time (US & Canada),5927248,eliotvanotteren,Eliot VanOtteren,2025-06-16 15:09:14 UTC,2026-01-22 03:25:04 UTC,research,CC-BY-NC,https://www.inaturalist.org/observations/290148534,https://inaturalist-open-data.s3.amazonaws.com/photos/521927150/medium.jpg,,"",,1,0,false,,"Country Club Estates, GA 31525, USA",31.1924583826,-81.4676721045,11,,,,11,,open,false,,,Baltimore Oriole,Icterus galbula,Calandria de Baltimore,Aves,9346
291562575,eb82cc5b-5ac7-4261-a04d-db908f387b31,2025-06-21 09:22:40-05:00,2025-06-21,2025-06-21 14:22:40 UTC,Central Time (US & Canada),7163682,schobes,,2025-06-21 19:15:01 UTC,2025-06-27 22:47:13 UTC,research,CC-BY-NC,https://www.inaturalist.org/observations/291562575,https://inaturalist-open-data.s3.amazonaws.com/photos/524591073/medium.jpg,,"","",2,0,false,3,"Swiss Valley Rd, Peosta, IA, US",42.4233583333,-90.7581166667,18,,,,18,,open,false,,,Baltimore Oriole,Icterus galbula,Calandria de Baltimore,Aves,9346
291834610,faa46066-18af-4800-9f1d-7a891102d5a5,2025/06/14 7:58 AM,2025-06-14,2025-06-14 11:58:00 UTC,Eastern Time (US & Canada),164735,belyykit,"",2025-06-22 16:59:11 UTC,2025-06-25 10:53:59 UTC,research,CC-BY-NC,https://www.inaturalist.org/observations/291834610,https://inaturalist-open-data.s3.amazonaws.com/photos/525103112/medium.jpg,,"",,3,0,false,,"Wheaton, Wheaton-Glenmont, MD, USA",39.0595089999,-77.03537,,,,,,,open,false,,,Baltimore Oriole,Icterus galbula,Calandria de Baltimore,Aves,9346
292184127,981570e1-f984-4999-b3d0-060e9b82556d,2025-06-01,2025-06-01,,Mexico City,9465908,octavio35575,Octavio Salcedo Simpson,2025-06-23 20:38:39 UTC,2025-06-24 00:37:08 UTC,research,CC-BY-NC,https://www.inaturalist.org/observations/292184127,https://inaturalist-open-data.s3.amazonaws.com/photos/525776151/medium.jpg,,"",,1,0,false,2,"Zona Centro, Los Sauces, 91000 Xalapa-Enríquez, Ver., México",19.5350140905,-96.9219208136,44,,,,44,,open,false,gps,gps,Calandria de Baltimore,Icterus galbula,Calandria de Baltimore,Aves,9346
294222289,257d2f9f-b181-45c0-b7b3-a21e6f42e9d7,2025/06/30 9:45 AM,2025-06-30,2025-06-30 14:45:00 UTC,Central Time (US & Canada),969390,sheilabean,,2025-07-01 02:46:14 UTC,2025-07-01 04:52:24 UTC,research,,https://www.inaturalist.org/observations/294222289,https://static.inaturalist.org/photos/529570427/medium.jpg,,"","There was a family unit of four. M,F and 2 J",2,0,false,,"Fort Worth Nature Center & Refuge, 9601 Fossil Ridge Rd, Fort Worth, TX 76135, USA",32.844233,-97.4755896,979,,,,979,,open,false,,,Baltimore Oriole,Icterus galbula,Calandria de Baltimore,Aves,9346
300531477,7115cbbf-1790-4775-84c6-1c2b3ccec2c0,2025/05/23 12:00 PM,2025-05-23,2025-05-23 16:00:00 UTC,Eastern Time (US & Canada),9088489,smpbiologist-amcfadden,Summit Metro Parks,2025-07-23 23:21:47 UTC,2025-07-26 13:02:38 UTC,research,CC-BY-NC,https://www.inaturalist.org/observations/300531477,https://inaturalist-open-data.s3.amazonaws.com/photos/541504031/medium.jpg,,"",,2,0,false,,"Ohio, US",41.0596938161,-81.5725966392,624,,,,27847,obscured,open,true,,,Baltimore Oriole,Icterus galbula,Calandria de Baltimore,Aves,9346
302919430,6c84a1ee-ff9f-4058-875d-70a8c05ce0eb,2025/08/01 10:48 AM,2025-08-01,2025-08-01 15:48:00 UTC,Central Time (US & Canada),857013,swimlor,Lorraine Briddon,2025-08-01 18:21:46 UTC,2025-08-04 19:39:15 UTC,research,CC-BY-NC,https://www.inaturalist.org/observations/302919430,https://inaturalist-open-data.s3.amazonaws.com/photos/545944697/medium.jpg,,"","",1,0,false,,"Birch Lane -East Gull Lake, MN 56401, USA",46.4230365598,-94.335373718,4,,,,4,,open,false,,,Baltimore Oriole,Icterus galbula,Calandria de Baltimore,Aves,9346
304757074,bbb64fb6-6476-449a-bb60-d28332da76f3,2025/08/07 11:07 AM,2025-08-07,2025-08-07 17:07:00 UTC,America/Edmonton,3849012,davidrscott,David Scott,2025-08-08 17:05:16 UTC,2026-01-02 22:25:32 UTC,research,CC-BY-NC,https://www.inaturalist.org/observations/304757074,https://inaturalist-open-data.s3.amazonaws.com/photos/549422431/medium.jpg,,"",,2,0,false,,"Lethbridge County, AB, Canada",49.8103473636,-112.9160207086,400,,,,400,,open,false,,,Baltimore Oriole,Icterus galbula,Calandria de Baltimore,Aves,9346
307740031,85c1ffc5-6d75-45c4-ac47-ca752ff2f35d,2025-08-20 09:47:00,2025-08-20,2025-08-20 13:47:00 UTC,America/Detroit,9645789,nature-nook,L Krause,2025-08-20 13:48:23 UTC,2025-08-21 20:47:35 UTC,needs_id,CC-BY-NC,https://www.inaturalist.org/observations/307740031,https://inaturalist-open-data.s3.amazonaws.com/photos/555119596/medium.jpg,,"",,0,0,false,2,"Columbus Township, MI 48063, USA",42.8252317966,-82.6753800362,4,,,,4,,open,false,gps,gps,Baltimore Oriole,Icterus galbula,Calandria de Baltimore,Aves,9346
310019706,7ec9231b-ba47-43e2-9f1f-238bb3956243,2025/08/29 7:24 AM,2025-08-29,2025-08-29 11:24:00 UTC,Eastern Time (US & Canada),5319014,alexsarchet,Alexander Sarchet,2025-08-29 18:06:54 UTC,2025-11-19 15:16:59 UTC,research,,https://www.inaturalist.org/observations/310019706,https://static.inaturalist.org/photos/559472435/medium.jpg,,"",,1,0,false,,"Northwest Washington, Washington, DC, USA",38.9555311345,-77.0490295242,2,,,,2,,open,false,,,Baltimore Oriole,Icterus galbula,Calandria de Baltimore,Aves,9346
310364677,0e0ed107-c1c0-461b-adf8-c82faf6f3d51,2025-08-26 06:42:28,2025-08-26,2025-08-26 10:42:28 UTC,Eastern Time (US & Canada),3547299,seangallagher1,Sean Gallagher,2025-08-31 01:33:23 UTC,2025-08-31 13:54:06 UTC,research,,https://www.inaturalist.org/observations/310364677,https://static.inaturalist.org/photos/560144790/medium.jpg,,"",,1,0,false,2,"Anderson Township, OH 45255, USA",39.0456265937,-84.3254254013,204,,,,204,,open,false,gps,gps,Baltimore Oriole,Icterus galbula,Calandria de Baltimore,Aves,9346
311725626,e7d0e11c-ba0f-4743-b9bb-a675dbd9404e,2025-09-03 08:43:38-05:00,2025-09-03,2025-09-03 13:43:38 UTC,Central Time (US & Canada),2462633,bcvi,Nick Glover,2025-09-05 16:32:46 UTC,2025-10-27 18:16:48 UTC,research,CC-BY-NC,https://www.inaturalist.org/observations/311725626,https://inaturalist-open-data.s3.amazonaws.com/photos/562744981/medium.jpg,,"","DCB/AHY Male

Banded and released under appropriate permits for research purposes",4,0,false,3,"Texas, US",31.0608486744,-97.7253069645,128,,,,29278,obscured,open,true,,,Baltimore Oriole,Icterus galbula,Calandria de Baltimore,Aves,9346
312038078,65679a42-019f-47c9-9d75-bc5b0be2e333,2025/09/06 10:39 AM,2025-09-06,2025-09-06 15:39:00 UTC,Central Time (US & Canada),646750,a-tristis,Mike Stewart,2025-09-06 21:43:18 UTC,2025-10-19 03:14:09 UTC,research,CC-BY-NC,https://www.inaturalist.org/observations/312038078,https://inaturalist-open-data.s3.amazonaws.com/photos/563334921/medium.jpg,,"",,3,0,false,,"Port Aransas, TX, USA",27.8319644207,-97.0865803298,400,,,,400,,open,false,,,Baltimore Oriole,Icterus galbula,Calandria de Baltimore,Aves,9346
313819691,470688e7-b955-44ef-85a3-28a7d8c6531c,2022/10/11,2022-10-11,,Paris,4452652,thomas_marchal,Thomas Marchal,2025-09-14 12:27:47 UTC,2025-09-22 08:54:59 UTC,research,CC-BY-NC,https://www.inaturalist.org/observations/313819691,https://inaturalist-open-data.s3.amazonaws.com/photos/566753963/medium.jpg,,"",,1,0,false,,"Ouessant, France",48.4661788278,-5.0974429422,167,,,,167,,open,false,,,Oriole de Baltimore,Icterus galbula,Calandria de Baltimore,Aves,9346
315327644,eeb80d4d-12ee-4722-b7cc-9787af6c6bfc,2025-04-07 06:48:27-08:00,2025-04-07,2025-04-07 14:48:27 UTC,America/Costa_Rica,3188668,aparrot1,Irene,2025-09-20 19:45:40 UTC,2026-02-01 19:11:25 UTC,research,CC0,https://www.inaturalist.org/observations/315327644,https://inaturalist-open-data.s3.amazonaws.com/photos/569626446/medium.jpg,,"","My favorite Baltimore Oriole (Icterus galbula) observations: https://www.inaturalist.org/observations?verifiable=any&taxon_id=9346&preferred_place_id=917&user_id=aparrot1

MALE: https://www.inaturalist.org/observations/280921268
MALE--2nd year: https://www.inaturalist.org/observations/281381172

Baltimore Oriole (Icterus galbula) is a medium-size, migratory songbird in the New World Blackbirds and Orioles (Icteridae) family. Orioles are usually seen in the vicinity of tall palm trees because they weave their nests behind the dead palm fronds. Orioles are sometimes called ""palm-leaf Orioles,"" because they ""sew"" their hanging nests onto the undersides of palm fronds. These nests are almost never visible from below. That’s why old palm fronds should never be cut down from the palm trees--to help preserve Oriole habitat.

Ebird with species description, range map and sound recordings: https://ebird.org/species/balori
Baltimore Oriole (Icterus galbula)"" adult males are stunning: bright orange with a black head and bold white wingbar. Females vary from yellowish to bright orange below, often with blotchy black on the head. It breeds in deciduous trees in open woodlands, forest edges, orchards, riversides, parks, and backyards. Listen for rich whistled song. It visits feeders with nectar and fruits. Females can be very difficult to distinguish from Bullock's Oriole, and hybrids do occur.""

Birds of Costa Rica, Dale Dyer and Steve N. G. Howell, Princeton Field Guides, 2023, pp. 422-423

Xeno-canto Bird songs, sound recordings, and species range map: https://xeno-canto.org/species/Icterus-galbula

xxxxxxxxxxxxxxxxxxxxxxxxxxxxxxxxxxxxxxxxxxxxxxxxxxxxxxxxxxxxxxxxxxxxxxxxxxxxxxxxxxxxxxxx

Irene's New World Orioles (Genus Icterus) observations on INaturalist, worldwide: https://www.inaturalist.org/observations?taxon_id=9315&user_id=aparrot1&verifiable=any

Irene's New World Blackbirds and Orioles (Icteridae) family observations on INaturalist, worldwide: https://www.inaturalist.org/observations?taxon_id=11989&user_id=aparrot1

New World Blackbirds and Orioles (Icteridae) family are “medium-size to large songbirds with pointed bills and strong legs and feet. This family includes arboreal, fruit-eating orioles, oropendolas, and caciques, and largely terrestrial, seed-eating blackbirds, grackles, and cowbirds. Males are larger than females, sometimes strikingly so.”
Orioles are usually seen in the vicinity of tall palm trees because they weave their nests behind the dead palm fronds. These woven nests are almost never visible from the ground, so it is important to not cut dead palm fronds to provide habitat for nesting Orioles.

Birds of the World: Comprehensive life histories for all bird species and families (worldwide): Cornell Lab: https://birdsoftheworld.org/bow/home?__hstc=

Ebird with species description, range map and sound recordings: https://ebird.org/explore

Xeno-canto: Bird songs, sound recordings, bird range and migration map: https://xeno-canto.org/about/xeno-canto

National Geographic Field Guide to the Birds of North America, ed. Jon L. Dunn, 7th ed., 2017

Birds of Costa Rica, Dale Dyer and Steve N. G. Howell, Princeton Field Guides, 2023

Birds of Panama, George R.. Angehr and Robert. Dean, 2010 (excellent illustrations)

Birds of Colombia, Steven L. Hilty, March, 2021 (excellent index, color illustrations, species distribution maps, QR codes)

Merlin: Free worldwide Bird I.D./guide with photos, sounds, maps, 8,500+ species, and mobile App): https://merlin.allaboutbirds.org/

Found Feathers Resources (comprehensive list with links by INat featherenthusiast): https://foundfeathers.org/resources/
Found Feathers: INaturalist Project: https://www.inaturalist.org/projects/found-feathers
Found Feathers (worldwide) I.D. Tool: https://www.fws.gov/lab/featheratlas/idtool.php
Irene's Feather observations on INaturalist, worldwide: https://www.inaturalist.org/observations?project_id=125924&ttl=900&v=1725598515000&place_id=any&verifiable=any&subview=grid&user_id=3188668

Irene's Ebird Profile: https://ebird.org/profile/MTIwNjIzMg and my (worldwide) checklists: https://ebird.org/mychecklists

Animal Diversity Web (ADW) is an online encyclopedia of animal natural history, distribution, classification, and conservation biology: https://animaldiversity.org/
and glossary: https://animaldiversity.org/glossary/

Irene's (aparrot1) Profile Page on INaturalist listing Nature Resources (includes list of online references with links) for Birds, Plants, Fungi, Insects, Arachnids, Reptiles, Amphibians, Marine Life, Plant Galls, Fishes, Lepidoptera, Odonata, Diptera, and more: https://www.inaturalist.org/people/3188668",3,0,false,3,"Pera de Heliconias, Upala, Alajuela, CR",10.7136633333,-85.0410221667,,,,,,,open,false,,,Baltimore Oriole,Icterus galbula,Calandria de Baltimore,Aves,9346
315447335,8e2d33e9-a657-47bb-97a9-0eb51f51b23f,2025-09-20 10:19:21,2025-09-20,2025-09-20 16:19:21 UTC,Monterrey,8985601,diegopino94,Diego Pino,2025-09-21 06:08:32 UTC,2025-09-21 16:44:12 UTC,research,CC-BY-NC,https://www.inaturalist.org/observations/315447335,https://inaturalist-open-data.s3.amazonaws.com/photos/569848880/medium.jpg,,"",,1,0,false,2,"65783 N.L., México",25.9057501823,-100.1186311617,208,,,,208,,open,false,gps,gps,Calandria de Baltimore,Icterus galbula,Calandria de Baltimore,Aves,9346
315668830,c48fa8c8-adb8-459d-aa21-34bc562c4c21,2025-09-21 14:05:00-05:00,2025-09-21,2025-09-21 19:05:00 UTC,Central Time (US & Canada),1713542,satxmar,Marley Diehl,2025-09-21 23:25:58 UTC,2025-09-22 16:52:05 UTC,research,CC-BY-NC,https://www.inaturalist.org/observations/315668830,https://inaturalist-open-data.s3.amazonaws.com/photos/570271596/medium.jpg,,"","",1,0,false,3,"Downtown, San Antonio, TX, US",29.4088688555,-98.4908650348,16,,,,16,,open,false,,"",Baltimore Oriole,Icterus galbula,Calandria de Baltimore,Aves,9346
315725308,762aaebf-2744-4da6-9828-8116d32f5e13,2025/09/21 12:51 PM,2025-09-21,2025-09-21 18:51:00 UTC,Mexico City,54220,aplomadobirdy,Big Birdy,2025-09-22 04:15:18 UTC,2025-09-22 06:25:13 UTC,research,CC-BY-NC-ND,https://www.inaturalist.org/observations/315725308,https://static.inaturalist.org/photos/570376473/medium.jpg,,"",,1,0,false,,"Xalapa-Enríquez, Ver., México",19.5437751,-96.9101806,13196,,,,13196,,open,false,,,Calandria de Baltimore,Icterus galbula,Calandria de Baltimore,Aves,9346
315725315,f40b861e-0fc5-4cab-9fa8-1da6d0e82e59,2025/09/21 1:00 PM,2025-09-21,2025-09-21 19:00:00 UTC,Mexico City,54220,aplomadobirdy,Big Birdy,2025-09-22 04:15:20 UTC,2025-09-22 06:24:13 UTC,research,CC-BY-NC-ND,https://www.inaturalist.org/observations/315725315,https://static.inaturalist.org/photos/570376520/medium.jpg,,"",,1,0,false,,"Xalapa-Enríquez, Ver., México",19.5437751,-96.9101806,13196,,,,13196,,open,false,,,Calandria de Baltimore,Icterus galbula,Calandria de Baltimore,Aves,9346
316191597,0b72f85b-47ad-42ec-8565-2ccf031324dd,2025/09/21 11:35 AM,2025-09-21,2025-09-21 16:35:00 UTC,Central Time (US & Canada),3772516,michaelkalisek,,2025-09-24 01:48:17 UTC,2025-10-12 17:34:13 UTC,research,CC-BY-NC,https://www.inaturalist.org/observations/316191597,https://inaturalist-open-data.s3.amazonaws.com/photos/571257465/medium.jpg,,"",Two different Baltimore orioles ,3,0,false,,"Colorado County, TX, USA",29.415590192,-96.5759584308,70,,,,70,,open,false,,,Baltimore Oriole,Icterus galbula,Calandria de Baltimore,Aves,9346
316398186,ad17cf62-10e3-470f-8839-5985e2ea174a,2025/09/21 11:43 AM,2025-09-21,2025-09-21 16:43:00 UTC,Central Time (US & Canada),8843816,jkalisek13,,2025-09-24 22:58:20 UTC,2025-11-07 19:29:10 UTC,research,CC-BY-NC,https://www.inaturalist.org/observations/316398186,https://inaturalist-open-data.s3.amazonaws.com/photos/571642616/medium.jpg,,"",,2,0,false,,"Colorado County, TX, USA",29.4155447052,-96.5759350725,206,,,,206,,open,false,,,Baltimore Oriole,Icterus galbula,Calandria de Baltimore,Aves,9346
317184853,efddb307-a008-499b-8ae8-06b5d208e432,2025/09/27 9:05 AM,2025-09-27,2025-09-27 15:05:00 UTC,Mexico City,535202,camamed,Carlos Arturo Marín Medina,2025-09-28 06:44:00 UTC,2025-09-29 04:00:09 UTC,research,CC-BY-NC,https://www.inaturalist.org/observations/317184853,https://inaturalist-open-data.s3.amazonaws.com/photos/573122640/medium.jpg,,"","",1,0,false,,"Parque ""El Haya"", Calle Volcán de Colima 7, Coapexpan, 91073 Xalapa-Enríquez, Ver., México",19.519941,-96.943391,240,,,,240,,open,false,,,Calandria de Baltimore,Icterus galbula,Calandria de Baltimore,Aves,9346
319289294,fd7f915c-40f7-4ec4-a29d-162e73509a64,2025/10/02 4:24 PM,2025-10-02,2025-10-02 22:24:00 UTC,Mexico City,187967,juan-mt,Juan J. Morales-Trejo,2025-10-07 03:32:15 UTC,2025-10-08 04:33:30 UTC,research,CC0,https://www.inaturalist.org/observations/319289294,https://inaturalist-open-data.s3.amazonaws.com/photos/577147457/medium.jpg,,"","",2,0,false,,"Francisco Ferrer Guardia, 91026 Xalapa-Enríquez, Ver., México",19.5372711397,-96.9401321012,51,,,,51,,open,false,,,Calandria de Baltimore,Icterus galbula,Calandria de Baltimore,Aves,9346
320204334,4ac6e4c5-960b-407e-8833-02ab719ec628,2025/10/11 8:24 AM,2025-10-11,2025-10-11 15:24:00 UTC,Pacific Time (US & Canada),20270,lg_meanders,Lorri G.,2025-10-11 17:24:57 UTC,2025-10-26 18:49:53 UTC,research,CC-BY-NC-ND,https://www.inaturalist.org/observations/320204334,https://inaturalist-open-data.s3.amazonaws.com/photos/578904966/medium.jpg,,"",Found yesterday by Cédric Duhalde. eBird checklist: https://ebird.org/checklist/S278434063 calling it a Baltimore.,1,0,false,,"Marin County, CA, USA",38.0958472222,-122.9466111111,,,,,,,open,false,,,Baltimore Oriole,Icterus galbula,Calandria de Baltimore,Aves,9346
320531268,e06c43a3-3027-4d1e-8c93-f4289637dbc3,2025-10-12 17:28:37,2025-10-12,2025-10-12 23:28:37 UTC,Mexico City,9543645,cesar_ar97,Cesar ramirez,2025-10-12 23:29:51 UTC,2025-10-14 02:17:04 UTC,research,CC-BY-NC,https://www.inaturalist.org/observations/320531268,https://inaturalist-open-data.s3.amazonaws.com/photos/579544105/medium.jpg,,"",,2,0,false,2,"Alameda Toxpan, 94515 Córdoba, Ver., México",18.902671149,-96.9304291159,601,,,,601,,open,false,gps,gps,Calandria de Baltimore,Icterus galbula,Calandria de Baltimore,Aves,9346
322037952,9f6f77c9-3dcd-4fa1-89d6-525c9f21ca11,2025/10/20 8:09 AM,2025-10-20,2025-10-20 11:09:00 UTC,Atlantic Time (Canada),792295,md-in-ns15,Mark Dennis,2025-10-20 12:54:21 UTC,2025-10-25 12:11:31 UTC,research,CC-BY-NC,https://www.inaturalist.org/observations/322037952,https://inaturalist-open-data.s3.amazonaws.com/photos/582502086/medium.jpg,,"",,1,0,false,,"Clam Point CSI Shelburne County, NS, Canada",43.4953527134,-65.5775295901,4,,,,4,,open,false,,,Baltimore Oriole,Icterus galbula,Calandria de Baltimore,Aves,9346
322418716,c7238e26-ad99-4a6d-b8af-00127ebe1fe1,2025/06/04 3:09 PM,2025-06-04,2025-06-04 20:09:00 UTC,Central Time (US & Canada),9889232,birder2025,Birder2025,2025-10-22 15:29:33 UTC,2025-11-07 12:08:43 UTC,research,CC-BY-NC,https://www.inaturalist.org/observations/322418716,https://inaturalist-open-data.s3.amazonaws.com/photos/583262007/medium.jpg,,"","Adult Male, Preening",1,0,false,,"Winnebago County, WI, USA",44.0626104103,-88.8271657267,2,,,,2,,open,false,,,Baltimore Oriole,Icterus galbula,Calandria de Baltimore,Aves,9346
324287298,3cd74a9c-f2c4-4ab2-95d6-b5a39101f0b6,2025/10/31 11:25 AM,2025-10-31,2025-10-31 15:25:00 UTC,Eastern Time (US & Canada),6869289,almansa,Joshua Almansa,2025-11-01 08:28:56 UTC,2025-11-18 17:47:56 UTC,research,CC-BY-NC,https://www.inaturalist.org/observations/324287298,https://inaturalist-open-data.s3.amazonaws.com/photos/586913160/medium.jpg,,"",,1,0,false,,"Coral Terrace, FL, USA",25.7351425291,-80.3088351613,4,,,,4,,open,false,,,Baltimore Oriole,Icterus galbula,Calandria de Baltimore,Aves,9346
324570932,db2ffb5e-c041-4b59-b700-fe89e1b137c9,2022-10-01 13:00:49,2022-10-01,2022-10-01 12:00:49 UTC,Dublin,9821339,james_organ,James Organ,2025-11-02 19:40:28 UTC,2025-11-02 21:33:55 UTC,research,CC-BY-NC,https://www.inaturalist.org/observations/324570932,https://inaturalist-open-data.s3.amazonaws.com/photos/587487640/medium.jpg,,"",,2,0,false,843,"Kilrush, Co. Clare, IE",52.5687737257,-9.8670837395,50,,,,50,,open,false,,,Baltimore Oriole,Icterus galbula,Calandria de Baltimore,Aves,9346
325152946,4f40287f-5d69-4a1d-94be-9d959be0d5ee,2025/08/22 7:18 AM,2025-08-22,2025-08-22 12:18:00 UTC,Central Time (US & Canada),9889232,birder2025,Birder2025,2025-11-06 07:36:35 UTC,2025-11-07 12:01:39 UTC,research,CC-BY-NC,https://www.inaturalist.org/observations/325152946,https://inaturalist-open-data.s3.amazonaws.com/photos/588659503/medium.jpg,,"",Female,1,0,false,,"Winnebago County, WI, USA",44.0626152465,-88.827051415,4,,,,4,,open,false,,,Baltimore Oriole,Icterus galbula,Calandria de Baltimore,Aves,9346
325243492,bbbe8051-cdc3-44f0-8178-9330289fe3da,2025/11/05 1:26 PM,2025-11-05,2025-11-05 21:26:00 UTC,Pacific Time (US & Canada),8636246,steensfindings,,2025-11-06 21:30:30 UTC,2025-11-07 02:43:03 UTC,research,CC-BY-NC,https://www.inaturalist.org/observations/325243492,https://inaturalist-open-data.s3.amazonaws.com/photos/588831984/medium.jpg,,"",,2,0,false,,"La Mesa, CA, USA",32.7863843349,-116.9876393659,336,,,,336,,open,false,,,Baltimore Oriole,Icterus galbula,Calandria de Baltimore,Aves,9346
326039331,70483aae-103a-4857-9907-a1dd281baa37,2024/12/05 4:23 PM,2024-12-05,2024-12-05 21:23:00 UTC,Eastern Time (US & Canada),6227651,mikephelps,,2025-11-11 16:00:01 UTC,2025-12-15 01:16:59 UTC,research,CC-BY-NC,https://www.inaturalist.org/observations/326039331,https://inaturalist-open-data.s3.amazonaws.com/photos/590421805/medium.jpg,,1049,,1,0,false,,"Georgia, US",34.1199837474,-84.5473161802,8,,,,28874,obscured,open,true,,,Baltimore Oriole,Icterus galbula,Calandria de Baltimore,Aves,9346
327984875,fb9d3b13-7803-4366-b531-d3d2b7210e07,2025/11/16 11:18 AM,2025-11-16,2025-11-16 17:18:00 UTC,Mexico City,535202,camamed,Carlos Arturo Marín Medina,2025-11-24 02:08:52 UTC,2025-11-25 19:39:25 UTC,research,CC-BY-NC,https://www.inaturalist.org/observations/327984875,https://inaturalist-open-data.s3.amazonaws.com/photos/594244105/medium.jpg,,"","",2,0,false,,"Jardines de las Animas, 91190 Xalapa-Enríquez, Ver., México",19.5270955079,-96.8862141075,641,,,,641,,open,false,,,Calandria de Baltimore,Icterus galbula,Calandria de Baltimore,Aves,9346
329119010,e3f77586-b5d6-413f-bc97-3be3a4a1d956,2025/12/01 8:07 AM,2025-12-01,2025-12-01 16:07:00 UTC,Pacific Time (US & Canada),913201,uzun,"",2025-12-01 21:40:48 UTC,2025-12-03 05:51:46 UTC,research,CC-BY-NC,https://www.inaturalist.org/observations/329119010,https://inaturalist-open-data.s3.amazonaws.com/photos/596523826/medium.jpg,,"",,2,0,false,,"Harry Griffen Park, 9550 Milden St, La Mesa, CA 91942, USA",32.7839851,-116.9888729,192,,,,192,,open,false,,,Baltimore Oriole,Icterus galbula,Calandria de Baltimore,Aves,9346
329648722,fb366c17-c0e4-4d44-bb00-50cdc170c52e,2025/12/05 8:31 AM,2025-12-05,2025-12-05 16:31:00 UTC,Pacific Time (US & Canada),913201,uzun,"",2025-12-06 03:54:21 UTC,2025-12-06 06:26:22 UTC,research,CC-BY-NC,https://www.inaturalist.org/observations/329648722,https://inaturalist-open-data.s3.amazonaws.com/photos/597590346/medium.jpg,,"",,3,0,false,,"Harry Griffen Park, 9550 Milden St, La Mesa, CA 91942, USA",32.7839851,-116.9888729,192,,,,192,,open,false,,,Baltimore Oriole,Icterus galbula,Calandria de Baltimore,Aves,9346
329879410,93dc91f9-e1b2-4ed3-b1a2-b2d539cd83e8,2025/12/07 8:49 AM,2025-12-07,2025-12-07 14:49:00 UTC,America/Merida,6810349,eduardosz,Eduardo Suárez Zapata,2025-12-07 20:14:29 UTC,2025-12-23 02:26:10 UTC,research,CC-BY-NC,https://www.inaturalist.org/observations/329879410,https://inaturalist-open-data.s3.amazonaws.com/photos/598055014/medium.jpg,,"",,3,0,false,,"Yucalpetén, Mérida, Yuc., México",20.976631196,-89.6584493424,2,,,,2,,open,false,,,Calandria de Baltimore,Icterus galbula,Calandria de Baltimore,Aves,9346
329929084,87d1d731-a601-459b-9aae-2390c8c2b1f2,2025/12/07 1:56 PM,2025-12-07,2025-12-07 18:56:00 UTC,Eastern Time (US & Canada),3068838,ccaywood,Carolyn Caywood,2025-12-08 03:19:53 UTC,2025-12-08 14:57:52 UTC,research,CC-BY-NC,https://www.inaturalist.org/observations/329929084,https://inaturalist-open-data.s3.amazonaws.com/photos/598160123/medium.jpg,,"",,1,0,false,,"Northwest, Virginia Beach, VA, USA",36.8668936302,-76.1224293709,61,,,,61,,open,false,,,Baltimore Oriole,Icterus galbula,Calandria de Baltimore,Aves,9346
330345609,21ae5985-cd6a-4a31-ac9a-0be2a9d4aa45,2025/12/09 11:47 AM,2025-12-09,2025-12-09 17:47:00 UTC,America/Costa_Rica,2499698,sergio1953,"",2025-12-11 14:37:34 UTC,2025-12-11 14:44:52 UTC,research,CC-BY-NC,https://www.inaturalist.org/observations/330345609,https://inaturalist-open-data.s3.amazonaws.com/photos/599006152/medium.jpg,,"",,1,0,false,,"Provincia de Alajuela, La Paz, Costa Rica",10.1473479,-84.53186,796,,,,796,,open,false,,,Calandria de Baltimore,Icterus galbula,Calandria de Baltimore,Aves,9346
330626535,66332b9d-cf45-42d2-b7bb-60d7f16c7f50,2025-07-08 13:31:00,2025-07-08,2025-07-08 17:31:00 UTC,Eastern Time (US & Canada),9641323,drcaven,"",2025-12-13 21:10:48 UTC,2026-02-07 02:17:17 UTC,research,CC-BY-NC,https://www.inaturalist.org/observations/330626535,https://inaturalist-open-data.s3.amazonaws.com/photos/599586823/medium.jpg,,"",,3,0,false,2,"Target and Best Buy, Big Flats, NY 14903, USA",42.1539388889,-76.8707666667,,,,,,,open,false,gps,gps,Baltimore Oriole,Icterus galbula,Calandria de Baltimore,Aves,9346
330936692,a348032c-d225-4847-be37-c998d3a8a6b9,2025/02/15 8:57 AM,2025-02-15,2025-02-15 13:57:00 UTC,Eastern Time (US & Canada),2296920,quicksilv3r,"",2025-12-16 05:56:03 UTC,2025-12-16 06:38:35 UTC,research,CC-BY-NC,https://www.inaturalist.org/observations/330936692,https://inaturalist-open-data.s3.amazonaws.com/photos/600224083/medium.jpg,,"",,1,0,false,,"Tallahassee, FL, USA",30.4381828,-84.2806235,21994,,,,21994,,open,false,,,Baltimore Oriole,Icterus galbula,Calandria de Baltimore,Aves,9346
330993979,8d18167d-7c04-4a87-a108-f46f9f0d8fbd,2025/12/16,2025-12-16,,Eastern Time (US & Canada),3978483,tcooley,Tucker J. Cooley,2025-12-16 18:42:33 UTC,2026-01-26 16:44:32 UTC,research,,https://www.inaturalist.org/observations/330993979,https://static.inaturalist.org/photos/600346983/medium.jpg,,"",Date is correct. Certainly not used to seeing one of these this time of year...,7,0,false,,"Monongalia County, WV, USA",39.6108754591,-79.9259301157,17,,,,17,,open,false,,,Baltimore Oriole,Icterus galbula,Calandria de Baltimore,Aves,9346
331400857,fa276a71-d79b-4892-a495-694f60f17755,2025/12/19 12:18 PM,2025-12-19,2025-12-19 20:18:00 UTC,Pacific Time (US & Canada),1134341,calebv15,Caleb Villar,2025-12-20 09:10:16 UTC,2025-12-21 09:57:07 UTC,research,CC-BY-NC,https://www.inaturalist.org/observations/331400857,https://inaturalist-open-data.s3.amazonaws.com/photos/601184366/medium.jpg,,"",,3,0,false,,"La Mesa, CA, USA",32.7877449451,-116.9854500894,1,,,,1,,open,false,,,Baltimore Oriole,Icterus galbula,Calandria de Baltimore,Aves,9346
331809913,22d07423-edb1-4030-87ef-33ae69fd5fe6,2023/05/16 11:41 AM,2023-05-16,2023-05-16 15:41:00 UTC,Eastern Time (US & Canada),5330258,moscovium-289,Moscovium-289,2025-12-23 15:36:00 UTC,2025-12-23 15:42:19 UTC,research,,https://www.inaturalist.org/observations/331809913,https://static.inaturalist.org/photos/602017514/medium.jpg,,"","",2,0,false,,"Mud Lake, Ottawa, ON K2B, Canada",45.3719291,-75.7945159,423,,,,423,,open,false,,,Baltimore Oriole,Icterus galbula,Calandria de Baltimore,Aves,9346
331868106,f791d58b-4e3a-4668-aa7d-009e36e4ede7,2025/12/23 9:21 AM,2025-12-23,2025-12-23 17:21:00 UTC,Pacific Time (US & Canada),3897209,allisonhelm9,Allison Helm,2025-12-24 01:25:00 UTC,2025-12-24 03:02:40 UTC,research,CC-BY-NC,https://www.inaturalist.org/observations/331868106,https://inaturalist-open-data.s3.amazonaws.com/photos/602139560/medium.jpg,,"",,2,0,false,,"La Mesa, CA, USA",32.7878533333,-116.9849016667,,,,,,,open,false,,,Baltimore Oriole,Icterus galbula,Calandria de Baltimore,Aves,9346
331916706,6389f02b-7436-4151-ab3b-53fe09370fc2,2025-12-23 13:40:54-05:00,2025-12-23,2025-12-23 18:40:54 UTC,Eastern Time (US & Canada),3564162,zitserm,Misha Zitser,2025-12-24 12:59:18 UTC,2025-12-25 19:24:13 UTC,research,CC-BY-NC,https://www.inaturalist.org/observations/331916706,https://inaturalist-open-data.s3.amazonaws.com/photos/602239817/medium.jpg,,"",Nest on an oak ,1,0,false,3,"Shore Dr, Somerville, MA, US",42.3993879863,-71.0866885378,31,,,,31,,open,false,,,Baltimore Oriole,Icterus galbula,Calandria de Baltimore,Aves,9346
333381215,66167e32-a4b5-43fa-9ced-9ce060f85fbc,2020/04/27 1:38 PM,2020-04-27,2020-04-27 18:38:00 UTC,Central Time (US & Canada),992394,georn,,2026-01-04 02:34:57 UTC,2026-01-12 17:50:51 UTC,research,CC-BY-NC,https://www.inaturalist.org/observations/333381215,https://inaturalist-open-data.s3.amazonaws.com/photos/605239995/medium.jpg,,"","",3,0,false,,"Princeton Heights, St. Louis, MO, USA",38.576298288,-90.2828343636,4,,,,4,,open,false,,,Baltimore Oriole,Icterus galbula,Calandria de Baltimore,Aves,9346
334565422,b5cb3edf-0ff1-4018-b65a-35ba5c0f58ab,2025-12-23 10:05:00-06:00,2025-12-23,2025-12-23 16:05:00 UTC,Central Time (US & Canada),214812,matt34,Matt Hunter,2026-01-13 03:01:06 UTC,2026-01-13 03:51:38 UTC,research,,https://www.inaturalist.org/observations/334565422,https://static.inaturalist.org/photos/607599326/medium.jpg,,"","",1,0,false,3,"Overlook Dr, Birmingham, AL, US",33.5208785346,-86.7671231468,17,,,,17,,open,false,,,Baltimore Oriole,Icterus galbula,Calandria de Baltimore,Aves,9346
335794715,83c21197-6522-4d65-8258-82d071c58d4e,2026-01-13 09:08:00,2026-01-13,2026-01-13 15:08:00 UTC,America/Costa_Rica,4882782,raisin_wrangler,Hank Raizen,2026-01-23 04:57:27 UTC,2026-01-24 04:26:18 UTC,research,CC-BY,https://www.inaturalist.org/observations/335794715,https://inaturalist-open-data.s3.amazonaws.com/photos/610091678/medium.jpg,,"",,3,0,false,2,"J55H+C2Q Parque Nacional Los Quetzales, San José, Santa María, Costa Rica",9.5459346474,-83.8145168871,57,,,,57,,open,false,gps,gps,Baltimore Oriole,Icterus galbula,Calandria de Baltimore,Aves,9346
336509938,dd7ae6fb-95bd-4c60-beaf-a68e8b20d609,2017/05/18 11:54 AM,2017-05-18,2017-05-18 16:54:00 UTC,America/Winnipeg,122831,chartuso,Christian Artuso,2026-01-28 21:48:25 UTC,2026-01-29 23:34:18 UTC,research,,https://www.inaturalist.org/observations/336509938,https://static.inaturalist.org/photos/611518740/medium.jpg,,"",,2,0,false,,ċankaġa otinta / ataagewininiing,50.345142352,-101.3904210972,999,,,,999,,open,false,,,Baltimore Oriole,Icterus galbula,Calandria de Baltimore,Aves,9346
336651799,bedbe461-4ba6-4227-b58d-ff0b16702aac,2025/05/17 1:56 PM,2025-05-17,2025-05-17 17:56:00 UTC,America/Nipigon,9607080,leanorth,Lea M,2026-01-30 04:04:05 UTC,2026-02-02 00:55:55 UTC,research,CC-BY-NC,https://www.inaturalist.org/observations/336651799,https://inaturalist-open-data.s3.amazonaws.com/photos/611815483/medium.jpg,,"",,2,0,false,,"Kawartha Lakes, ON, Canada",44.4540786905,-78.8186091709,2,,,,2,,open,false,,,Baltimore Oriole,Icterus galbula,Calandria de Baltimore,Aves,9346
336994579,43512bd1-cdd9-45da-95f7-faf1b239a5e1,2026/02/01 10:40 AM,2026-02-01,2026-02-01 18:40:00 UTC,Pacific Time (US & Canada),2444377,paprikabrown,Margaret Brown,2026-02-01 20:00:53 UTC,2026-02-02 05:59:28 UTC,research,,https://www.inaturalist.org/observations/336994579,https://static.inaturalist.org/photos/612510050/medium.jpg,,"",,2,0,false,,"La Mesa, CA, USA",32.7872869858,-116.985032532,15,,,,15,,open,false,,,Baltimore Oriole,Icterus galbula,Calandria de Baltimore,Aves,9346
337026618,f2f5ca1f-8691-4cd4-94a6-ef38ae767ddc,2026/02/01 5:20 PM,2026-02-01,2026-02-01 22:20:00 UTC,Eastern Time (US & Canada),1163555,j_albright,,2026-02-02 00:26:34 UTC,2026-03-02 18:43:20 UTC,research,,https://www.inaturalist.org/observations/337026618,https://static.inaturalist.org/photos/612574818/medium.jpg,,"",,2,0,false,,"Indian Head-Lehigh, Tallahassee, FL 32301, USA",30.4312290729,-84.2615427536,1,,,,1,,open,false,,,Baltimore Oriole,Icterus galbula,Calandria de Baltimore,Aves,9346
337124465,edf08d39-a2db-4adb-bf5c-45d1462ac2e9,2026-02-01 11:17:45,2026-02-01,2026-02-01 16:17:45 UTC,America/Cancun,6218512,natalia977,natalia nuñez ruiz,2026-02-02 20:12:12 UTC,2026-02-02 20:18:36 UTC,research,,https://www.inaturalist.org/observations/337124465,https://static.inaturalist.org/photos/612778155/medium.jpg,,"",,1,0,false,2,"77376 San Martiniano, Q.R., México",20.8290140992,-87.2818976641,71,,,,71,,open,false,gps,gps,Calandria de Baltimore,Icterus galbula,Calandria de Baltimore,Aves,9346
337353660,f4b17b08-fd28-4b74-bd0f-90de9d92aa91,2026-02-04 09:36:00-05:00,2026-02-04,2026-02-04 14:36:00 UTC,Eastern Time (US & Canada),1163555,j_albright,,2026-02-04 19:45:56 UTC,2026-02-21 03:35:02 UTC,research,,https://www.inaturalist.org/observations/337353660,https://static.inaturalist.org/photos/613244570/medium.jpg,,"","",1,0,false,3,"Circle Dr, Tallahassee, FL, US",30.4312380985,-84.261522607,5,,,,5,,open,false,,,Baltimore Oriole,Icterus galbula,Calandria de Baltimore,Aves,9346
338447873,817fc002-dc26-40da-a54f-a352f1f9f2b8,2026/01/19 4:19 pm,2026-01-19,2026-01-19 22:19:00 UTC,Central Time (US & Canada),8566290,nateburrds,Nathan Burrell,2026-02-13 16:13:27 UTC,2026-02-13 20:10:36 UTC,research,CC-BY-NC,https://www.inaturalist.org/observations/338447873,https://inaturalist-open-data.s3.amazonaws.com/photos/615151755/medium.jpg,,"",,1,0,false,,"Baldwin County, AL, USA",30.4936137652,-87.7768552836,7813,,,,7813,,open,false,,,Baltimore Oriole,Icterus galbula,Calandria de Baltimore,Aves,9346
339206676,ecb089c6-d289-4421-9a96-b1127955a257,2026/02/18 10:47 AM,2026-02-18,2026-02-18 18:47:00 UTC,Pacific Time (US & Canada),302176,sandiegonudi,Tory Bush,2026-02-18 20:39:34 UTC,2026-02-19 05:15:21 UTC,research,,https://www.inaturalist.org/observations/339206676,https://static.inaturalist.org/photos/617006252/medium.jpg,,"","",2,0,false,,"La Mesa, CA, USA",32.787739949,-116.9853064152,15,,,,15,,open,false,,,Baltimore Oriole,Icterus galbula,Calandria de Baltimore,Aves,9346
340519530,d3e821b1-bcb4-49cd-ab74-e1dbe1d66ab4,2026/02/27 12:47 PM,2026-02-27,2026-02-27 17:47:00 UTC,Eastern Time (US & Canada),508803,dpdawes,Doug D.,2026-02-28 00:43:24 UTC,2026-02-28 15:59:38 UTC,needs_id,CC-BY-NC,https://www.inaturalist.org/observations/340519530,https://inaturalist-open-data.s3.amazonaws.com/photos/619689618/medium.jpg,,"",Blue ribbon nest.,0,0,false,,"Cleveland Lakefront Nature Preserve, 8701 Lakeshore Blvd, Cleveland, OH 44108, USA",41.5404061,-81.6278953,190,,,,190,,open,false,,,Baltimore Oriole,Icterus galbula,Calandria de Baltimore,Aves,9346
341048888,634fa338-2b2e-4dd4-89db-5b983340ddec,2025-04-26 04:43:28,2025-04-26,2025-04-26 08:43:28 UTC,Eastern Time (US & Canada),8308795,spatzicus,Spatzicus 3,2026-03-03 04:16:14 UTC,2026-03-03 04:26:17 UTC,research,,https://www.inaturalist.org/observations/341048888,https://static.inaturalist.org/photos/620767636/medium.jpg,,"",,2,0,false,2,"Lynn Township, PA, USA",40.6769387198,-75.8366908506,802,,,,802,,open,false,gps,gps,Baltimore Oriole,Icterus galbula,Calandria de Baltimore,Aves,9346
341072007,8ff5602c-2754-4d9a-ad10-15a8a2172237,2026/03/02 4:24 PM,2026-03-02,2026-03-03 00:24:00 UTC,Pacific Time (US & Canada),9836153,cade_,,2026-03-03 09:41:50 UTC,2026-03-04 04:28:23 UTC,research,CC-BY-NC,https://www.inaturalist.org/observations/341072007,https://inaturalist-open-data.s3.amazonaws.com/photos/620815667/medium.jpg,,"",so upset about this. i gave up looking for him and was just pointing and shooting at whatever birds I saw. I barely spared him a second glanced cus i thought he was a house finch :( I will try again ,1,0,false,,"La Mesa, CA, USA",32.78737,-116.98477,,,,,,,open,false,,,Baltimore Oriole,Icterus galbula,Calandria de Baltimore,Aves,9346
